created_at,pm25_ugm3,pm10_ugm3,co_ugm3,no2_ugm3,o3_ugm3,any_zscore_anomaly,zscore_anomaly_count,iforest_anomaly,iforest_score,anomaly_evidence
2026-08-30 13:49:00+00:00,11.31,14.87,2682.45,0.42,20.61,False,0,False,0.1420502909307279,None
2026-08-30 13:50:00+00:00,16.18,21.71,2673.63,0.0,73.92,False,0,False,0.15058288264413594,None
2026-08-30 13:51:00+00:00,15.33,17.59,2818.74,0.0,21.04,False,0,False,0.2523605887676151,None
2026-08-30 13:52:00+00:00,13.2,9.97,2548.78,0.43,21.05,False,0,False,0.13485660949313483,None
2026-08-30 13:53:00+00:00,16.7,17.53,2537.62,0.0,80.64,False,0,False,0.1333554724860334,None
2026-08-30 13:54:00+00:00,13.81,18.7,2898.32,0.0,19.87,False,0,False,0.17837744729315952,None
2026-08-30 13:55:00+00:00,18.81,23.18,2836.53,0.26,85.93,False,0,False,0.073663538137973,None
2026-08-30 13:56:00+00:00,17.89,23.0,2593.85,0.0,86.97,False,0,False,0.061771305189499026,None
2026-08-30 13:57:00+00:00,11.93,10.17,2476.19,0.13,20.4,False,0,False,0.18210471595224603,None
2026-08-30 13:58:00+00:00,13.16,13.91,2619.71,0.0,20.72,False,0,False,0.229306916215833,None
2026-08-30 13:59:00+00:00,17.01,27.96,2440.41,0.0,86.91,False,0,False,0.04941191791557298,None
2026-08-30 14:00:00+00:00,13.12,17.95,2725.39,0.0,19.96,False,0,False,0.19421037111780548,None
2026-08-30 14:01:00+00:00,14.95,20.08,2414.95,0.0,85.91,False,0,False,0.10909794802043993,None
2026-08-30 14:02:00+00:00,16.57,14.29,2683.37,0.0,57.01,False,0,False,0.18546681183881925,None
2026-08-30 14:03:00+00:00,19.32,21.28,2835.91,0.0,56.92,False,0,False,0.1789261270068429,None
2026-08-30 14:04:00+00:00,10.5,16.52,2584.74,0.0,19.83,False,0,False,0.2463404847928497,None
2026-08-30 14:05:00+00:00,17.63,19.08,2676.09,0.0,85.33,False,0,False,0.12499218794326283,None
2026-08-30 14:06:00+00:00,17.64,21.66,2719.76,0.0,20.64,False,0,False,0.2262414615579607,None
2026-08-30 14:07:00+00:00,15.73,14.24,2582.03,0.0,20.59,False,0,False,0.16452729187228898,None
2026-08-30 14:08:00+00:00,11.35,14.75,2916.99,0.0,20.7,False,0,False,0.25072820320375105,None
2026-08-30 14:09:00+00:00,19.15,23.76,2693.71,0.0,20.63,False,0,False,0.22078942851357997,None
2026-08-30 14:10:00+00:00,11.88,11.97,2847.13,0.0,83.9,False,0,False,0.11696860273818599,None
2026-08-30 14:11:00+00:00,15.3,20.95,2733.59,0.0,62.22,False,0,False,0.15607532835364246,None
2026-08-30 14:12:00+00:00,16.35,18.66,2691.14,0.0,65.9,False,0,False,0.1370085014375646,None
2026-08-30 14:13:00+00:00,12.33,11.1,2774.36,0.01,20.11,False,0,False,0.22844384236124488,None
2026-08-30 14:14:00+00:00,12.96,13.69,2750.34,0.0,21.05,False,0,False,0.24968586483179023,None
2026-08-30 14:15:00+00:00,11.14,19.1,2562.0,0.0,72.26,False,0,False,0.14181138213739852,None
2026-08-30 14:16:00+00:00,12.67,15.5,2692.78,0.92,20.61,False,0,False,0.17144886450435265,None
2026-08-30 14:17:00+00:00,16.01,21.59,2485.77,0.0,59.39,False,0,False,0.12705725280694413,None
2026-08-30 14:18:00+00:00,15.38,20.16,2672.83,0.0,20.43,False,0,False,0.2671342801168877,None
2026-08-30 14:19:00+00:00,16.13,19.59,2638.43,0.0,20.87,False,0,False,0.2556373601198357,None
2026-08-30 14:20:00+00:00,12.9,14.05,2614.02,0.61,73.66,False,0,False,0.11068054716078957,None
2026-08-30 14:21:00+00:00,15.36,14.88,2660.49,0.0,66.74,False,0,False,0.15061984210828766,None
2026-08-30 14:22:00+00:00,8.82,14.15,2665.64,0.0,73.48,False,0,False,0.1346204743363858,None
2026-08-30 14:23:00+00:00,18.68,18.88,2578.62,0.35,21.08,False,0,False,0.20304593416714817,None
2026-08-30 14:24:00+00:00,14.86,13.4,2741.37,0.0,73.91,False,0,False,0.1339933431959146,None
2026-08-30 14:25:00+00:00,16.93,19.55,2711.59,0.85,19.98,False,0,False,0.1726026708390423,None
2026-08-30 14:26:00+00:00,15.43,16.66,2467.91,0.0,73.0,False,0,False,0.14922500516844167,None
2026-08-30 14:27:00+00:00,14.86,11.69,2613.75,0.0,20.78,False,0,False,0.17963003477498524,None
2026-08-30 14:28:00+00:00,17.22,20.76,2516.04,0.0,21.05,False,0,False,0.1891102287396424,None
2026-08-30 14:29:00+00:00,15.24,18.55,2966.75,0.0,19.71,False,0,False,0.2547340632211901,None
2026-08-30 14:30:00+00:00,14.16,17.96,2509.41,0.0,58.46,False,0,False,0.18734372733977062,None
2026-08-30 14:31:00+00:00,14.92,20.15,2397.36,0.0,20.86,False,0,False,0.2233059657550986,None
2026-08-30 14:32:00+00:00,15.83,17.99,2562.72,0.32,76.69,False,0,False,0.1131035665521487,None
2026-08-30 14:33:00+00:00,19.83,25.19,2555.83,0.0,56.95,False,0,False,0.07851360453128631,None
2026-08-30 14:34:00+00:00,11.71,11.19,2875.34,0.0,57.31,False,0,False,0.13465823855270798,None
2026-08-30 14:35:00+00:00,17.74,20.08,2784.62,0.78,61.61,False,0,False,0.12974565117130832,None
2026-08-30 14:36:00+00:00,13.24,17.43,2801.95,0.0,20.36,False,0,False,0.24521002797517377,None
2026-08-30 14:37:00+00:00,20.84,24.37,2864.93,0.0,61.09,False,0,False,0.14803028487109066,None
2026-08-30 14:38:00+00:00,17.15,17.67,2766.41,0.0,20.04,False,0,False,0.19753951968433303,None
2026-08-30 14:39:00+00:00,14.03,10.12,2950.43,0.0,20.31,False,0,False,0.2252803295177443,None
2026-08-30 14:40:00+00:00,16.78,18.08,2496.18,0.0,21.05,False,0,False,0.2438572920551138,None
2026-08-30 14:41:00+00:00,17.28,16.49,2483.4,0.0,65.77,False,0,False,0.1296226169103698,None
2026-08-30 14:42:00+00:00,15.98,22.21,2786.56,0.47,20.13,False,0,False,0.17004846820485187,None
2026-08-30 14:43:00+00:00,15.36,16.86,2660.32,0.51,58.86,False,0,False,0.1414662609946976,None
2026-08-30 14:44:00+00:00,16.3,16.0,2818.05,0.0,79.65,False,0,False,0.1563359252845824,None
2026-08-30 14:45:00+00:00,18.31,19.43,2867.67,0.0,62.92,False,0,False,0.10046569112046733,None
2026-08-30 14:46:00+00:00,13.41,16.28,2649.19,0.45,65.67,False,0,False,0.13779620581659868,None
2026-08-30 14:47:00+00:00,17.6,19.55,3004.02,0.0,21.01,False,0,False,0.22402641164455306,None
2026-08-30 14:48:00+00:00,13.14,12.51,2753.45,0.0,80.82,False,0,False,0.13505717215395918,None
2026-08-30 14:49:00+00:00,16.51,21.92,2712.87,0.0,20.2,False,0,False,0.24832752527849566,None
2026-08-30 14:50:00+00:00,16.58,16.74,2809.67,0.0,56.3,False,0,False,0.1816329606640133,None
2026-08-30 14:51:00+00:00,15.39,16.08,2590.17,0.31,20.47,False,0,False,0.2094070621159249,None
2026-08-30 14:52:00+00:00,12.58,13.73,2646.51,0.0,70.18,False,0,False,0.15245092573662533,None
2026-08-30 14:53:00+00:00,16.57,20.75,2638.78,0.0,62.58,False,0,False,0.12124363844463582,None
2026-08-30 14:54:00+00:00,14.1,12.95,2866.51,0.0,77.16,False,0,False,0.12360680935405144,None
2026-08-30 14:55:00+00:00,15.1,20.4,2558.27,0.95,20.33,True,1,False,0.17459507394913276,Z-Score
2026-08-30 14:56:00+00:00,17.05,18.37,2600.08,0.66,72.01,False,0,False,0.11208883161205552,None
2026-08-30 14:57:00+00:00,17.2,17.74,2621.74,0.0,78.86,False,0,False,0.14450623841785226,None
2026-08-30 14:58:00+00:00,10.6,16.22,2749.36,0.0,66.72,False,0,False,0.17146773551076183,None
2026-08-30 14:59:00+00:00,17.54,22.86,2919.8,0.0,20.78,False,0,False,0.22538686421501275,None
2026-08-30 15:00:00+00:00,12.42,14.89,2510.25,0.0,73.4,False,0,False,0.1406012882825992,None
2026-08-30 15:01:00+00:00,11.97,9.33,2457.1,0.0,19.82,False,0,False,0.17145785467739516,None
2026-08-30 15:02:00+00:00,15.34,25.47,2729.86,0.0,52.68,False,0,False,0.13428377502921818,None
2026-08-30 15:03:00+00:00,15.23,19.19,2742.52,0.0,20.06,False,0,False,0.25725103208905303,None
2026-08-30 15:04:00+00:00,13.32,14.58,2489.52,0.0,56.7,False,0,False,0.1839683764655859,None
2026-08-30 15:05:00+00:00,18.28,20.37,2523.43,0.0,54.34,False,0,False,0.16758018511791833,None
2026-08-30 15:06:00+00:00,16.94,17.59,2914.57,1.42,65.14,True,1,False,0.04736260799053693,Z-Score
2026-08-30 15:07:00+00:00,14.97,13.85,2663.97,0.0,20.83,False,0,False,0.24552383862875338,None
2026-08-30 15:08:00+00:00,14.88,18.03,2631.8,0.0,20.59,False,0,False,0.23967038421836395,None
2026-08-30 15:09:00+00:00,19.32,23.53,2637.18,0.0,68.93,False,0,False,0.09710025561759283,None
2026-08-30 15:10:00+00:00,16.43,23.36,2855.16,0.0,56.61,False,0,False,0.11836575841873798,None
2026-08-30 15:11:00+00:00,22.68,23.46,2216.81,0.0,20.7,True,2,False,0.17241318451403298,Z-Score
2026-08-30 15:12:00+00:00,13.92,21.96,2547.89,0.0,20.25,False,0,False,0.1932200380258332,None
2026-08-30 15:13:00+00:00,11.42,14.68,2659.19,0.0,19.87,False,0,False,0.2445084812204445,None
2026-08-30 15:14:00+00:00,12.2,12.43,2649.63,0.0,69.06,False,0,False,0.16278380874808468,None
2026-08-30 15:15:00+00:00,11.55,14.17,2543.74,0.0,19.74,False,0,False,0.24070714134692167,None
2026-08-30 15:16:00+00:00,13.72,17.03,2755.0,0.28,19.84,False,0,False,0.16060877655969785,None
2026-08-30 15:17:00+00:00,15.13,14.91,2846.41,0.0,20.51,False,0,False,0.2419706106355186,None
2026-08-30 15:18:00+00:00,12.73,11.9,2709.28,0.0,20.78,False,0,False,0.24662514475511427,None
2026-08-30 15:19:00+00:00,17.98,18.64,2810.72,0.0,19.86,False,0,False,0.23550965496669524,None
2026-08-30 15:20:00+00:00,14.38,17.23,2485.17,0.0,74.37,False,0,False,0.11298965198860456,None
2026-08-30 15:21:00+00:00,14.4,15.6,2625.75,0.25,19.66,False,0,False,0.21878824727653207,None
2026-08-30 15:22:00+00:00,15.81,20.37,2766.21,0.23,20.16,False,0,False,0.19936176256025373,None
2026-08-30 15:23:00+00:00,11.17,8.96,2734.23,0.0,72.55,False,0,False,0.12070090266094269,None
2026-08-30 15:24:00+00:00,15.91,20.12,2595.96,0.0,20.56,False,0,False,0.2545235398883453,None
2026-08-30 15:25:00+00:00,15.31,16.04,2880.76,0.0,21.08,False,0,False,0.2706900303911226,None
2026-08-30 15:26:00+00:00,10.89,7.5,3115.45,0.0,71.65,False,0,False,0.08741538416870509,None
2026-08-30 15:27:00+00:00,15.54,18.67,2617.07,0.62,68.12,False,0,False,0.08496099551458292,None
2026-08-30 15:28:00+00:00,15.48,17.3,2615.05,0.43,62.85,False,0,False,0.14379534733479982,None
2026-08-30 15:29:00+00:00,11.25,13.84,2735.98,0.85,59.58,False,0,False,0.09596654003028227,None
2026-08-30 15:30:00+00:00,14.9,17.62,2858.51,0.0,20.12,False,0,False,0.24357547649531558,None
2026-08-30 15:31:00+00:00,12.14,11.27,2694.65,0.4,19.74,False,0,False,0.21948416210181038,None
2026-08-30 15:32:00+00:00,8.56,11.5,2661.4,0.0,21.08,False,0,False,0.1953567988601747,None
2026-08-30 15:33:00+00:00,15.51,14.43,2814.96,0.0,20.05,False,0,False,0.20384825528292272,None
2026-08-30 15:34:00+00:00,10.55,12.65,2573.15,0.0,65.71,False,0,False,0.11578671648069816,None
2026-08-30 15:35:00+00:00,14.92,17.99,2884.54,0.0,20.65,False,0,False,0.264436443589845,None
2026-08-30 15:36:00+00:00,17.06,21.91,2716.01,0.0,20.01,False,0,False,0.23181797784735697,None
2026-08-30 15:37:00+00:00,19.42,22.48,2752.03,0.0,21.0,False,0,False,0.23468463960510993,None
2026-08-30 15:38:00+00:00,15.99,17.72,2509.69,0.0,65.94,False,0,False,0.16200030905159996,None
2026-08-30 15:39:00+00:00,13.84,16.69,2877.14,0.0,20.61,False,0,False,0.25695673593533264,None
2026-08-30 15:40:00+00:00,14.23,18.23,2528.12,0.0,62.4,False,0,False,0.1666654255286515,None
2026-08-30 15:41:00+00:00,13.2,15.59,2598.44,0.0,20.85,False,0,False,0.2372472974865777,None
2026-08-30 15:42:00+00:00,15.49,17.72,2487.79,0.0,53.62,False,0,False,0.1768033685845662,None
2026-08-30 15:43:00+00:00,12.43,17.97,2920.62,0.0,19.95,False,0,False,0.18318263546971647,None
2026-08-30 15:44:00+00:00,14.22,14.64,2818.29,0.0,19.88,False,0,False,0.25756224368541597,None
2026-08-30 15:45:00+00:00,16.17,19.88,2688.45,0.0,59.69,False,0,False,0.18962984836047803,None
2026-08-30 15:46:00+00:00,17.05,18.78,2890.75,0.13,19.79,False,0,False,0.2578400776181278,None
2026-08-30 15:47:00+00:00,17.6,19.24,2723.6,0.0,19.76,False,0,False,0.26278220920896955,None
2026-08-30 15:48:00+00:00,17.76,19.71,2545.83,0.32,51.39,False,0,False,0.157565072536393,None
2026-08-30 15:49:00+00:00,19.32,21.79,2589.63,0.62,52.69,False,0,False,0.12174207497103662,None
2026-08-30 15:50:00+00:00,17.97,23.96,2712.38,0.0,20.83,False,0,False,0.24141853146885184,None
2026-08-30 15:51:00+00:00,11.87,19.1,2677.5,0.0,21.08,False,0,False,0.25042680358782016,None
2026-08-30 15:52:00+00:00,12.9,13.73,2484.97,1.08,20.75,True,1,False,0.1696288210689389,Z-Score
2026-08-30 15:53:00+00:00,15.39,16.45,2790.46,0.0,20.31,False,0,False,0.25980729402207847,None
2026-08-30 15:54:00+00:00,16.24,21.93,2681.73,0.0,20.27,False,0,False,0.27142089253600293,None
2026-08-30 15:55:00+00:00,15.25,18.81,2827.37,0.0,20.18,False,0,False,0.2628041834056357,None
2026-08-30 15:56:00+00:00,11.99,15.08,2551.75,0.47,20.67,False,0,False,0.17886001972944865,None
2026-08-30 15:57:00+00:00,15.93,18.73,2735.51,0.0,62.73,False,0,False,0.14288102796516178,None
2026-08-30 15:58:00+00:00,15.77,17.12,2744.5,0.0,20.75,False,0,False,0.2502519848426408,None
2026-08-30 15:59:00+00:00,14.57,17.38,2549.32,0.0,50.52,False,0,False,0.16797470158773176,None
2026-08-30 16:00:00+00:00,14.15,12.94,2784.59,0.63,20.44,False,0,False,0.22419163835465383,None
2026-08-30 16:01:00+00:00,15.96,17.45,2842.87,0.13,19.85,False,0,False,0.21353554512049333,None
2026-08-30 16:02:00+00:00,17.4,16.55,2592.53,0.0,53.22,False,0,False,0.20660697055157723,None
2026-08-30 16:03:00+00:00,18.67,26.42,2783.82,0.0,56.39,False,0,False,0.0946161633547552,None
2026-08-30 16:04:00+00:00,20.28,21.03,2924.93,0.0,20.23,False,0,False,0.25398799356295915,None
2026-08-30 16:05:00+00:00,15.31,21.88,2729.94,0.0,19.77,False,0,False,0.24277327598799248,None
2026-08-30 16:06:00+00:00,14.21,19.35,2685.06,0.0,19.96,False,0,False,0.24827047253708828,None
2026-08-30 16:07:00+00:00,14.04,19.1,2557.92,0.0,20.41,False,0,False,0.2732923638554566,None
2026-08-30 16:08:00+00:00,14.13,21.81,3159.83,0.0,50.17,True,1,False,0.14622084789804773,Z-Score
2026-08-30 16:09:00+00:00,15.05,14.61,2564.47,0.0,20.4,False,0,False,0.2628144433647572,None
2026-08-30 16:10:00+00:00,9.25,10.46,2991.59,1.44,20.63,True,1,False,0.11269078486240425,Z-Score
2026-08-30 16:11:00+00:00,16.37,22.69,2799.07,0.0,43.16,False,0,False,0.2154605418422782,None
2026-08-30 16:12:00+00:00,16.41,18.45,2751.02,0.0,43.28,False,0,False,0.22518802773405439,None
2026-08-30 16:13:00+00:00,20.98,25.54,2753.44,0.22,19.7,False,0,False,0.16985656600694132,None
2026-08-30 16:14:00+00:00,15.07,23.54,2937.33,0.0,20.83,False,0,False,0.25983544008161413,None
2026-08-30 16:15:00+00:00,12.42,12.12,3009.25,0.67,21.13,False,0,False,0.196228712867897,None
2026-08-30 16:16:00+00:00,14.27,12.55,2775.17,0.27,56.67,False,0,False,0.15276076538257283,None
2026-08-30 16:17:00+00:00,12.6,14.76,2632.34,0.22,19.87,False,0,False,0.2137365313353528,None
2026-08-30 16:18:00+00:00,13.39,16.57,2720.25,0.0,20.32,False,0,False,0.2549984565999185,None
2026-08-30 16:19:00+00:00,14.2,15.46,2680.6,0.0,20.99,False,0,False,0.24063467662048682,None
2026-08-30 16:20:00+00:00,16.28,20.01,2649.93,0.0,20.96,False,0,False,0.26729775423282126,None
2026-08-30 16:21:00+00:00,17.38,14.68,2792.31,0.0,20.21,False,0,False,0.24740143311522683,None
2026-08-30 16:22:00+00:00,18.27,22.3,2903.87,0.0,20.9,False,0,False,0.23760557161149326,None
2026-08-30 16:23:00+00:00,9.19,8.2,2655.13,0.0,20.1,False,0,False,0.1944649509670579,None
2026-08-30 16:24:00+00:00,16.57,18.48,2743.53,0.22,20.18,False,0,False,0.2458668848204249,None
2026-08-30 16:25:00+00:00,13.27,11.94,2874.59,0.0,20.63,False,0,False,0.27002566755010565,None
2026-08-30 16:26:00+00:00,10.51,8.65,2638.69,0.0,42.76,False,0,False,0.14887234106478536,None
2026-08-30 16:27:00+00:00,15.3,15.9,3171.69,0.0,20.45,True,1,False,0.28159357784028965,Z-Score
2026-08-30 16:28:00+00:00,17.08,19.74,2872.15,0.0,21.11,False,0,False,0.26588440383848483,None
2026-08-30 16:29:00+00:00,9.61,8.9,2649.08,0.0,20.37,False,0,False,0.2005369468687147,None
2026-08-30 16:30:00+00:00,15.41,12.88,2742.53,0.0,19.91,False,0,False,0.26568859247776916,None
2026-08-30 16:31:00+00:00,16.16,14.89,2841.75,0.0,48.26,False,0,False,0.21005151093540647,None
2026-08-30 16:32:00+00:00,11.83,16.31,2494.77,0.0,19.95,False,0,False,0.19916357784528083,None
2026-08-30 16:33:00+00:00,13.2,14.47,2816.61,0.0,52.14,False,0,False,0.18117452956317165,None
2026-08-30 16:34:00+00:00,16.04,17.81,2760.85,0.0,49.75,False,0,False,0.22336390984466847,None
2026-08-30 16:35:00+00:00,19.49,21.5,2811.67,0.0,20.37,False,0,False,0.24999514198090056,None
2026-08-30 16:36:00+00:00,19.9,27.08,2851.73,0.0,20.1,False,0,False,0.2215523482349922,None
2026-08-30 16:37:00+00:00,15.97,16.25,2909.52,0.0,53.31,False,0,False,0.21849508045983984,None
2026-08-30 16:38:00+00:00,13.23,17.45,2776.57,0.0,52.0,False,0,False,0.2128264174936494,None
2026-08-30 16:39:00+00:00,19.9,23.38,2782.59,0.0,20.01,False,0,False,0.2628900227796018,None
2026-08-30 16:40:00+00:00,12.35,12.93,2690.75,0.0,48.13,False,0,False,0.1923080350864813,None
2026-08-30 16:41:00+00:00,11.88,16.55,2706.65,0.0,38.6,False,0,False,0.21218725665430826,None
2026-08-30 16:42:00+00:00,14.4,17.45,2779.93,0.0,52.33,False,0,False,0.21545204385251016,None
2026-08-30 16:43:00+00:00,17.5,22.3,2735.65,0.0,20.08,False,0,False,0.2443322838140508,None
2026-08-30 16:44:00+00:00,15.65,18.58,2931.54,0.26,20.79,False,0,False,0.252429921002005,None
2026-08-30 16:45:00+00:00,14.31,20.75,2576.21,0.0,20.73,False,0,False,0.25559830272887757,None
2026-08-30 16:46:00+00:00,19.26,22.89,2758.09,0.0,42.35,False,0,False,0.213138130390696,None
2026-08-30 16:47:00+00:00,10.73,11.86,2748.23,0.0,19.79,False,0,False,0.23942973102396015,None
2026-08-30 16:48:00+00:00,13.59,14.83,2760.46,0.0,38.99,False,0,False,0.21825200804282402,None
2026-08-30 16:49:00+00:00,19.07,21.91,2899.78,0.71,36.89,False,0,False,0.1719774971373223,None
2026-08-30 16:50:00+00:00,17.37,18.76,2673.87,0.48,40.84,False,0,False,0.1858747524262198,None
2026-08-30 16:51:00+00:00,19.4,20.02,2837.7,0.0,42.99,False,0,False,0.21094413143255097,None
2026-08-30 16:52:00+00:00,15.57,16.06,2683.57,0.0,48.46,False,0,False,0.19162346538792935,None
2026-08-30 16:53:00+00:00,11.21,9.09,2750.32,0.0,20.68,False,0,False,0.21170298693640283,None
2026-08-30 16:54:00+00:00,14.01,21.7,2768.69,0.0,19.97,False,0,False,0.2566664470511529,None
2026-08-30 16:55:00+00:00,11.42,13.71,2713.99,0.63,37.2,False,0,False,0.1661113121174574,None
2026-08-30 16:56:00+00:00,13.87,15.82,2667.0,0.32,40.41,False,0,False,0.19873056471919365,None
2026-08-30 16:57:00+00:00,15.15,16.87,2821.94,0.0,20.77,False,0,False,0.27735379518619213,None
2026-08-30 16:58:00+00:00,14.91,17.99,2882.35,0.0,47.56,False,0,False,0.2112720558901266,None
2026-08-30 16:59:00+00:00,15.36,17.84,3112.72,0.2,40.78,False,0,False,0.20388009083560338,None
2026-08-30 17:00:00+00:00,18.23,23.97,3035.91,0.0,44.44,False,0,False,0.20871414532061605,None
2026-08-30 17:01:00+00:00,19.32,20.58,2946.84,0.0,20.76,False,0,False,0.22972315774742663,None
2026-08-30 17:02:00+00:00,18.94,21.26,2837.31,0.0,38.91,False,0,False,0.2148203600136025,None
2026-08-30 17:03:00+00:00,16.76,19.37,2875.61,0.0,20.47,False,0,False,0.2641525881976386,None
2026-08-30 17:04:00+00:00,11.65,15.24,2699.87,0.14,20.81,False,0,False,0.24761646138553023,None
2026-08-30 17:05:00+00:00,13.03,11.36,3052.39,0.0,20.6,False,0,False,0.23839775821172055,None
2026-08-30 17:06:00+00:00,12.1,10.28,2899.98,0.0,19.78,False,0,False,0.2083800012643413,None
2026-08-30 17:07:00+00:00,19.9,24.25,2975.59,0.0,35.06,False,0,False,0.181516155113371,None
2026-08-30 17:08:00+00:00,17.77,18.07,2856.19,0.0,40.47,False,0,False,0.22817741211568204,None
2026-08-30 17:09:00+00:00,12.42,13.58,2870.71,0.0,20.83,False,0,False,0.27635672714606674,None
2026-08-30 17:10:00+00:00,17.22,21.95,2754.84,0.0,36.25,False,0,False,0.22143066507988313,None
2026-08-30 17:11:00+00:00,8.0,7.77,2861.7,0.0,20.5,False,0,False,0.1735031892343722,None
2026-08-30 17:12:00+00:00,18.44,19.58,2838.94,0.0,19.96,False,0,False,0.25768093292240574,None
2026-08-30 17:13:00+00:00,14.35,21.31,2832.54,0.23,41.62,False,0,False,0.19473995354747164,None
2026-08-30 17:14:00+00:00,10.78,11.57,2776.7,0.0,20.4,False,0,False,0.21090998764251684,None
2026-08-30 17:15:00+00:00,19.36,20.23,3014.55,0.0,19.7,False,0,False,0.2581175671652661,None
2026-08-30 17:16:00+00:00,13.81,16.26,3235.83,0.0,37.07,True,1,False,0.2349625140194539,Z-Score
2026-08-30 17:17:00+00:00,12.77,11.02,2873.39,0.0,20.18,False,0,False,0.24706998422794463,None
2026-08-30 17:18:00+00:00,13.55,14.79,2854.1,0.0,19.88,False,0,False,0.2742064536756154,None
2026-08-30 17:19:00+00:00,12.27,13.28,2843.69,0.0,40.67,False,0,False,0.21681666916432246,None
2026-08-30 17:20:00+00:00,17.16,16.0,2887.63,0.0,20.81,False,0,False,0.2652391367324568,None
2026-08-30 17:21:00+00:00,14.67,15.7,2920.54,0.0,36.17,False,0,False,0.21511737060366348,None
2026-08-30 17:22:00+00:00,17.11,16.38,2668.74,0.0,20.61,False,0,False,0.2807793129457901,None
2026-08-30 17:23:00+00:00,9.05,7.5,2818.79,0.0,33.73,False,0,False,0.09916340723116213,None
2026-08-30 17:24:00+00:00,17.7,21.17,3009.48,0.0,20.59,False,0,False,0.2817413884459133,None
2026-08-30 17:25:00+00:00,17.59,18.94,2705.69,1.55,20.37,True,1,False,0.12700421828968989,Z-Score
2026-08-30 17:26:00+00:00,18.13,22.01,2820.26,0.0,19.93,False,0,False,0.2435372291761047,None
2026-08-30 17:27:00+00:00,20.83,24.32,3057.75,0.67,40.59,False,0,False,0.13668786264339972,None
2026-08-30 17:28:00+00:00,12.89,11.62,2888.66,0.0,20.68,False,0,False,0.2607383900240446,None
2026-08-30 17:29:00+00:00,20.54,26.81,2835.62,1.14,40.1,True,1,False,0.07401728493458826,Z-Score
2026-08-30 17:30:00+00:00,13.91,16.13,2947.55,1.08,20.11,True,1,False,0.19468421069618785,Z-Score
2026-08-30 17:31:00+00:00,16.1,16.99,2737.96,0.0,32.42,False,0,False,0.24708087846165772,None
2026-08-30 17:32:00+00:00,15.03,18.44,2778.02,0.0,34.51,False,0,False,0.23495035864160557,None
2026-08-30 17:33:00+00:00,10.38,9.63,3091.16,0.0,19.83,False,0,False,0.23284357791150995,None
2026-08-30 17:34:00+00:00,19.63,23.44,2855.02,0.0,33.62,False,0,False,0.21249613922243876,None
2026-08-30 17:35:00+00:00,19.23,21.1,3088.54,0.0,20.06,False,0,False,0.26310974596276104,None
2026-08-30 17:36:00+00:00,18.69,19.65,2872.45,0.0,36.94,False,0,False,0.22185198428269215,None
2026-08-30 17:37:00+00:00,13.41,20.83,2992.79,0.0,30.45,False,0,False,0.2249564255448852,None
2026-08-30 17:38:00+00:00,18.77,18.93,2906.42,0.0,20.35,False,0,False,0.25636977498766395,None
2026-08-30 17:39:00+00:00,13.96,15.9,2832.35,0.0,20.18,False,0,False,0.2781938929143091,None
2026-08-30 17:40:00+00:00,15.25,16.72,3004.49,0.0,19.88,False,0,False,0.2724301171713612,None
2026-08-30 17:41:00+00:00,14.49,15.43,2854.94,0.22,19.8,False,0,False,0.26129510073129597,None
2026-08-30 17:42:00+00:00,16.52,17.32,3018.59,0.41,20.19,False,0,False,0.2380267047009712,None
2026-08-30 17:43:00+00:00,17.2,13.25,2989.87,0.0,32.72,False,0,False,0.22457940788370545,None
2026-08-30 17:44:00+00:00,21.11,22.88,3037.76,1.01,36.03,False,0,False,0.13138040930745476,None
2026-08-30 17:45:00+00:00,13.26,19.5,2856.52,0.0,31.55,False,0,False,0.24704685606904836,None
2026-08-30 17:46:00+00:00,12.05,18.39,2964.4,0.0,20.69,False,0,False,0.25692788352678303,None
2026-08-30 17:47:00+00:00,18.04,17.27,2973.19,0.65,20.59,False,0,False,0.2381028449871228,None
2026-08-30 17:48:00+00:00,18.86,22.66,3117.24,0.0,20.62,False,0,False,0.22813956651447298,None
2026-08-30 17:49:00+00:00,15.43,17.51,2800.82,0.0,28.51,False,0,False,0.24952965052280596,None
2026-08-30 17:50:00+00:00,16.49,21.84,3224.46,0.43,20.21,False,0,False,0.2202061877888674,None
2026-08-30 17:51:00+00:00,14.39,12.46,3225.66,0.0,20.53,False,0,False,0.25730507878455405,None
2026-08-30 17:52:00+00:00,16.2,20.59,2902.44,0.0,30.81,False,0,False,0.22577858184424732,None
2026-08-30 17:53:00+00:00,19.73,23.68,3031.38,0.0,19.87,False,0,False,0.25765012646342256,None
2026-08-30 17:54:00+00:00,13.85,19.42,3269.67,0.0,28.43,False,0,False,0.2320737571245186,None
2026-08-30 17:55:00+00:00,15.75,16.95,3044.03,0.0,20.11,False,0,False,0.28029451706790126,None
2026-08-30 17:56:00+00:00,15.53,18.93,2973.93,0.0,20.28,False,0,False,0.27507608558832564,None
2026-08-30 17:57:00+00:00,15.22,19.47,2836.96,1.32,20.15,True,1,False,0.18915403559170374,Z-Score
2026-08-30 17:58:00+00:00,14.33,20.32,3121.49,0.28,20.88,False,0,False,0.2602728872281837,None
2026-08-30 17:59:00+00:00,15.21,17.44,3171.21,0.0,29.53,False,0,False,0.2542188319576691,None
2026-08-30 18:00:00+00:00,14.52,18.92,3013.06,0.0,20.2,False,0,False,0.28331628836968675,None
2026-08-30 18:01:00+00:00,17.14,18.97,3088.99,0.73,20.57,False,0,False,0.219085602876731,None
2026-08-30 18:02:00+00:00,16.66,18.14,3042.28,0.0,32.54,False,0,False,0.24755539511204022,None
2026-08-30 18:03:00+00:00,17.68,21.55,3131.17,0.0,21.13,False,0,False,0.2629513893570814,None
2026-08-30 18:04:00+00:00,15.7,21.59,3119.78,0.27,30.23,False,0,False,0.21371056008680012,None
2026-08-30 18:05:00+00:00,14.26,16.18,3101.4,0.0,20.91,False,0,False,0.2730685346204225,None
2026-08-30 18:06:00+00:00,15.71,19.38,3089.31,0.0,30.16,False,0,False,0.25465234943132736,None
2026-08-30 18:07:00+00:00,18.45,21.55,2974.4,0.58,20.23,False,0,False,0.22648423588493521,None
2026-08-30 18:08:00+00:00,16.88,15.01,2895.12,0.0,28.51,False,0,False,0.25053194549933244,None
2026-08-30 18:09:00+00:00,17.93,22.02,3146.65,0.0,19.8,False,0,False,0.277555825038509,None
2026-08-30 18:10:00+00:00,13.67,15.05,2941.48,0.0,20.78,False,0,False,0.2839349051957083,None
2026-08-30 18:11:00+00:00,11.87,16.39,3147.78,0.0,27.98,False,0,False,0.23027587482362516,None
2026-08-30 18:12:00+00:00,15.89,16.76,3217.53,0.6,27.04,False,0,False,0.21904270048511076,None
2026-08-30 18:13:00+00:00,14.49,17.08,2896.09,0.17,20.42,False,0,False,0.2696407975783273,None
2026-08-30 18:14:00+00:00,11.24,13.49,3155.97,0.0,28.39,False,0,False,0.24097361556583574,None
2026-08-30 18:15:00+00:00,14.28,27.62,2980.51,0.0,26.85,False,0,False,0.2195033633521647,None
2026-08-30 18:16:00+00:00,17.46,22.77,2974.51,0.87,19.69,False,0,False,0.21048485210527457,None
2026-08-30 18:17:00+00:00,13.76,12.76,3169.76,0.0,19.86,False,0,False,0.2747702095992893,None
2026-08-30 18:18:00+00:00,14.57,14.87,3029.83,0.6,26.94,False,0,False,0.22007978390719513,None
2026-08-30 18:19:00+00:00,20.69,19.02,3222.64,0.94,28.9,False,0,False,0.15452410175749076,None
2026-08-30 18:20:00+00:00,12.47,15.63,3327.06,0.0,27.94,False,0,False,0.24320261301498564,None
2026-08-30 18:21:00+00:00,14.34,11.98,3232.19,1.15,20.1,False,0,False,0.19544878308312963,None
2026-08-30 18:22:00+00:00,13.66,10.81,2991.19,0.0,20.77,False,0,False,0.2649306534929535,None
2026-08-30 18:23:00+00:00,9.0,10.68,3103.59,0.0,25.12,False,0,False,0.20976592620503776,None
2026-08-30 18:24:00+00:00,15.6,16.48,3318.74,0.0,25.55,False,0,False,0.25187473558149015,None
2026-08-30 18:25:00+00:00,16.24,22.9,2896.68,0.22,20.64,False,0,False,0.2334894670769963,None
2026-08-30 18:26:00+00:00,17.16,17.75,2943.82,0.19,20.5,False,0,False,0.2637523977488691,None
2026-08-30 18:27:00+00:00,13.83,19.14,2902.64,0.0,19.77,False,0,False,0.24938608166473203,None
2026-08-30 18:28:00+00:00,16.44,18.97,3164.14,0.0,26.07,False,0,False,0.2583646892347153,None
2026-08-30 18:29:00+00:00,13.94,21.31,3208.77,0.35,26.8,False,0,False,0.22005336059975938,None
2026-08-30 18:30:00+00:00,16.43,18.78,3112.76,0.0,21.02,False,0,False,0.28537289679166067,None
2026-08-30 18:31:00+00:00,14.35,17.75,2904.32,0.0,20.58,False,0,False,0.27775896082975343,None
2026-08-30 18:32:00+00:00,13.31,16.03,3291.84,0.68,20.81,False,0,False,0.21373017749672463,None
2026-08-30 18:33:00+00:00,17.88,20.27,3314.62,0.56,19.8,False,0,False,0.22726682552192912,None
2026-08-30 18:34:00+00:00,16.74,17.87,3551.08,0.0,20.21,True,1,False,0.239363908265815,Z-Score
2026-08-30 18:35:00+00:00,16.51,20.78,3009.97,0.0,19.85,False,0,False,0.28111783839254356,None
2026-08-30 18:36:00+00:00,12.24,14.25,3243.75,0.0,23.77,False,0,False,0.24702113647531004,None
2026-08-30 18:37:00+00:00,15.25,12.69,3139.03,0.0,19.68,False,0,False,0.27462925904926094,None
2026-08-30 18:38:00+00:00,11.44,12.76,3054.35,0.19,24.05,False,0,False,0.22792061639225308,None
2026-08-30 18:39:00+00:00,17.16,23.54,2885.93,0.0,19.85,False,0,False,0.27018920127420176,None
2026-08-30 18:40:00+00:00,16.37,20.02,3064.43,0.0,24.4,False,0,False,0.26557118656752604,None
2026-08-30 18:41:00+00:00,15.58,17.99,3043.24,0.0,24.08,False,0,False,0.26941763392359636,None
2026-08-30 18:42:00+00:00,17.66,19.21,3159.51,0.0,19.69,False,0,False,0.23285006406798536,None
2026-08-30 18:43:00+00:00,15.1,17.08,3253.46,0.0,22.83,False,0,False,0.25249662135358747,None
2026-08-30 18:44:00+00:00,14.81,17.24,3214.59,0.0,20.52,False,0,False,0.26450237009496796,None
2026-08-30 18:45:00+00:00,14.2,14.74,3201.57,0.0,23.84,False,0,False,0.26605986252459163,None
2026-08-30 18:46:00+00:00,16.35,21.27,3186.2,0.0,19.9,False,0,False,0.27049961281628593,None
2026-08-30 18:47:00+00:00,18.75,22.65,3245.98,0.5,22.79,False,0,False,0.21044315581081952,None
2026-08-30 18:48:00+00:00,16.81,23.93,3540.59,0.19,20.6,True,1,False,0.21806747845925656,Z-Score
2026-08-30 18:49:00+00:00,15.32,19.49,3173.12,0.54,22.38,False,0,False,0.23181139454930344,None
2026-08-30 18:50:00+00:00,17.78,19.79,3196.37,0.0,19.82,False,0,False,0.2650918350316963,None
2026-08-30 18:51:00+00:00,16.11,17.38,3172.19,0.0,21.75,False,0,False,0.1904099883177806,None
2026-08-30 18:52:00+00:00,10.39,10.3,3206.18,0.83,20.34,False,0,False,0.18779774140813482,None
2026-08-30 18:53:00+00:00,16.21,27.48,3156.66,0.16,22.11,False,0,False,0.19184379119625916,None
2026-08-30 18:54:00+00:00,12.21,15.38,3037.78,0.0,22.21,False,0,False,0.2641969820426092,None
2026-08-30 18:55:00+00:00,17.6,19.6,3410.51,0.0,20.44,False,0,False,0.2630167066950835,None
2026-08-30 18:56:00+00:00,13.21,16.13,2954.07,0.0,22.21,False,0,False,0.27609717943305145,None
2026-08-30 18:57:00+00:00,15.85,17.09,3184.31,0.0,20.66,False,0,False,0.28033416688251994,None
2026-08-30 18:58:00+00:00,13.55,13.02,3229.13,0.0,21.77,False,0,False,0.26456632778000705,None
2026-08-30 18:59:00+00:00,13.47,18.59,3183.84,0.0,21.93,False,0,False,0.2635385673316787,None
2026-08-30 19:00:00+00:00,19.11,21.1,3262.2,0.0,19.81,False,0,False,0.2434898051288808,None
2026-08-30 19:01:00+00:00,20.51,31.87,3167.34,0.0,21.46,True,1,False,0.19350867778728048,Z-Score
2026-08-30 19:02:00+00:00,15.58,16.01,3229.33,0.67,20.3,False,0,False,0.246144934569136,None
2026-08-30 19:03:00+00:00,11.9,13.66,3206.96,0.35,20.47,False,0,False,0.22758894068369517,None
2026-08-30 19:04:00+00:00,16.93,16.69,3323.81,0.0,19.64,False,0,False,0.2704855455502206,None
2026-08-30 19:05:00+00:00,13.22,9.99,3285.97,0.37,20.59,False,0,False,0.21319028263677764,None
2026-08-30 19:06:00+00:00,19.13,26.44,3269.98,0.0,20.58,False,0,False,0.23386602446778226,None
2026-08-30 19:07:00+00:00,16.28,19.85,3289.69,0.05,20.5,False,0,False,0.2553416986213661,None
2026-08-30 19:08:00+00:00,19.19,17.86,3265.86,0.57,21.01,False,0,False,0.22843469528359228,None
2026-08-30 19:09:00+00:00,13.82,11.29,3365.59,0.17,20.67,False,0,False,0.2329516787494078,None
2026-08-30 19:10:00+00:00,16.65,17.3,3372.57,0.0,20.79,False,0,False,0.2727793636407775,None
2026-08-30 19:11:00+00:00,15.28,14.67,3275.36,0.24,19.95,False,0,False,0.2563660200960876,None
2026-08-30 19:12:00+00:00,11.14,13.16,3479.04,1.04,19.95,False,0,False,0.14846558442408264,None
2026-08-30 19:13:00+00:00,16.63,19.17,3189.47,0.0,20.17,False,0,False,0.2719430482696526,None
2026-08-30 19:14:00+00:00,16.34,18.21,3173.26,0.61,21.13,False,0,False,0.24242477442819177,None
2026-08-30 19:15:00+00:00,16.43,16.01,3303.21,0.0,20.27,False,0,False,0.2547292973446806,None
2026-08-30 19:16:00+00:00,14.4,16.87,3256.25,0.0,19.71,False,0,False,0.2708758859360229,None
2026-08-30 19:17:00+00:00,12.2,12.44,3376.66,0.0,19.63,False,0,False,0.25029417238488727,None
2026-08-30 19:18:00+00:00,10.36,9.15,3169.04,0.0,19.8,False,0,False,0.23243700785982763,None
2026-08-30 19:19:00+00:00,14.54,16.21,3452.88,1.21,19.63,True,1,False,0.1694330923569718,Z-Score
2026-08-30 19:20:00+00:00,15.42,18.51,3267.31,0.0,19.69,False,0,False,0.2764025390267702,None
2026-08-30 19:21:00+00:00,13.12,13.75,3017.77,0.0,20.55,False,0,False,0.27603073554285174,None
2026-08-30 19:22:00+00:00,10.58,9.92,3074.83,0.0,19.75,False,0,False,0.24359401038752687,None
2026-08-30 19:23:00+00:00,10.07,10.4,3153.28,0.0,19.63,False,0,False,0.24187590812986787,None
2026-08-30 19:24:00+00:00,15.1,17.28,3181.07,0.0,19.63,False,0,False,0.2792341426671609,None
2026-08-30 19:25:00+00:00,14.09,22.68,3442.96,0.81,20.82,False,0,False,0.18831184839821657,None
2026-08-30 19:26:00+00:00,12.86,13.61,3526.19,0.0,19.63,False,0,False,0.24455103292299052,None
2026-08-30 19:27:00+00:00,13.89,17.44,3123.72,0.9,20.52,False,0,False,0.19486722699927322,None
2026-08-30 19:28:00+00:00,12.51,22.86,3367.74,0.0,19.63,False,0,False,0.2469110750138373,None
2026-08-30 19:29:00+00:00,13.34,20.28,3235.72,0.0,21.04,False,0,False,0.27709036587876934,None
2026-08-30 19:30:00+00:00,14.71,15.62,3160.9,0.82,19.73,False,0,False,0.22121971372802984,None
2026-08-30 19:31:00+00:00,15.23,14.55,3401.54,0.11,20.52,False,0,False,0.23516805062401497,None
2026-08-30 19:32:00+00:00,13.78,20.74,3402.44,0.0,19.63,False,0,False,0.2616351515271481,None
2026-08-30 19:33:00+00:00,14.79,17.53,3299.61,0.0,19.63,False,0,False,0.2774096349206631,None
2026-08-30 19:34:00+00:00,11.46,16.89,3331.97,0.66,20.51,False,0,False,0.2254916795104579,None
2026-08-30 19:35:00+00:00,18.17,21.46,3257.25,0.0,19.63,False,0,False,0.26832687068209704,None
2026-08-30 19:36:00+00:00,15.79,16.39,3008.44,0.81,20.7,False,0,False,0.23257394200262355,None
2026-08-30 19:37:00+00:00,12.33,15.82,3180.49,1.15,19.63,False,0,False,0.18845340258889642,None
2026-08-30 19:38:00+00:00,19.32,30.77,3073.58,0.0,20.71,True,1,False,0.23161046843303723,Z-Score
2026-08-30 19:39:00+00:00,15.44,18.73,3339.01,1.32,20.12,True,1,False,0.1390398920252961,Z-Score
2026-08-30 19:40:00+00:00,12.79,13.23,3271.72,0.0,19.63,False,0,False,0.2490445931373087,None
2026-08-30 19:41:00+00:00,14.51,19.24,3251.59,0.0,20.21,False,0,False,0.2648615285167641,None
2026-08-30 19:42:00+00:00,16.11,19.57,3272.86,0.0,19.63,False,0,False,0.2767929121818968,None
2026-08-30 19:43:00+00:00,19.11,15.78,3320.83,0.0,20.99,False,0,False,0.26271710390364966,None
2026-08-30 19:44:00+00:00,16.91,17.98,3321.18,0.29,20.62,False,0,False,0.24966568345469287,None
2026-08-30 19:45:00+00:00,16.04,15.93,3365.5,0.0,20.64,False,0,False,0.2735721462551379,None
2026-08-30 19:46:00+00:00,13.41,15.68,3256.13,0.0,20.09,False,0,False,0.2770904661323326,None
2026-08-30 19:47:00+00:00,12.69,13.51,3471.97,0.0,19.63,False,0,False,0.24445469890757937,None
2026-08-30 19:48:00+00:00,16.25,16.37,3242.99,0.0,19.63,False,0,False,0.2784658139370394,None
2026-08-30 19:49:00+00:00,15.39,14.74,3270.68,0.0,20.57,False,0,False,0.2732452187482658,None
2026-08-30 19:50:00+00:00,9.81,12.5,3189.23,0.0,20.26,False,0,False,0.2410021201661378,None
2026-08-30 19:51:00+00:00,18.57,17.09,3285.67,0.34,19.63,False,0,False,0.23999303630801988,None
2026-08-30 19:52:00+00:00,19.75,21.07,3360.26,0.0,19.63,False,0,False,0.25490337248188594,None
2026-08-30 19:53:00+00:00,12.34,12.05,3181.38,0.0,19.63,False,0,False,0.2703180567380158,None
2026-08-30 19:54:00+00:00,20.13,20.95,3187.63,0.6,20.58,False,0,False,0.21104406145105842,None
2026-08-30 19:55:00+00:00,12.83,12.25,3404.79,0.0,20.1,False,0,False,0.2577051195187136,None
2026-08-30 19:56:00+00:00,14.93,17.0,3214.57,0.25,20.42,False,0,False,0.20236570610418325,None
2026-08-30 19:57:00+00:00,13.78,16.58,3250.52,0.0,21.12,False,0,False,0.27750056211588725,None
2026-08-30 19:58:00+00:00,15.44,20.7,3378.34,0.28,19.63,False,0,False,0.24571947554881352,None
2026-08-30 19:59:00+00:00,12.99,11.12,3123.36,0.0,19.63,False,0,False,0.2598303304179983,None
2026-08-30 20:00:00+00:00,17.38,20.75,3380.32,0.34,20.47,False,0,False,0.23922696137003552,None
2026-08-30 20:01:00+00:00,12.34,16.62,3021.87,0.0,19.87,False,0,False,0.2652913663184416,None
2026-08-30 20:02:00+00:00,14.35,17.25,3110.86,0.0,19.63,False,0,False,0.28364695281213786,None
2026-08-30 20:03:00+00:00,10.09,12.92,3421.55,0.0,20.32,False,0,False,0.23326732828216135,None
2026-08-30 20:04:00+00:00,13.85,12.86,3258.43,0.46,19.63,False,0,False,0.2263935672758995,None
2026-08-30 20:05:00+00:00,16.04,17.11,2943.94,0.39,19.63,False,0,False,0.25198477733748226,None
2026-08-30 20:06:00+00:00,18.35,25.64,3324.13,0.0,20.78,False,0,False,0.23980326156774195,None
2026-08-30 20:07:00+00:00,13.23,14.38,3548.43,0.08,19.63,False,0,False,0.2183913228947974,None
2026-08-30 20:08:00+00:00,20.59,24.27,3310.32,0.0,19.76,False,0,False,0.2421063232267101,None
2026-08-30 20:09:00+00:00,18.11,20.99,3217.65,1.6,20.53,True,1,False,0.1645266404220047,Z-Score
2026-08-30 20:10:00+00:00,16.01,14.55,3202.25,0.0,19.63,False,0,False,0.2607891734873038,None
2026-08-30 20:11:00+00:00,20.27,23.98,3239.64,0.61,19.63,False,0,False,0.20672526235188304,None
2026-08-30 20:12:00+00:00,13.13,15.52,3282.45,0.0,19.65,False,0,False,0.26407531359345376,None
2026-08-30 20:13:00+00:00,16.8,19.33,3220.91,0.52,19.63,False,0,False,0.23963412626120434,None
2026-08-30 20:14:00+00:00,18.5,16.86,3386.24,1.26,19.63,False,0,False,0.16072336334608855,None
2026-08-30 20:15:00+00:00,15.71,18.67,3200.11,0.0,19.75,False,0,False,0.2814948851442597,None
2026-08-30 20:16:00+00:00,10.51,12.49,3202.46,0.0,20.14,False,0,False,0.25906647088263374,None
2026-08-30 20:17:00+00:00,15.45,16.31,3247.34,0.77,19.63,False,0,False,0.21676328945147855,None
2026-08-30 20:18:00+00:00,15.0,16.13,3396.54,0.0,19.63,False,0,False,0.24043858651393635,None
2026-08-30 20:19:00+00:00,16.31,17.85,3206.78,0.0,19.7,False,0,False,0.2824529974672768,None
2026-08-30 20:20:00+00:00,14.98,15.65,3394.22,0.0,19.63,False,0,False,0.2720210944558841,None
2026-08-30 20:21:00+00:00,13.53,18.72,3352.7,0.0,19.63,False,0,False,0.27493131098160584,None
2026-08-30 20:22:00+00:00,12.84,12.78,3397.37,0.0,20.58,False,0,False,0.2614696059235063,None
2026-08-30 20:23:00+00:00,15.24,15.92,3285.76,0.0,19.63,False,0,False,0.2745563009984387,None
2026-08-30 20:24:00+00:00,20.57,23.41,3294.18,0.0,20.2,False,0,False,0.2507667355742795,None
2026-08-30 20:25:00+00:00,13.75,15.64,3372.36,0.0,19.63,False,0,False,0.2708838616517893,None
2026-08-30 20:26:00+00:00,13.79,10.92,3073.87,0.0,19.96,False,0,False,0.26417601918772554,None
2026-08-30 20:27:00+00:00,15.92,18.76,3560.51,0.0,20.33,False,0,False,0.24194087818369137,None
2026-08-30 20:28:00+00:00,14.35,18.66,3495.67,0.49,20.45,False,0,False,0.20099678586415337,None
2026-08-30 20:29:00+00:00,15.02,20.75,3342.33,0.0,19.63,False,0,False,0.2630049503202587,None
2026-08-30 20:30:00+00:00,14.25,15.26,3147.51,0.0,19.63,False,0,False,0.27184848192388444,None
2026-08-30 20:31:00+00:00,13.15,11.67,3207.62,0.0,20.51,False,0,False,0.2652689731845625,None
2026-08-30 20:32:00+00:00,19.5,19.16,3006.11,0.99,20.64,False,0,False,0.1966391445487778,None
2026-08-30 20:33:00+00:00,14.67,14.86,3461.16,0.0,19.8,False,0,False,0.25941481906228536,None
2026-08-30 20:34:00+00:00,13.2,12.32,3174.25,0.0,20.87,False,0,False,0.2653149462287948,None
2026-08-30 20:35:00+00:00,16.29,19.87,3134.93,0.0,20.98,False,0,False,0.2793399477024594,None
2026-08-30 20:36:00+00:00,20.79,23.52,3214.15,0.0,19.63,False,0,False,0.2464998925937842,None
2026-08-30 20:37:00+00:00,12.21,13.19,3046.76,0.67,20.64,False,0,False,0.22832495408747505,None
2026-08-30 20:38:00+00:00,13.93,12.35,3365.68,0.0,20.29,False,0,False,0.2510842640007241,None
2026-08-30 20:39:00+00:00,13.47,18.68,3539.31,0.0,19.99,False,0,False,0.24236140275119356,None
2026-08-30 20:40:00+00:00,15.07,15.45,3374.73,0.0,19.63,False,0,False,0.2670275028810251,None
2026-08-30 20:41:00+00:00,14.27,16.55,3333.4,0.0,20.53,False,0,False,0.2751869461406964,None
2026-08-30 20:42:00+00:00,14.51,15.97,3506.14,0.64,19.63,False,0,False,0.2115455712621182,None
2026-08-30 20:43:00+00:00,13.45,15.4,3141.39,0.75,19.63,False,0,False,0.22078464535546044,None
2026-08-30 20:44:00+00:00,13.48,15.63,3275.78,0.0,20.66,False,0,False,0.27048107209359157,None
2026-08-30 20:45:00+00:00,22.85,28.0,3150.21,0.0,20.39,True,1,False,0.21750477179380634,Z-Score
2026-08-30 20:46:00+00:00,16.76,23.24,3408.92,0.0,20.55,False,0,False,0.2533514537299861,None
2026-08-30 20:47:00+00:00,14.91,15.96,3222.41,0.0,20.34,False,0,False,0.2821836962445714,None
2026-08-30 20:48:00+00:00,11.49,12.09,3302.19,0.0,19.63,False,0,False,0.2570402529588186,None
2026-08-30 20:49:00+00:00,15.03,14.15,3465.32,0.0,19.63,False,0,False,0.24215518430671124,None
2026-08-30 20:50:00+00:00,11.63,13.08,3448.37,0.0,20.88,False,0,False,0.22797329358712448,None
2026-08-30 20:51:00+00:00,11.03,9.69,3293.01,0.0,19.88,False,0,False,0.23124437564169936,None
2026-08-30 20:52:00+00:00,17.82,23.01,3191.43,0.01,19.63,False,0,False,0.2277989239811511,None
2026-08-30 20:53:00+00:00,18.09,18.97,3098.42,0.3,19.63,False,0,False,0.24228615164923822,None
2026-08-30 20:54:00+00:00,11.44,17.72,3322.26,0.0,20.17,False,0,False,0.21973086716112084,None
2026-08-30 20:55:00+00:00,15.23,20.15,3335.65,0.0,19.63,False,0,False,0.24951876306911064,None
2026-08-30 20:56:00+00:00,9.79,17.69,3115.68,0.0,19.92,False,0,False,0.24836980767630656,None
2026-08-30 20:57:00+00:00,16.31,18.63,3371.98,0.79,19.63,False,0,False,0.2194390214292808,None
2026-08-30 20:58:00+00:00,14.4,11.44,3281.62,0.0,19.63,False,0,False,0.23309947476848797,None
2026-08-30 20:59:00+00:00,14.84,12.62,3036.04,0.0,19.63,False,0,False,0.27714405424278865,None
2026-08-30 21:00:00+00:00,13.41,16.03,3159.84,0.36,19.96,False,0,False,0.2493183827675205,None
2026-08-30 21:01:00+00:00,12.34,9.55,3263.27,0.0,20.87,False,0,False,0.22200270403299843,None
2026-08-30 21:02:00+00:00,15.55,13.95,3299.08,0.0,19.63,False,0,False,0.22581003473680894,None
2026-08-30 21:03:00+00:00,12.42,17.05,3236.86,0.52,19.63,False,0,False,0.22356092918695636,None
2026-08-30 21:04:00+00:00,9.02,11.44,3202.32,0.0,19.63,False,0,False,0.23429345690262104,None
2026-08-30 21:05:00+00:00,12.75,11.54,3331.42,0.0,19.76,False,0,False,0.24457689678058903,None
2026-08-30 21:06:00+00:00,13.06,13.28,3154.89,0.0,19.63,False,0,False,0.2735172583537003,None
2026-08-30 21:07:00+00:00,14.03,16.18,3011.39,0.0,19.63,False,0,False,0.2859168828229915,None
2026-08-30 21:08:00+00:00,14.11,19.1,3164.32,1.03,21.05,False,0,False,0.197504004839814,None
2026-08-30 21:09:00+00:00,13.47,13.12,3110.7,0.0,19.63,False,0,False,0.2768314817039139,None
2026-08-30 21:10:00+00:00,13.95,18.01,3109.7,0.0,20.58,False,0,False,0.260458651010082,None
2026-08-30 21:11:00+00:00,19.82,22.81,2981.22,0.0,19.77,False,0,False,0.2620863874602061,None
2026-08-30 21:12:00+00:00,14.47,18.66,3206.3,0.0,19.63,False,0,False,0.27795951299544774,None
2026-08-30 21:13:00+00:00,14.56,18.68,3398.28,0.9,20.2,False,0,False,0.21212025025618425,None
2026-08-30 21:14:00+00:00,14.76,21.59,3141.86,0.0,19.63,False,0,False,0.26518174220111357,None
2026-08-30 21:15:00+00:00,15.44,15.8,2908.5,0.0,21.13,False,0,False,0.2782334672464785,None
2026-08-30 21:16:00+00:00,8.83,12.86,3117.3,0.0,19.63,False,0,False,0.22994457679516622,None
2026-08-30 21:17:00+00:00,16.93,18.59,3068.67,0.0,20.08,False,0,False,0.271941737965124,None
2026-08-30 21:18:00+00:00,14.47,12.36,3266.1,0.0,20.28,False,0,False,0.2715403083782641,None
2026-08-30 21:19:00+00:00,14.36,16.15,3319.5,0.0,20.16,False,0,False,0.269168297491887,None
2026-08-30 21:20:00+00:00,12.02,9.65,3150.59,0.0,19.63,False,0,False,0.22874554821665655,None
2026-08-30 21:21:00+00:00,19.13,20.04,3310.98,0.0,20.06,False,0,False,0.2348851704819055,None
2026-08-30 21:22:00+00:00,13.82,12.0,3269.2,0.0,20.91,False,0,False,0.2566317679379739,None
2026-08-30 21:23:00+00:00,15.91,17.49,3122.06,0.96,20.4,False,0,False,0.21557666659446423,None
2026-08-30 21:24:00+00:00,13.26,16.13,3016.72,0.0,20.13,False,0,False,0.2811150126912448,None
2026-08-30 21:25:00+00:00,18.6,22.61,3085.96,0.0,19.63,False,0,False,0.2623634225437391,None
2026-08-30 21:26:00+00:00,14.89,13.61,3113.07,0.0,19.63,False,0,False,0.2698435494718872,None
2026-08-30 21:27:00+00:00,17.0,24.11,3249.26,0.62,20.43,False,0,False,0.21504457358569629,None
2026-08-30 21:28:00+00:00,16.01,20.62,3091.4,0.0,19.96,False,0,False,0.2693302436873642,None
2026-08-30 21:29:00+00:00,18.75,29.85,2939.4,0.11,19.63,True,1,False,0.18836049127229815,Z-Score
2026-08-30 21:30:00+00:00,10.76,11.51,3180.49,0.0,19.63,False,0,False,0.25301747851882006,None
2026-08-30 21:31:00+00:00,11.46,9.44,2904.58,0.0,20.38,False,0,False,0.20058246976899413,None
2026-08-30 21:32:00+00:00,17.39,18.83,2936.88,0.0,20.42,False,0,False,0.27535578408250755,None
2026-08-30 21:33:00+00:00,18.49,22.14,3356.08,0.0,19.63,False,0,False,0.219170248655585,None
2026-08-30 21:34:00+00:00,18.45,17.83,3132.06,0.08,19.63,False,0,False,0.25794330030664375,None
2026-08-30 21:35:00+00:00,17.67,18.74,3254.84,1.54,20.17,True,1,False,0.17399458522961664,Z-Score
2026-08-30 21:36:00+00:00,13.29,14.17,3013.55,0.0,19.63,False,0,False,0.27975690023309974,None
2026-08-30 21:37:00+00:00,14.03,15.19,3212.95,0.89,20.35,False,0,False,0.21416202336110363,None
2026-08-30 21:38:00+00:00,15.34,21.62,3088.49,0.0,20.17,False,0,False,0.26450158553313036,None
2026-08-30 21:39:00+00:00,16.11,18.67,3424.71,0.0,19.63,False,0,False,0.19687832422359514,None
2026-08-30 21:40:00+00:00,13.93,13.84,3132.34,0.59,20.78,False,0,False,0.22690736542518225,None
2026-08-30 21:41:00+00:00,16.57,18.93,3239.62,0.0,19.63,False,0,False,0.23632777216200307,None
2026-08-30 21:42:00+00:00,15.01,14.73,3177.54,0.28,19.63,False,0,False,0.23664729614668623,None
2026-08-30 21:43:00+00:00,11.19,8.47,3066.66,0.91,19.63,False,0,False,0.1566757989297679,None
2026-08-30 21:44:00+00:00,20.93,20.87,2903.15,0.0,19.63,False,0,False,0.2413928498679317,None
2026-08-30 21:45:00+00:00,15.96,20.41,2853.42,0.0,20.65,False,0,False,0.2140662654227387,None
2026-08-30 21:46:00+00:00,15.89,16.98,3278.86,0.0,19.63,False,0,False,0.24844995200157927,None
2026-08-30 21:47:00+00:00,13.68,17.0,2902.65,0.0,19.63,False,0,False,0.26093837579437984,None
2026-08-30 21:48:00+00:00,12.33,14.01,3171.71,0.25,20.31,False,0,False,0.22327932147250523,None
2026-08-30 21:49:00+00:00,15.8,14.96,2992.21,0.0,19.63,False,0,False,0.27815317839398734,None
2026-08-30 21:50:00+00:00,12.37,13.22,3028.25,0.0,19.68,False,0,False,0.26884744538659305,None
2026-08-30 21:51:00+00:00,16.82,17.17,3062.82,0.0,19.95,False,0,False,0.2844505694092241,None
2026-08-30 21:52:00+00:00,13.77,15.67,3036.33,0.0,19.63,False,0,False,0.27874631233003605,None
2026-08-30 21:53:00+00:00,16.56,23.67,3064.39,0.8,20.31,False,0,False,0.21063224005341197,None
2026-08-30 21:54:00+00:00,13.74,13.8,3034.98,0.0,20.08,False,0,False,0.284258562880862,None
2026-08-30 21:55:00+00:00,12.15,18.3,3361.53,0.75,20.62,False,0,False,0.1980782810135981,None
2026-08-30 21:56:00+00:00,9.25,7.5,3060.42,0.17,20.2,False,0,False,0.1927704383521462,None
2026-08-30 21:57:00+00:00,15.55,18.37,3187.43,0.0,20.98,False,0,False,0.28330693370250326,None
2026-08-30 21:58:00+00:00,16.88,19.57,3032.44,0.0,19.63,False,0,False,0.23129342031698807,None
2026-08-30 21:59:00+00:00,16.27,13.01,3050.94,0.0,20.29,False,0,False,0.272454681667706,None
2026-08-30 22:00:00+00:00,13.54,13.47,2902.77,0.0,19.63,False,0,False,0.2660736207988982,None
2026-08-30 22:01:00+00:00,16.39,15.31,2761.3,0.61,19.63,False,0,False,0.23806074773964353,None
2026-08-30 22:02:00+00:00,12.62,13.14,3229.46,0.0,21.1,False,0,False,0.264229786961077,None
2026-08-30 22:03:00+00:00,14.5,18.02,2881.79,0.0,19.76,False,0,False,0.285547527821122,None
2026-08-30 22:04:00+00:00,17.66,20.72,2754.77,0.0,19.63,False,0,False,0.27737309402246535,None
2026-08-30 22:05:00+00:00,16.33,19.31,2973.99,0.0,20.97,False,0,False,0.28736965041502677,None
2026-08-30 22:06:00+00:00,16.99,16.85,3057.78,1.06,20.48,False,0,False,0.20331429453684036,None
2026-08-30 22:07:00+00:00,19.03,18.0,3125.05,0.0,19.93,False,0,False,0.257942685143157,None
2026-08-30 22:08:00+00:00,14.38,24.27,2870.86,0.22,20.98,False,0,False,0.2378572185840696,None
2026-08-30 22:09:00+00:00,14.42,14.91,2890.03,0.0,19.63,False,0,False,0.280356559565606,None
2026-08-30 22:10:00+00:00,13.36,17.2,3034.5,0.0,20.66,False,0,False,0.28382727845324346,None
2026-08-30 22:11:00+00:00,9.59,12.19,2894.29,0.0,19.63,False,0,False,0.24100524476764867,None
2026-08-30 22:12:00+00:00,14.89,18.74,2831.7,0.0,21.09,False,0,False,0.2541645893477903,None
2026-08-30 22:13:00+00:00,17.97,16.69,3013.03,0.0,20.18,False,0,False,0.24449856181151403,None
2026-08-30 22:14:00+00:00,14.33,14.01,2993.16,0.0,20.62,False,0,False,0.2716832964315748,None
2026-08-30 22:15:00+00:00,15.03,16.45,2981.19,0.0,19.63,False,0,False,0.2631913010209054,None
2026-08-30 22:16:00+00:00,15.68,16.01,3027.15,0.0,19.63,False,0,False,0.28740631858474186,None
2026-08-30 22:17:00+00:00,15.12,19.62,2730.17,0.22,19.63,False,0,False,0.26021207208055985,None
2026-08-30 22:18:00+00:00,17.62,23.87,3029.17,0.0,20.65,False,0,False,0.26545039039129975,None
2026-08-30 22:19:00+00:00,17.2,17.46,3103.25,0.0,19.63,False,0,False,0.274763229146405,None
2026-08-30 22:20:00+00:00,16.75,26.62,2697.44,0.0,19.77,False,0,False,0.2407634435729546,None
2026-08-30 22:21:00+00:00,9.89,7.92,2894.2,0.0,20.82,False,0,False,0.21379764487969988,None
2026-08-30 22:22:00+00:00,14.38,17.14,2873.99,0.32,20.87,False,0,False,0.25274514471528076,None
2026-08-30 22:23:00+00:00,11.36,13.01,2882.42,0.0,19.63,False,0,False,0.2718984753831516,None
2026-08-30 22:24:00+00:00,14.28,20.36,2935.46,0.34,20.09,False,0,False,0.2454369030588726,None
2026-08-30 22:25:00+00:00,14.23,19.53,3269.93,0.0,20.78,False,0,False,0.26804355028782584,None
2026-08-30 22:26:00+00:00,15.29,18.44,2981.51,0.0,19.71,False,0,False,0.27613032886899985,None
2026-08-30 22:27:00+00:00,13.25,9.76,2801.28,0.0,20.65,False,0,False,0.2467096415067323,None
2026-08-30 22:28:00+00:00,15.66,21.17,2835.94,211.29,19.98,True,1,False,0.08576348704342085,Z-Score
2026-08-30 22:29:00+00:00,15.13,14.18,2829.52,223.46,20.52,True,1,False,0.06820910790914236,Z-Score
2026-08-30 22:30:00+00:00,12.57,15.73,2996.83,221.03,19.84,True,1,False,0.04192868994073351,Z-Score
2026-08-30 22:31:00+00:00,13.6,14.78,2842.32,222.05,20.81,True,1,False,0.05403400514897905,Z-Score
2026-08-30 22:32:00+00:00,15.7,15.83,2712.46,214.54,19.7,True,1,False,0.08157629763045682,Z-Score
2026-08-30 22:33:00+00:00,14.99,17.1,2898.97,242.03,20.55,True,1,False,0.08515439539340763,Z-Score
2026-08-30 22:34:00+00:00,14.4,15.08,3098.64,208.09,19.93,False,0,False,0.06657648629396751,None
2026-08-30 22:35:00+00:00,15.37,21.44,3111.26,214.04,19.63,False,0,False,0.07071582079169114,None
2026-08-30 22:36:00+00:00,15.83,17.01,2764.13,196.33,19.81,False,0,False,0.09357844152140848,None
2026-08-30 22:37:00+00:00,16.37,18.01,3145.55,232.28,19.63,False,0,False,0.07342142318943223,None
2026-08-30 22:38:00+00:00,15.33,14.93,2825.58,235.79,19.74,False,0,True,-0.0046054297525972565,Isolation Forest
2026-08-30 22:39:00+00:00,13.84,16.95,2854.26,206.25,20.8,False,0,False,0.08246304087114098,None
2026-08-30 22:40:00+00:00,14.39,15.57,2865.77,219.84,20.98,False,0,False,0.034714676684271195,None
2026-08-30 22:41:00+00:00,15.11,19.76,2877.95,192.07,19.63,False,0,False,0.05505567666271116,None
2026-08-30 22:42:00+00:00,17.0,19.52,2984.1,0.0,19.63,False,0,False,0.2647598967659984,None
2026-08-30 22:43:00+00:00,14.21,14.75,2614.88,0.0,19.84,False,0,False,0.24745087946316213,None
2026-08-30 22:44:00+00:00,15.72,16.73,2910.45,0.96,20.91,False,0,False,0.20594622163945686,None
2026-08-30 22:45:00+00:00,18.25,21.42,2809.26,0.0,19.63,False,0,False,0.27450471837819235,None
2026-08-30 22:46:00+00:00,13.09,21.05,2596.32,0.0,19.63,False,0,False,0.2717884044146009,None
2026-08-30 22:47:00+00:00,13.04,15.0,2949.41,0.3,20.09,False,0,False,0.25693968421377805,None
2026-08-30 22:48:00+00:00,12.7,17.41,2678.57,0.0,20.02,False,0,False,0.2817087561811925,None
2026-08-30 22:49:00+00:00,16.44,20.05,2796.64,0.88,19.63,False,0,False,0.21670363480470134,None
2026-08-30 22:50:00+00:00,17.5,21.0,2899.24,0.0,20.12,False,0,False,0.27816987729602666,None
2026-08-30 22:51:00+00:00,14.53,16.99,2805.02,0.0,19.63,False,0,False,0.2885096842628014,None
2026-08-30 22:52:00+00:00,15.13,14.68,2680.51,0.0,20.34,False,0,False,0.25520773451386314,None
2026-08-30 22:53:00+00:00,21.6,20.4,2712.78,0.0,19.63,True,1,False,0.25973107296975095,Z-Score
2026-08-30 22:54:00+00:00,20.89,23.9,2915.93,0.0,20.24,False,0,False,0.23988523556250319,None
2026-08-30 22:55:00+00:00,15.43,16.87,2825.22,0.84,20.27,False,0,False,0.22131468639748514,None
2026-08-30 22:56:00+00:00,15.03,15.69,2996.78,0.0,19.83,False,0,False,0.27979058056089595,None
2026-08-30 22:57:00+00:00,17.05,19.79,3075.26,0.0,20.42,False,0,False,0.26044884531898316,None
2026-08-30 22:58:00+00:00,14.87,14.09,2874.56,0.0,20.36,False,0,False,0.2718755051765166,None
2026-08-30 22:59:00+00:00,18.27,21.61,2956.52,0.0,21.05,False,0,False,0.2690357293028753,None
2026-08-30 23:00:00+00:00,19.41,19.29,2951.77,0.0,20.39,False,0,False,0.2777541461486905,None
2026-08-30 23:01:00+00:00,10.57,12.88,3033.97,0.08,19.63,False,0,False,0.23844455512013113,None
2026-08-30 23:02:00+00:00,11.82,14.56,3028.86,0.53,20.51,False,0,False,0.2443013468056523,None
2026-08-30 23:03:00+00:00,14.04,16.92,2721.84,0.0,20.63,False,0,False,0.2785634915093178,None
2026-08-30 23:04:00+00:00,16.2,11.84,2762.79,0.0,19.63,False,0,False,0.25420553894711573,None
2026-08-30 23:05:00+00:00,13.17,12.45,2888.74,0.0,20.54,False,0,False,0.18443710764975108,None
2026-08-30 23:06:00+00:00,20.14,20.32,2875.59,0.0,20.46,False,0,False,0.2623156816577705,None
2026-08-30 23:07:00+00:00,12.28,16.67,2670.71,0.0,19.63,False,0,False,0.267061405227598,None
2026-08-30 23:08:00+00:00,10.61,9.92,2798.61,0.19,20.03,False,0,False,0.217218286501644,None
2026-08-30 23:09:00+00:00,15.22,17.75,2708.58,0.0,21.09,False,0,False,0.2797834459564541,None
2026-08-30 23:10:00+00:00,13.55,14.62,2873.57,0.0,20.89,False,0,False,0.27001284726971936,None
2026-08-30 23:11:00+00:00,16.62,18.07,2789.88,0.0,20.32,False,0,False,0.2770678586048662,None
2026-08-30 23:12:00+00:00,16.9,22.55,2829.19,0.0,20.94,False,0,False,0.24878264166451014,None
2026-08-30 23:13:00+00:00,14.21,20.28,2819.85,0.0,20.13,False,0,False,0.27114758951847684,None
2026-08-30 23:14:00+00:00,19.24,21.6,2384.84,0.61,19.63,True,1,False,0.20837487722384246,Z-Score
2026-08-30 23:15:00+00:00,18.49,18.66,2674.95,0.11,20.48,False,0,False,0.23706546740471696,None
2026-08-30 23:16:00+00:00,13.64,15.42,2951.52,0.0,20.94,False,0,False,0.27420581826247,None
2026-08-30 23:17:00+00:00,12.85,14.19,3066.3,0.0,19.63,False,0,False,0.25381678751400416,None
2026-08-30 23:18:00+00:00,12.99,14.86,2527.36,0.0,20.47,False,0,False,0.23689427162453675,None
2026-08-30 23:19:00+00:00,17.27,21.47,2800.62,0.0,19.7,False,0,False,0.2744251796427014,None
2026-08-30 23:20:00+00:00,10.48,14.66,2831.25,0.21,20.9,False,0,False,0.1336616775396675,None
2026-08-30 23:21:00+00:00,17.83,15.86,2855.45,0.0,21.04,False,0,False,0.21581115937275858,None
2026-08-30 23:22:00+00:00,16.18,17.83,2949.6,0.0,20.14,False,0,False,0.24511658577682938,None
2026-08-30 23:23:00+00:00,15.4,15.43,2895.92,0.0,20.65,False,0,False,0.2860246934095697,None
2026-08-30 23:24:00+00:00,20.19,23.25,2900.49,0.0,19.63,False,0,False,0.2570900947426967,None
2026-08-30 23:25:00+00:00,16.93,14.12,2855.61,0.0,20.79,False,0,False,0.2348077826761344,None
2026-08-30 23:26:00+00:00,14.62,18.73,2950.48,0.0,20.6,False,0,False,0.2802010513060355,None
2026-08-30 23:27:00+00:00,11.24,15.69,2723.42,0.0,19.69,False,0,False,0.27463190215923716,None
2026-08-30 23:28:00+00:00,12.66,15.05,3053.28,0.0,20.13,False,0,False,0.27431795705026524,None
2026-08-30 23:29:00+00:00,16.21,17.13,2790.87,0.0,20.15,False,0,False,0.2398917368094392,None
2026-08-30 23:30:00+00:00,18.19,23.91,2840.58,0.0,20.36,False,0,False,0.21738710685469537,None
2026-08-30 23:31:00+00:00,14.36,15.06,2606.95,0.3,19.9,False,0,False,0.24801837324912235,None
2026-08-30 23:32:00+00:00,17.16,22.79,2970.1,0.03,20.36,False,0,False,0.26205706194228295,None
2026-08-30 23:33:00+00:00,15.99,15.01,2749.24,0.26,19.63,False,0,False,0.25721498703309703,None
2026-08-30 23:34:00+00:00,15.36,15.62,2741.0,0.0,20.64,False,0,False,0.27412165254780757,None
2026-08-30 23:35:00+00:00,15.75,17.45,2760.47,0.2,21.09,False,0,False,0.2126260698873319,None
2026-08-30 23:36:00+00:00,15.66,15.18,2690.13,0.0,19.91,False,0,False,0.2578743450114073,None
2026-08-30 23:37:00+00:00,15.38,23.62,2566.34,0.0,19.63,False,0,False,0.2657066362183822,None
2026-08-30 23:38:00+00:00,14.75,18.26,2986.62,0.13,20.55,False,0,False,0.25999049012809755,None
2026-08-30 23:39:00+00:00,19.58,23.19,2656.81,0.0,20.24,False,0,False,0.25112727894081943,None
2026-08-30 23:40:00+00:00,18.77,18.24,2679.8,0.0,19.63,False,0,False,0.27357831198377536,None
2026-08-30 23:41:00+00:00,23.13,26.01,2841.03,0.0,20.24,False,0,False,0.22309614241320103,None
2026-08-30 23:42:00+00:00,18.13,22.21,2705.0,0.0,21.02,False,0,False,0.2558175688433456,None
2026-08-30 23:43:00+00:00,17.18,22.49,2613.72,0.0,19.63,False,0,False,0.2733802980043828,None
2026-08-30 23:44:00+00:00,12.49,14.87,2676.39,0.0,21.04,False,0,False,0.27199388196138286,None
2026-08-30 23:45:00+00:00,8.52,12.55,2887.38,0.56,19.63,False,0,False,0.19811213324751464,None
2026-08-30 23:46:00+00:00,14.44,13.23,2763.12,0.0,19.63,False,0,False,0.22794984611972707,None
2026-08-30 23:47:00+00:00,14.82,20.28,2548.76,0.0,19.63,False,0,False,0.27452173345053416,None
2026-08-30 23:48:00+00:00,13.82,15.2,2670.74,0.43,20.95,False,0,False,0.2027819906599057,None
2026-08-30 23:49:00+00:00,17.77,20.8,2897.18,0.0,19.65,False,0,False,0.23716518078007054,None
2026-08-30 23:50:00+00:00,14.83,17.97,2618.64,0.0,20.64,False,0,False,0.2770579151110942,None
2026-08-30 23:51:00+00:00,16.65,24.52,2448.4,0.0,19.94,False,0,False,0.2356003177128217,None
2026-08-30 23:52:00+00:00,15.04,17.37,2808.2,0.0,19.63,False,0,False,0.2557428231278309,None
2026-08-30 23:53:00+00:00,17.39,19.65,3037.1,0.0,20.44,False,0,False,0.2756148366217979,None
2026-08-30 23:54:00+00:00,15.47,17.29,2557.66,0.0,20.84,False,0,False,0.25529522478184885,None
2026-08-30 23:55:00+00:00,14.54,17.49,2858.64,0.0,21.1,False,0,False,0.2875202068714224,None
2026-08-30 23:56:00+00:00,13.39,15.79,2815.51,0.35,19.63,False,0,False,0.25137502929167427,None
2026-08-30 23:57:00+00:00,14.03,18.25,2789.62,0.0,21.03,False,0,False,0.26613553315107047,None
2026-08-30 23:58:00+00:00,11.13,9.59,2783.99,0.0,20.32,False,0,False,0.2355618979618762,None
2026-08-30 23:59:00+00:00,14.88,13.64,2996.67,0.45,19.63,False,0,False,0.2540203561864483,None
2026-08-31 00:00:00+00:00,21.6,24.69,2554.32,0.0,19.63,False,0,False,0.23093832450820911,None
2026-08-31 00:01:00+00:00,8.53,9.34,2554.97,0.0,19.63,False,0,False,0.20719690931578122,None
2026-08-31 00:02:00+00:00,10.65,11.72,2619.4,0.0,19.7,False,0,False,0.17947087740474754,None
2026-08-31 00:03:00+00:00,13.98,14.68,2539.26,0.07,20.91,False,0,False,0.25098411150722694,None
2026-08-31 00:04:00+00:00,23.21,29.12,2579.49,0.0,20.49,False,0,False,0.1655811995199491,None
2026-08-31 00:05:00+00:00,8.0,9.35,2660.49,0.0,19.63,False,0,False,0.1361173168695603,None
2026-08-31 00:06:00+00:00,20.49,20.1,2723.54,0.64,21.04,True,1,False,0.19342551570816197,Z-Score
2026-08-31 00:07:00+00:00,17.25,17.73,2516.5,0.8,20.77,True,1,False,0.22364833391484956,Z-Score
2026-08-31 00:08:00+00:00,8.0,8.8,2761.34,0.0,20.1,False,0,False,0.18561208120654682,None
2026-08-31 00:09:00+00:00,26.75,31.21,2784.91,0.34,20.53,True,2,False,0.13571432571210473,Z-Score
2026-08-31 00:10:00+00:00,8.0,12.67,2725.89,0.44,19.63,False,0,False,0.21616353658176007,None
2026-08-31 00:11:00+00:00,15.98,14.31,2626.67,0.57,21.08,False,0,False,0.1859280226886162,None
2026-08-31 00:12:00+00:00,22.15,24.68,2572.87,0.0,19.63,False,0,False,0.23332419140504895,None
2026-08-31 00:13:00+00:00,9.98,8.05,2635.17,0.0,20.98,False,0,False,0.18484860699846273,None
2026-08-31 00:14:00+00:00,17.55,19.24,2893.45,0.0,19.63,False,0,False,0.2781402265586193,None
2026-08-31 00:15:00+00:00,12.6,18.24,2762.74,0.0,19.63,False,0,False,0.2659867005045263,None
2026-08-31 00:16:00+00:00,16.0,20.76,2584.46,0.0,19.63,False,0,False,0.27798855741556494,None
2026-08-31 00:17:00+00:00,8.13,9.65,2645.82,0.0,19.87,False,0,False,0.21033586285791395,None
2026-08-31 00:18:00+00:00,10.17,13.83,2469.96,0.57,19.74,False,0,False,0.20114716635305047,None
2026-08-31 00:19:00+00:00,12.22,12.83,3027.47,0.0,20.16,False,0,False,0.22306816783242034,None
2026-08-31 00:20:00+00:00,15.41,19.73,2719.77,0.0,19.82,False,0,False,0.27794027332712407,None
2026-08-31 00:21:00+00:00,23.75,24.04,2757.95,0.0,19.63,False,0,False,0.23234072645555526,None
2026-08-31 00:22:00+00:00,19.89,19.63,2632.75,0.0,20.84,False,0,False,0.23502324166022648,None
2026-08-31 00:23:00+00:00,12.43,12.12,2772.6,0.0,20.78,False,0,False,0.20494709520766718,None
2026-08-31 00:24:00+00:00,16.66,20.45,2787.35,0.0,20.58,False,0,False,0.2525010630376015,None
2026-08-31 00:25:00+00:00,15.85,17.4,2608.68,0.0,19.63,False,0,False,0.2556469844805833,None
2026-08-31 00:26:00+00:00,26.8,30.01,2686.94,0.0,20.69,False,0,False,0.18394672308822552,None
2026-08-31 00:27:00+00:00,8.0,9.78,2854.53,0.76,19.63,True,1,False,0.18060749408535576,Z-Score
2026-08-31 00:28:00+00:00,8.0,7.5,2765.49,0.0,20.45,False,0,False,0.19793598962632408,None
2026-08-31 00:29:00+00:00,12.48,11.18,2919.57,0.0,20.41,False,0,False,0.20378104081557558,None
2026-08-31 00:30:00+00:00,27.49,37.63,2430.25,0.05,19.63,True,1,False,0.13344546023124648,Z-Score
2026-08-31 00:31:00+00:00,8.0,9.96,2642.55,0.0,20.47,False,0,False,0.19467494370736388,None
2026-08-31 00:32:00+00:00,16.37,20.91,2632.54,0.66,19.63,False,0,False,0.1836355072907525,None
2026-08-31 00:33:00+00:00,15.87,18.35,2643.57,0.98,19.63,True,1,False,0.20840286692125332,Z-Score
2026-08-31 00:34:00+00:00,8.0,10.24,2544.74,0.0,20.1,False,0,False,0.17858673296942423,None
2026-08-31 00:35:00+00:00,9.64,15.97,2783.34,0.0,19.88,False,0,False,0.23740975545393989,None
2026-08-31 00:36:00+00:00,19.36,30.1,2611.04,0.0,20.19,False,0,False,0.21716385517043346,None
2026-08-31 00:37:00+00:00,25.18,32.56,2887.72,0.0,19.92,False,0,False,0.1795936169675933,None
2026-08-31 00:38:00+00:00,27.49,29.4,2874.38,0.87,19.63,False,0,False,0.11997823138134955,None
2026-08-31 00:39:00+00:00,16.86,20.77,2462.84,0.0,19.67,False,0,False,0.2640496993071201,None
2026-08-31 00:40:00+00:00,20.24,23.27,2759.53,0.0,19.7,False,0,False,0.23560827713441784,None
2026-08-31 00:41:00+00:00,16.72,18.69,2735.46,0.0,19.63,False,0,False,0.28418230824007923,None
2026-08-31 00:42:00+00:00,17.94,21.86,2622.23,0.05,19.63,False,0,False,0.20821237665665265,None
2026-08-31 00:43:00+00:00,8.52,8.04,2859.67,0.0,20.63,False,0,False,0.19002940422017056,None
2026-08-31 00:44:00+00:00,8.0,11.91,2602.97,0.33,19.76,False,0,False,0.170463133008599,None
2026-08-31 00:45:00+00:00,14.39,16.78,2572.96,0.0,19.63,False,0,False,0.2593314147463509,None
2026-08-31 00:46:00+00:00,12.75,15.1,2641.38,0.48,19.92,False,0,False,0.22898715940680453,None
2026-08-31 00:47:00+00:00,16.67,20.42,2689.31,0.0,20.98,False,0,False,0.26436890066843904,None
2026-08-31 00:48:00+00:00,19.23,24.8,2831.09,0.0,19.63,False,0,False,0.2368488396783301,None
2026-08-31 00:49:00+00:00,21.19,23.1,2566.27,0.0,20.25,False,0,False,0.23912771403712801,None
2026-08-31 00:50:00+00:00,10.69,15.05,2462.52,0.78,19.92,False,0,False,0.20177203762420987,None
2026-08-31 00:51:00+00:00,13.39,19.38,2501.9,0.0,20.97,False,0,False,0.2375275471603731,None
2026-08-31 00:52:00+00:00,13.8,15.61,2574.88,0.0,19.63,False,0,False,0.26229969714865875,None
2026-08-31 00:53:00+00:00,15.87,18.02,2928.35,0.0,19.95,False,0,False,0.2854382073691591,None
2026-08-31 00:54:00+00:00,13.12,10.82,2715.29,0.0,19.63,False,0,False,0.2025505721783033,None
2026-08-31 00:55:00+00:00,8.0,7.72,2432.25,0.0,20.64,False,0,False,0.18838054413812355,None
2026-08-31 00:56:00+00:00,29.63,29.22,2756.04,0.0,21.11,False,0,False,0.1544682233464511,None
2026-08-31 00:57:00+00:00,8.0,7.5,2656.44,0.0,20.76,False,0,False,0.20465889668710718,None
2026-08-31 00:58:00+00:00,13.86,18.38,2495.32,0.8,20.4,False,0,False,0.22644138967368405,None
2026-08-31 00:59:00+00:00,8.0,15.33,2530.49,0.89,19.73,False,0,False,0.18439606183709278,None
2026-08-31 01:00:00+00:00,19.93,19.91,2605.05,0.07,20.75,False,0,False,0.25065498640741213,None
2026-08-31 01:01:00+00:00,15.81,16.93,2558.23,0.0,19.64,False,0,False,0.20512809776382773,None
2026-08-31 01:02:00+00:00,18.86,22.74,2733.02,0.0,20.87,False,0,False,0.23645053699218677,None
2026-08-31 01:03:00+00:00,16.24,16.13,2478.55,0.0,19.63,False,0,False,0.24776392548916454,None
2026-08-31 01:04:00+00:00,15.65,16.33,2583.46,0.92,20.32,False,0,False,0.2201804489987368,None
2026-08-31 01:05:00+00:00,19.32,21.66,2728.22,0.49,19.63,False,0,False,0.17563078129733067,None
2026-08-31 01:06:00+00:00,18.2,19.1,2707.19,0.0,20.63,False,0,False,0.25339318605295047,None
2026-08-31 01:07:00+00:00,20.44,23.12,2702.78,0.0,20.05,False,0,False,0.2163605865758046,None
2026-08-31 01:08:00+00:00,10.12,10.35,2399.2,0.0,20.82,False,0,False,0.17043466044685163,None
2026-08-31 01:09:00+00:00,22.46,22.09,2364.1,0.0,19.63,False,0,False,0.20994094879691244,None
2026-08-31 01:10:00+00:00,16.87,20.41,2748.19,0.0,20.11,False,0,False,0.2846444150837578,None
2026-08-31 01:11:00+00:00,10.46,9.65,2684.46,0.28,19.63,False,0,False,0.21086700382256324,None
2026-08-31 01:12:00+00:00,11.3,12.25,2593.48,0.95,20.12,False,0,False,0.18134275080082185,None
2026-08-31 01:13:00+00:00,10.97,14.07,2573.22,0.0,21.02,False,0,False,0.2519541835475484,None
2026-08-31 01:14:00+00:00,13.12,13.22,2486.06,0.0,19.8,False,0,False,0.2630295995266896,None
2026-08-31 01:15:00+00:00,8.0,10.89,2668.35,0.0,20.4,False,0,False,0.21787989411212688,None
2026-08-31 01:16:00+00:00,8.0,9.17,2594.91,0.0,20.47,False,0,False,0.20519009822629114,None
2026-08-31 01:17:00+00:00,23.31,27.9,2644.36,0.26,19.63,False,0,False,0.169787557140195,None
2026-08-31 01:18:00+00:00,10.07,7.66,2384.46,0.49,19.63,False,0,False,0.17833005800749518,None
2026-08-31 01:19:00+00:00,15.28,21.22,2497.83,0.0,19.63,False,0,False,0.2323023558263841,None
2026-08-31 01:20:00+00:00,20.78,21.63,2779.55,0.0,19.63,False,0,False,0.26216177527167744,None
2026-08-31 01:21:00+00:00,11.5,13.34,2493.23,0.0,20.65,False,0,False,0.26143689890076505,None
2026-08-31 01:22:00+00:00,8.0,11.1,2594.4,0.0,19.63,False,0,False,0.1990201799815049,None
2026-08-31 01:23:00+00:00,18.24,18.09,2763.81,0.0,20.11,False,0,False,0.26180897194375335,None
2026-08-31 01:24:00+00:00,9.7,12.2,2585.51,0.94,20.65,False,0,False,0.15262546843459007,None
2026-08-31 01:25:00+00:00,16.85,18.78,2567.98,0.56,19.79,False,0,False,0.24515349620539562,None
2026-08-31 01:26:00+00:00,13.59,14.11,2393.73,0.0,19.63,False,0,False,0.17482678557399528,None
2026-08-31 01:27:00+00:00,21.42,28.11,2432.7,0.55,19.63,False,0,False,0.15709332448731084,None
2026-08-31 01:28:00+00:00,8.01,9.09,2696.39,0.0,19.68,False,0,False,0.2121611021340939,None
2026-08-31 01:29:00+00:00,16.85,19.78,2385.07,0.0,19.63,False,0,False,0.241331997263578,None
2026-08-31 01:30:00+00:00,17.74,18.11,2340.88,0.0,19.63,False,0,False,0.24508982234425114,None
2026-08-31 01:31:00+00:00,8.0,8.6,2706.56,0.65,20.89,False,0,False,0.1566233017385234,None
2026-08-31 01:32:00+00:00,15.59,17.56,2428.73,1.24,20.38,True,1,False,0.18049013730181945,Z-Score
2026-08-31 01:33:00+00:00,19.45,23.36,2507.29,0.0,19.63,False,0,False,0.2588556988061641,None
2026-08-31 01:34:00+00:00,16.14,16.72,2707.36,0.17,19.63,False,0,False,0.2602352913740716,None
2026-08-31 01:35:00+00:00,21.96,23.37,2656.36,0.6,19.63,False,0,False,0.19464267752607062,None
2026-08-31 01:36:00+00:00,8.12,10.76,2739.49,0.0,20.22,False,0,False,0.18776133183166438,None
2026-08-31 01:37:00+00:00,21.7,23.24,2860.93,0.86,19.68,False,0,False,0.18509169661937697,None
2026-08-31 01:38:00+00:00,8.33,12.14,2748.54,0.0,19.63,False,0,False,0.2167467902579857,None
2026-08-31 01:39:00+00:00,13.79,19.98,2612.42,0.0,19.63,False,0,False,0.2601785260844832,None
2026-08-31 01:40:00+00:00,8.0,13.83,2520.58,0.12,20.83,False,0,False,0.1906604616427825,None
2026-08-31 01:41:00+00:00,15.38,20.52,2607.55,0.04,21.08,False,0,False,0.24263297407822898,None
2026-08-31 01:42:00+00:00,13.6,11.2,2564.94,0.0,19.81,False,0,False,0.2521942937864393,None
2026-08-31 01:43:00+00:00,11.56,11.64,2613.3,0.01,20.56,False,0,False,0.24555714544538937,None
2026-08-31 01:44:00+00:00,16.98,17.34,2602.66,0.0,20.36,False,0,False,0.24240390270553475,None
2026-08-31 01:45:00+00:00,12.25,12.49,2803.01,0.0,20.3,False,0,False,0.25488512731027396,None
2026-08-31 01:46:00+00:00,16.19,16.64,2634.31,0.42,19.63,False,0,False,0.24496401138921325,None
2026-08-31 01:47:00+00:00,13.94,14.77,2774.11,0.0,20.15,False,0,False,0.28263004624221694,None
2026-08-31 01:48:00+00:00,17.42,22.54,2760.65,0.23,19.7,False,0,False,0.21826981569143017,None
2026-08-31 01:49:00+00:00,20.0,24.9,2744.3,1.23,19.63,True,1,False,0.15829610783406628,Z-Score
2026-08-31 01:50:00+00:00,14.7,13.83,2372.34,0.01,19.63,False,0,False,0.2449391207558831,None
2026-08-31 01:51:00+00:00,16.28,17.23,2720.63,0.0,19.63,False,0,False,0.266266569410442,None
2026-08-31 01:52:00+00:00,22.04,26.35,2610.22,0.0,20.6,False,0,False,0.16565143871746768,None
2026-08-31 01:53:00+00:00,23.45,32.64,3055.96,0.0,20.36,True,1,False,0.19303817973015724,Z-Score
2026-08-31 01:54:00+00:00,12.72,14.6,2737.92,1.16,20.59,False,0,False,0.19729706678740333,None
2026-08-31 01:55:00+00:00,25.71,25.98,2730.54,0.0,19.63,False,0,False,0.20670279139584186,None
2026-08-31 01:56:00+00:00,11.22,12.95,2825.12,0.0,19.63,False,0,False,0.27063540183959917,None
2026-08-31 01:57:00+00:00,14.43,13.18,2718.33,0.0,20.09,False,0,False,0.2563020504413134,None
2026-08-31 01:58:00+00:00,25.45,28.14,2623.51,0.0,19.63,False,0,False,0.20182111955884607,None
2026-08-31 01:59:00+00:00,17.19,20.37,2652.34,0.0,19.63,False,0,False,0.261293543574393,None
2026-08-31 02:00:00+00:00,17.03,17.98,2421.99,0.0,19.63,False,0,False,0.23195900239555456,None
2026-08-31 02:01:00+00:00,18.13,19.8,2993.51,0.22,20.85,False,0,False,0.24357537048681688,None
2026-08-31 02:02:00+00:00,12.18,15.76,2528.74,0.54,19.76,False,0,False,0.23655860975956688,None
2026-08-31 02:03:00+00:00,12.42,20.14,2632.49,0.0,20.1,False,0,False,0.19975013271279218,None
2026-08-31 02:04:00+00:00,14.7,20.56,2925.42,0.6,19.63,False,0,False,0.23224174801338054,None
2026-08-31 02:05:00+00:00,8.0,7.5,2563.4,0.0,19.63,False,0,False,0.1533239424418953,None
2026-08-31 02:06:00+00:00,16.99,18.33,2699.37,0.0,19.63,False,0,False,0.2761334946629534,None
2026-08-31 02:07:00+00:00,16.65,20.88,2625.06,0.0,19.63,False,0,False,0.26782830120176077,None
2026-08-31 02:08:00+00:00,15.65,16.26,2894.54,0.0,19.63,False,0,False,0.2586342301922415,None
2026-08-31 02:09:00+00:00,15.49,19.6,2642.77,0.0,20.43,False,0,False,0.2467629926464237,None
2026-08-31 02:10:00+00:00,15.26,17.74,2365.33,0.0,19.63,False,0,False,0.2247709043056707,None
2026-08-31 02:11:00+00:00,18.53,16.4,2516.26,0.33,19.63,False,0,False,0.23493254094776095,None
2026-08-31 02:12:00+00:00,8.0,9.35,2675.96,0.0,19.63,False,0,False,0.21571441636359884,None
2026-08-31 02:13:00+00:00,21.46,25.75,2654.43,0.2,20.73,False,0,False,0.2101748520020867,None
2026-08-31 02:14:00+00:00,19.24,22.19,2832.24,0.0,19.81,False,0,False,0.1780589901219502,None
2026-08-31 02:15:00+00:00,19.61,23.23,2407.78,0.0,19.63,False,0,False,0.24087033813597564,None
2026-08-31 02:16:00+00:00,12.3,16.9,2676.2,0.0,20.59,False,0,False,0.2749964529340134,None
2026-08-31 02:17:00+00:00,14.75,21.35,2420.17,0.0,19.63,False,0,False,0.2118561177733766,None
2026-08-31 02:18:00+00:00,23.9,24.5,2597.08,0.0,20.87,False,0,False,0.2194235062397945,None
2026-08-31 02:19:00+00:00,20.27,20.51,2916.7,0.0,19.77,False,0,False,0.2624201633117349,None
2026-08-31 02:20:00+00:00,11.92,13.31,2485.95,0.0,19.63,False,0,False,0.2591680840648305,None
2026-08-31 02:21:00+00:00,12.46,13.28,2777.58,0.93,20.34,False,0,False,0.1978039967928507,None
2026-08-31 02:22:00+00:00,20.26,18.14,2784.02,1.07,19.63,False,0,False,0.08959610316114164,None
2026-08-31 02:23:00+00:00,21.63,31.14,2450.24,0.0,20.56,False,0,False,0.2041472791803834,None
2026-08-31 02:24:00+00:00,22.18,22.47,2730.32,1.13,19.63,False,0,False,0.15855720709290844,None
2026-08-31 02:25:00+00:00,20.45,25.89,2722.84,0.0,19.63,False,0,False,0.22934316782513958,None
2026-08-31 02:26:00+00:00,20.6,21.22,2682.71,0.0,19.63,False,0,False,0.260262585684355,None
2026-08-31 02:27:00+00:00,20.54,21.56,2635.65,0.0,19.63,False,0,False,0.2653642832307251,None
2026-08-31 02:28:00+00:00,17.53,22.28,2808.98,0.19,19.63,False,0,False,0.24599290210890667,None
2026-08-31 02:29:00+00:00,9.03,12.61,2460.44,0.0,20.78,False,0,False,0.22508881030529293,None
2026-08-31 02:30:00+00:00,8.64,12.35,2712.56,0.0,20.57,False,0,False,0.24901889344057698,None
2026-08-31 02:31:00+00:00,18.31,17.57,2810.34,0.0,19.63,False,0,False,0.2712852330740357,None
2026-08-31 02:32:00+00:00,23.88,32.26,2287.08,0.91,20.53,False,0,False,0.09293860015725608,None
2026-08-31 02:33:00+00:00,8.0,9.04,2319.69,0.0,19.63,False,0,False,0.1578921486741907,None
2026-08-31 02:34:00+00:00,18.61,23.43,2650.14,0.0,19.72,False,0,False,0.2610140207713711,None
2026-08-31 02:35:00+00:00,11.48,8.36,2710.71,0.51,19.63,False,0,False,0.19647094105769014,None
2026-08-31 02:36:00+00:00,14.37,21.08,2473.3,0.0,19.63,False,0,False,0.2642727067403684,None
2026-08-31 02:37:00+00:00,18.76,20.18,2643.78,0.0,21.02,False,0,False,0.2725427658085025,None
2026-08-31 02:38:00+00:00,13.66,19.17,2668.79,1.24,20.44,True,1,False,0.1860103172566045,Z-Score
2026-08-31 02:39:00+00:00,17.75,23.06,2735.67,0.0,19.63,False,0,False,0.25121598244995197,None
2026-08-31 02:40:00+00:00,11.51,9.26,2583.74,0.0,20.66,False,0,False,0.23165025781818294,None
2026-08-31 02:41:00+00:00,12.28,17.63,2680.54,0.29,19.85,False,0,False,0.24004399885283112,None
2026-08-31 02:42:00+00:00,20.45,20.4,2588.29,0.0,19.63,False,0,False,0.16764012895895047,None
2026-08-31 02:43:00+00:00,15.82,21.55,2768.81,0.0,20.7,False,0,False,0.2813645875006639,None
2026-08-31 02:44:00+00:00,10.11,9.85,2617.34,0.15,19.82,False,0,False,0.155120796858364,None
2026-08-31 02:45:00+00:00,13.32,12.15,2805.94,0.0,20.03,False,0,False,0.26752315406832616,None
2026-08-31 02:46:00+00:00,18.34,20.72,2706.74,0.0,20.1,False,0,False,0.2722191459482284,None
2026-08-31 02:47:00+00:00,16.53,17.58,2787.3,0.0,19.63,False,0,False,0.28042034940162236,None
2026-08-31 02:48:00+00:00,13.1,13.57,2343.88,0.1,20.72,False,0,False,0.17698653730458558,None
2026-08-31 02:49:00+00:00,17.98,25.29,2793.57,0.0,20.72,False,0,False,0.25552963323209943,None
2026-08-31 02:50:00+00:00,18.84,19.32,2412.43,0.0,19.63,False,0,False,0.2597381264894757,None
2026-08-31 02:51:00+00:00,12.81,16.11,2918.46,0.59,19.63,False,0,False,0.233725828314363,None
2026-08-31 02:52:00+00:00,11.43,11.35,2584.97,0.0,19.63,False,0,False,0.20647500866428392,None
2026-08-31 02:53:00+00:00,20.03,20.39,2507.57,0.56,19.67,False,0,False,0.19991417450737292,None
2026-08-31 02:54:00+00:00,16.87,20.72,2620.75,0.0,21.04,False,0,False,0.2766345835879169,None
2026-08-31 02:55:00+00:00,19.79,28.4,2841.03,0.0,20.96,False,0,False,0.19836302571380876,None
2026-08-31 02:56:00+00:00,12.77,12.52,2878.77,0.0,19.8,False,0,False,0.26159039939942885,None
2026-08-31 02:57:00+00:00,21.02,26.16,2590.78,0.38,19.63,False,0,False,0.19097312499784624,None
2026-08-31 02:58:00+00:00,14.01,17.5,2624.45,0.0,19.66,False,0,False,0.21470284064313538,None
2026-08-31 02:59:00+00:00,9.23,14.68,2637.4,0.0,19.63,False,0,False,0.22684974914043865,None
2026-08-31 03:00:00+00:00,11.52,13.8,2631.88,0.0,19.63,False,0,False,0.24643653186510645,None
2026-08-31 03:01:00+00:00,21.26,23.19,2607.5,0.0,19.63,False,0,False,0.2229839622370564,None
2026-08-31 03:02:00+00:00,19.85,19.63,2736.77,0.0,20.15,False,0,False,0.26701294452907376,None
2026-08-31 03:03:00+00:00,15.69,13.11,2763.55,0.0,20.58,False,0,False,0.2548872967166402,None
2026-08-31 03:04:00+00:00,13.52,19.89,2604.82,0.0,20.51,False,0,False,0.2782624095593525,None
2026-08-31 03:05:00+00:00,8.0,7.5,2380.36,0.0,19.75,False,0,False,0.17523872689568393,None
2026-08-31 03:06:00+00:00,22.12,24.34,2830.62,0.0,19.63,False,0,False,0.24618869108796537,None
2026-08-31 03:07:00+00:00,14.65,17.63,2700.32,0.0,19.63,False,0,False,0.28236830364800447,None
2026-08-31 03:08:00+00:00,22.63,27.3,2576.89,0.01,20.31,False,0,False,0.21736815959333267,None
2026-08-31 03:09:00+00:00,15.91,21.88,2557.67,0.55,20.87,False,0,False,0.22875616926990205,None
2026-08-31 03:10:00+00:00,11.37,10.86,2634.41,0.0,19.63,False,0,False,0.2465147652530627,None
2026-08-31 03:11:00+00:00,13.01,17.46,2690.02,0.0,19.65,False,0,False,0.27772710597301226,None
2026-08-31 03:12:00+00:00,11.41,11.64,2702.42,0.0,19.63,False,0,False,0.21791236990723256,None
2026-08-31 03:13:00+00:00,15.22,9.99,2908.71,0.0,19.63,False,0,False,0.1952780873490258,None
2026-08-31 03:14:00+00:00,15.61,13.87,2644.75,0.04,19.63,False,0,False,0.26636713055603567,None
2026-08-31 03:15:00+00:00,18.14,23.37,2832.4,0.0,20.52,False,0,False,0.2749460397447138,None
2026-08-31 03:16:00+00:00,22.98,26.9,2540.51,0.07,20.71,False,0,False,0.20044681737081033,None
2026-08-31 03:17:00+00:00,17.32,12.92,2761.72,0.0,19.63,False,0,False,0.26786196045991545,None
2026-08-31 03:18:00+00:00,13.19,17.09,2790.62,0.0,20.55,False,0,False,0.2433922814840735,None
2026-08-31 03:19:00+00:00,12.75,17.04,2505.4,0.0,19.63,False,0,False,0.2595738767300971,None
2026-08-31 03:20:00+00:00,10.51,11.41,2494.46,0.0,20.01,False,0,False,0.21839967702301843,None
2026-08-31 03:21:00+00:00,21.71,24.95,2593.95,0.0,19.63,False,0,False,0.2061295690437558,None
2026-08-31 03:22:00+00:00,15.72,16.51,2563.9,0.0,21.05,False,0,False,0.2793556093674233,None
2026-08-31 03:23:00+00:00,11.89,15.74,2862.39,0.0,20.55,False,0,False,0.2710352488974835,None
2026-08-31 03:24:00+00:00,15.99,19.41,2409.27,0.0,19.63,False,0,False,0.24644297696510653,None
2026-08-31 03:25:00+00:00,17.07,19.51,2618.87,0.0,19.63,False,0,False,0.26417901998371396,None
2026-08-31 03:26:00+00:00,13.53,14.99,2608.39,0.0,19.63,False,0,False,0.280549307427212,None
2026-08-31 03:27:00+00:00,17.68,16.44,2584.36,0.0,19.63,False,0,False,0.22254280521509923,None
2026-08-31 03:28:00+00:00,17.74,19.2,2624.68,0.0,20.14,False,0,False,0.2215834461580221,None
2026-08-31 03:29:00+00:00,10.92,17.18,2706.81,0.0,19.63,False,0,False,0.25510369569034974,None
2026-08-31 03:30:00+00:00,13.98,13.26,2686.18,0.0,20.09,False,0,False,0.2389241811036541,None
2026-08-31 03:31:00+00:00,8.0,10.05,2512.81,0.0,20.9,False,0,False,0.1614952414208169,None
2026-08-31 03:32:00+00:00,17.03,21.36,2629.43,0.0,19.63,False,0,False,0.27729012257997665,None
2026-08-31 03:33:00+00:00,17.77,19.27,2615.93,0.0,19.63,False,0,False,0.27337667979775426,None
2026-08-31 03:34:00+00:00,11.41,11.36,2665.62,0.0,19.63,False,0,False,0.24892051094641748,None
2026-08-31 03:35:00+00:00,13.87,16.76,2760.82,0.0,20.5,False,0,False,0.27806562736313334,None
2026-08-31 03:36:00+00:00,12.21,13.52,2571.38,0.0,19.63,False,0,False,0.2575579638157716,None
2026-08-31 03:37:00+00:00,18.83,20.53,2724.1,0.0,19.63,False,0,False,0.2316017792643923,None
2026-08-31 03:38:00+00:00,16.29,15.45,2749.27,0.0,20.97,False,0,False,0.23914648061292776,None
2026-08-31 03:39:00+00:00,20.37,23.16,2501.37,1.11,19.63,True,1,False,0.1693810096946332,Z-Score
2026-08-31 03:40:00+00:00,13.22,17.52,2506.14,0.0,19.63,False,0,False,0.26240529118862904,None
2026-08-31 03:41:00+00:00,16.41,18.66,2613.3,0.0,19.63,False,0,False,0.27733164788067155,None
2026-08-31 03:42:00+00:00,14.94,13.82,2661.77,0.0,20.52,False,0,False,0.23701133713634337,None
2026-08-31 03:43:00+00:00,19.37,20.69,2852.39,0.0,20.21,False,0,False,0.24742400220334237,None
2026-08-31 03:44:00+00:00,12.28,13.22,2839.39,0.0,19.94,False,0,False,0.27638005749275035,None
2026-08-31 03:45:00+00:00,18.32,24.18,2515.62,0.75,20.87,True,1,False,0.20545360175397986,Z-Score
2026-08-31 03:46:00+00:00,8.51,7.5,2904.86,0.84,19.63,True,1,False,0.14352123345733936,Z-Score
2026-08-31 03:47:00+00:00,18.87,22.85,2752.08,0.0,19.88,False,0,False,0.2600699438808292,None
2026-08-31 03:48:00+00:00,14.54,15.67,2713.17,0.0,20.68,False,0,False,0.2800458607232478,None
2026-08-31 03:49:00+00:00,12.17,13.19,2564.87,0.0,19.63,False,0,False,0.2480458222912259,None
2026-08-31 03:50:00+00:00,15.59,16.46,2697.55,0.58,20.31,False,0,False,0.21070861240803124,None
2026-08-31 03:51:00+00:00,13.01,13.82,2981.35,0.0,19.7,False,0,False,0.2097544555577623,None
2026-08-31 03:52:00+00:00,12.49,13.55,2681.3,0.52,20.92,False,0,False,0.2266238661404696,None
2026-08-31 03:53:00+00:00,8.57,14.58,2730.88,0.0,19.63,False,0,False,0.2533769844299896,None
2026-08-31 03:54:00+00:00,17.46,16.95,3033.83,0.0,20.51,False,0,False,0.2603659398019389,None
2026-08-31 03:55:00+00:00,9.43,9.18,2588.23,0.0,19.63,False,0,False,0.21738066569626702,None
2026-08-31 03:56:00+00:00,13.47,16.52,2777.42,0.0,19.63,False,0,False,0.2761373266259113,None
2026-08-31 03:57:00+00:00,16.44,18.42,2640.47,0.16,19.63,False,0,False,0.26307357776505297,None
2026-08-31 03:58:00+00:00,20.96,21.32,2485.82,0.57,19.63,False,0,False,0.20598034840528556,None
2026-08-31 03:59:00+00:00,11.49,16.33,2960.29,0.0,19.63,False,0,False,0.27306996007648765,None
2026-08-31 04:00:00+00:00,13.19,19.86,2963.85,0.0,19.63,False,0,False,0.27008787740030604,None
2026-08-31 04:01:00+00:00,21.74,22.98,2422.77,0.0,20.63,False,0,False,0.23392447157881907,None
2026-08-31 04:02:00+00:00,22.14,23.0,2812.02,0.0,19.63,False,0,False,0.24287252592798764,None
2026-08-31 04:03:00+00:00,8.48,8.06,2713.01,0.0,20.06,False,0,False,0.2161858787346736,None
2026-08-31 04:04:00+00:00,10.49,11.71,2542.12,0.0,20.55,False,0,False,0.23212262860365424,None
2026-08-31 04:05:00+00:00,14.52,15.88,2590.46,0.0,20.45,False,0,False,0.275450017449758,None
2026-08-31 04:06:00+00:00,17.49,21.16,2721.4,0.0,20.57,False,0,False,0.2802461755648197,None
2026-08-31 04:07:00+00:00,12.83,16.0,2691.62,0.0,20.0,False,0,False,0.28094055684155583,None
2026-08-31 04:08:00+00:00,15.28,14.68,2541.97,0.0,20.81,False,0,False,0.20169280841485254,None
2026-08-31 04:09:00+00:00,16.45,19.4,2819.8,0.0,20.3,False,0,False,0.21272225044386,None
2026-08-31 04:10:00+00:00,12.01,20.3,2521.61,0.0,21.03,False,0,False,0.23842148661583684,None
2026-08-31 04:11:00+00:00,19.08,24.79,2776.41,0.0,19.63,False,0,False,0.26435280726821403,None
2026-08-31 04:12:00+00:00,8.33,9.35,2685.1,0.0,20.02,False,0,False,0.21379306934682907,None
2026-08-31 04:13:00+00:00,14.68,25.26,2755.68,0.0,19.63,False,0,False,0.256437634887216,None
2026-08-31 04:14:00+00:00,18.9,21.57,2596.66,0.0,19.63,False,0,False,0.25508463248596547,None
2026-08-31 04:15:00+00:00,17.29,18.07,2538.05,0.24,19.63,False,0,False,0.25047675113539947,None
2026-08-31 04:16:00+00:00,8.2,12.5,2913.0,0.0,19.79,False,0,False,0.2337056362143367,None
2026-08-31 04:17:00+00:00,15.89,12.85,2848.45,0.0,19.63,False,0,False,0.25532703331738715,None
2026-08-31 04:18:00+00:00,19.15,25.06,2856.71,0.0,19.88,False,0,False,0.23070183961056023,None
2026-08-31 04:19:00+00:00,11.83,16.57,2753.62,0.0,20.64,False,0,False,0.27259883532018986,None
2026-08-31 04:20:00+00:00,14.28,20.7,2555.9,0.0,21.03,False,0,False,0.27542478311536345,None
2026-08-31 04:21:00+00:00,10.61,12.55,2548.4,0.61,19.63,False,0,False,0.18925060795034115,None
2026-08-31 04:22:00+00:00,14.67,21.34,2573.23,0.25,19.63,False,0,False,0.20869090055017925,None
2026-08-31 04:23:00+00:00,14.66,13.09,2430.99,0.0,19.89,False,0,False,0.2147111476176785,None
2026-08-31 04:24:00+00:00,17.21,19.58,2825.92,0.0,19.63,False,0,False,0.2444107372306984,None
2026-08-31 04:25:00+00:00,11.68,12.27,2840.23,0.0,21.12,False,0,False,0.2645814830638183,None
2026-08-31 04:26:00+00:00,22.13,22.85,2821.37,0.12,20.47,False,0,False,0.22338725072100463,None
2026-08-31 04:27:00+00:00,16.74,18.42,2961.12,1.06,19.63,True,1,False,0.16592982696665515,Z-Score
2026-08-31 04:28:00+00:00,11.75,16.78,2728.52,0.0,19.63,False,0,False,0.27751073579949637,None
2026-08-31 04:29:00+00:00,13.97,10.1,2453.24,0.0,19.63,False,0,False,0.23469262398074198,None
2026-08-31 04:30:00+00:00,15.45,19.25,2542.72,0.0,20.86,False,0,False,0.27600063318396056,None
2026-08-31 04:31:00+00:00,13.35,14.87,2775.83,0.0,19.77,False,0,False,0.2583314982214463,None
2026-08-31 04:32:00+00:00,14.61,18.49,2280.86,0.0,19.94,False,0,False,0.24770394949230412,None
2026-08-31 04:33:00+00:00,11.03,15.28,2607.0,0.0,20.55,False,0,False,0.2627376163359181,None
2026-08-31 04:34:00+00:00,13.66,17.79,2753.92,0.0,19.63,False,0,False,0.28110384637312524,None
2026-08-31 04:35:00+00:00,13.88,16.33,2518.32,0.41,20.32,False,0,False,0.2365103970786796,None
2026-08-31 04:36:00+00:00,13.63,15.16,2605.14,0.27,20.4,False,0,False,0.25657947178216245,None
2026-08-31 04:37:00+00:00,16.78,19.96,2673.86,0.99,20.88,True,1,False,0.2057245746855813,Z-Score
2026-08-31 04:38:00+00:00,20.36,22.74,2831.09,0.0,19.63,False,0,False,0.2650150463314888,None
2026-08-31 04:39:00+00:00,15.15,13.26,2707.05,0.0,20.81,False,0,False,0.27347176363044146,None
2026-08-31 04:40:00+00:00,19.29,19.95,2853.06,0.0,20.86,False,0,False,0.2769726550994878,None
2026-08-31 04:41:00+00:00,15.32,21.26,2814.54,0.0,20.7,False,0,False,0.27600452634177924,None
2026-08-31 04:42:00+00:00,17.18,21.55,2726.57,0.0,19.63,False,0,False,0.2693868048608461,None
2026-08-31 04:43:00+00:00,16.95,19.16,2613.15,0.0,19.63,False,0,False,0.2520885447540828,None
2026-08-31 04:44:00+00:00,8.0,10.42,2905.18,0.0,19.63,False,0,False,0.22003828894866317,None
2026-08-31 04:45:00+00:00,10.54,10.52,2712.84,0.03,19.71,False,0,False,0.24555343199792845,None
2026-08-31 04:46:00+00:00,12.2,14.53,2804.11,0.0,19.63,False,0,False,0.2708346309791698,None
2026-08-31 04:47:00+00:00,13.84,16.3,2480.73,0.0,20.71,False,0,False,0.2631287288255629,None
2026-08-31 04:48:00+00:00,17.81,23.82,2728.76,0.0,20.11,False,0,False,0.26883089113842673,None
2026-08-31 04:49:00+00:00,19.03,20.91,2892.33,0.0,19.63,False,0,False,0.2345964819925811,None
2026-08-31 04:50:00+00:00,20.97,20.82,2474.25,0.0,19.63,False,0,False,0.24997805485571217,None
2026-08-31 04:51:00+00:00,15.02,23.84,2782.09,0.0,20.19,False,0,False,0.26097157404174826,None
2026-08-31 04:52:00+00:00,15.73,20.74,2835.08,0.0,19.63,False,0,False,0.24403141532840011,None
2026-08-31 04:53:00+00:00,21.91,23.26,2370.53,0.0,19.64,False,0,False,0.2261000668664193,None
2026-08-31 04:54:00+00:00,12.7,15.97,2764.56,0.0,19.96,False,0,False,0.2690242881897502,None
2026-08-31 04:55:00+00:00,20.92,24.6,2709.92,0.0,19.63,False,0,False,0.2508040992427983,None
2026-08-31 04:56:00+00:00,21.13,25.95,2512.02,0.01,19.63,False,0,False,0.22319021675156275,None
2026-08-31 04:57:00+00:00,17.23,21.78,2536.57,0.0,19.63,False,0,False,0.2635215031228835,None
2026-08-31 04:58:00+00:00,12.45,16.14,2656.48,0.0,19.63,False,0,False,0.2778335777616593,None
2026-08-31 04:59:00+00:00,13.89,15.5,2656.9,0.0,19.63,False,0,False,0.27983720484445895,None
2026-08-31 05:00:00+00:00,12.12,15.83,2755.42,0.0,21.07,False,0,False,0.2739088486785202,None
2026-08-31 05:01:00+00:00,10.68,10.61,2699.91,1.03,20.36,True,1,False,0.17641277039562314,Z-Score
2026-08-31 05:02:00+00:00,10.49,11.77,2593.99,0.0,20.7,False,0,False,0.24476489200171186,None
2026-08-31 05:03:00+00:00,11.89,10.96,2846.29,0.0,21.11,False,0,False,0.2613564436935926,None
2026-08-31 05:04:00+00:00,16.13,19.97,2693.7,0.0,19.63,False,0,False,0.2790678246437509,None
2026-08-31 05:05:00+00:00,21.48,23.9,2635.14,0.0,19.63,False,0,False,0.2524920224499759,None
2026-08-31 05:06:00+00:00,19.48,25.13,2337.09,0.35,19.63,False,0,False,0.19210818474957386,None
2026-08-31 05:07:00+00:00,16.12,19.07,2532.68,0.0,19.63,False,0,False,0.27714568820459523,None
2026-08-31 05:08:00+00:00,8.9,12.29,2499.8,0.19,20.96,False,0,False,0.17842925553545036,None
2026-08-31 05:09:00+00:00,18.99,21.2,2715.17,0.63,21.08,False,0,False,0.22187289173096042,None
2026-08-31 05:10:00+00:00,16.27,17.6,2869.11,0.0,21.1,False,0,False,0.24124208477607967,None
2026-08-31 05:11:00+00:00,14.89,18.54,2883.28,0.82,19.63,False,0,False,0.22820025662424337,None
2026-08-31 05:12:00+00:00,12.47,20.73,2796.24,0.0,19.76,False,0,False,0.2702105487089139,None
2026-08-31 05:13:00+00:00,15.67,16.56,2857.08,0.0,19.9,False,0,False,0.27663842838886615,None
2026-08-31 05:14:00+00:00,14.32,15.64,2839.64,0.0,19.63,False,0,False,0.2777963981357686,None
2026-08-31 05:15:00+00:00,17.43,24.76,3011.89,0.94,21.09,True,1,False,0.14108982740915132,Z-Score
2026-08-31 05:16:00+00:00,15.28,16.74,2458.38,0.0,19.63,False,0,False,0.26207943893729546,None
2026-08-31 05:17:00+00:00,15.0,19.98,2808.99,0.0,20.44,False,0,False,0.2284852778771056,None
2026-08-31 05:18:00+00:00,17.07,18.68,2712.67,0.0,20.49,False,0,False,0.2687028249925362,None
2026-08-31 05:19:00+00:00,13.08,11.21,2429.11,0.0,20.72,False,0,False,0.2173212647961425,None
2026-08-31 05:20:00+00:00,16.28,18.44,2470.77,0.0,19.63,False,0,False,0.2571301338393377,None
2026-08-31 05:21:00+00:00,13.84,13.88,2766.66,0.28,19.63,False,0,False,0.2559834110544258,None
2026-08-31 05:22:00+00:00,10.36,14.3,2809.3,0.0,19.63,False,0,False,0.26666534801547404,None
2026-08-31 05:23:00+00:00,23.25,24.16,2754.31,0.0,20.58,False,0,False,0.2394334990251965,None
2026-08-31 05:24:00+00:00,22.32,23.77,2818.13,0.0,20.62,False,0,False,0.25530514821132966,None
2026-08-31 05:25:00+00:00,14.89,19.22,2670.49,0.76,19.63,False,0,False,0.22749886384280016,None
2026-08-31 05:26:00+00:00,14.45,15.49,2769.66,0.15,19.63,False,0,False,0.2662555440686184,None
2026-08-31 05:27:00+00:00,19.2,19.48,2639.53,0.0,20.38,False,0,False,0.27720734114374446,None
2026-08-31 05:28:00+00:00,14.06,17.1,2629.58,0.0,19.63,False,0,False,0.21381679247852026,None
2026-08-31 05:29:00+00:00,16.67,23.28,2797.54,0.0,20.22,False,0,False,0.2724840044574952,None
2026-08-31 05:30:00+00:00,12.32,17.5,2974.17,0.46,19.91,False,0,False,0.2358042662840023,None
2026-08-31 05:31:00+00:00,18.03,19.5,2606.2,0.0,19.64,False,0,False,0.27729478245847544,None
2026-08-31 05:32:00+00:00,12.01,14.96,2689.97,0.11,21.12,False,0,False,0.24322628011007213,None
2026-08-31 05:33:00+00:00,14.58,17.49,2847.48,0.0,19.63,False,0,False,0.2742115406990014,None
2026-08-31 05:34:00+00:00,13.72,13.43,2761.76,0.51,19.63,False,0,False,0.23372605857465606,None
2026-08-31 05:35:00+00:00,10.02,14.4,2906.06,0.0,19.81,False,0,False,0.25592257869554547,None
2026-08-31 05:36:00+00:00,15.5,21.53,2646.04,0.41,20.72,False,0,False,0.24703663053554986,None
2026-08-31 05:37:00+00:00,15.41,15.03,2575.95,0.0,20.91,False,0,False,0.27491566075120216,None
2026-08-31 05:38:00+00:00,13.94,17.61,2761.62,0.0,19.67,False,0,False,0.26842408938677853,None
2026-08-31 05:39:00+00:00,13.09,15.14,2500.73,0.0,19.63,False,0,False,0.2726393305607556,None
2026-08-31 05:40:00+00:00,16.29,18.02,2756.66,0.68,19.63,False,0,False,0.2446196057833782,None
2026-08-31 05:41:00+00:00,12.72,9.8,2879.32,0.0,19.67,False,0,False,0.235579181629806,None
2026-08-31 05:42:00+00:00,18.96,21.56,2578.0,0.18,20.89,False,0,False,0.24831986593026156,None
2026-08-31 05:43:00+00:00,10.33,12.21,2673.64,1.0,19.83,True,1,False,0.16946212870479016,Z-Score
2026-08-31 05:44:00+00:00,13.61,17.16,2922.45,0.62,20.35,False,0,False,0.23573356687551,None
2026-08-31 05:45:00+00:00,12.59,15.69,2870.73,0.46,19.82,False,0,False,0.2477691219892213,None
2026-08-31 05:46:00+00:00,12.95,19.67,2722.61,0.0,19.63,False,0,False,0.26568630174998303,None
2026-08-31 05:47:00+00:00,16.06,19.03,2611.01,0.0,19.63,False,0,False,0.2813057158895679,None
2026-08-31 05:48:00+00:00,12.3,17.95,2583.48,0.0,19.91,False,0,False,0.243497483702878,None
2026-08-31 05:49:00+00:00,17.94,18.02,2689.56,0.0,19.63,False,0,False,0.2784605853769911,None
2026-08-31 05:50:00+00:00,13.66,13.33,2601.38,0.0,19.9,False,0,False,0.2541759504639964,None
2026-08-31 05:51:00+00:00,16.4,18.3,2742.42,0.0,19.63,False,0,False,0.27838317898680776,None
2026-08-31 05:52:00+00:00,15.15,14.78,2506.59,0.6,19.63,False,0,False,0.23865141757601716,None
2026-08-31 05:53:00+00:00,16.5,22.06,2798.86,0.0,20.31,False,0,False,0.2677409936594113,None
2026-08-31 05:54:00+00:00,17.73,22.14,2683.83,0.89,20.12,False,0,False,0.19279338333511187,None
2026-08-31 05:55:00+00:00,16.49,20.66,2538.1,0.0,19.63,False,0,False,0.27698938314361815,None
2026-08-31 05:56:00+00:00,16.54,17.78,2698.23,0.0,20.86,False,0,False,0.24948230636239915,None
2026-08-31 05:57:00+00:00,16.99,21.65,2820.23,0.0,19.63,False,0,False,0.2802444946516409,None
2026-08-31 05:58:00+00:00,12.29,16.57,2659.56,0.0,20.12,False,0,False,0.2772865258356642,None
2026-08-31 05:59:00+00:00,16.43,18.74,2549.92,0.01,19.63,False,0,False,0.2740165234208936,None
2026-08-31 06:00:00+00:00,10.73,13.56,2869.51,0.0,19.63,False,0,False,0.2697069478466949,None
2026-08-31 06:01:00+00:00,15.48,16.01,2667.21,1.06,20.23,False,0,False,0.2052434473109006,None
2026-08-31 06:02:00+00:00,12.46,17.5,2674.65,0.0,19.63,False,0,False,0.25799589454027033,None
2026-08-31 06:03:00+00:00,17.73,20.04,2746.71,0.0,20.75,False,0,False,0.26111332795746495,None
2026-08-31 06:04:00+00:00,15.21,13.31,2749.9,0.0,20.64,False,0,False,0.26619323396201283,None
2026-08-31 06:05:00+00:00,8.33,10.32,2724.93,0.0,20.58,False,0,False,0.20912118353918763,None
2026-08-31 06:06:00+00:00,10.69,14.63,2414.0,0.0,19.63,False,0,False,0.24190800955810815,None
2026-08-31 06:07:00+00:00,18.32,17.0,2542.86,0.0,19.63,False,0,False,0.2721805114624799,None
2026-08-31 06:08:00+00:00,11.63,9.76,2603.62,0.37,20.78,False,0,False,0.210022849114896,None
2026-08-31 06:09:00+00:00,10.97,15.56,2799.19,0.0,21.06,False,0,False,0.26142212160563627,None
2026-08-31 06:10:00+00:00,16.47,29.75,2879.81,0.0,20.07,True,1,False,0.2405905886974793,Z-Score
2026-08-31 06:11:00+00:00,15.0,12.72,2736.27,0.0,19.79,False,0,False,0.2772539158996224,None
2026-08-31 06:12:00+00:00,11.42,10.9,2881.04,0.0,20.93,False,0,False,0.2412825304428064,None
2026-08-31 06:13:00+00:00,12.05,17.33,2735.12,0.0,20.07,False,0,False,0.2655585157282906,None
2026-08-31 06:14:00+00:00,13.02,20.17,2883.48,0.0,19.63,False,0,False,0.2781181590076837,None
2026-08-31 06:15:00+00:00,16.08,19.93,2861.21,0.0,20.08,False,0,False,0.2845980483991984,None
2026-08-31 06:16:00+00:00,13.39,14.19,2723.27,0.96,19.63,False,0,False,0.21383182917270432,None
2026-08-31 06:17:00+00:00,17.84,24.65,2825.95,0.0,20.13,False,0,False,0.2671512253467782,None
2026-08-31 06:18:00+00:00,19.67,18.07,2768.11,0.0,20.04,False,0,False,0.27233340638938947,None
2026-08-31 06:19:00+00:00,17.82,21.35,2535.88,0.12,20.55,False,0,False,0.2569575269999532,None
2026-08-31 06:20:00+00:00,17.89,20.08,2723.75,0.0,19.63,False,0,False,0.2507825590388386,None
2026-08-31 06:21:00+00:00,12.05,14.78,2817.8,0.51,19.63,False,0,False,0.24515024850920902,None
2026-08-31 06:22:00+00:00,12.73,13.13,2759.77,0.21,20.66,False,0,False,0.24514022524295936,None
2026-08-31 06:23:00+00:00,17.37,16.09,2861.31,0.7,20.2,False,0,False,0.22298859342552302,None
2026-08-31 06:24:00+00:00,11.63,14.17,2930.0,0.0,19.69,False,0,False,0.26279652251698965,None
2026-08-31 06:25:00+00:00,17.47,23.4,2779.77,0.0,20.05,False,0,False,0.26171113806977503,None
2026-08-31 06:26:00+00:00,15.71,18.17,2625.91,0.0,20.52,False,0,False,0.2845829605687855,None
2026-08-31 06:27:00+00:00,18.54,22.7,2676.32,0.74,21.08,False,0,False,0.19993926445819338,None
2026-08-31 06:28:00+00:00,14.6,16.08,2599.56,0.0,20.0,False,0,False,0.2713199855091182,None
2026-08-31 06:29:00+00:00,21.53,21.22,2714.37,0.08,20.11,False,0,False,0.24144387468588907,None
2026-08-31 06:30:00+00:00,10.5,15.06,2729.06,0.0,19.63,False,0,False,0.2639557306930108,None
2026-08-31 06:31:00+00:00,14.97,16.12,2857.32,0.0,20.43,False,0,False,0.2736802461054867,None
2026-08-31 06:32:00+00:00,18.76,24.24,2483.64,0.31,20.15,False,0,False,0.22727547927745662,None
2026-08-31 06:33:00+00:00,18.47,20.98,2589.38,0.68,20.13,False,0,False,0.22185603546043503,None
2026-08-31 06:34:00+00:00,17.82,21.13,2564.67,0.0,20.26,False,0,False,0.2769914069537343,None
2026-08-31 06:35:00+00:00,14.39,20.31,2589.88,0.0,19.63,False,0,False,0.269091697338521,None
2026-08-31 06:36:00+00:00,20.34,25.53,2906.53,0.0,19.79,False,0,False,0.24070159596993623,None
2026-08-31 06:37:00+00:00,14.45,14.31,2586.26,0.0,19.63,False,0,False,0.27119213378748813,None
2026-08-31 06:38:00+00:00,15.27,14.48,2742.14,1.24,20.9,True,1,False,0.19562693798223663,Z-Score
2026-08-31 06:39:00+00:00,10.87,12.99,2858.72,0.0,20.45,False,0,False,0.26357540040867555,None
2026-08-31 06:40:00+00:00,15.24,20.55,2820.95,0.0,19.63,False,0,False,0.2857411542867632,None
2026-08-31 06:41:00+00:00,13.8,18.94,2694.07,0.0,19.64,False,0,False,0.28473373425077747,None
2026-08-31 06:42:00+00:00,11.85,8.47,2867.76,0.11,20.33,False,0,False,0.22444758569712475,None
2026-08-31 06:43:00+00:00,17.88,19.94,2649.65,0.0,19.78,False,0,False,0.2732224065281378,None
2026-08-31 06:44:00+00:00,16.85,22.31,2714.07,1.32,19.63,True,1,False,0.16783311508622278,Z-Score
2026-08-31 06:45:00+00:00,16.02,17.51,2555.97,0.69,20.55,False,0,False,0.1657843487146497,None
2026-08-31 06:46:00+00:00,9.48,10.76,2869.87,0.31,21.01,False,0,False,0.2026981847023891,None
2026-08-31 06:47:00+00:00,15.86,16.91,2659.0,0.0,20.17,False,0,False,0.2779359746322911,None
2026-08-31 06:48:00+00:00,14.94,14.21,2856.92,0.0,19.67,False,0,False,0.28251228530250766,None
2026-08-31 06:49:00+00:00,15.09,20.32,2648.58,0.0,19.8,False,0,False,0.2736600271823664,None
2026-08-31 06:50:00+00:00,11.38,15.44,2786.63,0.0,20.95,False,0,False,0.24973476758290397,None
2026-08-31 06:51:00+00:00,19.71,24.84,2745.37,0.0,20.07,False,0,False,0.21853407229253924,None
2026-08-31 06:52:00+00:00,21.03,21.86,2726.15,0.0,19.63,False,0,False,0.2615476782982992,None
2026-08-31 06:53:00+00:00,14.93,17.6,2883.1,0.31,21.04,False,0,False,0.2611784028083281,None
2026-08-31 06:54:00+00:00,19.39,20.91,2712.9,0.0,19.63,False,0,False,0.27693182020167484,None
2026-08-31 06:55:00+00:00,14.48,15.2,2820.88,0.0,20.71,False,0,False,0.2723039159220796,None
2026-08-31 06:56:00+00:00,18.84,22.32,2771.96,0.09,19.63,False,0,False,0.26176141521722995,None
2026-08-31 06:57:00+00:00,18.42,21.47,2773.26,0.0,20.9,False,0,False,0.2797284805007916,None
2026-08-31 06:58:00+00:00,18.8,23.31,2795.0,0.46,19.63,False,0,False,0.23859617320858595,None
2026-08-31 06:59:00+00:00,16.72,19.7,2554.26,0.0,20.12,False,0,False,0.27962035766185495,None
2026-08-31 07:00:00+00:00,14.76,15.96,2851.17,0.0,20.66,False,0,False,0.21666902722251502,None
2026-08-31 07:01:00+00:00,13.56,13.39,2703.95,0.35,20.32,False,0,False,0.24282832075020178,None
2026-08-31 07:02:00+00:00,18.54,16.34,2793.75,0.0,19.63,False,0,False,0.2558750516113413,None
2026-08-31 07:03:00+00:00,18.98,20.13,2840.26,0.34,19.63,False,0,False,0.22758252409359997,None
2026-08-31 07:04:00+00:00,13.62,16.43,2793.63,0.0,20.31,False,0,False,0.28329126398213905,None
2026-08-31 07:05:00+00:00,19.29,19.88,2835.35,0.0,20.33,False,0,False,0.2774927275979694,None
2026-08-31 07:06:00+00:00,8.0,7.5,2844.77,0.61,20.72,False,0,False,0.15574968069955125,None
2026-08-31 07:07:00+00:00,13.58,13.53,2823.48,0.0,19.63,False,0,False,0.28344824633685234,None
2026-08-31 07:08:00+00:00,12.96,14.35,2900.33,0.72,20.41,False,0,False,0.2339838070285093,None
2026-08-31 07:09:00+00:00,19.38,22.95,2724.46,1.08,19.68,False,0,False,0.18431353799580824,None
2026-08-31 07:10:00+00:00,20.49,24.68,2536.15,0.0,19.63,False,0,False,0.24529217856598967,None
2026-08-31 07:11:00+00:00,13.55,14.64,2827.76,0.0,20.58,False,0,False,0.26826928405142497,None
2026-08-31 07:12:00+00:00,16.25,15.85,3048.83,0.31,20.43,False,0,False,0.2601799046059462,None
2026-08-31 07:13:00+00:00,15.87,14.8,2936.93,0.0,19.63,False,0,False,0.2710007018830889,None
2026-08-31 07:14:00+00:00,17.52,16.03,2859.82,0.0,20.83,False,0,False,0.2710226763610103,None
2026-08-31 07:15:00+00:00,19.53,19.22,2947.76,0.0,19.63,False,0,False,0.2727496612449352,None
2026-08-31 07:16:00+00:00,14.29,18.93,2822.85,0.0,19.63,False,0,False,0.267766657443747,None
2026-08-31 07:17:00+00:00,14.37,19.85,2909.34,0.0,19.63,False,0,False,0.27721058899989237,None
2026-08-31 07:18:00+00:00,15.54,13.9,2945.3,1.28,21.0,True,1,False,0.1779154349586029,Z-Score
2026-08-31 07:19:00+00:00,14.77,15.98,3003.5,0.0,20.78,False,0,False,0.2855020669789638,None
2026-08-31 07:20:00+00:00,17.79,21.85,3026.0,0.0,19.63,False,0,False,0.2794847199031895,None
2026-08-31 07:21:00+00:00,13.91,15.92,2713.18,0.35,19.63,False,0,False,0.25540598996304154,None
2026-08-31 07:22:00+00:00,15.2,18.96,2768.93,0.0,20.63,False,0,False,0.28807604076995263,None
2026-08-31 07:23:00+00:00,20.12,22.64,2758.02,0.48,19.63,False,0,False,0.22793240842545232,None
2026-08-31 07:24:00+00:00,9.87,15.45,2897.56,0.0,19.63,False,0,False,0.25088518891524,None
2026-08-31 07:25:00+00:00,17.08,14.93,3066.74,0.19,20.22,False,0,False,0.2608710675723346,None
2026-08-31 07:26:00+00:00,12.19,19.22,2930.18,0.62,19.92,False,0,False,0.23762383417588928,None
2026-08-31 07:27:00+00:00,14.21,20.28,2768.58,0.0,19.95,False,0,False,0.2705570463748454,None
2026-08-31 07:28:00+00:00,17.86,21.1,3017.52,0.0,19.72,False,0,False,0.2699346467127057,None
2026-08-31 07:29:00+00:00,16.32,15.91,2891.55,0.0,19.9,False,0,False,0.2434103481398226,None
2026-08-31 07:30:00+00:00,15.48,11.85,2841.0,0.67,20.96,False,0,False,0.1975206495779845,None
2026-08-31 07:31:00+00:00,14.55,19.74,2917.41,0.0,19.99,False,0,False,0.28140731842368405,None
2026-08-31 07:32:00+00:00,17.56,18.75,2858.46,0.97,19.63,False,0,False,0.21237145913870759,None
2026-08-31 07:33:00+00:00,14.35,17.58,2954.77,0.0,19.88,False,0,False,0.288704734781416,None
2026-08-31 07:34:00+00:00,15.08,17.98,2759.42,0.0,19.63,False,0,False,0.28782197088746647,None
2026-08-31 07:35:00+00:00,13.2,13.94,2964.97,0.0,19.63,False,0,False,0.2820526840324471,None
2026-08-31 07:36:00+00:00,17.95,18.94,2754.16,0.0,19.63,False,0,False,0.2628739624767441,None
2026-08-31 07:37:00+00:00,12.07,14.24,2786.8,0.89,19.63,False,0,False,0.206790790868716,None
2026-08-31 07:38:00+00:00,16.03,15.95,2926.95,0.0,20.0,False,0,False,0.2870080712429281,None
2026-08-31 07:39:00+00:00,15.53,14.01,2913.6,0.0,19.63,False,0,False,0.27794164017707385,None
2026-08-31 07:40:00+00:00,13.7,16.36,3121.26,0.0,19.67,False,0,False,0.2835513502418749,None
2026-08-31 07:41:00+00:00,16.69,15.21,2878.47,0.0,20.11,False,0,False,0.2836679689581035,None
2026-08-31 07:42:00+00:00,17.76,23.85,3168.58,0.0,19.63,False,0,False,0.26910490544843885,None
2026-08-31 07:43:00+00:00,14.12,20.14,3051.16,0.0,19.98,False,0,False,0.28327616246478027,None
2026-08-31 07:44:00+00:00,13.08,15.64,3122.37,0.0,20.42,False,0,False,0.28115608037541795,None
2026-08-31 07:45:00+00:00,11.33,16.05,3158.44,0.0,20.19,False,0,False,0.2628048396929468,None
2026-08-31 07:46:00+00:00,13.25,11.85,2856.85,0.02,19.69,False,0,False,0.26761824032975634,None
2026-08-31 07:47:00+00:00,15.23,15.37,2966.79,0.0,19.63,False,0,False,0.26438533815100335,None
2026-08-31 07:48:00+00:00,11.62,14.61,2895.05,0.35,20.89,False,0,False,0.2084910089658985,None
2026-08-31 07:49:00+00:00,17.81,22.58,3173.57,0.0,19.92,False,0,False,0.2673086508179591,None
2026-08-31 07:50:00+00:00,19.38,24.84,2865.05,0.0,20.25,False,0,False,0.23945784018165417,None
2026-08-31 07:51:00+00:00,20.02,22.63,2941.13,0.0,20.17,False,0,False,0.24611696709595482,None
2026-08-31 07:52:00+00:00,15.64,16.96,2928.25,0.0,20.58,False,0,False,0.28153092164974775,None
2026-08-31 07:53:00+00:00,14.14,17.01,2991.45,0.0,20.21,False,0,False,0.28035095943168586,None
2026-08-31 07:54:00+00:00,14.92,19.47,2932.14,0.0,20.46,False,0,False,0.288914721340734,None
2026-08-31 07:55:00+00:00,16.55,16.16,2891.03,0.0,20.43,False,0,False,0.2829812273222454,None
2026-08-31 07:56:00+00:00,16.03,21.86,3003.39,0.0,20.26,False,0,False,0.2598203607319551,None
2026-08-31 07:57:00+00:00,19.09,25.25,2946.61,0.0,20.34,False,0,False,0.2550871148436882,None
2026-08-31 07:58:00+00:00,16.13,19.02,3415.98,1.06,21.02,True,1,False,0.19306830168497097,Z-Score
2026-08-31 07:59:00+00:00,17.95,16.1,3010.17,0.0,21.16,False,0,False,0.2785847892049705,None
2026-08-31 08:00:00+00:00,11.16,8.42,3075.79,0.0,20.4,False,0,False,0.2315586921106465,None
2026-08-31 08:01:00+00:00,18.98,23.93,3190.93,0.0,21.71,True,1,False,0.2573360362793277,Z-Score
2026-08-31 08:02:00+00:00,12.03,13.75,2764.63,0.0,21.64,True,1,False,0.2680330374677809,Z-Score
2026-08-31 08:03:00+00:00,19.77,17.43,3172.96,0.0,20.51,False,0,False,0.26767456557150787,None
2026-08-31 08:04:00+00:00,14.78,14.63,3199.38,0.0,19.9,False,0,False,0.2746826567078973,None
2026-08-31 08:05:00+00:00,12.27,12.67,2862.68,0.0,21.45,False,0,False,0.2633097750305149,None
2026-08-31 08:06:00+00:00,12.19,14.1,2923.67,0.0,22.41,True,1,False,0.27016237527368775,Z-Score
2026-08-31 08:07:00+00:00,16.13,16.99,2691.93,0.0,20.58,False,0,False,0.2751763958127885,None
2026-08-31 08:08:00+00:00,13.59,10.53,3118.63,0.63,22.33,True,1,False,0.1640834473356304,Z-Score
2026-08-31 08:09:00+00:00,14.15,13.8,3036.73,0.0,21.83,False,0,False,0.24952128894959885,None
2026-08-31 08:10:00+00:00,12.65,9.38,3029.55,0.0,22.82,True,1,False,0.21772281093138462,Z-Score
2026-08-31 08:11:00+00:00,14.05,16.89,3264.2,0.35,23.46,True,1,False,0.2354686070707458,Z-Score
2026-08-31 08:12:00+00:00,18.31,19.96,2898.26,0.0,22.13,False,0,False,0.2746393816028616,None
2026-08-31 08:13:00+00:00,13.11,15.12,3166.84,0.0,23.62,True,1,False,0.2658559793707708,Z-Score
2026-08-31 08:14:00+00:00,16.5,17.38,3087.45,0.0,20.06,False,0,False,0.2818241386722229,None
2026-08-31 08:15:00+00:00,21.35,25.43,3263.54,0.0,24.2,True,1,False,0.216550614592821,Z-Score
2026-08-31 08:16:00+00:00,13.38,13.19,3237.4,0.0,23.87,True,1,False,0.24119275255539735,Z-Score
2026-08-31 08:17:00+00:00,15.07,23.29,3047.99,0.0,20.42,False,0,False,0.2673857806767124,None
2026-08-31 08:18:00+00:00,14.66,20.31,3282.93,0.0,22.61,False,0,False,0.2573783314271893,None
2026-08-31 08:19:00+00:00,20.29,21.16,3019.08,0.0,20.64,False,0,False,0.2583417010099934,None
2026-08-31 08:20:00+00:00,16.83,15.23,3044.24,0.0,24.65,True,1,False,0.2406451565656742,Z-Score
2026-08-31 08:21:00+00:00,15.28,14.97,3252.87,0.0,23.8,False,0,False,0.25886357957702105,None
2026-08-31 08:22:00+00:00,16.81,21.05,3149.18,0.23,20.6,False,0,False,0.23360850164777786,None
2026-08-31 08:23:00+00:00,13.52,14.28,3280.53,0.0,20.32,False,0,False,0.2692587757816057,None
2026-08-31 08:24:00+00:00,10.06,9.45,3415.29,163.8,23.06,True,1,False,0.031584717347100666,Z-Score
2026-08-31 08:25:00+00:00,12.94,9.97,3135.64,133.61,24.26,True,1,False,0.06102686980303795,Z-Score
2026-08-31 08:26:00+00:00,16.02,15.35,3271.65,148.74,20.63,True,1,False,0.08861016900920327,Z-Score
2026-08-31 08:27:00+00:00,17.46,20.36,3213.65,122.86,25.7,True,2,False,0.08766338572503285,Z-Score
2026-08-31 08:28:00+00:00,15.66,18.04,3059.54,145.51,24.72,True,1,False,0.08918596514283728,Z-Score
2026-08-31 08:29:00+00:00,11.54,17.15,3054.59,130.97,20.71,False,0,False,0.10854337079332244,None
2026-08-31 08:30:00+00:00,19.44,25.26,3233.84,148.14,25.27,True,1,False,0.05565223682945941,Z-Score
2026-08-31 08:31:00+00:00,20.41,20.94,3201.4,128.33,20.13,False,0,False,0.08290318629427229,None
2026-08-31 08:32:00+00:00,13.4,17.62,3349.78,128.39,24.97,False,0,False,0.05974054932681572,None
2026-08-31 08:33:00+00:00,17.78,18.82,3265.85,0.84,20.22,False,0,False,0.20915638615041643,None
2026-08-31 08:34:00+00:00,14.02,16.51,3264.83,0.31,20.43,False,0,False,0.2489788398297187,None
2026-08-31 08:35:00+00:00,15.42,18.19,3161.11,0.0,26.19,False,0,False,0.26395431420224086,None
2026-08-31 08:36:00+00:00,19.28,21.25,3292.35,0.28,25.06,False,0,False,0.21763179056845988,None
2026-08-31 08:37:00+00:00,14.62,14.41,2974.56,0.0,20.11,False,0,False,0.2854150391747768,None
2026-08-31 08:38:00+00:00,13.7,18.73,2835.73,0.0,20.16,False,0,False,0.28488583908398135,None
2026-08-31 08:39:00+00:00,12.14,11.97,3466.19,0.0,26.31,False,0,False,0.2239512081482667,None
2026-08-31 08:40:00+00:00,14.05,17.03,3221.45,0.0,25.02,False,0,False,0.2656094006787598,None
2026-08-31 08:41:00+00:00,14.05,15.4,3221.34,0.95,20.19,False,0,False,0.20867333444044267,None
2026-08-31 08:42:00+00:00,17.01,16.7,3516.63,0.0,29.09,True,1,False,0.22853569639299515,Z-Score
2026-08-31 08:43:00+00:00,12.65,15.64,3148.14,0.45,20.34,False,0,False,0.23906268390689595,None
2026-08-31 08:44:00+00:00,16.99,23.6,3049.49,0.0,25.78,False,0,False,0.24880308083294067,None
2026-08-31 08:45:00+00:00,17.68,19.5,3244.73,0.0,29.6,True,1,False,0.24996166098210554,Z-Score
2026-08-31 08:46:00+00:00,16.16,17.08,3138.03,0.0,20.08,False,0,False,0.2580964819097165,None
2026-08-31 08:47:00+00:00,14.92,23.78,3092.85,0.7,28.29,False,0,False,0.19279190435845106,None
2026-08-31 08:48:00+00:00,12.45,19.64,3247.04,0.0,21.04,False,0,False,0.2637584681243335,None
2026-08-31 08:49:00+00:00,16.02,15.3,3437.17,0.0,27.28,False,0,False,0.23784333530211577,None
2026-08-31 08:50:00+00:00,12.1,11.31,3305.34,0.0,19.87,False,0,False,0.240971152450848,None
2026-08-31 08:51:00+00:00,17.88,16.65,3384.96,0.0,20.42,False,0,False,0.26136236201286706,None
2026-08-31 08:52:00+00:00,12.55,12.88,3290.71,0.75,20.87,False,0,False,0.21269480179183453,None
2026-08-31 08:53:00+00:00,11.31,10.9,3099.6,0.0,26.77,False,0,False,0.23142746306526912,None
2026-08-31 08:54:00+00:00,18.17,27.42,3356.79,0.16,20.97,False,0,False,0.21376641059080342,None
2026-08-31 08:55:00+00:00,16.35,20.96,3059.42,0.0,19.71,False,0,False,0.24895597656988266,None
2026-08-31 08:56:00+00:00,13.68,14.83,3414.2,0.0,30.16,False,0,False,0.23569507551131436,None
2026-08-31 08:57:00+00:00,17.16,17.3,3673.62,0.0,30.98,False,0,False,0.1868098429389753,None
2026-08-31 08:58:00+00:00,17.16,17.72,3319.86,0.0,28.82,False,0,False,0.24283849467102925,None
2026-08-31 08:59:00+00:00,19.24,16.87,3360.26,0.0,20.9,False,0,False,0.2628121375658554,None
2026-08-31 09:00:00+00:00,8.91,13.65,3561.49,0.0,28.69,False,0,False,0.17905508772572942,None
2026-08-31 09:01:00+00:00,18.21,15.53,3365.19,0.0,31.17,False,0,False,0.2252111444085615,None
2026-08-31 09:02:00+00:00,12.73,13.41,3353.6,0.0,32.2,False,0,False,0.19608971954632276,None
2026-08-31 09:03:00+00:00,12.66,20.19,3280.29,0.0,28.5,False,0,False,0.24185051517268225,None
2026-08-31 09:04:00+00:00,15.47,14.78,3521.18,0.43,32.43,False,0,False,0.18425789058352743,None
2026-08-31 09:05:00+00:00,15.04,19.43,3635.94,0.0,28.52,False,0,False,0.20633207435833645,None
2026-08-31 09:06:00+00:00,14.79,17.46,3330.76,0.0,20.89,False,0,False,0.27525969451533056,None
2026-08-31 09:07:00+00:00,14.63,21.71,3533.21,0.0,19.86,False,0,False,0.21268426504454718,None
2026-08-31 09:08:00+00:00,16.34,20.57,3409.49,0.0,31.55,False,0,False,0.20868736742449567,None
2026-08-31 09:09:00+00:00,19.83,20.56,3311.74,0.0,20.3,False,0,False,0.2659929044591206,None
2026-08-31 09:10:00+00:00,14.19,12.44,3288.23,0.0,20.37,False,0,False,0.2496247269028704,None
2026-08-31 09:11:00+00:00,15.82,15.45,3318.52,0.0,20.23,False,0,False,0.2679634169559197,None
2026-08-31 09:12:00+00:00,12.12,13.9,3456.66,0.0,29.54,False,0,False,0.225438707794748,None
2026-08-31 09:13:00+00:00,14.42,16.79,3401.14,0.0,32.52,False,0,False,0.23055657900566423,None
2026-08-31 09:14:00+00:00,14.71,16.26,3163.32,0.0,19.99,False,0,False,0.27491804984955454,None
2026-08-31 09:15:00+00:00,13.82,11.76,3506.79,0.0,20.7,False,0,False,0.24830990282485166,None
2026-08-31 09:16:00+00:00,17.06,18.81,3709.64,0.0,20.23,False,0,False,0.22360103554077243,None
2026-08-31 09:17:00+00:00,13.95,13.95,3169.23,0.0,20.07,False,0,False,0.2806466648489171,None
2026-08-31 09:18:00+00:00,16.91,13.42,3438.43,0.0,32.19,False,0,False,0.20183325982764805,None
2026-08-31 09:19:00+00:00,13.83,15.77,3463.91,0.0,20.86,False,0,False,0.26119073511372637,None
2026-08-31 09:20:00+00:00,19.25,24.5,3153.67,0.0,20.72,False,0,False,0.2607751914027687,None
2026-08-31 09:21:00+00:00,16.48,22.22,3323.85,0.04,34.35,False,0,False,0.18501701627487632,None
2026-08-31 09:22:00+00:00,15.92,15.27,3353.62,0.0,34.89,False,0,False,0.23195574293699844,None
2026-08-31 09:23:00+00:00,11.86,10.6,3599.26,0.0,19.82,False,0,False,0.21751717058500414,None
2026-08-31 09:24:00+00:00,17.41,13.39,2964.97,0.0,20.51,False,0,False,0.2581330542775621,None
2026-08-31 09:25:00+00:00,12.38,13.2,3403.86,0.0,20.56,False,0,False,0.24957285657753703,None
2026-08-31 09:26:00+00:00,14.59,15.1,3771.94,0.0,30.98,False,0,False,0.17648267288821962,None
2026-08-31 09:27:00+00:00,16.4,14.81,3208.31,0.0,39.32,True,1,False,0.23253310484211948,Z-Score
2026-08-31 09:28:00+00:00,13.04,11.2,3400.15,0.0,20.76,False,0,False,0.232588103520799,None
2026-08-31 09:29:00+00:00,16.89,21.9,3357.9,0.0,20.94,False,0,False,0.25676215014722864,None
2026-08-31 09:30:00+00:00,12.72,15.07,3351.83,0.0,20.51,False,0,False,0.23756903625498954,None
2026-08-31 09:31:00+00:00,15.51,18.87,3638.72,0.0,20.13,False,0,False,0.2282973434806998,None
2026-08-31 09:32:00+00:00,16.73,17.61,3373.15,0.31,31.73,False,0,False,0.21022088238606673,None
2026-08-31 09:33:00+00:00,16.9,18.82,3250.32,0.0,20.92,False,0,False,0.2799047044907365,None
2026-08-31 09:34:00+00:00,14.33,13.97,3483.83,1.1,38.97,True,1,False,0.13929164493760582,Z-Score
2026-08-31 09:35:00+00:00,10.14,16.35,3455.83,0.98,20.06,True,1,False,0.16383821084695538,Z-Score
2026-08-31 09:36:00+00:00,15.93,20.48,3411.48,0.0,34.26,False,0,False,0.22250218084904116,None
2026-08-31 09:37:00+00:00,17.73,20.97,3209.94,0.0,20.9,False,0,False,0.2701670911819825,None
2026-08-31 09:38:00+00:00,19.73,25.52,3402.86,0.0,33.69,False,0,False,0.14689263038512596,None
2026-08-31 09:39:00+00:00,17.85,17.72,3724.24,0.05,39.58,False,0,False,0.12367636544204796,None
2026-08-31 09:40:00+00:00,19.3,19.04,3597.29,0.0,20.38,False,0,False,0.20328776652216995,None
2026-08-31 09:41:00+00:00,10.95,9.62,3507.19,0.0,34.87,False,0,False,0.16256159254908387,None
2026-08-31 09:42:00+00:00,18.92,21.96,3462.68,0.0,39.24,False,0,False,0.16356637701629317,None
2026-08-31 09:43:00+00:00,16.23,20.39,3532.73,0.0,40.93,False,0,False,0.20598495760893581,None
2026-08-31 09:44:00+00:00,16.48,14.61,3406.76,1.2,20.63,True,1,False,0.16895769060857285,Z-Score
2026-08-31 09:45:00+00:00,14.01,13.53,3543.91,0.0,20.79,False,0,False,0.23113200677785667,None
2026-08-31 09:46:00+00:00,14.88,15.22,3519.33,0.0,20.82,False,0,False,0.2471412001298905,None
2026-08-31 09:47:00+00:00,18.46,19.47,3383.43,0.0,40.06,False,0,False,0.2142409952580029,None
2026-08-31 09:48:00+00:00,17.05,21.4,3456.46,0.0,21.06,False,0,False,0.24093928369562467,None
2026-08-31 09:49:00+00:00,12.03,7.85,3414.71,0.0,19.72,False,0,False,0.21027749574484478,None
2026-08-31 09:50:00+00:00,8.0,7.5,3795.0,0.88,19.81,True,1,False,0.10314205675677823,Z-Score
2026-08-31 09:51:00+00:00,12.18,15.03,3359.39,0.6,21.01,False,0,False,0.22733832763971312,None
2026-08-31 09:52:00+00:00,16.41,16.91,3652.54,0.0,42.01,False,0,False,0.19330911760778874,None
2026-08-31 09:53:00+00:00,15.1,19.27,3565.65,0.13,41.44,False,0,False,0.17071052192501862,None
2026-08-31 09:54:00+00:00,16.41,18.47,3580.69,0.0,45.84,False,0,False,0.19060168140288913,None
2026-08-31 09:55:00+00:00,15.36,13.46,3603.1,0.0,20.92,False,0,False,0.18738659541867442,None
2026-08-31 09:56:00+00:00,14.33,12.84,3289.88,0.0,20.53,False,0,False,0.2400504890774171,None
2026-08-31 09:57:00+00:00,19.0,23.46,3186.96,0.51,19.65,False,0,False,0.2226199155210007,None
2026-08-31 09:58:00+00:00,11.93,13.98,3369.45,0.0,20.0,False,0,False,0.2450242583681888,None
2026-08-31 09:59:00+00:00,15.49,17.39,3930.0,0.0,41.37,True,1,False,0.17129952365383944,Z-Score
2026-08-31 10:00:00+00:00,13.0,15.47,3717.74,0.0,36.86,False,0,False,0.18021784163918436,None
2026-08-31 10:01:00+00:00,15.45,14.21,3462.8,0.38,48.23,False,0,False,0.15662127823829974,None
2026-08-31 10:02:00+00:00,17.53,21.97,3500.06,0.0,20.13,False,0,False,0.24937600117999048,None
2026-08-31 10:03:00+00:00,15.27,18.75,3535.01,0.16,39.64,False,0,False,0.19192416751969837,None
2026-08-31 10:04:00+00:00,17.99,17.14,3464.93,0.0,20.47,False,0,False,0.24228740688334033,None
2026-08-31 10:05:00+00:00,12.76,14.98,3321.84,0.0,42.75,False,0,False,0.19604671581484373,None
2026-08-31 10:06:00+00:00,15.22,16.34,3483.46,0.0,40.8,False,0,False,0.2171577113785369,None
2026-08-31 10:07:00+00:00,15.23,16.67,3160.13,0.65,45.36,False,0,False,0.1750768505162606,None
2026-08-31 10:08:00+00:00,15.7,18.79,3629.58,0.0,46.05,False,0,False,0.18722278061118447,None
2026-08-31 10:09:00+00:00,15.78,22.43,3627.42,0.0,39.52,False,0,False,0.1862031627739188,None
2026-08-31 10:10:00+00:00,16.11,13.22,3323.8,0.0,37.4,False,0,False,0.20275664423277207,None
2026-08-31 10:11:00+00:00,14.24,12.49,3297.73,0.52,47.13,False,0,False,0.16329429958636543,None
2026-08-31 10:12:00+00:00,17.31,25.39,3610.83,0.43,21.01,False,0,False,0.11115405142640367,None
2026-08-31 10:13:00+00:00,13.96,21.41,3383.87,0.0,46.94,False,0,False,0.19469209932362436,None
2026-08-31 10:14:00+00:00,18.56,21.18,3445.76,0.0,38.12,False,0,False,0.20859549054767945,None
2026-08-31 10:15:00+00:00,18.82,21.83,3409.82,0.5,20.44,False,0,False,0.20919209987058324,None
2026-08-31 10:16:00+00:00,16.66,16.84,3365.53,0.0,20.99,False,0,False,0.26728439178290553,None
2026-08-31 10:17:00+00:00,17.65,12.81,3346.7,0.0,39.32,False,0,False,0.1969486586190437,None
2026-08-31 10:18:00+00:00,11.4,10.67,3421.09,0.0,20.3,False,0,False,0.20925369082147144,None
2026-08-31 10:19:00+00:00,13.58,15.41,3735.85,0.0,47.48,False,0,False,0.1656728959928523,None
2026-08-31 10:20:00+00:00,16.73,21.97,3535.93,0.0,20.21,False,0,False,0.1822337473070878,None
2026-08-31 10:21:00+00:00,11.16,10.73,3576.52,0.0,19.83,False,0,False,0.18963635512386878,None
2026-08-31 10:22:00+00:00,13.6,18.41,3765.78,0.0,20.95,False,0,False,0.22124129934166503,None
2026-08-31 10:23:00+00:00,13.5,18.96,3172.3,0.0,49.66,False,0,False,0.20789284295651322,None
2026-08-31 10:24:00+00:00,17.85,16.08,3410.8,0.32,41.03,False,0,False,0.16498221554881498,None
2026-08-31 10:25:00+00:00,23.03,28.14,3689.45,0.0,21.04,True,1,False,0.14223643424977594,Z-Score
2026-08-31 10:26:00+00:00,11.82,18.64,3793.45,0.0,43.67,False,0,False,0.1287934623186764,None
2026-08-31 10:27:00+00:00,14.18,16.02,3826.62,0.0,50.98,False,0,False,0.11422520776785172,None
2026-08-31 10:28:00+00:00,17.13,20.17,3268.62,0.0,45.03,False,0,False,0.21658638741498426,None
2026-08-31 10:29:00+00:00,14.91,17.99,3309.46,0.26,41.4,False,0,False,0.20475630487998286,None
2026-08-31 10:30:00+00:00,11.68,13.25,3415.7,0.0,20.27,False,0,False,0.24376301062813172,None
2026-08-31 10:31:00+00:00,17.41,20.53,3544.07,0.0,44.19,False,0,False,0.19559506943653865,None
2026-08-31 10:32:00+00:00,11.53,10.37,3525.88,0.73,47.99,False,0,False,0.10551127542593752,None
2026-08-31 10:33:00+00:00,13.96,11.97,3398.66,0.0,20.21,False,0,False,0.25058216556927365,None
2026-08-31 10:34:00+00:00,13.43,15.35,3500.35,0.0,21.0,False,0,False,0.2561961876425946,None
2026-08-31 10:35:00+00:00,15.65,17.64,3288.91,0.0,20.67,False,0,False,0.2762208495827103,None
2026-08-31 10:36:00+00:00,19.19,20.44,3508.96,0.23,20.86,False,0,False,0.19420472580864112,None
2026-08-31 10:37:00+00:00,13.34,12.09,3060.31,0.0,51.53,False,0,False,0.2042981238795057,None
2026-08-31 10:38:00+00:00,12.62,13.71,3902.25,0.0,44.49,False,0,False,0.14197186058510536,None
2026-08-31 10:39:00+00:00,17.29,21.5,3264.11,0.43,20.23,False,0,False,0.2242633408031034,None
2026-08-31 10:40:00+00:00,18.4,19.56,3398.37,0.0,20.7,False,0,False,0.25743773825905414,None
2026-08-31 10:41:00+00:00,14.44,17.31,3615.74,0.75,21.05,False,0,False,0.19708316056797676,None
2026-08-31 10:42:00+00:00,13.89,14.6,3438.64,0.0,42.17,False,0,False,0.20943531082712707,None
2026-08-31 10:43:00+00:00,15.87,19.55,3559.17,0.62,42.74,False,0,False,0.154550839231543,None
2026-08-31 10:44:00+00:00,15.94,19.83,2890.59,0.0,19.8,True,1,False,0.2603736065923576,Z-Score
2026-08-31 10:45:00+00:00,12.47,17.78,3368.43,0.0,46.28,False,0,False,0.17311012356318445,None
2026-08-31 10:46:00+00:00,15.73,16.31,3219.63,0.0,60.61,False,0,False,0.18366425920628854,None
2026-08-31 10:47:00+00:00,17.87,19.8,3196.39,0.0,50.47,False,0,False,0.2100169838004839,None
2026-08-31 10:48:00+00:00,24.63,26.34,3437.74,0.0,20.35,True,1,False,0.15662406402622936,Z-Score
2026-08-31 10:49:00+00:00,14.58,18.92,3176.83,0.0,21.02,False,0,False,0.26574477385891265,None
2026-08-31 10:50:00+00:00,16.05,18.89,3300.76,0.89,20.55,True,1,False,0.19105962152295325,Z-Score
2026-08-31 10:51:00+00:00,8.75,11.16,3422.0,0.0,20.74,False,0,False,0.19479228903224394,None
2026-08-31 10:52:00+00:00,15.57,23.03,3400.63,0.0,50.78,False,0,False,0.18607832386629253,None
2026-08-31 10:53:00+00:00,13.59,14.92,3238.96,0.0,20.59,False,0,False,0.2676666319642685,None
2026-08-31 10:54:00+00:00,18.05,22.24,3395.38,0.0,20.6,False,0,False,0.20759269875022218,None
2026-08-31 10:55:00+00:00,15.53,16.53,3727.34,0.22,20.21,False,0,False,0.18649609693768532,None
2026-08-31 10:56:00+00:00,12.37,17.22,3324.08,0.0,55.6,False,0,False,0.1605970523209329,None
2026-08-31 10:57:00+00:00,15.65,18.78,3181.17,0.0,54.59,False,0,False,0.18151714490007298,None
2026-08-31 10:58:00+00:00,11.68,10.96,3675.24,0.0,63.76,False,0,False,0.11234264224142909,None
2026-08-31 10:59:00+00:00,19.74,24.27,3466.65,0.0,20.94,False,0,False,0.15827644593691392,None
2026-08-31 11:00:00+00:00,15.18,17.48,3292.45,0.0,20.05,False,0,False,0.2089692796206004,None
2026-08-31 11:01:00+00:00,14.09,16.32,3322.84,0.0,49.36,False,0,False,0.2000988552325259,None
2026-08-31 11:02:00+00:00,18.37,21.92,3184.94,1.31,56.9,True,1,False,0.058946707349300076,Z-Score
2026-08-31 11:03:00+00:00,15.37,18.01,3059.47,0.0,63.14,False,0,False,0.19893603923729408,None
2026-08-31 11:04:00+00:00,14.13,15.7,3461.99,0.0,45.68,False,0,False,0.18829942720088766,None
2026-08-31 11:05:00+00:00,15.27,18.67,3265.87,0.47,48.9,False,0,False,0.17926633649358298,None
2026-08-31 11:06:00+00:00,17.13,21.8,3097.47,0.0,20.4,False,0,False,0.2694235610898107,None
2026-08-31 11:07:00+00:00,13.52,18.19,3284.43,1.04,19.68,True,1,False,0.1482809568646702,Z-Score
2026-08-31 11:08:00+00:00,21.27,20.41,3541.41,0.0,57.34,False,0,False,0.13265467555523647,None
2026-08-31 11:09:00+00:00,16.12,14.79,3400.18,0.07,55.72,False,0,False,0.1785718574323083,None
2026-08-31 11:10:00+00:00,13.27,14.25,3388.93,0.0,53.77,False,0,False,0.19347464515299068,None
2026-08-31 11:11:00+00:00,11.99,12.54,2933.97,0.0,20.31,False,0,False,0.22603450677819814,None
2026-08-31 11:12:00+00:00,17.1,22.87,3369.81,0.0,20.36,False,0,False,0.22538353697388058,None
2026-08-31 11:13:00+00:00,14.3,17.13,3363.53,0.41,49.01,False,0,False,0.16946593660273823,None
2026-08-31 11:14:00+00:00,18.48,22.46,3082.83,0.45,20.54,False,0,False,0.2052693816511471,None
2026-08-31 11:15:00+00:00,14.9,17.83,3269.93,0.37,20.0,False,0,False,0.21712632845318852,None
2026-08-31 11:16:00+00:00,17.26,21.39,3372.07,0.0,20.8,False,0,False,0.23897475732054763,None
2026-08-31 11:17:00+00:00,15.27,16.18,3339.24,0.0,19.7,False,0,False,0.2397119656453392,None
2026-08-31 11:18:00+00:00,10.75,13.67,3304.76,0.0,20.8,False,0,False,0.2255720471322874,None
2026-08-31 11:19:00+00:00,16.75,16.45,3031.24,0.0,20.76,False,0,False,0.2506723452267763,None
2026-08-31 11:20:00+00:00,17.69,18.96,3309.09,0.38,20.91,False,0,False,0.22872370626068755,None
2026-08-31 11:21:00+00:00,14.67,17.23,3390.58,0.0,21.06,False,0,False,0.22714993659793398,None
2026-08-31 11:22:00+00:00,10.5,18.08,2848.33,0.67,20.48,False,0,False,0.1700080980667752,None
2026-08-31 11:23:00+00:00,11.68,13.47,3075.38,0.0,65.3,False,0,False,0.16189286718554025,None
2026-08-31 11:24:00+00:00,14.97,18.45,3463.65,0.0,20.05,False,0,False,0.2335419306512136,None
2026-08-31 11:25:00+00:00,11.32,12.04,3348.77,0.0,53.7,False,0,False,0.1683067472499013,None
2026-08-31 11:26:00+00:00,14.27,21.28,3041.13,0.0,19.78,False,0,False,0.2582647339974462,None
2026-08-31 11:27:00+00:00,15.95,15.9,3048.13,0.0,70.69,False,0,False,0.17759866325738383,None
2026-08-31 11:28:00+00:00,19.42,23.81,3237.48,0.0,20.43,False,0,False,0.2493705481868047,None
2026-08-31 11:29:00+00:00,16.42,19.95,3163.75,0.0,20.55,False,0,False,0.2707236341277872,None
2026-08-31 11:30:00+00:00,18.45,20.12,3071.21,0.0,69.31,False,0,False,0.1351092033579444,None
2026-08-31 11:31:00+00:00,14.43,19.01,3289.11,0.0,56.39,False,0,False,0.15917461918152753,None
2026-08-31 11:32:00+00:00,16.13,15.5,3382.12,0.66,19.77,False,0,False,0.20329445381555022,None
2026-08-31 11:33:00+00:00,18.51,22.05,3409.61,0.0,60.18,False,0,False,0.10219599992264505,None
2026-08-31 11:34:00+00:00,15.28,19.74,3181.93,0.7,20.28,False,0,False,0.17258670783003977,None
2026-08-31 11:35:00+00:00,19.66,21.81,3250.19,0.0,66.87,False,0,False,0.12133013967056139,None
2026-08-31 11:36:00+00:00,13.12,16.24,3133.21,0.0,53.09,False,0,False,0.17688032333845322,None
2026-08-31 11:37:00+00:00,12.48,14.84,3014.97,0.0,19.92,False,0,False,0.24667978516207806,None
2026-08-31 11:38:00+00:00,13.74,12.3,3175.76,0.0,71.97,False,0,False,0.1451200898778831,None
2026-08-31 11:39:00+00:00,17.85,17.58,3242.83,0.0,64.64,False,0,False,0.17531204160033226,None
2026-08-31 11:40:00+00:00,18.85,25.87,3261.22,0.17,20.27,False,0,False,0.1585319325857763,None
2026-08-31 11:41:00+00:00,15.84,18.78,3308.29,0.0,20.28,False,0,False,0.2664786322876278,None
2026-08-31 11:42:00+00:00,17.24,19.11,2869.89,0.0,74.69,False,0,False,0.14902182491603,None
2026-08-31 11:43:00+00:00,12.21,13.25,3352.48,0.63,20.84,False,0,False,0.20011090214379085,None
2026-08-31 11:44:00+00:00,14.29,19.33,3088.94,0.0,20.5,False,0,False,0.2626835944980766,None
2026-08-31 11:45:00+00:00,21.04,28.44,3213.04,0.0,20.14,False,0,False,0.1801578605420024,None
2026-08-31 11:46:00+00:00,12.34,17.0,3154.17,0.0,68.38,False,0,False,0.1529081971339789,None
2026-08-31 11:47:00+00:00,15.45,19.89,3268.23,0.0,19.84,False,0,False,0.2190438048758684,None
2026-08-31 11:48:00+00:00,15.94,16.13,2967.12,0.0,20.94,False,0,False,0.23659383092657715,None
2026-08-31 11:49:00+00:00,13.26,12.58,2904.25,0.0,19.66,False,0,False,0.24211954544158332,None
2026-08-31 11:50:00+00:00,19.44,18.2,3166.69,0.0,20.16,False,0,False,0.2570490533783199,None
2026-08-31 11:51:00+00:00,13.58,13.64,3012.52,0.0,19.79,False,0,False,0.1908051758405695,None
2026-08-31 11:52:00+00:00,15.78,14.22,3038.97,0.0,20.64,False,0,False,0.22643880884374795,None
2026-08-31 11:53:00+00:00,15.42,21.02,2961.22,0.0,69.43,False,0,False,0.10420900768323549,None
2026-08-31 11:54:00+00:00,15.95,15.77,3341.93,0.0,52.13,False,0,False,0.13072199490833936,None
2026-08-31 11:55:00+00:00,10.77,15.26,3018.75,1.08,19.68,True,1,False,0.13914325451621556,Z-Score
2026-08-31 11:56:00+00:00,13.83,12.58,3115.68,0.0,19.68,False,0,False,0.21115144627480037,None
2026-08-31 11:57:00+00:00,15.26,20.67,2716.79,0.0,67.9,False,0,False,0.17794151807791164,None
2026-08-31 11:58:00+00:00,17.13,22.08,2774.4,0.0,20.6,False,0,False,0.24837157101603546,None
2026-08-31 11:59:00+00:00,12.51,11.79,3195.87,0.0,78.44,False,0,False,0.09946744129487362,None
2026-08-31 12:00:00+00:00,12.41,17.21,3269.79,0.0,63.59,False,0,False,0.16156995992785939,None
2026-08-31 12:01:00+00:00,18.58,16.04,3119.59,0.27,19.91,False,0,False,0.18047968176184287,None
2026-08-31 12:02:00+00:00,15.14,18.49,2963.3,0.0,19.77,False,0,False,0.22943523313820263,None
2026-08-31 12:03:00+00:00,15.65,13.32,3205.25,0.0,67.19,False,0,False,0.12008221696275878,None
2026-08-31 12:04:00+00:00,15.48,22.32,2909.93,0.28,74.75,False,0,False,0.11352217400436337,None
2026-08-31 12:05:00+00:00,13.89,18.8,2642.9,0.0,80.03,False,0,False,0.1452277385216728,None
2026-08-31 12:06:00+00:00,13.63,23.29,2862.02,0.0,76.01,False,0,False,0.1335984179113069,None
2026-08-31 12:07:00+00:00,17.54,19.86,2961.2,0.0,19.72,False,0,False,0.2531770332594877,None
2026-08-31 12:08:00+00:00,19.4,19.18,2933.33,0.0,21.11,False,0,False,0.25874822696996613,None
2026-08-31 12:09:00+00:00,17.41,24.67,3054.25,0.0,53.74,False,0,False,0.12026568198111887,None
2026-08-31 12:10:00+00:00,14.04,15.16,2959.12,0.0,19.82,False,0,False,0.24389047223323385,None
2026-08-31 12:11:00+00:00,17.73,14.67,3077.85,0.0,20.48,False,0,False,0.22174197254077654,None
2026-08-31 12:12:00+00:00,16.28,20.8,3138.47,0.0,19.92,False,0,False,0.25996288573772086,None
2026-08-31 12:13:00+00:00,14.76,16.22,2674.99,0.0,20.2,False,0,False,0.2543549356350742,None
2026-08-31 12:14:00+00:00,19.5,24.5,2700.01,0.81,20.29,True,1,False,0.14791184035903926,Z-Score
2026-08-31 12:15:00+00:00,12.1,12.27,2942.94,0.0,81.58,False,0,False,0.12824285144762815,None
2026-08-31 12:16:00+00:00,16.2,18.16,2845.13,0.0,67.5,False,0,False,0.1556321089340889,None
2026-08-31 12:17:00+00:00,14.86,24.02,2846.39,0.27,58.69,False,0,False,0.14270286648065567,None
2026-08-31 12:18:00+00:00,12.36,12.7,2712.25,0.0,57.58,False,0,False,0.15775931499301138,None
2026-08-31 12:19:00+00:00,14.65,17.16,2943.82,0.0,73.1,False,0,False,0.1536290888369093,None
2026-08-31 12:20:00+00:00,12.47,14.67,3235.03,0.0,19.66,False,0,False,0.2650741540737487,None
2026-08-31 12:21:00+00:00,15.64,23.88,2873.22,0.0,74.7,False,0,False,0.13819083251968944,None
2026-08-31 12:22:00+00:00,14.39,18.66,3091.7,0.0,76.33,False,0,False,0.13704299785596352,None
2026-08-31 12:23:00+00:00,15.7,15.17,2713.63,0.0,20.72,False,0,False,0.26522758662497137,None
2026-08-31 12:24:00+00:00,15.33,14.58,2864.94,0.06,20.44,False,0,False,0.22958230521909007,None
2026-08-31 12:25:00+00:00,14.52,14.63,2877.02,0.64,81.1,False,0,False,0.0947102452992945,None
2026-08-31 12:26:00+00:00,14.24,18.41,3072.46,0.0,55.87,False,0,False,0.14686203094103506,None
2026-08-31 12:27:00+00:00,16.18,13.94,2939.98,0.0,20.74,False,0,False,0.2576389426985284,None
2026-08-31 12:28:00+00:00,17.41,21.08,2890.41,0.0,68.16,False,0,False,0.1721461882148292,None
2026-08-31 12:29:00+00:00,14.74,21.76,2897.9,0.0,20.63,False,0,False,0.1811868221523057,None
2026-08-31 12:30:00+00:00,16.35,18.96,2903.98,0.0,20.44,False,0,False,0.27440647066138146,None
2026-08-31 12:31:00+00:00,14.85,16.58,2884.81,0.39,20.78,False,0,False,0.21267761704316684,None
2026-08-31 12:32:00+00:00,10.98,12.08,2828.94,0.05,20.52,False,0,False,0.255763069649176,None
2026-08-31 12:33:00+00:00,14.73,16.43,2974.8,0.0,20.18,False,0,False,0.22688068159146246,None
2026-08-31 12:34:00+00:00,14.08,18.63,2577.51,0.7,19.66,False,0,False,0.2167824788764574,None
2026-08-31 12:35:00+00:00,18.31,25.63,2644.6,0.0,19.95,False,0,False,0.18217467386054514,None
2026-08-31 12:36:00+00:00,16.61,19.63,2702.74,0.0,79.61,False,0,False,0.14511947869395259,None
2026-08-31 12:37:00+00:00,18.38,16.64,2736.77,0.0,20.15,False,0,False,0.2360403999756046,None
2026-08-31 12:38:00+00:00,14.12,12.1,2629.74,0.54,20.85,False,0,False,0.19760079838220107,None
2026-08-31 12:39:00+00:00,15.53,21.32,3041.74,0.0,20.43,False,0,False,0.24106938182470428,None
2026-08-31 12:40:00+00:00,14.01,16.63,2971.47,0.0,81.33,False,0,False,0.1460691975402365,None
2026-08-31 12:41:00+00:00,14.96,12.18,2897.47,0.0,20.18,False,0,False,0.21403912185322554,None
2026-08-31 12:42:00+00:00,9.36,10.92,2993.72,0.0,21.04,False,0,False,0.1638841338168059,None
2026-08-31 12:43:00+00:00,15.82,17.14,2928.61,0.0,81.42,False,0,False,0.1281439265775849,None
2026-08-31 12:44:00+00:00,17.15,13.42,2812.52,0.0,76.15,False,0,False,0.13767438995929415,None
2026-08-31 12:45:00+00:00,14.26,12.14,2824.08,0.0,20.8,False,0,False,0.24991499131247097,None
2026-08-31 12:46:00+00:00,17.25,18.47,2831.72,0.43,20.95,False,0,False,0.16852633143328255,None
2026-08-31 12:47:00+00:00,15.6,16.51,2911.85,0.0,20.26,False,0,False,0.23781921417015345,None
2026-08-31 12:48:00+00:00,15.92,14.83,2792.4,0.0,76.18,False,0,False,0.15891531455117852,None
2026-08-31 12:49:00+00:00,14.79,14.94,2993.46,1.19,73.52,True,1,False,0.07478020525199724,Z-Score
2026-08-31 12:50:00+00:00,17.62,18.18,2712.67,0.0,19.89,False,0,False,0.13786250767831143,None
2026-08-31 12:51:00+00:00,16.18,17.01,2884.11,0.0,70.34,False,0,False,0.17983695521615645,None
2026-08-31 12:52:00+00:00,14.45,12.14,2789.27,0.67,19.96,False,0,False,0.17760217470500328,None
2026-08-31 12:53:00+00:00,16.46,22.37,2701.06,0.0,74.25,False,0,False,0.1400661028805371,None
2026-08-31 12:54:00+00:00,12.78,13.95,2992.54,0.21,20.13,False,0,False,0.2007765819962617,None
2026-08-31 12:55:00+00:00,16.61,20.35,2571.54,0.03,66.59,False,0,False,0.15354672130614,None
2026-08-31 12:56:00+00:00,15.16,19.08,2553.12,0.0,64.78,False,0,False,0.18221094297348617,None
2026-08-31 12:57:00+00:00,17.0,20.54,2823.19,0.0,20.52,False,0,False,0.21607963087655319,None
2026-08-31 12:58:00+00:00,12.9,15.22,2584.75,0.0,20.48,False,0,False,0.1846317634442095,None
2026-08-31 12:59:00+00:00,18.29,24.01,2810.49,0.0,20.72,False,0,False,0.17209858504634884,None
2026-08-31 13:00:00+00:00,18.69,19.37,2715.56,0.48,77.08,False,0,False,0.06343702317453126,None
2026-08-31 13:01:00+00:00,14.24,24.16,2764.27,0.0,62.67,False,0,False,0.12464185073986234,None
2026-08-31 13:02:00+00:00,15.94,18.06,3006.55,0.0,20.9,False,0,False,0.2534402916206131,None
2026-08-31 13:03:00+00:00,11.69,16.62,2732.85,0.62,20.81,False,0,False,0.16765894224867284,None
2026-08-31 13:04:00+00:00,13.14,15.94,2565.01,0.0,86.93,False,0,False,0.12197472326486036,None
2026-08-31 13:05:00+00:00,14.21,13.36,2967.71,0.0,58.31,False,0,False,0.16649123213247397,None
2026-08-31 13:06:00+00:00,16.11,16.07,2695.49,0.0,74.67,False,0,False,0.14005629210643522,None
2026-08-31 13:07:00+00:00,12.51,12.72,2831.82,0.0,64.38,False,0,False,0.17846781634224584,None
2026-08-31 13:08:00+00:00,18.14,23.07,3061.44,0.0,59.67,False,0,False,0.16787126696717808,None
2026-08-31 13:09:00+00:00,13.69,16.4,2833.23,0.0,20.24,False,0,False,0.24517700174363494,None
2026-08-31 13:10:00+00:00,13.56,18.65,2445.17,0.0,72.58,False,0,False,0.13739039807152864,None
2026-08-31 13:11:00+00:00,17.44,18.41,2864.03,0.0,19.78,False,0,False,0.23308915405083258,None
2026-08-31 13:12:00+00:00,16.65,18.37,3030.1,0.0,20.03,False,0,False,0.2777145289742988,None
2026-08-31 13:13:00+00:00,20.04,23.84,2705.5,0.0,20.53,False,0,False,0.1980947496602553,None
2026-08-31 13:14:00+00:00,17.01,14.63,2705.6,0.0,20.67,False,0,False,0.23432079969551517,None
2026-08-31 13:15:00+00:00,13.94,18.23,2933.12,0.0,62.45,False,0,False,0.08984051040754437,None
2026-08-31 13:16:00+00:00,11.22,12.81,2873.32,0.0,20.93,False,0,False,0.2477083110147124,None
2026-08-31 13:17:00+00:00,18.92,24.55,2707.47,0.0,19.86,False,0,False,0.2572429197763102,None
2026-08-31 13:18:00+00:00,18.54,16.67,2798.24,1.5,71.79,True,1,False,0.045439566280082944,Z-Score
2026-08-31 13:19:00+00:00,20.99,25.18,2707.12,0.0,20.09,False,0,False,0.18876009842031438,None
2026-08-31 13:20:00+00:00,16.4,18.6,2871.92,0.0,86.06,False,0,False,0.135149653971803,None
2026-08-31 13:21:00+00:00,13.11,13.4,2655.77,0.0,20.37,False,0,False,0.17741394616929201,None
2026-08-31 13:22:00+00:00,10.93,10.01,2710.64,0.0,19.93,False,0,False,0.14404029994278422,None
2026-08-31 13:23:00+00:00,11.36,8.32,2808.61,0.6,19.96,False,0,False,0.10850972100981082,None
2026-08-31 13:24:00+00:00,17.72,25.44,2770.99,0.0,19.71,False,0,False,0.20834988415514427,None
2026-08-31 13:25:00+00:00,20.53,23.63,2781.56,0.0,87.84,False,0,False,0.08383133114020591,None
2026-08-31 13:26:00+00:00,16.05,14.88,2640.22,0.0,73.7,False,0,False,0.15934912502416632,None
2026-08-31 13:27:00+00:00,14.52,16.89,2509.31,0.0,87.33,False,0,False,0.09820239982763612,None
2026-08-31 13:28:00+00:00,18.58,25.15,2897.28,0.0,19.83,False,0,False,0.23663563645699165,None
2026-08-31 13:29:00+00:00,16.59,19.45,2725.92,0.64,79.03,False,0,False,0.08721627345356897,None
2026-08-31 13:30:00+00:00,15.67,21.82,2765.93,0.0,19.94,False,0,False,0.247778750247847,None
2026-08-31 13:31:00+00:00,14.09,15.7,2728.17,0.0,88.71,False,0,False,0.12594443019904034,None
2026-08-31 13:32:00+00:00,13.72,13.87,2720.11,0.0,19.86,False,0,False,0.2427246502963739,None
2026-08-31 13:33:00+00:00,19.58,23.5,2778.6,0.0,77.23,False,0,False,0.09994907605795766,None
2026-08-31 13:34:00+00:00,15.81,18.68,2865.13,0.0,20.09,False,0,False,0.25067951169781716,None
2026-08-31 13:35:00+00:00,14.21,14.44,2786.74,0.31,20.13,False,0,False,0.20511204503189084,None
2026-08-31 13:36:00+00:00,18.06,21.8,2912.93,0.0,62.25,False,0,False,0.14751878938062352,None
2026-08-31 13:37:00+00:00,16.82,19.43,3157.83,0.0,63.97,False,0,False,0.18386640551610545,None
2026-08-31 13:38:00+00:00,13.25,12.9,2739.3,0.0,20.55,False,0,False,0.24329359301163084,None
2026-08-31 13:39:00+00:00,19.52,19.78,2681.9,0.0,73.79,False,0,False,0.12723607200900044,None
2026-08-31 13:40:00+00:00,17.64,16.34,2692.57,0.0,20.19,False,0,False,0.24194379768234164,None
2026-08-31 13:41:00+00:00,16.08,19.93,2881.16,0.0,74.74,False,0,False,0.16305008259127213,None
2026-08-31 13:42:00+00:00,13.68,15.35,2467.23,0.42,20.45,False,0,False,0.18390723302732553,None
2026-08-31 13:43:00+00:00,19.18,17.64,2858.25,0.0,82.82,False,0,False,0.08518748353467864,None
2026-08-31 13:44:00+00:00,17.56,19.03,2530.68,0.0,76.62,False,0,False,0.13755656201695632,None
2026-08-31 13:45:00+00:00,17.14,17.52,2589.73,0.48,86.89,False,0,False,0.08183109283610246,None
2026-08-31 13:46:00+00:00,17.85,17.74,2655.07,2.12,20.62,True,1,False,0.0639001481529492,Z-Score
2026-08-31 13:47:00+00:00,9.0,12.62,2699.61,0.0,20.03,False,0,False,0.12859120170641025,None
2026-08-31 13:48:00+00:00,17.03,16.34,2970.06,0.0,20.58,False,0,False,0.1761835148811669,None
2026-08-31 13:49:00+00:00,14.72,16.17,2685.51,0.0,20.43,False,0,False,0.24002070947236193,None
2026-08-31 13:50:00+00:00,9.26,15.29,2766.76,0.0,77.03,False,0,False,0.1261200594822205,None
2026-08-31 13:51:00+00:00,20.38,24.05,2682.09,0.0,86.99,False,0,False,0.07313135347319422,None
2026-08-31 13:52:00+00:00,18.38,21.07,2595.25,0.0,20.06,False,0,False,0.2334313507141874,None
2026-08-31 13:53:00+00:00,13.03,13.37,2893.65,0.08,20.8,False,0,False,0.2089202391459708,None
2026-08-31 13:54:00+00:00,10.01,9.32,2420.83,0.0,71.92,False,0,False,0.0726564601348828,None
2026-08-31 13:55:00+00:00,19.26,21.2,2782.2,0.0,20.56,False,0,False,0.16778199351487938,None
2026-08-31 13:56:00+00:00,16.48,20.25,2716.65,0.0,20.47,False,0,False,0.20045841960459743,None
2026-08-31 13:57:00+00:00,11.93,14.64,2629.98,0.19,75.34,False,0,False,0.09154323144515697,None
2026-08-31 13:58:00+00:00,17.9,22.83,2713.6,0.0,80.1,False,0,False,0.12958695931604192,None
2026-08-31 13:59:00+00:00,19.84,19.61,2745.06,0.09,20.51,False,0,False,0.21461955146825185,None
2026-08-31 14:00:00+00:00,14.71,13.89,2624.72,0.0,82.6,False,0,False,0.10292318740477047,None
2026-08-31 14:01:00+00:00,14.65,21.02,2535.34,1.28,85.82,True,1,False,0.0205975272638097,Z-Score
2026-08-31 14:02:00+00:00,8.0,8.8,2643.53,0.0,76.12,False,0,False,0.07582381249068204,None
2026-08-31 14:03:00+00:00,12.94,12.31,2622.19,1.24,80.81,False,0,False,0.022663997997957264,None
2026-08-31 14:04:00+00:00,16.72,16.02,2801.01,0.0,74.14,False,0,False,0.15882339502046122,None
2026-08-31 14:05:00+00:00,13.47,16.59,2861.84,0.54,66.11,False,0,False,0.13274805809478452,None
2026-08-31 14:06:00+00:00,12.95,19.61,2833.11,0.0,83.88,False,0,False,0.0840475348231825,None
2026-08-31 14:07:00+00:00,18.0,18.68,2633.4,0.0,19.92,False,0,False,0.16570283752793302,None
2026-08-31 14:08:00+00:00,15.61,22.23,2685.67,0.0,71.44,False,0,False,0.15563074156957152,None
2026-08-31 14:09:00+00:00,17.99,18.63,2641.93,0.0,20.28,False,0,False,0.24480846732249678,None
2026-08-31 14:10:00+00:00,15.22,23.12,2767.39,0.0,86.74,False,0,False,0.0361019635310299,None
2026-08-31 14:11:00+00:00,15.55,20.56,2681.81,0.0,19.73,False,0,False,0.24228411078174217,None
2026-08-31 14:12:00+00:00,13.4,14.53,2570.55,0.25,66.35,False,0,False,0.12315226323528627,None
2026-08-31 14:13:00+00:00,13.75,17.51,2725.16,0.0,19.69,False,0,False,0.24560452527350363,None
2026-08-31 14:14:00+00:00,17.29,21.18,2510.94,0.0,20.23,False,0,False,0.2513679328756935,None
2026-08-31 14:15:00+00:00,15.14,18.95,2877.55,0.0,19.68,False,0,False,0.2421197969877878,None
2026-08-31 14:16:00+00:00,19.81,19.56,2647.76,0.31,19.66,False,0,False,0.20624565696702618,None
2026-08-31 14:17:00+00:00,11.4,14.77,2614.03,0.0,85.69,False,0,False,0.11198273560107486,None
2026-08-31 14:18:00+00:00,12.26,18.3,2603.79,0.0,65.5,False,0,False,0.17904593347608272,None
2026-08-31 14:19:00+00:00,17.1,22.05,2549.65,0.0,20.77,False,0,False,0.19480152136120266,None
2026-08-31 14:20:00+00:00,19.5,23.37,2733.97,1.07,20.24,False,0,False,0.1471516948787719,None
2026-08-31 14:21:00+00:00,12.28,12.07,2693.69,0.0,20.22,False,0,False,0.25358162022770947,None
2026-08-31 14:22:00+00:00,16.32,16.44,2721.38,0.0,57.41,False,0,False,0.18851259762942552,None
2026-08-31 14:23:00+00:00,15.27,17.01,2548.06,0.0,73.6,False,0,False,0.15582292237765966,None
2026-08-31 14:24:00+00:00,10.25,12.33,2734.18,0.0,75.65,False,0,False,0.12221555290169794,None
2026-08-31 14:25:00+00:00,14.64,21.09,2838.89,0.0,20.38,False,0,False,0.25038192915619567,None
2026-08-31 14:26:00+00:00,20.19,19.48,2638.45,0.0,20.61,False,0,False,0.2061297900846476,None
2026-08-31 14:27:00+00:00,16.76,18.38,2829.04,0.0,20.85,False,0,False,0.1973693654762475,None
2026-08-31 14:28:00+00:00,12.86,11.31,2504.9,0.0,84.49,False,0,False,0.06273250948724052,None
2026-08-31 14:29:00+00:00,13.19,13.1,2709.34,0.0,19.87,False,0,False,0.24020156512550633,None
2026-08-31 14:30:00+00:00,17.44,17.91,2886.38,0.0,83.35,False,0,False,0.1380969656988955,None
2026-08-31 14:31:00+00:00,13.27,16.78,2551.25,1.52,20.27,True,1,False,0.1443638273293253,Z-Score
2026-08-31 14:32:00+00:00,15.8,16.92,2708.73,0.0,62.63,False,0,False,0.1939377506434643,None
2026-08-31 14:33:00+00:00,12.98,19.56,2571.41,0.0,19.86,False,0,False,0.23541912235463058,None
2026-08-31 14:34:00+00:00,15.1,18.96,2648.75,0.68,66.59,False,0,False,0.13021811050464416,None
2026-08-31 14:35:00+00:00,13.57,13.87,2516.96,0.0,74.82,False,0,False,0.14888433994966643,None
2026-08-31 14:36:00+00:00,13.97,12.01,2879.69,0.0,21.01,False,0,False,0.21806738389890962,None
2026-08-31 14:37:00+00:00,16.35,17.83,2529.76,0.0,76.3,False,0,False,0.13949766795648177,None
2026-08-31 14:38:00+00:00,15.68,17.95,2579.22,0.23,70.5,False,0,False,0.14215608972106658,None
2026-08-31 14:39:00+00:00,14.58,13.21,2534.63,0.0,58.59,False,0,False,0.18238595636688226,None
2026-08-31 14:40:00+00:00,17.76,21.11,2560.06,0.0,77.8,False,0,False,0.11824400674270219,None
2026-08-31 14:41:00+00:00,11.99,12.4,2457.08,0.0,20.35,False,0,False,0.16713572293277118,None
2026-08-31 14:42:00+00:00,16.98,23.19,2754.37,0.97,65.45,False,0,False,0.06599140733768838,None
2026-08-31 14:43:00+00:00,16.28,16.98,2568.67,0.0,56.0,False,0,False,0.18769790144029969,None
2026-08-31 14:44:00+00:00,8.0,8.34,2717.11,0.0,20.23,False,0,False,0.13706744044405295,None
2026-08-31 14:45:00+00:00,15.22,15.84,2845.82,0.57,72.11,False,0,False,0.1069194703555959,None
2026-08-31 14:46:00+00:00,13.77,18.42,2770.7,0.69,20.87,False,0,False,0.1914473791443541,None
2026-08-31 14:47:00+00:00,18.29,24.71,2803.39,0.0,73.35,False,0,False,0.12590150113206133,None
2026-08-31 14:48:00+00:00,10.95,14.61,2525.65,1.3,20.77,True,1,False,0.14808810209676165,Z-Score
2026-08-31 14:49:00+00:00,14.51,16.33,2797.0,0.0,21.04,False,0,False,0.2696460266957268,None
2026-08-31 14:50:00+00:00,11.05,15.7,2658.62,0.83,20.62,False,0,False,0.14194001782043375,None
2026-08-31 14:51:00+00:00,13.93,19.57,2918.44,0.0,19.67,False,0,False,0.25782253003811456,None
2026-08-31 14:52:00+00:00,14.54,19.22,2728.29,0.0,76.95,False,0,False,0.14629849429218011,None
2026-08-31 14:53:00+00:00,16.81,20.12,2545.59,0.0,70.93,False,0,False,0.15130189067341748,None
2026-08-31 14:54:00+00:00,16.95,16.0,2768.66,0.0,76.82,False,0,False,0.11558074966753795,None
2026-08-31 14:55:00+00:00,16.04,15.06,2552.91,0.0,20.01,False,0,False,0.2669131117781833,None
2026-08-31 14:56:00+00:00,16.4,20.98,2643.16,0.0,64.32,False,0,False,0.18039089251718182,None
2026-08-31 14:57:00+00:00,8.43,12.11,2707.28,0.0,56.2,False,0,False,0.07020835629736988,None
2026-08-31 14:58:00+00:00,13.51,17.14,2649.2,0.82,66.76,False,0,False,0.112235138057314,None
2026-08-31 14:59:00+00:00,19.81,20.2,2694.84,0.0,19.68,False,0,False,0.23437089334012584,None
2026-08-31 15:00:00+00:00,11.57,16.8,2775.08,0.0,20.6,False,0,False,0.25922737535418966,None
2026-08-31 15:01:00+00:00,13.6,18.91,2831.28,0.0,20.95,False,0,False,0.2441491156105674,None
2026-08-31 15:02:00+00:00,16.61,17.67,2909.94,0.02,77.17,False,0,False,0.15006055448210404,None
2026-08-31 15:03:00+00:00,18.2,23.33,2622.4,0.0,19.86,False,0,False,0.22926470776136376,None
2026-08-31 15:04:00+00:00,15.6,19.81,2697.36,0.0,20.94,False,0,False,0.2663200984671491,None
2026-08-31 15:05:00+00:00,15.49,14.26,2682.56,0.0,20.75,False,0,False,0.2671489455798869,None
2026-08-31 15:06:00+00:00,18.73,23.75,2758.06,0.0,20.13,False,0,False,0.24277195293831932,None
2026-08-31 15:07:00+00:00,17.3,16.26,2753.64,0.5,71.53,False,0,False,0.10052711157976213,None
2026-08-31 15:08:00+00:00,14.87,21.09,2801.3,0.0,20.81,False,0,False,0.2568646147382439,None
2026-08-31 15:09:00+00:00,10.31,9.19,2544.48,0.13,52.97,False,0,False,0.1327266294980134,None
2026-08-31 15:10:00+00:00,10.57,11.86,2872.51,0.0,20.25,False,0,False,0.231577236051289,None
2026-08-31 15:11:00+00:00,18.28,24.85,2542.5,0.76,20.46,False,0,False,0.10343649063252791,None
2026-08-31 15:12:00+00:00,19.84,19.07,2639.23,0.0,20.32,False,0,False,0.1486836118658279,None
2026-08-31 15:13:00+00:00,14.62,12.71,2812.76,0.0,56.84,False,0,False,0.14338705765807025,None
2026-08-31 15:14:00+00:00,11.81,11.66,2861.36,0.0,21.03,False,0,False,0.2476101077911716,None
2026-08-31 15:15:00+00:00,16.07,23.15,2589.23,0.34,20.82,False,0,False,0.19102337001716385,None
2026-08-31 15:16:00+00:00,16.89,18.83,2934.68,0.0,70.33,False,0,False,0.14567623019437576,None
2026-08-31 15:17:00+00:00,16.82,25.01,2687.35,0.0,20.35,False,0,False,0.2374398685818624,None
2026-08-31 15:18:00+00:00,17.57,18.16,2635.15,0.0,52.9,False,0,False,0.1715318686940887,None
2026-08-31 15:19:00+00:00,10.07,9.29,2591.43,0.4,19.88,False,0,False,0.1741671482929768,None
2026-08-31 15:20:00+00:00,10.5,9.59,2801.06,0.13,20.85,False,0,False,0.18557916137222402,None
2026-08-31 15:21:00+00:00,14.27,22.87,2914.16,0.0,20.08,False,0,False,0.22834243162030182,None
2026-08-31 15:22:00+00:00,18.72,21.91,2569.52,0.5,19.87,False,0,False,0.13023529211412976,None
2026-08-31 15:23:00+00:00,12.83,11.29,2714.61,0.0,58.26,False,0,False,0.18406138182111276,None
2026-08-31 15:24:00+00:00,16.95,22.79,2879.32,0.94,73.36,False,0,False,0.06817056164559976,None
2026-08-31 15:25:00+00:00,13.14,13.33,2630.26,0.0,55.16,False,0,False,0.1969067366941037,None
2026-08-31 15:26:00+00:00,10.63,9.74,2696.14,0.0,20.9,False,0,False,0.18987490086944336,None
2026-08-31 15:27:00+00:00,17.55,22.37,2709.01,0.56,62.06,False,0,False,0.12571021374808988,None
2026-08-31 15:28:00+00:00,16.53,14.17,2546.56,0.0,21.0,False,0,False,0.22019666982253333,None
2026-08-31 15:29:00+00:00,12.28,14.62,2653.73,0.0,60.18,False,0,False,0.1898801030146638,None
2026-08-31 15:30:00+00:00,14.49,14.23,2763.97,0.3,20.83,False,0,False,0.2388714411199242,None
2026-08-31 15:31:00+00:00,12.64,16.74,2942.72,0.3,20.58,False,0,False,0.2254016126508085,None
2026-08-31 15:32:00+00:00,23.11,24.55,2802.85,0.51,55.1,False,0,False,0.10564179068901514,None
2026-08-31 15:33:00+00:00,14.28,15.54,2751.83,0.0,20.42,False,0,False,0.2302574225910321,None
2026-08-31 15:34:00+00:00,10.8,12.1,2946.53,0.0,20.8,False,0,False,0.23609135026471617,None
2026-08-31 15:35:00+00:00,8.9,12.95,2722.66,0.0,52.22,False,0,False,0.17770885890516958,None
2026-08-31 15:36:00+00:00,16.75,21.8,2683.49,0.0,20.88,False,0,False,0.1895249959185787,None
2026-08-31 15:37:00+00:00,14.31,21.2,2929.23,0.0,20.32,False,0,False,0.25254537643372194,None
2026-08-31 15:38:00+00:00,12.76,11.14,2777.84,1.24,20.33,True,1,False,0.1561863281206896,Z-Score
2026-08-31 15:39:00+00:00,18.37,17.89,2705.53,0.0,20.69,False,0,False,0.20505596991202663,None
2026-08-31 15:40:00+00:00,12.79,22.16,2491.45,0.38,51.87,False,0,False,0.13727854568558717,None
2026-08-31 15:41:00+00:00,16.45,17.12,2876.11,0.0,21.03,False,0,False,0.22602080434668803,None
2026-08-31 15:42:00+00:00,9.69,12.42,2497.17,0.0,57.19,False,0,False,0.1429113650033521,None
2026-08-31 15:43:00+00:00,12.26,16.26,2688.45,0.0,20.47,False,0,False,0.2480981436746706,None
2026-08-31 15:44:00+00:00,14.71,9.47,2645.44,0.0,20.28,False,0,False,0.21200844409341224,None
2026-08-31 15:45:00+00:00,16.03,18.09,2579.12,0.0,56.94,False,0,False,0.20146783726435935,None
2026-08-31 15:46:00+00:00,11.64,13.27,2456.5,0.0,47.07,False,0,False,0.1394313406779113,None
2026-08-31 15:47:00+00:00,12.0,14.09,2690.27,0.0,20.06,False,0,False,0.194285930677979,None
2026-08-31 15:48:00+00:00,15.01,14.58,2563.8,0.0,46.05,False,0,False,0.19038738313925013,None
2026-08-31 15:49:00+00:00,20.11,22.28,2774.13,1.4,21.0,True,1,False,0.14098019131947903,Z-Score
2026-08-31 15:50:00+00:00,14.84,18.64,2205.36,0.0,56.16,True,1,False,0.15939223729813073,Z-Score
2026-08-31 15:51:00+00:00,16.57,18.46,2703.0,0.0,19.84,False,0,False,0.24522408198517986,None
2026-08-31 15:52:00+00:00,14.22,11.02,2467.23,0.0,19.94,False,0,False,0.22545573918432527,None
2026-08-31 15:53:00+00:00,10.59,9.42,2717.77,0.0,20.36,False,0,False,0.14891491166273668,None
2026-08-31 15:54:00+00:00,18.79,21.61,2634.52,0.0,64.08,False,0,False,0.14042709028240952,None
2026-08-31 15:55:00+00:00,14.1,14.81,2813.16,0.0,54.47,False,0,False,0.1870962349881679,None
2026-08-31 15:56:00+00:00,12.97,16.59,2723.55,0.0,64.05,False,0,False,0.18089894353859653,None
2026-08-31 15:57:00+00:00,13.1,17.44,2582.52,0.67,20.28,False,0,False,0.1615666732450311,None
2026-08-31 15:58:00+00:00,12.2,15.78,2832.74,0.0,57.3,False,0,False,0.1757746526638691,None
2026-08-31 15:59:00+00:00,19.1,17.45,2754.64,0.0,19.93,False,0,False,0.2560832298668315,None
2026-08-31 16:00:00+00:00,15.38,20.13,2691.72,0.0,63.6,False,0,False,0.1680437662644615,None
2026-08-31 16:01:00+00:00,14.53,18.12,2839.36,0.0,52.06,False,0,False,0.12588100072231423,None
2026-08-31 16:02:00+00:00,19.46,20.68,2722.42,0.0,55.23,False,0,False,0.13655143381597412,None
2026-08-31 16:03:00+00:00,16.03,12.74,2558.58,0.0,62.21,False,0,False,0.16308829200287223,None
2026-08-31 16:04:00+00:00,19.99,20.82,2630.91,0.0,20.46,False,0,False,0.24448294895088696,None
2026-08-31 16:05:00+00:00,12.54,13.06,2844.41,0.82,54.0,False,0,False,0.12738283357882962,None
2026-08-31 16:06:00+00:00,15.58,16.25,2818.7,0.0,56.09,False,0,False,0.20869875313934394,None
2026-08-31 16:07:00+00:00,22.91,25.71,2518.23,0.35,19.95,False,0,False,0.1353643393765136,None
2026-08-31 16:08:00+00:00,14.75,21.03,2635.73,0.87,20.85,False,0,False,0.1527807402201603,None
2026-08-31 16:09:00+00:00,10.91,12.66,2563.68,0.02,50.12,False,0,False,0.16028802976558248,None
2026-08-31 16:10:00+00:00,11.29,9.13,2851.02,0.0,20.92,False,0,False,0.22504571052701705,None
2026-08-31 16:11:00+00:00,14.26,17.82,2486.81,0.0,49.75,False,0,False,0.16864782316347993,None
2026-08-31 16:12:00+00:00,12.0,13.4,2914.28,0.0,55.89,False,0,False,0.17733771160085204,None
2026-08-31 16:13:00+00:00,18.0,24.85,2661.58,1.32,58.76,True,1,False,0.05413090979321855,Z-Score
2026-08-31 16:14:00+00:00,16.22,21.22,2583.5,0.0,60.56,False,0,False,0.14740889690905234,None
2026-08-31 16:15:00+00:00,13.8,11.81,2717.21,0.52,55.6,False,0,False,0.1462846335402036,None
2026-08-31 16:16:00+00:00,11.05,11.71,2528.39,0.42,47.11,False,0,False,0.14754022417384427,None
2026-08-31 16:17:00+00:00,13.2,13.28,2413.39,0.63,20.24,False,0,False,0.1794503475277648,None
2026-08-31 16:18:00+00:00,13.99,13.82,2839.16,0.0,20.48,False,0,False,0.2701066131635089,None
2026-08-31 16:19:00+00:00,17.28,17.42,2610.09,0.0,20.02,False,0,False,0.2633072653211818,None
2026-08-31 16:20:00+00:00,14.3,17.23,2850.48,0.0,42.78,False,0,False,0.22018426929220264,None
2026-08-31 16:21:00+00:00,13.91,10.63,2800.66,0.0,20.84,False,0,False,0.24482663274240957,None
2026-08-31 16:22:00+00:00,14.42,23.19,2760.34,0.0,48.27,False,0,False,0.20219006270909134,None
2026-08-31 16:23:00+00:00,15.95,18.49,2871.96,0.0,20.75,False,0,False,0.2530319509206915,None
2026-08-31 16:24:00+00:00,16.58,18.97,2769.05,0.0,46.42,False,0,False,0.22379948134363697,None
2026-08-31 16:25:00+00:00,15.27,19.55,2852.55,0.0,56.49,False,0,False,0.19139866113009107,None
2026-08-31 16:26:00+00:00,13.16,16.31,2647.15,0.0,20.77,False,0,False,0.2722575742713623,None
2026-08-31 16:27:00+00:00,20.05,23.45,3016.11,0.0,56.62,False,0,False,0.1615326966767327,None
2026-08-31 16:28:00+00:00,14.14,17.3,2766.88,0.0,20.78,False,0,False,0.2686486657718375,None
2026-08-31 16:29:00+00:00,14.19,18.38,2935.05,0.0,19.7,False,0,False,0.2651496464445862,None
2026-08-31 16:30:00+00:00,12.7,14.02,2915.11,0.0,20.68,False,0,False,0.2547043123308722,None
2026-08-31 16:31:00+00:00,11.87,10.74,2810.27,0.0,41.16,False,0,False,0.2017719873622542,None
2026-08-31 16:32:00+00:00,17.35,18.72,2790.86,0.0,21.03,False,0,False,0.26542739726347175,None
2026-08-31 16:33:00+00:00,9.31,7.5,2886.04,0.45,42.64,False,0,False,0.12643786621236375,None
2026-08-31 16:34:00+00:00,14.07,15.52,2926.87,0.0,54.23,False,0,False,0.21425906711214393,None
2026-08-31 16:35:00+00:00,18.02,17.4,2905.6,0.13,41.97,False,0,False,0.20537222204789674,None
2026-08-31 16:36:00+00:00,13.0,12.47,2943.85,0.0,20.32,False,0,False,0.26019230203036026,None
2026-08-31 16:37:00+00:00,14.96,18.62,3063.41,0.0,40.68,False,0,False,0.18111751368539858,None
2026-08-31 16:38:00+00:00,13.45,20.52,2779.05,0.0,44.18,False,0,False,0.19558049881778045,None
2026-08-31 16:39:00+00:00,18.82,20.9,2850.6,0.0,47.39,False,0,False,0.17256848004848602,None
2026-08-31 16:40:00+00:00,18.5,18.29,2823.59,0.0,20.2,False,0,False,0.26376254145444616,None
2026-08-31 16:41:00+00:00,11.92,13.51,2783.92,0.0,20.78,False,0,False,0.27270784649171725,None
2026-08-31 16:42:00+00:00,16.53,16.86,2751.56,0.0,20.53,False,0,False,0.27242375409519604,None
2026-08-31 16:43:00+00:00,14.94,17.19,2785.79,0.0,19.97,False,0,False,0.2657306634893915,None
2026-08-31 16:44:00+00:00,18.64,20.94,2821.17,0.0,39.06,False,0,False,0.17832502482196189,None
2026-08-31 16:45:00+00:00,19.11,16.14,3161.3,0.0,46.56,False,0,False,0.21034899753422936,None
2026-08-31 16:46:00+00:00,17.22,21.16,2859.96,0.0,45.64,False,0,False,0.15912230597619642,None
2026-08-31 16:47:00+00:00,15.22,16.69,2826.1,1.03,40.16,False,0,False,0.16042090196323538,None
2026-08-31 16:48:00+00:00,11.06,9.0,2567.86,0.0,20.2,False,0,False,0.2177848468174826,None
2026-08-31 16:49:00+00:00,16.73,23.16,2771.54,0.0,45.39,False,0,False,0.2015152662503612,None
2026-08-31 16:50:00+00:00,17.34,18.76,2614.72,0.0,19.69,False,0,False,0.26501620709204604,None
2026-08-31 16:51:00+00:00,15.16,12.53,2766.45,0.99,20.85,False,0,False,0.1895340656209924,None
2026-08-31 16:52:00+00:00,16.16,20.2,2759.11,0.0,20.68,False,0,False,0.2723978745404278,None
2026-08-31 16:53:00+00:00,13.95,18.78,2885.82,1.08,19.98,True,1,False,0.16957306977822612,Z-Score
2026-08-31 16:54:00+00:00,16.55,13.22,2833.29,0.0,49.17,False,0,False,0.203676629525453,None
2026-08-31 16:55:00+00:00,14.2,18.37,3094.81,0.0,36.57,False,0,False,0.22749878549716107,None
2026-08-31 16:56:00+00:00,15.71,17.97,3040.58,0.0,20.93,False,0,False,0.28159596900592954,None
2026-08-31 16:57:00+00:00,13.92,13.61,2812.72,0.0,20.77,False,0,False,0.26596591599915015,None
2026-08-31 16:58:00+00:00,14.62,18.44,2812.12,0.0,48.29,False,0,False,0.21544278368942799,None
2026-08-31 16:59:00+00:00,15.45,17.18,3059.47,0.0,40.13,False,0,False,0.22921970506858952,None
2026-08-31 17:00:00+00:00,22.0,27.27,2819.31,0.0,20.93,False,0,False,0.20518985201658596,None
2026-08-31 17:01:00+00:00,12.75,17.48,2963.02,0.0,21.05,False,0,False,0.280272400071334,None
2026-08-31 17:02:00+00:00,10.1,17.72,3259.5,0.0,35.35,False,0,False,0.20704475436186986,None
2026-08-31 17:03:00+00:00,14.82,18.16,2882.86,0.0,20.53,False,0,False,0.21825978507598826,None
2026-08-31 17:04:00+00:00,13.23,15.33,2914.85,0.0,19.85,False,0,False,0.24726173005289281,None
2026-08-31 17:05:00+00:00,15.77,25.09,2929.77,0.66,45.3,False,0,False,0.15326352396952614,None
2026-08-31 17:06:00+00:00,16.79,18.37,2894.3,0.0,37.66,False,0,False,0.2363071675908936,None
2026-08-31 17:07:00+00:00,17.11,17.01,2803.12,0.0,20.18,False,0,False,0.25497737682071725,None
2026-08-31 17:08:00+00:00,11.49,14.26,2686.97,0.0,20.83,False,0,False,0.2560010970574122,None
2026-08-31 17:09:00+00:00,13.8,15.13,2922.82,0.53,20.91,False,0,False,0.23959801153251686,None
2026-08-31 17:10:00+00:00,16.32,17.99,2960.29,0.0,41.14,False,0,False,0.2309468219614983,None
2026-08-31 17:11:00+00:00,13.38,13.38,2948.59,0.2,37.85,False,0,False,0.18613409868646374,None
2026-08-31 17:12:00+00:00,13.57,12.16,2879.63,0.0,44.19,False,0,False,0.20252568676373128,None
2026-08-31 17:13:00+00:00,13.82,14.2,2956.18,0.77,20.38,False,0,False,0.17849244099232048,None
2026-08-31 17:14:00+00:00,19.4,29.49,2772.82,0.0,39.48,True,1,False,0.18026515888539824,Z-Score
2026-08-31 17:15:00+00:00,14.89,10.68,3095.74,0.47,20.34,False,0,False,0.1931025704303288,None
2026-08-31 17:16:00+00:00,14.39,12.4,3013.3,0.0,20.39,False,0,False,0.2586516118235167,None
2026-08-31 17:17:00+00:00,15.92,21.08,3105.45,0.0,40.77,False,0,False,0.23349813552017018,None
2026-08-31 17:18:00+00:00,9.01,11.8,2867.46,0.54,35.82,False,0,False,0.16266752017956643,None
2026-08-31 17:19:00+00:00,15.29,17.99,2987.1,0.0,20.05,False,0,False,0.27190334106854797,None
2026-08-31 17:20:00+00:00,13.58,12.88,2816.96,0.0,20.3,False,0,False,0.25357218184421204,None
2026-08-31 17:21:00+00:00,13.53,14.27,2939.71,0.0,36.4,False,0,False,0.21600074429319077,None
2026-08-31 17:22:00+00:00,13.13,22.55,3067.33,0.15,19.84,False,0,False,0.2326109064465527,None
2026-08-31 17:23:00+00:00,15.49,18.45,2723.8,0.0,34.98,False,0,False,0.23545369501233887,None
2026-08-31 17:24:00+00:00,13.92,14.4,2945.61,0.0,20.21,False,0,False,0.28330195827359084,None
2026-08-31 17:25:00+00:00,17.1,19.18,2902.17,0.15,20.28,False,0,False,0.25537249062753614,None
2026-08-31 17:26:00+00:00,15.53,17.7,2868.7,0.0,32.4,False,0,False,0.22747096459271288,None
2026-08-31 17:27:00+00:00,15.54,17.25,2999.51,0.0,20.7,False,0,False,0.2867404930304576,None
2026-08-31 17:28:00+00:00,15.08,13.81,3241.9,0.0,32.66,False,0,False,0.2354619016318779,None
2026-08-31 17:29:00+00:00,18.46,23.35,2984.32,0.79,20.93,False,0,False,0.20874299729254808,None
2026-08-31 17:30:00+00:00,16.88,19.93,2867.54,1.18,20.3,True,1,False,0.18482508203056813,Z-Score
2026-08-31 17:31:00+00:00,16.59,18.96,2823.23,0.0,19.67,False,0,False,0.27012408890468786,None
2026-08-31 17:32:00+00:00,13.07,11.09,2821.14,0.66,37.54,False,0,False,0.17099746225455298,None
2026-08-31 17:33:00+00:00,17.94,24.48,2862.66,0.52,20.83,False,0,False,0.21173021559685146,None
2026-08-31 17:34:00+00:00,13.51,18.31,3007.46,0.8,19.9,False,0,False,0.23417948083487983,None
2026-08-31 17:35:00+00:00,14.65,15.04,2864.83,0.26,20.06,False,0,False,0.23710681909877196,None
2026-08-31 17:36:00+00:00,16.33,22.91,2671.23,0.35,20.59,False,0,False,0.23475029234301542,None
2026-08-31 17:37:00+00:00,11.48,14.93,3177.26,0.0,20.31,False,0,False,0.271091070393462,None
2026-08-31 17:38:00+00:00,17.02,17.74,2786.69,0.0,38.2,False,0,False,0.2336123671905394,None
2026-08-31 17:39:00+00:00,17.72,22.11,2693.81,0.0,20.16,False,0,False,0.25695610270613395,None
2026-08-31 17:40:00+00:00,17.58,19.31,2785.73,0.0,33.47,False,0,False,0.2433078617639563,None
2026-08-31 17:41:00+00:00,17.04,15.62,3101.42,0.0,33.65,False,0,False,0.241830046336645,None
2026-08-31 17:42:00+00:00,11.64,16.3,2903.25,0.0,19.67,False,0,False,0.2584381339598606,None
2026-08-31 17:43:00+00:00,14.2,15.58,2876.46,0.0,34.42,False,0,False,0.23642714756801875,None
2026-08-31 17:44:00+00:00,12.09,8.26,2957.68,0.0,35.69,False,0,False,0.18222839557535075,None
2026-08-31 17:45:00+00:00,11.37,13.54,3056.75,0.0,19.83,False,0,False,0.2688455904721122,None
2026-08-31 17:46:00+00:00,12.4,11.67,3157.44,0.19,31.75,False,0,False,0.2069594405146073,None
2026-08-31 17:47:00+00:00,14.51,16.42,2923.77,0.0,20.19,False,0,False,0.2764346195188499,None
2026-08-31 17:48:00+00:00,11.22,13.6,3032.32,0.03,29.55,False,0,False,0.23252802506871673,None
2026-08-31 17:49:00+00:00,16.61,19.91,2680.33,0.0,20.29,False,0,False,0.21482762641189412,None
2026-08-31 17:50:00+00:00,13.85,14.3,3076.37,0.0,20.08,False,0,False,0.28416104048594665,None
2026-08-31 17:51:00+00:00,14.03,21.11,3000.13,1.32,20.73,True,1,False,0.16874022844222303,Z-Score
2026-08-31 17:52:00+00:00,13.98,18.68,2687.22,0.0,20.77,False,0,False,0.2680121778779888,None
2026-08-31 17:53:00+00:00,15.79,17.48,2856.24,0.0,27.92,False,0,False,0.2492901071326351,None
2026-08-31 17:54:00+00:00,13.91,16.81,2950.05,0.0,19.77,False,0,False,0.2784632149232388,None
2026-08-31 17:55:00+00:00,10.72,16.44,3174.35,0.07,28.74,False,0,False,0.21212817020481473,None
2026-08-31 17:56:00+00:00,17.96,15.61,2966.82,0.0,27.94,False,0,False,0.24417996861020336,None
2026-08-31 17:57:00+00:00,16.04,16.32,2947.45,0.06,20.78,False,0,False,0.26192681174044524,None
2026-08-31 17:58:00+00:00,16.89,14.11,3028.99,0.55,20.73,False,0,False,0.2329772305336706,None
2026-08-31 17:59:00+00:00,14.73,12.75,3073.64,0.0,20.85,False,0,False,0.2748517883370257,None
2026-08-31 18:00:00+00:00,16.29,21.46,2845.55,0.0,19.81,False,0,False,0.27839452916973134,None
2026-08-31 18:01:00+00:00,18.26,24.94,2879.87,0.0,20.57,False,0,False,0.22574795926562807,None
2026-08-31 18:02:00+00:00,14.26,17.78,2971.75,0.0,32.75,False,0,False,0.2479099052874995,None
2026-08-31 18:03:00+00:00,12.1,18.39,3094.22,1.44,29.87,True,1,False,0.11698521412632035,Z-Score
2026-08-31 18:04:00+00:00,15.29,20.75,3168.22,0.33,31.18,False,0,False,0.20850732017115325,None
2026-08-31 18:05:00+00:00,17.06,19.19,3091.9,0.0,20.31,False,0,False,0.28343393196768657,None
2026-08-31 18:06:00+00:00,16.91,21.03,3298.86,0.35,28.9,False,0,False,0.21214934462142127,None
2026-08-31 18:07:00+00:00,15.17,20.31,3176.35,0.0,20.47,False,0,False,0.2707037872331337,None
2026-08-31 18:08:00+00:00,14.36,18.99,2972.04,0.73,27.98,False,0,False,0.19236221264044956,None
2026-08-31 18:09:00+00:00,11.95,11.24,2996.47,0.0,20.34,False,0,False,0.25697669279276786,None
2026-08-31 18:10:00+00:00,12.04,11.91,2887.43,0.0,28.01,False,0,False,0.24288644337979637,None
2026-08-31 18:11:00+00:00,12.47,16.01,3089.78,0.63,29.89,False,0,False,0.19554366286151015,None
2026-08-31 18:12:00+00:00,9.3,8.29,3028.1,0.0,20.23,False,0,False,0.2243777021189774,None
2026-08-31 18:13:00+00:00,15.02,20.29,3190.2,0.0,20.7,False,0,False,0.2700857126208322,None
2026-08-31 18:14:00+00:00,16.73,15.14,2964.31,1.49,27.52,True,1,False,0.12337050705367159,Z-Score
2026-08-31 18:15:00+00:00,14.29,16.19,3114.77,0.0,20.43,False,0,False,0.2581061684662406,None
2026-08-31 18:16:00+00:00,17.84,17.05,3361.44,0.0,19.7,False,0,False,0.25875879966892307,None
2026-08-31 18:17:00+00:00,16.7,18.3,2931.8,0.9,27.65,False,0,False,0.20030301071282158,None
2026-08-31 18:18:00+00:00,14.78,16.18,2986.6,0.36,19.65,False,0,False,0.2551777369905931,None
2026-08-31 18:19:00+00:00,15.16,22.46,3354.37,0.0,28.56,False,0,False,0.23924900282225453,None
2026-08-31 18:20:00+00:00,12.49,11.43,3237.5,0.0,25.05,False,0,False,0.24033482116023208,None
2026-08-31 18:21:00+00:00,17.59,20.41,3072.88,0.0,26.73,False,0,False,0.23710404813237423,None
2026-08-31 18:22:00+00:00,13.36,14.45,2930.94,1.01,28.06,False,0,False,0.18317830732753188,None
2026-08-31 18:23:00+00:00,12.08,11.88,3263.7,0.0,20.25,False,0,False,0.2611764496661173,None
2026-08-31 18:24:00+00:00,13.81,15.93,3066.48,0.12,20.77,False,0,False,0.2520479094513845,None
2026-08-31 18:25:00+00:00,10.67,9.53,3245.4,0.0,24.58,False,0,False,0.21434136438402945,None
2026-08-31 18:26:00+00:00,16.42,20.96,2920.35,0.0,21.05,False,0,False,0.27236453902045654,None
2026-08-31 18:27:00+00:00,11.13,15.11,3111.69,0.0,19.76,False,0,False,0.26784626607854484,None
2026-08-31 18:28:00+00:00,14.2,14.85,2795.04,0.0,26.19,False,0,False,0.2559126261107927,None
2026-08-31 18:29:00+00:00,19.86,23.68,3019.61,0.0,20.89,False,0,False,0.26524230693289624,None
2026-08-31 18:30:00+00:00,15.26,21.34,3344.02,0.0,23.98,False,0,False,0.2502086643627799,None
2026-08-31 18:31:00+00:00,16.54,15.76,3214.68,0.0,26.14,False,0,False,0.2585486392626846,None
2026-08-31 18:32:00+00:00,10.3,8.59,3201.84,0.0,20.51,False,0,False,0.21293198810804354,None
2026-08-31 18:33:00+00:00,17.14,19.19,3152.25,0.0,19.82,False,0,False,0.26604524670412694,None
2026-08-31 18:34:00+00:00,14.43,22.4,3284.34,0.0,20.43,False,0,False,0.2560126902273925,None
2026-08-31 18:35:00+00:00,15.62,15.71,2892.14,0.56,20.64,False,0,False,0.2378925082613263,None
2026-08-31 18:36:00+00:00,12.17,16.88,3180.36,0.0,20.82,False,0,False,0.2780849544724649,None
2026-08-31 18:37:00+00:00,18.64,16.85,3154.77,0.95,25.35,False,0,False,0.18655906780886344,None
2026-08-31 18:38:00+00:00,10.01,9.96,3325.43,0.0,20.9,False,0,False,0.22148640387744722,None
2026-08-31 18:39:00+00:00,20.3,23.92,3191.47,0.85,22.82,False,0,False,0.18564556757029,None
2026-08-31 18:40:00+00:00,13.68,16.55,3090.32,0.0,23.98,False,0,False,0.25543779043465314,None
2026-08-31 18:41:00+00:00,13.46,16.36,3077.23,0.0,20.32,False,0,False,0.26416671920202806,None
2026-08-31 18:42:00+00:00,16.67,20.55,3163.57,0.13,22.95,False,0,False,0.24207085105407822,None
2026-08-31 18:43:00+00:00,15.94,16.93,3214.62,0.55,23.5,False,0,False,0.23387229887846966,None
2026-08-31 18:44:00+00:00,13.85,18.5,3175.15,0.17,23.97,False,0,False,0.23399325332918758,None
2026-08-31 18:45:00+00:00,15.11,19.29,3390.58,0.0,23.45,False,0,False,0.2613705366743671,None
2026-08-31 18:46:00+00:00,18.63,20.72,3185.94,0.0,23.23,False,0,False,0.23380435336071853,None
2026-08-31 18:47:00+00:00,18.23,21.85,3188.31,0.85,22.08,False,0,False,0.16918641529861322,None
2026-08-31 18:48:00+00:00,14.31,17.04,2993.51,0.0,20.59,False,0,False,0.28565762628821273,None
2026-08-31 18:49:00+00:00,14.44,13.09,3185.6,0.0,20.0,False,0,False,0.25454295741819394,None
2026-08-31 18:50:00+00:00,17.66,18.16,3259.74,0.0,19.93,False,0,False,0.26821498702045155,None
2026-08-31 18:51:00+00:00,15.79,15.95,2985.59,0.0,20.16,False,0,False,0.2872892852401245,None
2026-08-31 18:52:00+00:00,11.02,7.5,2974.2,0.82,20.38,False,0,False,0.17012130218838556,None
2026-08-31 18:53:00+00:00,10.3,14.45,3005.49,0.0,22.42,False,0,False,0.2555257578122743,None
2026-08-31 18:54:00+00:00,10.25,13.78,3217.47,0.0,22.61,False,0,False,0.24172586862807222,None
2026-08-31 18:55:00+00:00,9.47,14.09,3121.33,0.0,20.31,False,0,False,0.21706071592708315,None
2026-08-31 18:56:00+00:00,18.51,26.44,3335.68,0.25,20.36,False,0,False,0.21385550596244352,None
2026-08-31 18:57:00+00:00,12.87,20.87,3050.64,1.09,20.15,False,0,False,0.19958230899159102,None
2026-08-31 18:58:00+00:00,12.42,10.92,3193.51,0.05,20.21,False,0,False,0.23609147777776907,None
2026-08-31 18:59:00+00:00,20.65,22.34,3261.69,0.0,20.51,False,0,False,0.2403515340105078,None
2026-08-31 19:00:00+00:00,15.21,9.53,3100.58,0.24,19.71,False,0,False,0.2197644123959357,None
2026-08-31 19:01:00+00:00,16.77,18.71,3466.74,0.38,20.37,False,0,False,0.23250106218965766,None
2026-08-31 19:02:00+00:00,15.2,10.54,3182.98,0.0,20.86,False,0,False,0.2551650858802815,None
2026-08-31 19:03:00+00:00,20.35,18.64,3234.29,0.0,20.66,False,0,False,0.25193458331456275,None
2026-08-31 19:04:00+00:00,18.04,19.94,3003.81,0.24,20.08,False,0,False,0.25704656272095283,None
2026-08-31 19:05:00+00:00,10.63,15.8,3354.35,0.0,20.91,False,0,False,0.23615554256361643,None
2026-08-31 19:06:00+00:00,13.01,15.35,3393.78,0.0,20.57,False,0,False,0.26815995372555207,None
2026-08-31 19:07:00+00:00,16.86,19.18,2986.93,0.0,20.81,False,0,False,0.2847031877998487,None
2026-08-31 19:08:00+00:00,15.56,17.21,3269.88,0.0,20.86,False,0,False,0.19575264194951864,None
2026-08-31 19:09:00+00:00,14.61,16.73,3207.47,0.71,20.32,False,0,False,0.24244278287811988,None
2026-08-31 19:10:00+00:00,14.11,14.71,3232.19,0.0,20.18,False,0,False,0.24713144704181,None
2026-08-31 19:11:00+00:00,18.69,22.7,3225.3,0.0,20.14,False,0,False,0.2552697051710552,None
2026-08-31 19:12:00+00:00,11.46,15.46,3263.12,0.0,19.85,False,0,False,0.2658501616306538,None
2026-08-31 19:13:00+00:00,17.24,19.49,3460.03,0.0,19.65,False,0,False,0.255248763672506,None
2026-08-31 19:14:00+00:00,12.66,18.57,3309.89,0.0,20.22,False,0,False,0.26789701876060074,None
2026-08-31 19:15:00+00:00,18.69,19.81,3141.85,0.0,19.63,False,0,False,0.27730709189585967,None
2026-08-31 19:16:00+00:00,17.67,22.63,3211.56,1.1,19.63,False,0,False,0.18405298481308507,None
2026-08-31 19:17:00+00:00,15.54,16.16,2961.28,0.0,21.02,False,0,False,0.28586049939030456,None
2026-08-31 19:18:00+00:00,13.36,14.34,3088.99,0.0,19.63,False,0,False,0.2811708551288932,None
2026-08-31 19:19:00+00:00,17.53,23.25,3361.03,0.0,19.71,False,0,False,0.2557536108702379,None
2026-08-31 19:20:00+00:00,17.71,20.12,3374.9,0.0,20.53,False,0,False,0.2696801748232847,None
2026-08-31 19:21:00+00:00,17.35,22.2,3520.58,0.75,19.63,False,0,False,0.19402793888574765,None
2026-08-31 19:22:00+00:00,17.61,22.5,3189.69,0.41,19.63,False,0,False,0.2344891870324311,None
2026-08-31 19:23:00+00:00,12.67,11.86,3366.93,0.0,19.63,False,0,False,0.2542912633657189,None
2026-08-31 19:24:00+00:00,14.83,14.14,3344.25,0.0,20.19,False,0,False,0.26568634344801945,None
2026-08-31 19:25:00+00:00,10.52,15.56,3158.91,0.0,20.87,False,0,False,0.26383603887389895,None
2026-08-31 19:26:00+00:00,12.35,19.84,3391.83,0.0,20.86,False,0,False,0.25451675404544566,None
2026-08-31 19:27:00+00:00,13.7,13.79,3220.04,0.34,19.63,False,0,False,0.2513398534604,None
2026-08-31 19:28:00+00:00,15.53,18.04,3348.28,0.0,20.9,False,0,False,0.2770748679525118,None
2026-08-31 19:29:00+00:00,15.3,15.06,3268.69,0.0,21.12,False,0,False,0.2673685135002904,None
2026-08-31 19:30:00+00:00,15.84,17.21,3027.58,0.12,20.38,False,0,False,0.2628688457166273,None
2026-08-31 19:31:00+00:00,13.5,19.38,3263.9,0.0,20.39,False,0,False,0.26418003398880996,None
2026-08-31 19:32:00+00:00,12.76,15.03,3332.14,0.0,20.85,False,0,False,0.2555342828859787,None
2026-08-31 19:33:00+00:00,18.83,20.43,3351.54,0.0,20.16,False,0,False,0.26491124119786513,None
2026-08-31 19:34:00+00:00,10.9,17.27,3305.52,0.0,19.63,False,0,False,0.24550673634591125,None
2026-08-31 19:35:00+00:00,17.2,26.54,3447.86,0.0,19.81,False,0,False,0.22296929115738767,None
2026-08-31 19:36:00+00:00,11.55,13.42,3332.6,0.0,21.03,False,0,False,0.2580703071531863,None
2026-08-31 19:37:00+00:00,21.03,25.82,3329.72,0.0,19.64,False,0,False,0.23138621772395163,None
2026-08-31 19:38:00+00:00,17.55,26.17,3348.66,0.38,19.63,False,0,False,0.19974641443841595,None
2026-08-31 19:39:00+00:00,15.5,13.67,3212.89,0.23,19.63,False,0,False,0.25003138320042373,None
2026-08-31 19:40:00+00:00,12.82,14.39,3487.0,0.0,19.63,False,0,False,0.2503841267276436,None
2026-08-31 19:41:00+00:00,17.41,22.76,3424.57,0.0,19.75,False,0,False,0.24328663124003874,None
2026-08-31 19:42:00+00:00,16.36,17.39,3239.81,0.0,20.97,False,0,False,0.27831272831168147,None
2026-08-31 19:43:00+00:00,12.53,11.66,3343.13,0.49,20.3,False,0,False,0.22266189575966894,None
2026-08-31 19:44:00+00:00,16.52,16.9,3153.8,0.0,20.63,False,0,False,0.2840450106982566,None
2026-08-31 19:45:00+00:00,19.39,24.77,3314.1,0.57,19.63,False,0,False,0.20558954910621374,None
2026-08-31 19:46:00+00:00,15.35,19.73,3501.85,0.0,19.63,False,0,False,0.25064779579648905,None
2026-08-31 19:47:00+00:00,17.94,17.49,3354.26,0.0,19.9,False,0,False,0.2694438937872907,None
2026-08-31 19:48:00+00:00,19.02,18.3,3099.85,0.0,19.63,False,0,False,0.2642381159261403,None
2026-08-31 19:49:00+00:00,14.2,14.85,3184.97,0.0,21.0,False,0,False,0.27876723662678876,None
2026-08-31 19:50:00+00:00,15.74,19.54,3436.51,1.25,20.83,True,1,False,0.18049839677009416,Z-Score
2026-08-31 19:51:00+00:00,13.84,14.67,3290.84,0.0,19.63,False,0,False,0.2755137624272379,None
2026-08-31 19:52:00+00:00,11.31,9.52,3488.3,0.0,20.68,False,0,False,0.21570073151797747,None
2026-08-31 19:53:00+00:00,15.41,15.44,3601.09,0.0,19.63,False,0,False,0.23533519459919616,None
2026-08-31 19:54:00+00:00,18.1,19.57,3365.34,0.26,20.22,False,0,False,0.2349398968251637,None
2026-08-31 19:55:00+00:00,18.02,19.45,3077.09,0.0,20.83,False,0,False,0.27825194485314575,None
2026-08-31 19:56:00+00:00,9.81,16.8,3323.96,0.0,20.14,False,0,False,0.24877511064843533,None
2026-08-31 19:57:00+00:00,18.49,19.7,3426.36,0.0,21.1,False,0,False,0.22723204721836382,None
2026-08-31 19:58:00+00:00,19.4,21.0,3284.11,0.0,19.63,False,0,False,0.26460227180178203,None
2026-08-31 19:59:00+00:00,13.45,14.98,3358.11,0.0,20.33,False,0,False,0.27288820916930695,None
2026-08-31 20:00:00+00:00,18.16,22.16,3390.22,0.34,20.03,False,0,False,0.22931112358922134,None
2026-08-31 20:01:00+00:00,18.24,21.45,3423.17,1.09,19.63,True,1,False,0.17458976367907492,Z-Score
2026-08-31 20:02:00+00:00,15.35,19.35,3228.15,0.3,20.47,False,0,False,0.2559005074514157,None
2026-08-31 20:03:00+00:00,13.59,14.45,3186.13,0.0,19.63,False,0,False,0.27394472828282646,None
2026-08-31 20:04:00+00:00,12.3,15.55,3075.09,0.0,21.1,False,0,False,0.27587717371485015,None
2026-08-31 20:05:00+00:00,15.27,17.39,3203.02,0.28,20.34,False,0,False,0.2527307875677683,None
2026-08-31 20:06:00+00:00,17.23,18.01,3295.69,0.67,20.84,False,0,False,0.21859951933184024,None
2026-08-31 20:07:00+00:00,13.06,16.49,3083.0,0.0,19.89,False,0,False,0.269799678892287,None
2026-08-31 20:08:00+00:00,16.18,15.87,3361.45,0.21,19.63,False,0,False,0.24576420493288859,None
2026-08-31 20:09:00+00:00,11.47,12.72,3364.51,0.0,20.95,False,0,False,0.23165526888517352,None
2026-08-31 20:10:00+00:00,17.99,18.76,3268.67,0.0,19.87,False,0,False,0.254728907374276,None
2026-08-31 20:11:00+00:00,12.65,20.6,3263.73,0.0,19.97,False,0,False,0.2627536555346927,None
2026-08-31 20:12:00+00:00,17.83,17.28,3352.67,0.0,21.12,False,0,False,0.260774243890235,None
2026-08-31 20:13:00+00:00,14.65,13.91,3339.03,0.0,19.63,False,0,False,0.2715923272835876,None
2026-08-31 20:14:00+00:00,12.24,12.74,3056.25,0.48,19.63,False,0,False,0.21839797327836974,None
2026-08-31 20:15:00+00:00,12.21,8.09,3536.54,0.0,21.0,False,0,False,0.18990202927855665,None
2026-08-31 20:16:00+00:00,12.4,16.63,3237.16,0.0,20.13,False,0,False,0.27474037531598466,None
2026-08-31 20:17:00+00:00,17.62,18.47,3154.86,0.0,19.63,False,0,False,0.2777149480859278,None
2026-08-31 20:18:00+00:00,12.84,16.9,3457.83,0.0,20.21,False,0,False,0.2610618678140072,None
2026-08-31 20:19:00+00:00,18.43,21.74,3449.09,0.0,19.63,False,0,False,0.2512169792464958,None
2026-08-31 20:20:00+00:00,17.03,21.49,3240.61,0.14,20.19,False,0,False,0.25191700580316867,None
2026-08-31 20:21:00+00:00,11.33,14.44,2977.24,0.12,19.63,False,0,False,0.2515095758310798,None
2026-08-31 20:22:00+00:00,13.68,18.26,3110.0,0.0,20.02,False,0,False,0.24826072053695475,None
2026-08-31 20:23:00+00:00,10.83,17.77,3167.2,0.0,19.63,False,0,False,0.2581933613743759,None
2026-08-31 20:24:00+00:00,13.92,16.93,3232.88,0.65,19.63,False,0,False,0.24211428186624695,None
2026-08-31 20:25:00+00:00,11.89,12.9,3122.97,0.0,21.01,False,0,False,0.24506459248139745,None
2026-08-31 20:26:00+00:00,17.21,17.14,3198.36,0.0,19.99,False,0,False,0.2791332435932271,None
2026-08-31 20:27:00+00:00,16.72,17.82,3169.3,0.46,19.63,False,0,False,0.2391935106361892,None
2026-08-31 20:28:00+00:00,16.49,21.68,3140.4,0.0,20.35,False,0,False,0.2764708703432128,None
2026-08-31 20:29:00+00:00,16.48,26.89,3488.97,0.0,19.98,False,0,False,0.2265815495490941,None
2026-08-31 20:30:00+00:00,12.43,15.39,3272.93,0.46,19.63,False,0,False,0.2341107726512318,None
2026-08-31 20:31:00+00:00,17.49,18.98,3212.49,0.0,20.83,False,0,False,0.2704336725599436,None
2026-08-31 20:32:00+00:00,13.06,14.05,3251.69,0.15,19.81,False,0,False,0.24684844202130235,None
2026-08-31 20:33:00+00:00,13.35,16.26,3295.36,0.44,19.63,False,0,False,0.23336801134270324,None
2026-08-31 20:34:00+00:00,16.82,19.26,3112.86,0.39,20.91,False,0,False,0.2511655881911417,None
2026-08-31 20:35:00+00:00,20.11,21.06,3175.86,0.99,19.63,True,1,False,0.19695150131168299,Z-Score
2026-08-31 20:36:00+00:00,10.93,11.09,3271.81,0.0,20.68,False,0,False,0.24688928085009482,None
2026-08-31 20:37:00+00:00,15.1,22.96,3121.73,0.78,20.49,False,0,False,0.2296020633380368,None
2026-08-31 20:38:00+00:00,19.29,19.89,3425.48,0.12,19.63,False,0,False,0.23627186958086388,None
2026-08-31 20:39:00+00:00,20.34,31.14,3301.34,0.0,19.63,True,1,False,0.21535410310435854,Z-Score
2026-08-31 20:40:00+00:00,17.36,25.86,3159.63,0.0,19.63,False,0,False,0.22793418937818355,None
2026-08-31 20:41:00+00:00,15.83,18.08,3198.65,0.0,21.04,False,0,False,0.2802499838139628,None
2026-08-31 20:42:00+00:00,13.44,15.72,3233.32,0.0,20.07,False,0,False,0.2712614232582607,None
2026-08-31 20:43:00+00:00,18.07,23.07,2939.57,0.0,20.31,False,0,False,0.27520163426687283,None
2026-08-31 20:44:00+00:00,15.15,13.99,3230.71,0.0,19.87,False,0,False,0.2628000180971255,None
2026-08-31 20:45:00+00:00,13.9,13.34,3388.24,0.0,19.63,False,0,False,0.2522771433992031,None
2026-08-31 20:46:00+00:00,9.11,12.35,3146.17,0.61,20.0,False,0,False,0.18871873034692843,None
2026-08-31 20:47:00+00:00,15.88,23.96,3294.87,0.0,19.63,False,0,False,0.24804402602240833,None
2026-08-31 20:48:00+00:00,12.14,14.46,3072.73,0.5,19.63,False,0,False,0.23447151920417514,None
2026-08-31 20:49:00+00:00,8.0,12.32,3193.7,0.0,19.63,False,0,False,0.23564258132576416,None
2026-08-31 20:50:00+00:00,14.19,19.97,3279.61,0.0,19.63,False,0,False,0.26973532920285503,None
2026-08-31 20:51:00+00:00,18.24,19.05,3006.14,0.0,20.25,False,0,False,0.28075523692828397,None
2026-08-31 20:52:00+00:00,13.88,13.41,3492.26,0.0,20.84,False,0,False,0.24933725397212458,None
2026-08-31 20:53:00+00:00,12.11,13.38,3367.12,0.0,19.63,False,0,False,0.2536255361372948,None
2026-08-31 20:54:00+00:00,17.81,20.35,3218.36,0.0,19.63,False,0,False,0.27078707145243003,None
2026-08-31 20:55:00+00:00,18.81,21.88,3464.59,0.0,20.15,False,0,False,0.22633031430239253,None
2026-08-31 20:56:00+00:00,14.6,15.72,3411.14,0.0,19.72,False,0,False,0.26806059123312875,None
2026-08-31 20:57:00+00:00,14.28,16.23,3186.58,0.0,20.11,False,0,False,0.280452332533166,None
2026-08-31 20:58:00+00:00,13.16,16.99,3726.78,0.0,19.63,True,1,False,0.22111740083118742,Z-Score
2026-08-31 20:59:00+00:00,18.06,16.3,3327.58,0.0,20.42,False,0,False,0.25876711971044447,None
2026-08-31 21:00:00+00:00,18.89,16.95,3182.11,0.0,20.15,False,0,False,0.27494145836237277,None
2026-08-31 21:01:00+00:00,12.1,11.96,3066.0,0.69,19.97,False,0,False,0.2044513002820157,None
2026-08-31 21:02:00+00:00,16.76,17.53,2943.79,0.0,19.63,False,0,False,0.2783353080496512,None
2026-08-31 21:03:00+00:00,19.54,18.83,2954.22,0.0,19.63,False,0,False,0.2790632040549232,None
2026-08-31 21:04:00+00:00,13.63,15.33,3384.84,0.0,20.22,False,0,False,0.2562317924481212,None
2026-08-31 21:05:00+00:00,14.15,16.36,3153.49,0.79,19.63,False,0,False,0.22934282690298047,None
2026-08-31 21:06:00+00:00,14.63,14.95,3457.83,0.0,20.55,False,0,False,0.25149951380133573,None
2026-08-31 21:07:00+00:00,15.51,21.32,3140.68,0.0,20.22,False,0,False,0.28431545492749455,None
2026-08-31 21:08:00+00:00,12.96,16.41,3411.84,0.79,20.11,False,0,False,0.19798360186126668,None
2026-08-31 21:09:00+00:00,15.71,13.03,3325.77,0.0,21.02,False,0,False,0.24698587798482485,None
2026-08-31 21:10:00+00:00,10.22,13.76,3219.48,0.36,19.63,False,0,False,0.2254368234509989,None
2026-08-31 21:11:00+00:00,15.28,12.68,3323.97,0.0,20.81,False,0,False,0.24667978216677877,None
2026-08-31 21:12:00+00:00,13.08,13.27,3330.95,0.0,20.76,False,0,False,0.26407004213401164,None
2026-08-31 21:13:00+00:00,15.31,15.17,3056.78,0.0,19.63,False,0,False,0.2532626596885398,None
2026-08-31 21:14:00+00:00,14.27,24.36,3121.22,0.0,19.63,False,0,False,0.25134789441728317,None
2026-08-31 21:15:00+00:00,19.04,21.47,3196.15,0.05,19.89,False,0,False,0.260646588760449,None
2026-08-31 21:16:00+00:00,13.23,18.11,3194.03,0.0,19.63,False,0,False,0.2784746788662208,None
2026-08-31 21:17:00+00:00,17.85,17.34,2876.29,0.42,19.79,False,0,False,0.2551374469001664,None
2026-08-31 21:18:00+00:00,11.41,13.28,3285.78,0.0,19.66,False,0,False,0.2175251865382169,None
2026-08-31 21:19:00+00:00,14.48,14.29,3333.52,0.0,20.88,False,0,False,0.25456427907845025,None
2026-08-31 21:20:00+00:00,16.95,19.04,3228.28,0.0,19.63,False,0,False,0.2540791795864825,None
2026-08-31 21:21:00+00:00,14.34,17.78,3175.94,0.0,20.72,False,0,False,0.25848534428185566,None
2026-08-31 21:22:00+00:00,16.13,17.54,3268.12,0.0,20.21,False,0,False,0.2749713393385426,None
2026-08-31 21:23:00+00:00,12.35,14.48,2938.34,0.0,19.63,False,0,False,0.2275325587881073,None
2026-08-31 21:24:00+00:00,13.95,11.15,3188.69,0.0,20.78,False,0,False,0.25741413124532037,None
2026-08-31 21:25:00+00:00,13.68,15.78,3203.98,0.0,20.37,False,0,False,0.2739416026545922,None
2026-08-31 21:26:00+00:00,18.35,19.46,3133.59,0.0,20.33,False,0,False,0.24807090336107745,None
2026-08-31 21:27:00+00:00,19.98,22.28,3437.19,0.0,20.76,False,0,False,0.23053421369598254,None
2026-08-31 21:28:00+00:00,14.87,22.3,3091.27,0.0,19.87,False,0,False,0.27691458357549087,None
2026-08-31 21:29:00+00:00,16.75,19.0,2976.87,0.0,19.63,False,0,False,0.2862014005206786,None
2026-08-31 21:30:00+00:00,13.11,11.92,3078.63,0.32,20.51,False,0,False,0.23876074737324715,None
2026-08-31 21:31:00+00:00,12.98,15.14,2959.69,0.0,20.82,False,0,False,0.28314166118361406,None
2026-08-31 21:32:00+00:00,14.88,18.49,3414.0,0.0,20.83,False,0,False,0.26759947386252875,None
2026-08-31 21:33:00+00:00,17.43,17.83,3603.33,0.0,19.63,False,0,False,0.23542929746274693,None
2026-08-31 21:34:00+00:00,14.76,17.91,3443.56,0.0,19.94,False,0,False,0.19771441765892728,None
2026-08-31 21:35:00+00:00,13.62,10.82,2994.91,0.0,19.63,False,0,False,0.26657720929543394,None
2026-08-31 21:36:00+00:00,12.57,13.76,2956.6,0.64,21.08,False,0,False,0.21695886359412314,None
2026-08-31 21:37:00+00:00,16.81,17.15,3003.34,0.0,19.63,False,0,False,0.2755790024316169,None
2026-08-31 21:38:00+00:00,8.85,9.17,2948.1,0.0,20.37,False,0,False,0.22845040705139164,None
2026-08-31 21:39:00+00:00,20.57,21.22,3254.44,0.18,20.15,False,0,False,0.23656041179532067,None
2026-08-31 21:40:00+00:00,21.81,26.05,3206.27,1.11,19.66,True,1,False,0.1312864426307938,Z-Score
2026-08-31 21:41:00+00:00,20.76,21.43,2948.77,0.91,19.63,True,1,False,0.20136843815316924,Z-Score
2026-08-31 21:42:00+00:00,12.79,12.26,3056.03,0.0,20.82,False,0,False,0.2521213473802477,None
2026-08-31 21:43:00+00:00,14.71,15.96,3326.8,0.0,19.63,False,0,False,0.24691365050433306,None
2026-08-31 21:44:00+00:00,11.2,15.49,3091.48,0.0,19.63,False,0,False,0.2658907408556583,None
2026-08-31 21:45:00+00:00,14.07,15.64,2987.65,0.0,19.63,False,0,False,0.2834133662319924,None
2026-08-31 21:46:00+00:00,19.39,21.32,3182.27,0.0,19.63,False,0,False,0.24878277661782483,None
2026-08-31 21:47:00+00:00,13.21,12.44,3032.97,0.0,20.26,False,0,False,0.22100724774888159,None
2026-08-31 21:48:00+00:00,13.71,15.03,3221.05,0.78,19.63,False,0,False,0.22857410981746729,None
2026-08-31 21:49:00+00:00,12.35,13.54,3094.05,0.0,19.63,False,0,False,0.2540819058590556,None
2026-08-31 21:50:00+00:00,11.79,14.58,2755.85,0.0,19.63,False,0,False,0.2653509624826797,None
2026-08-31 21:51:00+00:00,13.28,13.9,2835.1,0.0,19.63,False,0,False,0.28081696810003104,None
2026-08-31 21:52:00+00:00,11.69,10.94,3072.41,0.0,19.63,False,0,False,0.25468445805775597,None
2026-08-31 21:53:00+00:00,16.8,18.28,2968.09,0.0,20.31,False,0,False,0.281188212579355,None
2026-08-31 21:54:00+00:00,10.57,11.58,2950.76,0.0,20.27,False,0,False,0.232958573655015,None
2026-08-31 21:55:00+00:00,15.22,20.21,3107.97,0.51,20.35,False,0,False,0.2463972074118716,None
2026-08-31 21:56:00+00:00,14.99,22.35,2923.32,0.0,20.14,False,0,False,0.2742014531391572,None
2026-08-31 21:57:00+00:00,19.2,20.03,3103.05,0.0,20.39,False,0,False,0.2776373754266012,None
2026-08-31 21:58:00+00:00,11.71,17.28,3279.28,0.0,19.63,False,0,False,0.26538852977072347,None
2026-08-31 21:59:00+00:00,11.83,15.17,2917.79,0.0,20.63,False,0,False,0.21426584849703578,None
2026-08-31 22:00:00+00:00,13.61,16.44,3238.23,0.0,19.63,False,0,False,0.2767748609509741,None
2026-08-31 22:01:00+00:00,13.8,20.47,3161.13,0.0,19.63,False,0,False,0.26288985503242035,None
2026-08-31 22:02:00+00:00,19.18,19.67,2881.77,0.08,20.26,False,0,False,0.2681236633175879,None
2026-08-31 22:03:00+00:00,16.27,17.66,3273.02,0.0,19.63,False,0,False,0.22159266225594487,None
2026-08-31 22:04:00+00:00,12.29,12.34,3206.9,0.0,19.63,False,0,False,0.2632385275580291,None
2026-08-31 22:05:00+00:00,13.7,16.23,3116.14,0.0,20.36,False,0,False,0.2676346037233398,None
2026-08-31 22:06:00+00:00,12.97,16.44,2911.51,0.86,20.81,False,0,False,0.18030428212688904,None
2026-08-31 22:07:00+00:00,15.6,14.65,3116.61,0.0,21.04,False,0,False,0.2836843985056625,None
2026-08-31 22:08:00+00:00,17.15,17.54,3163.63,0.0,19.94,False,0,False,0.2660877787259967,None
2026-08-31 22:09:00+00:00,16.31,15.49,2891.35,0.0,20.55,False,0,False,0.27337808746389886,None
2026-08-31 22:10:00+00:00,16.96,20.14,2970.41,0.0,21.12,False,0,False,0.27442761672473637,None
2026-08-31 22:11:00+00:00,16.28,21.79,3153.15,0.0,21.0,False,0,False,0.27073514060044696,None
2026-08-31 22:12:00+00:00,19.2,21.96,3149.32,0.0,20.08,False,0,False,0.24312496875970252,None
2026-08-31 22:13:00+00:00,18.81,22.31,2947.16,0.56,19.63,False,0,False,0.23898401992831625,None
2026-08-31 22:14:00+00:00,16.39,19.31,3096.82,0.0,19.89,False,0,False,0.2821017047490951,None
2026-08-31 22:15:00+00:00,16.22,20.5,2905.09,0.0,21.11,False,0,False,0.27333243453474737,None
2026-08-31 22:16:00+00:00,12.67,13.86,3059.48,0.0,19.63,False,0,False,0.21401890345513147,None
2026-08-31 22:17:00+00:00,17.76,22.6,3083.09,0.0,19.63,False,0,False,0.27169378316991954,None
2026-08-31 22:18:00+00:00,16.27,14.55,2974.58,0.0,19.63,False,0,False,0.2812828162127289,None
2026-08-31 22:19:00+00:00,14.38,14.35,2868.42,0.0,19.63,False,0,False,0.25355992591338783,None
2026-08-31 22:20:00+00:00,9.4,12.77,3031.26,0.0,19.96,False,0,False,0.2222562659890277,None
2026-08-31 22:21:00+00:00,15.07,15.6,2938.27,0.0,19.63,False,0,False,0.28070957995743406,None
2026-08-31 22:22:00+00:00,12.93,11.09,2969.36,0.66,20.29,False,0,False,0.218928677266929,None
2026-08-31 22:23:00+00:00,15.35,19.11,2941.7,0.0,19.63,False,0,False,0.2817551071602936,None
2026-08-31 22:24:00+00:00,15.99,20.12,3019.57,0.0,19.63,False,0,False,0.2744860381900406,None
2026-08-31 22:25:00+00:00,15.96,24.8,2967.37,0.0,20.06,False,0,False,0.2675223553462012,None
2026-08-31 22:26:00+00:00,14.66,18.67,2784.42,0.0,19.98,False,0,False,0.20906721412272666,None
2026-08-31 22:27:00+00:00,9.25,10.12,2850.08,0.0,20.73,False,0,False,0.2190315226773143,None
2026-08-31 22:28:00+00:00,10.93,13.09,3065.06,0.0,19.63,False,0,False,0.2610985930380123,None
2026-08-31 22:29:00+00:00,17.42,15.58,2969.73,0.0,19.63,False,0,False,0.24090811738471662,None
2026-08-31 22:30:00+00:00,15.01,14.65,2840.15,0.0,20.41,False,0,False,0.2861868581058697,None
2026-08-31 22:31:00+00:00,13.56,14.51,3020.32,0.0,19.63,False,0,False,0.24000748588535975,None
2026-08-31 22:32:00+00:00,15.57,16.32,3015.81,0.92,20.41,True,1,False,0.22002100896995108,Z-Score
2026-08-31 22:33:00+00:00,19.31,22.04,3032.36,0.0,19.63,False,0,False,0.2510837903961923,None
2026-08-31 22:34:00+00:00,14.36,15.37,3094.35,0.66,21.07,False,0,False,0.2194959386692038,None
2026-08-31 22:35:00+00:00,17.21,20.25,3003.9,0.0,20.19,False,0,False,0.27016622317992567,None
2026-08-31 22:36:00+00:00,17.48,16.73,2868.18,0.36,19.63,False,0,False,0.24815951446667583,None
2026-08-31 22:37:00+00:00,18.1,18.93,2960.72,0.02,20.06,False,0,False,0.26981518738838994,None
2026-08-31 22:38:00+00:00,15.68,20.56,3125.28,0.0,20.05,False,0,False,0.27211067381273873,None
2026-08-31 22:39:00+00:00,14.8,14.59,2869.59,0.0,19.63,False,0,False,0.26998412746390515,None
2026-08-31 22:40:00+00:00,16.58,17.54,2874.1,0.0,20.73,False,0,False,0.2738408995284933,None
2026-08-31 22:41:00+00:00,16.34,21.78,2844.92,0.56,20.68,False,0,False,0.24317339019313938,None
2026-08-31 22:42:00+00:00,12.1,13.83,2719.79,0.0,19.81,False,0,False,0.2749890984690446,None
2026-08-31 22:43:00+00:00,13.79,12.88,3001.82,0.53,19.63,False,0,False,0.22503955727658131,None
2026-08-31 22:44:00+00:00,13.67,17.14,2907.96,0.0,19.63,False,0,False,0.26847314636817526,None
2026-08-31 22:45:00+00:00,14.28,9.32,2898.14,0.21,20.88,False,0,False,0.22620213476494938,None
2026-08-31 22:46:00+00:00,13.05,19.62,2732.12,0.0,19.63,False,0,False,0.2805022026803267,None
2026-08-31 22:47:00+00:00,16.87,17.98,2935.11,0.0,20.98,False,0,False,0.27730810851002863,None
2026-08-31 22:48:00+00:00,17.12,19.81,2667.18,0.0,19.63,False,0,False,0.26174409442554675,None
2026-08-31 22:49:00+00:00,19.05,24.16,3124.21,0.0,19.64,False,0,False,0.25784224113213294,None
2026-08-31 22:50:00+00:00,16.04,19.66,2964.33,0.0,19.63,False,0,False,0.2869510873561828,None
2026-08-31 22:51:00+00:00,12.63,17.81,3044.15,0.0,19.63,False,0,False,0.253122878811768,None
2026-08-31 22:52:00+00:00,15.61,16.49,2717.1,0.0,19.63,False,0,False,0.27113147968399476,None
2026-08-31 22:53:00+00:00,15.86,20.65,2954.62,0.0,19.65,False,0,False,0.27613321902960225,None
2026-08-31 22:54:00+00:00,14.44,13.51,2936.07,0.0,20.44,False,0,False,0.2683473613440268,None
2026-08-31 22:55:00+00:00,11.39,7.5,2896.97,0.0,19.63,False,0,False,0.23508121527591735,None
2026-08-31 22:56:00+00:00,16.16,16.81,2994.84,0.92,19.63,True,1,False,0.21504434128577204,Z-Score
2026-08-31 22:57:00+00:00,17.8,18.22,3092.15,0.28,19.63,False,0,False,0.20235877557641851,None
2026-08-31 22:58:00+00:00,21.15,21.37,3016.71,0.0,19.63,False,0,False,0.25624275571295047,None
2026-08-31 22:59:00+00:00,15.02,15.13,2922.7,0.0,19.63,False,0,False,0.28193443398378853,None
2026-08-31 23:00:00+00:00,19.94,20.09,2789.67,0.0,19.98,False,0,False,0.23063593041119818,None
2026-08-31 23:01:00+00:00,13.22,12.23,2852.12,0.0,19.63,False,0,False,0.22963277192380066,None
2026-08-31 23:02:00+00:00,17.12,14.07,2904.06,0.0,19.63,False,0,False,0.25072075412758504,None
2026-08-31 23:03:00+00:00,20.34,22.39,2763.29,0.0,20.82,False,0,False,0.22406161283823017,None
2026-08-31 23:04:00+00:00,13.61,11.55,3027.77,0.0,19.63,False,0,False,0.26035021101690853,None
2026-08-31 23:05:00+00:00,14.25,14.36,3121.75,0.0,20.2,False,0,False,0.28185685407758326,None
2026-08-31 23:06:00+00:00,14.39,21.68,3155.04,0.0,20.46,False,0,False,0.26967875970836014,None
2026-08-31 23:07:00+00:00,14.29,14.31,2699.94,0.62,20.69,False,0,False,0.222682415419732,None
2026-08-31 23:08:00+00:00,16.68,16.9,2874.2,0.0,19.76,False,0,False,0.26885079828895747,None
2026-08-31 23:09:00+00:00,16.47,24.22,2526.12,0.0,20.72,True,1,False,0.2590018235174241,Z-Score
2026-08-31 23:10:00+00:00,13.09,14.79,2865.73,1.31,19.63,True,1,False,0.16024748966503127,Z-Score
2026-08-31 23:11:00+00:00,13.37,11.76,2907.95,0.0,19.63,False,0,False,0.27108036386705797,None
2026-08-31 23:12:00+00:00,16.15,18.77,2675.28,0.0,21.04,False,0,False,0.28205616459001326,None
2026-08-31 23:13:00+00:00,12.76,15.69,3125.66,0.72,20.07,False,0,False,0.18654845502259343,None
2026-08-31 23:14:00+00:00,17.47,19.62,3010.36,0.63,19.98,False,0,False,0.2388796954131286,None
2026-08-31 23:15:00+00:00,14.1,14.32,3003.94,0.16,20.9,False,0,False,0.26026607150491143,None
2026-08-31 23:16:00+00:00,17.45,22.29,2800.44,0.76,19.63,False,0,False,0.2230095410468238,None
2026-08-31 23:17:00+00:00,12.73,14.26,2716.87,0.0,19.63,False,0,False,0.27389150703784837,None
2026-08-31 23:18:00+00:00,15.22,16.67,2703.7,0.0,20.77,False,0,False,0.26622204829898855,None
2026-08-31 23:19:00+00:00,13.02,14.98,2860.1,0.0,19.63,False,0,False,0.23995150561819845,None
2026-08-31 23:20:00+00:00,11.45,10.94,2755.81,0.0,20.3,False,0,False,0.24999921906800088,None
2026-08-31 23:21:00+00:00,17.17,22.03,2987.11,0.0,19.63,False,0,False,0.2738051297078301,None
2026-08-31 23:22:00+00:00,15.17,20.93,2692.65,0.71,19.63,False,0,False,0.21950710847918425,None
2026-08-31 23:23:00+00:00,14.73,19.84,2536.44,0.0,19.81,False,0,False,0.2793674091949387,None
2026-08-31 23:24:00+00:00,13.96,15.8,2869.85,0.05,20.35,False,0,False,0.24099498090977406,None
2026-08-31 23:25:00+00:00,11.7,14.18,2924.44,0.0,20.78,False,0,False,0.26992635065411535,None
2026-08-31 23:26:00+00:00,12.87,16.61,2959.71,0.0,19.63,False,0,False,0.27076252125855665,None
2026-08-31 23:27:00+00:00,17.48,17.69,2834.11,0.0,19.63,False,0,False,0.23647060002669779,None
2026-08-31 23:28:00+00:00,18.13,18.26,2706.07,0.0,19.63,False,0,False,0.19863475285323628,None
2026-08-31 23:29:00+00:00,12.28,13.82,2572.25,0.0,19.63,False,0,False,0.27264008950028934,None
2026-08-31 23:30:00+00:00,19.66,18.52,2753.67,0.0,19.93,False,0,False,0.2413003100615908,None
2026-08-31 23:31:00+00:00,15.04,17.08,2469.83,0.0,20.11,False,0,False,0.26441764444507065,None
2026-08-31 23:32:00+00:00,12.85,9.57,2917.55,0.0,21.0,False,0,False,0.2107878285834054,None
2026-08-31 23:33:00+00:00,14.01,17.07,2787.44,0.0,20.25,False,0,False,0.27883952772396214,None
2026-08-31 23:34:00+00:00,15.15,16.29,3211.71,0.0,19.63,False,0,False,0.2779308014206248,None
2026-08-31 23:35:00+00:00,13.54,16.64,2586.55,0.38,19.83,False,0,False,0.23767777130115186,None
2026-08-31 23:36:00+00:00,18.41,25.8,2814.62,0.5,19.63,False,0,False,0.21437500926329084,None
2026-08-31 23:37:00+00:00,12.68,9.74,2944.37,0.0,20.67,False,0,False,0.24038075937997067,None
2026-08-31 23:38:00+00:00,17.28,21.14,2711.63,0.0,19.63,False,0,False,0.2514376741698639,None
2026-08-31 23:39:00+00:00,12.4,11.78,3069.55,0.02,20.38,False,0,False,0.252236533245654,None
2026-08-31 23:40:00+00:00,13.06,14.71,2993.87,0.23,19.63,False,0,False,0.25970859211206854,None
2026-08-31 23:41:00+00:00,17.65,18.89,2772.82,1.19,19.66,True,1,False,0.15693551188213345,Z-Score
2026-08-31 23:42:00+00:00,11.26,10.47,2776.62,0.0,19.63,False,0,False,0.24412118979530073,None
2026-08-31 23:43:00+00:00,19.98,26.2,2626.05,0.0,19.63,False,0,False,0.1921272342897496,None
2026-08-31 23:44:00+00:00,14.8,15.36,2628.2,0.35,20.01,False,0,False,0.2327961722495545,None
2026-08-31 23:45:00+00:00,13.59,19.9,2696.43,0.0,19.63,False,0,False,0.26895038561826756,None
2026-08-31 23:46:00+00:00,10.73,7.5,2943.98,0.0,20.62,False,0,False,0.15285370732848402,None
2026-08-31 23:47:00+00:00,15.13,14.15,2590.39,0.0,19.63,False,0,False,0.2553053797848498,None
2026-08-31 23:48:00+00:00,13.23,12.13,2498.2,0.0,20.32,False,0,False,0.1591047432338853,None
2026-08-31 23:49:00+00:00,17.63,21.78,2894.78,0.0,19.63,False,0,False,0.27737401982479976,None
2026-08-31 23:50:00+00:00,20.52,25.83,2829.53,0.0,19.63,False,0,False,0.24149202013917082,None
2026-08-31 23:51:00+00:00,17.06,19.09,2853.33,0.0,19.63,False,0,False,0.28312460343198304,None
2026-08-31 23:52:00+00:00,15.57,17.37,2412.37,0.0,19.63,False,0,False,0.2503194027294449,None
2026-08-31 23:53:00+00:00,20.35,19.18,2685.83,0.0,20.69,False,0,False,0.24162556795916185,None
2026-08-31 23:54:00+00:00,16.61,22.5,2583.49,0.2,20.55,False,0,False,0.24979203316563742,None
2026-08-31 23:55:00+00:00,15.07,18.03,2847.17,0.0,19.97,False,0,False,0.2140106612654381,None
2026-08-31 23:56:00+00:00,16.3,16.61,2801.73,0.0,20.54,False,0,False,0.2684137099122803,None
2026-08-31 23:57:00+00:00,16.48,17.55,2929.3,0.0,19.63,False,0,False,0.2824310007431051,None
2026-08-31 23:58:00+00:00,18.43,18.42,2700.11,0.0,20.6,False,0,False,0.2520483489223149,None
2026-08-31 23:59:00+00:00,14.07,14.58,2843.44,0.86,19.63,False,0,False,0.19593410678880585,None
2026-09-01 00:00:00+00:00,25.57,25.78,2429.81,0.0,19.63,True,1,False,0.2001191739684106,Z-Score
2026-09-01 00:01:00+00:00,10.66,14.27,2730.18,0.0,19.63,False,0,False,0.24480211069371166,None
2026-09-01 00:02:00+00:00,8.0,10.32,2723.62,0.0,20.33,False,0,False,0.19521004355162663,None
2026-09-01 00:03:00+00:00,18.53,21.02,2760.08,0.0,19.63,False,0,False,0.2718388261954927,None
2026-09-01 00:04:00+00:00,8.0,7.5,2779.51,0.0,20.4,False,0,False,0.17481553419177898,None
2026-09-01 00:05:00+00:00,16.27,16.65,2738.81,0.0,20.23,False,0,False,0.2595370510637958,None
2026-09-01 00:06:00+00:00,12.87,18.03,2533.63,0.0,19.7,False,0,False,0.2662557222753473,None
2026-09-01 00:07:00+00:00,15.21,22.41,2547.97,0.0,20.31,False,0,False,0.23773159721417297,None
2026-09-01 00:08:00+00:00,8.0,14.62,2831.76,0.0,21.11,False,0,False,0.20254309514569646,None
2026-09-01 00:09:00+00:00,22.93,22.41,2945.07,0.12,19.63,False,0,False,0.22229265596089337,None
2026-09-01 00:10:00+00:00,8.0,16.01,2648.62,0.0,20.53,False,0,False,0.21123288931165257,None
2026-09-01 00:11:00+00:00,11.38,13.07,2755.28,0.0,20.95,False,0,False,0.2694282257850734,None
2026-09-01 00:12:00+00:00,17.58,19.08,2466.44,0.1,19.75,False,0,False,0.17242267630912933,None
2026-09-01 00:13:00+00:00,16.91,21.64,2630.09,0.0,21.09,False,0,False,0.24634124419704417,None
2026-09-01 00:14:00+00:00,19.89,19.87,2757.08,0.0,20.07,False,0,False,0.2614146223760114,None
2026-09-01 00:15:00+00:00,8.71,8.06,2793.98,0.39,19.63,False,0,False,0.17177236071566543,None
2026-09-01 00:16:00+00:00,16.07,16.41,2683.61,0.0,19.63,False,0,False,0.27648305869693185,None
2026-09-01 00:17:00+00:00,18.16,15.13,2491.47,0.0,19.63,False,0,False,0.25180037109767744,None
2026-09-01 00:18:00+00:00,12.31,16.04,2669.15,0.0,21.06,False,0,False,0.14948701526924002,None
2026-09-01 00:19:00+00:00,8.0,11.77,2726.33,0.0,19.77,False,0,False,0.2310113084182528,None
2026-09-01 00:20:00+00:00,21.02,28.5,2746.67,0.0,20.61,False,0,False,0.22390980151126877,None
2026-09-01 00:21:00+00:00,9.02,7.86,2838.63,0.0,20.92,False,0,False,0.21906696383630714,None
2026-09-01 00:22:00+00:00,8.0,10.29,2720.88,0.0,19.63,False,0,False,0.19988179139505097,None
2026-09-01 00:23:00+00:00,22.03,24.47,2869.92,0.45,20.44,False,0,False,0.17761556584749527,None
2026-09-01 00:24:00+00:00,11.41,14.16,2608.15,0.0,20.48,False,0,False,0.21255123592303,None
2026-09-01 00:25:00+00:00,12.06,13.65,2564.75,0.0,20.91,False,0,False,0.2619123372209218,None
2026-09-01 00:26:00+00:00,20.19,20.33,2710.58,0.0,19.9,False,0,False,0.27162932066955175,None
2026-09-01 00:27:00+00:00,9.65,7.5,2778.67,0.74,20.33,True,1,False,0.17714867558906383,Z-Score
2026-09-01 00:28:00+00:00,9.02,11.96,2792.53,0.0,20.7,False,0,False,0.24603422519074514,None
2026-09-01 00:29:00+00:00,8.2,13.92,2671.52,0.0,19.63,False,0,False,0.19091220166897332,None
2026-09-01 00:30:00+00:00,14.41,17.46,2782.69,0.76,20.9,False,0,False,0.16982841489932032,None
2026-09-01 00:31:00+00:00,10.39,15.12,2599.53,0.1,21.09,False,0,False,0.24412993792283438,None
2026-09-01 00:32:00+00:00,18.28,21.74,2575.07,0.0,19.63,False,0,False,0.26644768293619897,None
2026-09-01 00:33:00+00:00,14.2,15.0,2453.5,0.0,19.63,False,0,False,0.256178617718624,None
2026-09-01 00:34:00+00:00,17.5,15.39,2542.73,0.53,19.63,False,0,False,0.23381595263240107,None
2026-09-01 00:35:00+00:00,19.26,23.34,2622.23,0.45,19.63,False,0,False,0.21670802817671586,None
2026-09-01 00:36:00+00:00,8.0,13.89,2496.99,0.0,19.63,False,0,False,0.21775203001121152,None
2026-09-01 00:37:00+00:00,8.0,9.39,2706.09,0.0,19.63,False,0,False,0.17507174684550336,None
2026-09-01 00:38:00+00:00,19.46,20.53,2713.45,0.0,20.47,False,0,False,0.2437007844730224,None
2026-09-01 00:39:00+00:00,11.36,12.78,2885.25,0.65,19.63,False,0,False,0.18997717750076715,None
2026-09-01 00:40:00+00:00,8.0,10.41,2549.96,0.0,19.63,False,0,False,0.2293158452601376,None
2026-09-01 00:41:00+00:00,19.28,23.19,2680.59,0.0,20.97,False,0,False,0.26114440600065364,None
2026-09-01 00:42:00+00:00,18.3,22.71,2951.27,1.51,20.72,True,1,False,0.12101437729125997,Z-Score
2026-09-01 00:43:00+00:00,17.02,25.21,2586.76,0.0,19.63,False,0,False,0.2437845013779154,None
2026-09-01 00:44:00+00:00,16.02,17.42,2444.56,0.0,20.03,False,0,False,0.23141368882406754,None
2026-09-01 00:45:00+00:00,19.35,19.17,2480.27,0.0,19.88,False,0,False,0.24239061141146256,None
2026-09-01 00:46:00+00:00,8.0,12.37,2554.22,0.0,20.28,False,0,False,0.1742701301885055,None
2026-09-01 00:47:00+00:00,23.9,26.86,2702.11,0.0,20.23,False,0,False,0.19362842574227135,None
2026-09-01 00:48:00+00:00,16.86,19.19,2668.1,0.0,19.63,False,0,False,0.2677024259234805,None
2026-09-01 00:49:00+00:00,8.13,7.5,2563.84,0.0,19.63,False,0,False,0.1507973092930064,None
2026-09-01 00:50:00+00:00,15.29,14.39,2297.11,0.0,19.63,False,0,False,0.24347762722956628,None
2026-09-01 00:51:00+00:00,10.72,10.85,2565.62,0.0,19.63,False,0,False,0.23258944406963328,None
2026-09-01 00:52:00+00:00,18.87,15.54,2611.09,0.39,19.63,False,0,False,0.22923071936466394,None
2026-09-01 00:53:00+00:00,18.83,20.41,2586.22,0.49,19.63,False,0,False,0.2243158612127274,None
2026-09-01 00:54:00+00:00,31.32,34.06,2658.93,0.04,19.63,True,2,False,0.11434543376761874,Z-Score
2026-09-01 00:55:00+00:00,28.42,33.93,2822.59,0.0,19.63,True,1,False,0.16708809110838885,Z-Score
2026-09-01 00:56:00+00:00,16.09,18.28,2679.59,0.0,20.49,False,0,False,0.25806878719888393,None
2026-09-01 00:57:00+00:00,17.71,15.03,2730.23,0.84,20.48,False,0,False,0.18839564022256505,None
2026-09-01 00:58:00+00:00,23.67,26.2,2794.38,0.0,20.79,False,0,False,0.159245437591315,None
2026-09-01 00:59:00+00:00,8.0,8.61,2715.01,0.0,20.59,False,0,False,0.1434495022918149,None
2026-09-01 01:00:00+00:00,8.0,9.04,2564.52,0.0,20.19,False,0,False,0.20811719458387573,None
2026-09-01 01:01:00+00:00,16.7,10.85,2627.75,0.0,20.01,False,0,False,0.2515362178692987,None
2026-09-01 01:02:00+00:00,18.18,22.16,2658.98,0.0,20.05,False,0,False,0.21232432724021805,None
2026-09-01 01:03:00+00:00,12.4,17.25,2782.07,0.0,19.63,False,0,False,0.28265798444731133,None
2026-09-01 01:04:00+00:00,23.22,25.43,2797.83,0.0,19.63,False,0,False,0.21973116771530976,None
2026-09-01 01:05:00+00:00,18.65,17.24,2770.77,0.0,19.63,False,0,False,0.2596798892649908,None
2026-09-01 01:06:00+00:00,23.59,28.75,2462.24,0.74,20.98,False,0,False,0.14277259943476028,None
2026-09-01 01:07:00+00:00,19.72,21.1,2516.66,0.0,19.63,False,0,False,0.26223073077284037,None
2026-09-01 01:08:00+00:00,23.69,25.25,2587.22,0.0,21.09,False,0,False,0.1514922571472953,None
2026-09-01 01:09:00+00:00,20.73,25.22,2753.16,0.0,19.63,False,0,False,0.2372074176638153,None
2026-09-01 01:10:00+00:00,14.19,10.49,2706.09,0.0,20.87,False,0,False,0.20680559081347977,None
2026-09-01 01:11:00+00:00,16.83,17.2,2754.67,0.0,20.31,False,0,False,0.27334252137947257,None
2026-09-01 01:12:00+00:00,16.26,12.96,2692.12,0.0,20.0,False,0,False,0.25212094701073223,None
2026-09-01 01:13:00+00:00,13.53,16.29,2770.33,0.0,20.94,False,0,False,0.2404632413879942,None
2026-09-01 01:14:00+00:00,11.17,14.23,2469.7,0.0,20.23,False,0,False,0.2570137853677938,None
2026-09-01 01:15:00+00:00,9.79,10.18,2746.48,0.0,20.48,False,0,False,0.2166343094385369,None
2026-09-01 01:16:00+00:00,15.12,13.15,2623.09,0.0,19.63,False,0,False,0.23349982397732838,None
2026-09-01 01:17:00+00:00,15.04,9.81,2802.34,1.14,20.98,True,1,False,0.10507891355518895,Z-Score
2026-09-01 01:18:00+00:00,20.35,23.44,2906.66,0.0,20.44,False,0,False,0.26056200975928284,None
2026-09-01 01:19:00+00:00,9.2,13.09,2600.64,0.0,19.79,False,0,False,0.24973388249710593,None
2026-09-01 01:20:00+00:00,15.01,20.71,2595.06,0.85,19.63,False,0,False,0.19732581123102272,None
2026-09-01 01:21:00+00:00,8.0,8.65,2756.94,0.0,20.89,False,0,False,0.11465876096662897,None
2026-09-01 01:22:00+00:00,8.0,9.97,2633.52,0.0,19.63,False,0,False,0.2179470435996858,None
2026-09-01 01:23:00+00:00,13.49,17.84,3015.51,0.0,20.36,False,0,False,0.24765631160348484,None
2026-09-01 01:24:00+00:00,10.78,12.96,2665.92,0.0,20.03,False,0,False,0.1780726338294742,None
2026-09-01 01:25:00+00:00,23.02,27.92,2601.87,0.0,20.76,False,0,False,0.21493220184983153,None
2026-09-01 01:26:00+00:00,11.51,12.78,2500.02,0.91,19.63,False,0,False,0.19256168478505858,None
2026-09-01 01:27:00+00:00,22.49,28.34,2692.96,0.58,19.96,False,0,False,0.1622294473755248,None
2026-09-01 01:28:00+00:00,21.22,25.41,2652.21,0.0,19.63,False,0,False,0.19882830260540119,None
2026-09-01 01:29:00+00:00,14.87,15.27,2663.79,0.0,19.63,False,0,False,0.27042565924166634,None
2026-09-01 01:30:00+00:00,21.43,24.81,2606.77,0.0,19.66,False,0,False,0.20181045162168715,None
2026-09-01 01:31:00+00:00,14.36,14.21,2698.39,0.0,19.63,False,0,False,0.2766960938513993,None
2026-09-01 01:32:00+00:00,8.0,17.26,2765.57,0.0,20.92,False,0,False,0.2370980065456577,None
2026-09-01 01:33:00+00:00,9.41,8.57,2396.61,0.0,19.63,False,0,False,0.17107863331139783,None
2026-09-01 01:34:00+00:00,15.65,19.7,2454.56,0.0,19.63,False,0,False,0.2046630844974477,None
2026-09-01 01:35:00+00:00,24.39,26.76,2579.29,0.0,20.21,False,0,False,0.18665018123786475,None
2026-09-01 01:36:00+00:00,13.89,16.5,2574.03,0.0,19.92,False,0,False,0.2831624166788446,None
2026-09-01 01:37:00+00:00,18.69,19.65,2668.92,0.0,19.63,False,0,False,0.2770538182387969,None
2026-09-01 01:38:00+00:00,8.0,7.5,2639.39,0.0,20.13,False,0,False,0.17437369488867244,None
2026-09-01 01:39:00+00:00,8.51,7.5,2613.29,0.0,19.63,False,0,False,0.20385575178110116,None
2026-09-01 01:40:00+00:00,18.19,21.82,2288.7,0.0,19.63,False,0,False,0.17331785777441777,None
2026-09-01 01:41:00+00:00,17.31,17.75,2715.28,0.0,19.95,False,0,False,0.27170008846695554,None
2026-09-01 01:42:00+00:00,14.49,17.03,2590.91,0.49,20.93,False,0,False,0.25019139023684883,None
2026-09-01 01:43:00+00:00,18.16,17.82,2772.15,0.7,19.92,False,0,False,0.22201792665453618,None
2026-09-01 01:44:00+00:00,17.32,21.95,2629.13,0.04,19.85,False,0,False,0.20081082491180086,None
2026-09-01 01:45:00+00:00,19.31,17.88,2652.17,0.0,20.12,False,0,False,0.2581803879995187,None
2026-09-01 01:46:00+00:00,14.51,12.4,2700.37,0.0,19.63,False,0,False,0.23680144194990121,None
2026-09-01 01:47:00+00:00,10.6,15.7,2543.29,0.57,19.63,False,0,False,0.20120933971781296,None
2026-09-01 01:48:00+00:00,20.7,21.02,2608.16,0.0,19.81,False,0,False,0.25206190934932865,None
2026-09-01 01:49:00+00:00,8.0,10.01,2549.44,0.49,19.63,False,0,False,0.18427144466483364,None
2026-09-01 01:50:00+00:00,16.75,17.86,2715.83,0.75,19.63,False,0,False,0.23625621090743526,None
2026-09-01 01:51:00+00:00,8.0,9.07,2509.0,0.0,20.95,False,0,False,0.20905225830614832,None
2026-09-01 01:52:00+00:00,8.32,8.75,2852.29,0.0,20.07,False,0,False,0.19665632490644608,None
2026-09-01 01:53:00+00:00,26.55,32.97,2434.37,0.0,19.63,False,0,False,0.1325332124335007,None
2026-09-01 01:54:00+00:00,17.56,15.63,2887.9,0.15,19.63,False,0,False,0.25155498880505683,None
2026-09-01 01:55:00+00:00,11.84,14.75,2678.56,1.0,19.91,False,0,False,0.1986663868728043,None
2026-09-01 01:56:00+00:00,14.11,12.38,2841.31,0.0,19.63,False,0,False,0.24443636313208383,None
2026-09-01 01:57:00+00:00,16.3,24.91,2588.4,0.21,20.02,False,0,False,0.23431438261467447,None
2026-09-01 01:58:00+00:00,28.74,36.53,2605.54,0.0,19.66,True,1,False,0.15536565532034313,Z-Score
2026-09-01 01:59:00+00:00,15.82,18.72,2509.77,0.05,19.63,False,0,False,0.25792003074694325,None
2026-09-01 02:00:00+00:00,20.84,21.42,2549.84,0.51,20.97,False,0,False,0.19593622401455407,None
2026-09-01 02:01:00+00:00,12.66,18.79,2476.11,0.7,20.37,False,0,False,0.21493149516210824,None
2026-09-01 02:02:00+00:00,8.94,12.09,3072.71,0.0,19.63,True,1,False,0.20748443326594151,Z-Score
2026-09-01 02:03:00+00:00,21.59,23.02,2486.09,0.0,19.7,False,0,False,0.22916037075605478,None
2026-09-01 02:04:00+00:00,14.42,21.18,2696.49,0.0,21.06,False,0,False,0.2662639974258883,None
2026-09-01 02:05:00+00:00,15.59,20.11,2861.32,0.0,20.01,False,0,False,0.2810818991440647,None
2026-09-01 02:06:00+00:00,8.0,8.6,2728.64,0.0,19.63,False,0,False,0.20708386479797136,None
2026-09-01 02:07:00+00:00,11.1,15.14,2876.15,0.0,20.23,False,0,False,0.2288094258722999,None
2026-09-01 02:08:00+00:00,12.8,16.42,2571.08,0.0,19.63,False,0,False,0.2734883958809522,None
2026-09-01 02:09:00+00:00,13.8,17.29,2634.31,0.0,19.63,False,0,False,0.27758219447773136,None
2026-09-01 02:10:00+00:00,16.69,17.75,2564.04,0.04,19.63,False,0,False,0.24288847063974617,None
2026-09-01 02:11:00+00:00,8.0,8.27,2591.88,0.32,19.63,False,0,False,0.191175972422841,None
2026-09-01 02:12:00+00:00,12.69,12.58,2662.64,0.0,20.01,False,0,False,0.27048567903742,None
2026-09-01 02:13:00+00:00,16.3,20.28,2482.46,0.0,21.0,False,0,False,0.2543056895532044,None
2026-09-01 02:14:00+00:00,14.93,19.79,2545.69,0.06,20.47,False,0,False,0.22207241059296384,None
2026-09-01 02:15:00+00:00,16.29,14.47,2944.22,1.6,19.63,True,1,False,0.1742920998230001,Z-Score
2026-09-01 02:16:00+00:00,18.01,18.98,2818.54,0.0,20.96,False,0,False,0.2811866400022288,None
2026-09-01 02:17:00+00:00,18.25,16.18,2606.9,0.0,19.63,False,0,False,0.27210024929038235,None
2026-09-01 02:18:00+00:00,8.66,7.5,2511.05,0.0,20.68,False,0,False,0.18795433056904715,None
2026-09-01 02:19:00+00:00,20.69,24.23,2888.69,0.0,20.48,False,0,False,0.24798361192693097,None
2026-09-01 02:20:00+00:00,19.37,19.34,2691.55,0.0,20.05,False,0,False,0.2508180926319731,None
2026-09-01 02:21:00+00:00,8.81,7.85,2467.58,0.0,19.98,False,0,False,0.19774288763157366,None
2026-09-01 02:22:00+00:00,21.07,25.29,2595.85,0.0,20.19,False,0,False,0.22436536062443319,None
2026-09-01 02:23:00+00:00,11.56,12.92,2647.79,0.0,19.63,False,0,False,0.26563411691211203,None
2026-09-01 02:24:00+00:00,20.44,24.71,2506.89,0.0,19.63,False,0,False,0.2430920883819977,None
2026-09-01 02:25:00+00:00,14.93,13.33,2635.5,0.95,19.63,False,0,False,0.1721493243334209,None
2026-09-01 02:26:00+00:00,17.07,17.31,2703.39,0.0,19.63,False,0,False,0.21304025977812446,None
2026-09-01 02:27:00+00:00,12.5,15.58,2761.0,0.0,20.23,False,0,False,0.28241563600629577,None
2026-09-01 02:28:00+00:00,11.93,14.48,2475.9,0.45,20.48,False,0,False,0.20735425676568942,None
2026-09-01 02:29:00+00:00,14.51,16.44,2700.11,0.0,19.63,False,0,False,0.26087017778249955,None
2026-09-01 02:30:00+00:00,14.52,17.35,2694.61,0.0,19.74,False,0,False,0.2781708905799802,None
2026-09-01 02:31:00+00:00,20.47,23.14,2531.34,0.0,19.63,False,0,False,0.21528472404617066,None
2026-09-01 02:32:00+00:00,11.4,12.07,2712.5,0.0,20.08,False,0,False,0.2285994054667091,None
2026-09-01 02:33:00+00:00,15.93,20.84,2412.03,0.0,20.78,False,0,False,0.23205168297104056,None
2026-09-01 02:34:00+00:00,10.16,12.33,2485.52,0.0,20.04,False,0,False,0.24039849920433376,None
2026-09-01 02:35:00+00:00,11.99,15.02,2777.77,0.29,21.1,False,0,False,0.25045835542646666,None
2026-09-01 02:36:00+00:00,11.02,14.79,2637.22,0.0,19.63,False,0,False,0.23681276357025738,None
2026-09-01 02:37:00+00:00,8.0,9.16,2682.6,0.0,20.24,False,0,False,0.1596318835138898,None
2026-09-01 02:38:00+00:00,15.7,18.03,2664.8,0.55,19.63,False,0,False,0.22283039020302464,None
2026-09-01 02:39:00+00:00,18.27,17.5,2726.98,0.0,19.7,False,0,False,0.26945724223221257,None
2026-09-01 02:40:00+00:00,16.33,17.36,2857.37,0.0,19.63,False,0,False,0.2525698513452185,None
2026-09-01 02:41:00+00:00,23.63,29.4,2547.65,0.0,20.67,False,0,False,0.1994610843981418,None
2026-09-01 02:42:00+00:00,8.2,9.47,2775.99,0.94,20.46,False,0,False,0.14857804028097282,None
2026-09-01 02:43:00+00:00,15.42,16.42,2773.0,0.0,19.63,False,0,False,0.2760628539474182,None
2026-09-01 02:44:00+00:00,18.48,21.33,2537.98,0.83,20.74,False,0,False,0.14706635832303944,None
2026-09-01 02:45:00+00:00,9.43,14.14,2603.73,0.0,20.85,False,0,False,0.23420160650940147,None
2026-09-01 02:46:00+00:00,27.79,31.58,2654.32,1.03,20.64,False,0,False,0.10928832445292691,None
2026-09-01 02:47:00+00:00,15.81,15.45,2537.9,0.67,19.78,False,0,False,0.2358527248237931,None
2026-09-01 02:48:00+00:00,19.44,20.92,2632.78,0.0,20.66,False,0,False,0.26320004772595335,None
2026-09-01 02:49:00+00:00,25.43,26.5,2662.84,0.34,19.91,False,0,False,0.14162311299540697,None
2026-09-01 02:50:00+00:00,18.72,24.77,2449.1,0.0,19.63,False,0,False,0.235708060063459,None
2026-09-01 02:51:00+00:00,9.49,12.17,2429.76,0.12,19.63,False,0,False,0.21165052760855735,None
2026-09-01 02:52:00+00:00,12.84,14.18,2483.04,0.0,20.82,False,0,False,0.2535281189128265,None
2026-09-01 02:53:00+00:00,8.61,13.28,2895.18,0.0,20.12,False,0,False,0.24459610906497897,None
2026-09-01 02:54:00+00:00,8.94,7.5,2699.8,0.0,19.63,False,0,False,0.2175726017817562,None
2026-09-01 02:55:00+00:00,22.54,26.18,2624.92,0.0,19.63,False,0,False,0.22949022451556406,None
2026-09-01 02:56:00+00:00,11.71,9.04,2686.54,0.0,19.63,False,0,False,0.22956475231562934,None
2026-09-01 02:57:00+00:00,9.34,12.4,2603.51,0.0,20.74,False,0,False,0.2453391289489289,None
2026-09-01 02:58:00+00:00,23.63,24.88,2578.86,0.77,20.92,False,0,False,0.16571118688259778,None
2026-09-01 02:59:00+00:00,8.95,14.35,2790.44,0.0,20.56,False,0,False,0.2485562642217538,None
2026-09-01 03:00:00+00:00,18.54,16.38,2681.47,0.0,19.63,False,0,False,0.23306417208003566,None
2026-09-01 03:01:00+00:00,14.64,12.99,2847.75,0.0,19.63,False,0,False,0.19083417049240536,None
2026-09-01 03:02:00+00:00,13.67,19.06,2489.83,0.0,19.63,False,0,False,0.2672621799455983,None
2026-09-01 03:03:00+00:00,8.83,10.35,2918.85,0.0,20.07,False,0,False,0.23811862730701916,None
2026-09-01 03:04:00+00:00,16.12,19.28,2319.08,0.0,19.97,False,0,False,0.24547628098734642,None
2026-09-01 03:05:00+00:00,21.56,25.66,2684.15,1.04,20.88,False,0,False,0.11811201757873258,None
2026-09-01 03:06:00+00:00,22.82,22.73,2983.71,0.0,19.76,False,0,False,0.24217439005420932,None
2026-09-01 03:07:00+00:00,12.23,14.31,2581.27,0.0,19.63,False,0,False,0.2733025898881348,None
2026-09-01 03:08:00+00:00,19.45,23.28,2515.25,0.0,19.63,False,0,False,0.22736684011109132,None
2026-09-01 03:09:00+00:00,22.67,26.04,2628.87,0.0,19.63,False,0,False,0.23193672272226723,None
2026-09-01 03:10:00+00:00,13.65,15.03,2456.27,0.0,19.63,False,0,False,0.22619269061773623,None
2026-09-01 03:11:00+00:00,21.93,25.21,2571.48,0.05,19.63,False,0,False,0.17843484543313431,None
2026-09-01 03:12:00+00:00,23.3,26.2,2729.6,0.91,19.63,False,0,False,0.15106157340144588,None
2026-09-01 03:13:00+00:00,8.0,8.08,2334.89,0.02,20.22,False,0,False,0.16953730856247712,None
2026-09-01 03:14:00+00:00,12.08,10.61,2498.92,0.0,19.63,False,0,False,0.24840764966789958,None
2026-09-01 03:15:00+00:00,17.55,20.15,2703.77,0.39,20.9,False,0,False,0.1649045634458794,None
2026-09-01 03:16:00+00:00,9.83,12.15,2541.41,0.0,19.67,False,0,False,0.25142954640067555,None
2026-09-01 03:17:00+00:00,14.22,12.67,2548.32,0.0,19.63,False,0,False,0.23892925532724224,None
2026-09-01 03:18:00+00:00,10.39,13.4,2794.03,0.0,20.24,False,0,False,0.2628339259634448,None
2026-09-01 03:19:00+00:00,13.53,12.0,2626.05,0.51,19.63,False,0,False,0.21388404559820529,None
2026-09-01 03:20:00+00:00,11.2,13.98,2447.07,0.0,20.04,False,0,False,0.22254794250023313,None
2026-09-01 03:21:00+00:00,18.32,24.18,2507.26,0.0,20.76,False,0,False,0.24250874355632945,None
2026-09-01 03:22:00+00:00,15.72,18.04,2694.46,0.0,19.65,False,0,False,0.25418808430322093,None
2026-09-01 03:23:00+00:00,24.02,28.31,6387.18,0.0,20.77,True,1,False,0.03738645707749755,Z-Score
2026-09-01 03:24:00+00:00,8.0,9.95,6964.84,0.56,20.5,True,1,False,0.037424782601444995,Z-Score
2026-09-01 03:25:00+00:00,8.0,9.96,6974.06,0.0,19.63,True,1,False,0.05917189962603897,Z-Score
2026-09-01 03:26:00+00:00,14.97,11.89,6674.9,0.0,19.63,True,1,False,0.106061924188664,Z-Score
2026-09-01 03:27:00+00:00,11.24,12.06,6935.39,0.0,19.63,True,1,False,0.09218808435317905,Z-Score
2026-09-01 03:28:00+00:00,16.49,19.42,7030.91,0.97,21.06,True,1,True,-0.0021073189090948796,Both
2026-09-01 03:29:00+00:00,18.33,18.18,6419.87,0.0,19.63,False,0,False,0.12581940090583377,None
2026-09-01 03:30:00+00:00,10.56,13.84,5940.82,0.0,19.63,False,0,False,0.1304991669445038,None
2026-09-01 03:31:00+00:00,15.17,15.47,6747.63,0.0,20.69,False,0,False,0.11776404883076785,None
2026-09-01 03:32:00+00:00,18.97,18.76,6480.71,0.0,19.63,False,0,False,0.09391736086239533,None
2026-09-01 03:33:00+00:00,12.43,16.24,7004.26,0.0,20.67,False,0,False,0.09377562247771098,None
2026-09-01 03:34:00+00:00,15.62,22.05,6852.31,0.0,19.63,False,0,False,0.10707530903330709,None
2026-09-01 03:35:00+00:00,9.72,11.58,6438.95,0.0,21.11,False,0,False,0.09324047737918495,None
2026-09-01 03:36:00+00:00,12.41,13.74,6535.86,0.0,20.57,False,0,False,0.13096797543768635,None
2026-09-01 03:37:00+00:00,10.71,14.52,6861.25,0.0,19.63,False,0,False,0.0680189564592798,None
2026-09-01 03:38:00+00:00,18.41,23.8,6528.12,0.0,19.63,False,0,False,0.116078992996128,None
2026-09-01 03:39:00+00:00,8.0,10.2,6862.96,0.0,20.26,False,0,False,0.07056343528214915,None
2026-09-01 03:40:00+00:00,11.53,13.57,6671.09,0.0,20.72,False,0,False,0.09407092573140452,None
2026-09-01 03:41:00+00:00,18.79,19.14,6803.82,0.0,20.19,False,0,False,0.11409023698132648,None
2026-09-01 03:42:00+00:00,11.55,12.35,6455.19,0.0,19.99,False,0,False,0.11665134543434763,None
2026-09-01 03:43:00+00:00,18.93,21.18,2600.42,0.0,19.63,False,0,False,0.2722864165893902,None
2026-09-01 03:44:00+00:00,18.08,17.34,2769.49,0.0,20.33,False,0,False,0.26711901534370774,None
2026-09-01 03:45:00+00:00,14.38,16.73,2388.65,0.0,21.07,False,0,False,0.2512503984800477,None
2026-09-01 03:46:00+00:00,14.3,16.99,2784.22,0.0,19.63,False,0,False,0.27414798813083907,None
2026-09-01 03:47:00+00:00,12.51,13.93,2600.78,0.0,19.63,False,0,False,0.21379774734680723,None
2026-09-01 03:48:00+00:00,14.91,18.41,2720.5,0.0,20.03,False,0,False,0.27664293794796424,None
2026-09-01 03:49:00+00:00,13.95,19.66,2648.93,0.0,20.82,False,0,False,0.2657214605785847,None
2026-09-01 03:50:00+00:00,19.26,20.45,2630.74,0.24,19.79,False,0,False,0.2486603183754985,None
2026-09-01 03:51:00+00:00,18.23,18.0,2511.78,0.0,19.89,False,0,False,0.2661240662460624,None
2026-09-01 03:52:00+00:00,16.71,22.38,2384.9,0.96,19.63,True,1,False,0.1801567373645691,Z-Score
2026-09-01 03:53:00+00:00,21.91,22.25,2641.67,0.0,19.85,False,0,False,0.24647595020310809,None
2026-09-01 03:54:00+00:00,16.8,21.91,2569.14,0.95,20.59,True,1,False,0.20074306481081516,Z-Score
2026-09-01 03:55:00+00:00,18.05,20.85,2492.59,0.0,20.98,False,0,False,0.1880009166013072,None
2026-09-01 03:56:00+00:00,15.21,15.98,2807.22,0.84,21.09,False,0,False,0.21860869524211163,None
2026-09-01 03:57:00+00:00,12.64,11.7,2775.19,0.0,21.05,False,0,False,0.24598576628344598,None
2026-09-01 03:58:00+00:00,14.9,15.63,2744.84,0.16,19.63,False,0,False,0.23689039874992218,None
2026-09-01 03:59:00+00:00,14.03,17.58,2730.45,0.0,19.63,False,0,False,0.27875501210444975,None
2026-09-01 04:00:00+00:00,11.76,17.04,2553.81,0.0,19.63,False,0,False,0.272903121692074,None
2026-09-01 04:01:00+00:00,15.6,15.38,2754.21,0.0,20.4,False,0,False,0.2861357216183575,None
2026-09-01 04:02:00+00:00,11.96,15.79,2787.46,0.0,20.58,False,0,False,0.23626464531090463,None
2026-09-01 04:03:00+00:00,10.13,16.73,2674.96,0.0,19.63,False,0,False,0.2541940346658093,None
2026-09-01 04:04:00+00:00,18.19,16.95,2703.01,0.0,20.6,False,0,False,0.2643812345836547,None
2026-09-01 04:05:00+00:00,8.9,13.57,2797.0,0.0,20.24,False,0,False,0.2192815736211025,None
2026-09-01 04:06:00+00:00,19.09,22.49,2822.27,0.0,19.63,False,0,False,0.27475796979303707,None
2026-09-01 04:07:00+00:00,16.84,18.61,2506.42,0.57,20.33,False,0,False,0.24061152270896735,None
2026-09-01 04:08:00+00:00,15.7,14.4,2621.94,0.55,20.51,False,0,False,0.24680316780732448,None
2026-09-01 04:09:00+00:00,20.02,25.04,2602.14,0.7,19.74,False,0,False,0.1874961380869517,None
2026-09-01 04:10:00+00:00,10.37,13.45,2705.12,0.0,19.63,False,0,False,0.26569104059953874,None
2026-09-01 04:11:00+00:00,14.0,14.52,2760.2,0.0,19.81,False,0,False,0.27770164486142185,None
2026-09-01 04:12:00+00:00,21.32,16.49,2568.77,0.0,19.81,False,0,False,0.2562028664133065,None
2026-09-01 04:13:00+00:00,12.79,16.52,2495.65,0.0,20.55,False,0,False,0.27076223017630197,None
2026-09-01 04:14:00+00:00,9.3,8.66,2586.12,0.0,19.63,False,0,False,0.20329354263109972,None
2026-09-01 04:15:00+00:00,13.16,14.83,2681.5,0.17,19.63,False,0,False,0.25996052686030624,None
2026-09-01 04:16:00+00:00,11.8,14.82,2553.16,0.0,19.63,False,0,False,0.22846763106367557,None
2026-09-01 04:17:00+00:00,15.93,13.77,2647.64,0.0,20.4,False,0,False,0.2729041912732682,None
2026-09-01 04:18:00+00:00,15.12,14.71,2583.85,0.22,19.76,False,0,False,0.24943056114271844,None
2026-09-01 04:19:00+00:00,9.21,12.3,2475.94,0.0,19.63,False,0,False,0.23158655281574025,None
2026-09-01 04:20:00+00:00,8.0,7.5,2396.4,0.0,20.51,False,0,False,0.18522196815406644,None
2026-09-01 04:21:00+00:00,16.2,20.89,2548.1,0.0,19.63,False,0,False,0.2782734932102578,None
2026-09-01 04:22:00+00:00,12.47,12.14,2691.99,0.55,19.9,False,0,False,0.20662504994119724,None
2026-09-01 04:23:00+00:00,12.22,11.74,2807.71,0.0,19.63,False,0,False,0.2735073580086529,None
2026-09-01 04:24:00+00:00,12.32,15.49,2680.45,0.0,19.63,False,0,False,0.20506474364861632,None
2026-09-01 04:25:00+00:00,19.79,16.9,2711.29,0.0,21.06,False,0,False,0.2638669664882221,None
2026-09-01 04:26:00+00:00,13.48,17.23,2801.95,0.35,19.64,False,0,False,0.23521115433389495,None
2026-09-01 04:27:00+00:00,11.61,10.28,2655.95,0.0,19.76,False,0,False,0.19150689254172726,None
2026-09-01 04:28:00+00:00,18.05,17.52,2685.66,0.0,19.63,False,0,False,0.2713711081371361,None
2026-09-01 04:29:00+00:00,15.14,15.9,2601.64,0.0,19.63,False,0,False,0.2739554452133053,None
2026-09-01 04:30:00+00:00,13.27,12.2,2472.85,0.94,20.07,True,1,False,0.1886773310442486,Z-Score
2026-09-01 04:31:00+00:00,14.42,17.8,2628.57,0.4,19.96,False,0,False,0.23831657195822942,None
2026-09-01 04:32:00+00:00,18.23,19.85,2634.91,0.0,19.63,False,0,False,0.2769628613670992,None
2026-09-01 04:33:00+00:00,20.87,21.27,2602.89,0.0,19.63,False,0,False,0.2605956515441417,None
2026-09-01 04:34:00+00:00,10.27,13.28,2618.3,0.0,19.63,False,0,False,0.2569872809694989,None
2026-09-01 04:35:00+00:00,19.46,21.87,2796.52,0.0,19.63,False,0,False,0.19955774641998647,None
2026-09-01 04:36:00+00:00,14.5,16.46,2491.08,0.0,19.63,False,0,False,0.27345546042481655,None
2026-09-01 04:37:00+00:00,16.69,20.32,2644.0,0.0,20.16,False,0,False,0.2549126076635874,None
2026-09-01 04:38:00+00:00,19.15,21.88,2734.59,0.0,19.63,False,0,False,0.23204328438415933,None
2026-09-01 04:39:00+00:00,18.06,20.75,2650.58,0.0,19.63,False,0,False,0.23284971208087024,None
2026-09-01 04:40:00+00:00,18.46,17.01,2733.61,0.0,19.63,False,0,False,0.2700837284641624,None
2026-09-01 04:41:00+00:00,18.18,25.08,2734.71,0.0,20.01,False,0,False,0.2236998939369902,None
2026-09-01 04:42:00+00:00,68.83,78.2,2486.08,0.0,20.85,True,2,True,-0.03254556000421993,Both
2026-09-01 04:43:00+00:00,67.15,73.57,2295.64,0.0,19.63,True,3,True,-0.023393946162057477,Both
2026-09-01 04:44:00+00:00,73.78,80.48,2572.13,0.0,19.63,True,2,True,-0.03249246444558096,Both
2026-09-01 04:45:00+00:00,64.92,71.3,2849.86,0.0,19.63,True,2,True,-0.001295104439682837,Both
2026-09-01 04:46:00+00:00,65.86,70.42,2824.97,0.08,19.63,True,2,True,-0.008955269351863193,Both
2026-09-01 04:47:00+00:00,66.54,69.35,2398.11,0.0,19.63,True,1,True,-0.010102550988599246,Both
2026-09-01 04:48:00+00:00,75.08,78.42,2709.57,0.0,19.63,True,2,True,-0.021735240982799997,Both
2026-09-01 04:49:00+00:00,69.59,79.1,2845.0,0.0,19.63,False,0,True,-0.03609570430308662,Isolation Forest
2026-09-01 04:50:00+00:00,80.6,91.55,2721.1,0.0,19.63,True,2,True,-0.06753795447690647,Both
2026-09-01 04:51:00+00:00,72.04,84.54,2580.11,0.0,21.13,False,0,True,-0.021752260542981072,Isolation Forest
2026-09-01 04:52:00+00:00,62.3,66.94,2782.45,0.38,19.63,False,0,True,-0.0015053127299109459,Isolation Forest
2026-09-01 04:53:00+00:00,63.26,65.34,2686.92,0.0,20.23,False,0,False,0.0011245167915105991,None
2026-09-01 04:54:00+00:00,72.43,78.41,2759.11,0.0,19.63,False,0,True,-0.029725524857902474,Isolation Forest
2026-09-01 04:55:00+00:00,75.11,75.84,2804.07,0.19,20.84,False,0,True,-0.02503064972229785,Isolation Forest
2026-09-01 04:56:00+00:00,74.43,80.6,2470.46,0.0,20.62,False,0,True,-0.048342891562255685,Isolation Forest
2026-09-01 04:57:00+00:00,78.7,85.73,2617.7,0.85,19.63,True,1,True,-0.04830360881239415,Both
2026-09-01 04:58:00+00:00,71.64,74.84,2451.87,0.0,20.77,False,0,True,-0.04144574267711809,Isolation Forest
2026-09-01 04:59:00+00:00,78.51,85.52,2605.38,0.0,21.06,False,0,True,-0.04321680912014847,Isolation Forest
2026-09-01 05:00:00+00:00,81.38,87.38,2710.38,0.0,20.73,False,0,True,-0.0406457351454973,Isolation Forest
2026-09-01 05:01:00+00:00,69.77,77.14,2849.34,0.0,19.63,False,0,True,-0.025996099083629542,Isolation Forest
2026-09-01 05:02:00+00:00,84.23,99.77,2739.04,0.0,19.63,False,0,True,-0.0344585458040233,Isolation Forest
2026-09-01 05:03:00+00:00,69.33,70.86,2707.14,0.0,20.03,False,0,True,-0.007233125500102688,Isolation Forest
2026-09-01 05:04:00+00:00,82.62,83.5,2597.13,0.0,19.63,False,0,True,-0.03228311232778436,Isolation Forest
2026-09-01 05:05:00+00:00,73.04,85.12,2221.46,0.0,19.63,True,1,True,-0.04501476273934746,Both
2026-09-01 05:06:00+00:00,76.63,83.4,2682.81,0.0,20.93,False,0,True,-0.050280838722156496,Isolation Forest
2026-09-01 05:07:00+00:00,78.9,82.06,2650.36,0.0,21.0,False,0,True,-0.038515385991585105,Isolation Forest
2026-09-01 05:08:00+00:00,67.52,74.91,2608.43,0.0,19.94,False,0,True,-0.018191771100054654,Isolation Forest
2026-09-01 05:09:00+00:00,11.01,7.5,2698.44,0.37,19.63,False,0,False,0.19293028667623918,None
2026-09-01 05:10:00+00:00,10.31,9.13,2647.64,0.0,19.63,False,0,False,0.22898069859287984,None
2026-09-01 05:11:00+00:00,22.01,32.38,2857.78,0.0,19.63,False,0,False,0.21811912116720322,None
2026-09-01 05:12:00+00:00,13.37,19.93,2748.35,0.0,19.63,False,0,False,0.2837591185798198,None
2026-09-01 05:13:00+00:00,16.91,17.5,2687.97,0.0,21.1,False,0,False,0.276095197052504,None
2026-09-01 05:14:00+00:00,14.26,16.7,2560.85,0.0,20.63,False,0,False,0.28154947293963123,None
2026-09-01 05:15:00+00:00,14.87,16.62,2566.49,0.0,19.9,False,0,False,0.2727863239534527,None
2026-09-01 05:16:00+00:00,13.12,20.97,2689.33,0.0,20.46,False,0,False,0.27153086632645596,None
2026-09-01 05:17:00+00:00,17.08,24.61,2538.11,0.0,19.88,False,0,False,0.24419032296894128,None
2026-09-01 05:18:00+00:00,10.9,14.6,2537.16,1.26,19.63,True,1,False,0.145788516541827,Z-Score
2026-09-01 05:19:00+00:00,17.7,18.23,2688.04,0.0,20.9,False,0,False,0.26791638470243573,None
2026-09-01 05:20:00+00:00,10.88,14.93,2924.02,0.0,20.24,False,0,False,0.2646798278830063,None
2026-09-01 05:21:00+00:00,12.72,11.73,2551.51,0.0,19.63,False,0,False,0.25194679854801394,None
2026-09-01 05:22:00+00:00,16.65,20.74,2769.48,0.0,21.07,False,0,False,0.25330162499656983,None
2026-09-01 05:23:00+00:00,16.42,17.64,2795.95,0.0,20.95,False,0,False,0.2596095871673,None
2026-09-01 05:24:00+00:00,11.89,12.33,2643.43,0.42,19.63,False,0,False,0.23760824583779566,None
2026-09-01 05:25:00+00:00,13.14,18.84,2284.29,0.0,20.46,False,0,False,0.2446295655137949,None
2026-09-01 05:26:00+00:00,16.13,14.01,2647.9,0.0,21.04,False,0,False,0.2145656847694366,None
2026-09-01 05:27:00+00:00,17.79,18.78,2795.31,0.0,20.87,False,0,False,0.2517933297913064,None
2026-09-01 05:28:00+00:00,11.77,13.46,2538.43,0.0,20.86,False,0,False,0.2653355236780656,None
2026-09-01 05:29:00+00:00,17.65,23.16,2941.9,0.0,19.66,False,0,False,0.2687440934691731,None
2026-09-01 05:30:00+00:00,13.13,13.91,2572.44,0.0,19.63,False,0,False,0.2633884875451411,None
2026-09-01 05:31:00+00:00,16.88,20.67,2638.47,0.27,20.04,False,0,False,0.20289905190649332,None
2026-09-01 05:32:00+00:00,13.28,13.74,2671.55,0.0,19.68,False,0,False,0.24671194513361627,None
2026-09-01 05:33:00+00:00,15.08,18.38,2472.73,0.0,20.44,False,0,False,0.2694328956714054,None
2026-09-01 05:34:00+00:00,21.49,24.69,2873.96,0.0,20.82,False,0,False,0.22377197938242377,None
2026-09-01 05:35:00+00:00,14.56,14.97,2932.34,0.46,19.9,False,0,False,0.2574647376113781,None
2026-09-01 05:36:00+00:00,13.47,11.7,2839.42,0.0,20.72,False,0,False,0.2757889851657437,None
2026-09-01 05:37:00+00:00,16.01,24.66,2755.37,0.39,19.95,False,0,False,0.23367587902224457,None
2026-09-01 05:38:00+00:00,13.34,16.99,2673.27,0.0,20.75,False,0,False,0.24663478938956152,None
2026-09-01 05:39:00+00:00,14.32,20.22,2781.27,0.0,19.71,False,0,False,0.2778402793789667,None
2026-09-01 05:40:00+00:00,13.84,11.53,2728.34,0.44,21.06,False,0,False,0.23198034950219126,None
2026-09-01 05:41:00+00:00,18.63,23.2,2313.66,0.0,20.24,False,0,False,0.2279104786729576,None
2026-09-01 05:42:00+00:00,16.35,14.03,2527.34,0.57,19.63,False,0,False,0.23446667241356883,None
2026-09-01 05:43:00+00:00,17.75,20.39,2495.82,0.0,19.63,False,0,False,0.23508560967195669,None
2026-09-01 05:44:00+00:00,14.78,14.2,2446.01,0.0,19.63,False,0,False,0.24196325687267445,None
2026-09-01 05:45:00+00:00,16.3,17.25,2585.98,0.0,20.25,False,0,False,0.2822282099752495,None
2026-09-01 05:46:00+00:00,13.3,12.38,2633.51,0.0,19.85,False,0,False,0.24360229894385488,None
2026-09-01 05:47:00+00:00,12.1,16.95,2505.73,0.0,20.1,False,0,False,0.27061615326206184,None
2026-09-01 05:48:00+00:00,14.62,15.92,2664.31,0.0,20.57,False,0,False,0.2649617259753285,None
2026-09-01 05:49:00+00:00,16.58,19.41,2597.48,0.48,19.85,False,0,False,0.24476107484764742,None
2026-09-01 05:50:00+00:00,13.83,12.62,2694.61,0.12,19.63,False,0,False,0.24180035815033507,None
2026-09-01 05:51:00+00:00,17.99,20.01,2596.83,0.0,21.1,False,0,False,0.2771670311681022,None
2026-09-01 05:52:00+00:00,14.76,17.32,2804.01,0.0,19.63,False,0,False,0.27655107340876917,None
2026-09-01 05:53:00+00:00,11.2,17.54,2325.05,0.76,19.63,False,0,False,0.18928399267259455,None
2026-09-01 05:54:00+00:00,14.79,13.61,2799.49,0.0,19.9,False,0,False,0.28126554293403344,None
2026-09-01 05:55:00+00:00,14.91,15.14,2738.63,0.38,21.02,False,0,False,0.23144505098407803,None
2026-09-01 05:56:00+00:00,14.86,16.21,2738.33,0.0,19.63,False,0,False,0.2844188645240803,None
2026-09-01 05:57:00+00:00,16.61,17.72,2797.47,0.0,19.63,False,0,False,0.2806666028019517,None
2026-09-01 05:58:00+00:00,10.2,14.3,2501.05,0.0,19.63,False,0,False,0.23866256672907016,None
2026-09-01 05:59:00+00:00,17.15,18.9,2859.53,0.41,20.81,False,0,False,0.2187612239394902,None
2026-09-01 06:00:00+00:00,15.81,19.88,2918.91,0.0,19.63,False,0,False,0.2799762175510182,None
2026-09-01 06:01:00+00:00,13.7,14.81,2622.92,0.0,19.77,False,0,False,0.2687998267922846,None
2026-09-01 06:02:00+00:00,17.84,17.12,2774.29,0.0,19.63,False,0,False,0.28192707421973523,None
2026-09-01 06:03:00+00:00,15.77,20.67,2589.67,0.0,20.14,False,0,False,0.2780064595416868,None
2026-09-01 06:04:00+00:00,14.04,18.58,2806.12,0.0,19.63,False,0,False,0.28500382581384026,None
2026-09-01 06:05:00+00:00,18.48,20.69,2753.99,0.0,19.63,False,0,False,0.2744372214162692,None
2026-09-01 06:06:00+00:00,14.52,14.3,2780.52,0.0,19.63,False,0,False,0.2861398538027521,None
2026-09-01 06:07:00+00:00,11.56,12.26,2763.79,0.0,19.63,False,0,False,0.26478051361118216,None
2026-09-01 06:08:00+00:00,10.45,10.17,2559.41,0.0,20.1,False,0,False,0.22641620843947918,None
2026-09-01 06:09:00+00:00,17.67,20.16,2686.19,0.0,21.02,False,0,False,0.28162820977703484,None
2026-09-01 06:10:00+00:00,12.12,12.59,2758.85,0.0,19.63,False,0,False,0.2754050355107726,None
2026-09-01 06:11:00+00:00,19.69,20.48,2672.4,0.56,19.63,False,0,False,0.23221037574518144,None
2026-09-01 06:12:00+00:00,16.68,17.65,2739.34,0.0,19.91,False,0,False,0.2854569378811873,None
2026-09-01 06:13:00+00:00,15.42,18.57,2634.83,0.0,19.63,False,0,False,0.24500280616399278,None
2026-09-01 06:14:00+00:00,18.1,20.5,2601.26,0.0,19.63,False,0,False,0.24502795667539545,None
2026-09-01 06:15:00+00:00,14.26,16.58,2733.6,0.0,19.63,False,0,False,0.2783160616879097,None
2026-09-01 06:16:00+00:00,8.59,8.29,2758.98,0.0,19.63,False,0,False,0.22059435912316544,None
2026-09-01 06:17:00+00:00,19.33,19.68,2488.74,0.0,20.17,False,0,False,0.255487406905983,None
2026-09-01 06:18:00+00:00,12.12,10.36,2897.94,0.39,20.57,False,0,False,0.2290119623191837,None
2026-09-01 06:19:00+00:00,13.32,11.48,2616.77,0.0,19.63,False,0,False,0.2666077756632451,None
2026-09-01 06:20:00+00:00,17.45,20.3,2690.24,0.0,19.63,False,0,False,0.27159200747575774,None
2026-09-01 06:21:00+00:00,19.57,24.54,2622.6,0.0,20.91,False,0,False,0.25462808469274206,None
2026-09-01 06:22:00+00:00,17.02,19.86,2727.85,0.0,20.15,False,0,False,0.28546769129758937,None
2026-09-01 06:23:00+00:00,15.93,20.03,3018.26,0.92,19.63,True,1,False,0.21912298075331105,Z-Score
2026-09-01 06:24:00+00:00,12.23,13.49,2720.32,0.0,19.79,False,0,False,0.2647270095619221,None
2026-09-01 06:25:00+00:00,17.51,21.02,2741.98,0.0,19.63,False,0,False,0.27992974281476474,None
2026-09-01 06:26:00+00:00,14.41,14.5,2761.34,0.0,19.63,False,0,False,0.2649638087272886,None
2026-09-01 06:27:00+00:00,16.51,18.95,2607.88,0.68,19.63,False,0,False,0.23431543419795275,None
2026-09-01 06:28:00+00:00,18.99,18.73,2841.57,0.42,19.63,False,0,False,0.24193049752685158,None
2026-09-01 06:29:00+00:00,10.22,10.53,2645.99,0.65,19.63,False,0,False,0.20743614871308935,None
2026-09-01 06:30:00+00:00,17.56,21.98,2703.69,0.0,20.37,False,0,False,0.272258722081014,None
2026-09-01 06:31:00+00:00,17.76,23.17,3083.59,0.0,19.97,False,0,False,0.26014614656208923,None
2026-09-01 06:32:00+00:00,12.84,17.84,2530.47,0.0,20.71,False,0,False,0.2714726102532734,None
2026-09-01 06:33:00+00:00,15.2,17.46,2634.19,0.0,19.63,False,0,False,0.28418632673532307,None
2026-09-01 06:34:00+00:00,17.63,19.59,2902.06,0.0,20.8,False,0,False,0.2587074869775595,None
2026-09-01 06:35:00+00:00,12.32,17.54,2953.64,0.0,19.63,False,0,False,0.2749986693932131,None
2026-09-01 06:36:00+00:00,13.82,22.98,2603.12,0.0,19.63,False,0,False,0.26761636305502434,None
2026-09-01 06:37:00+00:00,13.22,20.24,2774.73,0.38,19.87,False,0,False,0.24563951577747922,None
2026-09-01 06:38:00+00:00,11.38,15.58,2750.89,0.0,19.82,False,0,False,0.2607333194406019,None
2026-09-01 06:39:00+00:00,14.2,20.08,2765.82,0.0,19.63,False,0,False,0.27288591040056887,None
2026-09-01 06:40:00+00:00,15.36,18.65,2661.88,0.0,20.81,False,0,False,0.2744469512822485,None
2026-09-01 06:41:00+00:00,16.33,16.71,2825.71,0.0,19.63,False,0,False,0.2860005519670065,None
2026-09-01 06:42:00+00:00,13.42,15.09,2747.21,0.0,19.63,False,0,False,0.2713480865380056,None
2026-09-01 06:43:00+00:00,17.78,22.58,2746.44,0.0,20.57,False,0,False,0.27289003373829873,None
2026-09-01 06:44:00+00:00,11.38,16.23,2807.69,0.0,21.11,False,0,False,0.25816688661482734,None
2026-09-01 06:45:00+00:00,17.32,18.64,2605.98,0.0,19.63,False,0,False,0.27230793495767514,None
2026-09-01 06:46:00+00:00,16.76,22.47,2672.89,0.0,19.63,False,0,False,0.2689147725555935,None
2026-09-01 06:47:00+00:00,16.67,21.99,3034.36,0.0,19.63,False,0,False,0.27319051024648855,None
2026-09-01 06:48:00+00:00,13.77,15.94,2658.66,0.0,20.9,False,0,False,0.27353567066711065,None
2026-09-01 06:49:00+00:00,15.37,15.03,2757.58,0.27,20.41,False,0,False,0.2595459597848941,None
2026-09-01 06:50:00+00:00,18.7,20.69,2544.26,0.36,19.75,False,0,False,0.24162881338922282,None
2026-09-01 06:51:00+00:00,14.31,14.24,2830.95,0.0,19.81,False,0,False,0.2669135077856629,None
2026-09-01 06:52:00+00:00,14.34,17.24,3034.83,0.0,19.63,False,0,False,0.28000608181440173,None
2026-09-01 06:53:00+00:00,15.6,19.36,2823.38,0.0,20.17,False,0,False,0.26679799377163677,None
2026-09-01 06:54:00+00:00,18.4,18.51,2662.64,0.0,19.63,False,0,False,0.2736411507597838,None
2026-09-01 06:55:00+00:00,14.15,16.5,2635.9,0.0,19.63,False,0,False,0.28028229065581306,None
2026-09-01 06:56:00+00:00,13.67,16.0,2865.16,0.0,19.93,False,0,False,0.2792530461125685,None
2026-09-01 06:57:00+00:00,17.44,18.97,2803.76,0.0,20.01,False,0,False,0.2649210664510127,None
2026-09-01 06:58:00+00:00,14.17,15.95,2943.27,0.0,20.85,False,0,False,0.2766046778516032,None
2026-09-01 06:59:00+00:00,15.91,18.17,2868.18,0.0,20.17,False,0,False,0.28072710312945987,None
2026-09-01 07:00:00+00:00,15.56,17.42,2735.75,0.57,19.96,False,0,False,0.24104167744625438,None
2026-09-01 07:01:00+00:00,14.59,19.4,2608.17,0.0,19.63,False,0,False,0.2699761397925264,None
2026-09-01 07:02:00+00:00,18.27,17.9,2792.97,0.0,20.94,False,0,False,0.2590514544376274,None
2026-09-01 07:03:00+00:00,13.99,19.8,2740.91,1.11,20.97,True,1,False,0.14964186139311592,Z-Score
2026-09-01 07:04:00+00:00,14.93,26.78,2871.67,0.0,21.03,False,0,False,0.17164010189477924,None
2026-09-01 07:05:00+00:00,17.22,17.5,2695.33,0.0,19.63,False,0,False,0.27869104878814527,None
2026-09-01 07:06:00+00:00,14.67,20.2,2686.57,0.0,20.6,False,0,False,0.2640389862948577,None
2026-09-01 07:07:00+00:00,20.8,23.0,2863.14,0.0,19.63,False,0,False,0.23719702171684753,None
2026-09-01 07:08:00+00:00,15.05,15.82,2867.99,0.0,20.75,False,0,False,0.24990790827346798,None
2026-09-01 07:09:00+00:00,13.38,18.89,2603.93,0.0,19.63,False,0,False,0.27316245482234697,None
2026-09-01 07:10:00+00:00,15.33,22.26,2622.84,0.0,19.63,False,0,False,0.265733622456769,None
2026-09-01 07:11:00+00:00,16.71,17.69,2630.68,0.95,19.63,True,1,False,0.21303632199593692,Z-Score
2026-09-01 07:12:00+00:00,15.55,17.01,2951.89,0.0,20.11,False,0,False,0.24838032562137674,None
2026-09-01 07:13:00+00:00,18.83,20.56,2652.99,1.18,19.63,True,1,False,0.17765221793158215,Z-Score
2026-09-01 07:14:00+00:00,13.67,17.81,2829.37,0.0,19.63,False,0,False,0.26899552665539944,None
2026-09-01 07:15:00+00:00,16.26,19.1,2988.35,0.0,19.63,False,0,False,0.28054091820546395,None
2026-09-01 07:16:00+00:00,12.72,12.44,2684.32,0.0,19.83,False,0,False,0.26932336300666376,None
2026-09-01 07:17:00+00:00,14.48,15.96,2883.47,0.0,19.81,False,0,False,0.28411290218384333,None
2026-09-01 07:18:00+00:00,9.52,13.04,2896.21,0.0,20.81,False,0,False,0.24688206118666944,None
2026-09-01 07:19:00+00:00,12.41,11.31,2902.09,0.0,19.83,False,0,False,0.25831239301887976,None
2026-09-01 07:20:00+00:00,14.04,19.85,2915.89,0.0,19.87,False,0,False,0.2699668520659559,None
2026-09-01 07:21:00+00:00,10.39,12.13,2619.49,0.0,19.95,False,0,False,0.25597118639106115,None
2026-09-01 07:22:00+00:00,16.48,19.11,2945.95,0.0,20.42,False,0,False,0.26757029301916807,None
2026-09-01 07:23:00+00:00,16.1,21.62,2889.95,0.0,19.63,False,0,False,0.2649234751374885,None
2026-09-01 07:24:00+00:00,22.02,24.48,2734.59,0.0,19.63,False,0,False,0.24782784223996085,None
2026-09-01 07:25:00+00:00,16.71,13.88,2958.53,0.0,19.63,False,0,False,0.27723739487210836,None
2026-09-01 07:26:00+00:00,13.04,13.76,3175.44,0.0,19.63,False,0,False,0.2674777012259747,None
2026-09-01 07:27:00+00:00,15.44,15.48,2976.43,0.0,19.63,False,0,False,0.27943493198665625,None
2026-09-01 07:28:00+00:00,15.46,15.61,3248.68,0.0,19.63,True,1,False,0.27182205098512546,Z-Score
2026-09-01 07:29:00+00:00,15.48,22.04,2734.37,0.66,21.02,False,0,False,0.20983723325638104,None
2026-09-01 07:30:00+00:00,17.52,18.12,2770.58,0.0,19.63,False,0,False,0.2747739921486572,None
2026-09-01 07:31:00+00:00,12.16,13.32,2707.29,0.57,19.65,False,0,False,0.23322984684615933,None
2026-09-01 07:32:00+00:00,19.27,18.06,2983.14,0.0,20.0,False,0,False,0.2740489009446989,None
2026-09-01 07:33:00+00:00,13.02,15.35,2867.47,0.0,19.8,False,0,False,0.2742272537545188,None
2026-09-01 07:34:00+00:00,10.15,11.02,3088.19,0.0,19.63,False,0,False,0.22015051426769489,None
2026-09-01 07:35:00+00:00,13.98,15.76,2779.82,0.07,19.66,False,0,False,0.2652727121911728,None
2026-09-01 07:36:00+00:00,14.93,16.23,3031.39,0.0,19.63,False,0,False,0.2853783435754585,None
2026-09-01 07:37:00+00:00,14.24,14.18,2987.59,0.57,19.63,False,0,False,0.2351061514329496,None
2026-09-01 07:38:00+00:00,15.24,20.71,2917.79,0.0,19.93,False,0,False,0.2801965858536131,None
2026-09-01 07:39:00+00:00,17.48,18.39,3034.64,0.0,20.68,False,0,False,0.2741414285022693,None
2026-09-01 07:40:00+00:00,13.28,14.51,2902.5,0.55,19.63,False,0,False,0.237441975052942,None
2026-09-01 07:41:00+00:00,19.03,23.69,2948.04,0.0,20.87,False,0,False,0.2600531426364991,None
2026-09-01 07:42:00+00:00,13.44,13.91,2990.0,0.0,20.1,False,0,False,0.28103145433729876,None
2026-09-01 07:43:00+00:00,14.91,14.68,3038.63,0.62,19.63,False,0,False,0.23594308196962022,None
2026-09-01 07:44:00+00:00,12.46,7.81,3018.0,0.0,20.65,False,0,False,0.2320094176577105,None
2026-09-01 07:45:00+00:00,16.57,14.54,2897.71,0.0,20.81,False,0,False,0.27955212595189155,None
2026-09-01 07:46:00+00:00,14.32,15.38,2866.18,0.0,21.04,False,0,False,0.2737860102350467,None
2026-09-01 07:47:00+00:00,12.28,20.88,2870.93,0.0,19.84,False,0,False,0.26225850346021157,None
2026-09-01 07:48:00+00:00,15.81,15.62,3050.49,0.0,19.79,False,0,False,0.2850613066874035,None
2026-09-01 07:49:00+00:00,11.73,11.57,2864.47,0.0,20.02,False,0,False,0.26726454070476713,None
2026-09-01 07:50:00+00:00,11.05,11.11,3013.7,0.0,20.08,False,0,False,0.2569144285931026,None
2026-09-01 07:51:00+00:00,15.49,16.14,3172.31,0.0,20.07,False,0,False,0.28386116311019116,None
2026-09-01 07:52:00+00:00,20.06,25.03,3119.65,0.0,19.95,False,0,False,0.24310350856779095,None
2026-09-01 07:53:00+00:00,15.65,19.11,3110.34,0.0,20.52,False,0,False,0.28146107656519626,None
2026-09-01 07:54:00+00:00,13.93,16.24,2737.24,0.0,20.77,False,0,False,0.2603890397940511,None
2026-09-01 07:55:00+00:00,16.1,17.44,2795.86,0.0,20.26,False,0,False,0.2853477497972915,None
2026-09-01 07:56:00+00:00,14.16,19.25,2916.5,0.0,20.65,False,0,False,0.2644223673400504,None
2026-09-01 07:57:00+00:00,15.02,15.12,3062.22,0.3,20.2,False,0,False,0.250842195459075,None
2026-09-01 07:58:00+00:00,13.92,18.13,2995.51,0.65,20.74,False,0,False,0.24354238814553508,None
2026-09-01 07:59:00+00:00,18.54,22.5,3010.8,0.0,20.99,False,0,False,0.27360404718331355,None
2026-09-01 08:00:00+00:00,14.28,12.08,2903.49,0.0,19.73,False,0,False,0.27703189587910737,None
2026-09-01 08:01:00+00:00,12.13,15.24,3014.29,0.0,21.61,True,1,False,0.2678805042776122,Z-Score
2026-09-01 08:02:00+00:00,15.54,16.75,3208.15,0.43,19.88,False,0,False,0.2107936891624857,None
2026-09-01 08:03:00+00:00,16.56,15.78,3260.34,0.69,22.24,True,1,False,0.21876046754570883,Z-Score
2026-09-01 08:04:00+00:00,17.93,22.27,2950.84,0.0,20.08,False,0,False,0.27691973983585866,None
2026-09-01 08:05:00+00:00,13.56,20.27,3298.24,0.0,20.94,False,0,False,0.26878195337289734,None
2026-09-01 08:06:00+00:00,14.9,14.19,3001.4,0.0,19.94,False,0,False,0.2674065107152947,None
2026-09-01 08:07:00+00:00,17.89,25.34,2959.55,0.0,19.84,False,0,False,0.23930863528637042,None
2026-09-01 08:08:00+00:00,14.59,15.43,2962.87,0.0,19.75,False,0,False,0.28446634450124336,None
2026-09-01 08:09:00+00:00,13.18,12.16,3229.66,0.0,22.13,True,1,False,0.2565468497988835,Z-Score
2026-09-01 08:10:00+00:00,17.39,18.73,2951.11,0.0,22.89,True,1,False,0.26944752572201824,Z-Score
2026-09-01 08:11:00+00:00,16.99,14.21,3145.84,0.56,21.81,False,0,False,0.2090503044938517,None
2026-09-01 08:12:00+00:00,16.87,16.74,3126.71,0.0,20.7,False,0,False,0.2819648674451857,None
2026-09-01 08:13:00+00:00,15.87,18.9,3110.51,0.0,20.69,False,0,False,0.2644331843396564,None
2026-09-01 08:14:00+00:00,16.26,19.09,2992.82,0.24,20.09,False,0,False,0.25609490396036017,None
2026-09-01 08:15:00+00:00,13.71,14.09,3071.08,0.0,19.93,False,0,False,0.2806454011409469,None
2026-09-01 08:16:00+00:00,14.42,14.98,2939.56,0.0,20.94,False,0,False,0.28226587239610773,None
2026-09-01 08:17:00+00:00,16.24,22.31,2939.62,0.0,20.47,False,0,False,0.2506911906775971,None
2026-09-01 08:18:00+00:00,11.99,9.9,3252.41,0.0,20.54,False,0,False,0.21982037142547184,None
2026-09-01 08:19:00+00:00,12.1,10.19,3254.09,0.0,22.92,True,1,False,0.22439204092687248,Z-Score
2026-09-01 08:20:00+00:00,14.27,13.65,3399.15,0.0,20.61,False,0,False,0.2473100092624027,None
2026-09-01 08:21:00+00:00,18.45,23.25,2743.51,0.18,20.16,False,0,False,0.22743306272676211,None
2026-09-01 08:22:00+00:00,10.09,14.37,3104.99,0.0,20.78,False,0,False,0.2526874299436576,None
2026-09-01 08:23:00+00:00,11.06,11.06,3020.48,0.0,24.66,True,1,False,0.23595342056853152,Z-Score
2026-09-01 08:24:00+00:00,15.14,17.47,2935.6,0.93,23.95,True,2,False,0.18743284388279796,Z-Score
2026-09-01 08:25:00+00:00,16.06,18.77,3000.57,0.0,19.99,False,0,False,0.2878538402124844,None
2026-09-01 08:26:00+00:00,20.75,19.21,3157.27,0.0,25.82,True,1,False,0.2367678827647019,Z-Score
2026-09-01 08:27:00+00:00,16.26,19.05,3143.79,0.41,23.42,False,0,False,0.23783878062796787,None
2026-09-01 08:28:00+00:00,11.25,11.65,3398.85,0.39,20.55,False,0,False,0.21371503836736716,None
2026-09-01 08:29:00+00:00,16.99,17.99,3201.02,0.0,20.62,False,0,False,0.2805249983674472,None
2026-09-01 08:30:00+00:00,16.5,17.07,2950.38,0.0,20.2,False,0,False,0.28582010476045117,None
2026-09-01 08:31:00+00:00,12.44,13.22,3109.26,0.0,23.78,False,0,False,0.250176825856878,None
2026-09-01 08:32:00+00:00,16.12,21.38,3140.99,0.0,20.26,False,0,False,0.27580271257681005,None
2026-09-01 08:33:00+00:00,13.84,15.06,3596.4,0.0,27.37,True,2,False,0.20417222811600955,Z-Score
2026-09-01 08:34:00+00:00,14.48,14.69,3387.82,0.33,26.39,True,1,False,0.19352557917625252,Z-Score
2026-09-01 08:35:00+00:00,11.15,10.27,3432.41,0.0,20.32,False,0,False,0.2244730223580682,None
2026-09-01 08:36:00+00:00,16.48,18.98,2911.07,0.0,24.61,False,0,False,0.2565168800042179,None
2026-09-01 08:37:00+00:00,12.78,16.49,3436.28,1.04,20.6,True,1,False,0.17987873700135498,Z-Score
2026-09-01 08:38:00+00:00,17.9,16.39,3078.19,1.68,26.67,True,2,False,0.13997348218506644,Z-Score
2026-09-01 08:39:00+00:00,13.93,14.35,3511.02,0.0,26.0,False,0,False,0.22810750573247723,None
2026-09-01 08:40:00+00:00,12.53,17.6,3555.56,0.0,19.79,False,0,False,0.227739367229165,None
2026-09-01 08:41:00+00:00,17.77,23.1,3480.13,0.0,20.96,False,0,False,0.24861682655331135,None
2026-09-01 08:42:00+00:00,13.81,15.61,3442.02,0.0,20.38,False,0,False,0.250355491926512,None
2026-09-01 08:43:00+00:00,15.41,20.33,3086.4,0.0,26.78,False,0,False,0.2587472762467716,None
2026-09-01 08:44:00+00:00,12.04,11.47,3212.65,0.0,25.52,False,0,False,0.2323332773738771,None
2026-09-01 08:45:00+00:00,17.43,14.33,3324.98,0.0,20.78,False,0,False,0.2570415598271899,None
2026-09-01 08:46:00+00:00,17.11,16.84,3474.07,1.06,19.65,False,0,False,0.1794992558682485,None
2026-09-01 08:47:00+00:00,16.75,18.16,3158.34,0.96,19.76,False,0,False,0.21358043485442252,None
2026-09-01 08:48:00+00:00,13.14,16.04,3322.84,0.0,20.88,False,0,False,0.26230584038303634,None
2026-09-01 08:49:00+00:00,20.0,23.1,3270.52,0.0,27.67,False,0,False,0.22853546391148732,None
2026-09-01 08:50:00+00:00,15.5,19.92,3319.73,0.0,19.79,False,0,False,0.260660131011785,None
2026-09-01 08:51:00+00:00,15.71,14.51,3191.69,0.0,20.72,False,0,False,0.2774365218101421,None
2026-09-01 08:52:00+00:00,17.79,16.91,3177.41,0.0,26.25,False,0,False,0.2610395086591089,None
2026-09-01 08:53:00+00:00,12.58,17.73,2998.62,0.0,19.67,False,0,False,0.2673496753709895,None
2026-09-01 08:54:00+00:00,14.29,17.52,3355.37,0.05,19.98,False,0,False,0.25555831748962393,None
2026-09-01 08:55:00+00:00,21.57,24.92,3383.63,0.0,27.54,False,0,False,0.18930768981717738,None
2026-09-01 08:56:00+00:00,13.73,14.98,3321.23,0.22,20.82,False,0,False,0.2408962146409907,None
2026-09-01 08:57:00+00:00,13.82,16.24,3092.09,0.36,31.1,True,1,False,0.21810313321807168,Z-Score
2026-09-01 08:58:00+00:00,14.09,14.26,3182.51,0.0,28.72,False,0,False,0.24770612278622728,None
2026-09-01 08:59:00+00:00,11.15,7.5,3317.31,0.0,19.75,False,0,False,0.20184919214399932,None
2026-09-01 09:00:00+00:00,16.16,19.34,3410.74,1.17,20.81,False,0,False,0.18617832420700048,None
2026-09-01 09:01:00+00:00,18.76,19.29,3473.84,0.0,19.73,False,0,False,0.22824353753388887,None
2026-09-01 09:02:00+00:00,18.74,21.86,3542.95,0.37,27.58,False,0,False,0.18531546241725894,None
2026-09-01 09:03:00+00:00,16.93,16.53,3317.45,0.0,19.82,False,0,False,0.2668941483220417,None
2026-09-01 09:04:00+00:00,17.44,21.62,3553.9,0.0,31.16,True,1,False,0.2114333395220273,Z-Score
2026-09-01 09:05:00+00:00,14.49,12.92,3105.8,0.0,29.05,False,0,False,0.24046283294871734,None
2026-09-01 09:06:00+00:00,16.96,26.18,3258.15,0.0,30.97,False,0,False,0.20998010303366577,None
2026-09-01 09:07:00+00:00,15.4,16.88,3523.2,0.0,31.23,False,0,False,0.2174162741675646,None
2026-09-01 09:08:00+00:00,11.89,10.38,3404.52,0.0,19.89,False,0,False,0.19724735259261128,None
2026-09-01 09:09:00+00:00,15.58,13.78,3336.41,0.14,19.83,False,0,False,0.23082686680804088,None
2026-09-01 09:10:00+00:00,13.4,13.76,3398.55,0.0,20.9,False,0,False,0.2497541827890865,None
2026-09-01 09:11:00+00:00,15.48,18.92,3459.19,0.0,35.72,True,1,False,0.20651598626217554,Z-Score
2026-09-01 09:12:00+00:00,13.57,14.55,3589.65,0.0,19.78,False,0,False,0.23046738853012366,None
2026-09-01 09:13:00+00:00,15.69,17.84,3526.41,0.0,34.16,False,0,False,0.2237055957132958,None
2026-09-01 09:14:00+00:00,17.25,24.22,3317.59,0.0,35.74,False,0,False,0.1956607225779149,None
2026-09-01 09:15:00+00:00,13.58,15.96,3503.58,0.0,21.06,False,0,False,0.2556336484969144,None
2026-09-01 09:16:00+00:00,11.66,19.08,3256.62,0.0,19.78,False,0,False,0.26246381399668484,None
2026-09-01 09:17:00+00:00,13.34,13.12,3299.62,0.0,20.0,False,0,False,0.2525215355224785,None
2026-09-01 09:18:00+00:00,13.07,10.04,3257.15,0.0,29.74,False,0,False,0.20726629077060948,None
2026-09-01 09:19:00+00:00,16.93,22.92,3422.76,0.0,20.01,False,0,False,0.2355488665330553,None
2026-09-01 09:20:00+00:00,15.21,14.08,3490.15,0.58,20.52,False,0,False,0.21728973973272248,None
2026-09-01 09:21:00+00:00,12.9,15.51,3419.36,0.0,20.75,False,0,False,0.26115544368542304,None
2026-09-01 09:22:00+00:00,19.02,19.4,3479.52,0.57,19.99,False,0,False,0.21968038394494277,None
2026-09-01 09:23:00+00:00,16.52,21.72,3241.52,0.0,32.64,False,0,False,0.23926013194383922,None
2026-09-01 09:24:00+00:00,16.48,17.75,3360.11,0.0,20.86,False,0,False,0.2762972026535934,None
2026-09-01 09:25:00+00:00,16.96,21.73,3283.21,0.0,20.58,False,0,False,0.25254031052404335,None
2026-09-01 09:26:00+00:00,13.45,18.76,3242.02,0.0,30.4,False,0,False,0.22421250234646828,None
2026-09-01 09:27:00+00:00,16.99,16.76,3465.32,0.0,20.06,False,0,False,0.19766968069190421,None
2026-09-01 09:28:00+00:00,17.64,17.78,3388.8,0.0,34.17,False,0,False,0.22871630492730288,None
2026-09-01 09:29:00+00:00,16.11,22.7,3703.5,0.19,37.65,False,0,False,0.12122059049183354,None
2026-09-01 09:30:00+00:00,17.75,20.58,3501.25,0.0,38.66,False,0,False,0.18853970645854806,None
2026-09-01 09:31:00+00:00,15.79,19.45,3625.87,0.48,33.37,False,0,False,0.16856821126819238,None
2026-09-01 09:32:00+00:00,13.48,15.49,3824.96,0.89,39.02,False,0,False,0.10855719544553488,None
2026-09-01 09:33:00+00:00,16.29,17.21,3336.04,0.0,34.26,False,0,False,0.21676647181237402,None
2026-09-01 09:34:00+00:00,14.4,19.99,3214.85,0.58,21.12,False,0,False,0.23077569905098477,None
2026-09-01 09:35:00+00:00,21.68,22.74,3468.56,0.0,36.03,False,0,False,0.1851318301939624,None
2026-09-01 09:36:00+00:00,12.1,17.32,3365.49,1.07,39.51,False,0,False,0.12811061436697713,None
2026-09-01 09:37:00+00:00,11.37,10.77,3728.96,0.81,36.14,False,0,False,0.10788257767981624,None
2026-09-01 09:38:00+00:00,14.32,17.8,2991.49,0.0,20.84,False,0,False,0.27695446759723863,None
2026-09-01 09:39:00+00:00,11.22,15.06,3660.06,0.0,37.68,False,0,False,0.1755087912728518,None
2026-09-01 09:40:00+00:00,13.77,12.92,3397.2,0.53,20.28,False,0,False,0.22181606689336542,None
2026-09-01 09:41:00+00:00,12.97,15.97,3360.01,0.0,20.56,False,0,False,0.26603358874839417,None
2026-09-01 09:42:00+00:00,15.13,16.02,3402.43,0.0,19.8,False,0,False,0.26626541597799713,None
2026-09-01 09:43:00+00:00,12.27,12.66,3494.72,0.0,36.03,False,0,False,0.19119332449167226,None
2026-09-01 09:44:00+00:00,16.33,17.38,3216.22,0.01,33.18,False,0,False,0.23319272928068047,None
2026-09-01 09:45:00+00:00,12.1,21.67,3517.77,0.0,20.1,False,0,False,0.23662850978006794,None
2026-09-01 09:46:00+00:00,14.67,22.42,3473.5,0.0,19.97,False,0,False,0.24842708541025693,None
2026-09-01 09:47:00+00:00,12.16,16.25,3817.46,0.17,33.96,False,0,False,0.13933779405949165,None
2026-09-01 09:48:00+00:00,16.91,15.34,3633.26,0.0,20.8,False,0,False,0.2061794639121719,None
2026-09-01 09:49:00+00:00,13.15,11.65,3386.77,0.0,44.61,False,0,False,0.1957793582221064,None
2026-09-01 09:50:00+00:00,11.83,11.37,3529.66,0.0,20.94,False,0,False,0.21749946657591224,None
2026-09-01 09:51:00+00:00,16.01,19.22,3497.41,0.0,21.07,False,0,False,0.22781763115633363,None
2026-09-01 09:52:00+00:00,19.04,22.98,3656.76,0.0,36.65,False,0,False,0.1810686025709341,None
2026-09-01 09:53:00+00:00,20.66,21.64,3581.64,0.68,20.36,False,0,False,0.16143718089113912,None
2026-09-01 09:54:00+00:00,15.31,21.23,3663.54,0.0,19.92,False,0,False,0.23569321998685144,None
2026-09-01 09:55:00+00:00,21.25,21.58,3596.56,0.0,20.25,False,0,False,0.183190529109776,None
2026-09-01 09:56:00+00:00,13.72,13.18,3684.77,0.16,40.19,False,0,False,0.15635515939732697,None
2026-09-01 09:57:00+00:00,18.95,21.62,3590.56,0.0,43.09,False,0,False,0.16484599789326476,None
2026-09-01 09:58:00+00:00,19.57,17.39,3515.48,0.23,45.58,False,0,False,0.12617630580272565,None
2026-09-01 09:59:00+00:00,16.63,18.04,3283.23,0.0,40.73,False,0,False,0.22143965079622013,None
2026-09-01 10:00:00+00:00,18.73,27.06,3495.44,1.07,48.01,True,1,False,0.05948167225481671,Z-Score
2026-09-01 10:01:00+00:00,17.95,18.8,3321.83,0.0,43.37,False,0,False,0.2149973869959978,None
2026-09-01 10:02:00+00:00,15.23,20.93,3218.21,1.05,19.72,True,1,False,0.1613229422106851,Z-Score
2026-09-01 10:03:00+00:00,15.61,16.96,3529.7,0.86,21.05,False,0,False,0.20350385180573682,None
2026-09-01 10:04:00+00:00,12.11,13.81,3522.08,0.0,19.81,False,0,False,0.23802944696385964,None
2026-09-01 10:05:00+00:00,16.89,17.85,3600.6,0.0,20.35,False,0,False,0.2245520958595691,None
2026-09-01 10:06:00+00:00,8.97,15.91,3292.45,0.0,20.58,False,0,False,0.22570939148884323,None
2026-09-01 10:07:00+00:00,15.81,17.23,3789.77,0.92,45.3,False,0,False,0.09929949659750104,None
2026-09-01 10:08:00+00:00,15.52,15.55,3371.04,0.0,20.08,False,0,False,0.22497991544643037,None
2026-09-01 10:09:00+00:00,14.74,13.97,3707.0,0.0,47.76,False,0,False,0.14339678563946112,None
2026-09-01 10:10:00+00:00,17.79,18.54,3572.04,0.0,20.24,False,0,False,0.23172773748071962,None
2026-09-01 10:11:00+00:00,13.08,14.3,3562.31,0.0,20.1,False,0,False,0.24287172007830904,None
2026-09-01 10:12:00+00:00,14.59,16.72,3552.32,0.0,19.75,False,0,False,0.24096200673121798,None
2026-09-01 10:13:00+00:00,15.96,17.34,3949.25,0.0,39.48,False,0,False,0.17316964063515128,None
2026-09-01 10:14:00+00:00,15.5,15.01,3316.07,0.0,20.07,False,0,False,0.258629268005719,None
2026-09-01 10:15:00+00:00,13.47,24.07,3548.45,0.0,41.15,False,0,False,0.17713777882669984,None
2026-09-01 10:16:00+00:00,17.53,21.76,3423.81,0.0,20.08,False,0,False,0.22490692991894545,None
2026-09-01 10:17:00+00:00,18.24,21.51,3318.72,0.0,42.15,False,0,False,0.19537795518206225,None
2026-09-01 10:18:00+00:00,15.0,18.79,3644.32,0.0,38.56,False,0,False,0.19919815087778664,None
2026-09-01 10:19:00+00:00,16.9,19.39,3780.71,0.0,43.05,False,0,False,0.16571778776954926,None
2026-09-01 10:20:00+00:00,15.97,18.76,3272.54,0.0,20.94,False,0,False,0.19786270795875688,None
2026-09-01 10:21:00+00:00,19.56,20.88,3367.9,0.0,50.97,False,0,False,0.18169692574756663,None
2026-09-01 10:22:00+00:00,14.79,18.82,3795.39,0.44,20.63,False,0,False,0.17710005097879622,None
2026-09-01 10:23:00+00:00,14.65,16.72,3250.95,0.0,45.92,False,0,False,0.20282996008648074,None
2026-09-01 10:24:00+00:00,14.08,18.38,3282.1,0.0,51.61,False,0,False,0.20003685886709266,None
2026-09-01 10:25:00+00:00,21.59,21.79,3608.57,0.55,39.17,False,0,False,0.12827044274772725,None
2026-09-01 10:26:00+00:00,12.63,14.68,3518.33,0.67,51.81,False,0,False,0.1276498435684439,None
2026-09-01 10:27:00+00:00,12.82,19.91,3447.05,0.0,49.43,False,0,False,0.1888268423258942,None
2026-09-01 10:28:00+00:00,16.14,18.94,3285.13,0.06,20.44,False,0,False,0.24522255025805528,None
2026-09-01 10:29:00+00:00,15.13,17.81,3472.17,0.0,20.34,False,0,False,0.23673576499998128,None
2026-09-01 10:30:00+00:00,13.41,18.88,3323.83,0.0,19.69,False,0,False,0.22190721567334631,None
2026-09-01 10:31:00+00:00,9.85,12.4,3487.05,0.0,55.62,False,0,False,0.13872234075585343,None
2026-09-01 10:32:00+00:00,13.22,15.3,3768.89,0.0,44.35,False,0,False,0.15096169550044813,None
2026-09-01 10:33:00+00:00,15.62,12.19,3314.46,0.0,20.39,False,0,False,0.24678807006630044,None
2026-09-01 10:34:00+00:00,20.72,26.99,3800.73,0.45,20.19,False,0,False,0.13482014836116163,None
2026-09-01 10:35:00+00:00,14.73,18.63,3426.8,0.57,20.5,False,0,False,0.14675392192672887,None
2026-09-01 10:36:00+00:00,13.37,11.44,3520.02,0.0,21.03,False,0,False,0.22401786119680678,None
2026-09-01 10:37:00+00:00,14.84,15.38,3431.17,0.0,53.39,False,0,False,0.20027821855967454,None
2026-09-01 10:38:00+00:00,17.28,20.39,3680.13,0.0,19.7,False,0,False,0.22710550718126277,None
2026-09-01 10:39:00+00:00,17.34,16.34,3401.64,0.0,57.62,False,0,False,0.16230585481149407,None
2026-09-01 10:40:00+00:00,18.65,24.94,3330.33,0.0,53.96,False,0,False,0.17514477764781805,None
2026-09-01 10:41:00+00:00,17.29,23.91,3607.45,0.0,48.79,False,0,False,0.1511459658653727,None
2026-09-01 10:42:00+00:00,21.11,21.12,3477.32,0.0,55.56,False,0,False,0.13707437288339697,None
2026-09-01 10:43:00+00:00,14.02,15.45,3420.76,0.0,20.92,False,0,False,0.22942184483954714,None
2026-09-01 10:44:00+00:00,18.03,25.76,3118.04,0.0,20.38,False,0,False,0.202068623979835,None
2026-09-01 10:45:00+00:00,15.54,16.02,3460.6,0.0,19.73,False,0,False,0.2510881703026164,None
2026-09-01 10:46:00+00:00,15.28,16.96,3498.55,0.0,54.12,False,0,False,0.1891634404579421,None
2026-09-01 10:47:00+00:00,14.66,13.55,3404.56,0.8,20.01,False,0,False,0.14425250874091095,None
2026-09-01 10:48:00+00:00,14.14,17.55,3430.23,0.0,59.79,False,0,False,0.16825062528675877,None
2026-09-01 10:49:00+00:00,11.83,9.41,3357.0,0.0,59.59,False,0,False,0.13906311926060855,None
2026-09-01 10:50:00+00:00,14.33,14.0,3320.39,0.19,20.89,False,0,False,0.2471056699143273,None
2026-09-01 10:51:00+00:00,18.57,22.4,3239.21,0.0,58.25,False,0,False,0.1619883238552844,None
2026-09-01 10:52:00+00:00,17.93,16.67,3355.38,0.0,20.48,False,0,False,0.2610709777756619,None
2026-09-01 10:53:00+00:00,19.11,26.52,3507.65,0.2,20.83,False,0,False,0.16662544394334028,None
2026-09-01 10:54:00+00:00,10.41,10.79,3342.41,0.0,47.6,False,0,False,0.14417928690857934,None
2026-09-01 10:55:00+00:00,19.59,25.29,3289.8,0.32,54.35,False,0,False,0.11532436812627622,None
2026-09-01 10:56:00+00:00,15.1,23.57,3304.53,0.0,19.84,False,0,False,0.2393872048283378,None
2026-09-01 10:57:00+00:00,18.76,24.59,3157.88,0.0,20.93,False,0,False,0.21546270778192939,None
2026-09-01 10:58:00+00:00,19.75,24.63,3476.73,0.0,20.0,False,0,False,0.22366098262833883,None
2026-09-01 10:59:00+00:00,13.05,18.45,3373.18,0.0,49.77,False,0,False,0.19498704404200778,None
2026-09-01 11:00:00+00:00,15.17,15.06,3500.33,0.36,20.7,False,0,False,0.22119654431603497,None
2026-09-01 11:01:00+00:00,16.52,18.83,3542.69,0.0,53.18,False,0,False,0.17781970229071853,None
2026-09-01 11:02:00+00:00,12.55,17.14,3256.49,0.67,63.56,False,0,False,0.1225395346114172,None
2026-09-01 11:03:00+00:00,11.61,18.35,3215.9,0.15,50.92,False,0,False,0.17771980519981662,None
2026-09-01 11:04:00+00:00,15.46,22.32,3398.48,0.0,49.84,False,0,False,0.17799268925058498,None
2026-09-01 11:05:00+00:00,20.6,29.48,3302.92,0.0,20.79,False,0,False,0.2105450512931858,None
2026-09-01 11:06:00+00:00,16.39,21.03,3300.75,0.0,59.59,False,0,False,0.17416894355055018,None
2026-09-01 11:07:00+00:00,14.23,11.61,3415.07,0.0,20.7,False,0,False,0.20368194773315312,None
2026-09-01 11:08:00+00:00,18.87,26.42,3284.33,0.0,56.82,False,0,False,0.13302063816167264,None
2026-09-01 11:09:00+00:00,15.01,16.32,3435.72,0.0,66.29,False,0,False,0.1614866064978811,None
2026-09-01 11:10:00+00:00,18.5,18.96,3127.54,0.28,19.84,False,0,False,0.24207523477089277,None
2026-09-01 11:11:00+00:00,16.03,17.8,3130.62,0.24,52.85,False,0,False,0.19132857685469118,None
2026-09-01 11:12:00+00:00,17.58,18.14,3398.45,0.0,56.57,False,0,False,0.1778868782596259,None
2026-09-01 11:13:00+00:00,17.39,19.96,3402.85,0.0,20.55,False,0,False,0.23948276868917795,None
2026-09-01 11:14:00+00:00,17.93,21.28,3673.91,0.0,62.41,False,0,False,0.12352554870214061,None
2026-09-01 11:15:00+00:00,14.0,15.94,3354.2,0.0,20.58,False,0,False,0.22129334586952465,None
2026-09-01 11:16:00+00:00,17.46,18.44,3210.32,0.0,59.94,False,0,False,0.18117697831138724,None
2026-09-01 11:17:00+00:00,16.99,18.51,3310.08,0.34,19.68,False,0,False,0.2256426306935484,None
2026-09-01 11:18:00+00:00,9.73,13.86,3478.74,0.0,19.81,False,0,False,0.21723454462552638,None
2026-09-01 11:19:00+00:00,12.03,15.98,3179.95,0.0,20.24,False,0,False,0.22447615666999005,None
2026-09-01 11:20:00+00:00,18.0,21.91,3412.2,0.34,60.02,False,0,False,0.07497972588299329,None
2026-09-01 11:21:00+00:00,14.82,14.85,3413.98,0.0,20.36,False,0,False,0.22023339645053275,None
2026-09-01 11:22:00+00:00,17.58,20.15,3168.13,0.0,50.02,False,0,False,0.20763072021201262,None
2026-09-01 11:23:00+00:00,15.29,23.39,3322.81,0.0,20.15,False,0,False,0.2522298570481746,None
2026-09-01 11:24:00+00:00,12.23,10.71,3537.41,0.0,53.09,False,0,False,0.14795189259879504,None
2026-09-01 11:25:00+00:00,17.93,20.49,3220.47,0.0,20.89,False,0,False,0.2559210383252424,None
2026-09-01 11:26:00+00:00,11.42,15.19,3380.64,0.0,56.09,False,0,False,0.07006629256804098,None
2026-09-01 11:27:00+00:00,18.8,23.71,3238.6,0.6,48.2,False,0,False,0.14707219262456434,None
2026-09-01 11:28:00+00:00,13.16,15.98,3188.07,0.04,67.68,False,0,False,0.15270119114735653,None
2026-09-01 11:29:00+00:00,14.87,16.41,3100.56,0.0,20.72,False,0,False,0.24627930417235083,None
2026-09-01 11:30:00+00:00,14.95,16.03,3295.12,0.0,60.72,False,0,False,0.18835315235078676,None
2026-09-01 11:31:00+00:00,19.26,20.35,3110.32,0.0,20.37,False,0,False,0.24144291779554533,None
2026-09-01 11:32:00+00:00,14.45,11.08,3140.74,0.0,19.68,False,0,False,0.17602353856156944,None
2026-09-01 11:33:00+00:00,10.66,12.05,3340.69,0.0,20.02,False,0,False,0.182542619939774,None
2026-09-01 11:34:00+00:00,15.02,16.09,3245.71,0.0,21.03,False,0,False,0.2586636296238011,None
2026-09-01 11:35:00+00:00,9.37,18.44,3328.83,0.0,20.24,False,0,False,0.19764958595646587,None
2026-09-01 11:36:00+00:00,15.62,17.49,3020.31,0.0,20.19,False,0,False,0.2451961169330763,None
2026-09-01 11:37:00+00:00,12.81,11.31,3289.97,0.0,53.63,False,0,False,0.18043753951140473,None
2026-09-01 11:38:00+00:00,16.03,26.21,3115.46,0.0,72.86,False,0,False,0.10227954485644586,None
2026-09-01 11:39:00+00:00,17.38,19.38,3071.74,0.0,20.1,False,0,False,0.241365544633122,None
2026-09-01 11:40:00+00:00,9.71,15.33,3057.06,0.11,20.45,False,0,False,0.19390072793523172,None
2026-09-01 11:41:00+00:00,21.59,24.89,3144.21,0.0,21.12,False,0,False,0.19309001732028713,None
2026-09-01 11:42:00+00:00,10.42,7.5,3310.0,0.0,20.84,False,0,False,0.18929510302249453,None
2026-09-01 11:43:00+00:00,13.98,18.04,3059.27,0.0,72.91,False,0,False,0.11899253153209954,None
2026-09-01 11:44:00+00:00,15.79,19.3,3273.31,0.84,59.99,True,1,False,0.12041547212138104,Z-Score
2026-09-01 11:45:00+00:00,12.69,13.09,2975.18,0.0,69.26,False,0,False,0.1471206619590884,None
2026-09-01 11:46:00+00:00,18.66,21.21,2794.31,0.0,74.48,True,1,False,0.14159137028803437,Z-Score
2026-09-01 11:47:00+00:00,20.07,25.21,2993.3,0.02,51.67,False,0,False,0.12266666800012183,None
2026-09-01 11:48:00+00:00,16.96,18.73,2969.52,0.56,63.0,False,0,False,0.14042189072517963,None
2026-09-01 11:49:00+00:00,11.99,22.15,3251.7,0.0,20.33,False,0,False,0.23039595254006218,None
2026-09-01 11:50:00+00:00,17.11,20.18,3008.81,0.0,69.38,False,0,False,0.09302793251887942,None
2026-09-01 11:51:00+00:00,16.62,19.71,3152.84,0.0,58.42,False,0,False,0.19097589687190158,None
2026-09-01 11:52:00+00:00,13.66,11.89,3031.21,0.0,19.72,False,0,False,0.23230566794612673,None
2026-09-01 11:53:00+00:00,14.7,15.95,3131.8,0.0,76.49,False,0,False,0.11131616381250409,None
2026-09-01 11:54:00+00:00,21.31,22.72,3183.23,0.0,20.23,False,0,False,0.2231970690855402,None
2026-09-01 11:55:00+00:00,14.22,17.3,3251.11,0.49,20.3,False,0,False,0.21881254080058188,None
2026-09-01 11:56:00+00:00,12.72,20.19,2926.19,0.0,53.6,False,0,False,0.14404596547460757,None
2026-09-01 11:57:00+00:00,17.05,19.13,2896.43,0.0,19.94,False,0,False,0.23102123149274306,None
2026-09-01 11:58:00+00:00,14.4,19.39,3025.88,0.0,65.45,False,0,False,0.18845900203397647,None
2026-09-01 11:59:00+00:00,13.83,14.4,3058.44,0.0,76.95,False,0,False,0.15017042792271945,None
2026-09-01 12:00:00+00:00,13.39,14.71,2887.63,0.0,20.12,False,0,False,0.26005666651420467,None
2026-09-01 12:01:00+00:00,14.37,15.8,2854.09,0.0,20.28,False,0,False,0.2450260245745518,None
2026-09-01 12:02:00+00:00,17.84,21.68,3041.54,0.0,20.92,False,0,False,0.25173296809364487,None
2026-09-01 12:03:00+00:00,17.1,18.3,3289.85,0.79,19.86,True,1,False,0.19953089548446912,Z-Score
2026-09-01 12:04:00+00:00,12.62,12.05,2991.26,0.0,73.69,False,0,False,0.1505313789959173,None
2026-09-01 12:05:00+00:00,18.19,17.52,3179.86,0.0,53.18,False,0,False,0.2040449413666668,None
2026-09-01 12:06:00+00:00,18.38,21.43,2958.38,0.0,21.03,False,0,False,0.23994883582684462,None
2026-09-01 12:07:00+00:00,15.04,17.51,2989.84,1.53,71.74,True,1,False,0.0400920558305381,Z-Score
2026-09-01 12:08:00+00:00,11.89,12.18,2689.43,0.0,20.64,False,0,False,0.2507834449302813,None
2026-09-01 12:09:00+00:00,13.94,16.91,2925.15,0.87,56.96,False,0,False,0.12695441413677755,None
2026-09-01 12:10:00+00:00,15.43,16.86,3013.97,0.67,20.61,False,0,False,0.20736893567754772,None
2026-09-01 12:11:00+00:00,16.49,20.15,2836.79,0.26,20.91,False,0,False,0.2419990375577371,None
2026-09-01 12:12:00+00:00,16.36,20.87,2971.0,0.0,20.1,False,0,False,0.26273866753304254,None
2026-09-01 12:13:00+00:00,14.68,14.51,2981.88,0.0,19.9,False,0,False,0.21882724251756336,None
2026-09-01 12:14:00+00:00,16.68,19.47,2961.63,0.0,20.54,False,0,False,0.2490902980439052,None
2026-09-01 12:15:00+00:00,18.62,21.84,3135.15,0.0,59.6,False,0,False,0.16953612529238404,None
2026-09-01 12:16:00+00:00,19.18,19.3,2866.98,0.0,19.63,False,0,False,0.20620535366013243,None
2026-09-01 12:17:00+00:00,18.55,23.54,3215.53,0.2,63.76,False,0,False,0.1011217343283507,None
2026-09-01 12:18:00+00:00,18.89,22.62,2906.79,0.0,20.03,False,0,False,0.2368607662042706,None
2026-09-01 12:19:00+00:00,13.94,15.95,3024.61,0.0,80.03,False,0,False,0.14569066746333098,None
2026-09-01 12:20:00+00:00,11.9,13.07,3042.92,0.0,21.04,False,0,False,0.25536923354494767,None
2026-09-01 12:21:00+00:00,17.72,24.01,3162.45,0.0,21.01,False,0,False,0.2194872704641792,None
2026-09-01 12:22:00+00:00,15.55,15.28,3059.54,0.0,74.03,False,0,False,0.11333619662610328,None
2026-09-01 12:23:00+00:00,10.51,15.05,2935.25,0.0,20.73,False,0,False,0.23988392537667325,None
2026-09-01 12:24:00+00:00,15.15,16.28,2670.94,0.0,80.8,False,0,False,0.14791150201613812,None
2026-09-01 12:25:00+00:00,14.59,15.21,2638.57,0.0,82.58,False,0,False,0.11643944769007963,None
2026-09-01 12:26:00+00:00,14.96,11.63,2939.08,0.0,80.35,False,0,False,0.13535971918957768,None
2026-09-01 12:27:00+00:00,17.98,19.72,2975.37,0.21,20.67,False,0,False,0.2556435683757,None
2026-09-01 12:28:00+00:00,10.91,10.66,2805.16,0.0,82.69,False,0,False,0.11280417267548903,None
2026-09-01 12:29:00+00:00,11.45,13.25,2773.96,0.76,83.55,False,0,False,0.07146242161893235,None
2026-09-01 12:30:00+00:00,16.11,18.31,2695.91,0.0,58.22,False,0,False,0.17669755363850936,None
2026-09-01 12:31:00+00:00,11.29,13.48,2809.44,0.26,60.32,False,0,False,0.11307090038924872,None
2026-09-01 12:32:00+00:00,18.42,19.28,2691.93,0.0,19.69,False,0,False,0.23392271288362987,None
2026-09-01 12:33:00+00:00,12.74,12.27,2930.7,0.0,20.16,False,0,False,0.25529806979966385,None
2026-09-01 12:34:00+00:00,15.14,13.73,2953.84,0.29,59.21,False,0,False,0.15144366684268434,None
2026-09-01 12:35:00+00:00,9.2,15.0,2859.45,0.0,20.21,False,0,False,0.20374277665159507,None
2026-09-01 12:36:00+00:00,12.65,13.56,2780.22,0.0,83.89,False,0,False,0.1063517576633427,None
2026-09-01 12:37:00+00:00,13.01,15.64,2752.93,0.0,19.77,False,0,False,0.2691876203711163,None
2026-09-01 12:38:00+00:00,14.65,17.31,2847.45,0.0,59.1,False,0,False,0.18730680379064518,None
2026-09-01 12:39:00+00:00,17.28,20.06,2897.17,0.0,20.94,False,0,False,0.24732351260505686,None
2026-09-01 12:40:00+00:00,13.36,19.35,2935.96,0.0,19.67,False,0,False,0.20117189281437337,None
2026-09-01 12:41:00+00:00,18.22,22.66,2500.76,0.0,59.74,False,0,False,0.14810125844158895,None
2026-09-01 12:42:00+00:00,15.2,22.24,2773.06,0.68,20.28,False,0,False,0.22948445237053428,None
2026-09-01 12:43:00+00:00,15.94,13.4,2909.1,0.0,19.67,False,0,False,0.24393714628914287,None
2026-09-01 12:44:00+00:00,11.43,14.62,2677.95,0.0,69.04,False,0,False,0.15121794712330477,None
2026-09-01 12:45:00+00:00,14.15,17.49,2886.83,0.0,20.74,False,0,False,0.27544890139772044,None
2026-09-01 12:46:00+00:00,8.0,7.5,2933.97,0.0,66.32,False,0,False,0.11948979349198097,None
2026-09-01 12:47:00+00:00,16.29,17.85,2959.09,0.0,80.95,False,0,False,0.1328133475419826,None
2026-09-01 12:48:00+00:00,16.32,19.42,2859.44,0.22,64.93,False,0,False,0.09316227353463347,None
2026-09-01 12:49:00+00:00,14.89,14.08,2905.26,0.84,20.45,False,0,False,0.17799074412781385,None
2026-09-01 12:50:00+00:00,13.82,14.61,2877.78,0.0,20.06,False,0,False,0.24553736844910884,None
2026-09-01 12:51:00+00:00,11.4,16.9,2910.11,0.41,20.23,False,0,False,0.190830844112725,None
2026-09-01 12:52:00+00:00,14.08,17.5,2774.37,0.0,64.21,False,0,False,0.1712614437041663,None
2026-09-01 12:53:00+00:00,18.86,15.99,2847.56,0.0,20.96,False,0,False,0.23434676691467443,None
2026-09-01 12:54:00+00:00,18.29,21.02,2876.38,0.0,87.12,False,0,False,0.11874305869184132,None
2026-09-01 12:55:00+00:00,12.38,12.71,2699.88,0.0,20.4,False,0,False,0.24580448029215451,None
2026-09-01 12:56:00+00:00,14.2,12.3,2663.2,0.0,79.85,False,0,False,0.06260995685219861,None
2026-09-01 12:57:00+00:00,14.19,15.34,2942.58,0.0,20.44,False,0,False,0.2388001030558124,None
2026-09-01 12:58:00+00:00,13.11,13.13,2808.41,0.0,76.34,False,0,False,0.1468632045001152,None
2026-09-01 12:59:00+00:00,17.02,18.29,2945.15,0.04,81.56,False,0,False,0.13618851518451813,None
2026-09-01 13:00:00+00:00,15.73,16.25,2825.65,0.25,20.26,False,0,False,0.23506451858719607,None
2026-09-01 13:01:00+00:00,13.58,18.46,2913.14,0.0,20.73,False,0,False,0.18993925587096971,None
2026-09-01 13:02:00+00:00,17.31,19.85,2707.22,0.0,20.22,False,0,False,0.2533929538681248,None
2026-09-01 13:03:00+00:00,9.82,7.5,2772.87,0.0,19.96,False,0,False,0.10557724956189385,None
2026-09-01 13:04:00+00:00,12.34,18.59,3095.45,0.0,19.74,False,0,False,0.2530604514598955,None
2026-09-01 13:05:00+00:00,12.24,15.69,2824.35,0.0,77.99,False,0,False,0.14998037659200436,None
2026-09-01 13:06:00+00:00,15.73,23.17,2779.54,0.0,59.1,False,0,False,0.1247136415395681,None
2026-09-01 13:07:00+00:00,14.82,16.03,2829.03,0.0,67.57,False,0,False,0.09146512602268031,None
2026-09-01 13:08:00+00:00,13.84,11.54,2702.44,0.67,19.83,False,0,False,0.20995203134361806,None
2026-09-01 13:09:00+00:00,17.18,18.54,2999.71,0.0,79.24,False,0,False,0.07967736121418578,None
2026-09-01 13:10:00+00:00,21.85,23.61,2742.67,0.0,78.98,False,0,False,0.027704936925967316,None
2026-09-01 13:11:00+00:00,15.57,11.45,2856.57,0.0,85.51,False,0,False,0.12004812248125685,None
2026-09-01 13:12:00+00:00,21.54,24.09,2649.93,0.39,20.32,False,0,False,0.1558980086108575,None
2026-09-01 13:13:00+00:00,17.05,23.74,2782.93,0.69,20.36,False,0,False,0.18636741404132523,None
2026-09-01 13:14:00+00:00,16.11,20.35,2605.81,0.0,20.04,False,0,False,0.24223482235842575,None
2026-09-01 13:15:00+00:00,13.92,18.97,2619.18,0.0,20.42,False,0,False,0.2602573301562278,None
2026-09-01 13:16:00+00:00,17.27,24.14,2657.2,0.0,19.76,False,0,False,0.2145999606552348,None
2026-09-01 13:17:00+00:00,15.61,17.21,2702.41,0.0,87.95,False,0,False,0.13416791163589503,None
2026-09-01 13:18:00+00:00,16.29,17.99,2921.08,0.32,72.74,False,0,False,0.12731939341306175,None
2026-09-01 13:19:00+00:00,13.82,21.05,2983.05,0.0,66.78,False,0,False,0.15823646537121477,None
2026-09-01 13:20:00+00:00,12.59,20.67,2488.69,0.0,86.28,False,0,False,0.09979446797058023,None
2026-09-01 13:21:00+00:00,14.32,17.47,2477.34,0.0,20.37,False,0,False,0.2264605407001491,None
2026-09-01 13:22:00+00:00,12.99,18.52,2913.63,0.0,19.64,False,0,False,0.24848804803869617,None
2026-09-01 13:23:00+00:00,13.26,16.09,2777.68,0.0,19.65,False,0,False,0.24120108311618904,None
2026-09-01 13:24:00+00:00,14.81,14.11,2855.79,0.99,20.0,True,1,False,0.1892725114807836,Z-Score
2026-09-01 13:25:00+00:00,12.32,14.99,2554.45,0.0,63.85,False,0,False,0.15454010938792107,None
2026-09-01 13:26:00+00:00,11.0,12.74,2760.02,0.0,19.66,False,0,False,0.2498586061457055,None
2026-09-01 13:27:00+00:00,17.49,16.22,2399.28,0.0,20.67,True,1,False,0.1150728243415341,Z-Score
2026-09-01 13:28:00+00:00,14.0,17.43,2812.21,0.0,20.61,False,0,False,0.27415956761150717,None
2026-09-01 13:29:00+00:00,15.89,21.88,2468.2,0.2,20.77,False,0,False,0.17673663985033172,None
2026-09-01 13:30:00+00:00,14.52,15.51,2734.96,0.0,57.68,False,0,False,0.19304811815447603,None
2026-09-01 13:31:00+00:00,16.63,21.3,2509.47,0.0,20.02,False,0,False,0.20883159276664665,None
2026-09-01 13:32:00+00:00,14.29,22.1,2802.15,1.54,63.16,True,1,False,0.054755900545037206,Z-Score
2026-09-01 13:33:00+00:00,18.38,20.02,2865.68,0.0,62.55,False,0,False,0.08687748505735637,None
2026-09-01 13:34:00+00:00,14.85,18.28,2755.65,0.0,19.68,False,0,False,0.16846912497767713,None
2026-09-01 13:35:00+00:00,17.34,19.85,2737.36,0.0,72.52,False,0,False,0.15498105595820677,None
2026-09-01 13:36:00+00:00,12.94,15.28,2915.71,0.0,20.22,False,0,False,0.26185135244911334,None
2026-09-01 13:37:00+00:00,17.22,20.61,2842.33,0.0,20.49,False,0,False,0.19663194961250186,None
2026-09-01 13:38:00+00:00,14.01,19.69,2860.8,0.0,20.84,False,0,False,0.25612949165723486,None
2026-09-01 13:39:00+00:00,16.3,15.14,2608.56,0.0,20.87,False,0,False,0.24953519258368895,None
2026-09-01 13:40:00+00:00,18.12,24.12,2803.69,0.7,82.48,False,0,False,0.025167108913400016,None
2026-09-01 13:41:00+00:00,10.3,7.91,2598.1,0.0,19.97,False,0,False,0.19981414188443364,None
2026-09-01 13:42:00+00:00,12.27,15.03,2656.51,0.0,20.01,False,0,False,0.21970756951438186,None
2026-09-01 13:43:00+00:00,16.61,18.82,2527.33,0.0,20.5,False,0,False,0.2176359222984396,None
2026-09-01 13:44:00+00:00,13.63,17.11,2566.64,1.08,19.88,True,1,False,0.1464999244122971,Z-Score
2026-09-01 13:45:00+00:00,20.81,21.98,2658.63,1.08,20.77,False,0,False,0.15796996886009196,None
2026-09-01 13:46:00+00:00,15.49,15.38,2471.34,0.0,70.97,False,0,False,0.14403357307291503,None
2026-09-01 13:47:00+00:00,16.25,17.47,2908.08,0.0,20.43,False,0,False,0.2564475312685517,None
2026-09-01 13:48:00+00:00,16.26,16.37,2627.13,0.0,77.35,False,0,False,0.1505791023869183,None
2026-09-01 13:49:00+00:00,19.06,24.01,2739.64,0.0,20.9,False,0,False,0.20617044318522426,None
2026-09-01 13:50:00+00:00,16.5,16.68,2702.72,0.0,81.91,False,0,False,0.14230269237090643,None
2026-09-01 13:51:00+00:00,16.51,20.9,2533.56,0.0,82.09,False,0,False,0.0755183968134574,None
2026-09-01 13:52:00+00:00,13.35,15.31,2909.33,0.0,19.83,False,0,False,0.13102610111476687,None
2026-09-01 13:53:00+00:00,16.42,15.29,2828.22,0.0,81.49,False,0,False,0.08610570262598893,None
2026-09-01 13:54:00+00:00,19.68,22.19,2408.87,0.0,81.85,False,0,False,0.05996510864304894,None
2026-09-01 13:55:00+00:00,10.04,7.62,2820.3,0.0,63.69,False,0,False,0.11420619397080578,None
2026-09-01 13:56:00+00:00,12.88,13.63,2666.34,0.0,76.29,False,0,False,0.13631738530313298,None
2026-09-01 13:57:00+00:00,14.67,13.72,2733.47,0.0,19.97,False,0,False,0.23946467524688086,None
2026-09-01 13:58:00+00:00,16.91,19.1,2847.62,0.42,20.78,False,0,False,0.20285458958267216,None
2026-09-01 13:59:00+00:00,17.28,17.61,2640.84,0.0,20.68,False,0,False,0.25309956208142337,None
2026-09-01 14:00:00+00:00,17.22,18.77,2622.26,0.0,58.11,False,0,False,0.1814473084098761,None
2026-09-01 14:01:00+00:00,18.06,18.45,2746.77,0.0,20.97,False,0,False,0.1653232091027405,None
2026-09-01 14:02:00+00:00,13.41,16.49,2755.41,0.0,20.51,False,0,False,0.22017338330045855,None
2026-09-01 14:03:00+00:00,12.51,14.36,2677.43,0.0,19.77,False,0,False,0.23758608058223385,None
2026-09-01 14:04:00+00:00,15.42,13.57,2451.67,0.0,20.28,False,0,False,0.19629310277763823,None
2026-09-01 14:05:00+00:00,15.11,16.41,2535.47,0.0,19.77,False,0,False,0.24898998659500893,None
2026-09-01 14:06:00+00:00,17.64,20.67,2663.32,0.0,83.84,False,0,False,0.08722331386025406,None
2026-09-01 14:07:00+00:00,15.79,20.24,2802.19,0.3,64.45,False,0,False,0.14950007807486876,None
2026-09-01 14:08:00+00:00,17.39,21.79,2526.13,0.0,66.3,False,0,False,0.1340380466038572,None
2026-09-01 14:09:00+00:00,16.69,20.7,2524.2,0.35,58.92,False,0,False,0.10536643285019753,None
2026-09-01 14:10:00+00:00,16.29,22.25,2764.12,0.0,59.77,False,0,False,0.15899493056370428,None
2026-09-01 14:11:00+00:00,17.26,17.25,2697.51,0.0,20.8,False,0,False,0.2610544141405051,None
2026-09-01 14:12:00+00:00,11.94,12.0,2794.07,0.0,85.65,False,0,False,0.08832205469942056,None
2026-09-01 14:13:00+00:00,14.39,17.54,2457.11,0.0,20.43,False,0,False,0.24003327194078727,None
2026-09-01 14:14:00+00:00,15.09,13.21,2815.41,0.0,20.58,False,0,False,0.22567603980201528,None
2026-09-01 14:15:00+00:00,16.4,14.53,2751.1,0.0,78.28,False,0,False,0.14802316348823524,None
2026-09-01 14:16:00+00:00,15.4,19.81,2566.86,0.0,65.9,False,0,False,0.17133185224325453,None
2026-09-01 14:17:00+00:00,12.49,12.22,2611.37,0.14,19.85,False,0,False,0.2279712959471047,None
2026-09-01 14:18:00+00:00,10.98,12.13,2899.04,0.76,20.08,False,0,False,0.20647581894538708,None
2026-09-01 14:19:00+00:00,11.67,10.5,2816.37,0.0,20.64,False,0,False,0.23716308031590694,None
2026-09-01 14:20:00+00:00,15.17,16.94,2666.73,0.0,72.79,False,0,False,0.17304962919162598,None
2026-09-01 14:21:00+00:00,14.71,26.75,2491.17,0.49,58.85,False,0,False,0.04853413966952935,None
2026-09-01 14:22:00+00:00,19.63,23.47,2820.19,0.0,64.22,False,0,False,0.15474455209736115,None
2026-09-01 14:23:00+00:00,12.7,20.85,2560.89,0.0,20.41,False,0,False,0.22063220263363825,None
2026-09-01 14:24:00+00:00,16.45,20.69,2527.07,0.0,19.71,False,0,False,0.21253918856029935,None
2026-09-01 14:25:00+00:00,15.78,15.3,2472.39,0.5,20.71,False,0,False,0.16077869394056282,None
2026-09-01 14:26:00+00:00,15.12,18.95,2718.58,0.0,80.18,False,0,False,0.13963944670706374,None
2026-09-01 14:27:00+00:00,16.66,15.12,2730.99,0.46,20.16,False,0,False,0.239986801935489,None
2026-09-01 14:28:00+00:00,18.38,26.65,2635.57,0.0,84.11,False,0,False,0.07583488011099293,None
2026-09-01 14:29:00+00:00,12.94,13.45,2756.98,0.0,20.77,False,0,False,0.16216962599477863,None
2026-09-01 14:30:00+00:00,9.97,8.46,2315.33,0.74,67.25,False,0,False,0.05774047637693025,None
2026-09-01 14:31:00+00:00,22.39,25.89,2906.45,0.0,80.95,False,0,False,0.07571873599638879,None
2026-09-01 14:32:00+00:00,13.76,13.51,2730.39,0.33,20.08,False,0,False,0.20120772055138125,None
2026-09-01 14:33:00+00:00,13.87,18.65,2880.84,0.0,20.7,False,0,False,0.15803531649964647,None
2026-09-01 14:34:00+00:00,16.75,17.64,2829.55,0.0,20.28,False,0,False,0.25968032887609327,None
2026-09-01 14:35:00+00:00,14.94,18.02,2870.8,0.0,19.97,False,0,False,0.24882717635468826,None
2026-09-01 14:36:00+00:00,18.57,21.99,2656.64,0.97,20.69,True,1,False,0.13039848670748677,Z-Score
2026-09-01 14:37:00+00:00,15.5,19.51,2483.4,0.0,20.6,False,0,False,0.23993498923643225,None
2026-09-01 14:38:00+00:00,15.72,23.48,2550.46,0.17,20.65,False,0,False,0.22188780187633472,None
2026-09-01 14:39:00+00:00,11.09,14.35,2848.56,0.0,21.12,False,0,False,0.1951415944190925,None
2026-09-01 14:40:00+00:00,15.23,18.75,2812.54,0.44,20.7,False,0,False,0.1934723584386459,None
2026-09-01 14:41:00+00:00,15.41,15.85,3089.54,0.0,72.47,False,0,False,0.16570146964979832,None
2026-09-01 14:42:00+00:00,18.47,18.49,2771.83,1.04,19.76,True,1,False,0.1562247593869392,Z-Score
2026-09-01 14:43:00+00:00,16.06,14.66,2567.89,0.0,58.89,False,0,False,0.17952797205798182,None
2026-09-01 14:44:00+00:00,15.1,19.92,2529.23,0.0,77.64,False,0,False,0.12295736317278072,None
2026-09-01 14:45:00+00:00,18.0,19.32,2583.02,0.0,77.03,False,0,False,0.1384694021863997,None
2026-09-01 14:46:00+00:00,16.24,19.25,2807.61,0.0,19.65,False,0,False,0.24184391443851916,None
2026-09-01 14:47:00+00:00,14.24,18.71,2592.76,0.0,20.74,False,0,False,0.25009373689533676,None
2026-09-01 14:48:00+00:00,13.86,17.56,2627.42,0.0,20.09,False,0,False,0.22484829828994007,None
2026-09-01 14:49:00+00:00,19.13,26.37,2612.27,1.3,19.78,True,1,False,0.09338734351895728,Z-Score
2026-09-01 14:50:00+00:00,15.67,14.75,2872.21,0.43,19.72,False,0,False,0.2397969084834628,None
2026-09-01 14:51:00+00:00,12.99,14.29,2723.44,0.0,65.94,False,0,False,0.1644711332614417,None
2026-09-01 14:52:00+00:00,14.95,14.4,2654.89,0.0,59.39,False,0,False,0.16883023572458922,None
2026-09-01 14:53:00+00:00,15.8,15.96,2739.63,0.0,78.96,False,0,False,0.15595145726978998,None
2026-09-01 14:54:00+00:00,12.76,14.9,2632.61,1.27,58.96,True,1,False,0.0886138052901777,Z-Score
2026-09-01 14:55:00+00:00,15.34,16.68,2601.99,0.0,20.05,False,0,False,0.24260009163151885,None
2026-09-01 14:56:00+00:00,17.41,18.73,2866.01,0.16,63.11,False,0,False,0.14623203060346407,None
2026-09-01 14:57:00+00:00,19.63,19.88,2715.98,0.0,20.82,False,0,False,0.23817547084644713,None
2026-09-01 14:58:00+00:00,20.47,22.41,2725.75,0.0,20.56,False,0,False,0.23741027018380878,None
2026-09-01 14:59:00+00:00,11.24,7.5,2820.81,0.0,20.99,False,0,False,0.18447235823236596,None
2026-09-01 15:00:00+00:00,13.81,12.49,2771.93,0.0,77.46,False,0,False,0.11749125000565763,None
2026-09-01 15:01:00+00:00,13.29,16.38,2481.13,0.0,21.13,False,0,False,0.25175786087980806,None
2026-09-01 15:02:00+00:00,16.4,19.22,2515.71,0.0,20.12,False,0,False,0.21998408379005668,None
2026-09-01 15:03:00+00:00,8.7,8.27,2612.15,0.0,75.67,False,0,False,0.06546873224153904,None
2026-09-01 15:04:00+00:00,19.97,25.81,2572.38,0.08,19.92,False,0,False,0.21083375179912556,None
2026-09-01 15:05:00+00:00,13.63,12.25,2813.02,0.0,20.8,False,0,False,0.18629173582596187,None
2026-09-01 15:06:00+00:00,13.51,18.83,2461.13,0.57,19.82,False,0,False,0.18147360070004132,None
2026-09-01 15:07:00+00:00,15.36,12.29,2636.8,0.0,20.0,False,0,False,0.2246246103560426,None
2026-09-01 15:08:00+00:00,15.29,15.32,2713.93,0.31,67.95,False,0,False,0.14502969652920622,None
2026-09-01 15:09:00+00:00,11.13,13.32,2510.51,0.0,53.34,False,0,False,0.11841043506043036,None
2026-09-01 15:10:00+00:00,11.56,10.23,2746.73,0.0,20.06,False,0,False,0.20287008333778372,None
2026-09-01 15:11:00+00:00,14.3,17.93,2715.72,0.0,52.36,False,0,False,0.19876978445756266,None
2026-09-01 15:12:00+00:00,13.14,17.14,2719.82,0.0,56.92,False,0,False,0.18952627188221532,None
2026-09-01 15:13:00+00:00,20.59,23.68,2680.88,0.35,20.41,False,0,False,0.1496001152340739,None
2026-09-01 15:14:00+00:00,17.65,21.82,2512.16,0.0,52.66,False,0,False,0.1915724906197357,None
2026-09-01 15:15:00+00:00,19.98,19.52,2808.7,0.0,20.08,False,0,False,0.24250414658094877,None
2026-09-01 15:16:00+00:00,15.89,20.29,2910.64,0.0,21.01,False,0,False,0.2411737293816742,None
2026-09-01 15:17:00+00:00,12.23,14.34,2729.62,0.0,20.36,False,0,False,0.2622065565954757,None
2026-09-01 15:18:00+00:00,19.36,24.34,2844.02,0.0,64.38,False,0,False,0.1400006987092134,None
2026-09-01 15:19:00+00:00,15.85,18.98,2645.09,0.0,20.82,False,0,False,0.21409098483987937,None
2026-09-01 15:20:00+00:00,17.32,22.27,2621.89,0.0,68.33,False,0,False,0.14624593063333446,None
2026-09-01 15:21:00+00:00,19.42,18.01,2629.18,0.0,72.63,False,0,False,0.13769589540723048,None
2026-09-01 15:22:00+00:00,15.81,21.47,2508.48,0.61,21.1,False,0,False,0.19878474513554206,None
2026-09-01 15:23:00+00:00,20.03,22.82,2865.58,0.0,72.9,False,0,False,0.12334092456463819,None
2026-09-01 15:24:00+00:00,12.78,13.75,2508.94,0.28,20.37,False,0,False,0.20528993875684154,None
2026-09-01 15:25:00+00:00,14.4,15.06,2739.96,0.0,70.27,False,0,False,0.11846239662196612,None
2026-09-01 15:26:00+00:00,17.55,16.65,2907.52,0.0,67.63,False,0,False,0.17492970473246988,None
2026-09-01 15:27:00+00:00,13.88,17.94,2476.57,0.0,50.43,False,0,False,0.16119311344960557,None
2026-09-01 15:28:00+00:00,15.47,18.75,2672.48,0.0,65.12,False,0,False,0.12560354597055434,None
2026-09-01 15:29:00+00:00,15.25,17.53,2481.37,0.78,58.91,False,0,False,0.1272325296355764,None
2026-09-01 15:30:00+00:00,14.07,14.63,2634.12,0.0,68.71,False,0,False,0.1755963660817832,None
2026-09-01 15:31:00+00:00,16.78,16.46,2732.0,1.25,21.04,True,1,False,0.11019567720195678,Z-Score
2026-09-01 15:32:00+00:00,11.64,11.9,2860.03,0.09,54.96,False,0,False,0.17224732716648244,None
2026-09-01 15:33:00+00:00,18.25,20.69,2936.59,0.0,20.5,False,0,False,0.2696432651061864,None
2026-09-01 15:34:00+00:00,14.76,16.5,2837.53,0.41,56.95,False,0,False,0.15682569703932492,None
2026-09-01 15:35:00+00:00,19.82,27.9,2773.24,0.0,20.5,False,0,False,0.22330031214047807,None
2026-09-01 15:36:00+00:00,13.33,15.38,2624.39,0.0,20.87,False,0,False,0.16300630120114162,None
2026-09-01 15:37:00+00:00,15.8,16.98,2618.27,0.0,60.27,False,0,False,0.19407885591163848,None
2026-09-01 15:38:00+00:00,18.19,20.44,2738.88,0.0,63.08,False,0,False,0.17586426471488897,None
2026-09-01 15:39:00+00:00,16.61,21.73,2690.14,0.0,20.38,False,0,False,0.25281499675936014,None
2026-09-01 15:40:00+00:00,14.28,13.02,2660.06,0.23,58.72,False,0,False,0.10688352486493158,None
2026-09-01 15:41:00+00:00,15.94,23.63,2787.35,0.0,20.2,False,0,False,0.17282015678671547,None
2026-09-01 15:42:00+00:00,14.99,19.29,2730.71,0.26,46.97,False,0,False,0.18109924694531288,None
2026-09-01 15:43:00+00:00,11.5,11.92,2775.47,0.0,65.42,False,0,False,0.16349477581321326,None
2026-09-01 15:44:00+00:00,14.2,16.15,2741.27,0.57,20.2,False,0,False,0.23647272302648803,None
2026-09-01 15:45:00+00:00,17.56,22.91,2715.73,0.0,21.04,False,0,False,0.21147648485333087,None
2026-09-01 15:46:00+00:00,15.46,15.4,2716.78,0.0,20.22,False,0,False,0.2599759501620273,None
2026-09-01 15:47:00+00:00,14.98,18.97,2926.45,0.0,52.1,False,0,False,0.2087128005028891,None
2026-09-01 15:48:00+00:00,15.35,19.13,2593.27,0.0,62.41,False,0,False,0.16619385011131543,None
2026-09-01 15:49:00+00:00,18.63,21.46,2582.39,0.0,20.84,False,0,False,0.25811161966314655,None
2026-09-01 15:50:00+00:00,16.85,23.07,2798.33,0.0,20.18,False,0,False,0.22365999037689027,None
2026-09-01 15:51:00+00:00,12.8,20.13,2553.7,0.0,61.87,False,0,False,0.1360737195160403,None
2026-09-01 15:52:00+00:00,16.51,17.57,2872.47,0.0,48.64,False,0,False,0.18885773333250155,None
2026-09-01 15:53:00+00:00,9.5,11.81,2786.15,0.0,50.33,False,0,False,0.11723635593774218,None
2026-09-01 15:54:00+00:00,18.08,15.39,2743.16,0.0,21.0,False,0,False,0.24244377182921223,None
2026-09-01 15:55:00+00:00,12.21,10.9,2710.81,0.0,45.69,False,0,False,0.17184602747035255,None
2026-09-01 15:56:00+00:00,15.98,21.15,2719.27,0.0,51.85,False,0,False,0.21116857526114113,None
2026-09-01 15:57:00+00:00,19.62,23.59,2611.69,0.34,21.13,False,0,False,0.1476004556532295,None
2026-09-01 15:58:00+00:00,13.99,17.19,2650.17,0.0,47.32,False,0,False,0.20086648968670145,None
2026-09-01 15:59:00+00:00,17.14,22.83,2771.53,1.33,21.09,True,1,False,0.1290577166935143,Z-Score
2026-09-01 16:00:00+00:00,17.03,16.55,2708.0,0.0,56.86,False,0,False,0.1800246379198167,None
2026-09-01 16:01:00+00:00,15.19,18.99,2736.68,0.0,46.42,False,0,False,0.21153098702804363,None
2026-09-01 16:02:00+00:00,15.71,19.88,2385.47,0.0,62.41,False,0,False,0.1565084689199676,None
2026-09-01 16:03:00+00:00,13.51,17.64,2782.38,0.0,19.97,False,0,False,0.27013004982943334,None
2026-09-01 16:04:00+00:00,17.77,21.09,2554.56,0.0,19.87,False,0,False,0.26366738512409627,None
2026-09-01 16:05:00+00:00,12.61,14.51,2768.34,0.0,59.19,False,0,False,0.18545093982432337,None
2026-09-01 16:06:00+00:00,14.26,20.08,2853.04,0.0,20.23,False,0,False,0.259761247951488,None
2026-09-01 16:07:00+00:00,13.47,14.48,2548.29,0.0,20.87,False,0,False,0.22575145754116105,None
2026-09-01 16:08:00+00:00,19.36,19.8,2611.64,0.0,20.25,False,0,False,0.27127314111773765,None
2026-09-01 16:09:00+00:00,15.32,17.87,2899.65,0.83,21.11,False,0,False,0.21766095965871374,None
2026-09-01 16:10:00+00:00,12.17,12.38,2905.01,0.0,44.78,False,0,False,0.19894850184381518,None
2026-09-01 16:11:00+00:00,14.34,18.75,2713.11,0.0,20.0,False,0,False,0.25708745514655257,None
2026-09-01 16:12:00+00:00,12.72,16.16,2782.92,0.0,47.36,False,0,False,0.16703847558766077,None
2026-09-01 16:13:00+00:00,18.22,19.02,2516.0,0.21,20.42,False,0,False,0.22475797659945507,None
2026-09-01 16:14:00+00:00,11.98,12.59,2722.34,0.71,57.65,False,0,False,0.12669938600043862,None
2026-09-01 16:15:00+00:00,13.34,14.15,2861.11,0.0,20.78,False,0,False,0.2663626512071566,None
2026-09-01 16:16:00+00:00,16.37,17.19,2830.53,0.0,57.92,False,0,False,0.20048597928137102,None
2026-09-01 16:17:00+00:00,12.12,12.46,2670.78,0.0,20.18,False,0,False,0.2070538989358625,None
2026-09-01 16:18:00+00:00,15.56,17.0,2871.6,0.22,19.8,False,0,False,0.25590916201659114,None
2026-09-01 16:19:00+00:00,19.09,21.47,2854.16,0.0,20.7,False,0,False,0.2393350847488787,None
2026-09-01 16:20:00+00:00,11.86,13.65,2751.77,0.0,21.03,False,0,False,0.2588444679100995,None
2026-09-01 16:21:00+00:00,14.44,20.39,2876.24,0.35,20.47,False,0,False,0.23816348153631312,None
2026-09-01 16:22:00+00:00,12.13,8.35,2696.49,0.0,20.17,False,0,False,0.19292623217347782,None
2026-09-01 16:23:00+00:00,11.6,12.08,2715.77,0.0,55.71,False,0,False,0.1760676248835139,None
2026-09-01 16:24:00+00:00,14.86,19.06,2652.22,0.14,21.01,False,0,False,0.23787675346453158,None
2026-09-01 16:25:00+00:00,17.56,22.74,2853.04,0.0,19.67,False,0,False,0.23734322421350262,None
2026-09-01 16:26:00+00:00,16.99,17.59,3010.84,0.0,54.99,False,0,False,0.2117315196949917,None
2026-09-01 16:27:00+00:00,16.55,17.64,2922.74,0.0,20.37,False,0,False,0.26820381915530844,None
2026-09-01 16:28:00+00:00,17.72,21.51,2997.71,0.0,20.28,False,0,False,0.26670413428702083,None
2026-09-01 16:29:00+00:00,13.64,12.64,2690.29,0.0,19.93,False,0,False,0.24785929298803305,None
2026-09-01 16:30:00+00:00,14.47,20.3,2715.91,0.2,19.98,False,0,False,0.2149930741296403,None
2026-09-01 16:31:00+00:00,13.35,10.1,2935.54,0.0,20.39,False,0,False,0.24373847980419983,None
2026-09-01 16:32:00+00:00,12.94,15.45,2732.74,0.0,20.37,False,0,False,0.2630454356957075,None
2026-09-01 16:33:00+00:00,12.96,14.61,2965.54,0.89,19.84,True,1,False,0.20742428926597656,Z-Score
2026-09-01 16:34:00+00:00,17.87,20.38,2899.58,0.0,20.46,False,0,False,0.2715548460451366,None
2026-09-01 16:35:00+00:00,14.76,17.44,2821.18,0.0,44.94,False,0,False,0.2207091899776898,None
2026-09-01 16:36:00+00:00,18.2,20.62,2782.17,0.0,20.74,False,0,False,0.25895913060406567,None
2026-09-01 16:37:00+00:00,14.24,21.72,3076.82,0.0,20.94,False,0,False,0.27021581446178433,None
2026-09-01 16:38:00+00:00,10.04,13.16,2585.65,0.0,39.24,False,0,False,0.1777414105884107,None
2026-09-01 16:39:00+00:00,14.21,20.74,2798.76,0.0,20.49,False,0,False,0.2605684238111718,None
2026-09-01 16:40:00+00:00,18.81,20.59,2677.11,0.0,20.27,False,0,False,0.2656551226057698,None
2026-09-01 16:41:00+00:00,16.77,18.34,2807.58,0.0,46.9,False,0,False,0.2241485904141312,None
2026-09-01 16:42:00+00:00,12.41,11.85,2862.56,0.49,19.9,False,0,False,0.21964930277233458,None
2026-09-01 16:43:00+00:00,15.0,16.4,2796.55,0.0,19.77,False,0,False,0.23385450983133382,None
2026-09-01 16:44:00+00:00,14.5,14.64,2703.7,0.59,44.85,False,0,False,0.17582697078013287,None
2026-09-01 16:45:00+00:00,11.75,17.88,2754.99,0.0,20.41,False,0,False,0.2460706557214979,None
2026-09-01 16:46:00+00:00,18.0,21.07,2653.45,0.0,20.5,False,0,False,0.26779799159893725,None
2026-09-01 16:47:00+00:00,11.81,12.9,2846.62,0.35,44.05,False,0,False,0.1778894864043153,None
2026-09-01 16:48:00+00:00,15.0,12.29,3119.19,1.24,41.89,True,1,False,0.11208665249326266,Z-Score
2026-09-01 16:49:00+00:00,18.63,26.69,2817.31,0.0,40.76,False,0,False,0.17986971119507716,None
2026-09-01 16:50:00+00:00,14.97,22.71,2784.09,0.0,20.21,False,0,False,0.26216208082958387,None
2026-09-01 16:51:00+00:00,16.42,20.79,3038.23,0.95,20.04,False,0,False,0.20141448822292135,None
2026-09-01 16:52:00+00:00,17.99,19.37,2774.43,0.0,21.0,False,0,False,0.2583312695278741,None
2026-09-01 16:53:00+00:00,13.15,13.68,2561.57,0.0,20.23,False,0,False,0.26582556103507465,None
2026-09-01 16:54:00+00:00,15.54,24.1,2749.42,0.0,19.64,False,0,False,0.2643641418521541,None
2026-09-01 16:55:00+00:00,15.46,19.02,2674.52,0.0,21.05,False,0,False,0.24828091351774406,None
2026-09-01 16:56:00+00:00,14.58,17.71,2691.62,0.0,20.78,False,0,False,0.2512972896429985,None
2026-09-01 16:57:00+00:00,14.57,16.13,2892.6,0.0,20.91,False,0,False,0.2717110555301403,None
2026-09-01 16:58:00+00:00,15.08,17.6,2796.57,0.0,42.68,False,0,False,0.23766457949452852,None
2026-09-01 16:59:00+00:00,11.27,11.34,2922.84,0.0,39.04,False,0,False,0.20536793628778627,None
2026-09-01 17:00:00+00:00,16.39,18.12,2779.93,0.0,48.16,False,0,False,0.2163611407261385,None
2026-09-01 17:01:00+00:00,16.96,19.15,2768.37,0.0,37.09,False,0,False,0.22246970331055416,None
2026-09-01 17:02:00+00:00,16.63,17.56,2458.06,0.99,20.73,True,1,False,0.17914319692144814,Z-Score
2026-09-01 17:03:00+00:00,13.95,20.87,2956.14,0.0,38.38,False,0,False,0.2017432542556657,None
2026-09-01 17:04:00+00:00,14.9,17.63,2860.93,0.0,20.5,False,0,False,0.2692716218384194,None
2026-09-01 17:05:00+00:00,11.96,11.89,2928.61,0.0,20.52,False,0,False,0.23224994160764512,None
2026-09-01 17:06:00+00:00,12.51,14.93,2855.97,0.0,35.9,False,0,False,0.20176888655437514,None
2026-09-01 17:07:00+00:00,16.31,20.54,2906.64,0.0,20.24,False,0,False,0.2832179631213796,None
2026-09-01 17:08:00+00:00,14.43,17.8,2997.26,0.0,20.17,False,0,False,0.27639767468944665,None
2026-09-01 17:09:00+00:00,18.7,27.91,3148.75,0.0,19.84,False,0,False,0.1794901680505786,None
2026-09-01 17:10:00+00:00,16.29,14.94,2840.48,0.0,20.9,False,0,False,0.2612853841425256,None
2026-09-01 17:11:00+00:00,18.1,19.83,3159.9,0.0,21.12,False,0,False,0.266917638531292,None
2026-09-01 17:12:00+00:00,12.68,13.28,3406.04,0.0,20.72,True,1,False,0.24768782464590144,Z-Score
2026-09-01 17:13:00+00:00,11.32,12.28,2923.82,0.0,42.96,False,0,False,0.20899499118381826,None
2026-09-01 17:14:00+00:00,13.99,15.01,2904.37,0.0,20.44,False,0,False,0.2561799747769604,None
2026-09-01 17:15:00+00:00,19.08,18.8,3042.99,0.0,20.38,False,0,False,0.2611043615030057,None
2026-09-01 17:16:00+00:00,12.14,17.62,2997.34,0.0,19.79,False,0,False,0.275325848526553,None
2026-09-01 17:17:00+00:00,9.98,9.62,3049.18,0.0,20.92,False,0,False,0.20411684146059478,None
2026-09-01 17:18:00+00:00,21.14,21.8,2854.91,0.0,42.57,False,0,False,0.2005764941177261,None
2026-09-01 17:19:00+00:00,12.91,17.73,3023.19,1.28,20.47,True,1,False,0.12575221380435242,Z-Score
2026-09-01 17:20:00+00:00,15.34,15.34,3206.98,0.0,38.31,False,0,False,0.2292561894653155,None
2026-09-01 17:21:00+00:00,16.12,19.94,2856.05,0.0,20.63,False,0,False,0.2737819653538597,None
2026-09-01 17:22:00+00:00,11.24,9.78,3007.71,0.0,20.57,False,0,False,0.2318167173604858,None
2026-09-01 17:23:00+00:00,16.11,17.51,2999.28,0.0,20.75,False,0,False,0.26871889916625696,None
2026-09-01 17:24:00+00:00,11.06,11.41,2825.08,0.0,33.25,False,0,False,0.2006790847738828,None
2026-09-01 17:25:00+00:00,16.97,17.04,2838.72,0.0,36.66,False,0,False,0.234054551495391,None
2026-09-01 17:26:00+00:00,17.29,20.43,2986.11,0.0,19.75,False,0,False,0.2749548457546788,None
2026-09-01 17:27:00+00:00,17.29,20.2,3066.19,0.27,19.93,False,0,False,0.20820621640144155,None
2026-09-01 17:28:00+00:00,14.87,23.07,2695.46,0.0,20.55,False,0,False,0.26318412167985505,None
2026-09-01 17:29:00+00:00,13.23,20.39,2989.86,0.0,38.22,False,0,False,0.2252577217853156,None
2026-09-01 17:30:00+00:00,18.04,22.54,2988.83,0.72,21.03,False,0,False,0.12881591488614663,None
2026-09-01 17:31:00+00:00,11.63,15.66,2736.97,0.0,20.18,False,0,False,0.27547636443379775,None
2026-09-01 17:32:00+00:00,12.78,13.26,3017.45,0.0,20.51,False,0,False,0.27493106266907513,None
2026-09-01 17:33:00+00:00,11.79,16.6,3226.47,0.0,19.99,False,0,False,0.25542841247532966,None
2026-09-01 17:34:00+00:00,11.2,14.15,2782.97,0.0,20.96,False,0,False,0.25924368120149366,None
2026-09-01 17:35:00+00:00,13.03,19.0,2911.76,0.53,33.73,False,0,False,0.19939532149235284,None
2026-09-01 17:36:00+00:00,14.92,18.16,2990.12,0.0,19.91,False,0,False,0.28685562716894447,None
2026-09-01 17:37:00+00:00,15.2,17.33,3085.26,0.0,19.77,False,0,False,0.267512548252952,None
2026-09-01 17:38:00+00:00,19.0,23.96,2906.75,0.0,20.11,False,0,False,0.20453996855031376,None
2026-09-01 17:39:00+00:00,17.33,18.99,3027.81,0.0,19.68,False,0,False,0.2843672547895098,None
2026-09-01 17:40:00+00:00,14.07,20.46,3030.67,0.0,31.77,False,0,False,0.23298194851295795,None
2026-09-01 17:41:00+00:00,18.36,24.57,2838.39,0.0,20.15,False,0,False,0.22737539849899213,None
2026-09-01 17:42:00+00:00,14.09,16.33,2917.0,0.48,33.88,False,0,False,0.2003641474944623,None
2026-09-01 17:43:00+00:00,14.58,13.44,3047.09,0.0,20.73,False,0,False,0.22910596333975847,None
2026-09-01 17:44:00+00:00,18.87,19.58,2846.54,0.0,20.99,False,0,False,0.28051050678303124,None
2026-09-01 17:45:00+00:00,11.36,12.71,2927.99,0.0,20.02,False,0,False,0.2656512254843298,None
2026-09-01 17:46:00+00:00,16.19,15.93,2802.95,0.0,20.86,False,0,False,0.2876427849984775,None
2026-09-01 17:47:00+00:00,15.67,15.02,3000.0,0.0,35.41,False,0,False,0.2251781480802133,None
2026-09-01 17:48:00+00:00,14.75,19.68,2968.18,0.0,20.24,False,0,False,0.2566668438998499,None
2026-09-01 17:49:00+00:00,16.84,19.83,3308.29,0.0,20.28,False,0,False,0.2633995634639569,None
2026-09-01 17:50:00+00:00,13.83,19.76,2772.32,0.44,21.06,False,0,False,0.2013283727373733,None
2026-09-01 17:51:00+00:00,14.47,22.78,3050.09,0.0,32.36,False,0,False,0.2305845160845984,None
2026-09-01 17:52:00+00:00,17.88,23.11,3092.88,0.7,19.73,False,0,False,0.219413032645129,None
2026-09-01 17:53:00+00:00,18.11,24.67,3163.57,1.1,33.12,True,1,False,0.12453783704937949,Z-Score
2026-09-01 17:54:00+00:00,15.61,14.17,3155.06,0.0,20.01,False,0,False,0.2305421368888685,None
2026-09-01 17:55:00+00:00,12.16,10.28,2998.11,0.58,33.29,False,0,False,0.16155394028689674,None
2026-09-01 17:56:00+00:00,14.37,16.3,2905.19,0.0,19.64,False,0,False,0.2593786637173443,None
2026-09-01 17:57:00+00:00,16.19,17.51,2894.32,0.0,19.82,False,0,False,0.286563771792095,None
2026-09-01 17:58:00+00:00,15.71,19.5,3031.23,0.0,21.03,False,0,False,0.271203206461122,None
2026-09-01 17:59:00+00:00,14.41,15.68,3270.85,0.0,29.83,False,0,False,0.24765580527822484,None
2026-09-01 18:00:00+00:00,13.41,16.51,2879.78,0.0,19.72,False,0,False,0.2815906099777769,None
2026-09-01 18:01:00+00:00,14.42,18.66,3188.11,0.0,20.74,False,0,False,0.2756630031030573,None
2026-09-01 18:02:00+00:00,12.43,13.72,3195.02,0.0,19.82,False,0,False,0.27380237004432884,None
2026-09-01 18:03:00+00:00,10.06,11.24,3070.5,0.39,20.51,False,0,False,0.2174473477935729,None
2026-09-01 18:04:00+00:00,14.7,17.47,3302.44,0.0,30.27,False,0,False,0.2524827300310843,None
2026-09-01 18:05:00+00:00,17.93,22.57,3275.76,0.0,29.69,False,0,False,0.21089830251363717,None
2026-09-01 18:06:00+00:00,14.94,15.35,3366.62,0.0,20.33,False,0,False,0.2689454076808628,None
2026-09-01 18:07:00+00:00,20.29,24.41,2958.85,0.18,28.0,False,0,False,0.2015285175550674,None
2026-09-01 18:08:00+00:00,11.33,11.2,2956.14,0.0,20.33,False,0,False,0.24464097979203747,None
2026-09-01 18:09:00+00:00,11.67,13.39,3053.41,0.24,31.14,False,0,False,0.20315687184789466,None
2026-09-01 18:10:00+00:00,15.15,22.87,3025.57,0.29,30.48,False,0,False,0.215255179079144,None
2026-09-01 18:11:00+00:00,17.27,18.94,2789.0,0.0,21.04,False,0,False,0.26757024049693184,None
2026-09-01 18:12:00+00:00,17.87,25.16,2979.0,0.18,20.73,False,0,False,0.22235517337425498,None
2026-09-01 18:13:00+00:00,18.45,23.33,3097.74,0.0,26.3,False,0,False,0.24792562997884582,None
2026-09-01 18:14:00+00:00,18.51,20.4,2974.83,0.0,20.71,False,0,False,0.2576367123956236,None
2026-09-01 18:15:00+00:00,16.12,18.15,3122.83,0.58,27.99,False,0,False,0.22576370825268166,None
2026-09-01 18:16:00+00:00,9.9,15.77,3214.73,0.61,20.08,False,0,False,0.20906696179854528,None
2026-09-01 18:17:00+00:00,12.45,14.82,3220.75,0.0,20.14,False,0,False,0.2501605855113528,None
2026-09-01 18:18:00+00:00,14.71,20.01,3145.51,0.0,28.51,False,0,False,0.2595493240028704,None
2026-09-01 18:19:00+00:00,14.39,15.19,3333.88,0.56,25.6,False,0,False,0.21344044814133473,None
2026-09-01 18:20:00+00:00,12.76,12.25,2947.58,1.11,26.99,True,1,False,0.1701849631665302,Z-Score
2026-09-01 18:21:00+00:00,17.84,20.92,3298.28,0.61,20.62,False,0,False,0.17688705716536496,None
2026-09-01 18:22:00+00:00,17.63,17.34,2767.43,0.0,20.14,False,0,False,0.2660907154418494,None
2026-09-01 18:23:00+00:00,11.51,11.01,2980.25,0.0,20.02,False,0,False,0.24756192555181705,None
2026-09-01 18:24:00+00:00,20.31,23.47,3233.48,0.0,20.34,False,0,False,0.24876869833337117,None
2026-09-01 18:25:00+00:00,14.07,16.02,3174.61,0.08,26.32,False,0,False,0.2471668098364393,None
2026-09-01 18:26:00+00:00,16.56,16.76,3203.64,0.0,20.68,False,0,False,0.27003910934598274,None
2026-09-01 18:27:00+00:00,12.34,10.6,3382.93,0.0,20.1,False,0,False,0.1989220816615776,None
2026-09-01 18:28:00+00:00,12.48,12.19,2948.76,0.8,20.16,False,0,False,0.19229221103318944,None
2026-09-01 18:29:00+00:00,13.42,17.54,3020.93,0.0,19.92,False,0,False,0.2798070190547145,None
2026-09-01 18:30:00+00:00,15.11,16.62,3220.15,1.02,25.59,False,0,False,0.1886506218753391,None
2026-09-01 18:31:00+00:00,10.85,11.45,3155.76,0.0,24.18,False,0,False,0.22541511753101212,None
2026-09-01 18:32:00+00:00,18.66,25.2,3260.27,0.0,26.59,False,0,False,0.22655860080553708,None
2026-09-01 18:33:00+00:00,15.57,19.08,3004.95,0.0,26.05,False,0,False,0.2426930347110336,None
2026-09-01 18:34:00+00:00,16.23,18.62,3362.03,0.0,25.93,False,0,False,0.24480119545927437,None
2026-09-01 18:35:00+00:00,8.44,13.72,3228.21,0.0,25.12,False,0,False,0.22238842911254603,None
2026-09-01 18:36:00+00:00,12.66,14.15,3240.76,0.0,24.0,False,0,False,0.22215577599330422,None
2026-09-01 18:37:00+00:00,14.6,16.5,3160.02,0.09,24.71,False,0,False,0.24095256005731314,None
2026-09-01 18:38:00+00:00,16.67,22.71,3273.72,0.0,22.95,False,0,False,0.24995693946049663,None
2026-09-01 18:39:00+00:00,14.19,14.3,3129.55,0.0,20.05,False,0,False,0.27949281725361297,None
2026-09-01 18:40:00+00:00,16.31,22.55,3146.64,0.0,20.0,False,0,False,0.26736580729316217,None
2026-09-01 18:41:00+00:00,10.5,12.28,3395.08,0.81,24.45,False,0,False,0.16301507783395403,None
2026-09-01 18:42:00+00:00,11.51,13.58,3287.27,0.0,20.07,False,0,False,0.2606334011519047,None
2026-09-01 18:43:00+00:00,17.24,17.09,3138.39,0.0,24.29,False,0,False,0.2561657277155877,None
2026-09-01 18:44:00+00:00,17.16,18.94,3172.99,0.0,23.15,False,0,False,0.2680242157991636,None
2026-09-01 18:45:00+00:00,17.64,21.23,3281.07,0.0,23.51,False,0,False,0.21908482753614866,None
2026-09-01 18:46:00+00:00,18.17,16.96,3340.89,0.0,23.7,False,0,False,0.2274753000131713,None
2026-09-01 18:47:00+00:00,14.46,18.57,3228.08,0.0,22.97,False,0,False,0.2658470511329632,None
2026-09-01 18:48:00+00:00,14.26,16.06,2892.06,0.0,20.83,False,0,False,0.28298093475410374,None
2026-09-01 18:49:00+00:00,12.38,11.26,3050.34,0.0,20.75,False,0,False,0.2529351048237852,None
2026-09-01 18:50:00+00:00,21.57,24.56,3310.68,0.09,20.61,False,0,False,0.2273041651348403,None
2026-09-01 18:51:00+00:00,16.88,19.4,3263.42,0.0,22.82,False,0,False,0.25570191652020835,None
2026-09-01 18:52:00+00:00,13.76,16.75,3408.58,0.0,21.74,False,0,False,0.26756427965963697,None
2026-09-01 18:53:00+00:00,17.79,17.67,3194.7,0.04,21.62,False,0,False,0.2583168876443602,None
2026-09-01 18:54:00+00:00,12.82,17.02,3340.11,0.23,22.71,False,0,False,0.23262468084528148,None
2026-09-01 18:55:00+00:00,19.34,22.06,3252.01,0.0,21.0,False,0,False,0.25680322478320183,None
2026-09-01 18:56:00+00:00,16.55,16.95,3213.63,0.0,21.54,False,0,False,0.2746155976454599,None
2026-09-01 18:57:00+00:00,11.07,13.53,3283.03,0.0,19.95,False,0,False,0.2485426542635828,None
2026-09-01 18:58:00+00:00,14.09,13.77,3213.33,0.0,20.33,False,0,False,0.2756127533872929,None
2026-09-01 18:59:00+00:00,12.62,18.92,3277.22,0.86,20.06,False,0,False,0.20018433971036226,None
2026-09-01 19:00:00+00:00,14.59,18.25,3385.86,0.0,21.22,False,0,False,0.261944099201022,None
2026-09-01 19:01:00+00:00,16.88,22.36,3429.77,0.0,21.47,False,0,False,0.2422171994869658,None
2026-09-01 19:02:00+00:00,10.39,16.0,3197.58,0.0,21.01,False,0,False,0.2598605214270013,None
2026-09-01 19:03:00+00:00,12.56,10.1,3290.93,0.0,19.98,False,0,False,0.22783603465403435,None
2026-09-01 19:04:00+00:00,13.22,14.02,3094.44,0.0,20.97,False,0,False,0.26847890656761014,None
2026-09-01 19:05:00+00:00,16.02,16.97,3264.07,0.0,20.03,False,0,False,0.26989177364770706,None
2026-09-01 19:06:00+00:00,13.87,13.23,3356.73,0.0,20.43,False,0,False,0.22714258386718006,None
2026-09-01 19:07:00+00:00,22.56,22.37,3189.21,0.0,20.33,False,0,False,0.23784500846250284,None
2026-09-01 19:08:00+00:00,21.06,22.11,3275.79,0.0,20.24,False,0,False,0.22517961112824253,None
2026-09-01 19:09:00+00:00,15.41,17.04,3278.67,0.0,20.22,False,0,False,0.26221486528720755,None
2026-09-01 19:10:00+00:00,20.43,23.74,3220.74,0.0,20.29,False,0,False,0.2514823236144851,None
2026-09-01 19:11:00+00:00,14.42,20.34,3091.75,0.0,19.99,False,0,False,0.25879330330680717,None
2026-09-01 19:12:00+00:00,15.96,17.26,3305.37,0.0,20.73,False,0,False,0.27568764367691373,None
2026-09-01 19:13:00+00:00,14.24,12.5,3154.09,0.0,19.86,False,0,False,0.2697940728566286,None
2026-09-01 19:14:00+00:00,15.8,17.54,3289.55,0.0,20.72,False,0,False,0.2767315937031996,None
2026-09-01 19:15:00+00:00,14.91,17.51,3329.11,0.0,20.43,False,0,False,0.27516128812249085,None
2026-09-01 19:16:00+00:00,16.5,15.23,3334.56,0.0,21.07,False,0,False,0.2726435853100991,None
2026-09-01 19:17:00+00:00,17.65,17.39,3295.44,0.0,19.63,False,0,False,0.259905340907136,None
2026-09-01 19:18:00+00:00,16.12,17.39,3389.24,0.06,21.13,False,0,False,0.2588218755073706,None
2026-09-01 19:19:00+00:00,17.72,20.39,3193.78,0.29,19.63,False,0,False,0.2250039907096958,None
2026-09-01 19:20:00+00:00,17.73,16.9,3233.38,0.0,19.63,False,0,False,0.2417659045924307,None
2026-09-01 19:21:00+00:00,15.54,14.26,3162.27,0.0,20.39,False,0,False,0.2737534995054975,None
2026-09-01 19:22:00+00:00,16.87,15.82,3294.31,0.84,20.15,True,1,False,0.2142525722904432,Z-Score
2026-09-01 19:23:00+00:00,17.71,13.4,3572.19,0.0,19.63,False,0,False,0.23028972670274916,None
2026-09-01 19:24:00+00:00,15.51,18.45,3119.34,0.0,19.63,False,0,False,0.2808309016590327,None
2026-09-01 19:25:00+00:00,13.52,19.39,3321.75,0.0,20.8,False,0,False,0.2573876969925967,None
2026-09-01 19:26:00+00:00,18.42,20.44,2927.69,0.32,19.63,False,0,False,0.253042154508827,None
2026-09-01 19:27:00+00:00,17.45,19.88,3101.38,0.0,19.63,False,0,False,0.2696348770249762,None
2026-09-01 19:28:00+00:00,17.0,24.07,3200.42,0.0,19.63,False,0,False,0.2576567189082627,None
2026-09-01 19:29:00+00:00,13.4,17.31,3282.59,0.0,19.63,False,0,False,0.2657504411182691,None
2026-09-01 19:30:00+00:00,16.61,19.02,3485.68,0.0,19.63,False,0,False,0.2463168387835999,None
2026-09-01 19:31:00+00:00,18.96,23.32,3440.81,1.08,20.68,True,1,False,0.168281349987061,Z-Score
2026-09-01 19:32:00+00:00,16.81,15.12,3030.12,0.0,20.88,False,0,False,0.2837358359914678,None
2026-09-01 19:33:00+00:00,12.6,16.73,3406.73,0.76,20.7,False,0,False,0.1826178256979954,None
2026-09-01 19:34:00+00:00,18.07,22.06,3273.03,0.0,19.63,False,0,False,0.25447170235973,None
2026-09-01 19:35:00+00:00,14.45,18.93,3388.61,0.0,19.63,False,0,False,0.26180644610090276,None
2026-09-01 19:36:00+00:00,15.16,14.66,3473.31,0.0,20.59,False,0,False,0.2633200897082455,None
2026-09-01 19:37:00+00:00,13.98,16.53,3470.99,0.0,20.43,False,0,False,0.2650157296709081,None
2026-09-01 19:38:00+00:00,12.95,17.08,3019.83,0.67,19.63,False,0,False,0.22381832899706489,None
2026-09-01 19:39:00+00:00,21.85,20.74,3550.54,0.0,19.63,False,0,False,0.21442159096441582,None
2026-09-01 19:40:00+00:00,14.43,16.26,3499.99,0.0,19.63,False,0,False,0.2617048415358753,None
2026-09-01 19:41:00+00:00,11.88,15.08,3461.55,0.0,19.63,False,0,False,0.24941159935282825,None
2026-09-01 19:42:00+00:00,13.79,15.45,2978.63,0.0,20.39,False,0,False,0.2779657878568516,None
2026-09-01 19:43:00+00:00,12.88,11.44,3381.02,0.0,20.14,False,0,False,0.24464769993790897,None
2026-09-01 19:44:00+00:00,12.35,15.07,3362.72,0.48,20.61,False,0,False,0.22331054084447782,None
2026-09-01 19:45:00+00:00,13.63,10.76,3355.38,0.0,19.71,False,0,False,0.1975857452766518,None
2026-09-01 19:46:00+00:00,8.0,10.7,3611.0,0.7,19.63,False,0,False,0.14861653587172352,None
2026-09-01 19:47:00+00:00,18.31,23.33,3337.19,0.0,19.8,False,0,False,0.23778239857554595,None
2026-09-01 19:48:00+00:00,14.3,12.69,3412.68,0.0,20.84,False,0,False,0.18303549758270876,None
2026-09-01 19:49:00+00:00,15.58,15.46,3335.71,0.0,19.63,False,0,False,0.2744941285178546,None
2026-09-01 19:50:00+00:00,13.02,11.47,3409.33,0.0,20.05,False,0,False,0.23712194495243877,None
2026-09-01 19:51:00+00:00,15.64,19.36,3374.06,0.0,20.99,False,0,False,0.2712419374720745,None
2026-09-01 19:52:00+00:00,16.08,15.02,3318.72,0.0,20.5,False,0,False,0.2737380944163636,None
2026-09-01 19:53:00+00:00,12.76,12.95,3755.32,0.0,19.63,True,1,False,0.2133069943198832,Z-Score
2026-09-01 19:54:00+00:00,10.37,19.95,3034.99,0.83,19.72,False,0,False,0.20846584911731708,None
2026-09-01 19:55:00+00:00,19.03,24.6,3293.55,0.0,20.36,False,0,False,0.2550165035459554,None
2026-09-01 19:56:00+00:00,14.73,17.29,3339.45,1.62,19.63,True,1,False,0.1650948210410454,Z-Score
2026-09-01 19:57:00+00:00,16.61,16.41,2949.01,0.0,19.63,False,0,False,0.2685344944303437,None
2026-09-01 19:58:00+00:00,14.42,16.09,3308.02,0.0,19.63,False,0,False,0.2761539756250519,None
2026-09-01 19:59:00+00:00,15.49,14.44,3349.21,0.67,19.63,False,0,False,0.23482706045790885,None
2026-09-01 20:00:00+00:00,11.18,13.07,3257.98,0.0,19.79,False,0,False,0.2361570015923209,None
2026-09-01 20:01:00+00:00,13.51,14.29,3184.08,0.42,20.89,False,0,False,0.24811450997375983,None
2026-09-01 20:02:00+00:00,14.4,19.9,2986.1,0.0,20.57,False,0,False,0.2736694156148279,None
2026-09-01 20:03:00+00:00,14.76,18.12,3303.57,0.0,19.63,False,0,False,0.26973858167468173,None
2026-09-01 20:04:00+00:00,18.65,20.49,3294.51,0.0,21.1,False,0,False,0.2657542409303696,None
2026-09-01 20:05:00+00:00,15.54,20.24,3317.2,1.44,20.19,True,1,False,0.15843451909642325,Z-Score
2026-09-01 20:06:00+00:00,15.79,16.73,3411.72,0.0,19.63,False,0,False,0.26162366788816704,None
2026-09-01 20:07:00+00:00,14.01,13.77,3328.0,0.0,19.92,False,0,False,0.2552109800591629,None
2026-09-01 20:08:00+00:00,13.46,20.71,3216.75,0.0,19.63,False,0,False,0.2473995463845744,None
2026-09-01 20:09:00+00:00,16.95,19.87,2986.07,0.0,20.57,False,0,False,0.2847041597238738,None
2026-09-01 20:10:00+00:00,14.37,17.51,3315.62,1.06,21.02,False,0,False,0.19360339356721284,None
2026-09-01 20:11:00+00:00,19.0,21.06,3671.95,0.0,20.68,False,0,False,0.2231686893725644,None
2026-09-01 20:12:00+00:00,15.09,12.55,3443.08,0.0,19.63,False,0,False,0.2555387834255673,None
2026-09-01 20:13:00+00:00,15.83,19.1,3194.2,0.0,20.49,False,0,False,0.28323169062777837,None
2026-09-01 20:14:00+00:00,16.05,15.36,3122.36,0.0,20.13,False,0,False,0.2829293061676669,None
2026-09-01 20:15:00+00:00,12.33,11.74,3299.5,0.0,19.67,False,0,False,0.2530013195571786,None
2026-09-01 20:16:00+00:00,16.21,22.12,3609.97,0.0,19.63,False,0,False,0.20138695487032904,None
2026-09-01 20:17:00+00:00,17.08,22.61,3235.88,0.22,19.63,False,0,False,0.2472033357924206,None
2026-09-01 20:18:00+00:00,13.86,14.32,3371.2,0.0,19.63,False,0,False,0.26914569926835963,None
2026-09-01 20:19:00+00:00,11.11,15.37,3122.43,0.0,19.63,False,0,False,0.26180616739119567,None
2026-09-01 20:20:00+00:00,18.46,22.26,3381.69,0.12,19.63,False,0,False,0.24325918108955302,None
2026-09-01 20:21:00+00:00,12.49,13.67,3251.24,0.0,19.63,False,0,False,0.25683785966464406,None
2026-09-01 20:22:00+00:00,10.11,11.21,3150.81,0.0,19.63,False,0,False,0.22269590856688398,None
2026-09-01 20:23:00+00:00,13.27,10.54,3459.51,0.0,20.29,False,0,False,0.23919703291471994,None
2026-09-01 20:24:00+00:00,21.83,22.05,3118.01,0.0,19.82,False,0,False,0.21874649334741997,None
2026-09-01 20:25:00+00:00,18.21,21.63,3218.44,0.0,19.96,False,0,False,0.26652492809803985,None
2026-09-01 20:26:00+00:00,13.83,17.1,3310.83,1.05,20.25,False,0,False,0.18777416225311677,None
2026-09-01 20:27:00+00:00,15.67,22.86,3410.03,0.14,19.75,False,0,False,0.23795293745052482,None
2026-09-01 20:28:00+00:00,17.77,25.79,3505.97,0.0,19.63,False,0,False,0.22572322005889844,None
2026-09-01 20:29:00+00:00,19.91,20.56,3203.85,0.0,19.63,False,0,False,0.2685686724851439,None
2026-09-01 20:30:00+00:00,14.65,16.96,3417.05,0.0,20.92,False,0,False,0.2726936159022113,None
2026-09-01 20:31:00+00:00,14.54,12.81,3431.9,0.0,19.63,False,0,False,0.25590445444188026,None
2026-09-01 20:32:00+00:00,16.77,24.81,3094.15,0.0,21.1,False,0,False,0.2454481802619476,None
2026-09-01 20:33:00+00:00,14.96,19.75,3261.25,0.0,21.04,False,0,False,0.2747732762304671,None
2026-09-01 20:34:00+00:00,18.46,22.23,3165.27,0.0,19.63,False,0,False,0.27076992417005563,None
2026-09-01 20:35:00+00:00,13.6,18.11,3147.9,0.34,20.91,False,0,False,0.2550113451618981,None
2026-09-01 20:36:00+00:00,17.35,25.2,3158.12,0.0,21.09,False,0,False,0.25932529777059293,None
2026-09-01 20:37:00+00:00,15.96,17.51,3307.04,0.0,21.07,False,0,False,0.25616748685762203,None
2026-09-01 20:38:00+00:00,19.12,21.92,3483.14,0.0,19.63,False,0,False,0.2192821124293552,None
2026-09-01 20:39:00+00:00,10.19,8.6,3142.07,0.64,19.63,False,0,False,0.18249964285287268,None
2026-09-01 20:40:00+00:00,20.41,22.71,3412.1,0.0,20.61,False,0,False,0.21930494253423455,None
2026-09-01 20:41:00+00:00,16.79,14.29,3136.43,0.0,19.63,False,0,False,0.27583201243781896,None
2026-09-01 20:42:00+00:00,17.84,24.07,3349.08,0.0,19.63,False,0,False,0.24739348876190193,None
2026-09-01 20:43:00+00:00,14.68,17.78,3059.81,0.0,19.63,False,0,False,0.2847813501454257,None
2026-09-01 20:44:00+00:00,14.04,16.25,3126.64,0.0,19.98,False,0,False,0.2620697021683919,None
2026-09-01 20:45:00+00:00,12.06,18.58,3011.65,0.0,19.63,False,0,False,0.2697013679608145,None
2026-09-01 20:46:00+00:00,15.55,17.56,3263.71,0.0,19.63,False,0,False,0.2785257324145208,None
2026-09-01 20:47:00+00:00,14.77,14.78,3320.05,0.0,20.22,False,0,False,0.23892696253185586,None
2026-09-01 20:48:00+00:00,17.78,20.19,3155.94,0.0,21.05,False,0,False,0.26858102223980734,None
2026-09-01 20:49:00+00:00,13.53,13.75,3184.57,0.0,19.63,False,0,False,0.27538318875275275,None
2026-09-01 20:50:00+00:00,17.8,18.27,3398.97,0.0,19.63,False,0,False,0.26286530813258924,None
2026-09-01 20:51:00+00:00,17.76,19.45,3203.88,0.0,19.63,False,0,False,0.22889875231560358,None
2026-09-01 20:52:00+00:00,13.54,13.52,3309.56,0.0,20.92,False,0,False,0.26570507412720795,None
2026-09-01 20:53:00+00:00,15.93,19.65,3061.07,0.16,20.95,False,0,False,0.2509504060947228,None
2026-09-01 20:54:00+00:00,15.42,17.66,3027.3,0.0,20.75,False,0,False,0.2857578032929312,None
2026-09-01 20:55:00+00:00,15.27,17.64,3168.49,0.0,19.63,False,0,False,0.28122731034089965,None
2026-09-01 20:56:00+00:00,10.8,18.46,3441.16,0.0,20.34,False,0,False,0.2145146774123488,None
2026-09-01 20:57:00+00:00,16.95,19.25,2962.78,0.0,19.76,False,0,False,0.27906072076593447,None
2026-09-01 20:58:00+00:00,15.89,17.36,3036.98,0.0,20.89,False,0,False,0.279036538448584,None
2026-09-01 20:59:00+00:00,18.23,20.41,3197.28,0.0,19.63,False,0,False,0.27267541076512514,None
2026-09-01 21:00:00+00:00,14.06,16.65,3134.81,0.39,19.63,False,0,False,0.2548993539442298,None
2026-09-01 21:01:00+00:00,21.26,23.56,3476.98,0.0,20.48,False,0,False,0.21553803418034695,None
2026-09-01 21:02:00+00:00,19.85,21.27,3473.5,0.0,20.57,False,0,False,0.18483775940343933,None
2026-09-01 21:03:00+00:00,13.74,14.21,3007.66,0.0,20.53,False,0,False,0.26052853917630214,None
2026-09-01 21:04:00+00:00,13.58,17.64,3156.94,0.15,19.7,False,0,False,0.26857415335024015,None
2026-09-01 21:05:00+00:00,15.77,14.88,3364.27,0.0,19.63,False,0,False,0.2561035212624788,None
2026-09-01 21:06:00+00:00,17.84,20.1,2970.72,0.0,19.63,False,0,False,0.28033727877448034,None
2026-09-01 21:07:00+00:00,13.29,12.74,3269.27,0.0,19.93,False,0,False,0.2415210918375335,None
2026-09-01 21:08:00+00:00,17.48,26.03,3205.51,0.0,20.15,False,0,False,0.24300206515583578,None
2026-09-01 21:09:00+00:00,13.95,19.44,3273.24,0.0,20.48,False,0,False,0.26800594109233583,None
2026-09-01 21:10:00+00:00,14.26,17.27,3460.4,0.0,19.63,False,0,False,0.22890064445024672,None
2026-09-01 21:11:00+00:00,12.44,16.75,3348.53,0.6,19.63,True,1,False,0.22076268483668882,Z-Score
2026-09-01 21:12:00+00:00,11.76,17.57,3222.73,0.25,20.56,False,0,False,0.23364387306938672,None
2026-09-01 21:13:00+00:00,19.3,19.95,3328.43,0.0,20.58,False,0,False,0.25472203250324604,None
2026-09-01 21:14:00+00:00,20.85,25.68,3071.28,0.0,20.12,False,0,False,0.24565129883002423,None
2026-09-01 21:15:00+00:00,12.34,17.61,3020.61,0.0,19.8,False,0,False,0.24606565400517938,None
2026-09-01 21:16:00+00:00,12.68,15.28,3167.35,0.0,19.63,False,0,False,0.25835375126970594,None
2026-09-01 21:17:00+00:00,14.88,20.42,3241.55,0.46,20.22,False,0,False,0.16831035565401847,None
2026-09-01 21:18:00+00:00,13.12,14.92,3178.15,0.0,20.14,False,0,False,0.27831728875171363,None
2026-09-01 21:19:00+00:00,13.87,16.52,3185.04,0.64,20.42,False,0,False,0.17931154792023124,None
2026-09-01 21:20:00+00:00,10.84,9.24,3147.12,0.0,19.63,False,0,False,0.20290312114942421,None
2026-09-01 21:21:00+00:00,15.52,23.89,3044.4,0.0,19.63,False,0,False,0.24837553509435922,None
2026-09-01 21:22:00+00:00,11.07,13.2,3038.11,1.2,19.63,True,1,False,0.17271831301121704,Z-Score
2026-09-01 21:23:00+00:00,17.72,22.09,3369.02,0.0,19.63,False,0,False,0.23846664323077726,None
2026-09-01 21:24:00+00:00,16.28,19.49,3395.4,0.0,20.15,False,0,False,0.24849704256261734,None
2026-09-01 21:25:00+00:00,16.48,18.81,2922.76,0.0,19.64,False,0,False,0.28723097312636287,None
2026-09-01 21:26:00+00:00,14.8,15.99,3113.71,0.58,19.63,False,0,False,0.24845732021939088,None
2026-09-01 21:27:00+00:00,14.68,17.34,3162.24,0.0,20.98,False,0,False,0.27846468356032883,None
2026-09-01 21:28:00+00:00,13.96,16.63,2932.83,0.0,19.63,False,0,False,0.2870164521318337,None
2026-09-01 21:29:00+00:00,14.85,18.15,3060.21,0.0,19.63,False,0,False,0.2713788836892534,None
2026-09-01 21:30:00+00:00,13.37,14.1,2991.03,0.0,19.66,False,0,False,0.28247301464121527,None
2026-09-01 21:31:00+00:00,16.96,23.06,3111.74,0.37,20.26,False,0,False,0.22160810609985476,None
2026-09-01 21:32:00+00:00,14.35,20.58,3186.23,0.0,19.63,False,0,False,0.2829748434675029,None
2026-09-01 21:33:00+00:00,14.87,17.27,3194.28,0.0,20.97,False,0,False,0.272040327636261,None
2026-09-01 21:34:00+00:00,13.01,12.97,3137.04,0.0,19.89,False,0,False,0.2112874047092096,None
2026-09-01 21:35:00+00:00,11.84,18.45,3433.3,0.0,19.63,False,0,False,0.22849941919082511,None
2026-09-01 21:36:00+00:00,14.54,18.13,3079.7,0.0,19.7,False,0,False,0.28429787473836426,None
2026-09-01 21:37:00+00:00,14.69,19.15,3288.47,0.0,20.8,False,0,False,0.2677470302246341,None
2026-09-01 21:38:00+00:00,16.33,16.0,2971.84,0.94,20.13,True,1,False,0.216432174973561,Z-Score
2026-09-01 21:39:00+00:00,13.82,16.67,3154.88,0.0,19.63,False,0,False,0.2769590044229712,None
2026-09-01 21:40:00+00:00,16.47,14.58,3289.66,0.0,19.63,False,0,False,0.2318972316895505,None
2026-09-01 21:41:00+00:00,11.3,17.46,3028.15,0.0,20.93,False,0,False,0.26051499348342505,None
2026-09-01 21:42:00+00:00,15.85,16.71,3069.98,0.0,20.46,False,0,False,0.28725995255170617,None
2026-09-01 21:43:00+00:00,18.3,22.79,3103.1,0.0,19.63,False,0,False,0.23640371867524124,None
2026-09-01 21:44:00+00:00,15.63,18.95,2984.06,0.6,19.63,False,0,False,0.25008952565878256,None
2026-09-01 21:45:00+00:00,14.48,19.95,3008.04,0.0,20.34,False,0,False,0.28275387608848823,None
2026-09-01 21:46:00+00:00,14.76,17.4,3324.12,0.0,19.79,False,0,False,0.2680249841794735,None
2026-09-01 21:47:00+00:00,17.12,21.82,3268.99,0.0,19.89,False,0,False,0.26929877928438567,None
2026-09-01 21:48:00+00:00,17.05,21.4,3159.84,0.0,19.63,False,0,False,0.2757580382925614,None
2026-09-01 21:49:00+00:00,19.46,21.75,3025.16,0.0,19.87,False,0,False,0.2511571002883198,None
2026-09-01 21:50:00+00:00,14.9,15.21,3064.14,0.0,20.01,False,0,False,0.2748099850292614,None
2026-09-01 21:51:00+00:00,15.33,16.08,3235.6,0.94,20.01,True,1,False,0.21413966342288737,Z-Score
2026-09-01 21:52:00+00:00,11.31,15.16,3124.51,0.0,19.63,False,0,False,0.25110910338901093,None
2026-09-01 21:53:00+00:00,9.55,9.46,2857.33,0.0,19.63,False,0,False,0.23434512667981766,None
2026-09-01 21:54:00+00:00,12.16,15.04,3032.26,0.0,19.63,False,0,False,0.2738929616534923,None
2026-09-01 21:55:00+00:00,16.33,20.88,3143.56,0.04,20.68,False,0,False,0.270277514013339,None
2026-09-01 21:56:00+00:00,13.22,15.21,2962.07,0.0,20.68,False,0,False,0.27249551013570483,None
2026-09-01 21:57:00+00:00,12.58,14.44,3029.91,0.0,19.63,False,0,False,0.26283219386269974,None
2026-09-01 21:58:00+00:00,14.79,22.21,3227.06,0.0,20.68,False,0,False,0.26831983124380404,None
2026-09-01 21:59:00+00:00,15.7,14.4,3302.28,0.0,20.09,False,0,False,0.24513965398929566,None
2026-09-01 22:00:00+00:00,13.16,14.84,2926.72,0.0,20.98,False,0,False,0.27930860519560385,None
2026-09-01 22:01:00+00:00,13.96,14.43,3040.16,0.0,19.63,False,0,False,0.2849192147798254,None
2026-09-01 22:02:00+00:00,12.28,13.11,3065.07,0.0,19.98,False,0,False,0.27415570597385025,None
2026-09-01 22:03:00+00:00,10.1,14.34,3277.18,0.0,19.63,False,0,False,0.24316582476581083,None
2026-09-01 22:04:00+00:00,18.63,21.5,2922.07,0.37,19.63,False,0,False,0.2232446407152443,None
2026-09-01 22:05:00+00:00,10.84,13.63,2960.66,0.0,19.68,False,0,False,0.2650799469658364,None
2026-09-01 22:06:00+00:00,16.56,24.61,3091.77,0.0,19.63,False,0,False,0.2634852785466604,None
2026-09-01 22:07:00+00:00,17.26,18.04,3295.17,0.0,19.77,False,0,False,0.2731725398342899,None
2026-09-01 22:08:00+00:00,14.5,13.18,3034.35,0.0,21.06,False,0,False,0.2528927416325713,None
2026-09-01 22:09:00+00:00,15.17,16.95,2906.6,0.38,19.82,False,0,False,0.26078281945371495,None
2026-09-01 22:10:00+00:00,17.3,23.31,3112.1,0.0,19.63,False,0,False,0.263347299395596,None
2026-09-01 22:11:00+00:00,13.82,20.49,3253.39,0.0,20.69,False,0,False,0.21652101076183988,None
2026-09-01 22:12:00+00:00,14.33,14.76,3006.04,0.0,20.57,False,0,False,0.28427982529142015,None
2026-09-01 22:13:00+00:00,12.34,16.44,2895.91,0.0,19.84,False,0,False,0.2737973351686683,None
2026-09-01 22:14:00+00:00,17.85,24.93,2888.55,0.0,20.54,False,0,False,0.21826387315339357,None
2026-09-01 22:15:00+00:00,11.0,16.41,3099.9,0.0,20.91,False,0,False,0.2697408521109512,None
2026-09-01 22:16:00+00:00,11.9,17.42,3003.94,0.0,19.71,False,0,False,0.2797253762539249,None
2026-09-01 22:17:00+00:00,15.04,18.1,3093.83,0.0,19.63,False,0,False,0.2847541355948244,None
2026-09-01 22:18:00+00:00,17.97,22.24,2910.57,0.0,20.19,False,0,False,0.26805583464964944,None
2026-09-01 22:19:00+00:00,16.9,23.64,3033.03,0.0,20.18,False,0,False,0.2638188510441059,None
2026-09-01 22:20:00+00:00,17.35,20.86,3099.02,0.6,20.94,False,0,False,0.22910702380957954,None
2026-09-01 22:21:00+00:00,19.62,17.42,2950.68,0.0,19.8,False,0,False,0.25660594338523046,None
2026-09-01 22:22:00+00:00,17.53,18.23,3094.34,0.0,20.56,False,0,False,0.2645037245142928,None
2026-09-01 22:23:00+00:00,17.09,20.22,2904.56,0.0,20.1,False,0,False,0.22945656272509068,None
2026-09-01 22:24:00+00:00,17.77,21.16,2635.44,0.22,20.13,True,1,False,0.25291819230977947,Z-Score
2026-09-01 22:25:00+00:00,17.32,18.31,3073.17,0.0,19.63,False,0,False,0.2831167772934401,None
2026-09-01 22:26:00+00:00,10.86,10.75,3106.48,0.0,19.63,False,0,False,0.19737949606190852,None
2026-09-01 22:27:00+00:00,19.12,26.0,2635.06,0.0,20.76,True,1,False,0.2427425263182601,Z-Score
2026-09-01 22:28:00+00:00,16.21,16.25,2963.93,0.83,19.63,True,1,False,0.213323278920789,Z-Score
2026-09-01 22:29:00+00:00,20.28,22.72,3080.24,0.0,20.59,False,0,False,0.26040697558994774,None
2026-09-01 22:30:00+00:00,15.76,13.53,2989.6,0.0,20.49,False,0,False,0.27650422472946556,None
2026-09-01 22:31:00+00:00,13.07,16.04,2748.82,0.0,20.93,False,0,False,0.2777354280111118,None
2026-09-01 22:32:00+00:00,11.67,13.02,3173.06,1.1,20.65,True,1,False,0.1764095566876926,Z-Score
2026-09-01 22:33:00+00:00,21.91,28.28,2890.73,0.0,19.63,False,0,False,0.22593518103096855,None
2026-09-01 22:34:00+00:00,15.85,18.47,2948.45,0.0,19.63,False,0,False,0.28116875311712186,None
2026-09-01 22:35:00+00:00,13.36,15.28,2716.18,0.0,19.63,False,0,False,0.27237761924522536,None
2026-09-01 22:36:00+00:00,16.69,24.1,2905.89,0.0,19.95,False,0,False,0.2627678862799659,None
2026-09-01 22:37:00+00:00,16.38,12.35,3162.79,0.0,19.82,False,0,False,0.2451866218762409,None
2026-09-01 22:38:00+00:00,15.42,19.54,2825.21,0.0,20.99,False,0,False,0.2643692648014107,None
2026-09-01 22:39:00+00:00,12.42,11.91,3074.06,0.0,19.91,False,0,False,0.27183593254628274,None
2026-09-01 22:40:00+00:00,14.62,15.29,2764.57,0.0,20.04,False,0,False,0.28178626285786096,None
2026-09-01 22:41:00+00:00,12.0,16.0,2885.26,0.0,19.63,False,0,False,0.2696409821302118,None
2026-09-01 22:42:00+00:00,10.67,13.45,3052.55,0.0,21.01,False,0,False,0.25589817347954774,None
2026-09-01 22:43:00+00:00,12.7,14.35,2818.6,0.0,19.63,False,0,False,0.2802191447666143,None
2026-09-01 22:44:00+00:00,14.39,21.01,2653.38,0.0,19.63,False,0,False,0.2648143083980684,None
2026-09-01 22:45:00+00:00,13.2,14.61,2884.89,0.0,19.63,False,0,False,0.23977824097574696,None
2026-09-01 22:46:00+00:00,15.13,15.54,3135.76,0.0,20.2,False,0,False,0.2667849948104819,None
2026-09-01 22:47:00+00:00,19.85,25.68,2766.24,0.44,20.07,False,0,False,0.16588850887367373,None
2026-09-01 22:48:00+00:00,15.42,18.81,3129.69,0.41,20.37,False,0,False,0.2552192243369203,None
2026-09-01 22:49:00+00:00,13.04,12.52,2704.38,0.0,20.46,False,0,False,0.2760071864766515,None
2026-09-01 22:50:00+00:00,18.61,23.1,2860.95,0.0,21.0,False,0,False,0.273442648200427,None
2026-09-01 22:51:00+00:00,16.22,20.79,2723.38,0.0,19.63,False,0,False,0.2802677369182244,None
2026-09-01 22:52:00+00:00,17.91,21.98,2893.29,0.0,19.63,False,0,False,0.2746116333270334,None
2026-09-01 22:53:00+00:00,17.75,21.31,2883.08,0.0,19.63,False,0,False,0.28056718290089877,None
2026-09-01 22:54:00+00:00,15.64,19.41,2872.03,0.0,20.91,False,0,False,0.24392523095196678,None
2026-09-01 22:55:00+00:00,13.58,10.58,2613.84,0.0,20.81,False,0,False,0.2460336541539388,None
2026-09-01 22:56:00+00:00,17.39,16.5,2889.78,0.0,20.08,False,0,False,0.2634670024106211,None
2026-09-01 22:57:00+00:00,16.59,28.08,3013.52,0.0,19.63,False,0,False,0.24035453940246804,None
2026-09-01 22:58:00+00:00,14.22,21.54,2885.26,0.0,20.64,False,0,False,0.26707485571774253,None
2026-09-01 22:59:00+00:00,15.42,16.47,2840.36,0.0,19.63,False,0,False,0.2833191288046441,None
2026-09-01 23:00:00+00:00,15.44,15.87,2729.61,0.0,19.86,False,0,False,0.26681946693417874,None
2026-09-01 23:01:00+00:00,14.31,15.85,2774.06,0.57,19.63,False,0,False,0.24599944204713192,None
2026-09-01 23:02:00+00:00,18.21,13.97,2857.28,0.97,19.88,True,1,False,0.14103807967545856,Z-Score
2026-09-01 23:03:00+00:00,17.03,12.5,2713.25,0.0,19.63,False,0,False,0.2604366295414506,None
2026-09-01 23:04:00+00:00,15.78,19.78,2750.3,0.0,20.32,False,0,False,0.2695025368598114,None
2026-09-01 23:05:00+00:00,15.36,19.55,2662.97,0.0,19.63,False,0,False,0.28357640126880984,None
2026-09-01 23:06:00+00:00,15.96,19.05,2758.69,0.0,20.37,False,0,False,0.2710964586884359,None
2026-09-01 23:07:00+00:00,11.21,14.67,2754.25,0.81,19.63,False,0,False,0.21475734941354468,None
2026-09-01 23:08:00+00:00,12.55,15.95,2835.05,1.17,19.63,True,1,False,0.1523651394408524,Z-Score
2026-09-01 23:09:00+00:00,15.75,18.22,2985.36,0.3,19.63,False,0,False,0.2310246654721651,None
2026-09-01 23:10:00+00:00,14.82,14.46,3104.86,0.0,19.63,False,0,False,0.28230543156410903,None
2026-09-01 23:11:00+00:00,13.74,13.02,3031.59,0.0,20.66,False,0,False,0.276479695150573,None
2026-09-01 23:12:00+00:00,11.12,13.19,2904.45,0.0,20.93,False,0,False,0.24697597718937908,None
2026-09-01 23:13:00+00:00,14.25,15.98,2704.99,0.19,19.63,False,0,False,0.2507274675029491,None
2026-09-01 23:14:00+00:00,16.27,21.34,2732.8,0.0,19.63,False,0,False,0.2613105744893166,None
2026-09-01 23:15:00+00:00,13.98,15.59,2542.3,0.0,19.71,False,0,False,0.27799928485047704,None
2026-09-01 23:16:00+00:00,21.03,22.05,2898.7,0.26,19.63,False,0,False,0.2134006344421182,None
2026-09-01 23:17:00+00:00,18.46,15.81,3036.09,0.0,19.63,False,0,False,0.2748922658894208,None
2026-09-01 23:18:00+00:00,15.09,17.17,2569.6,0.0,20.11,False,0,False,0.25805220712389837,None
2026-09-01 23:19:00+00:00,16.86,16.5,2635.32,0.0,19.63,False,0,False,0.2629522450930631,None
2026-09-01 23:20:00+00:00,12.47,18.64,2620.93,0.0,19.63,False,0,False,0.26963135373007335,None
2026-09-01 23:21:00+00:00,18.06,17.8,3009.17,0.0,19.63,False,0,False,0.26042841662920396,None
2026-09-01 23:22:00+00:00,13.09,14.55,2700.72,0.64,20.49,False,0,False,0.21097503927135508,None
2026-09-01 23:23:00+00:00,14.01,12.79,2857.05,0.0,21.13,False,0,False,0.2686568139133873,None
2026-09-01 23:24:00+00:00,18.27,21.88,2930.79,0.0,19.74,False,0,False,0.2704705396559375,None
2026-09-01 23:25:00+00:00,16.09,17.18,2605.89,0.71,20.65,False,0,False,0.2410578177841855,None
2026-09-01 23:26:00+00:00,15.17,12.18,2918.0,0.45,19.85,False,0,False,0.18637124955879925,None
2026-09-01 23:27:00+00:00,15.44,14.66,2667.13,0.73,19.63,False,0,False,0.22901997652282452,None
2026-09-01 23:28:00+00:00,16.3,17.27,2650.77,0.0,20.41,False,0,False,0.2748221363478469,None
2026-09-01 23:29:00+00:00,13.73,15.25,2676.75,0.0,19.65,False,0,False,0.27142662008001955,None
2026-09-01 23:30:00+00:00,18.72,20.16,2827.62,0.26,19.63,False,0,False,0.2423749035063375,None
2026-09-01 23:31:00+00:00,14.12,18.15,2761.97,0.0,19.63,False,0,False,0.21825542660513458,None
2026-09-01 23:32:00+00:00,13.51,16.98,2931.0,0.0,20.7,False,0,False,0.24716020775565106,None
2026-09-01 23:33:00+00:00,15.73,17.17,2859.91,0.0,19.63,False,0,False,0.24941002983641314,None
2026-09-01 23:34:00+00:00,13.77,16.88,2862.37,0.0,20.15,False,0,False,0.2856610710814676,None
2026-09-01 23:35:00+00:00,20.71,23.82,2764.97,0.2,20.62,False,0,False,0.21648066622960732,None
2026-09-01 23:36:00+00:00,14.56,18.41,2794.96,0.0,19.63,False,0,False,0.23235680117999824,None
2026-09-01 23:37:00+00:00,17.6,21.15,2605.12,0.77,19.63,False,0,False,0.22637777991083208,None
2026-09-01 23:38:00+00:00,17.32,21.68,2696.98,0.0,21.12,False,0,False,0.27007916370298335,None
2026-09-01 23:39:00+00:00,16.83,21.49,2740.55,0.54,20.21,False,0,False,0.23433308854194107,None
2026-09-01 23:40:00+00:00,19.33,24.14,2796.99,0.0,19.63,False,0,False,0.2628600135471988,None
2026-09-01 23:41:00+00:00,14.59,12.31,2714.6,0.0,20.94,False,0,False,0.24772337962370422,None
2026-09-01 23:42:00+00:00,15.65,14.33,2575.08,0.0,19.67,False,0,False,0.27416343622028516,None
2026-09-01 23:43:00+00:00,12.77,16.0,2885.21,0.0,20.19,False,0,False,0.26641753609544033,None
2026-09-01 23:44:00+00:00,19.8,22.85,2565.44,0.0,19.96,False,0,False,0.23220731059568478,None
2026-09-01 23:45:00+00:00,19.0,20.24,2702.23,0.0,19.63,False,0,False,0.249271698814874,None
2026-09-01 23:46:00+00:00,19.35,19.22,2634.08,0.0,19.63,False,0,False,0.27456677607799135,None
2026-09-01 23:47:00+00:00,18.02,21.16,2848.84,0.0,20.67,False,0,False,0.2716465327899971,None
2026-09-01 23:48:00+00:00,15.25,24.26,2981.13,1.18,20.57,True,1,False,0.14096726147500616,Z-Score
2026-09-01 23:49:00+00:00,13.81,19.76,2662.86,0.0,19.63,False,0,False,0.1695991250668787,None
2026-09-01 23:50:00+00:00,13.85,9.54,2516.57,0.42,19.63,False,0,False,0.193831179813514,None
2026-09-01 23:51:00+00:00,12.4,18.13,3016.98,0.0,19.74,False,0,False,0.20153761616132543,None
2026-09-01 23:52:00+00:00,13.93,18.77,2774.7,0.0,20.43,False,0,False,0.2648814493003187,None
2026-09-01 23:53:00+00:00,16.2,18.59,3087.54,0.0,19.63,False,0,False,0.23955582215125337,None
2026-09-01 23:54:00+00:00,11.8,19.22,2836.47,1.16,20.6,True,1,False,0.16271411283407244,Z-Score
2026-09-01 23:55:00+00:00,13.82,14.05,2593.45,0.0,20.99,False,0,False,0.26283496451197275,None
2026-09-01 23:56:00+00:00,15.39,13.48,2908.63,0.85,19.63,False,0,False,0.21485766784371685,None
2026-09-01 23:57:00+00:00,13.55,19.37,2752.82,0.0,20.72,False,0,False,0.2294288991241708,None
2026-09-01 23:58:00+00:00,10.64,9.8,2752.15,0.0,20.5,False,0,False,0.24689867374612617,None
2026-09-01 23:59:00+00:00,13.34,14.18,2941.63,0.0,19.63,False,0,False,0.2808957766678321,None
2026-09-02 00:00:00+00:00,8.0,9.54,2615.34,0.0,19.63,True,1,False,0.18018365984807289,Z-Score
2026-09-02 00:01:00+00:00,17.84,19.77,2781.65,0.0,19.63,False,0,False,0.1971934471892573,None
2026-09-02 00:02:00+00:00,21.77,26.05,2648.78,1.07,20.43,False,0,False,0.09237405385880615,None
2026-09-02 00:03:00+00:00,8.54,10.3,2627.39,0.0,20.7,False,0,False,0.1811752574694901,None
2026-09-02 00:04:00+00:00,20.18,21.88,2808.32,0.0,19.63,False,0,False,0.2574627620960093,None
2026-09-02 00:05:00+00:00,8.0,8.6,2579.03,0.0,19.74,False,0,False,0.20811272543687248,None
2026-09-02 00:06:00+00:00,9.06,11.49,2513.89,0.0,19.63,False,0,False,0.23169385288168964,None
2026-09-02 00:07:00+00:00,8.0,12.72,2704.95,0.0,19.63,False,0,False,0.24458924667229465,None
2026-09-02 00:08:00+00:00,12.5,12.49,2588.38,0.0,20.79,False,0,False,0.25391181284859393,None
2026-09-02 00:09:00+00:00,17.54,19.35,2586.44,0.0,19.63,False,0,False,0.2472269775594686,None
2026-09-02 00:10:00+00:00,16.24,20.65,2666.83,0.93,21.02,False,0,False,0.21515580504067594,None
2026-09-02 00:11:00+00:00,13.57,13.36,2624.8,0.0,19.63,False,0,False,0.2729504389490868,None
2026-09-02 00:12:00+00:00,17.13,16.06,2410.29,0.0,19.63,False,0,False,0.2594529829457202,None
2026-09-02 00:13:00+00:00,8.0,10.91,2665.48,0.0,19.84,False,0,False,0.22821448658182186,None
2026-09-02 00:14:00+00:00,8.0,15.31,2696.02,0.0,19.63,False,0,False,0.23938705764758533,None
2026-09-02 00:15:00+00:00,12.56,13.15,2868.35,0.0,19.63,False,0,False,0.2096549701657528,None
2026-09-02 00:16:00+00:00,18.1,20.76,2871.6,0.0,19.63,False,0,False,0.2822525535245167,None
2026-09-02 00:17:00+00:00,28.59,29.2,2339.87,0.33,19.63,True,1,False,0.12397653837133316,Z-Score
2026-09-02 00:18:00+00:00,17.85,15.8,2606.21,0.0,20.03,False,0,False,0.22475802052534855,None
2026-09-02 00:19:00+00:00,22.59,23.23,2564.97,0.0,21.12,False,0,False,0.23811174503040955,None
2026-09-02 00:20:00+00:00,8.86,12.94,2561.68,0.0,19.63,False,0,False,0.23402216084504301,None
2026-09-02 00:21:00+00:00,8.3,10.19,2575.88,0.0,19.63,False,0,False,0.21613540222422806,None
2026-09-02 00:22:00+00:00,17.2,18.04,2803.26,0.0,19.63,False,0,False,0.2175035505648194,None
2026-09-02 00:23:00+00:00,11.74,10.1,2804.52,0.0,19.63,False,0,False,0.1549623021905699,None
2026-09-02 00:24:00+00:00,13.49,15.92,2965.97,0.0,20.72,False,0,False,0.2634884000291318,None
2026-09-02 00:25:00+00:00,28.26,32.8,2577.89,0.61,19.63,True,2,False,0.12533817519642088,Z-Score
2026-09-02 00:26:00+00:00,10.26,13.09,2692.27,1.43,21.04,True,1,False,0.1359555526069247,Z-Score
2026-09-02 00:27:00+00:00,8.0,7.5,2627.53,0.71,19.89,False,0,False,0.06782108418870247,None
2026-09-02 00:28:00+00:00,10.43,8.16,2690.45,0.0,20.83,False,0,False,0.1998717189140251,None
2026-09-02 00:29:00+00:00,21.09,23.88,2672.12,0.0,20.52,False,0,False,0.2024091304439457,None
2026-09-02 00:30:00+00:00,9.71,7.87,2556.54,0.0,19.63,False,0,False,0.21671639400515136,None
2026-09-02 00:31:00+00:00,9.12,13.4,2710.61,0.0,19.63,False,0,False,0.24722370951944306,None
2026-09-02 00:32:00+00:00,18.33,20.72,2740.79,0.31,19.63,False,0,False,0.17215650168489793,None
2026-09-02 00:33:00+00:00,8.0,9.61,2664.43,0.0,19.63,False,0,False,0.20595660620180034,None
2026-09-02 00:34:00+00:00,8.0,15.67,2668.62,0.0,19.63,False,0,False,0.23521417553458995,None
2026-09-02 00:35:00+00:00,8.0,7.61,2765.33,0.0,19.63,False,0,False,0.18458577513324786,None
2026-09-02 00:36:00+00:00,15.57,14.39,2771.28,0.0,19.63,False,0,False,0.24855871995571377,None
2026-09-02 00:37:00+00:00,29.21,35.32,2657.34,0.0,19.63,True,1,False,0.07675149556508454,Z-Score
2026-09-02 00:38:00+00:00,16.25,19.61,2567.18,0.0,19.63,False,0,False,0.28095552945579877,None
2026-09-02 00:39:00+00:00,16.24,19.34,2554.67,0.0,20.35,False,0,False,0.24428586092807825,None
2026-09-02 00:40:00+00:00,10.32,10.65,2671.9,1.1,19.79,False,0,False,0.16286811060636508,None
2026-09-02 00:41:00+00:00,8.0,9.85,2549.96,0.94,20.49,False,0,False,0.14280267848509332,None
2026-09-02 00:42:00+00:00,14.35,12.98,2606.39,0.0,19.63,False,0,False,0.2723518032514178,None
2026-09-02 00:43:00+00:00,13.23,17.53,2494.15,0.0,20.67,False,0,False,0.26850015147030865,None
2026-09-02 00:44:00+00:00,19.85,23.49,2650.42,0.0,19.63,False,0,False,0.24991192280911173,None
2026-09-02 00:45:00+00:00,11.68,10.84,2503.87,0.0,20.64,False,0,False,0.24271220635257856,None
2026-09-02 00:46:00+00:00,17.52,16.73,2597.41,0.44,19.63,False,0,False,0.244173191699382,None
2026-09-02 00:47:00+00:00,10.86,10.65,2568.74,0.0,20.61,False,0,False,0.2433581901173369,None
2026-09-02 00:48:00+00:00,18.01,22.93,2758.15,0.0,19.97,False,0,False,0.26613048340825596,None
2026-09-02 00:49:00+00:00,11.26,13.4,2391.63,0.26,20.12,False,0,False,0.1752831045157997,None
2026-09-02 00:50:00+00:00,19.0,20.42,2640.31,0.0,19.79,False,0,False,0.26384707442996475,None
2026-09-02 00:51:00+00:00,11.96,10.46,2788.06,0.35,19.63,False,0,False,0.22420799142012016,None
2026-09-02 00:52:00+00:00,25.82,36.9,2834.08,0.0,19.63,True,1,False,0.17840089036359708,Z-Score
2026-09-02 00:53:00+00:00,8.0,11.66,2490.45,0.6,20.96,False,0,False,0.15359850331120606,None
2026-09-02 00:54:00+00:00,8.0,9.36,2579.56,0.0,20.87,False,0,False,0.20258009295839485,None
2026-09-02 00:55:00+00:00,8.0,8.57,2606.95,0.0,19.75,False,0,False,0.18021425837686583,None
2026-09-02 00:56:00+00:00,8.0,10.02,2601.0,0.0,20.84,False,0,False,0.18984604281944512,None
2026-09-02 00:57:00+00:00,23.88,28.06,2501.39,0.9,20.62,False,0,False,0.12357536856014861,None
2026-09-02 00:58:00+00:00,18.8,18.93,2409.86,0.0,19.63,False,0,False,0.2580075422721122,None
2026-09-02 00:59:00+00:00,8.0,12.12,2824.18,0.0,21.06,False,0,False,0.23292194132127914,None
2026-09-02 01:00:00+00:00,13.35,20.04,2731.24,0.72,19.8,False,0,False,0.20176894700178466,None
2026-09-02 01:01:00+00:00,13.09,16.16,2811.13,0.6,20.6,False,0,False,0.11327558151655825,None
2026-09-02 01:02:00+00:00,10.4,13.8,2675.33,0.0,19.91,False,0,False,0.2452396295783465,None
2026-09-02 01:03:00+00:00,11.17,18.43,2547.37,0.0,20.93,False,0,False,0.26808258375675686,None
2026-09-02 01:04:00+00:00,15.08,16.48,2790.42,0.0,19.63,False,0,False,0.22219222517861986,None
2026-09-02 01:05:00+00:00,27.39,32.57,2611.09,0.0,19.63,False,0,False,0.1732545276016309,None
2026-09-02 01:06:00+00:00,14.61,13.24,2899.13,0.0,19.63,False,0,False,0.24665177596506127,None
2026-09-02 01:07:00+00:00,26.37,27.51,2473.67,0.0,21.07,False,0,False,0.17662476036076352,None
2026-09-02 01:08:00+00:00,24.86,23.02,2934.86,0.0,19.67,False,0,False,0.2191515847600759,None
2026-09-02 01:09:00+00:00,14.89,18.23,2671.91,0.0,19.63,False,0,False,0.2378383984325264,None
2026-09-02 01:10:00+00:00,15.53,12.71,2585.58,0.46,19.72,False,0,False,0.24623575052630275,None
2026-09-02 01:11:00+00:00,35.18,41.58,2692.38,0.0,20.15,True,2,False,0.10724696772759179,Z-Score
2026-09-02 01:12:00+00:00,13.4,13.23,2901.15,0.0,20.23,False,0,False,0.2783972604191361,None
2026-09-02 01:13:00+00:00,11.3,19.74,2683.4,0.0,20.74,False,0,False,0.23718274046848126,None
2026-09-02 01:14:00+00:00,12.99,18.96,2529.39,0.0,19.74,False,0,False,0.2627773627233005,None
2026-09-02 01:15:00+00:00,10.56,17.15,2755.43,0.0,19.63,False,0,False,0.19315183835599725,None
2026-09-02 01:16:00+00:00,26.25,30.71,2794.31,0.0,19.63,False,0,False,0.19773473302797007,None
2026-09-02 01:17:00+00:00,15.17,17.93,2717.63,1.15,19.63,True,1,False,0.16803853530724416,Z-Score
2026-09-02 01:18:00+00:00,19.8,24.18,2563.9,0.0,19.63,False,0,False,0.23045667389632707,None
2026-09-02 01:19:00+00:00,20.09,25.71,2677.53,0.0,19.72,False,0,False,0.24790953040947433,None
2026-09-02 01:20:00+00:00,9.22,10.76,2402.95,0.0,20.89,False,0,False,0.1997450600486277,None
2026-09-02 01:21:00+00:00,18.21,20.89,2727.23,0.0,20.36,False,0,False,0.2808246780961111,None
2026-09-02 01:22:00+00:00,20.92,21.96,2687.22,0.0,19.64,False,0,False,0.23526204626675273,None
2026-09-02 01:23:00+00:00,8.51,9.67,2626.79,0.89,19.63,False,0,False,0.12801920650706122,None
2026-09-02 01:24:00+00:00,9.63,9.36,2754.21,0.0,19.86,False,0,False,0.23283508433635752,None
2026-09-02 01:25:00+00:00,19.4,24.74,2505.44,0.7,19.69,False,0,False,0.19802159036044958,None
2026-09-02 01:26:00+00:00,22.31,26.13,2438.39,0.0,20.22,False,0,False,0.2132675339624831,None
2026-09-02 01:27:00+00:00,10.6,14.49,2308.08,0.0,20.35,False,0,False,0.12936358897026035,None
2026-09-02 01:28:00+00:00,9.05,7.5,2929.53,0.0,21.05,False,0,False,0.15289215257912525,None
2026-09-02 01:29:00+00:00,14.59,19.46,2338.11,0.0,20.08,False,0,False,0.2540616789928733,None
2026-09-02 01:30:00+00:00,18.03,21.26,2811.95,0.02,19.63,False,0,False,0.2535880441083534,None
2026-09-02 01:31:00+00:00,15.22,21.67,2866.51,0.0,19.63,False,0,False,0.28054526846253364,None
2026-09-02 01:32:00+00:00,14.03,13.16,2484.61,0.0,20.59,False,0,False,0.25747545697089286,None
2026-09-02 01:33:00+00:00,22.47,25.62,2626.81,0.0,20.3,False,0,False,0.23288868970141308,None
2026-09-02 01:34:00+00:00,10.73,8.84,2418.91,0.0,20.64,False,0,False,0.17755646804999503,None
2026-09-02 01:35:00+00:00,8.0,7.5,2866.62,1.24,19.63,True,1,False,0.1264991934462495,Z-Score
2026-09-02 01:36:00+00:00,23.8,27.91,2517.3,0.0,20.42,False,0,False,0.19348728707083163,None
2026-09-02 01:37:00+00:00,9.81,15.14,2454.38,0.0,20.06,False,0,False,0.20873844830002086,None
2026-09-02 01:38:00+00:00,10.06,9.39,2719.5,0.0,20.8,False,0,False,0.22558708583749898,None
2026-09-02 01:39:00+00:00,12.98,12.66,2628.84,0.03,19.87,False,0,False,0.266211789939898,None
2026-09-02 01:40:00+00:00,11.75,10.76,2662.49,0.0,19.63,False,0,False,0.2531635370492207,None
2026-09-02 01:41:00+00:00,8.72,12.07,2660.12,0.0,20.12,False,0,False,0.23802548771467086,None
2026-09-02 01:42:00+00:00,18.6,17.66,2643.48,0.0,20.78,False,0,False,0.22088575097027568,None
2026-09-02 01:43:00+00:00,23.72,33.57,2563.84,0.64,19.63,False,0,False,0.13971317081172085,None
2026-09-02 01:44:00+00:00,25.79,28.22,2715.86,0.0,20.33,False,0,False,0.13855798875001002,None
2026-09-02 01:45:00+00:00,8.2,10.23,2762.22,0.75,20.15,False,0,False,0.1791136624308483,None
2026-09-02 01:46:00+00:00,16.21,14.04,2652.83,0.0,19.85,False,0,False,0.2784473911818383,None
2026-09-02 01:47:00+00:00,15.67,15.14,2744.09,0.46,19.63,False,0,False,0.24318963048383058,None
2026-09-02 01:48:00+00:00,10.49,11.59,2746.37,0.0,19.63,False,0,False,0.2571738780765959,None
2026-09-02 01:49:00+00:00,11.19,20.06,2378.42,0.0,19.63,False,0,False,0.21108067347073717,None
2026-09-02 01:50:00+00:00,16.99,22.47,2561.2,0.0,20.58,False,0,False,0.25866606186268654,None
2026-09-02 01:51:00+00:00,21.24,24.13,2784.69,0.0,19.7,False,0,False,0.2320059100899765,None
2026-09-02 01:52:00+00:00,15.7,13.63,2846.1,0.73,20.13,False,0,False,0.2246215927525334,None
2026-09-02 01:53:00+00:00,8.0,7.59,2641.09,0.0,19.64,False,0,False,0.18094702742235097,None
2026-09-02 01:54:00+00:00,15.83,16.96,2611.58,0.0,20.61,False,0,False,0.26576443196000055,None
2026-09-02 01:55:00+00:00,11.23,12.18,2567.09,0.0,19.63,False,0,False,0.25273157896584736,None
2026-09-02 01:56:00+00:00,22.07,24.61,2773.84,0.0,19.63,False,0,False,0.23347798249616425,None
2026-09-02 01:57:00+00:00,8.24,11.85,2713.57,0.66,19.63,False,0,False,0.19976140475239862,None
2026-09-02 01:58:00+00:00,15.48,15.23,2652.8,0.0,19.79,False,0,False,0.19393318745903332,None
2026-09-02 01:59:00+00:00,18.92,23.71,2674.66,0.0,20.83,False,0,False,0.18617353232651318,None
2026-09-02 02:00:00+00:00,8.0,14.22,2705.0,0.53,21.11,False,0,False,0.2143307292749312,None
2026-09-02 02:01:00+00:00,12.63,16.27,2905.89,0.0,19.63,False,0,False,0.20167056853423576,None
2026-09-02 02:02:00+00:00,14.98,15.65,2405.71,0.0,19.93,False,0,False,0.262056583785093,None
2026-09-02 02:03:00+00:00,8.94,7.53,2821.31,0.0,19.63,False,0,False,0.1991054328615296,None
2026-09-02 02:04:00+00:00,21.11,24.32,2583.2,0.11,19.63,False,0,False,0.21200081218617323,None
2026-09-02 02:05:00+00:00,15.91,20.48,2619.45,0.0,20.11,False,0,False,0.2793971231241123,None
2026-09-02 02:06:00+00:00,24.19,30.33,2768.06,0.0,20.11,False,0,False,0.2073524767519851,None
2026-09-02 02:07:00+00:00,17.03,17.35,2437.38,0.38,19.63,False,0,False,0.2242216261269579,None
2026-09-02 02:08:00+00:00,14.34,14.11,2698.81,0.0,20.28,False,0,False,0.2732386263375977,None
2026-09-02 02:09:00+00:00,23.98,25.19,2488.47,0.0,19.63,False,0,False,0.1883262606564941,None
2026-09-02 02:10:00+00:00,10.79,10.94,2631.75,0.0,19.63,False,0,False,0.25162430856646545,None
2026-09-02 02:11:00+00:00,20.48,24.79,2636.94,0.0,19.83,False,0,False,0.2510626628196461,None
2026-09-02 02:12:00+00:00,25.31,31.44,2592.49,0.0,19.71,False,0,False,0.1718263263594476,None
2026-09-02 02:13:00+00:00,9.3,10.5,2737.28,0.44,20.2,False,0,False,0.207678468521785,None
2026-09-02 02:14:00+00:00,10.55,11.48,2586.41,0.0,19.63,False,0,False,0.2558578887655729,None
2026-09-02 02:15:00+00:00,16.67,24.0,2610.98,0.6,19.63,False,0,False,0.20178496006572905,None
2026-09-02 02:16:00+00:00,11.77,17.22,2776.36,0.0,20.21,False,0,False,0.2648026355114043,None
2026-09-02 02:17:00+00:00,15.65,16.6,2794.65,0.0,19.63,False,0,False,0.28783149544449993,None
2026-09-02 02:18:00+00:00,16.27,17.31,2713.23,0.0,20.11,False,0,False,0.28574344337696134,None
2026-09-02 02:19:00+00:00,23.47,29.99,2725.19,0.31,19.63,False,0,False,0.17808844018495557,None
2026-09-02 02:20:00+00:00,12.62,12.2,2654.95,0.0,20.49,False,0,False,0.25428309769977886,None
2026-09-02 02:21:00+00:00,17.91,24.73,2735.43,0.0,20.2,False,0,False,0.26336736072634354,None
2026-09-02 02:22:00+00:00,16.11,20.07,2283.62,0.0,21.05,False,0,False,0.23674520245578184,None
2026-09-02 02:23:00+00:00,10.93,11.75,2658.15,0.0,20.19,False,0,False,0.20884848956963897,None
2026-09-02 02:24:00+00:00,13.22,19.21,2715.23,0.0,20.34,False,0,False,0.2846103990873291,None
2026-09-02 02:25:00+00:00,13.65,17.32,2304.32,0.16,20.72,False,0,False,0.2009874941951436,None
2026-09-02 02:26:00+00:00,8.04,14.82,2769.69,1.38,21.05,True,1,False,0.13406296239290882,Z-Score
2026-09-02 02:27:00+00:00,19.89,17.56,2586.97,0.0,19.63,False,0,False,0.2652783169151276,None
2026-09-02 02:28:00+00:00,23.66,24.15,2542.64,0.0,19.86,False,0,False,0.20549223221249158,None
2026-09-02 02:29:00+00:00,13.64,16.73,2592.18,0.0,19.63,False,0,False,0.2805351744836,None
2026-09-02 02:30:00+00:00,12.48,14.26,2376.6,0.14,19.63,False,0,False,0.23024860710682127,None
2026-09-02 02:31:00+00:00,21.41,23.01,2841.4,0.0,19.63,False,0,False,0.23671456126432083,None
2026-09-02 02:32:00+00:00,10.92,15.48,2619.8,0.0,19.86,False,0,False,0.2391700159061944,None
2026-09-02 02:33:00+00:00,16.02,16.77,2736.11,0.47,19.63,False,0,False,0.25686517369080797,None
2026-09-02 02:34:00+00:00,14.87,17.22,2514.89,0.0,19.63,False,0,False,0.26707220008527727,None
2026-09-02 02:35:00+00:00,12.8,15.38,2669.77,0.0,20.24,False,0,False,0.25999442360008584,None
2026-09-02 02:36:00+00:00,12.18,11.04,2647.49,0.47,20.24,False,0,False,0.22763104843398352,None
2026-09-02 02:37:00+00:00,21.45,24.62,2332.89,0.0,20.67,False,0,False,0.18348056424905274,None
2026-09-02 02:38:00+00:00,17.59,21.48,3081.17,0.0,19.63,True,1,False,0.23593723265122385,Z-Score
2026-09-02 02:39:00+00:00,11.08,14.43,2612.41,0.8,19.84,False,0,False,0.1816389208338926,None
2026-09-02 02:40:00+00:00,14.68,19.14,2697.39,0.0,20.58,False,0,False,0.2726773048451815,None
2026-09-02 02:41:00+00:00,16.32,18.37,2714.64,0.0,19.63,False,0,False,0.22110728055256668,None
2026-09-02 02:42:00+00:00,15.84,21.73,2572.54,0.0,19.63,False,0,False,0.2656539865492306,None
2026-09-02 02:43:00+00:00,19.99,20.05,2580.46,0.03,19.63,False,0,False,0.23156973960317906,None
2026-09-02 02:44:00+00:00,17.95,26.79,2637.08,0.0,20.87,False,0,False,0.24129872299440996,None
2026-09-02 02:45:00+00:00,8.21,11.84,2517.17,0.18,20.92,False,0,False,0.18006758481451685,None
2026-09-02 02:46:00+00:00,14.33,15.15,2819.1,0.0,20.98,False,0,False,0.25924591381002143,None
2026-09-02 02:47:00+00:00,8.0,14.81,2423.52,1.13,19.63,True,1,False,0.15191628799408052,Z-Score
2026-09-02 02:48:00+00:00,9.34,10.15,2786.07,0.0,19.63,False,0,False,0.23487316577307776,None
2026-09-02 02:49:00+00:00,8.0,7.5,2738.61,0.45,19.63,False,0,False,0.15560679718045956,None
2026-09-02 02:50:00+00:00,12.73,15.04,2528.1,0.0,20.37,False,0,False,0.26838189351855607,None
2026-09-02 02:51:00+00:00,16.14,22.06,2546.14,0.0,20.02,False,0,False,0.26171399746906004,None
2026-09-02 02:52:00+00:00,16.16,19.51,2608.92,0.0,19.74,False,0,False,0.26639963133036754,None
2026-09-02 02:53:00+00:00,19.26,21.87,2675.04,0.0,19.63,False,0,False,0.2550391587732799,None
2026-09-02 02:54:00+00:00,21.74,22.08,2675.93,0.0,20.23,False,0,False,0.23486557050217644,None
2026-09-02 02:55:00+00:00,13.61,14.62,2525.74,0.54,20.58,False,0,False,0.20924873120446663,None
2026-09-02 02:56:00+00:00,15.3,16.15,2846.65,0.0,20.49,False,0,False,0.25069102301568236,None
2026-09-02 02:57:00+00:00,19.19,22.35,2753.06,0.0,19.63,False,0,False,0.26446587397684757,None
2026-09-02 02:58:00+00:00,13.66,14.44,2535.68,0.0,20.02,False,0,False,0.25488630102432713,None
2026-09-02 02:59:00+00:00,12.23,15.97,2501.59,1.03,20.19,True,1,False,0.17731459684086354,Z-Score
2026-09-02 03:00:00+00:00,9.95,9.39,2346.1,0.0,19.63,False,0,False,0.15613187297668446,None
2026-09-02 03:01:00+00:00,11.9,16.92,2629.03,0.63,20.96,False,0,False,0.20048856403188148,None
2026-09-02 03:02:00+00:00,14.08,15.14,2532.84,0.0,19.63,False,0,False,0.26930479553049125,None
2026-09-02 03:03:00+00:00,20.58,22.1,2485.52,1.14,19.63,True,1,False,0.1508584129604021,Z-Score
2026-09-02 03:04:00+00:00,26.68,28.93,2534.61,0.0,20.43,False,0,False,0.17870562209299912,None
2026-09-02 03:05:00+00:00,21.52,23.62,2813.48,0.57,19.63,False,0,False,0.20808428858481204,None
2026-09-02 03:06:00+00:00,14.99,15.56,2732.57,0.0,19.8,False,0,False,0.2780606493372602,None
2026-09-02 03:07:00+00:00,13.41,14.47,2618.54,0.0,20.06,False,0,False,0.2706665833143628,None
2026-09-02 03:08:00+00:00,22.43,27.21,2609.05,0.92,20.14,False,0,False,0.1505361241298495,None
2026-09-02 03:09:00+00:00,22.24,30.26,2707.32,0.0,19.63,False,0,False,0.16354176348329413,None
2026-09-02 03:10:00+00:00,8.0,7.97,2953.3,0.0,19.65,False,0,False,0.17745043057524962,None
2026-09-02 03:11:00+00:00,12.04,14.78,2985.02,0.0,20.38,False,0,False,0.2698592100461083,None
2026-09-02 03:12:00+00:00,19.08,23.85,2794.6,0.0,19.63,False,0,False,0.2592677220177234,None
2026-09-02 03:13:00+00:00,19.52,19.01,2607.08,0.0,19.63,False,0,False,0.20592402537316257,None
2026-09-02 03:14:00+00:00,18.23,18.3,2564.8,1.68,20.82,True,1,False,0.16208637099801548,Z-Score
2026-09-02 03:15:00+00:00,18.54,18.12,2553.45,0.79,19.63,False,0,False,0.21515877924873034,None
2026-09-02 03:16:00+00:00,13.33,13.41,2568.39,0.0,21.09,False,0,False,0.245512329884375,None
2026-09-02 03:17:00+00:00,8.0,11.61,2780.57,0.0,19.63,False,0,False,0.23094340683167808,None
2026-09-02 03:18:00+00:00,14.95,16.66,2837.83,0.5,20.17,False,0,False,0.2346269280365349,None
2026-09-02 03:19:00+00:00,22.07,25.13,3016.81,0.0,19.63,False,0,False,0.22891172314212432,None
2026-09-02 03:20:00+00:00,12.97,11.06,2376.97,0.58,19.83,False,0,False,0.20494831179248713,None
2026-09-02 03:21:00+00:00,23.84,26.28,2804.42,0.46,19.63,False,0,False,0.17884703736467128,None
2026-09-02 03:22:00+00:00,15.99,19.1,2454.65,0.0,20.29,False,0,False,0.2664921610917562,None
2026-09-02 03:23:00+00:00,17.58,16.3,2807.02,0.16,19.63,False,0,False,0.2510219051223045,None
2026-09-02 03:24:00+00:00,8.33,10.54,2496.75,0.53,19.63,False,0,False,0.17255383114195028,None
2026-09-02 03:25:00+00:00,10.48,13.92,2562.36,0.17,19.63,False,0,False,0.20355062959728765,None
2026-09-02 03:26:00+00:00,8.0,9.37,2698.41,0.0,20.54,False,0,False,0.20785672565929597,None
2026-09-02 03:27:00+00:00,18.95,25.51,2432.81,0.0,19.63,False,0,False,0.22897039568494387,None
2026-09-02 03:28:00+00:00,8.98,9.59,2740.88,0.0,19.89,False,0,False,0.23056635917532903,None
2026-09-02 03:29:00+00:00,11.93,13.55,2819.85,0.0,20.99,False,0,False,0.2571901087949878,None
2026-09-02 03:30:00+00:00,9.25,14.31,2682.21,0.0,20.67,False,0,False,0.2476621217384425,None
2026-09-02 03:31:00+00:00,16.7,18.31,2834.08,0.0,19.63,False,0,False,0.28082002717897353,None
2026-09-02 03:32:00+00:00,10.67,12.43,2980.28,1.25,19.63,False,0,False,0.1634475437386952,None
2026-09-02 03:33:00+00:00,15.39,14.41,2739.52,0.0,20.24,False,0,False,0.28345871598973427,None
2026-09-02 03:34:00+00:00,13.62,16.6,2713.19,0.0,19.63,False,0,False,0.25014849052388943,None
2026-09-02 03:35:00+00:00,16.34,15.58,2573.8,0.0,19.63,False,0,False,0.27133965739918503,None
2026-09-02 03:36:00+00:00,12.77,16.3,2788.67,0.18,20.62,False,0,False,0.24249973199037772,None
2026-09-02 03:37:00+00:00,14.7,15.05,2600.61,0.57,19.93,False,0,False,0.19062741516504267,None
2026-09-02 03:38:00+00:00,18.36,25.39,2737.61,0.02,19.63,False,0,False,0.1833847140521066,None
2026-09-02 03:39:00+00:00,16.57,18.35,2674.84,0.74,19.8,False,0,False,0.2302085366117722,None
2026-09-02 03:40:00+00:00,11.79,13.44,2874.77,0.0,20.55,False,0,False,0.2679810410576462,None
2026-09-02 03:41:00+00:00,14.41,16.7,2644.07,0.17,20.76,False,0,False,0.23374318080106354,None
2026-09-02 03:42:00+00:00,18.46,22.39,3027.88,0.0,19.63,False,0,False,0.2739354315351804,None
2026-09-02 03:43:00+00:00,20.16,20.62,2684.03,0.0,21.09,False,0,False,0.2694325808351838,None
2026-09-02 03:44:00+00:00,11.43,11.59,2600.05,0.0,20.78,False,0,False,0.26042728247141894,None
2026-09-02 03:45:00+00:00,14.56,17.53,2647.0,0.0,19.63,False,0,False,0.28130653896179214,None
2026-09-02 03:46:00+00:00,12.93,14.35,2576.03,0.26,19.63,False,0,False,0.24518265840735576,None
2026-09-02 03:47:00+00:00,8.0,7.5,2505.02,0.0,19.63,False,0,False,0.1733231443372803,None
2026-09-02 03:48:00+00:00,15.4,24.11,2471.84,0.0,19.86,False,0,False,0.23935376454106622,None
2026-09-02 03:49:00+00:00,12.16,13.1,2757.84,0.0,20.14,False,0,False,0.273293608962547,None
2026-09-02 03:50:00+00:00,15.81,17.92,2592.71,1.22,19.63,False,0,False,0.18249318373035855,None
2026-09-02 03:51:00+00:00,12.77,13.99,2902.76,0.0,19.63,False,0,False,0.2602456094469107,None
2026-09-02 03:52:00+00:00,9.66,7.5,2484.08,0.0,20.55,False,0,False,0.20854022653156612,None
2026-09-02 03:53:00+00:00,12.93,17.6,2715.22,0.81,19.63,False,0,False,0.2209161925465951,None
2026-09-02 03:54:00+00:00,70.68,74.52,2602.98,0.0,20.88,True,2,True,-0.028667017113045756,Both
2026-09-02 03:55:00+00:00,61.04,65.18,2486.99,0.0,20.36,True,2,False,0.009625263040509702,Z-Score
2026-09-02 03:56:00+00:00,63.68,72.63,2764.72,0.0,20.64,True,2,True,-0.032661850123778535,Both
2026-09-02 03:57:00+00:00,67.67,71.19,2900.38,0.0,20.0,True,2,True,-0.033271032764006114,Both
2026-09-02 03:58:00+00:00,63.41,68.99,2599.44,1.28,19.87,True,2,True,-0.04218741964987527,Both
2026-09-02 03:59:00+00:00,62.13,67.66,2724.84,0.0,19.63,False,0,False,0.013815830324224176,None
2026-09-02 04:00:00+00:00,71.7,78.59,2551.3,0.0,19.63,True,2,True,-0.04823635047106567,Both
2026-09-02 04:01:00+00:00,62.69,69.16,2586.7,0.0,19.93,False,0,False,0.0031664132823416846,None
2026-09-02 04:02:00+00:00,66.78,79.36,2431.81,0.0,21.09,False,0,True,-0.01790482691701345,Isolation Forest
2026-09-02 04:03:00+00:00,66.66,72.31,2608.08,0.0,19.87,False,0,True,-0.005076504810839544,Isolation Forest
2026-09-02 04:04:00+00:00,62.95,65.0,2270.49,1.03,19.63,False,0,True,-0.03709945684147009,Isolation Forest
2026-09-02 04:05:00+00:00,70.42,81.09,2761.56,0.46,19.63,False,0,True,-0.03874293616465274,Isolation Forest
2026-09-02 04:06:00+00:00,60.4,67.07,2666.52,0.0,19.63,False,0,False,0.010841362748847505,None
2026-09-02 04:07:00+00:00,73.55,76.81,2672.72,0.0,19.96,False,0,True,-0.016981971822212727,Isolation Forest
2026-09-02 04:08:00+00:00,67.46,70.28,2753.94,0.0,20.45,False,0,True,-0.006008644895459936,Isolation Forest
2026-09-02 04:09:00+00:00,70.42,77.94,2778.45,0.0,19.63,False,0,True,-0.031142279761841807,Isolation Forest
2026-09-02 04:10:00+00:00,73.78,77.34,2750.44,0.78,19.63,False,0,True,-0.04209635207894924,Isolation Forest
2026-09-02 04:11:00+00:00,71.84,85.01,2781.09,0.0,19.63,False,0,True,-0.022811597213798662,Isolation Forest
2026-09-02 04:12:00+00:00,66.49,74.91,3151.56,0.0,19.63,True,1,True,-0.016878889138507436,Both
2026-09-02 04:13:00+00:00,65.49,72.19,2759.08,0.0,19.66,False,0,True,-0.010215470721921416,Isolation Forest
2026-09-02 04:14:00+00:00,62.67,64.66,2661.51,0.0,19.83,False,0,False,0.006754360057824482,None
2026-09-02 04:15:00+00:00,62.95,70.7,2639.78,0.0,20.66,False,0,True,-0.017101725896308317,Isolation Forest
2026-09-02 04:16:00+00:00,64.26,67.45,2641.52,0.0,20.32,False,0,False,0.010417896623335254,None
2026-09-02 04:17:00+00:00,75.25,89.76,2534.79,0.0,19.63,False,0,True,-0.026816348746030227,Isolation Forest
2026-09-02 04:18:00+00:00,70.0,80.51,2792.79,0.0,21.09,False,0,True,-0.014820359386413573,Isolation Forest
2026-09-02 04:19:00+00:00,73.33,86.93,2651.4,0.0,19.63,False,0,True,-0.03806118480938592,Isolation Forest
2026-09-02 04:20:00+00:00,71.49,77.46,2664.04,0.47,19.63,False,0,True,-0.03064237401536196,Isolation Forest
2026-09-02 04:21:00+00:00,74.46,83.39,2640.97,0.67,19.63,False,0,True,-0.05743619101198383,Isolation Forest
2026-09-02 04:22:00+00:00,79.27,89.25,2797.63,0.0,19.63,False,0,True,-0.03195431762507206,Isolation Forest
2026-09-02 04:23:00+00:00,71.05,75.36,2661.05,0.0,19.95,False,0,True,-0.016409912794723702,Isolation Forest
2026-09-02 04:24:00+00:00,67.88,73.55,2786.46,0.0,19.63,False,0,True,-0.010236401463131872,Isolation Forest
2026-09-02 04:25:00+00:00,19.9,19.97,2743.96,0.6,20.78,False,0,False,0.22270981153483832,None
2026-09-02 04:26:00+00:00,14.38,15.29,2792.28,0.75,20.0,False,0,False,0.2248678157854508,None
2026-09-02 04:27:00+00:00,8.85,11.96,2581.81,0.0,19.63,False,0,False,0.24184643717429388,None
2026-09-02 04:28:00+00:00,14.33,13.29,2528.32,0.0,20.88,False,0,False,0.25157575000644405,None
2026-09-02 04:29:00+00:00,17.5,21.84,2541.63,0.21,19.63,False,0,False,0.24853383291596565,None
2026-09-02 04:30:00+00:00,12.0,12.06,2567.22,0.0,19.63,False,0,False,0.23853764592917825,None
2026-09-02 04:31:00+00:00,22.64,28.69,2701.25,0.0,20.05,False,0,False,0.20214045803968095,None
2026-09-02 04:32:00+00:00,13.41,20.2,2796.41,0.0,19.8,False,0,False,0.27910308046864507,None
2026-09-02 04:33:00+00:00,18.94,21.23,2590.61,0.0,21.13,False,0,False,0.2633084466765088,None
2026-09-02 04:34:00+00:00,17.6,23.94,2714.04,0.0,19.63,False,0,False,0.2628693913865846,None
2026-09-02 04:35:00+00:00,9.3,7.5,2745.14,0.0,20.55,False,0,False,0.21540354682114532,None
2026-09-02 04:36:00+00:00,11.24,14.56,2622.09,0.0,19.63,False,0,False,0.26669153381810906,None
2026-09-02 04:37:00+00:00,17.16,19.79,2554.62,0.0,19.63,False,0,False,0.2388910291101009,None
2026-09-02 04:38:00+00:00,9.65,12.18,2928.68,0.75,19.63,False,0,False,0.20695028647386204,None
2026-09-02 04:39:00+00:00,19.49,20.85,2639.44,0.0,19.63,False,0,False,0.2649038293168143,None
2026-09-02 04:40:00+00:00,13.55,11.03,2511.54,0.0,19.63,False,0,False,0.2430827903718923,None
2026-09-02 04:41:00+00:00,12.57,16.48,2498.15,0.0,19.63,False,0,False,0.24834416579038543,None
2026-09-02 04:42:00+00:00,11.29,12.36,2565.88,0.16,20.33,False,0,False,0.24448358706809847,None
2026-09-02 04:43:00+00:00,13.2,15.5,2780.7,0.0,20.34,False,0,False,0.26410601133477896,None
2026-09-02 04:44:00+00:00,13.15,18.33,2494.86,0.0,19.63,False,0,False,0.2629346585018815,None
2026-09-02 04:45:00+00:00,14.97,19.44,2766.24,0.0,19.93,False,0,False,0.2755603565895442,None
2026-09-02 04:46:00+00:00,16.7,21.53,2652.98,0.0,19.63,False,0,False,0.2758480626780017,None
2026-09-02 04:47:00+00:00,15.25,14.97,2497.54,0.35,19.86,False,0,False,0.24761961987044234,None
2026-09-02 04:48:00+00:00,11.37,10.64,2827.21,0.6,20.69,False,0,False,0.22038175668542348,None
2026-09-02 04:49:00+00:00,15.58,15.49,2752.62,1.01,20.25,False,0,False,0.1975382961982421,None
2026-09-02 04:50:00+00:00,13.42,18.43,2714.18,0.0,19.76,False,0,False,0.21852549877429972,None
2026-09-02 04:51:00+00:00,14.76,14.14,2764.44,0.0,19.63,False,0,False,0.28098034641786024,None
2026-09-02 04:52:00+00:00,14.11,15.77,2771.68,0.0,19.66,False,0,False,0.2765440554350041,None
2026-09-02 04:53:00+00:00,20.88,24.41,2687.15,0.0,20.27,False,0,False,0.24453697232678295,None
2026-09-02 04:54:00+00:00,16.64,19.48,2471.64,0.0,19.63,False,0,False,0.2635198737364486,None
2026-09-02 04:55:00+00:00,16.48,19.99,2699.87,0.0,19.63,False,0,False,0.27881809879366215,None
2026-09-02 04:56:00+00:00,19.47,21.37,2680.19,0.0,20.83,False,0,False,0.25141511304928144,None
2026-09-02 04:57:00+00:00,17.69,14.82,2589.78,0.06,20.79,False,0,False,0.22576553045658132,None
2026-09-02 04:58:00+00:00,11.67,10.9,2631.57,0.0,20.17,False,0,False,0.2594677851077163,None
2026-09-02 04:59:00+00:00,15.85,18.46,2593.72,0.0,20.69,False,0,False,0.2825030547834683,None
2026-09-02 05:00:00+00:00,15.88,18.78,2853.09,0.27,19.82,False,0,False,0.25870335035940045,None
2026-09-02 05:01:00+00:00,20.06,17.3,2663.4,0.0,19.83,False,0,False,0.252359399974931,None
2026-09-02 05:02:00+00:00,18.33,22.22,2755.64,0.0,20.08,False,0,False,0.2646314164567224,None
2026-09-02 05:03:00+00:00,17.88,15.97,2771.53,0.0,19.63,False,0,False,0.2797509612893,None
2026-09-02 05:04:00+00:00,15.8,20.52,2679.35,1.31,20.4,True,1,False,0.17856484020037938,Z-Score
2026-09-02 05:05:00+00:00,18.07,20.76,2796.5,0.53,19.63,False,0,False,0.2274874193383925,None
2026-09-02 05:06:00+00:00,9.33,11.92,2481.12,0.0,20.34,False,0,False,0.23588990641529567,None
2026-09-02 05:07:00+00:00,12.58,16.91,2753.86,0.0,19.63,False,0,False,0.2715101665346813,None
2026-09-02 05:08:00+00:00,14.98,14.33,2654.19,0.0,19.63,False,0,False,0.27023389530523245,None
2026-09-02 05:09:00+00:00,11.85,16.22,2488.48,0.0,20.74,False,0,False,0.24113316695128417,None
2026-09-02 05:10:00+00:00,19.53,16.85,2813.13,0.0,19.63,False,0,False,0.2420572687019924,None
2026-09-02 05:11:00+00:00,16.95,19.28,2645.2,0.0,20.09,False,0,False,0.27236124765157194,None
2026-09-02 05:12:00+00:00,14.62,16.67,2895.08,0.0,20.74,False,0,False,0.2702979204863285,None
2026-09-02 05:13:00+00:00,8.53,9.79,2797.07,0.0,19.63,False,0,False,0.22588468613125434,None
2026-09-02 05:14:00+00:00,14.63,16.12,2920.41,0.0,20.88,False,0,False,0.26999544744756604,None
2026-09-02 05:15:00+00:00,20.19,23.37,2679.42,0.0,20.29,False,0,False,0.2068009323511958,None
2026-09-02 05:16:00+00:00,12.63,12.92,2737.02,0.0,19.63,False,0,False,0.27462001869679437,None
2026-09-02 05:17:00+00:00,18.32,17.96,2859.33,1.23,20.83,True,1,False,0.17226791767747263,Z-Score
2026-09-02 05:18:00+00:00,21.65,23.94,2526.2,0.0,20.64,False,0,False,0.24675158948843245,None
2026-09-02 05:19:00+00:00,18.69,16.42,2414.25,0.89,20.29,False,0,False,0.17986310843183212,None
2026-09-02 05:20:00+00:00,10.14,13.74,2549.27,0.0,19.63,False,0,False,0.2528656959394219,None
2026-09-02 05:21:00+00:00,14.6,18.59,2666.35,0.0,20.66,False,0,False,0.2811287901984505,None
2026-09-02 05:22:00+00:00,13.16,14.6,2729.32,0.0,20.47,False,0,False,0.27963871407717794,None
2026-09-02 05:23:00+00:00,14.13,13.17,2739.24,0.0,19.63,False,0,False,0.2621499877438742,None
2026-09-02 05:24:00+00:00,16.88,21.45,2688.82,0.0,19.87,False,0,False,0.2412974286072077,None
2026-09-02 05:25:00+00:00,13.73,13.54,2421.65,0.0,19.63,False,0,False,0.25496740771222903,None
2026-09-02 05:26:00+00:00,18.23,19.43,2725.76,0.0,20.87,False,0,False,0.27816301556551776,None
2026-09-02 05:27:00+00:00,17.26,16.84,2632.41,0.0,20.37,False,0,False,0.25187409837945934,None
2026-09-02 05:28:00+00:00,15.78,16.17,2454.81,0.0,19.63,False,0,False,0.26106492124651187,None
2026-09-02 05:29:00+00:00,17.2,17.28,2711.36,0.0,20.52,False,0,False,0.2600723449243682,None
2026-09-02 05:30:00+00:00,16.4,19.01,2566.73,0.0,19.63,False,0,False,0.14950364279655937,None
2026-09-02 05:31:00+00:00,13.15,10.59,2695.59,0.0,21.1,False,0,False,0.22443357682163984,None
2026-09-02 05:32:00+00:00,13.49,16.09,2617.93,0.0,20.45,False,0,False,0.20146230616332667,None
2026-09-02 05:33:00+00:00,19.77,24.13,2382.11,0.29,19.63,False,0,False,0.16243562341780948,None
2026-09-02 05:34:00+00:00,14.76,19.43,2714.92,0.0,20.63,False,0,False,0.27153650560455067,None
2026-09-02 05:35:00+00:00,10.49,9.31,2559.54,0.0,20.4,False,0,False,0.22591208426650616,None
2026-09-02 05:36:00+00:00,11.37,12.06,2733.82,0.81,20.41,False,0,False,0.2080125014327152,None
2026-09-02 05:37:00+00:00,19.15,25.25,2509.47,0.0,21.13,False,0,False,0.24006978868241485,None
2026-09-02 05:38:00+00:00,16.27,17.83,2846.11,0.0,19.63,False,0,False,0.28083026207979916,None
2026-09-02 05:39:00+00:00,19.66,19.36,2726.14,0.0,20.28,False,0,False,0.24783490036294975,None
2026-09-02 05:40:00+00:00,17.98,20.46,2846.82,0.0,20.31,False,0,False,0.2671287329591909,None
2026-09-02 05:41:00+00:00,10.17,16.78,2483.45,0.0,19.63,False,0,False,0.24762352283194078,None
2026-09-02 05:42:00+00:00,17.33,18.85,2673.28,0.0,19.63,False,0,False,0.17351189503643322,None
2026-09-02 05:43:00+00:00,13.56,17.66,2434.2,0.0,19.76,False,0,False,0.2158330137468607,None
2026-09-02 05:44:00+00:00,10.2,8.76,2509.28,0.0,20.64,False,0,False,0.2012932012325132,None
2026-09-02 05:45:00+00:00,13.58,14.85,2840.94,1.35,21.09,True,1,False,0.1683405445594544,Z-Score
2026-09-02 05:46:00+00:00,20.0,22.53,2339.38,0.0,19.63,False,0,False,0.23585547901435072,None
2026-09-02 05:47:00+00:00,18.1,22.53,2728.38,0.0,19.63,False,0,False,0.2704624981181312,None
2026-09-02 05:48:00+00:00,17.41,19.68,2635.78,0.0,20.36,False,0,False,0.28183298194739664,None
2026-09-02 05:49:00+00:00,14.58,15.55,2839.47,0.0,19.63,False,0,False,0.28755045442077437,None
2026-09-02 05:50:00+00:00,9.69,12.68,2664.36,0.0,19.63,False,0,False,0.25185887583883043,None
2026-09-02 05:51:00+00:00,10.41,14.32,2617.63,0.0,19.65,False,0,False,0.26437510664113173,None
2026-09-02 05:52:00+00:00,14.48,22.01,2872.89,0.0,20.03,False,0,False,0.2686137679539205,None
2026-09-02 05:53:00+00:00,15.89,20.73,2698.95,0.0,19.63,False,0,False,0.27010691806760834,None
2026-09-02 05:54:00+00:00,14.34,14.82,2652.52,0.0,19.63,False,0,False,0.2748725769876367,None
2026-09-02 05:55:00+00:00,19.19,19.64,2568.67,0.02,19.63,False,0,False,0.2384713810336644,None
2026-09-02 05:56:00+00:00,16.91,20.97,2616.96,0.4,19.63,False,0,False,0.24843184620001335,None
2026-09-02 05:57:00+00:00,9.64,8.8,2811.16,0.0,19.63,False,0,False,0.22620350743895318,None
2026-09-02 05:58:00+00:00,9.52,12.34,2776.29,0.0,19.63,False,0,False,0.2563237936419153,None
2026-09-02 05:59:00+00:00,16.96,20.34,2685.84,0.04,20.43,False,0,False,0.26041586823930274,None
2026-09-02 06:00:00+00:00,16.4,15.57,2836.87,0.0,19.79,False,0,False,0.25511493577808403,None
2026-09-02 06:01:00+00:00,13.4,14.42,2624.13,0.0,20.15,False,0,False,0.25217263394574385,None
2026-09-02 06:02:00+00:00,13.56,21.06,2442.15,0.58,20.62,False,0,False,0.19984735475517607,None
2026-09-02 06:03:00+00:00,17.31,20.17,2793.02,0.0,20.88,False,0,False,0.2795956074023172,None
2026-09-02 06:04:00+00:00,12.32,17.72,2679.54,0.0,19.63,False,0,False,0.2753213412716393,None
2026-09-02 06:05:00+00:00,17.55,24.55,2657.26,0.0,19.63,False,0,False,0.2642903894990864,None
2026-09-02 06:06:00+00:00,14.5,18.15,2389.94,0.0,20.93,False,0,False,0.25178135845559185,None
2026-09-02 06:07:00+00:00,16.92,16.35,2679.67,0.0,19.63,False,0,False,0.277075600334668,None
2026-09-02 06:08:00+00:00,15.54,17.75,2576.64,0.51,20.62,False,0,False,0.2521804553392455,None
2026-09-02 06:09:00+00:00,13.41,17.07,2927.87,0.05,20.27,False,0,False,0.2677123769838539,None
2026-09-02 06:10:00+00:00,12.07,10.11,2859.63,0.0,19.63,False,0,False,0.246372791324932,None
2026-09-02 06:11:00+00:00,20.2,18.99,2361.42,0.44,19.63,False,0,False,0.20207656223503573,None
2026-09-02 06:12:00+00:00,21.35,23.42,2966.67,0.0,21.05,False,0,False,0.24682964153663772,None
2026-09-02 06:13:00+00:00,18.42,16.57,2377.22,0.0,19.63,False,0,False,0.25289669904076445,None
2026-09-02 06:14:00+00:00,16.36,20.1,2781.66,0.33,19.67,False,0,False,0.2581485576479219,None
2026-09-02 06:15:00+00:00,10.56,14.62,2736.87,0.04,19.63,False,0,False,0.2548756961165953,None
2026-09-02 06:16:00+00:00,14.6,16.06,2656.36,0.0,19.63,False,0,False,0.249191225103909,None
2026-09-02 06:17:00+00:00,20.08,24.85,2861.54,0.0,19.63,False,0,False,0.2574111922619854,None
2026-09-02 06:18:00+00:00,17.51,20.27,2695.29,0.0,21.11,False,0,False,0.27883568440325646,None
2026-09-02 06:19:00+00:00,13.85,15.66,2972.89,0.0,19.63,False,0,False,0.28430319897509126,None
2026-09-02 06:20:00+00:00,14.56,11.49,2655.85,1.05,19.63,True,1,False,0.196476040457238,Z-Score
2026-09-02 06:21:00+00:00,15.78,17.24,2724.38,0.46,21.11,False,0,False,0.2436331388637905,None
2026-09-02 06:22:00+00:00,19.65,21.48,2769.69,0.19,20.24,False,0,False,0.25367499801989646,None
2026-09-02 06:23:00+00:00,15.53,16.47,2700.08,0.57,21.0,False,0,False,0.24194743785508993,None
2026-09-02 06:24:00+00:00,11.93,12.38,2912.0,0.0,20.95,False,0,False,0.2723894359504006,None
2026-09-02 06:25:00+00:00,17.07,18.94,2688.38,0.0,19.63,False,0,False,0.28197267664432174,None
2026-09-02 06:26:00+00:00,13.9,17.35,2803.34,0.0,20.03,False,0,False,0.2646306103031154,None
2026-09-02 06:27:00+00:00,16.76,21.33,2505.95,0.0,19.63,False,0,False,0.265853081923823,None
2026-09-02 06:28:00+00:00,15.89,21.66,2701.44,0.0,19.72,False,0,False,0.2524592393733032,None
2026-09-02 06:29:00+00:00,17.38,18.87,3002.43,0.0,19.63,False,0,False,0.27954492689423166,None
2026-09-02 06:30:00+00:00,16.13,15.97,2705.37,0.0,19.63,False,0,False,0.2842603597672826,None
2026-09-02 06:31:00+00:00,16.26,19.48,2756.49,0.89,20.89,False,0,False,0.21795728305579715,None
2026-09-02 06:32:00+00:00,12.32,14.99,2832.86,0.0,19.63,False,0,False,0.2833233372021382,None
2026-09-02 06:33:00+00:00,10.35,8.2,2719.42,0.0,20.9,False,0,False,0.22920267906851055,None
2026-09-02 06:34:00+00:00,12.4,10.27,2845.62,0.78,19.63,False,0,False,0.1964397760319243,None
2026-09-02 06:35:00+00:00,10.11,9.54,2699.18,1.09,19.63,True,1,False,0.16045220172490982,Z-Score
2026-09-02 06:36:00+00:00,13.38,12.38,2840.73,0.38,20.55,False,0,False,0.23146589745280688,None
2026-09-02 06:37:00+00:00,19.98,23.59,2933.21,0.0,20.05,False,0,False,0.26361311830492495,None
2026-09-02 06:38:00+00:00,17.57,23.16,2741.78,0.0,19.63,False,0,False,0.2686042860599748,None
2026-09-02 06:39:00+00:00,20.16,20.77,2575.16,0.0,20.61,False,0,False,0.24742009965269296,None
2026-09-02 06:40:00+00:00,13.44,16.72,3060.38,0.0,20.96,False,0,False,0.2739913454794426,None
2026-09-02 06:41:00+00:00,13.45,20.49,2592.42,0.0,20.91,False,0,False,0.2772325619910532,None
2026-09-02 06:42:00+00:00,14.07,23.9,2661.73,0.0,19.72,False,0,False,0.2512429396694078,None
2026-09-02 06:43:00+00:00,16.89,20.32,2587.79,0.0,19.99,False,0,False,0.27089924687927747,None
2026-09-02 06:44:00+00:00,15.06,19.18,2577.27,0.0,21.04,False,0,False,0.26322973541408934,None
2026-09-02 06:45:00+00:00,17.69,22.69,2936.68,0.0,19.63,False,0,False,0.2771818574140121,None
2026-09-02 06:46:00+00:00,18.61,22.0,2852.33,0.0,19.63,False,0,False,0.26713046617968444,None
2026-09-02 06:47:00+00:00,8.46,14.13,2928.33,0.0,21.08,False,0,False,0.24226736279795708,None
2026-09-02 06:48:00+00:00,15.41,17.26,2839.23,0.0,19.63,False,0,False,0.27624925527295763,None
2026-09-02 06:49:00+00:00,13.41,14.05,2797.68,0.31,19.63,False,0,False,0.25188846113316127,None
2026-09-02 06:50:00+00:00,14.35,17.95,2647.94,0.34,19.63,False,0,False,0.2581043964933531,None
2026-09-02 06:51:00+00:00,20.22,23.26,2892.37,0.0,20.84,False,0,False,0.263838645891718,None
2026-09-02 06:52:00+00:00,15.21,17.3,2796.64,0.39,19.63,False,0,False,0.24492746351152989,None
2026-09-02 06:53:00+00:00,17.35,18.72,2796.9,0.01,19.63,False,0,False,0.2758760225734735,None
2026-09-02 06:54:00+00:00,16.44,20.35,2596.64,0.0,20.08,False,0,False,0.27503547448312354,None
2026-09-02 06:55:00+00:00,15.29,18.94,2721.64,0.0,20.93,False,0,False,0.2674876848269893,None
2026-09-02 06:56:00+00:00,15.08,22.06,2750.97,0.0,19.63,False,0,False,0.26738594990200715,None
2026-09-02 06:57:00+00:00,15.13,13.5,2890.05,0.69,19.63,False,0,False,0.23684775523275353,None
2026-09-02 06:58:00+00:00,20.27,25.96,2762.11,0.0,19.63,False,0,False,0.23661569866078952,None
2026-09-02 06:59:00+00:00,19.8,24.0,2553.45,0.91,19.7,False,0,False,0.18400439823494813,None
2026-09-02 07:00:00+00:00,17.35,16.48,2993.33,0.32,19.63,False,0,False,0.2531714177844695,None
2026-09-02 07:01:00+00:00,15.69,17.49,2760.66,0.13,20.85,False,0,False,0.26576016159532284,None
2026-09-02 07:02:00+00:00,19.39,22.05,2783.93,0.0,19.63,False,0,False,0.2688389277475261,None
2026-09-02 07:03:00+00:00,15.54,23.91,3060.93,0.0,20.53,False,0,False,0.26820313397110246,None
2026-09-02 07:04:00+00:00,16.16,23.27,2698.54,0.0,20.81,False,0,False,0.265924754870662,None
2026-09-02 07:05:00+00:00,17.66,20.9,2924.38,0.0,19.65,False,0,False,0.23308144228137773,None
2026-09-02 07:06:00+00:00,12.39,13.25,2884.95,0.0,19.63,False,0,False,0.276746542843914,None
2026-09-02 07:07:00+00:00,13.73,13.53,2970.75,0.0,20.82,False,0,False,0.27877026725147647,None
2026-09-02 07:08:00+00:00,11.69,14.42,2588.92,0.0,20.96,False,0,False,0.26691481530246836,None
2026-09-02 07:09:00+00:00,14.87,21.87,2646.01,0.0,19.69,False,0,False,0.27328003120351674,None
2026-09-02 07:10:00+00:00,13.69,18.46,2875.0,0.0,20.71,False,0,False,0.28151311947967345,None
2026-09-02 07:11:00+00:00,18.4,25.58,2714.31,0.0,19.63,False,0,False,0.24725528600203106,None
2026-09-02 07:12:00+00:00,10.59,13.18,2596.91,0.0,19.63,False,0,False,0.2522220594272787,None
2026-09-02 07:13:00+00:00,14.48,14.54,2880.42,0.0,20.21,False,0,False,0.28019052500042724,None
2026-09-02 07:14:00+00:00,20.47,23.26,2579.24,0.0,20.35,False,0,False,0.2578458190382106,None
2026-09-02 07:15:00+00:00,17.1,23.8,3086.81,0.0,19.63,False,0,False,0.2662612159928462,None
2026-09-02 07:16:00+00:00,15.99,20.91,2942.05,0.29,19.66,False,0,False,0.2455283159436525,None
2026-09-02 07:17:00+00:00,12.74,11.45,2597.42,0.0,19.89,False,0,False,0.26342666614199395,None
2026-09-02 07:18:00+00:00,18.56,18.53,2820.13,0.61,20.17,False,0,False,0.24407121787137376,None
2026-09-02 07:19:00+00:00,16.88,16.82,2586.38,0.0,19.63,False,0,False,0.27920704563702353,None
2026-09-02 07:20:00+00:00,15.26,18.05,2832.5,0.0,20.33,False,0,False,0.2808418240344713,None
2026-09-02 07:21:00+00:00,17.81,21.08,3005.31,0.0,19.85,False,0,False,0.2824965654186262,None
2026-09-02 07:22:00+00:00,17.07,21.26,3101.1,0.45,19.63,False,0,False,0.24660115390484771,None
2026-09-02 07:23:00+00:00,15.62,19.75,2928.63,0.07,20.72,False,0,False,0.2577984627789015,None
2026-09-02 07:24:00+00:00,13.88,21.3,3025.87,0.19,19.63,False,0,False,0.25188399943346873,None
2026-09-02 07:25:00+00:00,16.43,19.66,3159.57,0.0,19.63,False,0,False,0.284065620322853,None
2026-09-02 07:26:00+00:00,10.53,13.88,3033.81,0.0,19.63,False,0,False,0.26572743966837437,None
2026-09-02 07:27:00+00:00,17.72,17.51,2886.26,0.47,20.26,False,0,False,0.24729660451264363,None
2026-09-02 07:28:00+00:00,12.84,17.77,2959.15,0.85,19.63,False,0,False,0.21913878604040965,None
2026-09-02 07:29:00+00:00,13.31,16.67,2688.51,0.0,21.04,False,0,False,0.26999393942210953,None
2026-09-02 07:30:00+00:00,14.48,20.56,3008.4,0.0,20.11,False,0,False,0.28251722562826487,None
2026-09-02 07:31:00+00:00,20.33,24.2,2747.72,0.0,20.9,False,0,False,0.2569142275791967,None
2026-09-02 07:32:00+00:00,15.32,24.03,2806.62,0.0,20.28,False,0,False,0.26750546823195626,None
2026-09-02 07:33:00+00:00,14.14,12.66,2811.08,0.0,19.63,False,0,False,0.27195505213570653,None
2026-09-02 07:34:00+00:00,15.32,18.3,3048.18,0.37,20.54,False,0,False,0.2566980824720968,None
2026-09-02 07:35:00+00:00,11.09,11.13,2911.61,0.0,19.63,False,0,False,0.2560717065676283,None
2026-09-02 07:36:00+00:00,15.98,14.16,2970.07,0.0,20.79,False,0,False,0.2595971811020592,None
2026-09-02 07:37:00+00:00,12.0,12.24,2814.69,0.0,19.63,False,0,False,0.2490579952214036,None
2026-09-02 07:38:00+00:00,11.21,12.65,2794.99,0.0,19.63,False,0,False,0.2654596241679164,None
2026-09-02 07:39:00+00:00,13.37,14.43,2832.84,0.35,19.63,False,0,False,0.25793556949786456,None
2026-09-02 07:40:00+00:00,15.49,12.33,2921.13,0.0,19.63,False,0,False,0.26914985153558985,None
2026-09-02 07:41:00+00:00,14.43,15.59,3160.43,0.0,20.09,False,0,False,0.2801361918430001,None
2026-09-02 07:42:00+00:00,15.54,16.33,3035.14,0.0,20.08,False,0,False,0.28606845184278584,None
2026-09-02 07:43:00+00:00,15.3,17.62,3189.95,0.0,19.99,False,0,False,0.2676153026510508,None
2026-09-02 07:44:00+00:00,17.64,23.27,2536.1,0.0,19.63,False,0,False,0.2568210682582026,None
2026-09-02 07:45:00+00:00,17.52,18.6,2855.82,0.0,19.91,False,0,False,0.26687940290021595,None
2026-09-02 07:46:00+00:00,17.83,17.59,2801.29,0.0,19.68,False,0,False,0.2723805582182424,None
2026-09-02 07:47:00+00:00,12.83,15.81,3380.39,0.0,19.79,True,1,False,0.2681417975861543,Z-Score
2026-09-02 07:48:00+00:00,16.0,15.68,3091.76,0.79,19.85,True,1,False,0.2398250190354952,Z-Score
2026-09-02 07:49:00+00:00,16.52,20.64,3090.24,0.0,19.94,False,0,False,0.2748165012262707,None
2026-09-02 07:50:00+00:00,15.0,16.51,2587.04,0.0,20.86,False,0,False,0.27906776954746865,None
2026-09-02 07:51:00+00:00,16.18,20.31,2878.76,0.07,20.14,False,0,False,0.267830507091953,None
2026-09-02 07:52:00+00:00,14.99,14.64,2967.9,0.4,20.92,False,0,False,0.24814546103224672,None
2026-09-02 07:53:00+00:00,17.48,22.45,2958.57,0.0,20.47,False,0,False,0.26648694043566185,None
2026-09-02 07:54:00+00:00,12.03,18.62,2957.18,0.13,20.89,False,0,False,0.24584835247380982,None
2026-09-02 07:55:00+00:00,17.51,19.78,2986.54,0.46,20.36,False,0,False,0.2419112766966071,None
2026-09-02 07:56:00+00:00,13.19,12.37,3081.55,0.0,20.69,False,0,False,0.266075129167592,None
2026-09-02 07:57:00+00:00,12.82,12.64,2981.2,0.0,20.17,False,0,False,0.25614504909078983,None
2026-09-02 07:58:00+00:00,17.2,21.71,2918.83,0.0,20.41,False,0,False,0.275978735493354,None
2026-09-02 07:59:00+00:00,14.33,20.48,3174.99,0.0,21.44,False,0,False,0.2744425495320848,None
2026-09-02 08:00:00+00:00,19.39,25.91,2872.28,0.0,21.45,False,0,False,0.24089764288606869,None
2026-09-02 08:01:00+00:00,18.08,19.12,2881.84,0.0,20.67,False,0,False,0.28308796643114714,None
2026-09-02 08:02:00+00:00,14.52,17.83,3167.37,0.0,20.59,False,0,False,0.28580986580763373,None
2026-09-02 08:03:00+00:00,16.77,16.82,3032.51,0.63,21.31,False,0,False,0.24541376840059076,None
2026-09-02 08:04:00+00:00,14.15,20.93,3299.3,0.0,19.97,False,0,False,0.2473588600124988,None
2026-09-02 08:05:00+00:00,13.11,14.18,3000.95,0.0,21.13,False,0,False,0.2533669021444632,None
2026-09-02 08:06:00+00:00,19.06,22.11,3127.65,0.0,22.39,True,1,False,0.25684927558535026,Z-Score
2026-09-02 08:07:00+00:00,14.86,17.87,3114.4,0.0,22.88,True,1,False,0.2791125734597595,Z-Score
2026-09-02 08:08:00+00:00,11.72,15.63,3154.71,0.4,20.65,False,0,False,0.237514282062269,None
2026-09-02 08:09:00+00:00,16.42,22.25,3273.66,0.56,22.58,True,1,False,0.22569045050674313,Z-Score
2026-09-02 08:10:00+00:00,16.4,27.25,3166.9,0.0,21.89,False,0,False,0.2303887638787679,None
2026-09-02 08:11:00+00:00,13.26,14.6,2865.8,0.0,20.98,False,0,False,0.27407401795975284,None
2026-09-02 08:12:00+00:00,8.74,10.2,3002.32,0.0,22.69,True,1,False,0.21882661534469078,Z-Score
2026-09-02 08:13:00+00:00,14.31,15.93,3281.63,0.0,23.65,True,1,False,0.2534571589726203,Z-Score
2026-09-02 08:14:00+00:00,14.44,20.55,3009.47,0.0,20.26,False,0,False,0.2761022702374467,None
2026-09-02 08:15:00+00:00,18.06,26.73,2969.02,0.0,19.79,False,0,False,0.24300158305645853,None
2026-09-02 08:16:00+00:00,13.31,13.39,2963.68,0.0,22.5,False,0,False,0.24556353271433345,None
2026-09-02 08:17:00+00:00,17.76,19.72,3333.54,0.04,23.47,True,1,False,0.2477358315970053,Z-Score
2026-09-02 08:18:00+00:00,15.21,17.95,3160.6,0.0,19.87,False,0,False,0.2665034036962056,None
2026-09-02 08:19:00+00:00,19.4,19.89,3323.31,0.0,19.9,False,0,False,0.2523307202953158,None
2026-09-02 08:20:00+00:00,13.54,22.16,2829.7,0.0,20.15,False,0,False,0.26680626096755755,None
2026-09-02 08:21:00+00:00,16.18,18.45,3307.51,1.13,24.12,True,2,False,0.18259430296955814,Z-Score
2026-09-02 08:22:00+00:00,17.59,21.65,3318.64,0.15,25.04,True,1,False,0.17603600983404438,Z-Score
2026-09-02 08:23:00+00:00,17.37,20.86,3071.39,0.0,20.87,False,0,False,0.2785319769809514,None
2026-09-02 08:24:00+00:00,16.44,18.22,3340.29,0.6,20.78,False,0,False,0.23640268471107073,None
2026-09-02 08:25:00+00:00,17.24,18.72,3123.02,0.0,20.39,False,0,False,0.28507582343674776,None
2026-09-02 08:26:00+00:00,15.54,17.4,3093.42,0.0,20.97,False,0,False,0.28599933256752086,None
2026-09-02 08:27:00+00:00,15.77,15.95,3128.26,0.0,20.87,False,0,False,0.25006248985438356,None
2026-09-02 08:28:00+00:00,13.18,12.96,3392.02,0.44,23.51,False,0,False,0.21105141528507398,None
2026-09-02 08:29:00+00:00,19.77,14.26,3428.63,0.0,20.82,False,0,False,0.24801252734312412,None
2026-09-02 08:30:00+00:00,15.27,13.42,2882.57,0.0,26.49,True,1,False,0.19831928803692678,Z-Score
2026-09-02 08:31:00+00:00,15.05,17.89,3316.23,0.63,19.72,False,0,False,0.22844316362129075,None
2026-09-02 08:32:00+00:00,12.65,14.21,3225.09,0.0,20.48,False,0,False,0.2629536376332758,None
2026-09-02 08:33:00+00:00,10.29,7.5,3151.69,0.0,26.75,True,1,False,0.1850137398344439,Z-Score
2026-09-02 08:34:00+00:00,15.48,16.33,3027.61,0.0,25.0,False,0,False,0.23360828516722698,None
2026-09-02 08:35:00+00:00,15.56,17.82,3465.17,0.0,27.21,True,1,False,0.23482957399700266,Z-Score
2026-09-02 08:36:00+00:00,20.77,21.51,3283.04,0.0,19.64,False,0,False,0.23569406509547702,None
2026-09-02 08:37:00+00:00,16.87,16.79,3387.54,0.0,28.18,True,1,False,0.23913576494185385,Z-Score
2026-09-02 08:38:00+00:00,15.04,15.22,3242.21,0.0,24.62,False,0,False,0.2434311318718299,None
2026-09-02 08:39:00+00:00,13.36,17.23,3299.41,0.0,19.95,False,0,False,0.2590979135987804,None
2026-09-02 08:40:00+00:00,12.77,14.35,3363.05,0.0,26.83,False,0,False,0.24529189132621476,None
2026-09-02 08:41:00+00:00,16.46,17.68,3123.94,0.0,20.75,False,0,False,0.2717655809381013,None
2026-09-02 08:42:00+00:00,18.61,22.74,3167.38,0.0,26.16,False,0,False,0.2372858957699706,None
2026-09-02 08:43:00+00:00,18.16,23.21,3414.36,0.0,19.82,False,0,False,0.24309785572501835,None
2026-09-02 08:44:00+00:00,17.12,21.75,3352.06,0.41,26.46,False,0,False,0.1993737066346568,None
2026-09-02 08:45:00+00:00,15.2,18.54,3295.52,0.13,19.7,False,0,False,0.2446505870278648,None
2026-09-02 08:46:00+00:00,13.45,14.89,3505.81,0.0,27.56,False,0,False,0.23135589606488882,None
2026-09-02 08:47:00+00:00,14.86,16.79,3379.12,0.58,20.43,False,0,False,0.21728998462513693,None
2026-09-02 08:48:00+00:00,13.95,12.37,3170.61,0.0,27.01,False,0,False,0.2330662196785644,None
2026-09-02 08:49:00+00:00,15.67,17.74,3431.53,0.64,30.47,True,1,False,0.19580995551400937,Z-Score
2026-09-02 08:50:00+00:00,14.09,16.82,3150.58,0.0,29.65,False,0,False,0.25084690261225595,None
2026-09-02 08:51:00+00:00,18.28,23.75,3301.13,0.0,20.49,False,0,False,0.2547692536217038,None
2026-09-02 08:52:00+00:00,11.89,16.37,3355.96,0.0,20.53,False,0,False,0.2669177475424639,None
2026-09-02 08:53:00+00:00,18.59,19.83,3438.39,0.0,28.05,False,0,False,0.2344451949463035,None
2026-09-02 08:54:00+00:00,16.2,17.52,3471.78,0.0,20.88,False,0,False,0.24534700009949728,None
2026-09-02 08:55:00+00:00,15.54,18.06,3443.09,0.0,21.08,False,0,False,0.2624238019181273,None
2026-09-02 08:56:00+00:00,12.7,12.36,3360.15,0.0,31.17,False,0,False,0.21928987369245456,None
2026-09-02 08:57:00+00:00,10.05,11.25,3244.23,0.0,21.04,False,0,False,0.23409986605621036,None
2026-09-02 08:58:00+00:00,12.42,16.89,3220.88,0.0,19.73,False,0,False,0.2601504161359036,None
2026-09-02 08:59:00+00:00,14.18,19.82,3173.29,0.51,31.21,False,0,False,0.21357485353243266,None
2026-09-02 09:00:00+00:00,18.38,21.28,3559.05,0.0,30.13,False,0,False,0.21792542772055273,None
2026-09-02 09:01:00+00:00,18.56,22.8,3453.73,0.0,20.7,False,0,False,0.24072744505287774,None
2026-09-02 09:02:00+00:00,13.99,17.8,3229.21,0.3,20.99,False,0,False,0.2353991747890623,None
2026-09-02 09:03:00+00:00,17.85,23.99,3282.3,0.0,20.75,False,0,False,0.25281572889922477,None
2026-09-02 09:04:00+00:00,10.66,11.25,3383.51,0.0,19.8,False,0,False,0.210116797506115,None
2026-09-02 09:05:00+00:00,11.22,11.46,3072.44,0.0,20.96,False,0,False,0.25956370011148855,None
2026-09-02 09:06:00+00:00,19.36,24.09,3366.73,0.19,28.87,False,0,False,0.1764419119024676,None
2026-09-02 09:07:00+00:00,15.51,18.89,3551.26,0.09,19.71,False,0,False,0.23230113601894187,None
2026-09-02 09:08:00+00:00,14.6,13.51,3385.2,0.0,20.15,False,0,False,0.2705130543581526,None
2026-09-02 09:09:00+00:00,20.19,20.87,3255.92,0.0,20.05,False,0,False,0.2524656400926923,None
2026-09-02 09:10:00+00:00,17.66,21.43,3526.76,0.0,29.62,False,0,False,0.22215599837034916,None
2026-09-02 09:11:00+00:00,13.76,14.69,3201.67,0.0,31.03,False,0,False,0.23925968940857845,None
2026-09-02 09:12:00+00:00,20.84,26.44,3484.51,0.0,21.08,False,0,False,0.21142276847852598,None
2026-09-02 09:13:00+00:00,15.41,18.76,3390.75,0.0,20.99,False,0,False,0.2669018005956552,None
2026-09-02 09:14:00+00:00,14.41,15.8,3583.6,0.0,29.47,False,0,False,0.2166177377241177,None
2026-09-02 09:15:00+00:00,12.56,16.49,3486.89,0.6,36.03,True,1,False,0.16106098407646702,Z-Score
2026-09-02 09:16:00+00:00,17.68,23.71,3388.08,0.0,20.03,False,0,False,0.24765293044421643,None
2026-09-02 09:17:00+00:00,15.5,19.0,3605.11,0.0,35.06,False,0,False,0.20476976848654516,None
2026-09-02 09:18:00+00:00,14.0,19.61,3299.71,0.0,19.64,False,0,False,0.2554737630657883,None
2026-09-02 09:19:00+00:00,16.54,20.6,3643.81,0.0,31.3,False,0,False,0.20307905937248505,None
2026-09-02 09:20:00+00:00,15.07,12.54,3182.17,0.0,36.17,False,0,False,0.22442229745878428,None
2026-09-02 09:21:00+00:00,16.78,21.37,3134.63,0.0,20.59,False,0,False,0.276138436569887,None
2026-09-02 09:22:00+00:00,17.19,24.3,3504.84,0.0,37.01,False,0,False,0.18206697772314756,None
2026-09-02 09:23:00+00:00,18.33,16.96,3370.32,0.0,20.52,False,0,False,0.2531313216152552,None
2026-09-02 09:24:00+00:00,14.67,17.38,3467.96,0.61,19.83,False,0,False,0.22119068931444263,None
2026-09-02 09:25:00+00:00,15.89,16.29,3262.42,0.0,20.5,False,0,False,0.2744309850332482,None
2026-09-02 09:26:00+00:00,12.52,12.01,3051.18,1.29,31.63,True,1,False,0.13387758021531682,Z-Score
2026-09-02 09:27:00+00:00,13.5,18.15,3600.63,0.0,33.41,False,0,False,0.20349751296387075,None
2026-09-02 09:28:00+00:00,17.29,17.45,3257.08,0.0,37.99,False,0,False,0.22686087459846993,None
2026-09-02 09:29:00+00:00,11.5,10.14,3721.84,0.0,20.65,False,0,False,0.18142137731819974,None
2026-09-02 09:30:00+00:00,15.58,20.2,3485.35,0.0,39.75,False,0,False,0.21752344588738726,None
2026-09-02 09:31:00+00:00,15.09,12.87,3621.25,0.0,37.42,False,0,False,0.1804491831461702,None
2026-09-02 09:32:00+00:00,14.73,17.86,3296.62,0.0,21.08,False,0,False,0.2680974724637128,None
2026-09-02 09:33:00+00:00,16.22,20.56,3420.8,0.0,20.68,False,0,False,0.26529592699521803,None
2026-09-02 09:34:00+00:00,15.8,15.7,3280.14,0.0,19.64,False,0,False,0.21568447959947357,None
2026-09-02 09:35:00+00:00,16.67,22.43,3313.85,0.0,20.83,False,0,False,0.26264593490246974,None
2026-09-02 09:36:00+00:00,13.73,16.14,3199.55,0.0,39.14,False,0,False,0.20432057845949592,None
2026-09-02 09:37:00+00:00,14.75,14.57,3761.82,0.0,20.32,False,0,False,0.23308810076589176,None
2026-09-02 09:38:00+00:00,16.96,21.49,3611.86,0.3,38.91,False,0,False,0.1479982742712158,None
2026-09-02 09:39:00+00:00,14.0,17.09,3266.27,0.0,21.09,False,0,False,0.2749350977908192,None
2026-09-02 09:40:00+00:00,12.44,13.49,3366.16,0.0,35.82,False,0,False,0.21408567465660688,None
2026-09-02 09:41:00+00:00,16.2,17.34,3678.56,0.0,33.36,False,0,False,0.20168802780371947,None
2026-09-02 09:42:00+00:00,8.34,10.08,3665.55,0.0,20.4,False,0,False,0.1843461190792955,None
2026-09-02 09:43:00+00:00,14.06,19.32,3702.45,0.0,20.35,False,0,False,0.21600230721407848,None
2026-09-02 09:44:00+00:00,18.15,19.09,3388.08,0.47,20.44,False,0,False,0.2348395376387995,None
2026-09-02 09:45:00+00:00,12.89,13.37,3470.17,0.0,20.12,False,0,False,0.237372734240962,None
2026-09-02 09:46:00+00:00,14.57,16.99,3621.93,0.0,19.79,False,0,False,0.2351731798201696,None
2026-09-02 09:47:00+00:00,14.65,22.48,3754.0,0.0,20.44,False,0,False,0.20338270033577865,None
2026-09-02 09:48:00+00:00,17.58,20.28,3326.97,1.03,20.42,True,1,False,0.1797723078316631,Z-Score
2026-09-02 09:49:00+00:00,17.44,18.2,3488.4,0.0,19.93,False,0,False,0.2570837659642587,None
2026-09-02 09:50:00+00:00,11.57,13.51,3484.42,0.44,19.94,False,0,False,0.20661358739253555,None
2026-09-02 09:51:00+00:00,17.35,21.76,3803.49,0.62,37.88,False,0,False,0.09415135601197555,None
2026-09-02 09:52:00+00:00,11.95,14.16,3433.25,0.0,41.17,False,0,False,0.1986889770541681,None
2026-09-02 09:53:00+00:00,12.51,13.8,3579.56,0.58,41.27,False,0,False,0.1530484718336244,None
2026-09-02 09:54:00+00:00,15.45,15.01,3723.74,0.0,20.79,False,0,False,0.2070643839263701,None
2026-09-02 09:55:00+00:00,14.45,17.89,3444.81,1.06,19.97,True,1,False,0.16144209045435998,Z-Score
2026-09-02 09:56:00+00:00,17.21,21.48,3591.82,0.36,39.55,False,0,False,0.1591269034357618,None
2026-09-02 09:57:00+00:00,16.27,16.45,3370.46,0.34,20.56,False,0,False,0.24029540401521599,None
2026-09-02 09:58:00+00:00,17.27,16.5,3360.16,0.76,45.82,False,0,False,0.13883911695845885,None
2026-09-02 09:59:00+00:00,14.67,15.76,3559.29,0.0,36.85,False,0,False,0.19741153215466828,None
2026-09-02 10:00:00+00:00,8.46,7.5,3490.49,0.0,20.47,False,0,False,0.13390430242721918,None
2026-09-02 10:01:00+00:00,13.85,16.71,3312.35,0.0,45.13,False,0,False,0.12743818878904112,None
2026-09-02 10:02:00+00:00,10.94,14.71,3626.79,0.0,42.0,False,0,False,0.1731696269621435,None
2026-09-02 10:03:00+00:00,18.65,20.47,3642.04,0.52,19.68,False,0,False,0.18924961681718822,None
2026-09-02 10:04:00+00:00,13.07,14.19,3271.61,0.0,41.43,False,0,False,0.2157299253474818,None
2026-09-02 10:05:00+00:00,14.31,17.72,3412.92,0.0,20.22,False,0,False,0.23381580097284294,None
2026-09-02 10:06:00+00:00,15.13,17.01,3588.07,0.0,20.78,False,0,False,0.23320971501269339,None
2026-09-02 10:07:00+00:00,15.9,20.85,3674.39,0.0,46.65,False,0,False,0.1708457077832462,None
2026-09-02 10:08:00+00:00,16.49,17.99,3531.83,0.0,20.22,False,0,False,0.23428483157093072,None
2026-09-02 10:09:00+00:00,14.2,19.16,3520.35,0.0,20.51,False,0,False,0.22579891765522098,None
2026-09-02 10:10:00+00:00,12.97,16.06,3443.57,0.0,19.8,False,0,False,0.25968783333753426,None
2026-09-02 10:11:00+00:00,14.94,16.53,3534.7,0.64,21.12,False,0,False,0.20199720902546198,None
2026-09-02 10:12:00+00:00,13.25,13.38,3599.65,0.0,20.45,False,0,False,0.2146984482304513,None
2026-09-02 10:13:00+00:00,17.1,18.87,3598.35,0.0,49.79,False,0,False,0.1464706736811776,None
2026-09-02 10:14:00+00:00,19.41,17.38,3117.97,0.19,20.23,False,0,False,0.2377327909991303,None
2026-09-02 10:15:00+00:00,16.84,19.26,3694.92,0.0,20.97,False,0,False,0.2105202201275116,None
2026-09-02 10:16:00+00:00,16.31,17.62,3490.32,0.0,40.08,False,0,False,0.19315670442896649,None
2026-09-02 10:17:00+00:00,19.11,22.08,3678.3,0.0,39.2,False,0,False,0.17901823343941609,None
2026-09-02 10:18:00+00:00,13.67,11.31,3383.28,0.0,20.69,False,0,False,0.23694618291938158,None
2026-09-02 10:19:00+00:00,18.36,16.54,3884.91,0.0,20.16,False,0,False,0.20209122769921956,None
2026-09-02 10:20:00+00:00,14.49,18.07,3799.96,0.0,21.11,False,0,False,0.19881199293137486,None
2026-09-02 10:21:00+00:00,12.95,15.81,3261.0,0.91,43.33,False,0,False,0.11502085811058393,None
2026-09-02 10:22:00+00:00,13.83,16.28,3519.67,0.96,20.24,False,0,False,0.1907277967962328,None
2026-09-02 10:23:00+00:00,19.91,20.93,3449.66,0.0,45.49,False,0,False,0.1844125892341299,None
2026-09-02 10:24:00+00:00,15.32,18.44,3408.14,0.46,39.01,False,0,False,0.19218408039822815,None
2026-09-02 10:25:00+00:00,15.9,19.11,3289.36,0.0,48.15,False,0,False,0.20232156276649804,None
2026-09-02 10:26:00+00:00,13.39,12.35,3297.2,1.19,19.84,True,1,False,0.15738335021388117,Z-Score
2026-09-02 10:27:00+00:00,18.18,23.58,3594.68,0.0,20.7,False,0,False,0.17998665390147028,None
2026-09-02 10:28:00+00:00,19.87,23.85,3423.38,0.0,20.58,False,0,False,0.23211699673243819,None
2026-09-02 10:29:00+00:00,13.12,12.91,3200.53,1.31,56.17,True,1,False,0.0748091346637988,Z-Score
2026-09-02 10:30:00+00:00,16.34,24.96,3209.53,0.0,19.96,False,0,False,0.2412073580066747,None
2026-09-02 10:31:00+00:00,15.43,17.02,3326.79,0.0,20.79,False,0,False,0.257522524473452,None
2026-09-02 10:32:00+00:00,14.32,14.26,3680.29,0.0,20.72,False,0,False,0.1801723330890952,None
2026-09-02 10:33:00+00:00,14.49,13.13,3515.96,0.0,50.48,False,0,False,0.1787193517159169,None
2026-09-02 10:34:00+00:00,12.79,17.43,3750.93,0.0,20.48,False,0,False,0.1861983730354944,None
2026-09-02 10:35:00+00:00,15.72,18.59,3411.37,0.1,20.85,False,0,False,0.23122765431264097,None
2026-09-02 10:36:00+00:00,17.18,18.67,3587.06,0.0,40.71,False,0,False,0.17936429226348377,None
2026-09-02 10:37:00+00:00,17.58,23.37,3639.74,0.09,53.63,False,0,False,0.13078113276343173,None
2026-09-02 10:38:00+00:00,16.26,19.85,3140.47,0.0,48.28,False,0,False,0.22006237702845344,None
2026-09-02 10:39:00+00:00,20.28,19.79,3344.45,0.0,20.68,False,0,False,0.21258325496923497,None
2026-09-02 10:40:00+00:00,19.15,20.38,3373.92,0.0,20.16,False,0,False,0.1945364573451943,None
2026-09-02 10:41:00+00:00,14.89,24.07,3527.39,0.22,56.47,False,0,False,0.11342256399549522,None
2026-09-02 10:42:00+00:00,14.36,13.28,3614.07,0.0,20.63,False,0,False,0.22287686799876105,None
2026-09-02 10:43:00+00:00,17.23,19.53,3354.54,0.0,20.07,False,0,False,0.24710710473890346,None
2026-09-02 10:44:00+00:00,15.38,14.55,3503.45,0.0,58.92,False,0,False,0.15502085331108978,None
2026-09-02 10:45:00+00:00,15.86,18.3,3504.61,0.0,20.97,False,0,False,0.24763230372117861,None
2026-09-02 10:46:00+00:00,15.93,15.62,3328.33,0.0,20.8,False,0,False,0.2531855684829435,None
2026-09-02 10:47:00+00:00,18.48,21.29,3455.79,0.0,21.04,False,0,False,0.1811636100288755,None
2026-09-02 10:48:00+00:00,15.73,20.72,3331.95,0.09,20.53,False,0,False,0.25085431975422295,None
2026-09-02 10:49:00+00:00,9.39,8.06,3543.9,0.0,48.73,False,0,False,0.12145882892870463,None
2026-09-02 10:50:00+00:00,18.57,22.32,3224.38,0.0,19.94,False,0,False,0.24404142900506837,None
2026-09-02 10:51:00+00:00,14.23,16.6,3296.52,0.0,46.41,False,0,False,0.2028236248191841,None
2026-09-02 10:52:00+00:00,18.06,22.67,3394.51,0.0,61.09,False,0,False,0.15635212958225764,None
2026-09-02 10:53:00+00:00,17.84,21.33,3648.75,0.0,52.28,False,0,False,0.1613903871843489,None
2026-09-02 10:54:00+00:00,12.26,10.88,3136.55,0.0,59.13,False,0,False,0.1677636442251813,None
2026-09-02 10:55:00+00:00,16.49,21.89,3266.04,0.0,20.0,False,0,False,0.24660349814894716,None
2026-09-02 10:56:00+00:00,14.98,12.83,3307.39,0.9,57.06,False,0,False,0.11688551732193753,None
2026-09-02 10:57:00+00:00,12.56,14.53,3694.94,0.0,20.14,False,0,False,0.20903807335934693,None
2026-09-02 10:58:00+00:00,10.38,12.35,3169.79,0.56,20.02,False,0,False,0.16855751951361325,None
2026-09-02 10:59:00+00:00,18.2,22.34,3331.93,0.0,20.78,False,0,False,0.246694710152362,None
2026-09-02 11:00:00+00:00,12.81,13.14,3562.33,0.0,46.17,False,0,False,0.12162278218624722,None
2026-09-02 11:01:00+00:00,15.92,16.15,3174.23,0.29,63.84,False,0,False,0.15518997110010918,None
2026-09-02 11:02:00+00:00,14.89,19.76,3196.23,0.0,20.22,False,0,False,0.2691561842362515,None
2026-09-02 11:03:00+00:00,15.22,12.76,3291.59,0.0,20.37,False,0,False,0.25617695132981977,None
2026-09-02 11:04:00+00:00,15.18,17.79,3377.84,0.0,20.87,False,0,False,0.20738726382650846,None
2026-09-02 11:05:00+00:00,15.04,19.25,3312.44,0.0,20.33,False,0,False,0.26277626013882927,None
2026-09-02 11:06:00+00:00,16.87,17.66,3413.7,0.0,53.76,False,0,False,0.14991048513607236,None
2026-09-02 11:07:00+00:00,12.91,15.17,3653.2,0.47,46.98,False,0,False,0.12565708723747848,None
2026-09-02 11:08:00+00:00,18.72,19.08,3392.09,0.86,20.4,False,0,False,0.17798767480102134,None
2026-09-02 11:09:00+00:00,13.11,15.64,3025.2,0.0,61.57,False,0,False,0.18242711504614184,None
2026-09-02 11:10:00+00:00,16.72,14.4,3449.36,0.0,46.28,False,0,False,0.14899814322661248,None
2026-09-02 11:11:00+00:00,15.96,21.94,3369.91,0.0,20.84,False,0,False,0.23946344961580018,None
2026-09-02 11:12:00+00:00,16.6,16.73,3204.04,0.0,20.92,False,0,False,0.23759062274476228,None
2026-09-02 11:13:00+00:00,18.92,19.16,3046.94,0.0,21.12,False,0,False,0.26516112361490224,None
2026-09-02 11:14:00+00:00,11.23,14.19,3304.91,0.0,53.75,False,0,False,0.17559259101075075,None
2026-09-02 11:15:00+00:00,14.73,14.41,3291.92,0.0,47.02,False,0,False,0.20984590293464167,None
2026-09-02 11:16:00+00:00,14.07,13.95,3204.49,0.0,20.75,False,0,False,0.2515640588974798,None
2026-09-02 11:17:00+00:00,17.98,23.2,3308.81,0.0,20.56,False,0,False,0.263319618763469,None
2026-09-02 11:18:00+00:00,17.31,20.01,2960.25,0.25,53.71,False,0,False,0.18106848904933653,None
2026-09-02 11:19:00+00:00,18.23,19.79,3106.94,0.0,54.89,False,0,False,0.20158873519404724,None
2026-09-02 11:20:00+00:00,17.23,18.27,3113.81,0.0,20.37,False,0,False,0.27641812841915686,None
2026-09-02 11:21:00+00:00,13.94,14.42,2948.21,0.0,20.28,False,0,False,0.270866736596186,None
2026-09-02 11:22:00+00:00,16.54,13.03,2894.09,0.38,51.18,False,0,False,0.14603588062992928,None
2026-09-02 11:23:00+00:00,17.15,17.66,3276.79,0.0,20.88,False,0,False,0.26620562665403014,None
2026-09-02 11:24:00+00:00,18.29,19.66,2979.9,0.21,19.97,False,0,False,0.2209482659083878,None
2026-09-02 11:25:00+00:00,13.6,18.18,3231.21,0.87,69.05,False,0,False,0.10413767572990429,None
2026-09-02 11:26:00+00:00,17.0,23.02,3010.01,0.57,19.68,False,0,False,0.15329047825722375,None
2026-09-02 11:27:00+00:00,14.31,15.51,3355.09,0.0,55.1,False,0,False,0.19729776913785696,None
2026-09-02 11:28:00+00:00,14.91,11.03,3170.6,0.0,55.22,False,0,False,0.08410910331405252,None
2026-09-02 11:29:00+00:00,20.21,17.57,3052.91,0.0,20.77,False,0,False,0.2482547740316775,None
2026-09-02 11:30:00+00:00,16.72,23.16,3222.25,1.95,20.88,True,1,False,0.142543592750076,Z-Score
2026-09-02 11:31:00+00:00,17.54,21.28,3178.92,0.0,19.86,False,0,False,0.24107197977901412,None
2026-09-02 11:32:00+00:00,17.7,22.82,3136.96,0.0,20.6,False,0,False,0.17283192885867488,None
2026-09-02 11:33:00+00:00,15.84,15.71,3330.08,0.0,68.42,False,0,False,0.1661917076389326,None
2026-09-02 11:34:00+00:00,12.03,10.68,3163.26,0.0,49.56,False,0,False,0.11808249420158445,None
2026-09-02 11:35:00+00:00,12.9,12.16,2856.32,0.0,63.35,False,0,False,0.1690031065252896,None
2026-09-02 11:36:00+00:00,17.05,17.55,3158.28,0.0,20.19,False,0,False,0.2676628835111563,None
2026-09-02 11:37:00+00:00,17.54,17.66,2814.91,0.91,20.77,False,0,False,0.19357310967951386,None
2026-09-02 11:38:00+00:00,17.23,18.88,3094.32,0.89,56.36,False,0,False,0.11199579961848649,None
2026-09-02 11:39:00+00:00,19.6,26.53,3075.78,0.0,73.52,False,0,False,0.1012382854592292,None
2026-09-02 11:40:00+00:00,17.0,19.19,3245.98,0.74,20.66,False,0,False,0.17010920204846008,None
2026-09-02 11:41:00+00:00,16.79,18.36,3173.37,0.0,20.46,False,0,False,0.2775392965272788,None
2026-09-02 11:42:00+00:00,13.45,21.0,3077.27,0.0,20.92,False,0,False,0.17222836474316128,None
2026-09-02 11:43:00+00:00,16.35,19.28,2972.89,0.0,67.11,False,0,False,0.18710397396510786,None
2026-09-02 11:44:00+00:00,16.92,18.55,3320.57,0.0,55.83,False,0,False,0.12531135585424602,None
2026-09-02 11:45:00+00:00,20.34,20.98,3136.26,0.0,56.97,False,0,False,0.1223933243960833,None
2026-09-02 11:46:00+00:00,14.09,10.78,2969.8,0.0,70.61,False,0,False,0.14408199153569612,None
2026-09-02 11:47:00+00:00,14.98,16.85,3002.54,0.0,20.66,False,0,False,0.27202593046230356,None
2026-09-02 11:48:00+00:00,17.1,17.78,3105.0,0.86,20.23,False,0,False,0.18673631132441876,None
2026-09-02 11:49:00+00:00,13.95,16.24,3169.18,0.0,19.75,False,0,False,0.22495136474771593,None
2026-09-02 11:50:00+00:00,12.23,13.42,3076.07,0.0,20.74,False,0,False,0.2286303126546661,None
2026-09-02 11:51:00+00:00,15.46,21.49,3277.33,0.0,20.99,False,0,False,0.12446685286128634,None
2026-09-02 11:52:00+00:00,21.17,25.1,3046.4,0.0,20.78,False,0,False,0.2139827021986474,None
2026-09-02 11:53:00+00:00,12.02,11.79,2949.94,0.09,21.1,False,0,False,0.2214531262443416,None
2026-09-02 11:54:00+00:00,14.55,19.67,3233.91,0.0,75.4,False,0,False,0.10016860812658324,None
2026-09-02 11:55:00+00:00,17.63,24.3,3213.41,0.0,54.57,False,0,False,0.16529824811584087,None
2026-09-02 11:56:00+00:00,18.89,21.61,3093.53,0.0,56.51,False,0,False,0.1444498313239838,None
2026-09-02 11:57:00+00:00,18.6,20.26,3047.62,0.0,20.93,False,0,False,0.2411571616323357,None
2026-09-02 11:58:00+00:00,16.54,20.74,3242.46,0.0,20.76,False,0,False,0.2408320109206163,None
2026-09-02 11:59:00+00:00,14.59,22.79,3161.5,0.0,19.86,False,0,False,0.26724439652033793,None
2026-09-02 12:00:00+00:00,13.32,19.81,3373.28,0.35,19.64,False,0,False,0.21055128806326023,None
2026-09-02 12:01:00+00:00,19.5,19.37,2985.47,0.0,20.72,False,0,False,0.24734182745067462,None
2026-09-02 12:02:00+00:00,11.94,12.7,3040.52,0.0,61.49,False,0,False,0.12976022865871462,None
2026-09-02 12:03:00+00:00,15.64,21.13,2945.26,0.0,60.18,False,0,False,0.19493786241984423,None
2026-09-02 12:04:00+00:00,16.38,18.09,2672.99,0.0,20.35,False,0,False,0.22239672608470384,None
2026-09-02 12:05:00+00:00,14.61,19.15,3177.89,0.0,64.94,False,0,False,0.16763582533515647,None
2026-09-02 12:06:00+00:00,18.73,20.42,3062.48,0.15,21.09,False,0,False,0.18657923214485028,None
2026-09-02 12:07:00+00:00,17.14,17.79,2969.9,0.28,20.95,False,0,False,0.2415893083366365,None
2026-09-02 12:08:00+00:00,12.77,13.25,3186.77,0.0,20.02,False,0,False,0.17441370579917842,None
2026-09-02 12:09:00+00:00,17.44,17.93,2907.31,0.35,76.25,False,0,False,0.07982196063826319,None
2026-09-02 12:10:00+00:00,16.43,21.91,2838.51,0.36,21.12,False,0,False,0.233190512048426,None
2026-09-02 12:11:00+00:00,13.62,19.54,2795.64,1.26,20.32,True,1,False,0.13295629685564392,Z-Score
2026-09-02 12:12:00+00:00,15.87,17.74,3028.34,0.0,63.05,False,0,False,0.1817288415753872,None
2026-09-02 12:13:00+00:00,15.14,13.05,2923.17,0.0,20.56,False,0,False,0.25194048310154527,None
2026-09-02 12:14:00+00:00,14.46,16.68,2908.77,0.0,59.28,False,0,False,0.1355712123047852,None
2026-09-02 12:15:00+00:00,14.83,22.32,2973.73,0.0,78.7,False,0,False,0.13989557451709655,None
2026-09-02 12:16:00+00:00,10.46,11.91,3084.56,0.0,57.52,False,0,False,0.15828884210777389,None
2026-09-02 12:17:00+00:00,17.18,20.26,3033.68,0.0,77.39,False,0,False,0.1477631133779253,None
2026-09-02 12:18:00+00:00,19.13,19.09,3005.78,0.0,57.53,False,0,False,0.1713114177166068,None
2026-09-02 12:19:00+00:00,11.32,13.69,3049.72,0.0,71.33,False,0,False,0.12589531911230634,None
2026-09-02 12:20:00+00:00,19.26,20.27,3043.46,0.0,58.34,False,0,False,0.11396373299564921,None
2026-09-02 12:21:00+00:00,11.53,13.66,2795.18,0.0,20.29,False,0,False,0.23386513645198947,None
2026-09-02 12:22:00+00:00,11.49,9.27,2982.57,0.28,19.96,False,0,False,0.13867819847798868,None
2026-09-02 12:23:00+00:00,15.81,16.04,2975.33,0.0,20.57,False,0,False,0.28342760017598484,None
2026-09-02 12:24:00+00:00,14.24,10.83,2981.11,0.2,20.03,False,0,False,0.21745332933084266,None
2026-09-02 12:25:00+00:00,18.8,26.56,2982.65,0.0,63.66,False,0,False,0.13113511944309342,None
2026-09-02 12:26:00+00:00,16.88,21.41,3211.02,0.59,20.12,False,0,False,0.17727393307364026,None
2026-09-02 12:27:00+00:00,16.38,16.68,2824.01,0.52,19.93,False,0,False,0.2055755422593074,None
2026-09-02 12:28:00+00:00,13.58,18.12,2950.99,0.48,19.83,False,0,False,0.1744440538101712,None
2026-09-02 12:29:00+00:00,18.33,18.67,2795.96,0.94,83.1,False,0,False,0.05321779847487329,None
2026-09-02 12:30:00+00:00,18.07,20.73,2842.81,0.0,20.68,False,0,False,0.18662467440787495,None
2026-09-02 12:31:00+00:00,10.14,13.48,2973.9,0.0,19.77,False,0,False,0.23893803112684747,None
2026-09-02 12:32:00+00:00,13.47,10.21,2817.25,0.23,69.82,False,0,False,0.12395318186894844,None
2026-09-02 12:33:00+00:00,15.98,20.71,2991.52,0.0,69.29,False,0,False,0.1709007923125193,None
2026-09-02 12:34:00+00:00,14.33,15.6,2677.43,0.0,20.31,False,0,False,0.23442515897335264,None
2026-09-02 12:35:00+00:00,13.52,16.41,3091.23,0.0,69.8,False,0,False,0.15225492498340493,None
2026-09-02 12:36:00+00:00,13.11,16.2,2699.7,0.0,20.83,False,0,False,0.24671167605672184,None
2026-09-02 12:37:00+00:00,16.64,16.29,2819.34,0.61,20.86,False,0,False,0.19910480823630478,None
2026-09-02 12:38:00+00:00,16.0,18.16,2771.87,0.52,20.03,False,0,False,0.20456567041418194,None
2026-09-02 12:39:00+00:00,15.97,18.42,2809.46,0.0,20.14,False,0,False,0.2061810497379139,None
2026-09-02 12:40:00+00:00,12.6,18.25,2801.14,0.0,20.97,False,0,False,0.22954194935576022,None
2026-09-02 12:41:00+00:00,21.32,23.45,3019.14,0.0,20.72,False,0,False,0.17708802472904495,None
2026-09-02 12:42:00+00:00,17.24,13.26,2877.64,0.0,58.71,False,0,False,0.15162011168431377,None
2026-09-02 12:43:00+00:00,17.85,21.58,3108.19,0.82,64.02,False,0,False,0.09973490430223786,None
2026-09-02 12:44:00+00:00,12.05,14.41,2936.17,0.85,19.68,False,0,False,0.19281063954019284,None
2026-09-02 12:45:00+00:00,17.08,15.53,2626.28,0.0,20.21,False,0,False,0.2634471388422478,None
2026-09-02 12:46:00+00:00,17.99,21.23,2613.92,0.0,62.17,False,0,False,0.15538407022047063,None
2026-09-02 12:47:00+00:00,11.54,18.51,2845.45,0.0,20.99,False,0,False,0.2195672907956588,None
2026-09-02 12:48:00+00:00,14.04,16.31,2925.6,0.0,19.82,False,0,False,0.24707088702594537,None
2026-09-02 12:49:00+00:00,16.84,26.22,2786.19,0.0,20.72,False,0,False,0.1096519732850525,None
2026-09-02 12:50:00+00:00,18.15,25.53,2581.5,0.0,20.87,False,0,False,0.1640277582177067,None
2026-09-02 12:51:00+00:00,11.89,15.83,2764.42,0.0,21.08,False,0,False,0.21723384757066477,None
2026-09-02 12:52:00+00:00,18.46,18.64,2986.78,0.19,73.6,False,0,False,0.12978704243747485,None
2026-09-02 12:53:00+00:00,12.33,14.13,2957.61,0.0,81.13,False,0,False,0.13623111609309457,None
2026-09-02 12:54:00+00:00,16.88,22.43,2746.05,0.54,20.16,False,0,False,0.152254006373285,None
2026-09-02 12:55:00+00:00,17.33,20.4,2875.37,0.0,67.9,False,0,False,0.14866540587465443,None
2026-09-02 12:56:00+00:00,14.1,14.17,2607.89,0.23,20.74,False,0,False,0.12549449412461244,None
2026-09-02 12:57:00+00:00,16.82,17.79,2759.76,0.0,20.12,False,0,False,0.25175814061101376,None
2026-09-02 12:58:00+00:00,16.11,19.09,2788.5,0.17,19.69,False,0,False,0.24495785491928307,None
2026-09-02 12:59:00+00:00,18.81,23.03,2880.87,0.0,60.33,False,0,False,0.14693652004380475,None
2026-09-02 13:00:00+00:00,14.71,14.42,2948.66,0.0,20.37,False,0,False,0.23760681316735988,None
2026-09-02 13:01:00+00:00,19.61,25.16,2724.33,0.82,84.43,False,0,False,0.026097642393336007,None
2026-09-02 13:02:00+00:00,21.36,21.88,2799.86,0.0,20.96,False,0,False,0.22644660168870684,None
2026-09-02 13:03:00+00:00,15.44,16.57,2865.48,0.0,20.18,False,0,False,0.2506312725203483,None
2026-09-02 13:04:00+00:00,17.7,17.34,2900.49,0.0,19.87,False,0,False,0.25623167104831424,None
2026-09-02 13:05:00+00:00,16.04,19.2,2902.51,0.0,20.29,False,0,False,0.24990101438649698,None
2026-09-02 13:06:00+00:00,17.3,18.16,2743.37,0.0,80.59,False,0,False,0.13844375593883562,None
2026-09-02 13:07:00+00:00,14.91,17.82,2510.76,0.0,20.47,False,0,False,0.2297770756897518,None
2026-09-02 13:08:00+00:00,14.33,14.67,2769.06,0.0,67.15,False,0,False,0.15381239661750118,None
2026-09-02 13:09:00+00:00,16.03,20.53,2727.81,1.09,84.0,True,1,False,0.026172034242480047,Z-Score
2026-09-02 13:10:00+00:00,13.74,13.88,2549.7,1.08,20.66,False,0,False,0.08896863264927468,None
2026-09-02 13:11:00+00:00,17.05,20.65,2770.15,0.0,73.61,False,0,False,0.12623810286203485,None
2026-09-02 13:12:00+00:00,18.07,17.88,2933.98,0.0,88.42,False,0,False,0.12050964247652252,None
2026-09-02 13:13:00+00:00,18.02,18.51,2854.93,0.34,19.95,False,0,False,0.22500441933100274,None
2026-09-02 13:14:00+00:00,15.65,18.57,2720.69,0.0,19.75,False,0,False,0.27154297015869044,None
2026-09-02 13:15:00+00:00,15.15,14.34,2752.54,0.0,19.9,False,0,False,0.2562684868807176,None
2026-09-02 13:16:00+00:00,17.11,18.33,2927.78,0.0,20.17,False,0,False,0.2669539780444602,None
2026-09-02 13:17:00+00:00,12.25,14.15,2565.02,0.0,20.96,False,0,False,0.1816785622875986,None
2026-09-02 13:18:00+00:00,17.22,21.06,2917.41,0.0,20.43,False,0,False,0.23251193721278995,None
2026-09-02 13:19:00+00:00,11.81,9.36,2797.2,0.0,57.76,False,0,False,0.07268837826674857,None
2026-09-02 13:20:00+00:00,13.47,18.33,2627.53,0.0,59.71,False,0,False,0.17721769610445331,None
2026-09-02 13:21:00+00:00,16.46,20.45,2704.67,0.0,20.25,False,0,False,0.20560659516989105,None
2026-09-02 13:22:00+00:00,12.53,13.0,2759.46,0.0,20.48,False,0,False,0.17337831868723325,None
2026-09-02 13:23:00+00:00,13.26,15.82,2702.53,0.0,81.52,False,0,False,0.07589272380391021,None
2026-09-02 13:24:00+00:00,13.62,16.13,2820.72,0.0,20.08,False,0,False,0.2540972832755851,None
2026-09-02 13:25:00+00:00,13.4,22.55,2897.77,0.0,86.71,False,0,False,0.10968199381615695,None
2026-09-02 13:26:00+00:00,15.13,16.84,2691.49,0.0,79.23,False,0,False,0.13271728208459677,None
2026-09-02 13:27:00+00:00,18.78,19.91,2608.29,0.0,85.93,False,0,False,0.10653181206164686,None
2026-09-02 13:28:00+00:00,13.88,8.16,2682.3,0.0,20.77,False,0,False,0.20045229069082304,None
2026-09-02 13:29:00+00:00,10.78,12.76,2734.3,0.18,21.13,False,0,False,0.21179603094483324,None
2026-09-02 13:30:00+00:00,21.31,24.85,2481.36,0.0,19.71,False,0,False,0.14255955905233608,None
2026-09-02 13:31:00+00:00,11.18,11.69,2614.41,0.0,59.94,False,0,False,0.12414516472877046,None
2026-09-02 13:32:00+00:00,14.82,14.65,2758.8,0.0,20.29,False,0,False,0.23525989050925122,None
2026-09-02 13:33:00+00:00,15.27,16.31,2780.43,1.1,20.43,True,1,False,0.1889700813852933,Z-Score
2026-09-02 13:34:00+00:00,17.49,22.14,2818.36,0.32,74.61,False,0,False,0.10364063278274538,None
2026-09-02 13:35:00+00:00,10.48,11.11,2897.03,0.4,60.64,False,0,False,0.1280743161930724,None
2026-09-02 13:36:00+00:00,16.7,14.43,2761.9,0.0,20.9,False,0,False,0.22932182365336873,None
2026-09-02 13:37:00+00:00,22.9,26.72,2863.77,0.0,73.47,False,0,False,0.09118959285778316,None
2026-09-02 13:38:00+00:00,16.93,17.63,2625.69,0.45,20.6,False,0,False,0.21564780934069883,None
2026-09-02 13:39:00+00:00,14.13,15.29,2718.13,0.0,65.22,False,0,False,0.1487175331070394,None
2026-09-02 13:40:00+00:00,15.8,25.06,2761.16,0.0,20.48,False,0,False,0.1855381022913109,None
2026-09-02 13:41:00+00:00,10.73,14.32,2671.11,0.65,20.64,False,0,False,0.1795225544087955,None
2026-09-02 13:42:00+00:00,15.29,15.4,2532.13,0.49,20.12,False,0,False,0.14784005201173644,None
2026-09-02 13:43:00+00:00,14.75,21.04,2451.67,0.0,81.44,False,0,False,0.08322680652615722,None
2026-09-02 13:44:00+00:00,11.71,10.94,2585.15,0.0,73.34,False,0,False,0.13419632779865476,None
2026-09-02 13:45:00+00:00,17.32,14.65,2713.11,0.0,60.48,False,0,False,0.18311353358893778,None
2026-09-02 13:46:00+00:00,17.16,14.6,2568.6,0.0,19.78,False,0,False,0.2509564089337543,None
2026-09-02 13:47:00+00:00,17.69,18.37,2689.05,0.0,77.2,False,0,False,0.14285754214110935,None
2026-09-02 13:48:00+00:00,13.86,18.61,2423.11,0.72,20.19,False,0,False,0.18850160448882092,None
2026-09-02 13:49:00+00:00,16.16,17.45,2420.06,0.0,82.21,False,0,False,0.09178075167340027,None
2026-09-02 13:50:00+00:00,14.76,16.5,2910.46,0.0,20.77,False,0,False,0.2710001937620623,None
2026-09-02 13:51:00+00:00,18.31,16.3,2828.75,0.0,74.43,False,0,False,0.1516275396573658,None
2026-09-02 13:52:00+00:00,13.42,13.34,3016.66,0.0,19.82,False,0,False,0.2342099024136971,None
2026-09-02 13:53:00+00:00,19.29,24.61,2861.14,0.0,20.29,False,0,False,0.1689862926370348,None
2026-09-02 13:54:00+00:00,17.88,22.22,2858.81,0.48,20.17,False,0,False,0.20753446537107206,None
2026-09-02 13:55:00+00:00,14.86,15.4,2891.59,0.83,20.35,False,0,False,0.12779597114157681,None
2026-09-02 13:56:00+00:00,8.99,9.8,2678.19,0.18,19.76,False,0,False,0.1664361866213535,None
2026-09-02 13:57:00+00:00,16.85,19.8,2836.29,0.74,20.5,False,0,False,0.18463189641401467,None
2026-09-02 13:58:00+00:00,15.31,13.88,2631.57,0.0,83.78,False,0,False,0.13032794307593,None
2026-09-02 13:59:00+00:00,13.73,14.78,2413.33,0.0,19.89,False,0,False,0.23355425896897364,None
2026-09-02 14:00:00+00:00,19.58,20.89,2803.83,0.0,86.69,False,0,False,0.041059217933344994,None
2026-09-02 14:01:00+00:00,19.65,22.52,2501.53,0.0,86.12,False,0,False,0.08823311367555708,None
2026-09-02 14:02:00+00:00,11.58,15.33,2690.9,0.0,19.75,False,0,False,0.2432376539210307,None
2026-09-02 14:03:00+00:00,19.17,24.44,2568.35,0.0,20.61,False,0,False,0.13122307993781468,None
2026-09-02 14:04:00+00:00,10.48,9.44,2766.94,0.0,20.04,False,0,False,0.1879843834249907,None
2026-09-02 14:05:00+00:00,13.41,18.55,2727.21,0.0,58.63,False,0,False,0.16470169766439796,None
2026-09-02 14:06:00+00:00,15.8,18.1,2669.21,0.0,64.83,False,0,False,0.18475023819184871,None
2026-09-02 14:07:00+00:00,13.96,18.18,2811.78,0.0,20.77,False,0,False,0.2486437852749382,None
2026-09-02 14:08:00+00:00,15.31,19.64,2934.96,0.0,20.78,False,0,False,0.23931213599166856,None
2026-09-02 14:09:00+00:00,18.81,25.14,2729.86,0.0,21.07,False,0,False,0.2337103386594791,None
2026-09-02 14:10:00+00:00,14.71,19.15,2601.13,0.0,77.34,False,0,False,0.1328808734967476,None
2026-09-02 14:11:00+00:00,16.38,20.71,2472.75,0.59,81.43,False,0,False,0.04992556962749173,None
2026-09-02 14:12:00+00:00,15.73,16.86,2906.49,0.0,69.79,False,0,False,0.17634919240516356,None
2026-09-02 14:13:00+00:00,16.06,15.85,2454.32,0.48,19.66,False,0,False,0.16093454394518047,None
2026-09-02 14:14:00+00:00,13.53,12.01,2582.8,0.67,81.45,False,0,False,0.07902277689469428,None
2026-09-02 14:15:00+00:00,12.02,12.62,2581.53,0.0,75.62,False,0,False,0.10904117308200079,None
2026-09-02 14:16:00+00:00,18.14,17.85,2850.6,0.7,20.7,False,0,False,0.14229872003691135,None
2026-09-02 14:17:00+00:00,14.94,17.88,2605.68,0.0,60.99,False,0,False,0.1666462387825534,None
2026-09-02 14:18:00+00:00,13.27,13.45,2758.27,0.2,59.95,False,0,False,0.15737217991300617,None
2026-09-02 14:19:00+00:00,15.43,18.1,2610.69,0.89,83.87,False,0,False,0.057750253230941184,None
2026-09-02 14:20:00+00:00,14.71,17.15,2813.38,0.1,20.61,False,0,False,0.14167062812621467,None
2026-09-02 14:21:00+00:00,19.68,21.79,2788.09,0.0,85.17,False,0,False,0.10368523783233907,None
2026-09-02 14:22:00+00:00,15.82,14.79,2659.71,0.0,69.28,False,0,False,0.1652152032173727,None
2026-09-02 14:23:00+00:00,20.19,22.35,2574.58,0.0,21.05,False,0,False,0.20313489331088208,None
2026-09-02 14:24:00+00:00,17.72,23.91,2633.35,0.0,21.1,False,0,False,0.14790818818625762,None
2026-09-02 14:25:00+00:00,15.4,17.56,2809.59,0.0,75.84,False,0,False,0.1484732301739896,None
2026-09-02 14:26:00+00:00,11.84,16.1,2724.94,1.33,58.42,True,1,False,0.048605336368736984,Z-Score
2026-09-02 14:27:00+00:00,17.98,19.29,2359.61,0.17,20.54,False,0,False,0.12116571105244756,None
2026-09-02 14:28:00+00:00,10.18,11.76,2679.51,0.0,19.78,False,0,False,0.16072580464633235,None
2026-09-02 14:29:00+00:00,16.6,19.02,2638.9,0.0,20.83,False,0,False,0.24475028635539203,None
2026-09-02 14:30:00+00:00,15.86,18.58,2839.19,0.0,62.97,False,0,False,0.19511448630494904,None
2026-09-02 14:31:00+00:00,16.96,18.81,2617.82,0.38,78.72,False,0,False,0.10635476684577128,None
2026-09-02 14:32:00+00:00,13.0,11.78,2572.57,0.0,20.43,False,0,False,0.21990875121273834,None
2026-09-02 14:33:00+00:00,11.36,7.97,2715.47,0.51,20.86,False,0,False,0.1671184443913436,None
2026-09-02 14:34:00+00:00,19.21,22.88,2644.74,0.0,83.15,False,0,False,0.04912586196533009,None
2026-09-02 14:35:00+00:00,13.12,20.95,2755.14,0.0,19.69,False,0,False,0.24856389988867855,None
2026-09-02 14:36:00+00:00,11.66,11.63,2992.88,0.0,21.01,False,0,False,0.2543135760126087,None
2026-09-02 14:37:00+00:00,13.04,13.64,2872.83,0.0,20.77,False,0,False,0.2111918423717245,None
2026-09-02 14:38:00+00:00,14.67,16.9,2664.84,0.0,20.82,False,0,False,0.24543032888934113,None
2026-09-02 14:39:00+00:00,11.18,16.46,2707.6,0.0,20.51,False,0,False,0.2482419052726606,None
2026-09-02 14:40:00+00:00,18.37,21.11,2673.26,0.0,20.4,False,0,False,0.24904626740067554,None
2026-09-02 14:41:00+00:00,16.31,22.94,2636.79,0.0,71.54,False,0,False,0.15137319681404543,None
2026-09-02 14:42:00+00:00,15.44,21.06,2660.8,0.0,64.94,False,0,False,0.13775244437133904,None
2026-09-02 14:43:00+00:00,13.15,15.71,2520.28,0.43,20.97,False,0,False,0.16318489327926045,None
2026-09-02 14:44:00+00:00,18.0,19.05,2457.32,0.0,81.55,False,0,False,0.10353111147623162,None
2026-09-02 14:45:00+00:00,11.98,12.21,2564.65,0.0,19.91,False,0,False,0.18413241430058136,None
2026-09-02 14:46:00+00:00,17.89,18.59,2554.92,0.0,19.79,False,0,False,0.25809406058995854,None
2026-09-02 14:47:00+00:00,12.19,13.45,2906.41,0.01,19.72,False,0,False,0.21134492618468698,None
2026-09-02 14:48:00+00:00,13.05,15.54,2633.97,0.0,77.25,False,0,False,0.14672531470132033,None
2026-09-02 14:49:00+00:00,16.24,17.33,2695.34,0.0,20.74,False,0,False,0.18600009140181295,None
2026-09-02 14:50:00+00:00,13.1,17.78,2431.42,0.0,20.97,False,0,False,0.1901441544959101,None
2026-09-02 14:51:00+00:00,13.75,16.84,2901.23,0.0,75.2,False,0,False,0.15334414755170106,None
2026-09-02 14:52:00+00:00,13.87,17.83,2834.03,0.0,19.99,False,0,False,0.183447642540915,None
2026-09-02 14:53:00+00:00,19.35,18.78,2869.87,1.33,68.43,True,1,False,0.061893493464913796,Z-Score
2026-09-02 14:54:00+00:00,13.58,16.81,2606.36,0.0,20.09,False,0,False,0.21012226025222458,None
2026-09-02 14:55:00+00:00,16.45,22.3,3035.89,0.0,20.52,False,0,False,0.1557621775204302,None
2026-09-02 14:56:00+00:00,16.29,18.77,2551.88,0.0,68.35,False,0,False,0.12113256523884275,None
2026-09-02 14:57:00+00:00,15.42,16.87,2562.02,0.0,19.79,False,0,False,0.22673355994679412,None
2026-09-02 14:58:00+00:00,15.93,16.62,2420.75,0.0,53.2,False,0,False,0.17834941515730807,None
2026-09-02 14:59:00+00:00,17.14,19.29,2798.6,0.0,53.69,False,0,False,0.21312471113222758,None
2026-09-02 15:00:00+00:00,16.85,17.02,2368.77,0.0,61.06,False,0,False,0.1552450199587821,None
2026-09-02 15:01:00+00:00,14.42,16.86,2725.41,0.76,21.1,False,0,False,0.18991446588279892,None
2026-09-02 15:02:00+00:00,14.59,18.31,2869.66,0.0,72.53,False,0,False,0.16509656241796827,None
2026-09-02 15:03:00+00:00,13.77,11.71,2572.9,0.88,19.98,False,0,False,0.11588047046042305,None
2026-09-02 15:04:00+00:00,13.69,13.76,2777.01,0.0,77.41,False,0,False,0.08308338098404522,None
2026-09-02 15:05:00+00:00,15.52,13.12,2773.16,0.0,69.9,False,0,False,0.17025780773761623,None
2026-09-02 15:06:00+00:00,13.74,13.48,2729.83,0.0,20.14,False,0,False,0.25150625605361726,None
2026-09-02 15:07:00+00:00,12.24,13.34,2520.24,0.0,62.94,False,0,False,0.11580072172255995,None
2026-09-02 15:08:00+00:00,15.59,19.1,2623.01,0.0,68.9,False,0,False,0.18140058780588075,None
2026-09-02 15:09:00+00:00,14.25,12.4,3084.56,0.0,20.29,False,0,False,0.24465847492567044,None
2026-09-02 15:10:00+00:00,19.25,23.98,2767.3,0.0,20.19,False,0,False,0.21057461650074372,None
2026-09-02 15:11:00+00:00,16.69,20.2,2487.28,0.0,76.1,False,0,False,0.11176358125260044,None
2026-09-02 15:12:00+00:00,16.22,22.0,2847.63,0.29,72.29,False,0,False,0.04839732336486491,None
2026-09-02 15:13:00+00:00,12.79,16.96,2573.77,0.97,20.79,False,0,False,0.1597884311769056,None
2026-09-02 15:14:00+00:00,16.32,22.12,2569.3,0.0,20.5,False,0,False,0.2273530507389911,None
2026-09-02 15:15:00+00:00,15.92,24.6,2493.69,0.63,20.47,False,0,False,0.15765574662076687,None
2026-09-02 15:16:00+00:00,8.25,12.27,2652.3,0.0,69.68,False,0,False,0.12944768992547528,None
2026-09-02 15:17:00+00:00,18.24,18.89,2646.35,0.08,20.01,False,0,False,0.2294424149644903,None
2026-09-02 15:18:00+00:00,13.85,18.17,2466.85,0.0,20.94,False,0,False,0.22471631184042812,None
2026-09-02 15:19:00+00:00,13.14,15.97,2629.49,0.06,20.37,False,0,False,0.2348798422547569,None
2026-09-02 15:20:00+00:00,14.6,19.29,2804.79,0.0,20.6,False,0,False,0.22168104991282644,None
2026-09-02 15:21:00+00:00,12.07,16.44,2805.72,0.0,65.1,False,0,False,0.17188709696199844,None
2026-09-02 15:22:00+00:00,14.83,25.21,2989.53,0.24,69.51,False,0,False,0.08064014180961743,None
2026-09-02 15:23:00+00:00,15.76,16.61,2506.3,0.0,20.04,False,0,False,0.20484794065259998,None
2026-09-02 15:24:00+00:00,13.28,13.96,2790.73,0.0,55.42,False,0,False,0.19365357364617458,None
2026-09-02 15:25:00+00:00,15.92,16.86,2726.93,0.69,72.63,False,0,False,0.11398332740282002,None
2026-09-02 15:26:00+00:00,14.02,16.81,2642.44,0.38,20.96,False,0,False,0.21144414943220258,None
2026-09-02 15:27:00+00:00,16.9,21.77,2614.28,0.0,20.92,False,0,False,0.23066152320959832,None
2026-09-02 15:28:00+00:00,18.98,24.06,2453.4,0.36,53.65,False,0,False,0.11117052512831227,None
2026-09-02 15:29:00+00:00,20.94,22.61,2639.66,0.0,21.06,False,0,False,0.22508366360866527,None
2026-09-02 15:30:00+00:00,15.79,13.02,2859.6,0.35,63.29,False,0,False,0.14475059808560387,None
2026-09-02 15:31:00+00:00,15.2,16.83,2856.61,0.0,55.57,False,0,False,0.20784014167927067,None
2026-09-02 15:32:00+00:00,16.76,23.31,2648.56,0.0,20.37,False,0,False,0.248813439221519,None
2026-09-02 15:33:00+00:00,14.45,12.52,2724.9,0.08,20.95,False,0,False,0.2507440205067548,None
2026-09-02 15:34:00+00:00,15.55,18.14,2542.94,0.0,64.67,False,0,False,0.1772095776250246,None
2026-09-02 15:35:00+00:00,12.66,13.89,2695.1,0.18,20.97,False,0,False,0.21551321784052896,None
2026-09-02 15:36:00+00:00,18.0,21.87,2549.71,0.0,20.71,False,0,False,0.22007843721194914,None
2026-09-02 15:37:00+00:00,18.86,23.45,2925.88,0.52,20.17,False,0,False,0.20239416467411175,None
2026-09-02 15:38:00+00:00,12.18,14.74,2613.61,0.0,20.32,False,0,False,0.22988813081038245,None
2026-09-02 15:39:00+00:00,19.59,27.25,2604.53,0.0,20.32,False,0,False,0.17843451400568094,None
2026-09-02 15:40:00+00:00,10.46,12.4,2776.8,0.46,69.84,False,0,False,0.11435273642941257,None
2026-09-02 15:41:00+00:00,15.21,19.08,2628.86,0.0,21.0,False,0,False,0.2558934816736925,None
2026-09-02 15:42:00+00:00,15.8,15.34,2617.52,0.0,59.51,False,0,False,0.1873648360542151,None
2026-09-02 15:43:00+00:00,16.75,22.33,2661.82,0.0,21.09,False,0,False,0.22143348718188005,None
2026-09-02 15:44:00+00:00,11.54,8.61,2859.15,0.0,65.79,False,0,False,0.14508464372707547,None
2026-09-02 15:45:00+00:00,14.73,14.05,2641.2,0.0,49.23,False,0,False,0.21115449520187185,None
2026-09-02 15:46:00+00:00,12.05,13.96,2721.1,0.2,20.86,False,0,False,0.2096743189361983,None
2026-09-02 15:47:00+00:00,20.13,22.06,2530.12,0.0,50.81,False,0,False,0.16422944826359526,None
2026-09-02 15:48:00+00:00,14.73,16.48,2726.06,0.49,46.99,False,0,False,0.16405973567435578,None
2026-09-02 15:49:00+00:00,12.68,12.65,2750.67,0.0,20.93,False,0,False,0.25301695834832094,None
2026-09-02 15:50:00+00:00,15.24,18.88,2790.73,0.0,19.75,False,0,False,0.2606711359807376,None
2026-09-02 15:51:00+00:00,13.95,14.53,2731.76,0.0,19.68,False,0,False,0.25879335020858496,None
2026-09-02 15:52:00+00:00,13.23,16.53,2953.27,0.95,21.11,False,0,False,0.1640329219972223,None
2026-09-02 15:53:00+00:00,20.61,25.46,2962.2,0.0,19.86,False,0,False,0.21271941393329385,None
2026-09-02 15:54:00+00:00,12.1,9.66,2692.46,0.3,19.8,False,0,False,0.19634339279608964,None
2026-09-02 15:55:00+00:00,9.45,16.59,2701.0,0.0,49.53,False,0,False,0.17594873165738278,None
2026-09-02 15:56:00+00:00,17.4,14.74,2710.19,0.0,52.58,False,0,False,0.18106344889736548,None
2026-09-02 15:57:00+00:00,12.77,14.29,2612.94,0.0,46.55,False,0,False,0.14367525883592108,None
2026-09-02 15:58:00+00:00,14.16,11.68,2813.46,0.0,20.57,False,0,False,0.24534052766853226,None
2026-09-02 15:59:00+00:00,19.15,20.42,2858.8,0.0,20.89,False,0,False,0.2364170100690156,None
2026-09-02 16:00:00+00:00,10.24,16.52,2691.04,0.0,20.15,False,0,False,0.21037006684459153,None
2026-09-02 16:01:00+00:00,13.31,13.06,2619.56,0.0,20.95,False,0,False,0.24400899288087524,None
2026-09-02 16:02:00+00:00,18.6,21.45,2690.59,0.0,20.47,False,0,False,0.26778590956990495,None
2026-09-02 16:03:00+00:00,15.05,20.93,2702.1,0.13,21.02,False,0,False,0.23813976465551812,None
2026-09-02 16:04:00+00:00,15.63,18.74,2793.35,0.0,43.86,False,0,False,0.18456953712894864,None
2026-09-02 16:05:00+00:00,16.68,20.89,2585.54,0.0,21.05,False,0,False,0.23528974300908145,None
2026-09-02 16:06:00+00:00,16.85,27.0,2725.76,0.26,20.53,False,0,False,0.1686318827597928,None
2026-09-02 16:07:00+00:00,15.89,19.76,3163.76,0.0,44.42,True,1,False,0.21594390601878571,Z-Score
2026-09-02 16:08:00+00:00,15.23,16.06,2498.95,0.0,20.29,False,0,False,0.2564174849192533,None
2026-09-02 16:09:00+00:00,11.3,15.25,2862.72,0.0,59.17,False,0,False,0.17622728518795283,None
2026-09-02 16:10:00+00:00,15.6,17.93,2664.98,0.41,19.68,False,0,False,0.2373550475984625,None
2026-09-02 16:11:00+00:00,19.57,20.62,2726.05,0.0,58.48,False,0,False,0.16963511021812444,None
2026-09-02 16:12:00+00:00,16.95,20.06,2688.84,0.0,19.93,False,0,False,0.2763752777544459,None
2026-09-02 16:13:00+00:00,18.37,23.74,2589.56,0.0,19.88,False,0,False,0.2415194032013157,None
2026-09-02 16:14:00+00:00,15.15,15.8,2857.65,0.46,19.9,False,0,False,0.24673757998136897,None
2026-09-02 16:15:00+00:00,16.13,18.96,2935.49,0.0,53.02,False,0,False,0.219095951654179,None
2026-09-02 16:16:00+00:00,14.43,18.15,2858.9,0.0,41.98,False,0,False,0.23400444927045344,None
2026-09-02 16:17:00+00:00,14.22,15.94,2791.06,0.0,20.82,False,0,False,0.27589472800004344,None
2026-09-02 16:18:00+00:00,15.8,14.43,2847.51,0.54,20.16,False,0,False,0.19035401036487393,None
2026-09-02 16:19:00+00:00,18.13,20.38,2635.39,0.0,48.96,False,0,False,0.20605868941161198,None
2026-09-02 16:20:00+00:00,14.22,15.93,2991.95,0.0,20.45,False,0,False,0.27553048644378575,None
2026-09-02 16:21:00+00:00,18.0,21.53,2920.85,0.0,20.57,False,0,False,0.24184165356643977,None
2026-09-02 16:22:00+00:00,19.17,19.64,2846.75,0.27,56.6,False,0,False,0.14853346287173091,None
2026-09-02 16:23:00+00:00,18.58,24.87,2841.01,0.0,50.44,False,0,False,0.1796661848066976,None
2026-09-02 16:24:00+00:00,19.86,20.05,2774.1,0.0,20.76,False,0,False,0.25860961603918126,None
2026-09-02 16:25:00+00:00,16.31,18.42,2615.28,0.77,20.8,True,1,False,0.19801434997013484,Z-Score
2026-09-02 16:26:00+00:00,17.65,22.43,2903.83,0.0,19.86,False,0,False,0.23983466178268914,None
2026-09-02 16:27:00+00:00,14.61,14.24,2625.6,0.0,45.11,False,0,False,0.21816146527505031,None
2026-09-02 16:28:00+00:00,14.31,13.3,2803.54,0.0,57.01,False,0,False,0.19513456389684286,None
2026-09-02 16:29:00+00:00,13.9,16.03,2770.03,0.0,20.15,False,0,False,0.27311603709492427,None
2026-09-02 16:30:00+00:00,15.74,16.08,2970.72,0.0,50.68,False,0,False,0.22433997719518195,None
2026-09-02 16:31:00+00:00,17.03,18.09,2751.34,0.0,42.14,False,0,False,0.21655199166600275,None
2026-09-02 16:32:00+00:00,16.41,19.63,2556.07,0.0,55.29,False,0,False,0.18979152656415588,None
2026-09-02 16:33:00+00:00,9.33,11.14,2956.78,0.0,20.22,False,0,False,0.2339135289964303,None
2026-09-02 16:34:00+00:00,11.15,10.2,2684.75,0.0,19.82,False,0,False,0.18998024813776893,None
2026-09-02 16:35:00+00:00,18.82,20.76,2757.08,0.66,52.41,False,0,False,0.11292098640478754,None
2026-09-02 16:36:00+00:00,16.84,24.87,2784.83,0.0,40.66,False,0,False,0.20804497046367815,None
2026-09-02 16:37:00+00:00,10.79,15.48,3078.15,0.58,43.32,False,0,False,0.16241395166670708,None
2026-09-02 16:38:00+00:00,13.88,18.59,2811.15,0.0,44.27,False,0,False,0.1890808132932006,None
2026-09-02 16:39:00+00:00,21.02,23.16,3115.16,0.0,20.17,False,0,False,0.18347869248901516,None
2026-09-02 16:40:00+00:00,12.78,17.64,2953.7,0.0,19.65,False,0,False,0.2653737899886647,None
2026-09-02 16:41:00+00:00,15.01,10.97,3008.78,0.0,21.07,False,0,False,0.2301290002257021,None
2026-09-02 16:42:00+00:00,13.26,13.04,2635.26,0.0,48.81,False,0,False,0.19234484640768829,None
2026-09-02 16:43:00+00:00,20.08,22.71,2913.27,0.0,20.41,False,0,False,0.2551996482095965,None
2026-09-02 16:44:00+00:00,12.4,12.25,2706.18,0.0,20.49,False,0,False,0.2335691287401146,None
2026-09-02 16:45:00+00:00,18.73,23.25,2819.09,0.0,20.91,False,0,False,0.24595893646794192,None
2026-09-02 16:46:00+00:00,11.95,14.03,2795.32,0.0,20.45,False,0,False,0.2471860713441466,None
2026-09-02 16:47:00+00:00,12.47,15.85,2906.48,0.0,19.74,False,0,False,0.27949740578128957,None
2026-09-02 16:48:00+00:00,16.38,18.39,2908.64,0.91,20.94,True,1,False,0.2009720655845379,Z-Score
2026-09-02 16:49:00+00:00,13.27,12.43,2818.9,0.0,20.4,False,0,False,0.24889866481770961,None
2026-09-02 16:50:00+00:00,16.04,17.84,2912.64,0.0,45.33,False,0,False,0.2320561196715058,None
2026-09-02 16:51:00+00:00,14.2,17.34,2780.79,0.0,20.59,False,0,False,0.25899619267621915,None
2026-09-02 16:52:00+00:00,16.51,15.07,3069.02,0.95,20.08,True,1,False,0.18332569334655213,Z-Score
2026-09-02 16:53:00+00:00,12.89,11.48,2834.01,0.58,20.77,False,0,False,0.21273097546953745,None
2026-09-02 16:54:00+00:00,14.61,17.47,2702.71,0.04,19.78,False,0,False,0.23943133518257803,None
2026-09-02 16:55:00+00:00,15.5,16.61,2808.6,0.0,38.78,False,0,False,0.23440149330039894,None
2026-09-02 16:56:00+00:00,16.81,24.3,2924.27,0.0,20.29,False,0,False,0.2507125821187521,None
2026-09-02 16:57:00+00:00,16.81,20.59,2971.11,0.6,20.33,False,0,False,0.22283860593189786,None
2026-09-02 16:58:00+00:00,16.84,18.18,2824.02,0.0,20.65,False,0,False,0.25088928010165007,None
2026-09-02 16:59:00+00:00,14.2,18.89,2796.39,0.0,39.54,False,0,False,0.22891221599572065,None
2026-09-02 17:00:00+00:00,15.15,18.94,2889.9,0.0,20.58,False,0,False,0.25273011296304343,None
2026-09-02 17:01:00+00:00,15.46,22.07,2861.16,0.0,47.44,False,0,False,0.1782229212623358,None
2026-09-02 17:02:00+00:00,10.95,15.66,2764.32,0.0,19.91,False,0,False,0.2568387841840383,None
2026-09-02 17:03:00+00:00,16.34,26.13,2887.26,0.0,20.54,False,0,False,0.2093327230416686,None
2026-09-02 17:04:00+00:00,10.99,12.39,2887.57,0.0,38.28,False,0,False,0.20014829606256812,None
2026-09-02 17:05:00+00:00,18.39,23.37,2624.62,0.0,21.02,False,0,False,0.2527986740405792,None
2026-09-02 17:06:00+00:00,13.96,17.81,2540.98,0.51,37.49,False,0,False,0.18119311358801893,None
2026-09-02 17:07:00+00:00,16.98,18.27,2852.98,0.61,45.8,False,0,False,0.16426547914063172,None
2026-09-02 17:08:00+00:00,11.02,13.07,2966.24,0.0,45.33,False,0,False,0.16565343342456285,None
2026-09-02 17:09:00+00:00,19.43,22.72,2692.11,0.17,20.91,False,0,False,0.16922717991996283,None
2026-09-02 17:10:00+00:00,18.6,22.7,2623.26,0.66,20.88,False,0,False,0.18721357804195676,None
2026-09-02 17:11:00+00:00,8.62,7.86,2764.45,0.95,20.79,True,1,False,0.12368900102280578,Z-Score
2026-09-02 17:12:00+00:00,19.45,21.87,3054.21,0.0,38.62,False,0,False,0.22231347390251405,None
2026-09-02 17:13:00+00:00,18.26,17.55,2855.09,0.0,19.95,False,0,False,0.26521890015754956,None
2026-09-02 17:14:00+00:00,16.28,15.46,3130.99,0.95,21.12,False,0,False,0.18840894930933116,None
2026-09-02 17:15:00+00:00,15.98,18.86,2904.71,0.0,20.24,False,0,False,0.23095320075676817,None
2026-09-02 17:16:00+00:00,15.96,17.46,3057.09,0.41,20.02,False,0,False,0.24855197273953145,None
2026-09-02 17:17:00+00:00,16.15,19.52,2647.77,0.0,35.41,False,0,False,0.2386868011997702,None
2026-09-02 17:18:00+00:00,13.65,14.41,2858.26,0.0,19.89,False,0,False,0.25376613464800074,None
2026-09-02 17:19:00+00:00,13.44,17.04,3012.78,0.05,20.99,False,0,False,0.2702069536061612,None
2026-09-02 17:20:00+00:00,17.68,21.56,2829.17,0.0,20.95,False,0,False,0.2682184636580725,None
2026-09-02 17:21:00+00:00,14.42,12.84,2748.82,0.53,38.95,False,0,False,0.1735660190256692,None
2026-09-02 17:22:00+00:00,19.01,21.6,2758.84,0.0,35.06,False,0,False,0.19938120863747366,None
2026-09-02 17:23:00+00:00,19.14,24.02,2794.99,0.33,20.94,False,0,False,0.23458256849400877,None
2026-09-02 17:24:00+00:00,15.39,15.87,3148.52,0.11,37.08,False,0,False,0.2136561228615514,None
2026-09-02 17:25:00+00:00,12.78,14.71,2986.47,0.0,21.02,False,0,False,0.2679976350246368,None
2026-09-02 17:26:00+00:00,12.68,17.83,2828.22,0.0,41.05,False,0,False,0.2138798974310943,None
2026-09-02 17:27:00+00:00,12.42,14.69,3176.44,0.0,36.76,False,0,False,0.21440547215709543,None
2026-09-02 17:28:00+00:00,15.08,18.5,2773.36,0.0,20.58,False,0,False,0.2836110410292348,None
2026-09-02 17:29:00+00:00,11.72,12.5,2931.67,0.0,32.42,False,0,False,0.2328234481419691,None
2026-09-02 17:30:00+00:00,13.79,16.19,2803.53,0.0,35.93,False,0,False,0.2315022404792758,None
2026-09-02 17:31:00+00:00,20.94,20.35,3179.02,0.0,33.31,False,0,False,0.19276540081640098,None
2026-09-02 17:32:00+00:00,17.99,19.49,3055.51,0.0,19.94,False,0,False,0.265902928932408,None
2026-09-02 17:33:00+00:00,12.24,13.73,2915.65,0.0,20.0,False,0,False,0.2617999653910982,None
2026-09-02 17:34:00+00:00,16.41,17.85,2952.61,0.0,19.98,False,0,False,0.271835403610953,None
2026-09-02 17:35:00+00:00,10.21,8.84,3003.13,0.0,21.05,False,0,False,0.2217255066381526,None
2026-09-02 17:36:00+00:00,15.5,20.25,3041.24,0.0,31.68,False,0,False,0.20965901771415613,None
2026-09-02 17:37:00+00:00,14.35,12.42,3078.26,0.0,20.05,False,0,False,0.2660999434565409,None
2026-09-02 17:38:00+00:00,15.03,14.15,2914.5,0.0,20.18,False,0,False,0.2638223765336151,None
2026-09-02 17:39:00+00:00,14.46,16.71,2973.67,0.0,19.84,False,0,False,0.27119936638963726,None
2026-09-02 17:40:00+00:00,17.77,21.31,3043.41,0.0,20.94,False,0,False,0.24176058832799285,None
2026-09-02 17:41:00+00:00,13.67,19.05,3150.83,0.0,35.68,False,0,False,0.20840536979518137,None
2026-09-02 17:42:00+00:00,15.13,13.87,2901.45,0.13,32.53,False,0,False,0.22492771195076505,None
2026-09-02 17:43:00+00:00,17.6,17.34,2935.18,0.01,20.96,False,0,False,0.2715829183125237,None
2026-09-02 17:44:00+00:00,12.38,14.23,3290.7,0.0,19.82,False,0,False,0.2610552287808508,None
2026-09-02 17:45:00+00:00,18.83,19.54,2990.6,0.0,35.24,False,0,False,0.23013861118725482,None
2026-09-02 17:46:00+00:00,18.97,24.11,3227.0,0.0,21.12,False,0,False,0.2453169682353143,None
2026-09-02 17:47:00+00:00,15.85,16.54,3156.53,0.0,20.06,False,0,False,0.28112937492104556,None
2026-09-02 17:48:00+00:00,13.08,11.01,2862.03,0.92,19.85,False,0,False,0.14365661426967113,None
2026-09-02 17:49:00+00:00,17.05,21.96,2866.25,0.0,21.06,False,0,False,0.27422964216103024,None
2026-09-02 17:50:00+00:00,19.3,26.76,2803.59,0.0,30.13,False,0,False,0.22005945228996515,None
2026-09-02 17:51:00+00:00,12.06,16.04,2978.3,0.0,31.47,False,0,False,0.23509823049770917,None
2026-09-02 17:52:00+00:00,14.69,19.74,3114.35,0.0,20.54,False,0,False,0.27252652220919094,None
2026-09-02 17:53:00+00:00,16.12,19.33,3008.1,0.0,20.84,False,0,False,0.23724139623619966,None
2026-09-02 17:54:00+00:00,15.29,15.29,3017.4,0.0,20.18,False,0,False,0.27731247929946995,None
2026-09-02 17:55:00+00:00,20.08,21.69,3050.45,0.0,30.55,False,0,False,0.23074597259197177,None
2026-09-02 17:56:00+00:00,18.07,17.17,3194.59,0.22,20.41,False,0,False,0.2511258281730948,None
2026-09-02 17:57:00+00:00,11.14,8.75,3115.44,0.0,28.17,False,0,False,0.20515743849445128,None
2026-09-02 17:58:00+00:00,10.17,13.41,2863.86,0.0,20.34,False,0,False,0.2526122020595198,None
2026-09-02 17:59:00+00:00,15.01,19.92,3253.59,0.0,20.54,False,0,False,0.24889141745973747,None
2026-09-02 18:00:00+00:00,16.82,17.46,2962.51,0.28,31.86,False,0,False,0.22824372720390435,None
2026-09-02 18:01:00+00:00,17.72,19.54,3069.27,0.32,20.99,False,0,False,0.2449236116582929,None
2026-09-02 18:02:00+00:00,14.45,15.78,3022.12,0.0,21.02,False,0,False,0.27021650979836226,None
2026-09-02 18:03:00+00:00,14.54,17.74,3033.8,0.0,30.9,False,0,False,0.2573020686628609,None
2026-09-02 18:04:00+00:00,14.74,17.9,3242.65,1.38,27.89,True,1,False,0.13913628142384238,Z-Score
2026-09-02 18:05:00+00:00,10.81,10.32,3008.3,0.82,21.03,False,0,False,0.19886142719996874,None
2026-09-02 18:06:00+00:00,18.03,17.76,3143.21,0.0,30.8,False,0,False,0.24335371107082304,None
2026-09-02 18:07:00+00:00,10.23,12.18,3053.97,0.49,21.08,False,0,False,0.2229766458842884,None
2026-09-02 18:08:00+00:00,17.26,14.44,3068.89,0.0,20.66,False,0,False,0.26410616433557854,None
2026-09-02 18:09:00+00:00,13.56,16.07,2747.01,0.0,26.98,False,0,False,0.2409234074493709,None
2026-09-02 18:10:00+00:00,19.34,20.3,2860.3,0.85,20.72,False,0,False,0.2122863854743744,None
2026-09-02 18:11:00+00:00,16.57,18.59,3096.51,0.26,26.9,False,0,False,0.23138679192834444,None
2026-09-02 18:12:00+00:00,16.6,17.48,3224.7,0.0,19.72,False,0,False,0.2651451455722798,None
2026-09-02 18:13:00+00:00,14.73,18.95,3018.98,0.0,28.78,False,0,False,0.2519076838153468,None
2026-09-02 18:14:00+00:00,16.18,14.98,2921.82,0.0,20.18,False,0,False,0.2820528695284116,None
2026-09-02 18:15:00+00:00,12.06,11.67,3054.18,0.0,25.96,False,0,False,0.2318348036673436,None
2026-09-02 18:16:00+00:00,17.79,20.96,2992.51,0.21,25.94,False,0,False,0.2416088286783667,None
2026-09-02 18:17:00+00:00,13.4,14.89,3162.14,0.0,27.94,False,0,False,0.23804577639882335,None
2026-09-02 18:18:00+00:00,19.18,24.3,3142.76,0.0,25.5,False,0,False,0.22533908711478617,None
2026-09-02 18:19:00+00:00,16.57,23.05,2966.03,0.0,20.58,False,0,False,0.25479241681155085,None
2026-09-02 18:20:00+00:00,15.18,15.94,3237.63,0.0,25.73,False,0,False,0.25028982167942826,None
2026-09-02 18:21:00+00:00,14.17,17.39,3341.23,0.0,20.78,False,0,False,0.26827782320073934,None
2026-09-02 18:22:00+00:00,13.58,16.27,2975.99,0.0,19.77,False,0,False,0.284359990046839,None
2026-09-02 18:23:00+00:00,12.53,14.78,3141.12,0.0,20.63,False,0,False,0.27379190723014607,None
2026-09-02 18:24:00+00:00,14.52,19.82,3103.78,0.0,21.11,False,0,False,0.25759566324103006,None
2026-09-02 18:25:00+00:00,13.47,10.86,2955.66,0.0,27.12,False,0,False,0.23077791764821104,None
2026-09-02 18:26:00+00:00,19.65,18.25,3074.49,0.0,25.08,False,0,False,0.255370638598984,None
2026-09-02 18:27:00+00:00,12.18,11.36,3363.61,0.0,20.45,False,0,False,0.2504187614190658,None
2026-09-02 18:28:00+00:00,14.62,14.22,3063.78,0.9,20.9,True,1,False,0.2191762794767202,Z-Score
2026-09-02 18:29:00+00:00,15.02,17.24,3113.34,0.0,26.42,False,0,False,0.24549268105885164,None
2026-09-02 18:30:00+00:00,12.95,18.02,3170.21,0.0,24.46,False,0,False,0.26100691460658987,None
2026-09-02 18:31:00+00:00,11.98,17.39,3238.53,0.0,25.56,False,0,False,0.23886120348278972,None
2026-09-02 18:32:00+00:00,12.79,10.59,3299.17,0.78,20.97,False,0,False,0.17282786806731776,None
2026-09-02 18:33:00+00:00,17.74,20.41,3190.38,0.0,25.1,False,0,False,0.2635403043294811,None
2026-09-02 18:34:00+00:00,10.38,13.21,3174.64,0.35,23.46,False,0,False,0.21509177927260303,None
2026-09-02 18:35:00+00:00,17.92,23.71,3284.21,0.0,20.58,False,0,False,0.2594112279546969,None
2026-09-02 18:36:00+00:00,15.87,17.88,3149.12,0.56,19.7,False,0,False,0.24414950397288843,None
2026-09-02 18:37:00+00:00,13.07,14.34,3280.62,1.23,24.77,True,1,False,0.16770615213495732,Z-Score
2026-09-02 18:38:00+00:00,14.2,14.9,3113.32,0.0,20.13,False,0,False,0.27003322228543697,None
2026-09-02 18:39:00+00:00,19.94,21.82,3216.8,0.0,23.33,False,0,False,0.2436811346157285,None
2026-09-02 18:40:00+00:00,13.96,14.78,3030.24,0.0,24.49,False,0,False,0.2622609798108536,None
2026-09-02 18:41:00+00:00,13.32,11.35,2749.87,0.0,20.07,False,0,False,0.2503890436687367,None
2026-09-02 18:42:00+00:00,15.95,17.29,3153.8,1.11,19.96,False,0,False,0.21169326224843138,None
2026-09-02 18:43:00+00:00,14.09,17.88,3140.79,1.09,23.44,False,0,False,0.1970672841205489,None
2026-09-02 18:44:00+00:00,16.58,19.89,3238.86,0.0,24.45,False,0,False,0.24500785257611107,None
2026-09-02 18:45:00+00:00,20.02,22.62,2996.45,0.0,23.78,False,0,False,0.23735030293127846,None
2026-09-02 18:46:00+00:00,14.79,17.74,3252.01,0.22,19.85,False,0,False,0.23560120391621747,None
2026-09-02 18:47:00+00:00,13.91,9.43,3107.72,0.0,20.55,False,0,False,0.2493650043657601,None
2026-09-02 18:48:00+00:00,15.46,18.91,3141.77,0.0,19.76,False,0,False,0.28569768778876864,None
2026-09-02 18:49:00+00:00,16.38,18.04,3318.57,0.0,22.57,False,0,False,0.23573113512955662,None
2026-09-02 18:50:00+00:00,18.23,24.08,3231.78,0.0,20.53,False,0,False,0.23617559765918356,None
2026-09-02 18:51:00+00:00,14.3,15.43,3308.58,1.9,19.86,True,1,False,0.14245841118465458,Z-Score
2026-09-02 18:52:00+00:00,15.54,22.08,3047.77,0.32,21.8,False,0,False,0.23232785997301114,None
2026-09-02 18:53:00+00:00,11.47,9.81,2922.72,0.0,19.75,False,0,False,0.246018011297937,None
2026-09-02 18:54:00+00:00,17.13,23.71,3488.59,0.0,22.48,False,0,False,0.2340627093498529,None
2026-09-02 18:55:00+00:00,12.82,15.9,3169.08,0.0,21.89,False,0,False,0.245515669180413,None
2026-09-02 18:56:00+00:00,14.03,18.57,2978.28,0.0,21.77,False,0,False,0.28353826694449485,None
2026-09-02 18:57:00+00:00,11.85,14.68,3169.6,0.0,20.92,False,0,False,0.27183213227465497,None
2026-09-02 18:58:00+00:00,11.9,22.11,3144.14,0.0,20.3,False,0,False,0.2684474173129298,None
2026-09-02 18:59:00+00:00,11.1,19.15,3346.29,0.49,21.43,False,0,False,0.2106217427190289,None
2026-09-02 19:00:00+00:00,17.3,18.97,3243.22,0.6,21.06,False,0,False,0.23631044167675186,None
2026-09-02 19:01:00+00:00,16.36,20.89,3215.78,0.0,21.23,False,0,False,0.2646246323453932,None
2026-09-02 19:02:00+00:00,15.25,15.15,3453.83,1.17,20.07,False,0,False,0.188081197628233,None
2026-09-02 19:03:00+00:00,20.9,22.6,3122.78,0.03,20.58,False,0,False,0.24809281357494323,None
2026-09-02 19:04:00+00:00,12.37,12.31,2897.39,0.25,20.5,False,0,False,0.2430672835215016,None
2026-09-02 19:05:00+00:00,18.44,19.6,3122.88,0.0,20.89,False,0,False,0.26195638850995473,None
2026-09-02 19:06:00+00:00,10.83,11.95,3187.53,0.0,20.32,False,0,False,0.2546128354428292,None
2026-09-02 19:07:00+00:00,14.09,14.38,3132.45,1.0,20.27,False,0,False,0.21241994969104006,None
2026-09-02 19:08:00+00:00,12.56,13.16,3346.66,0.0,20.42,False,0,False,0.26113209623345324,None
2026-09-02 19:09:00+00:00,17.11,19.37,3439.87,1.04,20.11,False,0,False,0.19143503344091656,None
2026-09-02 19:10:00+00:00,13.12,15.51,3109.08,0.0,20.0,False,0,False,0.28291410763498365,None
2026-09-02 19:11:00+00:00,14.86,14.01,3189.72,0.0,20.53,False,0,False,0.27070801168114855,None
2026-09-02 19:12:00+00:00,13.02,10.18,3253.15,0.0,19.86,False,0,False,0.23363508940874056,None
2026-09-02 19:13:00+00:00,15.99,18.98,3114.08,0.0,20.52,False,0,False,0.25502178423207883,None
2026-09-02 19:14:00+00:00,16.72,14.38,3039.37,0.0,19.68,False,0,False,0.2808492635643551,None
2026-09-02 19:15:00+00:00,12.33,13.61,3318.0,0.0,20.41,False,0,False,0.24125617758473777,None
2026-09-02 19:16:00+00:00,15.54,15.23,3115.58,0.04,20.03,False,0,False,0.2584637938067607,None
2026-09-02 19:17:00+00:00,15.11,14.17,3450.25,0.0,19.63,False,0,False,0.260464210073427,None
2026-09-02 19:18:00+00:00,13.36,14.14,3048.12,0.0,19.68,False,0,False,0.2635910385272953,None
2026-09-02 19:19:00+00:00,14.5,16.78,3375.62,0.0,20.66,False,0,False,0.26737625110017116,None
2026-09-02 19:20:00+00:00,17.55,22.39,3262.44,0.0,19.64,False,0,False,0.23187759166111493,None
2026-09-02 19:21:00+00:00,15.76,21.03,3148.09,0.67,19.63,False,0,False,0.2403945729064894,None
2026-09-02 19:22:00+00:00,11.64,16.13,3442.93,0.0,19.63,False,0,False,0.2549771972985397,None
2026-09-02 19:23:00+00:00,13.84,14.98,3292.85,0.0,19.63,False,0,False,0.26978269426950724,None
2026-09-02 19:24:00+00:00,17.82,17.23,3348.67,0.0,19.75,False,0,False,0.2643977696960602,None
2026-09-02 19:25:00+00:00,13.69,18.18,3414.07,1.49,20.99,False,0,False,0.16081362754916884,None
2026-09-02 19:26:00+00:00,11.33,17.12,3232.3,0.0,19.63,False,0,False,0.2655915356932132,None
2026-09-02 19:27:00+00:00,15.42,22.04,3137.06,0.14,19.63,False,0,False,0.23810665119936247,None
2026-09-02 19:28:00+00:00,14.43,15.73,3558.86,0.0,19.63,False,0,False,0.2495703694399875,None
2026-09-02 19:29:00+00:00,14.23,18.32,3397.16,0.0,20.72,False,0,False,0.2604308780591071,None
2026-09-02 19:30:00+00:00,12.66,13.72,3082.01,0.8,19.63,False,0,False,0.21927646676061158,None
2026-09-02 19:31:00+00:00,17.09,17.59,3279.91,0.0,19.88,False,0,False,0.2746502770614651,None
2026-09-02 19:32:00+00:00,14.25,16.51,3132.77,0.0,19.63,False,0,False,0.2774475139949597,None
2026-09-02 19:33:00+00:00,16.15,17.36,3127.18,0.0,20.0,False,0,False,0.25326506577699914,None
2026-09-02 19:34:00+00:00,13.71,18.77,3425.29,0.0,19.99,False,0,False,0.2608046725580936,None
2026-09-02 19:35:00+00:00,16.19,17.86,3202.67,0.25,20.36,False,0,False,0.25293087575021794,None
2026-09-02 19:36:00+00:00,17.63,22.61,3181.51,0.0,20.71,False,0,False,0.24601970396370937,None
2026-09-02 19:37:00+00:00,13.47,12.84,3461.39,0.0,19.63,False,0,False,0.24365036636288112,None
2026-09-02 19:38:00+00:00,12.76,16.24,3360.34,0.0,19.86,False,0,False,0.2675548516793023,None
2026-09-02 19:39:00+00:00,16.03,16.01,3386.36,0.0,20.79,False,0,False,0.27095150290694153,None
2026-09-02 19:40:00+00:00,11.37,9.38,3370.1,0.72,19.78,False,0,False,0.18408475978289146,None
2026-09-02 19:41:00+00:00,16.46,20.61,3176.08,0.0,20.04,False,0,False,0.2725635887337276,None
2026-09-02 19:42:00+00:00,15.34,20.13,3245.25,0.0,20.61,False,0,False,0.28012060873632355,None
2026-09-02 19:43:00+00:00,15.09,19.98,3229.54,0.73,20.35,False,0,False,0.23615944453503784,None
2026-09-02 19:44:00+00:00,15.15,18.03,3524.77,0.0,19.78,False,0,False,0.25688887299746405,None
2026-09-02 19:45:00+00:00,14.82,22.84,3274.13,0.0,19.63,False,0,False,0.2637022044655482,None
2026-09-02 19:46:00+00:00,10.16,10.78,3222.39,0.0,20.31,False,0,False,0.23259270625546336,None
2026-09-02 19:47:00+00:00,16.32,19.49,3419.91,0.0,20.66,False,0,False,0.24485188401049207,None
2026-09-02 19:48:00+00:00,13.07,15.21,3404.2,0.0,20.53,False,0,False,0.2676296025382783,None
2026-09-02 19:49:00+00:00,12.72,12.58,3184.3,0.0,20.31,False,0,False,0.2739456933266854,None
2026-09-02 19:50:00+00:00,18.4,18.83,3061.88,0.0,19.63,False,0,False,0.2716556777518509,None
2026-09-02 19:51:00+00:00,23.99,28.38,3357.0,0.0,19.63,True,2,False,0.18177527836939011,Z-Score
2026-09-02 19:52:00+00:00,18.08,22.12,3377.84,0.0,20.42,False,0,False,0.24960702950384134,None
2026-09-02 19:53:00+00:00,12.59,16.39,3570.95,0.0,20.78,False,0,False,0.24370264956765786,None
2026-09-02 19:54:00+00:00,17.79,19.15,3379.33,0.0,20.22,False,0,False,0.26240135770299045,None
2026-09-02 19:55:00+00:00,15.5,18.74,3382.77,0.0,19.63,False,0,False,0.2660403831072958,None
2026-09-02 19:56:00+00:00,18.98,23.56,3186.48,0.0,19.63,False,0,False,0.2690842560817219,None
2026-09-02 19:57:00+00:00,16.52,17.5,3367.45,0.0,20.74,False,0,False,0.26471312357232124,None
2026-09-02 19:58:00+00:00,15.69,17.96,3264.91,0.0,19.63,False,0,False,0.27393889346663775,None
2026-09-02 19:59:00+00:00,17.67,18.91,3424.39,0.0,19.63,False,0,False,0.24408773307309484,None
2026-09-02 20:00:00+00:00,14.58,16.81,3328.67,0.0,20.24,False,0,False,0.2713434877297712,None
2026-09-02 20:01:00+00:00,15.38,15.06,3334.94,1.0,20.59,False,0,False,0.20999546214466247,None
2026-09-02 20:02:00+00:00,11.91,15.09,3522.64,0.0,20.33,False,0,False,0.250865258570972,None
2026-09-02 20:03:00+00:00,15.57,17.55,3442.48,0.0,21.02,False,0,False,0.2617151562287817,None
2026-09-02 20:04:00+00:00,14.46,13.76,3341.56,0.0,19.63,False,0,False,0.26755877887487745,None
2026-09-02 20:05:00+00:00,16.76,20.43,3314.38,0.19,19.63,False,0,False,0.2487689395726902,None
2026-09-02 20:06:00+00:00,15.04,19.26,3564.29,0.0,19.63,False,0,False,0.2466134838686938,None
2026-09-02 20:07:00+00:00,14.62,14.02,3309.02,0.0,19.63,False,0,False,0.26912794151950015,None
2026-09-02 20:08:00+00:00,14.83,16.64,3202.47,0.0,20.27,False,0,False,0.2702438705692807,None
2026-09-02 20:09:00+00:00,14.09,19.9,3310.69,0.0,19.91,False,0,False,0.2692403920356122,None
2026-09-02 20:10:00+00:00,17.63,21.69,3310.35,0.0,19.63,False,0,False,0.2675420963342594,None
2026-09-02 20:11:00+00:00,15.26,22.87,3597.84,0.0,19.63,False,0,False,0.23482658177618448,None
2026-09-02 20:12:00+00:00,16.99,19.5,3284.24,0.0,19.9,False,0,False,0.2730001749519558,None
2026-09-02 20:13:00+00:00,9.75,13.15,3275.82,0.0,20.57,False,0,False,0.24443247195093848,None
2026-09-02 20:14:00+00:00,14.09,16.59,3384.48,0.0,20.05,False,0,False,0.2464725696196562,None
2026-09-02 20:15:00+00:00,12.24,14.44,3572.18,0.0,19.65,False,0,False,0.24496291949829135,None
2026-09-02 20:16:00+00:00,16.33,19.73,3200.69,0.0,19.95,False,0,False,0.2824880747898756,None
2026-09-02 20:17:00+00:00,17.57,20.24,3183.73,0.0,19.63,False,0,False,0.2774605118886084,None
2026-09-02 20:18:00+00:00,16.04,14.64,3214.24,0.21,19.63,False,0,False,0.2194626942386041,None
2026-09-02 20:19:00+00:00,13.45,13.53,3415.51,0.0,20.34,False,0,False,0.26041899408766195,None
2026-09-02 20:20:00+00:00,13.87,11.58,3392.73,0.0,19.63,False,0,False,0.2560938118453718,None
2026-09-02 20:21:00+00:00,14.29,17.54,3153.5,0.0,20.6,False,0,False,0.28324379015805523,None
2026-09-02 20:22:00+00:00,14.79,17.32,3313.08,0.0,19.63,False,0,False,0.2658372979570926,None
2026-09-02 20:23:00+00:00,17.56,19.74,3174.8,0.0,19.71,False,0,False,0.2824544948703649,None
2026-09-02 20:24:00+00:00,17.55,15.81,3341.29,0.79,19.63,False,0,False,0.21725362725292097,None
2026-09-02 20:25:00+00:00,15.55,17.54,3487.08,0.0,19.63,False,0,False,0.2530845427096456,None
2026-09-02 20:26:00+00:00,16.68,20.25,3422.31,0.0,19.63,False,0,False,0.24979067240270136,None
2026-09-02 20:27:00+00:00,12.37,13.93,3636.32,0.0,19.63,False,0,False,0.2279717901459728,None
2026-09-02 20:28:00+00:00,15.41,14.13,3578.7,0.0,19.63,False,0,False,0.23985904263195346,None
2026-09-02 20:29:00+00:00,14.86,12.01,3437.74,0.0,21.06,False,0,False,0.25186887704520267,None
2026-09-02 20:30:00+00:00,19.29,18.94,3218.44,0.0,20.15,False,0,False,0.26593817303846284,None
2026-09-02 20:31:00+00:00,18.41,25.8,3358.67,0.0,20.62,False,0,False,0.23458063508685767,None
2026-09-02 20:32:00+00:00,14.32,14.85,3240.63,0.0,19.63,False,0,False,0.26643889538884846,None
2026-09-02 20:33:00+00:00,19.75,23.16,3178.25,0.0,19.63,False,0,False,0.2626944758405442,None
2026-09-02 20:34:00+00:00,14.6,18.54,3097.94,0.0,19.63,False,0,False,0.2738117657693228,None
2026-09-02 20:35:00+00:00,12.44,13.69,3420.19,0.0,20.4,False,0,False,0.24986460323267884,None
2026-09-02 20:36:00+00:00,12.27,11.85,3194.29,0.0,20.83,False,0,False,0.26485859935835554,None
2026-09-02 20:37:00+00:00,14.64,14.72,3358.36,0.01,20.04,False,0,False,0.2639556163472821,None
2026-09-02 20:38:00+00:00,14.67,23.56,3328.97,0.0,20.61,False,0,False,0.26156933176638036,None
2026-09-02 20:39:00+00:00,17.53,22.52,3312.0,0.0,19.63,False,0,False,0.2631759479994852,None
2026-09-02 20:40:00+00:00,15.1,19.57,3314.86,0.47,19.63,False,0,False,0.2359140999908365,None
2026-09-02 20:41:00+00:00,18.23,21.47,3390.51,0.0,19.63,False,0,False,0.25537807246653316,None
2026-09-02 20:42:00+00:00,17.07,21.64,3070.2,0.0,20.35,False,0,False,0.2677916261991102,None
2026-09-02 20:43:00+00:00,16.32,20.29,3468.11,0.0,20.73,False,0,False,0.24277596089146963,None
2026-09-02 20:44:00+00:00,16.15,17.49,3040.06,0.0,19.63,False,0,False,0.2864438955542934,None
2026-09-02 20:45:00+00:00,21.52,28.72,3295.89,0.0,20.27,False,0,False,0.2018263256049248,None
2026-09-02 20:46:00+00:00,13.42,13.73,3398.09,1.02,21.13,True,1,False,0.19392894894273338,Z-Score
2026-09-02 20:47:00+00:00,18.56,17.7,3183.14,0.0,19.63,False,0,False,0.27491265068782966,None
2026-09-02 20:48:00+00:00,13.84,10.84,3204.09,0.0,19.63,False,0,False,0.23802048492523614,None
2026-09-02 20:49:00+00:00,11.35,14.79,3060.91,0.0,19.63,False,0,False,0.25406501216891486,None
2026-09-02 20:50:00+00:00,12.74,13.66,3426.48,0.94,20.24,True,1,False,0.19584186378942475,Z-Score
2026-09-02 20:51:00+00:00,17.31,18.85,3500.04,0.89,19.63,True,1,False,0.17729702381244822,Z-Score
2026-09-02 20:52:00+00:00,16.37,17.58,3265.22,0.0,20.59,False,0,False,0.23756378943389245,None
2026-09-02 20:53:00+00:00,19.39,23.18,3412.37,0.0,19.63,False,0,False,0.2325035879819014,None
2026-09-02 20:54:00+00:00,14.66,23.52,3411.77,0.0,19.74,False,0,False,0.2192636095194393,None
2026-09-02 20:55:00+00:00,19.42,24.48,3248.35,0.0,20.28,False,0,False,0.2515532062454586,None
2026-09-02 20:56:00+00:00,17.15,19.04,2996.93,1.36,19.63,True,1,False,0.1818554823542109,Z-Score
2026-09-02 20:57:00+00:00,18.17,20.64,3256.33,0.12,19.63,False,0,False,0.24320988182138226,None
2026-09-02 20:58:00+00:00,17.15,23.53,3349.9,0.0,19.63,False,0,False,0.24630599926909214,None
2026-09-02 20:59:00+00:00,17.56,17.72,3367.52,0.0,19.63,False,0,False,0.2643393012398608,None
2026-09-02 21:00:00+00:00,13.9,18.34,3022.02,0.0,19.63,False,0,False,0.2769976124605322,None
2026-09-02 21:01:00+00:00,16.24,19.98,3319.86,0.0,20.94,False,0,False,0.2714581907511063,None
2026-09-02 21:02:00+00:00,15.9,18.84,3251.66,0.0,21.09,False,0,False,0.2634380143238666,None
2026-09-02 21:03:00+00:00,21.11,20.01,3224.03,0.0,19.99,False,0,False,0.2373843790200761,None
2026-09-02 21:04:00+00:00,16.29,19.45,3155.12,0.0,19.9,False,0,False,0.23626643677151093,None
2026-09-02 21:05:00+00:00,18.84,22.32,3011.22,0.0,19.63,False,0,False,0.25725728061003944,None
2026-09-02 21:06:00+00:00,17.89,20.51,2780.39,0.59,20.62,True,1,False,0.23624642186461164,Z-Score
2026-09-02 21:07:00+00:00,16.35,21.48,3165.68,0.0,19.63,False,0,False,0.26497205013963415,None
2026-09-02 21:08:00+00:00,14.6,14.46,3149.98,1.12,20.29,True,1,False,0.17993656066435731,Z-Score
2026-09-02 21:09:00+00:00,15.8,20.91,3310.01,0.45,20.42,False,0,False,0.2259296880946986,None
2026-09-02 21:10:00+00:00,13.72,16.39,3184.5,0.0,19.63,False,0,False,0.27752769736218225,None
2026-09-02 21:11:00+00:00,8.8,7.5,3145.98,0.0,20.16,False,0,False,0.17637852873952442,None
2026-09-02 21:12:00+00:00,14.49,17.29,3091.29,0.0,19.63,False,0,False,0.27424710753430126,None
2026-09-02 21:13:00+00:00,14.14,15.51,3087.45,0.0,20.54,False,0,False,0.2567075766271224,None
2026-09-02 21:14:00+00:00,15.38,14.4,3232.83,1.19,20.97,True,1,False,0.18342709189326567,Z-Score
2026-09-02 21:15:00+00:00,15.28,21.32,3292.32,0.0,19.83,False,0,False,0.2688343620517084,None
2026-09-02 21:16:00+00:00,14.82,15.06,3116.12,0.0,20.87,False,0,False,0.2667998675400284,None
2026-09-02 21:17:00+00:00,17.8,17.93,3330.27,0.0,19.63,False,0,False,0.24705452917837717,None
2026-09-02 21:18:00+00:00,19.35,19.68,3269.2,0.0,19.63,False,0,False,0.25847467984023925,None
2026-09-02 21:19:00+00:00,16.05,21.29,3551.84,0.0,19.7,False,0,False,0.22439840195209132,None
2026-09-02 21:20:00+00:00,16.37,17.64,3204.75,0.0,20.36,False,0,False,0.28094680600986177,None
2026-09-02 21:21:00+00:00,18.15,23.03,3101.66,0.0,19.64,False,0,False,0.2727902367132393,None
2026-09-02 21:22:00+00:00,12.76,17.76,3209.27,0.24,19.85,False,0,False,0.25272324969658494,None
2026-09-02 21:23:00+00:00,14.91,17.96,2916.07,0.0,19.63,False,0,False,0.25588629256508844,None
2026-09-02 21:24:00+00:00,11.29,15.64,3395.23,0.57,21.09,False,0,False,0.20254430889395658,None
2026-09-02 21:25:00+00:00,17.83,20.27,3262.88,0.29,20.43,False,0,False,0.2424159638971471,None
2026-09-02 21:26:00+00:00,12.29,11.91,3264.47,0.0,19.63,False,0,False,0.26179815492932185,None
2026-09-02 21:27:00+00:00,14.88,20.79,3306.17,0.0,21.08,False,0,False,0.27014543027863147,None
2026-09-02 21:28:00+00:00,19.37,22.95,3285.03,0.75,19.63,False,0,False,0.19141821705542017,None
2026-09-02 21:29:00+00:00,10.37,12.65,2985.32,0.0,19.81,False,0,False,0.2554621526167997,None
2026-09-02 21:30:00+00:00,12.26,17.8,3238.89,0.0,20.6,False,0,False,0.21762441196889548,None
2026-09-02 21:31:00+00:00,12.09,15.6,3003.58,0.0,19.63,False,0,False,0.2813220180586985,None
2026-09-02 21:32:00+00:00,11.52,12.97,3074.45,0.68,21.01,False,0,False,0.213315147310141,None
2026-09-02 21:33:00+00:00,12.57,12.72,3224.9,0.0,21.11,False,0,False,0.25622918545486495,None
2026-09-02 21:34:00+00:00,16.63,19.55,3226.8,0.0,19.63,False,0,False,0.28024876728014364,None
2026-09-02 21:35:00+00:00,13.92,16.57,3247.94,0.69,19.63,False,0,False,0.22395488535082342,None
2026-09-02 21:36:00+00:00,14.69,20.17,3124.38,0.0,19.63,False,0,False,0.27756328946674974,None
2026-09-02 21:37:00+00:00,13.16,12.66,3005.05,0.59,20.52,False,0,False,0.22763773674524718,None
2026-09-02 21:38:00+00:00,19.21,22.26,3255.99,0.0,20.72,False,0,False,0.25934033811859664,None
2026-09-02 21:39:00+00:00,14.13,14.64,3446.37,0.0,19.63,False,0,False,0.2483006979360698,None
2026-09-02 21:40:00+00:00,15.03,17.39,3241.78,0.0,20.64,False,0,False,0.268018745029909,None
2026-09-02 21:41:00+00:00,15.11,19.79,3044.87,0.54,20.35,False,0,False,0.2521679146050221,None
2026-09-02 21:42:00+00:00,19.09,22.58,3154.14,0.04,19.66,False,0,False,0.20072435185714477,None
2026-09-02 21:43:00+00:00,17.74,18.37,3140.68,0.39,19.63,False,0,False,0.2103163524236379,None
2026-09-02 21:44:00+00:00,14.14,11.31,2894.99,0.55,20.81,False,0,False,0.23455424746615144,None
2026-09-02 21:45:00+00:00,13.04,18.6,2992.49,0.0,19.63,False,0,False,0.27761047335700284,None
2026-09-02 21:46:00+00:00,15.52,18.43,3093.49,0.59,19.63,False,0,False,0.2510458477968682,None
2026-09-02 21:47:00+00:00,15.83,19.05,2919.38,0.0,20.75,False,0,False,0.2783800466868884,None
2026-09-02 21:48:00+00:00,10.7,11.68,3175.1,0.0,20.49,False,0,False,0.24535282058254182,None
2026-09-02 21:49:00+00:00,18.52,20.13,3085.62,0.56,19.63,False,0,False,0.24170753436899056,None
2026-09-02 21:50:00+00:00,10.57,11.04,3148.06,0.0,19.63,False,0,False,0.24697101264080834,None
2026-09-02 21:51:00+00:00,10.59,12.73,2875.23,0.0,20.06,False,0,False,0.26682094441132975,None
2026-09-02 21:52:00+00:00,19.41,22.25,2927.22,0.0,20.94,False,0,False,0.27398010745202994,None
2026-09-02 21:53:00+00:00,17.66,16.52,2933.51,0.0,19.81,False,0,False,0.2546609216091341,None
2026-09-02 21:54:00+00:00,20.16,30.32,3121.85,0.0,20.92,True,1,False,0.21725968397548295,Z-Score
2026-09-02 21:55:00+00:00,16.52,20.09,2865.45,0.58,20.46,False,0,False,0.2353343604357644,None
2026-09-02 21:56:00+00:00,18.05,23.71,3063.24,0.0,19.63,False,0,False,0.22973037786824174,None
2026-09-02 21:57:00+00:00,13.66,13.75,2829.3,0.02,19.63,False,0,False,0.2543396428463751,None
2026-09-02 21:58:00+00:00,13.37,17.99,2934.55,0.0,20.05,False,0,False,0.2854775584387885,None
2026-09-02 21:59:00+00:00,16.47,17.0,2787.64,0.0,19.63,False,0,False,0.2813801572566127,None
2026-09-02 22:00:00+00:00,13.15,16.17,3023.7,0.0,20.26,False,0,False,0.2538134447738857,None
2026-09-02 22:01:00+00:00,15.0,15.76,2973.58,1.37,19.63,True,1,False,0.17395083006264167,Z-Score
2026-09-02 22:02:00+00:00,16.84,19.61,2807.51,0.0,19.63,False,0,False,0.2705492926039238,None
2026-09-02 22:03:00+00:00,14.5,13.51,2910.61,0.0,19.63,False,0,False,0.27609403505429,None
2026-09-02 22:04:00+00:00,15.46,18.81,2944.4,0.37,19.63,False,0,False,0.2516087747442175,None
2026-09-02 22:05:00+00:00,17.92,15.26,2870.48,0.05,19.63,False,0,False,0.23830605566850893,None
2026-09-02 22:06:00+00:00,15.7,16.88,3030.86,0.25,19.63,False,0,False,0.25447673415421196,None
2026-09-02 22:07:00+00:00,16.86,23.18,3127.7,0.0,19.75,False,0,False,0.24055597124524347,None
2026-09-02 22:08:00+00:00,13.8,13.59,3027.66,0.0,19.63,False,0,False,0.26545714610244675,None
2026-09-02 22:09:00+00:00,9.88,13.51,3104.21,0.0,19.63,False,0,False,0.18034869739362186,None
2026-09-02 22:10:00+00:00,12.88,14.41,3244.23,0.0,19.63,False,0,False,0.26161570451008476,None
2026-09-02 22:11:00+00:00,16.61,13.31,2924.48,0.0,19.63,False,0,False,0.26693002153233547,None
2026-09-02 22:12:00+00:00,14.18,13.71,2951.16,0.18,20.37,False,0,False,0.2561323869792488,None
2026-09-02 22:13:00+00:00,16.38,17.14,2992.12,0.78,19.63,False,0,False,0.23715122011401812,None
2026-09-02 22:14:00+00:00,13.43,18.16,3250.06,0.0,19.63,False,0,False,0.2766192549034766,None
2026-09-02 22:15:00+00:00,16.85,19.59,3198.94,221.3,19.63,True,1,False,0.04907265487368284,Z-Score
2026-09-02 22:16:00+00:00,14.2,13.86,3013.05,222.86,20.18,True,1,False,0.07903805331032776,Z-Score
2026-09-02 22:17:00+00:00,15.19,16.45,2829.99,225.72,19.8,True,1,False,0.07371582718720882,Z-Score
2026-09-02 22:18:00+00:00,15.75,17.21,3138.07,224.67,19.63,True,1,False,0.08334142321954119,Z-Score
2026-09-02 22:19:00+00:00,8.45,9.64,3081.3,221.2,19.63,True,1,True,-0.007942142186945778,Both
2026-09-02 22:20:00+00:00,11.72,11.2,2938.48,212.32,19.63,True,1,False,0.059033573254035465,Z-Score
2026-09-02 22:21:00+00:00,20.52,26.94,2758.65,192.64,19.63,False,0,False,0.01837843589505972,None
2026-09-02 22:22:00+00:00,13.74,12.31,3226.98,214.55,19.75,False,0,False,0.028058147988476834,None
2026-09-02 22:23:00+00:00,20.1,19.7,2743.03,198.04,20.91,False,0,False,0.07201883507131024,None
2026-09-02 22:24:00+00:00,22.1,21.25,3150.69,173.21,19.63,False,0,False,0.06568110794477633,None
2026-09-02 22:25:00+00:00,13.73,13.26,2910.43,0.0,19.63,False,0,False,0.24882210982382463,None
2026-09-02 22:26:00+00:00,15.85,20.63,3085.38,0.03,19.63,False,0,False,0.25125005285262786,None
2026-09-02 22:27:00+00:00,14.23,18.23,2888.98,0.0,19.63,False,0,False,0.2727968428235353,None
2026-09-02 22:28:00+00:00,16.08,14.58,2873.99,0.0,19.67,False,0,False,0.24794406060032725,None
2026-09-02 22:29:00+00:00,15.41,22.89,2534.16,1.85,19.63,True,1,False,0.15189154905772412,Z-Score
2026-09-02 22:30:00+00:00,8.63,10.43,2715.78,0.0,20.39,False,0,False,0.20301533530662552,None
2026-09-02 22:31:00+00:00,17.88,19.28,2928.5,0.48,20.89,False,0,False,0.25121395560729776,None
2026-09-02 22:32:00+00:00,18.64,27.5,3024.29,0.0,20.96,False,0,False,0.23443874523342545,None
2026-09-02 22:33:00+00:00,19.21,14.85,2999.25,0.66,19.63,False,0,False,0.23343650501068408,None
2026-09-02 22:34:00+00:00,17.15,21.24,2777.92,0.0,20.74,False,0,False,0.24481244738403896,None
2026-09-02 22:35:00+00:00,14.37,19.23,2923.87,0.0,19.76,False,0,False,0.22091186353286707,None
2026-09-02 22:36:00+00:00,15.18,19.6,2923.45,0.0,20.45,False,0,False,0.16953280871281529,None
2026-09-02 22:37:00+00:00,17.81,22.19,2810.42,0.0,20.35,False,0,False,0.2670704056326815,None
2026-09-02 22:38:00+00:00,22.32,21.24,2988.05,0.0,20.64,False,0,False,0.20508711997760976,None
2026-09-02 22:39:00+00:00,14.29,14.28,2870.97,0.0,19.63,False,0,False,0.27350802251965545,None
2026-09-02 22:40:00+00:00,14.32,18.57,2940.89,0.0,20.46,False,0,False,0.2780558016083512,None
2026-09-02 22:41:00+00:00,17.42,24.55,2990.66,0.0,21.03,False,0,False,0.26382674785769766,None
2026-09-02 22:42:00+00:00,15.26,17.34,2943.98,0.0,19.63,False,0,False,0.2804941618433294,None
2026-09-02 22:43:00+00:00,16.74,20.07,2949.66,0.0,19.72,False,0,False,0.27623913800596345,None
2026-09-02 22:44:00+00:00,15.75,15.15,2575.89,0.49,19.63,False,0,False,0.2451498951029038,None
2026-09-02 22:45:00+00:00,11.99,9.91,3022.03,0.0,20.6,False,0,False,0.24426749908871542,None
2026-09-02 22:46:00+00:00,16.8,24.83,2751.3,0.16,19.63,False,0,False,0.23740110742019488,None
2026-09-02 22:47:00+00:00,14.91,11.18,2712.11,0.0,20.73,False,0,False,0.2566775657439905,None
2026-09-02 22:48:00+00:00,16.29,12.9,2695.63,0.0,20.8,False,0,False,0.26077658845837404,None
2026-09-02 22:49:00+00:00,16.04,21.75,2742.8,0.0,21.03,False,0,False,0.22469033930918353,None
2026-09-02 22:50:00+00:00,16.28,19.25,2767.97,0.0,19.7,False,0,False,0.2860079792172317,None
2026-09-02 22:51:00+00:00,17.43,20.19,2908.83,0.0,19.63,False,0,False,0.26036330956061826,None
2026-09-02 22:52:00+00:00,12.16,12.78,2907.15,0.0,20.83,False,0,False,0.2625949853813698,None
2026-09-02 22:53:00+00:00,15.18,17.03,3024.36,0.0,19.63,False,0,False,0.26726232731385685,None
2026-09-02 22:54:00+00:00,17.37,22.01,3015.13,0.56,19.63,False,0,False,0.24228927644019999,None
2026-09-02 22:55:00+00:00,15.48,18.82,3109.99,0.0,20.11,False,0,False,0.28177407612879163,None
2026-09-02 22:56:00+00:00,13.6,19.52,2739.01,0.0,19.63,False,0,False,0.26019302869346256,None
2026-09-02 22:57:00+00:00,12.2,14.93,2850.97,0.0,19.81,False,0,False,0.2775626147473637,None
2026-09-02 22:58:00+00:00,15.9,18.23,2523.98,0.48,19.75,False,0,False,0.25330446441121185,None
2026-09-02 22:59:00+00:00,13.11,17.04,2774.76,0.29,20.84,False,0,False,0.22950962566104904,None
2026-09-02 23:00:00+00:00,13.72,13.53,2655.65,0.09,19.63,False,0,False,0.2623261918064091,None
2026-09-02 23:01:00+00:00,16.48,17.67,2882.69,0.0,20.11,False,0,False,0.24214377770460288,None
2026-09-02 23:02:00+00:00,15.83,17.44,2779.3,0.0,19.63,False,0,False,0.2583352342105338,None
2026-09-02 23:03:00+00:00,15.57,15.58,2732.76,0.0,19.63,False,0,False,0.28048264056771455,None
2026-09-02 23:04:00+00:00,13.67,13.28,2709.04,0.0,20.23,False,0,False,0.25480549317468304,None
2026-09-02 23:05:00+00:00,12.27,12.44,2795.0,0.0,20.92,False,0,False,0.1536290060067506,None
2026-09-02 23:06:00+00:00,8.0,8.26,2765.48,0.0,20.84,False,0,False,0.21287603292268076,None
2026-09-02 23:07:00+00:00,15.46,18.56,2929.16,0.69,19.63,False,0,False,0.23574135787053824,None
2026-09-02 23:08:00+00:00,11.42,13.53,2888.28,0.0,20.3,False,0,False,0.22806277550867343,None
2026-09-02 23:09:00+00:00,11.67,10.27,2978.62,0.0,19.63,False,0,False,0.22342648758674172,None
2026-09-02 23:10:00+00:00,13.88,16.92,2649.23,0.0,21.02,False,0,False,0.26930666669454517,None
2026-09-02 23:11:00+00:00,15.68,16.74,2746.3,1.21,20.81,False,0,False,0.1516646053878889,None
2026-09-02 23:12:00+00:00,9.16,12.43,2760.69,0.0,20.12,False,0,False,0.21694991320127066,None
2026-09-02 23:13:00+00:00,13.51,14.61,2819.5,0.0,19.63,False,0,False,0.28037725160536914,None
2026-09-02 23:14:00+00:00,11.05,10.27,2762.4,0.0,20.67,False,0,False,0.2496541746040159,None
2026-09-02 23:15:00+00:00,18.58,22.61,2683.22,0.0,20.88,False,0,False,0.2551582142795595,None
2026-09-02 23:16:00+00:00,11.78,14.55,2731.31,0.32,19.81,False,0,False,0.24734659388657093,None
2026-09-02 23:17:00+00:00,10.95,13.16,2808.33,0.06,19.63,False,0,False,0.23770461863671222,None
2026-09-02 23:18:00+00:00,16.38,24.45,2885.83,0.0,20.51,False,0,False,0.2457010735080581,None
2026-09-02 23:19:00+00:00,14.44,10.34,2940.87,0.0,19.63,False,0,False,0.2628734030459484,None
2026-09-02 23:20:00+00:00,17.62,18.75,2839.47,0.27,19.63,False,0,False,0.2549028261101854,None
2026-09-02 23:21:00+00:00,12.95,15.19,2950.4,0.63,20.33,False,0,False,0.20610143772714257,None
2026-09-02 23:22:00+00:00,19.47,24.39,2900.83,0.38,19.63,False,0,False,0.2013861272318319,None
2026-09-02 23:23:00+00:00,12.86,14.02,2710.3,0.0,19.63,False,0,False,0.2718358854920754,None
2026-09-02 23:24:00+00:00,13.31,14.38,2822.18,0.49,19.63,False,0,False,0.239492186469918,None
2026-09-02 23:25:00+00:00,14.37,14.0,2641.92,0.08,19.77,False,0,False,0.26048769729715643,None
2026-09-02 23:26:00+00:00,13.75,16.9,2867.6,0.43,19.63,False,0,False,0.2444169938483544,None
2026-09-02 23:27:00+00:00,18.91,25.55,3082.0,0.0,20.1,False,0,False,0.23962523306904732,None
2026-09-02 23:28:00+00:00,17.57,16.67,2860.16,0.88,19.64,False,0,False,0.2020555066780731,None
2026-09-02 23:29:00+00:00,18.29,21.98,2667.04,0.65,20.11,False,0,False,0.2305836129970319,None
2026-09-02 23:30:00+00:00,18.14,21.91,2918.1,0.0,19.63,False,0,False,0.24619248176742858,None
2026-09-02 23:31:00+00:00,17.62,21.2,2998.42,0.0,19.63,False,0,False,0.27993292135769465,None
2026-09-02 23:32:00+00:00,16.61,15.41,2543.56,0.32,19.63,False,0,False,0.2301290642660777,None
2026-09-02 23:33:00+00:00,13.64,16.45,2846.75,0.0,20.51,False,0,False,0.21351428987800608,None
2026-09-02 23:34:00+00:00,15.41,19.89,2775.53,0.0,19.81,False,0,False,0.2697988792042013,None
2026-09-02 23:35:00+00:00,20.44,22.15,2535.26,0.0,19.66,False,0,False,0.25519404672215684,None
2026-09-02 23:36:00+00:00,18.7,21.83,2657.55,0.0,21.08,False,0,False,0.2394548820776386,None
2026-09-02 23:37:00+00:00,15.65,18.06,2760.35,0.17,19.63,False,0,False,0.24863399730077257,None
2026-09-02 23:38:00+00:00,16.14,18.28,2661.25,0.0,19.85,False,0,False,0.2077966453213987,None
2026-09-02 23:39:00+00:00,12.99,15.2,2729.01,0.0,20.07,False,0,False,0.27213013028248817,None
2026-09-02 23:40:00+00:00,16.2,17.06,2939.41,0.0,20.17,False,0,False,0.2732112708536021,None
2026-09-02 23:41:00+00:00,16.92,15.51,2818.16,0.32,19.63,False,0,False,0.24561363386936214,None
2026-09-02 23:42:00+00:00,14.91,23.9,2651.15,0.19,20.78,False,0,False,0.240813619621827,None
2026-09-02 23:43:00+00:00,13.14,11.16,2730.17,0.0,19.63,False,0,False,0.25156351896652085,None
2026-09-02 23:44:00+00:00,15.5,17.65,2972.18,0.0,20.26,False,0,False,0.20867115178454065,None
2026-09-02 23:45:00+00:00,18.99,20.67,2712.92,0.22,19.63,False,0,False,0.2533203563223698,None
2026-09-02 23:46:00+00:00,14.35,17.7,2968.75,0.0,19.63,False,0,False,0.28752062359667385,None
2026-09-02 23:47:00+00:00,13.96,18.18,2771.99,0.0,19.63,False,0,False,0.26185376830565327,None
2026-09-02 23:48:00+00:00,12.33,12.53,2739.27,0.0,20.26,False,0,False,0.2413003916218801,None
2026-09-02 23:49:00+00:00,20.71,22.69,2547.58,0.0,19.63,False,0,False,0.21792300566494066,None
2026-09-02 23:50:00+00:00,15.94,17.66,2734.16,0.0,19.63,False,0,False,0.23573262130742884,None
2026-09-02 23:51:00+00:00,19.06,17.16,2459.47,0.0,19.63,False,0,False,0.2472643321524391,None
2026-09-02 23:52:00+00:00,9.98,11.17,2870.93,0.0,19.63,False,0,False,0.25541580600869646,None
2026-09-02 23:53:00+00:00,12.97,20.78,2885.55,0.0,19.63,False,0,False,0.27030320761276255,None
2026-09-02 23:54:00+00:00,14.25,14.7,2796.06,0.99,20.44,True,1,False,0.19696829446023562,Z-Score
2026-09-02 23:55:00+00:00,15.75,20.89,2846.08,0.0,20.47,False,0,False,0.21186440748371782,None
2026-09-02 23:56:00+00:00,18.17,23.06,2752.73,0.0,19.63,False,0,False,0.23248238064761167,None
2026-09-02 23:57:00+00:00,15.52,15.53,2905.07,0.0,19.63,False,0,False,0.2874366987824519,None
2026-09-02 23:58:00+00:00,14.43,19.8,2721.33,0.93,20.43,False,0,False,0.2223474854985225,None
2026-09-02 23:59:00+00:00,16.69,21.91,2466.94,0.0,19.63,False,0,False,0.25144289138463516,None
2026-09-03 00:00:00+00:00,24.45,33.62,2707.38,0.57,19.63,True,2,False,0.14202063414699934,Z-Score
2026-09-03 00:01:00+00:00,8.0,7.5,2666.75,0.0,19.63,False,0,False,0.1951098964720584,None
2026-09-03 00:02:00+00:00,18.86,19.72,2765.77,0.0,19.63,False,0,False,0.281010929033262,None
2026-09-03 00:03:00+00:00,20.74,22.04,2636.02,0.0,20.02,False,0,False,0.18600107830520235,None
2026-09-03 00:04:00+00:00,19.51,19.55,2688.03,0.0,20.61,False,0,False,0.27150315298778893,None
2026-09-03 00:05:00+00:00,11.68,15.53,2496.31,0.52,19.63,False,0,False,0.22272432484446963,None
2026-09-03 00:06:00+00:00,10.43,18.4,2636.68,0.0,20.46,False,0,False,0.24082723786264393,None
2026-09-03 00:07:00+00:00,24.98,36.35,2705.47,0.0,19.93,True,1,False,0.18643128671512388,Z-Score
2026-09-03 00:08:00+00:00,9.11,10.32,2534.72,0.0,20.71,False,0,False,0.2013657187237794,None
2026-09-03 00:09:00+00:00,8.0,9.54,2888.3,0.0,19.63,False,0,False,0.18719631691478777,None
2026-09-03 00:10:00+00:00,18.25,17.32,2786.93,0.0,19.63,False,0,False,0.24879107686147423,None
2026-09-03 00:11:00+00:00,12.86,15.38,2562.09,0.0,20.4,False,0,False,0.23025606438971508,None
2026-09-03 00:12:00+00:00,16.31,14.9,2452.87,0.0,19.63,False,0,False,0.2565862463808523,None
2026-09-03 00:13:00+00:00,8.96,12.08,2551.29,0.0,20.64,False,0,False,0.24070362758653752,None
2026-09-03 00:14:00+00:00,8.89,14.95,2623.15,0.26,19.63,False,0,False,0.224404372419013,None
2026-09-03 00:15:00+00:00,22.78,24.79,2525.45,0.0,19.63,False,0,False,0.20529455842062,None
2026-09-03 00:16:00+00:00,21.26,24.85,2940.7,0.51,19.63,False,0,False,0.1905275391513263,None
2026-09-03 00:17:00+00:00,14.35,15.45,2636.47,0.0,19.63,False,0,False,0.27800232486837456,None
2026-09-03 00:18:00+00:00,17.91,17.55,2490.69,0.0,19.63,False,0,False,0.19942450914743692,None
2026-09-03 00:19:00+00:00,13.6,12.64,2654.67,0.46,20.41,False,0,False,0.23985825124194177,None
2026-09-03 00:20:00+00:00,17.34,22.95,2503.94,0.0,20.82,False,0,False,0.22996723130999924,None
2026-09-03 00:21:00+00:00,13.77,12.76,2772.03,0.0,19.84,False,0,False,0.2502626343926914,None
2026-09-03 00:22:00+00:00,12.96,19.66,2779.28,0.0,19.63,False,0,False,0.2315778322561124,None
2026-09-03 00:23:00+00:00,20.37,20.75,2619.17,0.3,19.63,False,0,False,0.2313918607130539,None
2026-09-03 00:24:00+00:00,12.09,19.94,2691.49,0.0,20.32,False,0,False,0.2500507172911701,None
2026-09-03 00:25:00+00:00,16.37,18.51,2682.17,0.0,19.63,False,0,False,0.2769741212564608,None
2026-09-03 00:26:00+00:00,9.04,7.5,2664.66,0.0,19.63,False,0,False,0.21625910930067416,None
2026-09-03 00:27:00+00:00,16.09,19.77,2430.49,0.04,19.63,False,0,False,0.2190030169022752,None
2026-09-03 00:28:00+00:00,17.53,16.61,2535.2,0.12,20.89,False,0,False,0.18479396996544561,None
2026-09-03 00:29:00+00:00,15.41,16.05,2742.0,0.65,19.63,False,0,False,0.18378048965093446,None
2026-09-03 00:30:00+00:00,8.0,9.66,2664.32,0.0,19.63,False,0,False,0.17695057988679586,None
2026-09-03 00:31:00+00:00,13.64,27.14,2450.8,0.58,19.63,False,0,False,0.16432211268442204,None
2026-09-03 00:32:00+00:00,17.15,21.7,2723.74,0.0,21.05,False,0,False,0.1945653278524057,None
2026-09-03 00:33:00+00:00,18.81,20.75,2905.94,0.0,19.63,False,0,False,0.25110897967786516,None
2026-09-03 00:34:00+00:00,17.22,18.58,2523.27,0.0,20.62,False,0,False,0.2678317567009038,None
2026-09-03 00:35:00+00:00,23.14,27.52,2716.43,0.0,19.63,False,0,False,0.2050413962693164,None
2026-09-03 00:36:00+00:00,25.22,28.88,2629.94,0.0,19.63,False,0,False,0.2004005749206914,None
2026-09-03 00:37:00+00:00,13.27,15.07,2700.22,0.0,20.95,False,0,False,0.26897718745397936,None
2026-09-03 00:38:00+00:00,27.07,28.21,2750.53,0.0,19.63,False,0,False,0.15942175073256165,None
2026-09-03 00:39:00+00:00,15.48,17.94,2593.05,0.14,20.16,False,0,False,0.2077985735027134,None
2026-09-03 00:40:00+00:00,18.88,18.15,2620.9,0.0,19.63,False,0,False,0.2695799477638686,None
2026-09-03 00:41:00+00:00,8.24,9.93,2697.28,0.42,20.01,False,0,False,0.1995021788003935,None
2026-09-03 00:42:00+00:00,19.31,18.93,2581.71,0.0,19.63,False,0,False,0.2578058561503748,None
2026-09-03 00:43:00+00:00,19.29,18.73,2523.27,0.0,20.54,False,0,False,0.2734765193145527,None
2026-09-03 00:44:00+00:00,9.69,14.19,2408.66,0.0,19.63,False,0,False,0.11312990665281542,None
2026-09-03 00:45:00+00:00,18.27,22.95,2623.65,0.52,19.85,False,0,False,0.23371317453272,None
2026-09-03 00:46:00+00:00,18.15,23.38,2773.62,0.11,19.63,False,0,False,0.2279984433054973,None
2026-09-03 00:47:00+00:00,13.94,17.27,2686.74,0.0,19.63,False,0,False,0.2321911407476499,None
2026-09-03 00:48:00+00:00,12.74,15.85,2487.64,0.0,20.28,False,0,False,0.2362691436054944,None
2026-09-03 00:49:00+00:00,17.41,18.86,2569.39,0.0,19.63,False,0,False,0.2529236286629445,None
2026-09-03 00:50:00+00:00,8.0,8.03,2689.05,0.0,20.2,False,0,False,0.2095026134411937,None
2026-09-03 00:51:00+00:00,13.97,13.54,2752.41,0.62,20.35,False,0,False,0.23266518213601622,None
2026-09-03 00:52:00+00:00,10.84,16.26,2514.78,0.0,19.63,False,0,False,0.2577159491265019,None
2026-09-03 00:53:00+00:00,9.94,12.18,2607.89,0.0,21.03,False,0,False,0.22786907947555507,None
2026-09-03 00:54:00+00:00,8.0,9.99,2717.13,0.0,21.01,False,0,False,0.21399113541238618,None
2026-09-03 00:55:00+00:00,16.93,22.79,2496.91,0.0,19.63,False,0,False,0.2530865521642883,None
2026-09-03 00:56:00+00:00,11.81,14.27,2888.34,0.0,21.06,False,0,False,0.2772162789736294,None
2026-09-03 00:57:00+00:00,11.52,12.24,2845.73,0.0,20.97,False,0,False,0.239747487802145,None
2026-09-03 00:58:00+00:00,8.0,11.29,2702.54,0.4,20.57,False,0,False,0.1940914766523587,None
2026-09-03 00:59:00+00:00,20.54,25.45,2608.87,0.0,19.63,False,0,False,0.21065694418304132,None
2026-09-03 01:00:00+00:00,25.64,34.08,2663.87,0.0,20.02,False,0,False,0.18375787346050004,None
2026-09-03 01:01:00+00:00,17.75,18.58,2677.03,0.0,19.63,False,0,False,0.2679494251089058,None
2026-09-03 01:02:00+00:00,13.44,14.67,2528.23,0.0,19.63,False,0,False,0.2672580689930022,None
2026-09-03 01:03:00+00:00,8.19,8.85,2641.08,0.88,19.79,True,1,False,0.13054754246872835,Z-Score
2026-09-03 01:04:00+00:00,21.7,27.63,2829.9,0.0,20.98,False,0,False,0.23527185945977236,None
2026-09-03 01:05:00+00:00,8.0,7.5,2735.87,0.0,20.48,False,0,False,0.2082201922738825,None
2026-09-03 01:06:00+00:00,21.55,23.52,2553.16,0.0,19.63,False,0,False,0.1883885474552675,None
2026-09-03 01:07:00+00:00,8.0,14.06,2638.6,0.44,19.86,False,0,False,0.21788096137189372,None
2026-09-03 01:08:00+00:00,19.7,21.93,2761.18,0.0,19.95,False,0,False,0.1396715654276648,None
2026-09-03 01:09:00+00:00,8.0,7.57,2550.88,0.0,19.63,False,0,False,0.1982014517958176,None
2026-09-03 01:10:00+00:00,11.11,12.3,2475.39,0.0,19.63,False,0,False,0.2533813918209894,None
2026-09-03 01:11:00+00:00,15.08,18.36,2544.03,0.0,19.63,False,0,False,0.2606945790043816,None
2026-09-03 01:12:00+00:00,23.71,26.46,2746.18,0.0,19.92,False,0,False,0.2201451756137099,None
2026-09-03 01:13:00+00:00,9.33,8.15,2566.58,0.0,20.85,False,0,False,0.21512195803424722,None
2026-09-03 01:14:00+00:00,18.0,17.74,2604.07,0.0,19.63,False,0,False,0.2676160981467508,None
2026-09-03 01:15:00+00:00,18.17,17.53,2605.79,0.0,20.9,False,0,False,0.23243655236777178,None
2026-09-03 01:16:00+00:00,12.37,10.48,2717.63,0.0,20.03,False,0,False,0.2357185897503946,None
2026-09-03 01:17:00+00:00,11.37,10.71,2427.46,0.0,20.55,False,0,False,0.22444505328885345,None
2026-09-03 01:18:00+00:00,21.87,21.0,2840.55,0.0,19.63,False,0,False,0.25307100638713975,None
2026-09-03 01:19:00+00:00,15.44,21.53,2475.93,0.0,19.63,False,0,False,0.21104750671357841,None
2026-09-03 01:20:00+00:00,14.14,15.92,2408.51,0.0,19.63,False,0,False,0.2557893902676688,None
2026-09-03 01:21:00+00:00,13.44,14.91,2550.64,0.0,19.63,False,0,False,0.2775600347451029,None
2026-09-03 01:22:00+00:00,15.16,21.28,2557.35,0.39,20.17,False,0,False,0.23897972040884224,None
2026-09-03 01:23:00+00:00,8.0,12.65,2557.28,0.0,20.99,False,0,False,0.12595982583251653,None
2026-09-03 01:24:00+00:00,11.6,17.59,2634.38,0.0,19.89,False,0,False,0.26374113681241956,None
2026-09-03 01:25:00+00:00,13.92,18.12,2937.77,0.0,20.58,False,0,False,0.2774823227484456,None
2026-09-03 01:26:00+00:00,17.5,21.21,2585.98,0.24,20.45,False,0,False,0.24670960330227082,None
2026-09-03 01:27:00+00:00,9.44,11.67,2830.95,0.0,19.63,False,0,False,0.2409212995018617,None
2026-09-03 01:28:00+00:00,23.4,30.56,2459.34,0.0,19.63,False,0,False,0.19179917848619893,None
2026-09-03 01:29:00+00:00,12.46,22.58,2533.82,0.0,20.35,False,0,False,0.1998474818988797,None
2026-09-03 01:30:00+00:00,8.0,7.78,2810.2,0.0,19.63,False,0,False,0.17301258330413005,None
2026-09-03 01:31:00+00:00,21.02,22.19,2625.52,0.0,19.63,False,0,False,0.2296247443219434,None
2026-09-03 01:32:00+00:00,18.32,21.98,2673.88,0.0,21.0,False,0,False,0.24569485923676843,None
2026-09-03 01:33:00+00:00,16.84,21.12,2934.35,0.0,19.63,False,0,False,0.2678032999105439,None
2026-09-03 01:34:00+00:00,8.0,8.44,2700.44,0.0,19.66,False,0,False,0.20304086218545725,None
2026-09-03 01:35:00+00:00,9.72,12.74,2769.87,0.0,20.44,False,0,False,0.23654734397425287,None
2026-09-03 01:36:00+00:00,12.77,14.58,2396.05,0.0,19.82,False,0,False,0.19519216036954395,None
2026-09-03 01:37:00+00:00,26.24,26.85,2619.73,1.53,19.63,True,1,False,0.08039637277604084,Z-Score
2026-09-03 01:38:00+00:00,11.21,17.1,2711.47,0.0,19.63,False,0,False,0.23563231797466622,None
2026-09-03 01:39:00+00:00,19.06,28.12,2527.23,0.0,19.63,False,0,False,0.21620897036714404,None
2026-09-03 01:40:00+00:00,21.57,23.4,2550.7,0.0,20.02,False,0,False,0.24460929245170282,None
2026-09-03 01:41:00+00:00,16.25,20.62,2831.59,0.0,19.63,False,0,False,0.23048130759561203,None
2026-09-03 01:42:00+00:00,8.0,8.04,2566.53,0.0,19.8,False,0,False,0.19103543121621025,None
2026-09-03 01:43:00+00:00,12.11,10.41,2598.91,0.0,19.95,False,0,False,0.2454485418163344,None
2026-09-03 01:44:00+00:00,11.04,7.5,2818.5,0.0,20.84,False,0,False,0.21608995013330617,None
2026-09-03 01:45:00+00:00,25.57,26.65,2618.85,0.0,19.63,False,0,False,0.20402620078625994,None
2026-09-03 01:46:00+00:00,15.87,23.45,2680.68,0.7,20.8,False,0,False,0.18509286975322864,None
2026-09-03 01:47:00+00:00,8.0,14.24,2585.41,0.0,20.98,False,0,False,0.221580442413169,None
2026-09-03 01:48:00+00:00,17.97,23.01,2847.51,0.3,19.63,False,0,False,0.2264558098585121,None
2026-09-03 01:49:00+00:00,18.3,20.28,2606.92,0.0,19.63,False,0,False,0.24381842650199492,None
2026-09-03 01:50:00+00:00,24.22,29.13,2623.13,0.0,19.65,False,0,False,0.16899040458531434,None
2026-09-03 01:51:00+00:00,15.27,16.55,2853.5,0.0,19.63,False,0,False,0.2824223451100139,None
2026-09-03 01:52:00+00:00,8.0,7.5,2558.9,0.0,20.21,False,0,False,0.19602842931637793,None
2026-09-03 01:53:00+00:00,12.36,12.41,2543.49,0.0,19.63,False,0,False,0.26618504643426893,None
2026-09-03 01:54:00+00:00,24.52,29.62,2598.56,0.0,19.63,False,0,False,0.20196810673091753,None
2026-09-03 01:55:00+00:00,10.81,10.37,2673.68,0.0,20.29,False,0,False,0.23996898477114859,None
2026-09-03 01:56:00+00:00,11.76,9.16,2620.08,0.0,20.38,False,0,False,0.2315753741043145,None
2026-09-03 01:57:00+00:00,13.97,19.81,2705.8,0.0,19.63,False,0,False,0.28019655912998054,None
2026-09-03 01:58:00+00:00,11.66,14.76,2720.44,0.97,20.98,True,1,False,0.18277910045307055,Z-Score
2026-09-03 01:59:00+00:00,15.06,17.54,2471.27,0.0,19.63,False,0,False,0.21245423444581885,None
2026-09-03 02:00:00+00:00,17.73,20.29,2586.57,0.0,19.63,False,0,False,0.26518515437544476,None
2026-09-03 02:01:00+00:00,25.33,26.93,2563.77,1.15,19.63,True,1,False,0.09681054934619215,Z-Score
2026-09-03 02:02:00+00:00,19.52,24.79,2659.73,0.0,19.63,False,0,False,0.235494228180551,None
2026-09-03 02:03:00+00:00,13.1,12.59,2630.97,0.08,19.63,False,0,False,0.23820838108054793,None
2026-09-03 02:04:00+00:00,17.48,20.56,2485.71,0.0,20.99,False,0,False,0.22625421971108378,None
2026-09-03 02:05:00+00:00,8.0,10.77,2829.31,0.24,20.04,False,0,False,0.19886566773996112,None
2026-09-03 02:06:00+00:00,16.9,22.29,2641.89,0.0,19.63,False,0,False,0.22301735064739536,None
2026-09-03 02:07:00+00:00,12.14,15.24,2806.5,0.0,21.04,False,0,False,0.2581191132269616,None
2026-09-03 02:08:00+00:00,8.0,9.79,2559.69,0.0,19.63,False,0,False,0.1832597579874744,None
2026-09-03 02:09:00+00:00,15.9,20.36,2617.5,0.0,19.63,False,0,False,0.27777210679207087,None
2026-09-03 02:10:00+00:00,14.59,11.7,2803.36,1.07,19.63,True,1,False,0.19415095740187577,Z-Score
2026-09-03 02:11:00+00:00,8.0,9.15,2746.35,0.0,20.68,False,0,False,0.20182126205469358,None
2026-09-03 02:12:00+00:00,16.5,18.84,2716.84,0.0,19.63,False,0,False,0.2814597569058491,None
2026-09-03 02:13:00+00:00,28.41,33.21,2861.77,0.0,19.63,False,0,False,0.11227892831700059,None
2026-09-03 02:14:00+00:00,25.82,32.18,2854.91,0.0,19.91,False,0,False,0.14039511535727345,None
2026-09-03 02:15:00+00:00,11.74,12.79,2735.47,0.52,20.52,False,0,False,0.22583853750506822,None
2026-09-03 02:16:00+00:00,15.18,14.93,2644.48,1.22,20.03,True,1,False,0.19065742629590549,Z-Score
2026-09-03 02:17:00+00:00,12.05,12.44,2526.99,0.45,19.63,False,0,False,0.2032520328999457,None
2026-09-03 02:18:00+00:00,13.86,15.33,2896.28,0.0,19.63,False,0,False,0.2861031512471184,None
2026-09-03 02:19:00+00:00,16.13,15.91,2630.55,0.0,20.55,False,0,False,0.27801079228106373,None
2026-09-03 02:20:00+00:00,13.21,10.07,2623.91,0.0,19.63,False,0,False,0.24645329116649428,None
2026-09-03 02:21:00+00:00,15.19,15.06,2612.83,0.23,19.63,False,0,False,0.23055267667150725,None
2026-09-03 02:22:00+00:00,13.11,15.76,2526.29,0.0,19.63,False,0,False,0.27082904170118344,None
2026-09-03 02:23:00+00:00,19.83,23.7,2769.64,0.0,19.63,False,0,False,0.2121793209794176,None
2026-09-03 02:24:00+00:00,13.87,16.68,2413.14,0.0,20.05,False,0,False,0.24495385197336095,None
2026-09-03 02:25:00+00:00,24.78,31.69,2728.76,0.0,19.65,False,0,False,0.15472099886220192,None
2026-09-03 02:26:00+00:00,12.62,19.04,2715.23,0.0,19.63,False,0,False,0.27435380808148263,None
2026-09-03 02:27:00+00:00,8.0,12.92,2621.05,0.0,20.3,False,0,False,0.2157554028233149,None
2026-09-03 02:28:00+00:00,18.5,21.36,2524.74,0.0,19.83,False,0,False,0.27235905029554297,None
2026-09-03 02:29:00+00:00,23.94,27.55,2451.23,0.0,20.71,False,0,False,0.18394085070565847,None
2026-09-03 02:30:00+00:00,16.65,18.07,2202.84,0.46,20.81,True,1,False,0.2034159540726586,Z-Score
2026-09-03 02:31:00+00:00,12.33,14.63,2642.45,0.0,20.06,False,0,False,0.23920727739483083,None
2026-09-03 02:32:00+00:00,17.13,16.31,2788.74,0.0,19.63,False,0,False,0.26384004937232003,None
2026-09-03 02:33:00+00:00,12.86,16.23,2780.16,0.0,19.63,False,0,False,0.20032883200608415,None
2026-09-03 02:34:00+00:00,12.96,14.62,2428.83,0.39,20.82,False,0,False,0.22098160323950028,None
2026-09-03 02:35:00+00:00,18.2,19.31,2841.49,0.0,19.63,False,0,False,0.2836668285634818,None
2026-09-03 02:36:00+00:00,27.82,31.87,2463.25,0.0,20.65,False,0,False,0.13096771521055983,None
2026-09-03 02:37:00+00:00,11.59,16.14,2601.45,0.0,21.07,False,0,False,0.26932191945267464,None
2026-09-03 02:38:00+00:00,16.92,20.16,2828.81,0.17,20.65,False,0,False,0.1815228013262612,None
2026-09-03 02:39:00+00:00,8.0,11.11,2540.6,0.0,20.66,False,0,False,0.20504958434780424,None
2026-09-03 02:40:00+00:00,15.82,15.3,2595.89,0.0,19.63,False,0,False,0.28090022461195907,None
2026-09-03 02:41:00+00:00,16.87,19.64,2667.36,0.0,19.63,False,0,False,0.2755779657132719,None
2026-09-03 02:42:00+00:00,19.06,20.09,2735.77,0.0,20.19,False,0,False,0.21939912651565585,None
2026-09-03 02:43:00+00:00,13.1,12.88,2713.35,0.0,21.1,False,0,False,0.24746593806589845,None
2026-09-03 02:44:00+00:00,14.9,15.75,2476.75,0.31,19.63,False,0,False,0.24208154851721514,None
2026-09-03 02:45:00+00:00,17.63,20.62,2510.12,0.0,19.63,False,0,False,0.20309451491125274,None
2026-09-03 02:46:00+00:00,15.13,17.71,2716.58,0.18,20.74,False,0,False,0.2551389126711287,None
2026-09-03 02:47:00+00:00,15.21,15.68,2663.78,0.0,20.31,False,0,False,0.2720660717712312,None
2026-09-03 02:48:00+00:00,13.59,16.19,2589.08,0.0,19.63,False,0,False,0.21857828042787214,None
2026-09-03 02:49:00+00:00,17.67,18.95,2717.42,0.0,19.87,False,0,False,0.21976400783311723,None
2026-09-03 02:50:00+00:00,16.91,17.92,2757.84,1.07,19.73,True,1,False,0.19550676849667487,Z-Score
2026-09-03 02:51:00+00:00,8.0,7.7,2759.72,0.0,19.63,False,0,False,0.20990227807375506,None
2026-09-03 02:52:00+00:00,12.18,13.78,2706.91,0.31,20.88,False,0,False,0.24588168810009026,None
2026-09-03 02:53:00+00:00,22.46,27.9,2814.42,0.0,20.58,False,0,False,0.1477426533952474,None
2026-09-03 02:54:00+00:00,11.21,13.04,2566.97,0.0,19.63,False,0,False,0.25732095719966475,None
2026-09-03 02:55:00+00:00,14.17,16.36,2769.59,0.93,19.98,False,0,False,0.16073115684357198,None
2026-09-03 02:56:00+00:00,24.92,29.7,2655.36,0.0,19.94,False,0,False,0.1780994862627548,None
2026-09-03 02:57:00+00:00,16.5,19.63,2433.63,0.0,19.63,False,0,False,0.2547079479939724,None
2026-09-03 02:58:00+00:00,19.46,24.95,2503.03,0.0,20.28,False,0,False,0.2113048040374495,None
2026-09-03 02:59:00+00:00,12.94,16.88,2519.22,0.0,20.61,False,0,False,0.2045175240467802,None
2026-09-03 03:00:00+00:00,14.43,15.29,2739.11,0.0,19.63,False,0,False,0.2763817900399546,None
2026-09-03 03:01:00+00:00,8.0,9.92,2585.83,0.0,19.63,False,0,False,0.22678209715572556,None
2026-09-03 03:02:00+00:00,10.0,7.5,2797.16,0.24,20.63,False,0,False,0.15445010237694867,None
2026-09-03 03:03:00+00:00,13.18,15.78,2407.34,0.0,19.63,False,0,False,0.2532647626578842,None
2026-09-03 03:04:00+00:00,8.0,13.6,2578.31,0.0,20.26,False,0,False,0.22541512841553357,None
2026-09-03 03:05:00+00:00,19.94,19.2,2557.3,0.67,19.63,False,0,False,0.21481918109088505,None
2026-09-03 03:06:00+00:00,9.64,11.65,2659.82,0.14,20.43,False,0,False,0.20089822164538684,None
2026-09-03 03:07:00+00:00,18.72,19.17,2686.82,0.0,20.82,False,0,False,0.2706332441904865,None
2026-09-03 03:08:00+00:00,10.52,14.65,5244.68,0.0,19.63,True,1,False,0.1542645640298756,Z-Score
2026-09-03 03:09:00+00:00,18.92,17.07,5770.27,0.0,19.93,True,1,False,0.13312496452379663,Z-Score
2026-09-03 03:10:00+00:00,17.08,22.03,5445.75,0.0,20.82,True,1,False,0.10224860025349725,Z-Score
2026-09-03 03:11:00+00:00,23.1,25.94,5403.79,0.0,19.63,True,1,False,0.11192720606382545,Z-Score
2026-09-03 03:12:00+00:00,8.97,12.47,5445.97,0.54,19.63,True,1,False,0.11254477655865003,Z-Score
2026-09-03 03:13:00+00:00,21.35,27.17,5627.31,0.0,20.6,True,1,False,0.12107324845480572,Z-Score
2026-09-03 03:14:00+00:00,8.92,8.3,5102.51,0.0,19.63,False,0,False,0.10096854347507178,None
2026-09-03 03:15:00+00:00,16.17,17.1,5625.18,0.0,19.63,False,0,False,0.13016229482289965,None
2026-09-03 03:16:00+00:00,17.82,18.05,5103.9,0.0,19.63,False,0,False,0.16635275266030414,None
2026-09-03 03:17:00+00:00,14.4,15.93,5394.31,0.39,19.63,False,0,False,0.11432671233086289,None
2026-09-03 03:18:00+00:00,16.89,15.52,5536.86,0.0,20.55,False,0,False,0.1336910886889141,None
2026-09-03 03:19:00+00:00,21.69,26.68,5565.76,0.0,21.07,False,0,False,0.1192336814665238,None
2026-09-03 03:20:00+00:00,10.19,11.84,5426.13,0.18,19.82,False,0,False,0.10671283079609262,None
2026-09-03 03:21:00+00:00,13.31,17.4,5736.53,0.0,19.63,False,0,False,0.07496096335917202,None
2026-09-03 03:22:00+00:00,21.62,19.55,5369.14,0.47,19.63,False,0,False,0.11620866457606494,None
2026-09-03 03:23:00+00:00,29.19,34.74,5293.95,0.0,19.63,True,1,False,0.07704864275108014,Z-Score
2026-09-03 03:24:00+00:00,8.0,8.11,2487.05,0.0,19.63,False,0,False,0.2036382518755167,None
2026-09-03 03:25:00+00:00,17.9,23.48,2563.75,0.21,20.58,False,0,False,0.24301259994618857,None
2026-09-03 03:26:00+00:00,23.51,28.68,2560.92,1.5,19.63,True,1,False,0.037050941808641435,Z-Score
2026-09-03 03:27:00+00:00,16.5,24.58,2655.41,0.86,19.79,False,0,False,0.15858325527879985,None
2026-09-03 03:28:00+00:00,18.66,18.15,2759.54,0.0,20.21,False,0,False,0.2695065468002575,None
2026-09-03 03:29:00+00:00,16.99,20.31,2743.93,0.0,20.62,False,0,False,0.2775347509765591,None
2026-09-03 03:30:00+00:00,8.54,8.73,2651.35,0.0,19.63,False,0,False,0.19325678183068212,None
2026-09-03 03:31:00+00:00,16.51,16.32,2681.78,0.0,20.1,False,0,False,0.27507469532325546,None
2026-09-03 03:32:00+00:00,20.34,21.16,2822.96,0.63,19.63,False,0,False,0.22400445169733413,None
2026-09-03 03:33:00+00:00,16.26,21.74,2544.33,0.0,19.63,False,0,False,0.2688099248890956,None
2026-09-03 03:34:00+00:00,11.56,10.95,2691.18,0.0,20.65,False,0,False,0.19401046819150114,None
2026-09-03 03:35:00+00:00,16.65,21.01,2448.72,0.33,19.63,False,0,False,0.22662362231108885,None
2026-09-03 03:36:00+00:00,13.86,14.94,2478.76,0.0,20.54,False,0,False,0.25638944450901613,None
2026-09-03 03:37:00+00:00,16.86,12.46,2602.55,0.0,19.63,False,0,False,0.2567247799537681,None
2026-09-03 03:38:00+00:00,13.35,10.48,2747.67,0.0,21.01,False,0,False,0.23770346881789128,None
2026-09-03 03:39:00+00:00,17.05,22.93,2783.51,0.0,19.63,False,0,False,0.271260337297373,None
2026-09-03 03:40:00+00:00,15.43,16.06,2856.92,0.0,20.83,False,0,False,0.22055552706174586,None
2026-09-03 03:41:00+00:00,19.39,19.94,2836.51,1.11,19.63,True,1,False,0.1918100740475968,Z-Score
2026-09-03 03:42:00+00:00,12.96,11.1,2450.33,0.0,19.63,False,0,False,0.235111347094628,None
2026-09-03 03:43:00+00:00,17.78,21.86,2453.49,0.0,19.63,False,0,False,0.24445879698371442,None
2026-09-03 03:44:00+00:00,11.8,10.93,2441.67,0.0,20.36,False,0,False,0.22649139586761974,None
2026-09-03 03:45:00+00:00,15.04,17.34,2769.2,0.0,19.63,False,0,False,0.28376902992450465,None
2026-09-03 03:46:00+00:00,18.58,22.46,2424.79,0.0,19.63,False,0,False,0.2235101799477447,None
2026-09-03 03:47:00+00:00,21.12,31.54,2510.33,0.0,19.63,False,0,False,0.19467862249083923,None
2026-09-03 03:48:00+00:00,12.33,11.06,2814.16,0.0,19.63,False,0,False,0.23233756373948855,None
2026-09-03 03:49:00+00:00,21.71,23.77,2695.0,1.03,19.63,False,0,False,0.15386006076002995,None
2026-09-03 03:50:00+00:00,15.35,20.06,2474.37,0.0,19.63,False,0,False,0.2679894704622992,None
2026-09-03 03:51:00+00:00,16.93,21.07,2619.76,0.11,20.87,False,0,False,0.25983185762651373,None
2026-09-03 03:52:00+00:00,8.0,7.5,3005.61,0.0,19.63,False,0,False,0.19321532319988566,None
2026-09-03 03:53:00+00:00,12.58,16.92,2391.24,0.0,20.67,False,0,False,0.22723957883830698,None
2026-09-03 03:54:00+00:00,13.6,16.48,2615.28,0.0,21.04,False,0,False,0.24649986702977955,None
2026-09-03 03:55:00+00:00,12.29,8.45,2854.19,0.0,19.98,False,0,False,0.20199113572587718,None
2026-09-03 03:56:00+00:00,20.26,22.43,2607.56,1.04,20.05,False,0,False,0.1705378782634983,None
2026-09-03 03:57:00+00:00,16.06,15.57,2605.07,0.0,19.63,False,0,False,0.27370061125309825,None
2026-09-03 03:58:00+00:00,21.56,22.89,2813.49,0.0,19.63,False,0,False,0.2497184883447488,None
2026-09-03 03:59:00+00:00,14.41,14.39,2677.24,0.0,21.02,False,0,False,0.2737968949464932,None
2026-09-03 04:00:00+00:00,13.88,19.76,2710.77,0.05,19.63,False,0,False,0.26173070912924007,None
2026-09-03 04:01:00+00:00,13.72,19.55,2667.08,0.13,19.63,False,0,False,0.2568118592497227,None
2026-09-03 04:02:00+00:00,15.97,19.89,2807.56,0.0,20.26,False,0,False,0.24789056387640507,None
2026-09-03 04:03:00+00:00,16.97,20.76,2557.7,0.0,19.63,False,0,False,0.26866177165614785,None
2026-09-03 04:04:00+00:00,20.52,22.16,7087.78,0.0,19.63,False,0,False,0.07339704860106977,None
2026-09-03 04:05:00+00:00,18.45,17.4,6625.39,0.0,20.79,False,0,False,0.11922659786638856,None
2026-09-03 04:06:00+00:00,16.59,15.59,6877.28,0.0,19.63,False,0,False,0.11807051817756731,None
2026-09-03 04:07:00+00:00,15.25,10.92,6998.26,0.0,19.63,False,0,False,0.0738742646012972,None
2026-09-03 04:08:00+00:00,20.42,23.44,6620.75,0.0,20.3,False,0,False,0.10941989126940455,None
2026-09-03 04:09:00+00:00,10.51,11.92,6594.71,0.34,20.86,False,0,False,0.0681565208989161,None
2026-09-03 04:10:00+00:00,13.65,13.31,7008.88,0.0,20.07,False,0,False,0.0905196928983758,None
2026-09-03 04:11:00+00:00,8.0,9.5,6693.62,0.0,19.63,False,0,False,0.07269259249466176,None
2026-09-03 04:12:00+00:00,11.11,10.64,6395.66,0.62,19.63,False,0,False,0.06295316813310126,None
2026-09-03 04:13:00+00:00,14.22,10.28,7202.43,0.0,20.33,False,0,False,0.11633230210430157,None
2026-09-03 04:14:00+00:00,13.41,15.54,6632.78,1.05,19.63,False,0,False,0.07760037624550886,None
2026-09-03 04:15:00+00:00,14.43,14.54,6817.07,0.0,19.63,False,0,False,0.12293039427912311,None
2026-09-03 04:16:00+00:00,12.2,16.46,6627.67,0.0,20.12,False,0,False,0.09424032725764186,None
2026-09-03 04:17:00+00:00,16.62,21.63,6379.12,0.08,19.63,False,0,False,0.08052008932644139,None
2026-09-03 04:18:00+00:00,13.2,13.31,6316.08,0.0,19.63,False,0,False,0.11078095835229174,None
2026-09-03 04:19:00+00:00,14.04,19.3,6557.24,0.0,19.63,False,0,False,0.13315893896205577,None
2026-09-03 04:20:00+00:00,14.67,19.66,6464.6,0.0,19.63,False,0,False,0.12550838329334169,None
2026-09-03 04:21:00+00:00,20.69,21.56,6963.54,0.0,20.82,False,0,False,0.09594678966692904,None
2026-09-03 04:22:00+00:00,16.79,14.72,7308.76,0.0,19.63,False,0,False,0.12623339220868834,None
2026-09-03 04:23:00+00:00,15.15,20.14,6682.87,0.0,20.9,False,0,False,0.03359141076277394,None
2026-09-03 04:24:00+00:00,10.51,9.26,6855.23,1.25,19.65,True,1,False,0.005982645659062258,Z-Score
2026-09-03 04:25:00+00:00,15.36,16.49,2886.22,0.0,19.63,False,0,False,0.2815091158005212,None
2026-09-03 04:26:00+00:00,12.89,14.28,2666.87,0.0,19.66,False,0,False,0.2618618044639382,None
2026-09-03 04:27:00+00:00,10.78,14.35,2749.76,0.0,19.63,False,0,False,0.2722676024181164,None
2026-09-03 04:28:00+00:00,15.7,22.63,2614.72,0.0,19.96,False,0,False,0.25483986207164455,None
2026-09-03 04:29:00+00:00,19.1,23.34,2564.48,0.0,20.75,False,0,False,0.17401970883411194,None
2026-09-03 04:30:00+00:00,16.73,19.87,2748.05,0.48,20.78,False,0,False,0.19626873226446034,None
2026-09-03 04:31:00+00:00,15.82,20.74,2810.94,0.0,20.42,False,0,False,0.2806701497635446,None
2026-09-03 04:32:00+00:00,9.65,10.42,2620.63,0.49,20.7,False,0,False,0.2016787841230681,None
2026-09-03 04:33:00+00:00,14.22,16.86,2624.44,0.0,19.63,False,0,False,0.27575411523234594,None
2026-09-03 04:34:00+00:00,16.85,16.83,2788.85,0.33,19.63,False,0,False,0.22332815724346106,None
2026-09-03 04:35:00+00:00,17.6,25.33,2653.08,0.0,19.63,False,0,False,0.2531988666286382,None
2026-09-03 04:36:00+00:00,25.04,24.15,2605.49,0.0,19.63,True,1,False,0.17254159826131193,Z-Score
2026-09-03 04:37:00+00:00,16.45,15.24,2768.91,0.07,21.04,False,0,False,0.22954250420418554,None
2026-09-03 04:38:00+00:00,16.93,23.29,2522.63,0.0,19.87,False,0,False,0.26733761535022493,None
2026-09-03 04:39:00+00:00,11.87,14.9,2534.8,0.0,21.12,False,0,False,0.26094943307165275,None
2026-09-03 04:40:00+00:00,16.49,17.69,2898.98,0.77,19.63,False,0,False,0.23552616104660518,None
2026-09-03 04:41:00+00:00,12.16,9.75,2470.18,0.0,19.98,False,0,False,0.2175831382270701,None
2026-09-03 04:42:00+00:00,16.17,16.61,2475.83,0.0,19.63,False,0,False,0.25875153228236536,None
2026-09-03 04:43:00+00:00,13.78,14.15,2511.73,0.0,19.74,False,0,False,0.24530503334592152,None
2026-09-03 04:44:00+00:00,14.33,12.83,2660.28,0.0,19.63,False,0,False,0.21803625347121552,None
2026-09-03 04:45:00+00:00,14.63,16.08,2754.03,0.0,20.76,False,0,False,0.25396192921741184,None
2026-09-03 04:46:00+00:00,12.87,12.13,3012.63,0.53,19.77,False,0,False,0.24349528840657975,None
2026-09-03 04:47:00+00:00,16.17,20.24,2675.84,0.66,20.69,False,0,False,0.240809750413997,None
2026-09-03 04:48:00+00:00,20.51,28.27,2660.31,0.0,19.63,False,0,False,0.22980893267961316,None
2026-09-03 04:49:00+00:00,20.42,20.74,2789.6,0.0,19.63,False,0,False,0.270458586683944,None
2026-09-03 04:50:00+00:00,16.32,15.2,2748.71,0.76,19.63,False,0,False,0.23330436227061835,None
2026-09-03 04:51:00+00:00,20.43,27.14,2774.44,0.0,20.67,False,0,False,0.22927028954713058,None
2026-09-03 04:52:00+00:00,14.1,17.38,2501.06,0.0,20.81,False,0,False,0.19576784117570745,None
2026-09-03 04:53:00+00:00,14.91,23.3,2555.82,0.0,20.82,False,0,False,0.2688402069422454,None
2026-09-03 04:54:00+00:00,17.05,18.41,2496.31,0.0,20.51,False,0,False,0.27139566737396525,None
2026-09-03 04:55:00+00:00,12.44,18.01,2478.07,0.66,19.87,False,0,False,0.20846193331872298,None
2026-09-03 04:56:00+00:00,20.75,25.62,2805.77,0.0,19.63,False,0,False,0.24337982125333096,None
2026-09-03 04:57:00+00:00,19.05,21.68,2865.64,0.0,19.63,False,0,False,0.26303881185468103,None
2026-09-03 04:58:00+00:00,18.17,23.4,2490.82,0.0,19.63,False,0,False,0.261620615105345,None
2026-09-03 04:59:00+00:00,11.27,12.07,2815.46,0.0,19.91,False,0,False,0.2332634184815746,None
2026-09-03 05:00:00+00:00,16.19,16.03,2618.92,0.76,19.63,False,0,False,0.23636488602140937,None
2026-09-03 05:01:00+00:00,17.24,17.65,2752.66,0.0,19.63,False,0,False,0.26585855513083095,None
2026-09-03 05:02:00+00:00,14.74,17.86,2757.82,0.0,19.63,False,0,False,0.2585499333067961,None
2026-09-03 05:03:00+00:00,19.59,18.07,2518.2,0.0,20.63,False,0,False,0.2630692645036576,None
2026-09-03 05:04:00+00:00,13.75,18.69,2703.69,0.0,19.63,False,0,False,0.28379227301836607,None
2026-09-03 05:05:00+00:00,18.36,20.89,2752.31,0.0,20.62,False,0,False,0.27059162790881947,None
2026-09-03 05:06:00+00:00,17.38,16.41,2572.49,0.0,19.63,False,0,False,0.27741804934827724,None
2026-09-03 05:07:00+00:00,11.59,13.76,2865.11,0.0,19.68,False,0,False,0.2753975177950321,None
2026-09-03 05:08:00+00:00,17.68,19.67,2818.13,0.0,19.63,False,0,False,0.2825770010319036,None
2026-09-03 05:09:00+00:00,17.5,16.8,2622.7,0.0,20.3,False,0,False,0.2692494882483559,None
2026-09-03 05:10:00+00:00,16.41,12.49,2519.03,0.15,19.63,False,0,False,0.18318961999748967,None
2026-09-03 05:11:00+00:00,17.71,15.58,2599.36,0.17,20.65,False,0,False,0.25577162915206225,None
2026-09-03 05:12:00+00:00,14.39,14.17,2533.7,0.0,20.22,False,0,False,0.2527821058645507,None
2026-09-03 05:13:00+00:00,17.59,17.02,2687.27,0.2,19.89,False,0,False,0.24538735053736743,None
2026-09-03 05:14:00+00:00,20.17,23.1,2714.99,0.35,20.92,False,0,False,0.21734111196730727,None
2026-09-03 05:15:00+00:00,16.05,19.68,2588.27,0.0,19.63,False,0,False,0.27414900640465584,None
2026-09-03 05:16:00+00:00,15.2,14.7,2637.54,0.0,20.32,False,0,False,0.2754248605485983,None
2026-09-03 05:17:00+00:00,16.75,20.38,2765.29,0.4,19.63,False,0,False,0.25258609055755604,None
2026-09-03 05:18:00+00:00,8.0,7.5,2462.2,0.87,20.76,False,0,False,0.12544061582180577,None
2026-09-03 05:19:00+00:00,12.77,12.42,2614.73,0.65,20.32,False,0,False,0.22085312953748287,None
2026-09-03 05:20:00+00:00,10.71,9.8,2793.87,0.0,20.18,False,0,False,0.24270958397995773,None
2026-09-03 05:21:00+00:00,14.78,16.13,2726.25,0.0,20.95,False,0,False,0.2820708245103431,None
2026-09-03 05:22:00+00:00,9.77,7.5,2754.99,0.0,19.63,False,0,False,0.21797046656411884,None
2026-09-03 05:23:00+00:00,16.49,17.13,2434.48,0.0,19.63,False,0,False,0.259184773851514,None
2026-09-03 05:24:00+00:00,12.91,17.64,2607.77,0.0,19.63,False,0,False,0.27841427284994974,None
2026-09-03 05:25:00+00:00,17.31,16.79,2580.66,0.0,19.63,False,0,False,0.27702782728480535,None
2026-09-03 05:26:00+00:00,11.01,10.45,2744.47,0.0,19.63,False,0,False,0.2527671543686333,None
2026-09-03 05:27:00+00:00,16.37,15.61,2757.02,0.0,20.41,False,0,False,0.2594872631971091,None
2026-09-03 05:28:00+00:00,14.13,14.85,2955.25,0.0,19.63,False,0,False,0.2667819483003912,None
2026-09-03 05:29:00+00:00,13.53,18.69,2546.65,0.0,19.63,False,0,False,0.27851218958630014,None
2026-09-03 05:30:00+00:00,17.89,20.21,2599.63,0.0,19.63,False,0,False,0.27846332410633245,None
2026-09-03 05:31:00+00:00,16.44,17.37,2613.06,0.0,20.15,False,0,False,0.27410732549231254,None
2026-09-03 05:32:00+00:00,13.62,20.27,2778.09,0.0,20.38,False,0,False,0.26679018757116185,None
2026-09-03 05:33:00+00:00,14.31,16.29,2578.89,1.08,19.63,True,1,False,0.19801586907071572,Z-Score
2026-09-03 05:34:00+00:00,18.24,17.4,2730.3,0.0,19.63,False,0,False,0.26633385137111165,None
2026-09-03 05:35:00+00:00,18.48,26.1,2639.46,0.0,20.7,False,0,False,0.2514926203376835,None
2026-09-03 05:36:00+00:00,23.76,24.31,2735.78,0.0,19.63,False,0,False,0.23530288378259462,None
2026-09-03 05:37:00+00:00,16.66,22.03,2708.54,0.0,19.63,False,0,False,0.22709901815712524,None
2026-09-03 05:38:00+00:00,17.55,15.95,2490.7,0.0,19.63,False,0,False,0.26808183416547415,None
2026-09-03 05:39:00+00:00,8.22,7.5,2594.99,0.0,19.63,False,0,False,0.20359349188077025,None
2026-09-03 05:40:00+00:00,19.7,19.29,2711.04,0.0,20.03,False,0,False,0.2657545938017774,None
2026-09-03 05:41:00+00:00,14.52,21.83,2857.49,0.0,19.63,False,0,False,0.27735055227117045,None
2026-09-03 05:42:00+00:00,14.14,14.79,2690.22,0.1,19.63,False,0,False,0.2611156103573956,None
2026-09-03 05:43:00+00:00,17.88,19.16,2583.54,0.59,19.63,False,0,False,0.2397404323584133,None
2026-09-03 05:44:00+00:00,11.84,12.2,2744.45,0.0,19.63,False,0,False,0.26945572836375065,None
2026-09-03 05:45:00+00:00,15.11,13.8,2930.58,1.19,19.63,True,1,False,0.1913777995313668,Z-Score
2026-09-03 05:46:00+00:00,15.1,22.18,2798.65,0.0,20.66,False,0,False,0.2723269765757995,None
2026-09-03 05:47:00+00:00,20.49,25.85,2671.18,0.35,19.63,False,0,False,0.20119997222489938,None
2026-09-03 05:48:00+00:00,18.35,21.78,2590.84,0.63,20.55,False,0,False,0.22358524576620897,None
2026-09-03 05:49:00+00:00,15.65,19.01,2535.2,1.11,19.63,True,1,False,0.202120407260087,Z-Score
2026-09-03 05:50:00+00:00,12.84,15.58,2633.17,0.0,21.1,False,0,False,0.2664919530822309,None
2026-09-03 05:51:00+00:00,16.66,20.09,2643.69,0.26,20.71,False,0,False,0.2276661564321878,None
2026-09-03 05:52:00+00:00,16.23,23.47,2808.49,0.0,19.65,False,0,False,0.25836820936805716,None
2026-09-03 05:53:00+00:00,10.12,12.11,2699.06,0.23,19.63,False,0,False,0.18124743169344648,None
2026-09-03 05:54:00+00:00,11.26,14.14,2809.51,0.14,21.07,False,0,False,0.23138916640235646,None
2026-09-03 05:55:00+00:00,13.25,16.01,2810.85,0.0,20.49,False,0,False,0.2757713104781653,None
2026-09-03 05:56:00+00:00,18.45,19.34,2718.54,0.0,19.63,False,0,False,0.2717638477043662,None
2026-09-03 05:57:00+00:00,9.01,8.14,3157.44,0.0,20.63,True,1,False,0.20044990090382891,Z-Score
2026-09-03 05:58:00+00:00,11.26,15.33,2751.48,0.0,20.81,False,0,False,0.26263770002263614,None
2026-09-03 05:59:00+00:00,11.88,13.15,2598.71,0.61,19.63,False,0,False,0.21898577169595485,None
2026-09-03 06:00:00+00:00,14.39,13.22,2606.67,0.0,20.18,False,0,False,0.2600460469398765,None
2026-09-03 06:01:00+00:00,16.03,16.48,2598.71,0.0,19.63,False,0,False,0.2755480225314293,None
2026-09-03 06:02:00+00:00,11.04,16.83,2773.25,0.4,19.63,False,0,False,0.23440587991168083,None
2026-09-03 06:03:00+00:00,15.9,14.4,2725.05,0.0,19.63,False,0,False,0.275578640690209,None
2026-09-03 06:04:00+00:00,10.23,14.5,2731.68,0.0,19.63,False,0,False,0.2648783760168587,None
2026-09-03 06:05:00+00:00,16.15,18.67,2453.24,0.0,20.04,False,0,False,0.26209596025992804,None
2026-09-03 06:06:00+00:00,17.3,21.38,2710.21,1.02,20.7,False,0,False,0.17979066415275996,None
2026-09-03 06:07:00+00:00,11.28,11.47,2569.31,0.0,19.77,False,0,False,0.26007381052843287,None
2026-09-03 06:08:00+00:00,15.79,14.57,2365.08,0.0,19.63,False,0,False,0.24369539408150287,None
2026-09-03 06:09:00+00:00,13.1,23.4,2713.55,0.0,20.66,False,0,False,0.2629933182044201,None
2026-09-03 06:10:00+00:00,20.8,27.81,2421.1,0.33,19.63,False,0,False,0.1778163677488971,None
2026-09-03 06:11:00+00:00,21.1,23.43,2677.78,0.0,20.61,False,0,False,0.2532066339083212,None
2026-09-03 06:12:00+00:00,11.33,13.36,2793.17,0.0,19.63,False,0,False,0.24215974567735216,None
2026-09-03 06:13:00+00:00,14.66,16.01,2676.05,0.0,19.91,False,0,False,0.2762995726173719,None
2026-09-03 06:14:00+00:00,12.62,15.28,2626.73,1.02,19.71,False,0,False,0.19822160468987288,None
2026-09-03 06:15:00+00:00,12.96,14.75,2753.08,0.0,19.63,False,0,False,0.28101876866843145,None
2026-09-03 06:16:00+00:00,18.66,23.18,2799.7,0.0,19.63,False,0,False,0.27074145791013554,None
2026-09-03 06:17:00+00:00,14.53,16.45,2622.08,0.0,19.63,False,0,False,0.26665516955895124,None
2026-09-03 06:18:00+00:00,15.66,16.14,2901.5,0.0,21.09,False,0,False,0.28470637186571907,None
2026-09-03 06:19:00+00:00,15.0,16.77,2518.99,0.84,20.85,False,0,False,0.22423787682091617,None
2026-09-03 06:20:00+00:00,14.16,20.27,2623.32,0.19,21.07,False,0,False,0.25519629599817445,None
2026-09-03 06:21:00+00:00,13.86,15.03,2692.4,0.0,21.08,False,0,False,0.26467816742943184,None
2026-09-03 06:22:00+00:00,15.16,19.09,2614.21,0.0,20.25,False,0,False,0.2791504710072565,None
2026-09-03 06:23:00+00:00,16.5,16.37,2854.1,0.0,21.04,False,0,False,0.27828334900900276,None
2026-09-03 06:24:00+00:00,15.93,22.04,2907.19,0.0,19.63,False,0,False,0.2778263667901747,None
2026-09-03 06:25:00+00:00,15.45,16.61,2829.03,0.0,21.1,False,0,False,0.25514692232366365,None
2026-09-03 06:26:00+00:00,17.93,18.17,2524.82,0.0,19.63,False,0,False,0.2743570273081845,None
2026-09-03 06:27:00+00:00,20.43,24.72,2966.94,0.0,19.63,False,0,False,0.2194201950159954,None
2026-09-03 06:28:00+00:00,16.66,16.75,2860.64,0.0,19.73,False,0,False,0.2674129978461935,None
2026-09-03 06:29:00+00:00,14.28,15.16,2779.14,0.97,19.63,False,0,False,0.2219479945729646,None
2026-09-03 06:30:00+00:00,14.66,12.42,2859.21,0.0,19.73,False,0,False,0.2688893713738868,None
2026-09-03 06:31:00+00:00,12.81,12.56,2748.1,0.0,19.63,False,0,False,0.2684738042159382,None
2026-09-03 06:32:00+00:00,9.93,13.89,2718.12,0.0,19.63,False,0,False,0.26593433294516916,None
2026-09-03 06:33:00+00:00,11.11,14.97,2761.74,0.0,20.71,False,0,False,0.2731592613223357,None
2026-09-03 06:34:00+00:00,13.64,12.77,2446.0,0.0,19.63,False,0,False,0.2464004757206928,None
2026-09-03 06:35:00+00:00,12.51,16.2,2648.65,0.78,19.63,False,0,False,0.22482071798298414,None
2026-09-03 06:36:00+00:00,14.75,13.57,2850.72,0.0,19.79,False,0,False,0.28041201826624257,None
2026-09-03 06:37:00+00:00,22.02,27.65,2724.87,0.38,21.08,False,0,False,0.18592945685900208,None
2026-09-03 06:38:00+00:00,15.91,17.89,2758.78,0.0,20.45,False,0,False,0.2893743649312269,None
2026-09-03 06:39:00+00:00,12.87,16.72,2915.54,0.29,20.79,False,0,False,0.24520539734787467,None
2026-09-03 06:40:00+00:00,15.99,21.32,2830.85,0.0,19.63,False,0,False,0.25000014915636765,None
2026-09-03 06:41:00+00:00,18.78,19.16,2985.34,0.0,20.66,False,0,False,0.2818510819725382,None
2026-09-03 06:42:00+00:00,18.51,19.24,2865.99,0.27,19.63,False,0,False,0.25994324885567094,None
2026-09-03 06:43:00+00:00,17.24,22.35,2639.78,0.0,19.63,False,0,False,0.2706763920944692,None
2026-09-03 06:44:00+00:00,11.37,11.94,2861.95,0.0,20.31,False,0,False,0.2642869656036631,None
2026-09-03 06:45:00+00:00,18.46,23.91,2598.88,0.0,19.63,False,0,False,0.24547508716270278,None
2026-09-03 06:46:00+00:00,13.33,15.93,2738.01,0.03,19.63,False,0,False,0.24061021359824408,None
2026-09-03 06:47:00+00:00,19.51,20.95,2634.87,0.0,20.31,False,0,False,0.27021977030947164,None
2026-09-03 06:48:00+00:00,15.72,17.87,3075.55,0.0,19.63,False,0,False,0.2628532290835067,None
2026-09-03 06:49:00+00:00,16.15,20.34,2948.79,0.3,19.63,False,0,False,0.2515017573929546,None
2026-09-03 06:50:00+00:00,17.4,19.39,2835.29,0.0,19.63,False,0,False,0.2834369929896495,None
2026-09-03 06:51:00+00:00,11.98,12.36,2808.79,0.0,20.91,False,0,False,0.2656566036866014,None
2026-09-03 06:52:00+00:00,13.33,18.82,2800.98,0.0,19.63,False,0,False,0.2706714913210853,None
2026-09-03 06:53:00+00:00,13.82,17.86,2879.43,0.0,19.63,False,0,False,0.25746848848803655,None
2026-09-03 06:54:00+00:00,13.61,14.56,2682.76,0.0,19.72,False,0,False,0.27011153905823565,None
2026-09-03 06:55:00+00:00,13.42,16.41,2917.86,0.0,20.11,False,0,False,0.27723695287768685,None
2026-09-03 06:56:00+00:00,13.46,14.17,2851.4,0.16,20.58,False,0,False,0.2638695785651858,None
2026-09-03 06:57:00+00:00,16.61,17.78,2848.52,0.21,20.71,False,0,False,0.25373309535665817,None
2026-09-03 06:58:00+00:00,9.76,16.05,2752.42,0.0,20.6,False,0,False,0.23611498069619863,None
2026-09-03 06:59:00+00:00,13.81,15.0,2709.47,0.0,20.44,False,0,False,0.27312206748864154,None
2026-09-03 07:00:00+00:00,15.33,22.19,2751.3,0.0,19.63,False,0,False,0.26887706990857574,None
2026-09-03 07:01:00+00:00,11.33,13.26,2911.85,0.0,19.63,False,0,False,0.2665689245969486,None
2026-09-03 07:02:00+00:00,12.77,13.23,2868.48,0.18,20.7,False,0,False,0.2433738561126343,None
2026-09-03 07:03:00+00:00,8.86,10.36,2761.33,0.46,20.43,False,0,False,0.2056598619885565,None
2026-09-03 07:04:00+00:00,18.23,19.56,2855.36,0.0,19.63,False,0,False,0.2744961520453249,None
2026-09-03 07:05:00+00:00,9.35,9.83,2933.38,0.0,19.63,False,0,False,0.23618495738148343,None
2026-09-03 07:06:00+00:00,18.45,15.21,2678.26,0.55,20.43,False,0,False,0.23944320318811468,None
2026-09-03 07:07:00+00:00,14.66,16.49,3345.13,0.0,19.63,True,1,False,0.26409214486473437,Z-Score
2026-09-03 07:08:00+00:00,12.72,10.18,2822.54,0.0,20.76,False,0,False,0.2477297962658594,None
2026-09-03 07:09:00+00:00,13.2,17.94,2778.7,0.0,20.96,False,0,False,0.18830558699984568,None
2026-09-03 07:10:00+00:00,16.51,23.72,2900.05,0.0,20.73,False,0,False,0.2745206663188219,None
2026-09-03 07:11:00+00:00,17.06,23.64,3031.23,0.0,19.63,False,0,False,0.26732333144173337,None
2026-09-03 07:12:00+00:00,15.2,15.04,3059.33,1.12,19.63,True,1,False,0.20870547742207474,Z-Score
2026-09-03 07:13:00+00:00,11.65,8.99,2625.29,0.0,19.63,False,0,False,0.2352881949505075,None
2026-09-03 07:14:00+00:00,16.88,18.4,2909.17,0.0,19.63,False,0,False,0.276126980386295,None
2026-09-03 07:15:00+00:00,17.54,23.84,2927.89,0.0,20.1,False,0,False,0.27308573906510386,None
2026-09-03 07:16:00+00:00,12.16,15.93,2966.63,0.0,19.86,False,0,False,0.2795964158000709,None
2026-09-03 07:17:00+00:00,14.25,18.6,3024.74,0.0,19.74,False,0,False,0.26924754621812,None
2026-09-03 07:18:00+00:00,9.8,10.38,2792.41,0.0,19.63,False,0,False,0.24253027373213332,None
2026-09-03 07:19:00+00:00,9.73,11.36,2963.07,0.0,19.63,False,0,False,0.23367116036732966,None
2026-09-03 07:20:00+00:00,9.78,12.19,2871.61,0.0,19.89,False,0,False,0.2607278997238557,None
2026-09-03 07:21:00+00:00,15.48,17.53,2808.81,0.0,20.02,False,0,False,0.28705008096606244,None
2026-09-03 07:22:00+00:00,15.48,17.9,2894.56,0.0,19.63,False,0,False,0.2859879426255905,None
2026-09-03 07:23:00+00:00,15.63,21.11,2959.92,0.0,19.86,False,0,False,0.2831573842385627,None
2026-09-03 07:24:00+00:00,15.41,17.46,3071.7,0.91,20.78,True,1,False,0.21923329042570122,Z-Score
2026-09-03 07:25:00+00:00,11.19,22.2,3162.88,0.0,19.85,False,0,False,0.26055939031941394,None
2026-09-03 07:26:00+00:00,15.23,15.65,2826.52,0.0,19.63,False,0,False,0.2756537525387866,None
2026-09-03 07:27:00+00:00,17.3,25.07,2944.54,0.55,20.29,False,0,False,0.1997910436646303,None
2026-09-03 07:28:00+00:00,16.87,22.76,2974.96,0.0,19.63,False,0,False,0.2754035038347399,None
2026-09-03 07:29:00+00:00,16.24,18.91,2829.29,0.0,19.63,False,0,False,0.26500555414735955,None
2026-09-03 07:30:00+00:00,14.11,14.31,3071.85,0.0,19.63,False,0,False,0.28330681625383725,None
2026-09-03 07:31:00+00:00,14.63,16.93,2743.28,0.09,19.63,False,0,False,0.2731720474711904,None
2026-09-03 07:32:00+00:00,14.6,16.96,2866.18,0.0,19.63,False,0,False,0.28660496145295067,None
2026-09-03 07:33:00+00:00,16.78,17.18,3069.49,0.0,19.96,False,0,False,0.2714241688844232,None
2026-09-03 07:34:00+00:00,13.16,16.02,2974.35,0.71,20.88,False,0,False,0.24072492389627953,None
2026-09-03 07:35:00+00:00,17.97,19.67,3056.93,0.0,20.16,False,0,False,0.27072351662705624,None
2026-09-03 07:36:00+00:00,16.94,21.47,2557.09,0.0,19.63,False,0,False,0.2697781859009557,None
2026-09-03 07:37:00+00:00,14.98,20.62,3009.04,0.0,20.51,False,0,False,0.28693717078317216,None
2026-09-03 07:38:00+00:00,21.56,28.39,2689.17,0.0,19.63,False,0,False,0.2221123177569927,None
2026-09-03 07:39:00+00:00,16.27,16.24,3103.53,0.0,19.63,False,0,False,0.21933850137703492,None
2026-09-03 07:40:00+00:00,17.36,18.23,2826.89,0.0,21.04,False,0,False,0.2720598897535965,None
2026-09-03 07:41:00+00:00,13.2,10.39,2771.95,0.0,20.65,False,0,False,0.26156766309834495,None
2026-09-03 07:42:00+00:00,15.53,20.1,2834.83,0.0,20.29,False,0,False,0.27202649341605023,None
2026-09-03 07:43:00+00:00,13.35,15.55,3144.79,0.0,19.63,False,0,False,0.27904953697400886,None
2026-09-03 07:44:00+00:00,15.28,14.67,3083.46,0.0,20.52,False,0,False,0.27692501514462325,None
2026-09-03 07:45:00+00:00,15.79,16.46,3031.01,0.0,19.63,False,0,False,0.28191464677377776,None
2026-09-03 07:46:00+00:00,16.04,14.51,2924.01,0.0,20.48,False,0,False,0.27905230236074013,None
2026-09-03 07:47:00+00:00,18.71,22.64,3096.1,0.73,20.43,False,0,False,0.21382232462909967,None
2026-09-03 07:48:00+00:00,12.76,13.66,2932.8,0.0,19.91,False,0,False,0.2785718097895245,None
2026-09-03 07:49:00+00:00,17.47,22.21,2905.38,0.99,20.63,True,1,False,0.20680035435622596,Z-Score
2026-09-03 07:50:00+00:00,13.16,16.57,3056.38,0.87,20.01,False,0,False,0.22962935897786935,None
2026-09-03 07:51:00+00:00,16.89,20.09,3207.45,0.0,20.36,False,0,False,0.27311810126710057,None
2026-09-03 07:52:00+00:00,17.5,16.66,2955.43,0.87,19.93,False,0,False,0.2099527122791976,None
2026-09-03 07:53:00+00:00,12.12,15.39,2921.74,0.0,20.59,False,0,False,0.2781917065651013,None
2026-09-03 07:54:00+00:00,13.37,19.52,3103.51,0.0,20.32,False,0,False,0.2850557411796874,None
2026-09-03 07:55:00+00:00,14.21,15.9,2730.1,0.0,20.14,False,0,False,0.277398791620738,None
2026-09-03 07:56:00+00:00,13.21,18.42,2971.86,0.0,20.6,False,0,False,0.28350854759767663,None
2026-09-03 07:57:00+00:00,15.68,18.52,3209.2,0.61,21.22,False,0,False,0.23656776214012148,None
2026-09-03 07:58:00+00:00,14.88,17.23,3040.91,0.0,21.18,False,0,False,0.26198124889500524,None
2026-09-03 07:59:00+00:00,20.8,18.09,2750.89,0.0,21.01,False,0,False,0.22643776662846093,None
2026-09-03 08:00:00+00:00,15.64,15.04,3094.9,0.06,20.67,False,0,False,0.2670980156495116,None
2026-09-03 08:01:00+00:00,12.47,12.01,3151.48,0.0,20.48,False,0,False,0.27477190664485984,None
2026-09-03 08:02:00+00:00,14.73,21.15,2825.64,0.0,21.93,True,1,False,0.27667526168736256,Z-Score
2026-09-03 08:03:00+00:00,12.54,17.01,3354.14,0.0,21.74,False,0,False,0.26282122156143534,None
2026-09-03 08:04:00+00:00,15.94,21.95,3072.58,0.0,21.38,False,0,False,0.27637812160841646,None
2026-09-03 08:05:00+00:00,14.21,19.63,2878.72,0.0,21.54,False,0,False,0.2556517805350093,None
2026-09-03 08:06:00+00:00,14.61,15.54,3194.23,1.63,22.5,True,2,False,0.16394723762536711,Z-Score
2026-09-03 08:07:00+00:00,15.16,21.6,2943.31,0.0,20.89,False,0,False,0.27766384593208293,None
2026-09-03 08:08:00+00:00,10.45,14.76,3036.71,0.29,20.3,False,0,False,0.22507392616113836,None
2026-09-03 08:09:00+00:00,11.57,17.29,2794.27,0.0,22.89,True,1,False,0.2687030616833355,Z-Score
2026-09-03 08:10:00+00:00,12.65,14.55,3017.24,0.0,20.98,False,0,False,0.2719144622123204,None
2026-09-03 08:11:00+00:00,18.23,12.6,3204.92,0.46,23.5,True,1,False,0.21737208800455843,Z-Score
2026-09-03 08:12:00+00:00,16.05,20.17,2986.16,0.0,22.41,False,0,False,0.2674582752145847,None
2026-09-03 08:13:00+00:00,15.36,16.81,2914.18,0.0,20.87,False,0,False,0.28788618603847527,None
2026-09-03 08:14:00+00:00,19.51,19.17,3025.34,0.0,20.46,False,0,False,0.2719494943988175,None
2026-09-03 08:15:00+00:00,13.04,12.61,3173.78,0.0,21.0,False,0,False,0.2718954500597168,None
2026-09-03 08:16:00+00:00,17.44,17.24,3076.27,0.69,20.85,False,0,False,0.24116040452601079,None
2026-09-03 08:17:00+00:00,11.94,12.66,3091.04,0.0,20.65,False,0,False,0.27014196140449226,None
2026-09-03 08:18:00+00:00,15.07,16.05,2962.44,0.0,23.88,True,1,False,0.26524907983553686,Z-Score
2026-09-03 08:19:00+00:00,16.02,17.7,3196.48,0.78,20.06,False,0,False,0.2309035582256207,None
2026-09-03 08:20:00+00:00,19.23,22.95,3139.74,0.0,20.21,False,0,False,0.26881989182017973,None
2026-09-03 08:21:00+00:00,13.75,13.85,3133.91,0.0,25.07,True,1,False,0.255999347965099,Z-Score
2026-09-03 08:22:00+00:00,19.32,15.22,3065.44,0.0,21.06,False,0,False,0.26659121504067723,None
2026-09-03 08:23:00+00:00,14.38,16.8,3288.45,0.0,21.1,False,0,False,0.2757391406098333,None
2026-09-03 08:24:00+00:00,17.52,18.82,3186.66,0.0,24.33,True,1,False,0.26360551847025687,Z-Score
2026-09-03 08:25:00+00:00,17.03,17.36,2955.76,0.75,20.23,False,0,False,0.22698001177410698,None
2026-09-03 08:26:00+00:00,15.9,18.79,3155.81,0.0,20.51,False,0,False,0.2860282081373901,None
2026-09-03 08:27:00+00:00,15.61,21.9,3367.81,0.0,20.25,False,0,False,0.2349416016808648,None
2026-09-03 08:28:00+00:00,11.31,11.08,3378.28,0.67,20.41,False,0,False,0.1960408869579009,None
2026-09-03 08:29:00+00:00,14.84,22.3,3295.07,0.0,20.31,False,0,False,0.2645765961906279,None
2026-09-03 08:30:00+00:00,19.44,26.1,3194.33,0.0,24.08,False,0,False,0.22703483354481946,None
2026-09-03 08:31:00+00:00,16.45,18.5,3188.83,0.0,25.3,True,1,False,0.2570607266963093,Z-Score
2026-09-03 08:32:00+00:00,19.46,19.51,3391.68,0.0,26.47,True,1,False,0.24176108257587559,Z-Score
2026-09-03 08:33:00+00:00,17.32,23.22,3196.05,0.0,21.0,False,0,False,0.2586319402452036,None
2026-09-03 08:34:00+00:00,20.2,24.57,3187.26,0.0,20.22,False,0,False,0.2495008176069453,None
2026-09-03 08:35:00+00:00,14.14,23.07,3112.09,0.0,24.89,False,0,False,0.2537754917990425,None
2026-09-03 08:36:00+00:00,15.03,14.05,3187.93,0.0,21.02,False,0,False,0.2746271268802616,None
2026-09-03 08:37:00+00:00,19.06,21.12,3234.26,0.0,25.33,False,0,False,0.24926966583063065,None
2026-09-03 08:38:00+00:00,18.05,19.7,3529.68,0.0,20.36,False,0,False,0.2508551368298298,None
2026-09-03 08:39:00+00:00,13.44,16.71,2915.32,0.0,20.73,False,0,False,0.28114909563293755,None
2026-09-03 08:40:00+00:00,11.15,7.52,3291.76,0.0,20.13,False,0,False,0.20240593960340098,None
2026-09-03 08:41:00+00:00,14.66,14.3,3433.02,0.39,26.42,True,1,False,0.2104139907437077,Z-Score
2026-09-03 08:42:00+00:00,10.39,11.72,3046.18,1.15,20.01,False,0,False,0.18418973786421672,None
2026-09-03 08:43:00+00:00,17.7,20.2,3306.48,0.0,20.23,False,0,False,0.2667833870950969,None
2026-09-03 08:44:00+00:00,19.53,25.54,3138.72,0.0,29.56,True,1,False,0.22147140604749915,Z-Score
2026-09-03 08:45:00+00:00,16.87,19.38,3416.71,0.0,20.02,False,0,False,0.2499223452190707,None
2026-09-03 08:46:00+00:00,15.75,16.58,3790.96,0.0,26.95,True,1,False,0.2018859860102079,Z-Score
2026-09-03 08:47:00+00:00,14.78,24.18,3512.16,0.0,19.8,False,0,False,0.2362732333546395,None
2026-09-03 08:48:00+00:00,14.83,13.18,3435.16,0.05,26.43,False,0,False,0.19596248436801794,None
2026-09-03 08:49:00+00:00,18.71,17.97,3332.96,0.0,27.61,False,0,False,0.23266614575855254,None
2026-09-03 08:50:00+00:00,13.95,18.53,3508.63,0.0,19.8,False,0,False,0.2530510653943587,None
2026-09-03 08:51:00+00:00,16.08,18.65,3282.79,0.0,20.79,False,0,False,0.27786388562534603,None
2026-09-03 08:52:00+00:00,14.66,17.01,3282.17,0.09,20.86,False,0,False,0.2658883179891172,None
2026-09-03 08:53:00+00:00,15.71,23.03,3408.14,1.24,20.43,True,1,False,0.1537376389196896,Z-Score
2026-09-03 08:54:00+00:00,12.61,16.87,3084.35,0.0,20.28,False,0,False,0.28092050853910033,None
2026-09-03 08:55:00+00:00,17.99,21.27,3454.15,0.0,20.23,False,0,False,0.24793739976982843,None
2026-09-03 08:56:00+00:00,16.14,19.28,3244.05,0.0,20.28,False,0,False,0.2645452386588945,None
2026-09-03 08:57:00+00:00,16.81,17.52,3424.31,0.24,21.0,False,0,False,0.23736298536008682,None
2026-09-03 08:58:00+00:00,13.97,15.1,3456.73,0.0,28.25,False,0,False,0.23170676923703715,None
2026-09-03 08:59:00+00:00,21.19,24.44,3277.92,0.3,20.5,False,0,False,0.20581390459059634,None
2026-09-03 09:00:00+00:00,17.1,14.98,3533.94,0.0,21.0,False,0,False,0.24009704364509094,None
2026-09-03 09:01:00+00:00,9.78,12.57,3529.92,0.0,19.81,False,0,False,0.20505232073837482,None
2026-09-03 09:02:00+00:00,11.84,9.97,3173.58,0.84,20.71,False,0,False,0.15188805861048166,None
2026-09-03 09:03:00+00:00,13.6,15.13,3539.18,0.26,27.52,False,0,False,0.18127808869828016,None
2026-09-03 09:04:00+00:00,19.88,20.88,3662.81,0.0,20.06,False,0,False,0.2139209130669466,None
2026-09-03 09:05:00+00:00,12.77,12.91,3362.69,0.0,20.78,False,0,False,0.25234343712103147,None
2026-09-03 09:06:00+00:00,13.67,13.74,3490.98,0.0,20.16,False,0,False,0.23694845563182593,None
2026-09-03 09:07:00+00:00,18.51,16.39,3609.06,0.0,19.94,False,0,False,0.20819107458862718,None
2026-09-03 09:08:00+00:00,13.65,16.23,3325.55,0.13,32.81,True,1,False,0.21842192186975223,Z-Score
2026-09-03 09:09:00+00:00,19.04,20.05,3528.51,0.0,19.75,False,0,False,0.2312817079689367,None
2026-09-03 09:10:00+00:00,14.22,16.49,3345.63,0.0,20.5,False,0,False,0.27157224728138013,None
2026-09-03 09:11:00+00:00,12.1,14.88,3385.61,1.11,19.63,True,1,False,0.187169184799091,Z-Score
2026-09-03 09:12:00+00:00,14.25,20.87,3169.52,0.0,20.98,False,0,False,0.2634629050694494,None
2026-09-03 09:13:00+00:00,11.29,10.62,3478.22,0.0,20.74,False,0,False,0.22279751589203428,None
2026-09-03 09:14:00+00:00,15.71,17.21,3224.35,0.82,33.41,True,1,False,0.15977320597788391,Z-Score
2026-09-03 09:15:00+00:00,17.01,19.39,3296.15,0.13,20.67,False,0,False,0.25577049557376674,None
2026-09-03 09:16:00+00:00,12.03,14.7,3494.3,0.0,30.85,False,0,False,0.20810421506746324,None
2026-09-03 09:17:00+00:00,14.78,20.0,3298.32,0.0,20.43,False,0,False,0.2512641067937523,None
2026-09-03 09:18:00+00:00,16.49,16.52,3336.11,0.0,21.01,False,0,False,0.27199268114054725,None
2026-09-03 09:19:00+00:00,15.87,17.77,3325.26,0.28,33.99,True,1,False,0.1920259157302846,Z-Score
2026-09-03 09:20:00+00:00,19.16,23.29,3490.44,0.0,20.97,False,0,False,0.24489457976651613,None
2026-09-03 09:21:00+00:00,18.61,16.29,3270.35,0.0,36.59,True,1,False,0.21763649158840692,Z-Score
2026-09-03 09:22:00+00:00,15.95,14.43,3800.56,0.27,21.09,False,0,False,0.1898559856502135,None
2026-09-03 09:23:00+00:00,11.75,16.93,3587.58,0.0,20.27,False,0,False,0.23723462427706282,None
2026-09-03 09:24:00+00:00,18.16,22.34,3528.45,0.0,20.0,False,0,False,0.2196757406520327,None
2026-09-03 09:25:00+00:00,15.94,18.27,3398.37,0.0,35.85,True,1,False,0.2253571606622583,Z-Score
2026-09-03 09:26:00+00:00,15.59,20.44,3580.9,0.0,38.04,True,1,False,0.2014841536457087,Z-Score
2026-09-03 09:27:00+00:00,14.2,16.58,3297.93,1.08,20.46,True,1,False,0.19569866149702286,Z-Score
2026-09-03 09:28:00+00:00,14.34,17.51,3440.25,0.0,33.51,False,0,False,0.22830622025067232,None
2026-09-03 09:29:00+00:00,15.49,14.68,3399.9,0.0,20.78,False,0,False,0.2699244193538039,None
2026-09-03 09:30:00+00:00,17.48,19.76,3540.26,0.0,20.69,False,0,False,0.24047293464271957,None
2026-09-03 09:31:00+00:00,13.36,12.4,3407.46,0.0,21.04,False,0,False,0.2597569481427106,None
2026-09-03 09:32:00+00:00,17.42,18.86,3341.82,0.0,32.72,False,0,False,0.22547951763199015,None
2026-09-03 09:33:00+00:00,14.24,15.52,3537.28,0.0,36.6,False,0,False,0.19245790755468228,None
2026-09-03 09:34:00+00:00,14.07,20.08,3499.29,0.0,32.57,False,0,False,0.21263384341396535,None
2026-09-03 09:35:00+00:00,16.08,17.05,3523.29,0.0,20.4,False,0,False,0.24228651761496411,None
2026-09-03 09:36:00+00:00,12.79,14.09,3469.21,0.11,33.62,False,0,False,0.19053605982212396,None
2026-09-03 09:37:00+00:00,14.63,18.99,3507.7,0.0,34.36,False,0,False,0.22009173936866544,None
2026-09-03 09:38:00+00:00,14.59,19.42,3544.14,0.0,20.85,False,0,False,0.25674573039825394,None
2026-09-03 09:39:00+00:00,11.57,14.11,3635.16,0.7,20.67,False,0,False,0.17240144670206953,None
2026-09-03 09:40:00+00:00,18.75,21.24,3723.06,0.0,41.56,False,0,False,0.16535691293761695,None
2026-09-03 09:41:00+00:00,13.85,16.29,3566.98,0.0,21.04,False,0,False,0.2250630898310415,None
2026-09-03 09:42:00+00:00,16.06,17.11,3585.06,0.0,20.87,False,0,False,0.21024181124417435,None
2026-09-03 09:43:00+00:00,11.61,14.24,3628.56,0.0,20.46,False,0,False,0.22113278073968468,None
2026-09-03 09:44:00+00:00,10.42,7.5,3478.36,1.04,34.27,True,1,False,0.07830708107960216,Z-Score
2026-09-03 09:45:00+00:00,12.93,17.59,3363.61,0.0,40.59,False,0,False,0.21649967124166014,None
2026-09-03 09:46:00+00:00,19.58,16.1,3377.35,0.72,34.16,False,0,False,0.1591072678976918,None
2026-09-03 09:47:00+00:00,13.65,19.12,3534.03,1.11,37.45,False,0,False,0.10201667355082966,None
2026-09-03 09:48:00+00:00,15.8,18.07,3643.61,0.0,19.83,False,0,False,0.2144383773423552,None
2026-09-03 09:49:00+00:00,16.85,20.56,3478.94,0.01,20.0,False,0,False,0.23415244618354641,None
2026-09-03 09:50:00+00:00,16.88,17.7,3483.37,0.0,45.18,False,0,False,0.19450793544315098,None
2026-09-03 09:51:00+00:00,11.95,19.51,3558.13,0.0,45.54,False,0,False,0.18279322452129465,None
2026-09-03 09:52:00+00:00,18.74,17.28,3211.18,0.0,36.61,False,0,False,0.1937450161813823,None
2026-09-03 09:53:00+00:00,13.54,16.8,3443.42,0.0,39.77,False,0,False,0.21490705398045806,None
2026-09-03 09:54:00+00:00,14.71,13.97,3623.14,0.67,19.68,False,0,False,0.1932720124762421,None
2026-09-03 09:55:00+00:00,12.7,12.5,3603.94,0.0,19.86,False,0,False,0.21163891140047325,None
2026-09-03 09:56:00+00:00,12.3,18.25,3289.61,0.0,39.58,False,0,False,0.17375686002270996,None
2026-09-03 09:57:00+00:00,12.8,15.84,3591.37,0.0,21.0,False,0,False,0.24226446541884927,None
2026-09-03 09:58:00+00:00,14.33,17.09,3470.32,0.27,37.25,False,0,False,0.19237906090196294,None
2026-09-03 09:59:00+00:00,22.49,22.76,3218.4,0.03,20.46,False,0,False,0.2106643000726055,None
2026-09-03 10:00:00+00:00,9.79,9.15,3311.97,0.0,20.72,False,0,False,0.17997945166303747,None
2026-09-03 10:01:00+00:00,10.35,11.39,3289.69,0.48,36.1,False,0,False,0.14627726929100737,None
2026-09-03 10:02:00+00:00,15.3,13.47,3352.29,0.0,20.21,False,0,False,0.2666379909991332,None
2026-09-03 10:03:00+00:00,13.13,16.46,3042.73,0.0,19.72,True,1,False,0.2792156613469506,Z-Score
2026-09-03 10:04:00+00:00,10.85,11.91,3536.94,0.0,40.87,False,0,False,0.17579611268747503,None
2026-09-03 10:05:00+00:00,12.19,15.65,3328.78,0.09,20.29,False,0,False,0.22201874317495024,None
2026-09-03 10:06:00+00:00,14.87,25.12,3778.11,0.0,20.37,False,0,False,0.18890158901129867,None
2026-09-03 10:07:00+00:00,16.98,16.63,3566.9,0.0,19.9,False,0,False,0.2398348151516671,None
2026-09-03 10:08:00+00:00,16.86,21.3,3596.12,0.0,19.81,False,0,False,0.21530727425170515,None
2026-09-03 10:09:00+00:00,15.5,17.94,3607.01,0.0,20.68,False,0,False,0.24952529882441332,None
2026-09-03 10:10:00+00:00,11.78,14.39,3921.71,0.0,39.05,True,1,False,0.13844568343510255,Z-Score
2026-09-03 10:11:00+00:00,16.58,21.86,3366.84,0.0,20.51,False,0,False,0.2651579937207574,None
2026-09-03 10:12:00+00:00,15.37,14.82,3488.41,0.0,37.56,False,0,False,0.1771707492234515,None
2026-09-03 10:13:00+00:00,15.53,16.91,3466.4,0.0,49.75,False,0,False,0.19064138848054063,None
2026-09-03 10:14:00+00:00,17.09,16.33,3558.92,0.0,51.17,False,0,False,0.18674965574403157,None
2026-09-03 10:15:00+00:00,14.08,17.25,3238.43,0.0,39.16,False,0,False,0.23168261625916925,None
2026-09-03 10:16:00+00:00,14.78,15.24,3446.74,0.0,20.02,False,0,False,0.2517923223602441,None
2026-09-03 10:17:00+00:00,13.68,15.65,3828.53,0.0,45.17,False,0,False,0.14320791235571495,None
2026-09-03 10:18:00+00:00,10.03,15.28,3487.99,0.0,20.97,False,0,False,0.21851634633050254,None
2026-09-03 10:19:00+00:00,11.65,13.65,3353.05,0.0,19.99,False,0,False,0.20749563785593134,None
2026-09-03 10:20:00+00:00,13.72,14.38,3458.91,0.0,20.44,False,0,False,0.2607663844595732,None
2026-09-03 10:21:00+00:00,14.47,22.23,3506.48,0.0,20.96,False,0,False,0.2469485837259724,None
2026-09-03 10:22:00+00:00,15.1,16.0,3349.68,0.02,42.03,False,0,False,0.19537254275668264,None
2026-09-03 10:23:00+00:00,19.11,20.47,3564.95,0.49,54.22,False,0,False,0.109261263346634,None
2026-09-03 10:24:00+00:00,20.04,31.53,3677.28,0.0,42.32,True,1,False,0.10011763742585145,Z-Score
2026-09-03 10:25:00+00:00,18.02,22.92,3647.24,0.0,21.07,False,0,False,0.22854867941174034,None
2026-09-03 10:26:00+00:00,15.65,14.47,3293.68,0.0,20.83,False,0,False,0.2624128725733876,None
2026-09-03 10:27:00+00:00,15.67,17.41,3355.47,0.0,44.22,False,0,False,0.18992060206992356,None
2026-09-03 10:28:00+00:00,17.78,17.78,3659.5,0.0,19.68,False,0,False,0.22872885686611383,None
2026-09-03 10:29:00+00:00,20.65,26.04,3244.71,0.0,49.1,False,0,False,0.1552850657460348,None
2026-09-03 10:30:00+00:00,20.45,21.18,3395.65,0.77,42.46,False,0,False,0.13935178098210932,None
2026-09-03 10:31:00+00:00,15.61,15.54,3539.8,0.0,54.45,False,0,False,0.17685337103649523,None
2026-09-03 10:32:00+00:00,12.8,20.87,3102.22,0.0,20.23,False,0,False,0.25369342100314063,None
2026-09-03 10:33:00+00:00,19.02,19.86,3539.74,0.0,43.75,False,0,False,0.18487452338341742,None
2026-09-03 10:34:00+00:00,18.34,20.19,3607.75,0.0,47.03,False,0,False,0.14224956305967507,None
2026-09-03 10:35:00+00:00,15.88,19.61,3737.7,0.0,20.52,False,0,False,0.21957366425357605,None
2026-09-03 10:36:00+00:00,17.39,19.18,3430.08,0.0,20.99,False,0,False,0.21833277613850033,None
2026-09-03 10:37:00+00:00,16.96,21.14,3249.82,0.0,20.06,False,0,False,0.24293872432935476,None
2026-09-03 10:38:00+00:00,13.89,15.04,3713.63,0.0,52.1,False,0,False,0.1575667591482532,None
2026-09-03 10:39:00+00:00,13.3,19.87,3495.14,0.37,44.69,False,0,False,0.16495288756454496,None
2026-09-03 10:40:00+00:00,14.25,14.63,3317.35,0.0,50.69,False,0,False,0.20917121829502394,None
2026-09-03 10:41:00+00:00,12.14,17.62,3044.17,0.0,47.82,False,0,False,0.21406356154221434,None
2026-09-03 10:42:00+00:00,14.35,18.39,3208.34,0.0,20.64,False,0,False,0.26160390112362414,None
2026-09-03 10:43:00+00:00,15.93,24.51,3534.78,0.0,54.76,False,0,False,0.15862281323499638,None
2026-09-03 10:44:00+00:00,10.56,14.6,3363.61,0.0,20.34,False,0,False,0.18804614450725982,None
2026-09-03 10:45:00+00:00,17.75,18.29,3362.39,0.17,60.01,False,0,False,0.14469748251962483,None
2026-09-03 10:46:00+00:00,16.89,23.62,3558.33,0.0,19.73,False,0,False,0.23282408460611093,None
2026-09-03 10:47:00+00:00,14.01,12.61,3526.11,0.0,20.64,False,0,False,0.23759323722229497,None
2026-09-03 10:48:00+00:00,12.56,22.59,3233.14,0.0,19.69,False,0,False,0.23784534510737187,None
2026-09-03 10:49:00+00:00,14.35,19.13,3483.9,0.19,44.3,False,0,False,0.15897653157775088,None
2026-09-03 10:50:00+00:00,11.66,12.71,3376.95,0.0,20.47,False,0,False,0.23444441119682935,None
2026-09-03 10:51:00+00:00,15.64,19.68,3769.49,0.0,21.1,False,0,False,0.1993852406161833,None
2026-09-03 10:52:00+00:00,13.06,17.71,3639.59,0.0,43.5,False,0,False,0.11496911840538082,None
2026-09-03 10:53:00+00:00,18.66,26.0,3658.82,0.0,56.1,False,0,False,0.1070819774858357,None
2026-09-03 10:54:00+00:00,12.27,14.54,3405.8,0.0,44.5,False,0,False,0.19969891275437357,None
2026-09-03 10:55:00+00:00,12.9,13.66,3485.49,0.0,20.9,False,0,False,0.21527240874294407,None
2026-09-03 10:56:00+00:00,16.09,18.6,3406.22,0.22,54.46,False,0,False,0.11333333094666398,None
2026-09-03 10:57:00+00:00,13.78,15.66,3325.21,0.0,48.04,False,0,False,0.17625146565759148,None
2026-09-03 10:58:00+00:00,15.37,20.84,3303.92,0.0,61.74,False,0,False,0.16294176767045915,None
2026-09-03 10:59:00+00:00,12.99,13.02,3336.27,0.54,19.65,True,1,False,0.21049922645622005,Z-Score
2026-09-03 11:00:00+00:00,15.08,15.45,3550.28,0.14,56.06,False,0,False,0.1526269344778432,None
2026-09-03 11:01:00+00:00,15.26,18.53,3220.64,0.0,64.77,False,0,False,0.13668326622368576,None
2026-09-03 11:02:00+00:00,17.94,19.46,3404.48,0.0,54.16,False,0,False,0.12646282927094088,None
2026-09-03 11:03:00+00:00,12.95,12.88,3577.12,0.91,48.36,True,1,False,0.09126984895797785,Z-Score
2026-09-03 11:04:00+00:00,15.29,15.01,3163.65,0.08,61.18,False,0,False,0.1731392179116143,None
2026-09-03 11:05:00+00:00,17.86,18.59,3384.42,0.91,20.85,True,1,False,0.1980036061645969,Z-Score
2026-09-03 11:06:00+00:00,17.23,18.43,3306.81,0.0,20.13,False,0,False,0.24443255704367944,None
2026-09-03 11:07:00+00:00,18.53,19.34,3298.0,0.0,65.96,False,0,False,0.14933608592519343,None
2026-09-03 11:08:00+00:00,18.11,18.86,3284.53,0.0,64.14,False,0,False,0.14076913490687826,None
2026-09-03 11:09:00+00:00,19.74,20.87,3453.81,0.78,19.79,True,1,False,0.17339298324696872,Z-Score
2026-09-03 11:10:00+00:00,12.7,15.15,3431.12,0.0,52.51,False,0,False,0.12605950570435065,None
2026-09-03 11:11:00+00:00,12.64,11.68,3348.19,0.0,20.8,False,0,False,0.24665163601225265,None
2026-09-03 11:12:00+00:00,16.81,23.57,3445.11,0.0,67.73,False,0,False,0.1302306440400952,None
2026-09-03 11:13:00+00:00,17.33,19.91,3327.84,0.27,53.73,False,0,False,0.16010134231082618,None
2026-09-03 11:14:00+00:00,18.09,17.08,3105.18,0.0,20.76,False,0,False,0.262333625993661,None
2026-09-03 11:15:00+00:00,17.57,20.54,3375.47,0.0,49.11,False,0,False,0.19696755578640063,None
2026-09-03 11:16:00+00:00,17.98,15.96,3477.71,0.13,19.83,False,0,False,0.20517489830357238,None
2026-09-03 11:17:00+00:00,12.88,15.88,3355.29,0.0,20.88,False,0,False,0.2102585183036929,None
2026-09-03 11:18:00+00:00,14.74,17.47,2874.12,0.0,61.94,True,1,False,0.13053474781803642,Z-Score
2026-09-03 11:19:00+00:00,14.68,16.83,3352.97,0.69,20.67,False,0,False,0.19731570341459104,None
2026-09-03 11:20:00+00:00,18.72,24.23,3219.14,0.38,58.93,False,0,False,0.12721670348805425,None
2026-09-03 11:21:00+00:00,18.04,13.87,2861.38,0.13,20.29,True,1,False,0.23094192615451214,Z-Score
2026-09-03 11:22:00+00:00,19.05,25.55,3008.06,1.35,57.28,True,1,False,0.04934363868241709,Z-Score
2026-09-03 11:23:00+00:00,13.22,18.96,3290.44,1.39,58.47,True,1,False,0.07539924002525678,Z-Score
2026-09-03 11:24:00+00:00,13.51,16.5,3049.44,0.23,66.09,False,0,False,0.12999819221711917,None
2026-09-03 11:25:00+00:00,12.97,17.9,2996.91,0.0,19.71,False,0,False,0.20695656110538602,None
2026-09-03 11:26:00+00:00,15.87,20.13,3111.16,0.08,20.97,False,0,False,0.25389073661322115,None
2026-09-03 11:27:00+00:00,15.85,19.29,3467.31,0.07,20.23,False,0,False,0.1665925315271073,None
2026-09-03 11:28:00+00:00,13.07,15.41,3051.0,0.0,20.24,False,0,False,0.2741054584840016,None
2026-09-03 11:29:00+00:00,15.46,21.27,3124.57,0.0,62.31,False,0,False,0.16659940493357162,None
2026-09-03 11:30:00+00:00,16.56,18.76,3165.51,0.0,57.07,False,0,False,0.19175516515776975,None
2026-09-03 11:31:00+00:00,13.15,11.97,3212.77,0.58,65.7,False,0,False,0.11394773654591084,None
2026-09-03 11:32:00+00:00,16.52,19.1,2968.06,0.0,52.3,False,0,False,0.20869403196816355,None
2026-09-03 11:33:00+00:00,12.07,13.09,3014.52,0.0,20.23,False,0,False,0.2364889808950229,None
2026-09-03 11:34:00+00:00,16.4,17.79,3224.48,0.0,20.23,False,0,False,0.23408556861469465,None
2026-09-03 11:35:00+00:00,11.16,9.84,3177.04,0.0,19.8,False,0,False,0.1790381933943478,None
2026-09-03 11:36:00+00:00,16.52,21.98,2996.45,0.0,55.49,False,0,False,0.1776921998263825,None
2026-09-03 11:37:00+00:00,14.5,13.11,2972.92,0.0,59.6,False,0,False,0.1900459835051722,None
2026-09-03 11:38:00+00:00,16.98,23.25,3313.56,0.0,54.49,False,0,False,0.16577439614023776,None
2026-09-03 11:39:00+00:00,15.74,16.3,3327.42,0.6,20.32,False,0,False,0.2122751848034909,None
2026-09-03 11:40:00+00:00,11.37,12.46,3155.09,0.0,20.44,False,0,False,0.2492923276881593,None
2026-09-03 11:41:00+00:00,15.81,15.78,3360.51,0.02,20.22,False,0,False,0.24415680450342508,None
2026-09-03 11:42:00+00:00,16.92,19.68,3269.3,0.0,52.25,False,0,False,0.19804494093574004,None
2026-09-03 11:43:00+00:00,15.48,16.27,3201.71,0.12,19.94,False,0,False,0.19685724228178164,None
2026-09-03 11:44:00+00:00,17.52,22.64,2854.88,1.02,63.92,False,0,False,0.07035339314575217,None
2026-09-03 11:45:00+00:00,12.79,16.52,3017.4,0.82,20.26,False,0,False,0.1564027851681435,None
2026-09-03 11:46:00+00:00,15.93,21.08,3190.69,0.0,20.04,False,0,False,0.27627003500902825,None
2026-09-03 11:47:00+00:00,14.08,14.88,2942.07,0.0,20.9,False,0,False,0.2502936581669314,None
2026-09-03 11:48:00+00:00,15.1,15.97,3025.22,0.0,19.94,False,0,False,0.22732524018719774,None
2026-09-03 11:49:00+00:00,15.81,17.5,2918.04,0.0,57.78,False,0,False,0.17722563233824068,None
2026-09-03 11:50:00+00:00,14.17,15.08,3087.37,0.0,51.25,False,0,False,0.2057015819044985,None
2026-09-03 11:51:00+00:00,17.5,15.68,3195.64,0.28,66.71,False,0,False,0.125702099582228,None
2026-09-03 11:52:00+00:00,13.87,17.26,3135.08,0.29,73.35,False,0,False,0.13475178423833567,None
2026-09-03 11:53:00+00:00,13.01,14.32,3095.41,0.39,20.73,False,0,False,0.15116451702038025,None
2026-09-03 11:54:00+00:00,18.85,19.01,2872.46,0.0,72.67,False,0,False,0.1535721244509567,None
2026-09-03 11:55:00+00:00,12.35,13.07,2977.79,0.0,57.8,False,0,False,0.1635887627800412,None
2026-09-03 11:56:00+00:00,14.53,13.66,3086.48,0.0,55.43,False,0,False,0.14250413758266933,None
2026-09-03 11:57:00+00:00,17.85,18.46,3053.79,0.0,20.56,False,0,False,0.2635228972498694,None
2026-09-03 11:58:00+00:00,11.85,17.56,3055.83,0.0,65.86,False,0,False,0.1426226262617561,None
2026-09-03 11:59:00+00:00,14.32,16.51,3147.34,0.32,20.56,False,0,False,0.24651792300409736,None
2026-09-03 12:00:00+00:00,14.06,12.35,3079.04,0.0,20.87,False,0,False,0.22567825339877212,None
2026-09-03 12:01:00+00:00,17.22,25.38,2846.22,0.0,20.3,False,0,False,0.22342879912774738,None
2026-09-03 12:02:00+00:00,17.13,24.18,2987.24,0.0,20.14,False,0,False,0.22721148420022474,None
2026-09-03 12:03:00+00:00,16.59,16.6,3171.82,0.0,21.03,False,0,False,0.2627653310844995,None
2026-09-03 12:04:00+00:00,13.89,17.95,3014.92,1.21,61.68,True,1,False,0.08984718360391941,Z-Score
2026-09-03 12:05:00+00:00,14.3,16.57,3076.65,0.0,19.74,False,0,False,0.22770913431574746,None
2026-09-03 12:06:00+00:00,12.79,10.26,3111.57,0.0,20.26,False,0,False,0.20321538986221027,None
2026-09-03 12:07:00+00:00,12.25,14.24,3132.75,0.27,20.45,False,0,False,0.22371463364125038,None
2026-09-03 12:08:00+00:00,18.64,19.47,3131.42,0.0,19.83,False,0,False,0.2652326662801027,None
2026-09-03 12:09:00+00:00,16.4,18.55,3091.33,0.0,20.21,False,0,False,0.24981140285716735,None
2026-09-03 12:10:00+00:00,19.96,20.46,3183.98,0.75,70.27,False,0,False,0.06472093814139901,None
2026-09-03 12:11:00+00:00,18.21,19.84,2905.49,0.54,77.02,False,0,False,0.098603258336735,None
2026-09-03 12:12:00+00:00,12.35,17.01,3102.58,0.0,67.21,False,0,False,0.11570374554976959,None
2026-09-03 12:13:00+00:00,11.2,12.29,3017.41,0.42,19.97,False,0,False,0.19622079889499322,None
2026-09-03 12:14:00+00:00,15.13,15.24,2915.2,0.0,66.78,False,0,False,0.17677127323886088,None
2026-09-03 12:15:00+00:00,15.63,15.84,2711.61,0.12,20.65,False,0,False,0.2310811633407293,None
2026-09-03 12:16:00+00:00,16.25,15.97,3167.64,0.0,63.44,False,0,False,0.18721882936706796,None
2026-09-03 12:17:00+00:00,17.12,14.22,2930.1,0.0,57.82,False,0,False,0.17521042088135202,None
2026-09-03 12:18:00+00:00,14.97,15.32,2904.18,0.0,19.76,False,0,False,0.24831139326198104,None
2026-09-03 12:19:00+00:00,21.23,18.95,2832.75,0.0,71.95,False,0,False,0.12301254755785673,None
2026-09-03 12:20:00+00:00,16.7,16.74,3000.35,0.0,20.65,False,0,False,0.25981643881743366,None
2026-09-03 12:21:00+00:00,16.07,20.28,3166.96,0.0,64.55,False,0,False,0.11933425408344378,None
2026-09-03 12:22:00+00:00,10.07,7.5,3071.44,0.0,57.8,False,0,False,0.12843261381177073,None
2026-09-03 12:23:00+00:00,19.92,24.77,2686.39,0.0,20.82,False,0,False,0.17455769991307163,None
2026-09-03 12:24:00+00:00,14.84,18.82,3171.74,0.0,21.04,False,0,False,0.2711952306866839,None
2026-09-03 12:25:00+00:00,16.8,14.95,2762.01,0.15,19.96,False,0,False,0.21232445757060975,None
2026-09-03 12:26:00+00:00,11.78,10.91,2922.17,0.0,20.82,False,0,False,0.2218105782797954,None
2026-09-03 12:27:00+00:00,15.73,18.25,2911.4,0.0,78.57,False,0,False,0.09204599734633556,None
2026-09-03 12:28:00+00:00,18.19,22.27,2866.18,0.0,20.27,False,0,False,0.23912372711307445,None
2026-09-03 12:29:00+00:00,16.51,17.93,2772.14,0.57,63.52,False,0,False,0.11892982516369166,None
2026-09-03 12:30:00+00:00,12.56,19.0,2953.76,0.0,20.79,False,0,False,0.26764110757995063,None
2026-09-03 12:31:00+00:00,14.44,14.53,2884.22,0.64,20.45,False,0,False,0.15732153439295443,None
2026-09-03 12:32:00+00:00,12.99,15.84,3157.59,0.0,20.1,False,0,False,0.26208441570235125,None
2026-09-03 12:33:00+00:00,18.47,20.4,2991.38,0.0,19.65,False,0,False,0.25673536496789146,None
2026-09-03 12:34:00+00:00,15.47,14.6,3176.15,0.0,64.4,False,0,False,0.1631139586586387,None
2026-09-03 12:35:00+00:00,19.29,24.14,2648.97,0.0,59.95,False,0,False,0.1587914663710734,None
2026-09-03 12:36:00+00:00,16.12,19.97,2570.06,0.78,20.38,False,0,False,0.1659426877587193,None
2026-09-03 12:37:00+00:00,18.27,18.01,2923.82,0.0,20.91,False,0,False,0.25477821916845644,None
2026-09-03 12:38:00+00:00,11.99,13.23,2779.87,0.61,60.99,False,0,False,0.12179759419865199,None
2026-09-03 12:39:00+00:00,13.85,18.06,2953.77,0.0,60.54,False,0,False,0.18840752082331785,None
2026-09-03 12:40:00+00:00,18.74,16.92,2834.98,0.0,74.73,False,0,False,0.13311186699363153,None
2026-09-03 12:41:00+00:00,15.73,20.32,2802.72,0.0,20.45,False,0,False,0.2713802630588396,None
2026-09-03 12:42:00+00:00,14.9,16.14,3082.17,0.55,19.89,False,0,False,0.2021052279898013,None
2026-09-03 12:43:00+00:00,12.52,15.09,2919.15,0.0,75.27,False,0,False,0.15593957391303875,None
2026-09-03 12:44:00+00:00,15.37,21.59,2770.6,0.0,76.11,False,0,False,0.10737932414580453,None
2026-09-03 12:45:00+00:00,16.64,29.9,3091.71,0.0,20.22,True,1,False,0.20458177544388256,Z-Score
2026-09-03 12:46:00+00:00,20.27,21.12,2824.51,0.5,20.6,False,0,False,0.1894812215905582,None
2026-09-03 12:47:00+00:00,14.05,19.11,2738.53,0.0,68.43,False,0,False,0.1735599502976909,None
2026-09-03 12:48:00+00:00,14.69,18.67,2842.43,0.0,19.99,False,0,False,0.2854764149447173,None
2026-09-03 12:49:00+00:00,18.51,17.41,3008.51,0.85,20.09,False,0,False,0.19900316483545283,None
2026-09-03 12:50:00+00:00,16.88,17.28,2924.94,0.06,86.89,False,0,False,0.11223099486438726,None
2026-09-03 12:51:00+00:00,16.57,24.95,2890.16,0.0,20.72,False,0,False,0.24126414776758387,None
2026-09-03 12:52:00+00:00,11.94,16.56,2717.56,0.0,19.71,False,0,False,0.23668020689922598,None
2026-09-03 12:53:00+00:00,16.45,17.68,3045.83,0.0,72.06,False,0,False,0.17466220701743307,None
2026-09-03 12:54:00+00:00,14.72,13.49,2758.9,0.0,21.12,False,0,False,0.15385994512845097,None
2026-09-03 12:55:00+00:00,11.99,10.67,2691.73,0.0,19.85,False,0,False,0.2033276900849207,None
2026-09-03 12:56:00+00:00,15.17,15.42,2784.64,0.0,61.72,False,0,False,0.13164087638445565,None
2026-09-03 12:57:00+00:00,16.04,21.46,2766.05,0.11,72.15,False,0,False,0.14210225267678644,None
2026-09-03 12:58:00+00:00,15.09,13.95,2850.35,0.0,79.9,False,0,False,0.13757584719890859,None
2026-09-03 12:59:00+00:00,17.14,20.42,2872.71,1.27,86.53,True,1,False,0.021480787687633618,Z-Score
2026-09-03 13:00:00+00:00,10.34,9.29,3099.63,0.09,19.78,False,0,False,0.18954376386092558,None
2026-09-03 13:01:00+00:00,12.21,12.02,2951.52,0.0,20.04,False,0,False,0.1263056441510868,None
2026-09-03 13:02:00+00:00,13.59,17.06,2782.86,0.0,73.89,False,0,False,0.1665085242044675,None
2026-09-03 13:03:00+00:00,11.34,14.85,2908.12,0.0,20.33,False,0,False,0.22289429332841532,None
2026-09-03 13:04:00+00:00,17.15,20.35,2753.08,0.0,59.69,False,0,False,0.19160015168812727,None
2026-09-03 13:05:00+00:00,14.01,18.6,2754.88,0.0,70.19,False,0,False,0.1770033003232626,None
2026-09-03 13:06:00+00:00,22.22,26.44,2727.92,0.0,21.08,False,0,False,0.14506329833750037,None
2026-09-03 13:07:00+00:00,16.41,18.68,2554.54,0.86,20.81,False,0,False,0.17987600445658825,None
2026-09-03 13:08:00+00:00,16.45,19.98,2644.99,1.31,64.98,True,1,False,0.07119353960205999,Z-Score
2026-09-03 13:09:00+00:00,15.77,19.81,2793.76,0.72,86.83,False,0,False,0.07261828190096253,None
2026-09-03 13:10:00+00:00,9.53,11.73,2785.15,0.0,20.56,False,0,False,0.2119451451087127,None
2026-09-03 13:11:00+00:00,13.44,11.66,2681.06,0.24,20.65,False,0,False,0.19660971728763743,None
2026-09-03 13:12:00+00:00,14.12,18.51,2791.06,0.0,19.87,False,0,False,0.14916534596525854,None
2026-09-03 13:13:00+00:00,21.4,26.59,2709.36,0.0,20.62,False,0,False,0.13875215189525403,None
2026-09-03 13:14:00+00:00,14.63,14.36,2581.56,0.0,66.26,False,0,False,0.1811833051675456,None
2026-09-03 13:15:00+00:00,18.59,24.33,2707.14,0.13,58.66,False,0,False,0.14423862149851469,None
2026-09-03 13:16:00+00:00,15.01,13.76,2607.61,0.0,20.76,False,0,False,0.23852742425682877,None
2026-09-03 13:17:00+00:00,16.84,21.83,2790.37,0.0,79.26,False,0,False,0.13595618399773957,None
2026-09-03 13:18:00+00:00,16.98,18.56,3051.73,0.0,78.42,False,0,False,0.11261332296890769,None
2026-09-03 13:19:00+00:00,16.55,14.32,2876.19,0.0,20.42,False,0,False,0.24914506262065156,None
2026-09-03 13:20:00+00:00,14.71,19.44,2794.83,0.0,20.12,False,0,False,0.244904663728496,None
2026-09-03 13:21:00+00:00,12.63,12.62,2365.98,0.0,19.71,True,1,False,0.22222103051678982,Z-Score
2026-09-03 13:22:00+00:00,11.34,12.87,2779.31,0.0,79.8,False,0,False,0.10267508489130828,None
2026-09-03 13:23:00+00:00,16.4,16.29,2678.71,0.0,20.82,False,0,False,0.26650631170806227,None
2026-09-03 13:24:00+00:00,14.94,20.74,2854.73,0.54,20.77,False,0,False,0.2308035114134226,None
2026-09-03 13:25:00+00:00,15.58,18.61,2798.69,1.22,20.23,True,1,False,0.18997254211151632,Z-Score
2026-09-03 13:26:00+00:00,10.6,11.02,2723.9,0.0,62.13,False,0,False,0.15105222070591906,None
2026-09-03 13:27:00+00:00,15.6,17.46,2727.38,1.1,19.93,False,0,False,0.12560319038992251,None
2026-09-03 13:28:00+00:00,12.11,10.84,3072.62,0.0,69.24,False,0,False,0.08172619761345956,None
2026-09-03 13:29:00+00:00,16.74,21.15,2517.15,0.0,20.94,False,0,False,0.21296015948806007,None
2026-09-03 13:30:00+00:00,16.34,16.16,2871.45,0.0,73.96,False,0,False,0.16723552189997293,None
2026-09-03 13:31:00+00:00,12.76,11.32,2618.4,0.0,20.48,False,0,False,0.2225807935499597,None
2026-09-03 13:32:00+00:00,17.51,18.94,2649.73,0.0,20.21,False,0,False,0.17860358101672424,None
2026-09-03 13:33:00+00:00,21.17,25.12,2651.52,0.0,21.0,False,0,False,0.20746711932656725,None
2026-09-03 13:34:00+00:00,16.65,20.66,2905.35,0.0,21.07,False,0,False,0.2136961320356897,None
2026-09-03 13:35:00+00:00,18.42,21.42,2716.68,0.0,20.76,False,0,False,0.25409099700761006,None
2026-09-03 13:36:00+00:00,20.79,27.18,2886.28,0.0,78.12,False,0,False,0.07267996673618027,None
2026-09-03 13:37:00+00:00,14.18,14.02,2695.25,0.0,20.42,False,0,False,0.2195957876329634,None
2026-09-03 13:38:00+00:00,16.41,17.96,2680.08,0.0,19.69,False,0,False,0.18496328114908694,None
2026-09-03 13:39:00+00:00,12.25,17.62,3107.01,0.0,21.12,False,0,False,0.23167350697518152,None
2026-09-03 13:40:00+00:00,10.97,13.86,2768.91,0.0,65.68,False,0,False,0.14043276666263427,None
2026-09-03 13:41:00+00:00,13.61,15.3,2548.46,0.0,87.32,False,0,False,0.1007974249368343,None
2026-09-03 13:42:00+00:00,13.94,14.74,2608.92,0.0,72.47,False,0,False,0.16039572303443894,None
2026-09-03 13:43:00+00:00,15.03,14.81,2824.59,0.0,20.44,False,0,False,0.2348835492646259,None
2026-09-03 13:44:00+00:00,13.52,9.51,2708.81,0.0,19.83,False,0,False,0.15404547905054838,None
2026-09-03 13:45:00+00:00,11.68,11.97,2742.13,0.51,20.87,False,0,False,0.18900463277683316,None
2026-09-03 13:46:00+00:00,11.57,8.29,2825.0,0.45,20.62,False,0,False,0.14795740732497858,None
2026-09-03 13:47:00+00:00,15.36,18.35,2766.2,0.21,66.37,False,0,False,0.14850235866789946,None
2026-09-03 13:48:00+00:00,15.55,16.59,2869.6,0.03,20.79,False,0,False,0.23323344142201924,None
2026-09-03 13:49:00+00:00,13.78,15.76,2811.47,0.0,74.9,False,0,False,0.1594315512608338,None
2026-09-03 13:50:00+00:00,14.36,18.9,2853.93,0.0,79.36,False,0,False,0.12388485499730828,None
2026-09-03 13:51:00+00:00,10.25,11.49,2852.13,0.0,77.56,False,0,False,0.13062797708222895,None
2026-09-03 13:52:00+00:00,11.43,12.27,2602.16,0.0,85.03,False,0,False,0.08568021897675204,None
2026-09-03 13:53:00+00:00,13.17,15.95,2748.07,0.0,20.43,False,0,False,0.24557957976301287,None
2026-09-03 13:54:00+00:00,12.44,12.42,2803.67,0.0,20.64,False,0,False,0.2631202664214969,None
2026-09-03 13:55:00+00:00,21.33,27.95,2666.35,0.0,20.27,False,0,False,0.16511152840666232,None
2026-09-03 13:56:00+00:00,18.61,20.45,2471.41,0.0,61.57,False,0,False,0.14894320413324608,None
2026-09-03 13:57:00+00:00,10.59,7.5,2708.87,0.0,20.05,False,0,False,0.16255912680112872,None
2026-09-03 13:58:00+00:00,14.35,15.04,2599.08,0.0,20.42,False,0,False,0.21454325775463118,None
2026-09-03 13:59:00+00:00,15.68,19.9,2580.16,0.0,19.95,False,0,False,0.221826765574335,None
2026-09-03 14:00:00+00:00,9.98,11.98,2641.9,0.0,84.93,False,0,False,0.10183949498506029,None
2026-09-03 14:01:00+00:00,12.97,13.68,2786.43,0.8,19.65,False,0,False,0.1808371130133583,None
2026-09-03 14:02:00+00:00,16.5,26.52,2381.71,0.0,20.62,False,0,False,0.0960295185430029,None
2026-09-03 14:03:00+00:00,14.36,13.96,2566.65,0.0,20.37,False,0,False,0.15604337334266666,None
2026-09-03 14:04:00+00:00,13.63,13.32,2610.27,0.07,79.52,False,0,False,0.11463997379462931,None
2026-09-03 14:05:00+00:00,11.87,9.63,2752.0,0.0,20.05,False,0,False,0.20395345228896583,None
2026-09-03 14:06:00+00:00,18.16,17.91,2823.92,1.1,78.77,True,1,False,0.048183880823883474,Z-Score
2026-09-03 14:07:00+00:00,12.45,14.35,2829.96,0.0,20.28,False,0,False,0.19316531909964463,None
2026-09-03 14:08:00+00:00,16.2,16.77,2691.95,0.0,83.77,False,0,False,0.14389776054977188,None
2026-09-03 14:09:00+00:00,16.89,18.76,2738.65,0.45,66.76,False,0,False,0.1347221691210343,None
2026-09-03 14:10:00+00:00,16.85,20.64,2783.45,0.0,66.06,False,0,False,0.15608377663561462,None
2026-09-03 14:11:00+00:00,13.03,16.97,2676.14,0.0,19.79,False,0,False,0.1678409305426491,None
2026-09-03 14:12:00+00:00,19.72,26.33,2542.73,0.01,63.31,False,0,False,0.12113833892333026,None
2026-09-03 14:13:00+00:00,19.31,21.6,2724.47,0.0,82.26,False,0,False,0.11121392786723194,None
2026-09-03 14:14:00+00:00,11.57,13.19,2940.37,0.0,20.4,False,0,False,0.20375068319446776,None
2026-09-03 14:15:00+00:00,14.77,16.75,2712.2,0.0,74.64,False,0,False,0.1685373161292894,None
2026-09-03 14:16:00+00:00,15.92,18.83,2769.68,0.69,20.44,False,0,False,0.11542032513345557,None
2026-09-03 14:17:00+00:00,17.14,19.15,2757.14,0.0,20.42,False,0,False,0.23856404038556428,None
2026-09-03 14:18:00+00:00,14.95,19.56,2611.43,0.0,20.71,False,0,False,0.27301622693714583,None
2026-09-03 14:19:00+00:00,17.57,19.99,2754.91,0.0,20.0,False,0,False,0.21760880509656666,None
2026-09-03 14:20:00+00:00,13.07,15.63,2661.38,0.61,61.02,False,0,False,0.12089162087072847,None
2026-09-03 14:21:00+00:00,13.45,13.16,2838.55,0.0,83.87,False,0,False,0.03790976468000429,None
2026-09-03 14:22:00+00:00,13.51,20.45,2536.52,0.0,19.94,False,0,False,0.22700401937882558,None
2026-09-03 14:23:00+00:00,17.66,21.52,2824.34,0.0,20.78,False,0,False,0.22194542345266688,None
2026-09-03 14:24:00+00:00,14.64,19.0,2891.68,0.28,20.23,False,0,False,0.24656796283492632,None
2026-09-03 14:25:00+00:00,15.08,19.89,2531.83,0.0,20.81,False,0,False,0.24185805630954266,None
2026-09-03 14:26:00+00:00,11.77,19.34,2586.16,0.0,19.8,False,0,False,0.22433028738716065,None
2026-09-03 14:27:00+00:00,16.26,15.02,2773.49,0.0,66.55,False,0,False,0.17988318890179278,None
2026-09-03 14:28:00+00:00,13.15,14.01,2554.66,0.0,20.52,False,0,False,0.23730452937371482,None
2026-09-03 14:29:00+00:00,14.6,14.26,2663.56,0.0,64.04,False,0,False,0.18282311442071525,None
2026-09-03 14:30:00+00:00,11.82,14.52,2615.19,0.83,19.97,True,1,False,0.17245175363597287,Z-Score
2026-09-03 14:31:00+00:00,16.72,18.89,2589.96,0.0,65.34,False,0,False,0.17861789897743574,None
2026-09-03 14:32:00+00:00,14.08,12.56,2753.78,0.51,19.76,False,0,False,0.13113320375372928,None
2026-09-03 14:33:00+00:00,13.88,17.73,2314.67,0.0,20.67,True,1,False,0.22417504177103187,Z-Score
2026-09-03 14:34:00+00:00,18.81,20.79,2515.79,0.0,67.68,False,0,False,0.13904453476645207,None
2026-09-03 14:35:00+00:00,21.54,18.66,2817.15,0.0,20.12,False,0,False,0.23001747028398678,None
2026-09-03 14:36:00+00:00,13.07,14.24,2558.52,0.61,19.72,False,0,False,0.21205633531359885,None
2026-09-03 14:37:00+00:00,15.04,16.69,2648.8,0.0,58.22,False,0,False,0.19854884981263288,None
2026-09-03 14:38:00+00:00,13.09,14.03,2561.03,0.0,20.86,False,0,False,0.1919077905699484,None
2026-09-03 14:39:00+00:00,15.49,17.61,2870.43,0.0,20.75,False,0,False,0.262225399143224,None
2026-09-03 14:40:00+00:00,13.21,18.35,2476.77,0.0,20.24,False,0,False,0.18601586494237987,None
2026-09-03 14:41:00+00:00,16.51,18.6,2679.78,0.0,70.4,False,0,False,0.15052370977562363,None
2026-09-03 14:42:00+00:00,18.48,21.46,2520.55,0.16,65.72,False,0,False,0.11229250156260007,None
2026-09-03 14:43:00+00:00,13.72,17.86,2581.4,0.59,53.92,False,0,False,0.10912514594326739,None
2026-09-03 14:44:00+00:00,19.6,16.74,2832.57,0.37,73.05,False,0,False,0.08792288707324569,None
2026-09-03 14:45:00+00:00,14.11,15.35,2634.84,0.53,19.78,False,0,False,0.20838908217223012,None
2026-09-03 14:46:00+00:00,17.01,20.98,2594.24,0.0,54.09,False,0,False,0.1675456640259324,None
2026-09-03 14:47:00+00:00,14.59,17.56,2779.2,0.0,20.03,False,0,False,0.23994914155006158,None
2026-09-03 14:48:00+00:00,15.87,16.17,2772.94,0.0,62.8,False,0,False,0.18101771690187352,None
2026-09-03 14:49:00+00:00,16.91,23.03,2666.84,0.0,59.88,False,0,False,0.15845420649965553,None
2026-09-03 14:50:00+00:00,10.41,12.53,2998.19,0.0,21.01,False,0,False,0.24452310148053774,None
2026-09-03 14:51:00+00:00,10.14,15.72,2840.63,0.0,63.51,False,0,False,0.16097290727943286,None
2026-09-03 14:52:00+00:00,16.09,18.59,2563.77,0.0,64.06,False,0,False,0.09935427967932431,None
2026-09-03 14:53:00+00:00,18.43,22.05,2748.89,0.0,60.17,False,0,False,0.17253973758208224,None
2026-09-03 14:54:00+00:00,14.05,17.44,2323.95,0.0,20.07,False,0,False,0.21457491811369767,None
2026-09-03 14:55:00+00:00,16.72,16.91,2951.2,0.0,20.32,False,0,False,0.20113042098694844,None
2026-09-03 14:56:00+00:00,17.54,21.26,2793.74,0.41,75.38,False,0,False,0.10626293779253959,None
2026-09-03 14:57:00+00:00,20.48,24.07,2767.01,0.0,19.88,False,0,False,0.20033771448936205,None
2026-09-03 14:58:00+00:00,17.58,21.11,2583.68,0.0,61.12,False,0,False,0.1650447434887658,None
2026-09-03 14:59:00+00:00,10.09,9.48,2792.1,0.03,66.69,False,0,False,0.13055187625492048,None
2026-09-03 15:00:00+00:00,14.2,19.47,2717.14,0.0,20.74,False,0,False,0.25215102737198286,None
2026-09-03 15:01:00+00:00,14.25,13.66,2771.09,0.66,20.37,False,0,False,0.22800601146770605,None
2026-09-03 15:02:00+00:00,13.69,14.16,2606.44,0.0,58.04,False,0,False,0.1403748600754784,None
2026-09-03 15:03:00+00:00,15.85,22.56,2817.06,0.0,20.49,False,0,False,0.26270441169565956,None
2026-09-03 15:04:00+00:00,16.39,16.63,2747.41,0.0,20.89,False,0,False,0.26154307334312205,None
2026-09-03 15:05:00+00:00,14.68,24.19,2802.93,0.0,74.36,False,0,False,0.11617004715762824,None
2026-09-03 15:06:00+00:00,14.6,16.59,2836.13,0.0,20.27,False,0,False,0.21160727235417953,None
2026-09-03 15:07:00+00:00,17.54,19.31,2878.06,0.0,62.27,False,0,False,0.19156500048283565,None
2026-09-03 15:08:00+00:00,15.54,19.22,2710.42,0.0,69.45,False,0,False,0.1826147240196776,None
2026-09-03 15:09:00+00:00,13.01,13.09,2741.94,0.0,21.1,False,0,False,0.24772316017524665,None
2026-09-03 15:10:00+00:00,14.66,12.95,2512.75,0.0,73.04,False,0,False,0.14730601284449207,None
2026-09-03 15:11:00+00:00,14.02,15.65,2737.08,0.0,19.87,False,0,False,0.26030607790074073,None
2026-09-03 15:12:00+00:00,12.81,16.18,2567.02,0.0,20.33,False,0,False,0.12120120661195088,None
2026-09-03 15:13:00+00:00,13.5,12.89,2543.71,0.0,65.29,False,0,False,0.14941544121402184,None
2026-09-03 15:14:00+00:00,11.34,13.5,2560.04,0.65,66.03,False,0,False,0.06466781543222133,None
2026-09-03 15:15:00+00:00,14.19,17.72,2720.0,0.0,19.77,False,0,False,0.24445466402858418,None
2026-09-03 15:16:00+00:00,20.25,21.54,2776.56,0.0,62.05,False,0,False,0.14304315729463074,None
2026-09-03 15:17:00+00:00,17.8,18.09,2943.23,0.0,72.4,False,0,False,0.1410586614004995,None
2026-09-03 15:18:00+00:00,18.52,14.37,2638.06,0.0,54.87,False,0,False,0.18934846937561173,None
2026-09-03 15:19:00+00:00,12.22,14.53,2913.43,0.05,55.03,False,0,False,0.12081369696734845,None
2026-09-03 15:20:00+00:00,17.55,24.36,2770.25,0.0,20.34,False,0,False,0.2256934358404371,None
2026-09-03 15:21:00+00:00,12.16,15.95,2799.73,0.0,55.75,False,0,False,0.12829875045855588,None
2026-09-03 15:22:00+00:00,16.32,17.21,2866.07,0.0,19.81,False,0,False,0.2643137279185113,None
2026-09-03 15:23:00+00:00,14.6,13.7,2840.16,0.0,19.86,False,0,False,0.17114323090325367,None
2026-09-03 15:24:00+00:00,13.14,18.21,2854.81,0.0,64.22,False,0,False,0.17205824714371998,None
2026-09-03 15:25:00+00:00,17.55,18.02,2945.89,0.0,50.17,False,0,False,0.13675724714009296,None
2026-09-03 15:26:00+00:00,15.02,14.41,2732.24,0.0,21.02,False,0,False,0.23593675433096806,None
2026-09-03 15:27:00+00:00,15.56,16.09,2675.93,0.0,20.69,False,0,False,0.26042606419056197,None
2026-09-03 15:28:00+00:00,17.67,22.57,2844.17,0.0,21.1,False,0,False,0.169370520511109,None
2026-09-03 15:29:00+00:00,13.5,16.59,2800.4,0.0,19.65,False,0,False,0.2663445090616198,None
2026-09-03 15:30:00+00:00,18.65,15.28,2699.19,0.0,70.67,False,0,False,0.15370471941113178,None
2026-09-03 15:31:00+00:00,16.86,22.38,2511.78,0.16,52.44,False,0,False,0.15473084192842013,None
2026-09-03 15:32:00+00:00,16.77,20.77,2634.48,0.0,68.02,False,0,False,0.16157860418891884,None
2026-09-03 15:33:00+00:00,18.38,19.39,2696.53,0.09,20.66,False,0,False,0.22427556106319296,None
2026-09-03 15:34:00+00:00,12.21,8.29,2756.67,0.0,20.32,False,0,False,0.2087928490101631,None
2026-09-03 15:35:00+00:00,15.67,16.92,2758.32,0.0,19.93,False,0,False,0.2597536546502526,None
2026-09-03 15:36:00+00:00,13.57,23.01,2733.04,0.0,20.71,False,0,False,0.23761432224318446,None
2026-09-03 15:37:00+00:00,19.19,21.66,2395.36,0.91,20.83,True,1,False,0.1185696604564277,Z-Score
2026-09-03 15:38:00+00:00,15.79,16.96,2669.28,0.58,55.72,False,0,False,0.1471305639398181,None
2026-09-03 15:39:00+00:00,13.8,14.35,2535.68,0.0,20.16,False,0,False,0.2474911082252843,None
2026-09-03 15:40:00+00:00,13.91,18.12,2494.04,0.0,64.07,False,0,False,0.15449639867580184,None
2026-09-03 15:41:00+00:00,11.7,18.77,2592.51,0.0,19.64,False,0,False,0.25843199398874506,None
2026-09-03 15:42:00+00:00,16.06,15.53,2630.02,0.0,64.4,False,0,False,0.16478914552821333,None
2026-09-03 15:43:00+00:00,15.0,15.24,2894.28,0.0,65.21,False,0,False,0.19000543703142359,None
2026-09-03 15:44:00+00:00,15.24,18.47,2796.45,0.0,52.99,False,0,False,0.1996066136571879,None
2026-09-03 15:45:00+00:00,14.06,15.11,2946.22,0.0,20.79,False,0,False,0.2724947058799005,None
2026-09-03 15:46:00+00:00,17.66,21.48,2767.65,0.0,66.85,False,0,False,0.15310151688566337,None
2026-09-03 15:47:00+00:00,15.52,17.02,2667.02,0.0,46.52,False,0,False,0.16339156000376287,None
2026-09-03 15:48:00+00:00,12.04,12.95,2609.09,0.0,19.96,False,0,False,0.22100626436205834,None
2026-09-03 15:49:00+00:00,14.89,15.44,2791.18,0.9,51.97,True,1,False,0.12380846950430258,Z-Score
2026-09-03 15:50:00+00:00,18.28,20.07,2784.64,1.14,52.91,True,1,False,0.11124543202104609,Z-Score
2026-09-03 15:51:00+00:00,13.8,13.69,2898.23,0.0,20.04,False,0,False,0.2528741329147328,None
2026-09-03 15:52:00+00:00,17.82,22.09,2920.9,0.0,57.9,False,0,False,0.15523936362106666,None
2026-09-03 15:53:00+00:00,13.06,19.56,2650.66,0.44,20.61,False,0,False,0.23582364509486997,None
2026-09-03 15:54:00+00:00,13.23,14.41,2691.57,0.0,20.44,False,0,False,0.25604595573250094,None
2026-09-03 15:55:00+00:00,15.65,21.62,2884.11,0.3,49.25,False,0,False,0.17862027706041983,None
2026-09-03 15:56:00+00:00,12.32,14.74,2951.91,0.0,20.42,False,0,False,0.22656731037143052,None
2026-09-03 15:57:00+00:00,13.92,18.22,2945.01,0.0,20.43,False,0,False,0.2683185565891113,None
2026-09-03 15:58:00+00:00,11.08,13.78,2727.05,0.22,47.56,False,0,False,0.1572847866524481,None
2026-09-03 15:59:00+00:00,12.87,18.43,2575.8,0.0,57.56,False,0,False,0.13656970827393733,None
2026-09-03 16:00:00+00:00,12.16,12.72,2733.46,0.0,20.94,False,0,False,0.2607120091574441,None
2026-09-03 16:01:00+00:00,8.83,7.5,2791.18,0.18,21.07,False,0,False,0.15027857550925539,None
2026-09-03 16:02:00+00:00,13.63,12.44,2853.28,0.0,19.82,False,0,False,0.25977967439933564,None
2026-09-03 16:03:00+00:00,16.65,16.36,2649.88,0.0,45.9,False,0,False,0.2085504914065746,None
2026-09-03 16:04:00+00:00,15.77,17.99,2554.35,0.0,20.88,False,0,False,0.25984636581121806,None
2026-09-03 16:05:00+00:00,15.55,17.25,2935.06,0.0,20.31,False,0,False,0.2767964569517955,None
2026-09-03 16:06:00+00:00,17.49,17.71,2889.84,0.29,56.29,False,0,False,0.17011969084899986,None
2026-09-03 16:07:00+00:00,11.69,11.68,2974.51,0.0,20.92,False,0,False,0.2156170034952582,None
2026-09-03 16:08:00+00:00,13.07,17.56,2983.06,0.63,48.01,False,0,False,0.14156331903829944,None
2026-09-03 16:09:00+00:00,16.86,18.0,2691.7,0.5,21.0,False,0,False,0.22679038359751408,None
2026-09-03 16:10:00+00:00,15.84,12.41,2726.39,0.0,51.97,False,0,False,0.2011607068896693,None
2026-09-03 16:11:00+00:00,19.29,24.22,3040.85,0.0,20.66,False,0,False,0.23182685191145191,None
2026-09-03 16:12:00+00:00,13.59,13.46,2971.16,0.0,55.17,False,0,False,0.1593353866425255,None
2026-09-03 16:13:00+00:00,17.71,21.54,2660.49,0.0,51.03,False,0,False,0.18775341146239066,None
2026-09-03 16:14:00+00:00,12.5,16.63,2720.33,0.0,20.13,False,0,False,0.26372548687743363,None
2026-09-03 16:15:00+00:00,12.15,13.17,2594.5,0.0,20.89,False,0,False,0.21341087793370872,None
2026-09-03 16:16:00+00:00,18.98,20.76,2777.29,0.06,49.21,False,0,False,0.09331296227860442,None
2026-09-03 16:17:00+00:00,18.33,18.52,2722.55,0.38,20.18,False,0,False,0.16080473828070974,None
2026-09-03 16:18:00+00:00,13.75,18.28,2812.97,0.0,54.74,False,0,False,0.21092537190608202,None
2026-09-03 16:19:00+00:00,12.4,10.9,2930.99,0.0,20.88,False,0,False,0.19047209617836713,None
2026-09-03 16:20:00+00:00,8.67,8.61,2771.23,0.0,57.9,False,0,False,0.06968906620023074,None
2026-09-03 16:21:00+00:00,12.35,13.69,3036.84,0.0,20.9,False,0,False,0.26445412761019765,None
2026-09-03 16:22:00+00:00,15.28,25.39,2733.31,0.0,49.76,False,0,False,0.18859818541208107,None
2026-09-03 16:23:00+00:00,9.19,9.83,2861.95,0.0,20.09,False,0,False,0.20959065547561584,None
2026-09-03 16:24:00+00:00,14.43,15.94,2979.4,0.0,20.92,False,0,False,0.2412278138870737,None
2026-09-03 16:25:00+00:00,16.24,17.4,2844.32,0.75,20.03,False,0,False,0.22148076881999973,None
2026-09-03 16:26:00+00:00,14.11,13.05,2499.37,0.3,20.3,False,0,False,0.21435637492339027,None
2026-09-03 16:27:00+00:00,16.77,16.8,2761.14,0.98,20.73,True,1,False,0.14889520060960737,Z-Score
2026-09-03 16:28:00+00:00,16.26,20.13,2564.26,0.0,20.81,False,0,False,0.25404672797054956,None
2026-09-03 16:29:00+00:00,10.64,11.83,2750.52,0.0,55.41,False,0,False,0.177761850022346,None
2026-09-03 16:30:00+00:00,16.64,20.26,2747.13,0.0,49.7,False,0,False,0.20598612228858015,None
2026-09-03 16:31:00+00:00,19.55,20.96,2619.17,0.0,40.65,False,0,False,0.1852187231960179,None
2026-09-03 16:32:00+00:00,14.06,18.44,2672.92,0.34,19.89,False,0,False,0.23297325160882626,None
2026-09-03 16:33:00+00:00,15.02,19.81,2981.35,0.03,20.68,False,0,False,0.26208532296375164,None
2026-09-03 16:34:00+00:00,14.08,19.16,2597.09,0.0,52.48,False,0,False,0.20315959574424497,None
2026-09-03 16:35:00+00:00,17.66,27.02,2669.58,0.0,20.43,False,0,False,0.1663735956150853,None
2026-09-03 16:36:00+00:00,18.22,19.51,2944.66,0.0,46.83,False,0,False,0.21864950398083477,None
2026-09-03 16:37:00+00:00,17.07,16.66,2664.4,0.85,20.56,False,0,False,0.20370827943991132,None
2026-09-03 16:38:00+00:00,17.95,17.34,2712.09,0.0,51.85,False,0,False,0.20459213831980694,None
2026-09-03 16:39:00+00:00,14.98,15.57,2825.53,0.0,40.8,False,0,False,0.22773742069633512,None
2026-09-03 16:40:00+00:00,13.97,15.62,3049.98,0.45,20.63,False,0,False,0.24445538195164085,None
2026-09-03 16:41:00+00:00,15.77,16.14,2696.29,0.0,38.17,False,0,False,0.22868744590147488,None
2026-09-03 16:42:00+00:00,18.83,19.0,2916.17,0.0,20.03,False,0,False,0.20779635283615405,None
2026-09-03 16:43:00+00:00,12.62,14.67,2702.27,0.95,52.16,False,0,False,0.09580880461024532,None
2026-09-03 16:44:00+00:00,12.54,16.2,3111.3,0.0,20.27,False,0,False,0.24259267845327998,None
2026-09-03 16:45:00+00:00,16.11,18.71,2870.59,0.0,19.9,False,0,False,0.22887585535941557,None
2026-09-03 16:46:00+00:00,17.61,16.84,2788.84,0.0,20.1,False,0,False,0.2676422477584726,None
2026-09-03 16:47:00+00:00,14.46,21.15,2900.28,0.0,20.82,False,0,False,0.24965412861335812,None
2026-09-03 16:48:00+00:00,13.16,20.09,2784.96,0.0,20.06,False,0,False,0.2583076653336733,None
2026-09-03 16:49:00+00:00,16.2,17.08,3079.47,0.0,20.53,False,0,False,0.27321844871832174,None
2026-09-03 16:50:00+00:00,16.29,15.16,2831.91,1.1,20.13,True,1,False,0.19279885933487084,Z-Score
2026-09-03 16:51:00+00:00,15.01,18.12,2897.75,0.34,44.18,False,0,False,0.19435196073805217,None
2026-09-03 16:52:00+00:00,13.86,12.53,3123.73,0.0,50.37,False,0,False,0.19342338491899075,None
2026-09-03 16:53:00+00:00,17.6,25.87,2860.94,0.0,20.0,False,0,False,0.2238239615872754,None
2026-09-03 16:54:00+00:00,15.01,17.1,2743.1,0.0,19.76,False,0,False,0.257624500775032,None
2026-09-03 16:55:00+00:00,11.86,14.69,2848.89,1.17,38.85,True,1,False,0.1270670208058009,Z-Score
2026-09-03 16:56:00+00:00,14.91,15.66,2806.98,0.0,20.27,False,0,False,0.2668618960680986,None
2026-09-03 16:57:00+00:00,18.4,20.72,2739.84,0.59,44.71,False,0,False,0.15737338901708176,None
2026-09-03 16:58:00+00:00,17.91,17.26,2782.96,0.0,19.66,False,0,False,0.2741417729812074,None
2026-09-03 16:59:00+00:00,13.03,14.16,2881.04,0.0,20.73,False,0,False,0.23740769644714738,None
2026-09-03 17:00:00+00:00,14.86,16.05,2866.39,0.0,45.12,False,0,False,0.23115355216104005,None
2026-09-03 17:01:00+00:00,17.32,17.0,2807.7,0.11,19.83,False,0,False,0.22142347752479102,None
2026-09-03 17:02:00+00:00,17.19,17.76,2864.41,0.0,46.91,False,0,False,0.21134132997603272,None
2026-09-03 17:03:00+00:00,16.48,22.82,2764.03,0.0,21.05,False,0,False,0.2628248800132193,None
2026-09-03 17:04:00+00:00,12.74,12.23,2993.98,0.0,39.05,False,0,False,0.21560606815726568,None
2026-09-03 17:05:00+00:00,14.34,17.01,3112.54,0.0,19.89,False,0,False,0.2773558151193725,None
2026-09-03 17:06:00+00:00,15.5,17.61,2727.77,0.0,20.1,False,0,False,0.2195175348802641,None
2026-09-03 17:07:00+00:00,18.52,20.51,2914.76,0.0,20.63,False,0,False,0.2649268834858303,None
2026-09-03 17:08:00+00:00,15.61,22.31,2588.78,0.0,20.54,False,0,False,0.26891444258510117,None
2026-09-03 17:09:00+00:00,15.12,14.98,2886.42,0.0,19.66,False,0,False,0.2723121092216382,None
2026-09-03 17:10:00+00:00,18.14,18.97,2496.7,0.0,36.36,False,0,False,0.21679515588599224,None
2026-09-03 17:11:00+00:00,13.43,20.62,3021.59,0.0,39.52,False,0,False,0.23219156221528037,None
2026-09-03 17:12:00+00:00,16.61,22.26,3031.84,0.0,40.95,False,0,False,0.22753227332306503,None
2026-09-03 17:13:00+00:00,16.19,15.21,2966.5,0.0,42.78,False,0,False,0.23267698094050232,None
2026-09-03 17:14:00+00:00,15.02,15.13,3015.6,0.0,19.81,False,0,False,0.28000101860770266,None
2026-09-03 17:15:00+00:00,22.43,24.33,2805.23,0.0,20.98,True,1,False,0.22091877761539808,Z-Score
2026-09-03 17:16:00+00:00,14.6,16.52,2713.45,0.0,20.86,False,0,False,0.2759876550550871,None
2026-09-03 17:17:00+00:00,16.96,19.24,2901.76,0.0,34.37,False,0,False,0.24134718868200705,None
2026-09-03 17:18:00+00:00,15.08,18.12,3213.36,0.0,43.2,False,0,False,0.2113598030222123,None
2026-09-03 17:19:00+00:00,13.13,15.75,2954.92,0.37,21.04,False,0,False,0.2184289091818628,None
2026-09-03 17:20:00+00:00,17.01,19.38,2811.85,0.0,20.25,False,0,False,0.2507126533309643,None
2026-09-03 17:21:00+00:00,9.16,13.17,3024.11,0.09,20.0,False,0,False,0.21791853060784394,None
2026-09-03 17:22:00+00:00,18.54,23.08,3041.63,0.0,20.51,False,0,False,0.2738069517852162,None
2026-09-03 17:23:00+00:00,14.74,15.43,2809.52,0.44,20.12,False,0,False,0.25363204860163824,None
2026-09-03 17:24:00+00:00,16.63,14.5,3025.01,0.0,37.82,False,0,False,0.23284417650873013,None
2026-09-03 17:25:00+00:00,13.15,16.17,3180.16,0.02,21.04,False,0,False,0.2517137105658358,None
2026-09-03 17:26:00+00:00,17.64,25.5,3073.75,0.0,38.72,False,0,False,0.14799281199162928,None
2026-09-03 17:27:00+00:00,14.95,17.76,3068.99,0.0,39.56,False,0,False,0.20133203282624107,None
2026-09-03 17:28:00+00:00,11.4,11.62,3259.7,0.0,20.78,False,0,False,0.2551987368257325,None
2026-09-03 17:29:00+00:00,12.88,13.39,2623.17,0.0,37.61,False,0,False,0.20247820384946075,None
2026-09-03 17:30:00+00:00,14.2,14.16,2890.85,0.0,37.44,False,0,False,0.22677056659987838,None
2026-09-03 17:31:00+00:00,16.36,19.09,2907.52,0.0,36.74,False,0,False,0.20321106269487754,None
2026-09-03 17:32:00+00:00,13.72,17.63,2978.02,0.0,37.61,False,0,False,0.23785392285725881,None
2026-09-03 17:33:00+00:00,13.52,11.52,2951.36,0.0,34.64,False,0,False,0.22457122296947102,None
2026-09-03 17:34:00+00:00,13.52,17.92,2963.46,0.0,38.05,False,0,False,0.23273780720230358,None
2026-09-03 17:35:00+00:00,11.99,9.76,3109.29,0.22,20.81,False,0,False,0.19544372822322553,None
2026-09-03 17:36:00+00:00,9.88,10.01,2808.93,0.37,20.59,False,0,False,0.1999448511945331,None
2026-09-03 17:37:00+00:00,18.96,17.28,3062.88,0.0,20.7,False,0,False,0.26654154296292093,None
2026-09-03 17:38:00+00:00,15.28,16.09,2821.09,0.0,20.03,False,0,False,0.270094374977728,None
2026-09-03 17:39:00+00:00,16.94,17.74,2968.3,0.0,20.71,False,0,False,0.27646763673686703,None
2026-09-03 17:40:00+00:00,14.69,19.96,3046.29,0.0,20.65,False,0,False,0.280627223690853,None
2026-09-03 17:41:00+00:00,16.55,19.83,3063.38,0.0,31.01,False,0,False,0.18283419116756283,None
2026-09-03 17:42:00+00:00,18.18,19.31,2953.27,0.3,20.31,False,0,False,0.25624328659814816,None
2026-09-03 17:43:00+00:00,17.65,24.63,3129.26,0.0,20.59,False,0,False,0.22108960410351725,None
2026-09-03 17:44:00+00:00,12.66,14.4,2738.99,0.18,36.28,False,0,False,0.18045365212589082,None
2026-09-03 17:45:00+00:00,15.08,22.2,3007.75,0.51,34.78,False,0,False,0.1836144287564358,None
2026-09-03 17:46:00+00:00,13.79,20.09,3277.22,0.0,29.33,False,0,False,0.2480003526109124,None
2026-09-03 17:47:00+00:00,12.48,12.14,2830.88,1.31,34.36,True,1,False,0.11778563698309485,Z-Score
2026-09-03 17:48:00+00:00,12.73,18.89,2852.91,0.0,30.21,False,0,False,0.2417259720288441,None
2026-09-03 17:49:00+00:00,12.01,11.67,3190.94,0.11,19.86,False,0,False,0.2279019302802499,None
2026-09-03 17:50:00+00:00,13.15,17.62,3046.68,0.0,30.81,False,0,False,0.21497361880605964,None
2026-09-03 17:51:00+00:00,18.02,17.21,3180.06,0.8,20.37,False,0,False,0.2262132412323949,None
2026-09-03 17:52:00+00:00,15.66,15.26,3082.98,0.0,28.58,False,0,False,0.24784907811361828,None
2026-09-03 17:53:00+00:00,16.28,18.19,3090.3,0.13,19.92,False,0,False,0.21331114124500133,None
2026-09-03 17:54:00+00:00,15.86,19.23,3138.87,0.0,19.82,False,0,False,0.2765812725550799,None
2026-09-03 17:55:00+00:00,10.75,9.92,3202.97,0.88,19.73,False,0,False,0.16482246276932155,None
2026-09-03 17:56:00+00:00,19.33,25.85,3067.51,0.0,28.42,False,0,False,0.21624787279003443,None
2026-09-03 17:57:00+00:00,15.65,15.84,3123.57,0.53,20.87,False,0,False,0.23432478969056786,None
2026-09-03 17:58:00+00:00,13.07,11.47,3125.48,0.0,28.54,False,0,False,0.23898331547045937,None
2026-09-03 17:59:00+00:00,9.37,11.02,3016.2,0.0,32.99,False,0,False,0.2036022537061633,None
2026-09-03 18:00:00+00:00,12.61,13.45,3303.21,0.0,20.19,False,0,False,0.25527612077156,None
2026-09-03 18:01:00+00:00,19.05,20.14,3186.63,0.0,31.41,False,0,False,0.23970558740151282,None
2026-09-03 18:02:00+00:00,12.57,11.54,2991.0,0.0,20.01,False,0,False,0.2711691965777119,None
2026-09-03 18:03:00+00:00,13.02,15.65,2974.37,0.0,28.98,False,0,False,0.2516848334787599,None
2026-09-03 18:04:00+00:00,16.1,17.01,3166.04,0.37,27.33,False,0,False,0.21473751398440627,None
2026-09-03 18:05:00+00:00,12.09,13.1,3160.63,0.0,31.89,False,0,False,0.22785317912369574,None
2026-09-03 18:06:00+00:00,15.26,15.74,3065.95,0.8,28.32,False,0,False,0.20830661235297088,None
2026-09-03 18:07:00+00:00,16.12,19.62,2822.98,0.0,20.34,False,0,False,0.2870940585192093,None
2026-09-03 18:08:00+00:00,14.06,16.96,3239.12,0.0,20.14,False,0,False,0.2790427834902578,None
2026-09-03 18:09:00+00:00,19.27,20.94,3036.43,0.0,30.59,False,0,False,0.23834498698206358,None
2026-09-03 18:10:00+00:00,17.09,18.31,3122.5,0.0,20.09,False,0,False,0.2605575024146097,None
2026-09-03 18:11:00+00:00,15.36,15.82,2979.52,0.0,20.81,False,0,False,0.25085852642996104,None
2026-09-03 18:12:00+00:00,16.65,20.19,3053.57,0.0,19.84,False,0,False,0.27218303199339466,None
2026-09-03 18:13:00+00:00,19.23,21.8,3211.81,0.0,27.62,False,0,False,0.24423326721934951,None
2026-09-03 18:14:00+00:00,15.49,15.55,2794.21,0.0,26.47,False,0,False,0.26204791034278574,None
2026-09-03 18:15:00+00:00,10.62,11.59,3254.58,0.0,28.46,False,0,False,0.22090605261264734,None
2026-09-03 18:16:00+00:00,9.81,7.79,3097.55,0.85,28.06,False,0,False,0.12357110616668898,None
2026-09-03 18:17:00+00:00,18.61,22.78,2773.38,0.0,19.95,False,0,False,0.2538488235643916,None
2026-09-03 18:18:00+00:00,14.72,18.89,3012.98,1.0,26.39,True,1,False,0.19454864891902063,Z-Score
2026-09-03 18:19:00+00:00,14.45,13.12,3208.69,0.0,20.58,False,0,False,0.25874249166238045,None
2026-09-03 18:20:00+00:00,15.07,17.13,2959.96,0.0,20.09,False,0,False,0.27542995028569595,None
2026-09-03 18:21:00+00:00,17.56,19.66,3148.66,0.0,20.83,False,0,False,0.27098599168187454,None
2026-09-03 18:22:00+00:00,14.07,12.68,3146.71,0.0,19.98,False,0,False,0.26837713741314523,None
2026-09-03 18:23:00+00:00,10.12,18.59,3074.33,0.0,25.94,False,0,False,0.23657480983387552,None
2026-09-03 18:24:00+00:00,17.47,19.37,3056.63,0.0,28.06,False,0,False,0.258274848934651,None
2026-09-03 18:25:00+00:00,12.42,10.69,3135.86,0.0,19.64,False,0,False,0.252232699317314,None
2026-09-03 18:26:00+00:00,17.7,21.34,3205.46,0.0,20.75,False,0,False,0.2692740737102323,None
2026-09-03 18:27:00+00:00,16.78,21.4,3243.77,0.48,20.34,False,0,False,0.23296852647728844,None
2026-09-03 18:28:00+00:00,17.61,16.17,3269.11,1.04,20.84,False,0,False,0.19443903837931914,None
2026-09-03 18:29:00+00:00,14.1,16.03,3004.99,0.0,27.18,False,0,False,0.2610433351534561,None
2026-09-03 18:30:00+00:00,10.17,12.62,3158.37,0.0,21.12,False,0,False,0.23737960347275094,None
2026-09-03 18:31:00+00:00,15.5,18.47,3094.51,0.0,21.02,False,0,False,0.278666696024396,None
2026-09-03 18:32:00+00:00,18.81,22.81,3139.47,0.0,25.56,False,0,False,0.24226851986207915,None
2026-09-03 18:33:00+00:00,15.05,17.67,3229.13,0.0,19.88,False,0,False,0.2602442795591358,None
2026-09-03 18:34:00+00:00,19.92,15.19,3228.67,0.0,23.64,False,0,False,0.22980334913075173,None
2026-09-03 18:35:00+00:00,13.52,16.41,3131.04,0.0,19.67,False,0,False,0.2820279540733173,None
2026-09-03 18:36:00+00:00,14.04,20.14,3119.23,1.01,25.71,False,0,False,0.18902872050247743,None
2026-09-03 18:37:00+00:00,12.72,14.48,3163.66,0.57,19.86,False,0,False,0.2407275124325126,None
2026-09-03 18:38:00+00:00,14.86,16.15,3132.16,0.0,20.24,False,0,False,0.2679212071353376,None
2026-09-03 18:39:00+00:00,18.16,21.95,3241.57,0.4,19.95,False,0,False,0.22583544842094588,None
2026-09-03 18:40:00+00:00,14.34,16.95,3161.06,0.0,20.98,False,0,False,0.2701044119927503,None
2026-09-03 18:41:00+00:00,16.78,18.74,3266.91,0.0,20.75,False,0,False,0.2749673181870402,None
2026-09-03 18:42:00+00:00,14.77,16.64,3375.02,0.0,23.62,False,0,False,0.2578522059308204,None
2026-09-03 18:43:00+00:00,16.76,15.41,3039.69,0.0,23.64,False,0,False,0.2687039542621392,None
2026-09-03 18:44:00+00:00,13.27,18.44,3319.42,0.55,20.68,False,0,False,0.23519191728349342,None
2026-09-03 18:45:00+00:00,14.66,14.85,3319.07,0.86,20.16,False,0,False,0.1960513595341405,None
2026-09-03 18:46:00+00:00,17.13,17.9,2997.98,0.0,22.94,False,0,False,0.2660910852185246,None
2026-09-03 18:47:00+00:00,16.32,19.3,2958.71,0.06,19.89,False,0,False,0.27247129023734473,None
2026-09-03 18:48:00+00:00,15.38,17.81,3262.84,1.19,21.99,True,1,False,0.18185372617351248,Z-Score
2026-09-03 18:49:00+00:00,17.07,18.72,2997.94,0.05,19.74,False,0,False,0.26369382120280405,None
2026-09-03 18:50:00+00:00,14.67,17.46,3165.52,0.0,19.73,False,0,False,0.28419287556480366,None
2026-09-03 18:51:00+00:00,15.52,19.49,3273.16,0.0,20.78,False,0,False,0.27271660000840614,None
2026-09-03 18:52:00+00:00,15.37,19.49,3020.37,0.0,20.38,False,0,False,0.28761700063063494,None
2026-09-03 18:53:00+00:00,14.86,19.02,3239.54,0.0,20.45,False,0,False,0.2770067267637374,None
2026-09-03 18:54:00+00:00,16.97,15.07,3394.53,0.0,19.84,False,0,False,0.26782671178956535,None
2026-09-03 18:55:00+00:00,20.54,24.85,2937.47,1.11,20.27,False,0,False,0.16164068456950947,None
2026-09-03 18:56:00+00:00,10.56,11.48,3310.88,0.0,21.95,False,0,False,0.2327944475982796,None
2026-09-03 18:57:00+00:00,9.68,13.14,3377.96,0.0,20.84,False,0,False,0.23521161144779396,None
2026-09-03 18:58:00+00:00,18.49,22.74,3466.32,0.0,21.21,False,0,False,0.24472081810372703,None
2026-09-03 18:59:00+00:00,15.67,16.74,3478.43,0.0,21.06,False,0,False,0.21521898094117348,None
2026-09-03 19:00:00+00:00,11.9,15.17,3362.49,0.33,19.86,False,0,False,0.23365891150468848,None
2026-09-03 19:01:00+00:00,13.04,16.61,3289.57,0.0,20.83,False,0,False,0.27356890486657454,None
2026-09-03 19:02:00+00:00,18.14,18.46,3402.65,0.37,19.86,False,0,False,0.22442333347618093,None
2026-09-03 19:03:00+00:00,19.33,19.75,3245.32,0.0,20.03,False,0,False,0.2679275120927882,None
2026-09-03 19:04:00+00:00,18.76,27.7,3246.69,0.67,20.96,True,1,False,0.18741385094629048,Z-Score
2026-09-03 19:05:00+00:00,11.39,13.13,3409.6,0.0,20.54,False,0,False,0.2523178372455605,None
2026-09-03 19:06:00+00:00,11.18,11.42,3361.46,0.0,20.7,False,0,False,0.236132457322972,None
2026-09-03 19:07:00+00:00,16.01,16.28,3078.8,0.94,20.37,False,0,False,0.21060658536734067,None
2026-09-03 19:08:00+00:00,8.75,9.35,3348.05,0.52,20.58,False,0,False,0.1778224295638997,None
2026-09-03 19:09:00+00:00,11.93,12.52,3336.42,0.47,20.2,False,0,False,0.22640909270412057,None
2026-09-03 19:10:00+00:00,15.05,17.77,3325.14,0.0,20.05,False,0,False,0.22953592460086952,None
2026-09-03 19:11:00+00:00,12.71,9.57,3242.15,0.0,20.17,False,0,False,0.21953896954395702,None
2026-09-03 19:12:00+00:00,11.13,14.52,3178.76,0.0,20.12,False,0,False,0.2645759486988078,None
2026-09-03 19:13:00+00:00,14.47,16.05,3080.71,0.0,19.8,False,0,False,0.28271647191106297,None
2026-09-03 19:14:00+00:00,9.65,8.6,3130.61,0.0,19.68,False,0,False,0.21311850418016903,None
2026-09-03 19:15:00+00:00,13.44,19.34,3302.02,0.0,19.63,False,0,False,0.26338338652063786,None
2026-09-03 19:16:00+00:00,13.1,12.52,3139.49,1.17,19.63,False,0,False,0.190213689167485,None
2026-09-03 19:17:00+00:00,13.19,13.05,3187.51,0.41,19.9,False,0,False,0.23595518398051718,None
2026-09-03 19:18:00+00:00,12.65,12.52,3439.63,0.0,19.63,False,0,False,0.2521384708153051,None
2026-09-03 19:19:00+00:00,15.86,11.12,3230.67,0.61,20.29,False,0,False,0.20625419513284954,None
2026-09-03 19:20:00+00:00,13.27,10.74,3265.25,0.0,19.65,False,0,False,0.25230812033056915,None
2026-09-03 19:21:00+00:00,8.0,8.23,3287.75,0.0,20.56,False,0,False,0.1926315219742158,None
2026-09-03 19:22:00+00:00,12.41,13.49,3530.56,0.0,19.63,False,0,False,0.2405311625470254,None
2026-09-03 19:23:00+00:00,16.66,17.2,3016.73,0.0,19.63,False,0,False,0.2720694856712642,None
2026-09-03 19:24:00+00:00,15.23,14.13,3425.45,0.29,21.0,False,0,False,0.2304736746265681,None
2026-09-03 19:25:00+00:00,13.37,18.23,3306.95,0.0,19.63,False,0,False,0.25935394781340737,None
2026-09-03 19:26:00+00:00,18.27,23.05,3109.04,0.0,19.76,False,0,False,0.2505447086032184,None
2026-09-03 19:27:00+00:00,15.63,17.96,3159.78,0.0,20.82,False,0,False,0.28023881209451473,None
2026-09-03 19:28:00+00:00,12.62,14.77,3126.74,0.0,19.63,False,0,False,0.27860800251814166,None
2026-09-03 19:29:00+00:00,16.0,15.7,3182.11,0.7,20.68,False,0,False,0.2336471246219715,None
2026-09-03 19:30:00+00:00,15.18,14.77,3183.96,1.02,19.63,False,0,False,0.201666886108616,None
2026-09-03 19:31:00+00:00,16.75,19.28,3417.89,0.0,19.63,False,0,False,0.2541050476556552,None
2026-09-03 19:32:00+00:00,16.89,18.04,3244.55,0.0,20.63,False,0,False,0.278143849785453,None
2026-09-03 19:33:00+00:00,13.75,17.24,3009.26,0.0,19.86,False,0,False,0.28299702411682753,None
2026-09-03 19:34:00+00:00,11.73,13.82,3328.15,0.0,19.63,False,0,False,0.2603898750648236,None
2026-09-03 19:35:00+00:00,12.22,13.2,3191.54,0.0,20.23,False,0,False,0.2731073762520152,None
2026-09-03 19:36:00+00:00,11.75,10.51,3183.09,1.11,19.63,False,0,False,0.17017135492103214,None
2026-09-03 19:37:00+00:00,16.07,19.26,3457.61,0.75,20.42,False,0,False,0.2157939284136317,None
2026-09-03 19:38:00+00:00,16.48,20.27,3121.59,0.0,19.63,False,0,False,0.2845592157508142,None
2026-09-03 19:39:00+00:00,12.7,17.96,3436.77,0.72,20.85,False,0,False,0.1711648008744413,None
2026-09-03 19:40:00+00:00,15.11,21.19,3449.59,0.55,19.68,False,0,False,0.19499788759447517,None
2026-09-03 19:41:00+00:00,12.95,12.21,3239.57,0.0,19.63,False,0,False,0.25828505198281915,None
2026-09-03 19:42:00+00:00,14.17,20.19,3181.93,0.0,21.04,False,0,False,0.2773221505614772,None
2026-09-03 19:43:00+00:00,15.37,16.4,3150.46,0.14,20.06,False,0,False,0.25930160123320495,None
2026-09-03 19:44:00+00:00,12.39,12.86,3471.59,0.0,19.63,False,0,False,0.2452511623181064,None
2026-09-03 19:45:00+00:00,17.85,22.0,3144.6,0.0,20.17,False,0,False,0.2722073185887415,None
2026-09-03 19:46:00+00:00,17.73,21.88,3078.46,0.0,19.63,False,0,False,0.2760426312264236,None
2026-09-03 19:47:00+00:00,14.21,17.0,3298.84,0.0,19.63,False,0,False,0.26960453895301023,None
2026-09-03 19:48:00+00:00,14.69,23.01,3087.36,0.0,20.3,False,0,False,0.2643540658608402,None
2026-09-03 19:49:00+00:00,9.45,8.57,3264.92,0.0,21.12,False,0,False,0.20573397466251908,None
2026-09-03 19:50:00+00:00,15.51,14.78,3217.34,0.0,20.14,False,0,False,0.28039884204277277,None
2026-09-03 19:51:00+00:00,10.39,16.56,3187.46,0.0,19.63,False,0,False,0.26190207083153905,None
2026-09-03 19:52:00+00:00,15.02,18.8,3287.57,0.0,19.63,False,0,False,0.20954735444318218,None
2026-09-03 19:53:00+00:00,15.28,20.68,3156.84,0.0,20.28,False,0,False,0.26295297834965287,None
2026-09-03 19:54:00+00:00,13.05,19.53,2947.89,0.0,20.05,False,0,False,0.2718738819860461,None
2026-09-03 19:55:00+00:00,14.81,16.67,3422.53,0.67,19.63,False,0,False,0.2166308715444526,None
2026-09-03 19:56:00+00:00,20.17,22.81,3007.08,0.15,21.07,False,0,False,0.24726248910736426,None
2026-09-03 19:57:00+00:00,13.6,14.88,3523.7,0.0,19.63,False,0,False,0.25613412937110347,None
2026-09-03 19:58:00+00:00,16.3,13.53,3185.19,0.0,19.63,False,0,False,0.2728621820846681,None
2026-09-03 19:59:00+00:00,13.85,18.11,3354.07,0.0,20.41,False,0,False,0.26766651130367436,None
2026-09-03 20:00:00+00:00,15.98,18.67,3254.07,0.0,19.63,False,0,False,0.2722225174409763,None
2026-09-03 20:01:00+00:00,15.48,14.12,3166.01,0.0,19.63,False,0,False,0.2807972065786777,None
2026-09-03 20:02:00+00:00,13.44,12.44,3315.9,0.0,21.1,False,0,False,0.26390467781142857,None
2026-09-03 20:03:00+00:00,12.8,22.2,3470.4,0.0,19.63,False,0,False,0.229177539122478,None
2026-09-03 20:04:00+00:00,21.83,25.37,3134.35,0.0,20.9,True,1,False,0.2378162542961228,Z-Score
2026-09-03 20:05:00+00:00,10.52,10.57,3145.04,0.37,19.63,False,0,False,0.20757915697699258,None
2026-09-03 20:06:00+00:00,12.37,9.3,3406.37,0.0,19.72,False,0,False,0.22726480969070223,None
2026-09-03 20:07:00+00:00,16.23,19.28,3373.08,0.0,20.52,False,0,False,0.27134535884355326,None
2026-09-03 20:08:00+00:00,15.98,16.81,3330.42,1.11,19.72,True,1,False,0.20041222969669586,Z-Score
2026-09-03 20:09:00+00:00,16.45,21.46,3459.08,0.0,20.6,False,0,False,0.2578737825738157,None
2026-09-03 20:10:00+00:00,16.26,20.25,3278.73,0.0,19.86,False,0,False,0.27459584040619855,None
2026-09-03 20:11:00+00:00,13.34,16.21,3111.72,0.08,19.78,False,0,False,0.2622846576611847,None
2026-09-03 20:12:00+00:00,14.45,16.85,2995.74,0.0,19.99,False,0,False,0.28046615859918833,None
2026-09-03 20:13:00+00:00,13.84,17.49,3135.16,0.0,20.64,False,0,False,0.27816734643430463,None
2026-09-03 20:14:00+00:00,13.93,13.15,3138.15,0.1,20.08,False,0,False,0.23604446530882128,None
2026-09-03 20:15:00+00:00,9.79,9.06,3312.53,0.0,19.63,False,0,False,0.20027126875904416,None
2026-09-03 20:16:00+00:00,15.42,15.2,3512.42,0.0,20.74,False,0,False,0.2592748524971419,None
2026-09-03 20:17:00+00:00,17.06,18.18,3455.49,0.0,20.07,False,0,False,0.26074648405342504,None
2026-09-03 20:18:00+00:00,16.88,20.23,3249.56,0.0,19.92,False,0,False,0.2765358188663001,None
2026-09-03 20:19:00+00:00,11.61,19.86,3310.29,0.0,19.63,False,0,False,0.25885626318731686,None
2026-09-03 20:20:00+00:00,18.38,22.71,3207.81,0.93,20.31,False,0,False,0.20825250883448299,None
2026-09-03 20:21:00+00:00,17.19,19.86,3344.48,0.8,20.98,False,0,False,0.20715008490574105,None
2026-09-03 20:22:00+00:00,13.35,14.52,3135.62,0.0,19.63,False,0,False,0.28205443381886663,None
2026-09-03 20:23:00+00:00,12.87,23.48,3203.98,0.0,20.52,False,0,False,0.24933662582475002,None
2026-09-03 20:24:00+00:00,15.55,15.02,3464.46,0.58,19.63,False,0,False,0.2206755327551818,None
2026-09-03 20:25:00+00:00,13.0,17.55,3247.17,0.0,20.79,False,0,False,0.2631264921504863,None
2026-09-03 20:26:00+00:00,15.11,18.97,3399.16,0.0,20.91,False,0,False,0.263169619737855,None
2026-09-03 20:27:00+00:00,15.12,13.65,3219.69,0.0,19.96,False,0,False,0.25867778695078897,None
2026-09-03 20:28:00+00:00,16.46,17.95,3348.06,0.0,20.9,False,0,False,0.273839001123201,None
2026-09-03 20:29:00+00:00,19.18,19.43,3440.78,0.0,20.62,False,0,False,0.24158847709877773,None
2026-09-03 20:30:00+00:00,16.01,15.48,3399.93,0.82,20.25,False,0,False,0.20139890613113876,None
2026-09-03 20:31:00+00:00,16.34,24.33,3347.42,0.0,20.46,False,0,False,0.24963312493867873,None
2026-09-03 20:32:00+00:00,16.64,20.6,3341.07,0.0,19.63,False,0,False,0.24162090013011572,None
2026-09-03 20:33:00+00:00,19.03,17.62,3353.17,0.0,21.08,False,0,False,0.2617826948291021,None
2026-09-03 20:34:00+00:00,18.27,27.85,3351.79,0.0,19.63,False,0,False,0.23002445632977192,None
2026-09-03 20:35:00+00:00,12.71,14.0,3268.45,0.0,19.63,False,0,False,0.268620172579206,None
2026-09-03 20:36:00+00:00,16.35,12.3,3368.95,0.0,20.28,False,0,False,0.25961525178576367,None
2026-09-03 20:37:00+00:00,17.95,17.65,3381.54,0.0,19.9,False,0,False,0.2533657483277645,None
2026-09-03 20:38:00+00:00,16.91,10.67,3395.23,0.0,20.13,False,0,False,0.24378436993366553,None
2026-09-03 20:39:00+00:00,11.22,9.59,3332.65,0.0,20.71,False,0,False,0.2236175585360748,None
2026-09-03 20:40:00+00:00,14.45,18.79,3060.73,0.0,20.55,False,0,False,0.2803467707842344,None
2026-09-03 20:41:00+00:00,16.93,17.27,3362.36,0.32,19.63,False,0,False,0.23875107981472643,None
2026-09-03 20:42:00+00:00,18.66,17.03,3306.44,0.0,19.63,False,0,False,0.21061324698317146,None
2026-09-03 20:43:00+00:00,16.42,18.61,3307.48,0.0,19.63,False,0,False,0.26218665644699946,None
2026-09-03 20:44:00+00:00,11.85,9.89,3401.41,1.04,20.69,True,1,False,0.1620504989476223,Z-Score
2026-09-03 20:45:00+00:00,21.76,21.83,3048.25,0.77,19.63,False,0,False,0.18570706988335323,None
2026-09-03 20:46:00+00:00,17.03,19.51,3282.32,0.0,19.63,False,0,False,0.2734208284613867,None
2026-09-03 20:47:00+00:00,17.79,19.78,3308.32,0.58,20.43,False,0,False,0.18829155766853095,None
2026-09-03 20:48:00+00:00,15.13,15.4,3055.9,0.0,20.94,False,0,False,0.2846150153108383,None
2026-09-03 20:49:00+00:00,16.44,18.41,3310.23,0.0,20.3,False,0,False,0.27203194034656314,None
2026-09-03 20:50:00+00:00,14.68,17.72,3218.84,0.0,20.45,False,0,False,0.2825379793310353,None
2026-09-03 20:51:00+00:00,13.53,14.82,3332.76,0.0,19.63,False,0,False,0.2717525918832262,None
2026-09-03 20:52:00+00:00,13.54,14.15,3234.18,0.0,19.63,False,0,False,0.2438480863464062,None
2026-09-03 20:53:00+00:00,16.27,16.12,3146.95,0.0,20.77,False,0,False,0.28367569021355865,None
2026-09-03 20:54:00+00:00,14.57,14.5,2974.27,0.0,19.63,False,0,False,0.2840378125313272,None
2026-09-03 20:55:00+00:00,14.78,17.84,3366.83,0.71,20.06,False,0,False,0.21558280255241408,None
2026-09-03 20:56:00+00:00,14.9,11.35,3452.43,0.0,19.63,False,0,False,0.24633162639357636,None
2026-09-03 20:57:00+00:00,14.83,19.26,3104.86,0.0,19.63,False,0,False,0.2831083073139354,None
2026-09-03 20:58:00+00:00,16.5,24.48,3082.29,0.32,20.33,False,0,False,0.23547431428139326,None
2026-09-03 20:59:00+00:00,18.1,17.18,3224.1,0.0,20.51,False,0,False,0.2742601391589019,None
2026-09-03 21:00:00+00:00,11.83,14.07,3219.87,0.0,19.63,False,0,False,0.22958776347964088,None
2026-09-03 21:01:00+00:00,15.95,20.13,3216.8,0.0,21.13,False,0,False,0.262256567315548,None
2026-09-03 21:02:00+00:00,13.25,11.94,3229.81,0.7,20.44,False,0,False,0.22675408557828525,None
2026-09-03 21:03:00+00:00,16.93,18.74,3389.03,0.06,19.68,False,0,False,0.254135686151839,None
2026-09-03 21:04:00+00:00,10.83,11.23,3365.78,0.0,19.63,False,0,False,0.22367101438549164,None
2026-09-03 21:05:00+00:00,16.73,21.79,3399.73,0.0,19.63,False,0,False,0.25972774115987857,None
2026-09-03 21:06:00+00:00,11.11,11.04,3238.57,0.0,19.63,False,0,False,0.243238898354118,None
2026-09-03 21:07:00+00:00,12.1,19.24,3344.51,0.0,19.63,False,0,False,0.2527337184245552,None
2026-09-03 21:08:00+00:00,15.89,14.36,3251.7,0.68,19.63,False,0,False,0.2299008082075199,None
2026-09-03 21:09:00+00:00,14.01,14.13,3235.16,0.0,19.63,False,0,False,0.25799316082701496,None
2026-09-03 21:10:00+00:00,17.3,17.49,3335.42,0.0,19.63,False,0,False,0.26479360954160147,None
2026-09-03 21:11:00+00:00,16.8,17.28,3203.98,0.8,20.38,False,0,False,0.18815767004928058,None
2026-09-03 21:12:00+00:00,13.74,19.66,3100.96,0.0,19.63,False,0,False,0.28279611342597366,None
2026-09-03 21:13:00+00:00,10.53,12.09,2940.27,0.0,20.74,False,0,False,0.26371847535217113,None
2026-09-03 21:14:00+00:00,10.39,10.34,3079.62,0.74,19.63,False,0,False,0.1978143205166623,None
2026-09-03 21:15:00+00:00,15.84,17.65,3029.67,0.0,19.63,False,0,False,0.27318219871373756,None
2026-09-03 21:16:00+00:00,15.67,19.92,3345.92,0.0,19.63,False,0,False,0.26693933364030303,None
2026-09-03 21:17:00+00:00,15.18,17.33,3032.78,0.0,20.59,False,0,False,0.2758910597111336,None
2026-09-03 21:18:00+00:00,11.71,10.12,2947.04,0.0,21.03,False,0,False,0.22400977108152165,None
2026-09-03 21:19:00+00:00,11.14,11.65,3452.96,0.0,21.06,False,0,False,0.22568323034311966,None
2026-09-03 21:20:00+00:00,16.5,21.07,3425.62,0.0,19.63,False,0,False,0.23902069725509684,None
2026-09-03 21:21:00+00:00,15.91,20.32,3125.05,0.0,19.63,False,0,False,0.24467028833860688,None
2026-09-03 21:22:00+00:00,15.02,19.0,3266.97,0.0,20.73,False,0,False,0.25719067382257554,None
2026-09-03 21:23:00+00:00,14.29,12.93,3357.56,0.0,19.63,False,0,False,0.2276944295288797,None
2026-09-03 21:24:00+00:00,13.64,23.0,3020.47,0.0,19.76,False,0,False,0.24901197330034736,None
2026-09-03 21:25:00+00:00,20.49,25.63,3303.53,0.0,19.63,False,0,False,0.18082188261794768,None
2026-09-03 21:26:00+00:00,15.91,17.73,3163.07,0.0,19.69,False,0,False,0.2839763056625506,None
2026-09-03 21:27:00+00:00,14.6,15.41,3152.32,0.0,19.63,False,0,False,0.28487552924475384,None
2026-09-03 21:28:00+00:00,15.89,24.68,3155.12,0.0,19.63,False,0,False,0.24832973704573413,None
2026-09-03 21:29:00+00:00,11.4,11.25,3184.05,0.39,19.94,False,0,False,0.2214211474563993,None
2026-09-03 21:30:00+00:00,15.02,18.86,3335.74,0.0,19.63,False,0,False,0.2667118777145116,None
2026-09-03 21:31:00+00:00,11.58,17.51,3034.01,0.0,20.33,False,0,False,0.2753203203801965,None
2026-09-03 21:32:00+00:00,18.07,18.47,2831.73,0.0,19.63,False,0,False,0.26625683483752766,None
2026-09-03 21:33:00+00:00,14.47,16.31,3260.58,0.0,19.63,False,0,False,0.26397670814089264,None
2026-09-03 21:34:00+00:00,14.66,24.04,3167.5,0.0,19.69,False,0,False,0.25042230598376747,None
2026-09-03 21:35:00+00:00,13.2,17.94,3255.87,0.0,19.63,False,0,False,0.2713028788049068,None
2026-09-03 21:36:00+00:00,13.95,16.17,2999.09,0.45,20.29,False,0,False,0.2571575409253785,None
2026-09-03 21:37:00+00:00,13.72,15.58,3149.37,0.0,19.63,False,0,False,0.28330768773374304,None
2026-09-03 21:38:00+00:00,19.83,22.88,3255.45,0.0,19.63,False,0,False,0.25928402357360597,None
2026-09-03 21:39:00+00:00,11.32,13.51,2996.06,0.93,19.63,False,0,False,0.2117669104335944,None
2026-09-03 21:40:00+00:00,17.65,17.12,2979.81,0.0,19.73,False,0,False,0.27107263371883683,None
2026-09-03 21:41:00+00:00,14.32,16.77,3225.29,0.0,20.46,False,0,False,0.281235725822582,None
2026-09-03 21:42:00+00:00,17.44,25.75,3055.13,0.0,19.63,False,0,False,0.25509266026175015,None
2026-09-03 21:43:00+00:00,17.1,18.72,3088.71,0.0,20.16,False,0,False,0.2797976994345022,None
2026-09-03 21:44:00+00:00,19.68,24.83,2928.24,0.45,21.0,False,0,False,0.1961758828400123,None
2026-09-03 21:45:00+00:00,15.76,12.66,3273.01,0.0,19.63,False,0,False,0.249949930938399,None
2026-09-03 21:46:00+00:00,19.07,22.67,3483.25,0.63,19.84,False,0,False,0.2023398982283442,None
2026-09-03 21:47:00+00:00,16.03,15.13,3092.94,0.85,20.7,False,0,False,0.21320361780306962,None
2026-09-03 21:48:00+00:00,16.23,14.31,2885.58,0.0,20.92,False,0,False,0.27176391929394117,None
2026-09-03 21:49:00+00:00,14.23,15.87,2990.73,0.0,19.63,False,0,False,0.2852820312806675,None
2026-09-03 21:50:00+00:00,18.11,19.97,3189.3,1.3,20.35,True,1,False,0.17587048119730914,Z-Score
2026-09-03 21:51:00+00:00,16.14,15.02,3195.55,0.0,21.0,False,0,False,0.27812252771028884,None
2026-09-03 21:52:00+00:00,13.09,13.35,2995.97,0.0,20.79,False,0,False,0.275632380614205,None
2026-09-03 21:53:00+00:00,10.1,12.91,3083.2,0.42,20.74,False,0,False,0.21789486113540463,None
2026-09-03 21:54:00+00:00,14.09,20.79,2976.88,0.83,21.05,False,0,False,0.20681493825792635,None
2026-09-03 21:55:00+00:00,15.59,21.15,3100.85,0.0,19.63,False,0,False,0.2680090012241198,None
2026-09-03 21:56:00+00:00,16.14,19.74,3047.33,0.0,19.63,False,0,False,0.2737101666225802,None
2026-09-03 21:57:00+00:00,9.18,8.43,2789.72,0.0,20.06,False,0,False,0.2172787476228557,None
2026-09-03 21:58:00+00:00,13.79,11.88,3271.65,0.0,19.63,False,0,False,0.26594813322690714,None
2026-09-03 21:59:00+00:00,21.42,22.78,3200.97,1.47,19.63,True,1,False,0.13713444006984077,Z-Score
2026-09-03 22:00:00+00:00,15.95,15.12,3258.89,0.0,19.63,False,0,False,0.24223375467170627,None
2026-09-03 22:01:00+00:00,12.89,15.87,2856.87,0.0,21.04,False,0,False,0.26884710505619197,None
2026-09-03 22:02:00+00:00,16.95,18.0,3177.78,0.0,20.85,False,0,False,0.2585599788795617,None
2026-09-03 22:03:00+00:00,13.32,14.83,2998.24,0.0,19.63,False,0,False,0.28140057574816685,None
2026-09-03 22:04:00+00:00,15.32,16.02,3120.08,1.16,20.85,False,0,False,0.19285623445157096,None
2026-09-03 22:05:00+00:00,16.35,19.28,2913.29,0.0,20.2,False,0,False,0.2765972654874677,None
2026-09-03 22:06:00+00:00,14.48,17.81,3243.12,0.0,20.08,False,0,False,0.2765880162762325,None
2026-09-03 22:07:00+00:00,20.75,22.07,2994.07,0.0,19.63,False,0,False,0.2631171801775502,None
2026-09-03 22:08:00+00:00,15.05,14.98,3005.31,1.34,19.65,True,1,False,0.15162909972318656,Z-Score
2026-09-03 22:09:00+00:00,13.42,11.85,2922.08,0.0,19.63,False,0,False,0.26689636072015843,None
2026-09-03 22:10:00+00:00,13.56,18.56,3091.1,0.0,20.25,False,0,False,0.2788613830704783,None
2026-09-03 22:11:00+00:00,14.66,17.88,2799.96,0.0,20.28,False,0,False,0.25333951517313075,None
2026-09-03 22:12:00+00:00,15.87,19.3,3079.8,0.11,20.96,False,0,False,0.2685096017148698,None
2026-09-03 22:13:00+00:00,12.5,15.52,2993.23,0.1,19.63,False,0,False,0.26690872066615545,None
2026-09-03 22:14:00+00:00,17.05,17.94,3196.26,0.8,21.03,False,0,False,0.20020825887686267,None
2026-09-03 22:15:00+00:00,11.73,12.69,3075.93,0.28,20.0,False,0,False,0.23992511209251277,None
2026-09-03 22:16:00+00:00,15.53,16.15,2898.19,0.0,19.63,False,0,False,0.22926215861605465,None
2026-09-03 22:17:00+00:00,8.0,8.5,2902.8,0.0,19.63,False,0,False,0.20849608268367126,None
2026-09-03 22:18:00+00:00,15.1,18.15,2999.99,0.31,20.23,False,0,False,0.16667666255779917,None
2026-09-03 22:19:00+00:00,16.05,21.72,2927.86,0.0,19.63,False,0,False,0.27501968812327415,None
2026-09-03 22:20:00+00:00,16.59,18.99,2998.89,0.0,20.01,False,0,False,0.28308814460053816,None
2026-09-03 22:21:00+00:00,19.56,24.05,2597.39,0.0,19.63,True,1,False,0.24769709859971156,Z-Score
2026-09-03 22:22:00+00:00,12.67,16.39,3080.65,1.03,21.07,False,0,False,0.17593751802199886,None
2026-09-03 22:23:00+00:00,12.98,10.38,3041.22,0.0,20.17,False,0,False,0.16238130246908555,None
2026-09-03 22:24:00+00:00,12.43,16.41,3009.4,0.0,19.88,False,0,False,0.278028599523495,None
2026-09-03 22:25:00+00:00,16.29,16.8,3040.79,0.0,19.63,False,0,False,0.2845530324119331,None
2026-09-03 22:26:00+00:00,15.52,14.76,2723.29,0.0,19.63,False,0,False,0.28270774640636626,None
2026-09-03 22:27:00+00:00,16.3,26.08,2937.02,0.0,20.31,False,0,False,0.25282201316755504,None
2026-09-03 22:28:00+00:00,19.46,21.51,2960.74,0.0,20.31,False,0,False,0.2517968163006982,None
2026-09-03 22:29:00+00:00,17.12,18.91,2964.4,0.0,19.63,False,0,False,0.2776114953756058,None
2026-09-03 22:30:00+00:00,17.33,18.77,2891.14,0.22,19.63,False,0,False,0.2524265343685393,None
2026-09-03 22:31:00+00:00,12.92,19.01,3005.82,0.0,19.63,False,0,False,0.2790390004988109,None
2026-09-03 22:32:00+00:00,17.82,23.0,3052.53,1.02,19.63,False,0,False,0.1641786811208959,None
2026-09-03 22:33:00+00:00,20.62,25.91,3188.32,0.75,19.67,False,0,False,0.1715725637373378,None
2026-09-03 22:34:00+00:00,15.51,19.21,3021.97,0.0,21.01,False,0,False,0.2642462084019041,None
2026-09-03 22:35:00+00:00,11.19,13.46,3106.81,0.0,19.63,False,0,False,0.2563260517589366,None
2026-09-03 22:36:00+00:00,16.07,12.89,2896.83,0.0,19.63,False,0,False,0.21004696062000522,None
2026-09-03 22:37:00+00:00,13.74,13.99,2940.77,0.17,19.63,False,0,False,0.2541970140122796,None
2026-09-03 22:38:00+00:00,12.55,13.8,2859.74,0.0,20.96,False,0,False,0.21363996943389196,None
2026-09-03 22:39:00+00:00,12.52,13.04,3115.73,0.0,19.63,False,0,False,0.2703085869376184,None
2026-09-03 22:40:00+00:00,9.16,7.92,2981.03,0.0,19.63,False,0,False,0.21594736767314038,None
2026-09-03 22:41:00+00:00,13.37,17.66,2883.04,0.0,19.97,False,0,False,0.285782629686176,None
2026-09-03 22:42:00+00:00,18.37,20.04,2745.21,0.28,19.63,False,0,False,0.25303042235685674,None
2026-09-03 22:43:00+00:00,15.18,17.84,2757.03,0.0,19.63,False,0,False,0.2798837966593999,None
2026-09-03 22:44:00+00:00,15.03,15.3,2816.99,0.0,19.63,False,0,False,0.24360479831410353,None
2026-09-03 22:45:00+00:00,15.86,12.52,2916.12,0.0,20.79,False,0,False,0.18545368521989447,None
2026-09-03 22:46:00+00:00,17.5,22.2,2882.14,0.0,19.63,False,0,False,0.1765018854654692,None
2026-09-03 22:47:00+00:00,15.91,16.53,3046.42,0.0,20.05,False,0,False,0.2682329811030864,None
2026-09-03 22:48:00+00:00,13.76,18.73,3123.62,0.65,20.06,False,0,False,0.19072159355929602,None
2026-09-03 22:49:00+00:00,16.45,18.36,2996.1,0.17,19.63,False,0,False,0.2597977291103255,None
2026-09-03 22:50:00+00:00,18.39,19.62,3099.21,0.84,19.63,False,0,False,0.2147052619981324,None
2026-09-03 22:51:00+00:00,16.19,19.68,2825.69,0.0,20.29,False,0,False,0.24311814965951922,None
2026-09-03 22:52:00+00:00,13.02,15.71,2834.89,0.0,20.67,False,0,False,0.27834316188423003,None
2026-09-03 22:53:00+00:00,12.17,12.7,2906.33,0.0,21.0,False,0,False,0.2427191856181527,None
2026-09-03 22:54:00+00:00,14.77,18.51,2818.4,0.0,19.63,False,0,False,0.27914377772603366,None
2026-09-03 22:55:00+00:00,16.1,23.17,2627.44,0.0,20.6,False,0,False,0.2709470343061909,None
2026-09-03 22:56:00+00:00,14.96,15.63,3061.37,0.0,19.63,False,0,False,0.22318012564326123,None
2026-09-03 22:57:00+00:00,16.02,19.61,2879.46,0.0,20.29,False,0,False,0.24781964519401706,None
2026-09-03 22:58:00+00:00,13.35,15.25,2544.18,0.67,20.24,False,0,False,0.22005320059278172,None
2026-09-03 22:59:00+00:00,14.38,18.03,2758.52,0.0,20.0,False,0,False,0.27731931770241364,None
2026-09-03 23:00:00+00:00,20.3,25.33,2974.32,0.0,19.63,False,0,False,0.25097983346769703,None
2026-09-03 23:01:00+00:00,19.74,19.62,2949.02,0.0,19.99,False,0,False,0.2716449530083117,None
2026-09-03 23:02:00+00:00,18.83,18.91,2777.26,0.0,19.65,False,0,False,0.26195999478059,None
2026-09-03 23:03:00+00:00,13.56,13.63,2780.18,0.0,19.63,False,0,False,0.2718292635786116,None
2026-09-03 23:04:00+00:00,15.34,17.88,2758.05,0.0,20.4,False,0,False,0.27792892919466855,None
2026-09-03 23:05:00+00:00,14.15,17.58,3015.13,0.0,21.08,False,0,False,0.2528562768191994,None
2026-09-03 23:06:00+00:00,11.0,9.16,2859.79,0.0,20.34,False,0,False,0.22764413565046376,None
2026-09-03 23:07:00+00:00,19.35,20.69,2695.89,0.75,20.19,False,0,False,0.22743398715567154,None
2026-09-03 23:08:00+00:00,11.48,11.37,2914.65,0.41,19.63,False,0,False,0.22904729142744978,None
2026-09-03 23:09:00+00:00,16.66,17.06,3052.07,0.0,20.39,False,0,False,0.27008005698386117,None
2026-09-03 23:10:00+00:00,14.18,19.3,2920.86,0.0,19.63,False,0,False,0.24558723609495048,None
2026-09-03 23:11:00+00:00,13.85,14.68,2705.51,0.22,19.63,False,0,False,0.23381017239408208,None
2026-09-03 23:12:00+00:00,17.05,26.05,2750.42,0.0,20.38,False,0,False,0.25097256077381813,None
2026-09-03 23:13:00+00:00,18.29,25.86,2814.25,0.66,20.03,False,0,False,0.20645271835340567,None
2026-09-03 23:14:00+00:00,15.45,14.87,3096.24,0.52,21.07,False,0,False,0.14407599330761578,None
2026-09-03 23:15:00+00:00,14.28,20.11,2746.26,0.0,19.63,False,0,False,0.27739780890999644,None
2026-09-03 23:16:00+00:00,13.24,17.44,2883.13,0.0,20.65,False,0,False,0.2762017312578446,None
2026-09-03 23:17:00+00:00,15.58,18.08,2773.96,0.0,19.63,False,0,False,0.2895610111078225,None
2026-09-03 23:18:00+00:00,13.74,14.33,2902.8,0.0,20.02,False,0,False,0.25129202201132333,None
2026-09-03 23:19:00+00:00,16.09,19.43,2982.46,0.0,19.63,False,0,False,0.27327728639037735,None
2026-09-03 23:20:00+00:00,16.27,16.69,2746.98,0.0,19.63,False,0,False,0.28020582980853925,None
2026-09-03 23:21:00+00:00,16.56,18.99,2475.17,0.0,19.63,False,0,False,0.23002898696516672,None
2026-09-03 23:22:00+00:00,15.7,13.51,2712.12,0.0,21.08,False,0,False,0.24926710242696493,None
2026-09-03 23:23:00+00:00,18.13,15.41,2906.43,0.0,19.92,False,0,False,0.24473148231244146,None
2026-09-03 23:24:00+00:00,15.23,18.26,2920.91,0.35,20.67,False,0,False,0.24737199971948454,None
2026-09-03 23:25:00+00:00,16.72,13.99,2688.31,0.0,19.63,False,0,False,0.2691367182071461,None
2026-09-03 23:26:00+00:00,17.58,20.62,2785.72,0.34,19.63,False,0,False,0.18354320842506666,None
2026-09-03 23:27:00+00:00,12.65,13.96,2688.87,0.0,19.63,False,0,False,0.24920175271148254,None
2026-09-03 23:28:00+00:00,15.87,12.49,2889.17,0.0,19.63,False,0,False,0.24273860817018078,None
2026-09-03 23:29:00+00:00,19.02,21.14,2984.44,1.57,21.06,True,1,False,0.16793881380079528,Z-Score
2026-09-03 23:30:00+00:00,18.81,22.73,2963.44,0.0,20.34,False,0,False,0.25905852271405816,None
2026-09-03 23:31:00+00:00,14.1,12.92,2940.42,0.0,20.42,False,0,False,0.2773303504579716,None
2026-09-03 23:32:00+00:00,15.64,22.74,2698.45,0.0,19.63,False,0,False,0.2669037850558721,None
2026-09-03 23:33:00+00:00,21.24,24.58,2726.43,0.0,20.48,False,0,False,0.2045066228623516,None
2026-09-03 23:34:00+00:00,15.48,17.67,2950.35,0.34,20.53,False,0,False,0.23614272772352507,None
2026-09-03 23:35:00+00:00,17.46,21.72,2644.18,0.0,20.77,False,0,False,0.24156976652989237,None
2026-09-03 23:36:00+00:00,14.59,15.77,2632.63,0.0,20.8,False,0,False,0.24464914755580652,None
2026-09-03 23:37:00+00:00,13.7,16.72,2765.19,0.0,20.52,False,0,False,0.23005418539860156,None
2026-09-03 23:38:00+00:00,16.57,21.69,3053.24,0.0,19.63,False,0,False,0.24104848573364568,None
2026-09-03 23:39:00+00:00,14.19,15.03,2644.95,0.0,19.63,False,0,False,0.2729379201784586,None
2026-09-03 23:40:00+00:00,19.07,20.03,2739.06,0.83,19.63,False,0,False,0.1992236039353305,None
2026-09-03 23:41:00+00:00,11.3,10.49,2911.11,0.0,19.63,False,0,False,0.23828748788769144,None
2026-09-03 23:42:00+00:00,16.33,15.61,2788.48,0.0,20.61,False,0,False,0.2755655548503056,None
2026-09-03 23:43:00+00:00,15.64,19.27,2637.34,0.0,19.63,False,0,False,0.27345162607725254,None
2026-09-03 23:44:00+00:00,10.91,15.03,2725.83,0.0,20.6,False,0,False,0.2530848447540076,None
2026-09-03 23:45:00+00:00,15.4,22.05,2780.08,0.0,20.25,False,0,False,0.2309469206006467,None
2026-09-03 23:46:00+00:00,19.57,23.5,2871.8,0.0,20.55,False,0,False,0.20413410702707868,None
2026-09-03 23:47:00+00:00,10.45,11.78,2718.73,0.26,20.55,False,0,False,0.22128204291307996,None
2026-09-03 23:48:00+00:00,14.78,16.39,2696.54,0.0,19.63,False,0,False,0.28241991010703305,None
2026-09-03 23:49:00+00:00,16.41,16.62,2803.07,0.0,19.63,False,0,False,0.2849835337257599,None
2026-09-03 23:50:00+00:00,12.35,12.07,3135.48,0.0,20.8,False,0,False,0.2483503503316803,None
2026-09-03 23:51:00+00:00,13.0,15.46,2485.63,0.0,19.63,False,0,False,0.2572662887771031,None
2026-09-03 23:52:00+00:00,17.36,24.09,2762.49,0.0,19.7,False,0,False,0.25223435791466264,None
2026-09-03 23:53:00+00:00,13.53,16.63,2820.64,0.03,21.11,False,0,False,0.26484531378316617,None
2026-09-03 23:54:00+00:00,16.04,14.69,2632.34,0.0,21.01,False,0,False,0.2721598230080533,None
2026-09-03 23:55:00+00:00,16.25,20.65,2599.09,0.0,20.42,False,0,False,0.1760308971640489,None
2026-09-03 23:56:00+00:00,16.58,16.03,2777.51,0.0,19.63,False,0,False,0.1804747525054829,None
2026-09-03 23:57:00+00:00,17.32,18.82,2733.74,0.0,19.63,False,0,False,0.27893266741182715,None
2026-09-03 23:58:00+00:00,14.04,13.9,2727.2,0.0,20.55,False,0,False,0.27722487119129424,None
2026-09-03 23:59:00+00:00,15.82,17.67,2683.59,0.0,19.63,False,0,False,0.2642813127820735,None
2026-09-04 00:00:00+00:00,8.0,12.98,2759.85,0.0,20.95,True,1,False,0.23565996797259653,Z-Score
2026-09-04 00:01:00+00:00,11.58,14.43,2589.48,0.32,20.65,False,0,False,0.24533973422529753,None
2026-09-04 00:02:00+00:00,20.06,22.99,2718.77,0.0,19.63,False,0,False,0.26416145509980415,None
2026-09-04 00:03:00+00:00,21.99,24.16,2702.57,0.13,19.63,False,0,False,0.1913542501896252,None
2026-09-04 00:04:00+00:00,20.8,21.95,2553.39,0.0,19.63,False,0,False,0.23957623159657315,None
2026-09-04 00:05:00+00:00,8.69,14.98,2617.97,0.0,19.63,False,0,False,0.23521411142231674,None
2026-09-04 00:06:00+00:00,24.66,27.46,2639.67,0.0,19.63,True,1,False,0.17886617288777695,Z-Score
2026-09-04 00:07:00+00:00,8.0,14.08,2555.92,0.58,20.15,False,0,False,0.19329456267668182,None
2026-09-04 00:08:00+00:00,28.06,25.48,2593.96,0.0,19.63,True,1,False,0.17118920736169457,Z-Score
2026-09-04 00:09:00+00:00,11.99,12.61,2638.59,0.0,20.72,False,0,False,0.23088277001896607,None
2026-09-04 00:10:00+00:00,17.3,20.58,2494.56,0.0,20.97,False,0,False,0.2531958336947473,None
2026-09-04 00:11:00+00:00,12.19,14.54,2647.68,0.58,19.63,False,0,False,0.20678437062511734,None
2026-09-04 00:12:00+00:00,12.31,13.16,2641.11,0.0,19.63,False,0,False,0.26693261721194456,None
2026-09-04 00:13:00+00:00,16.74,18.54,2598.77,0.0,19.63,False,0,False,0.26426697544691213,None
2026-09-04 00:14:00+00:00,16.71,14.65,2596.57,0.0,20.01,False,0,False,0.2534772064809235,None
2026-09-04 00:15:00+00:00,18.27,16.18,2713.49,0.0,20.43,False,0,False,0.26528257889533874,None
2026-09-04 00:16:00+00:00,19.13,23.58,2572.46,0.0,19.63,False,0,False,0.22482254561294585,None
2026-09-04 00:17:00+00:00,12.65,13.31,2715.99,0.75,19.63,False,0,False,0.22088233755489162,None
2026-09-04 00:18:00+00:00,15.54,12.45,2759.73,0.0,19.63,False,0,False,0.2629654494489555,None
2026-09-04 00:19:00+00:00,8.13,7.5,2397.07,0.0,20.41,False,0,False,0.17582903274834338,None
2026-09-04 00:20:00+00:00,10.14,18.61,2398.22,0.0,19.63,False,0,False,0.21511084292084193,None
2026-09-04 00:21:00+00:00,21.4,27.55,2725.5,0.0,19.83,False,0,False,0.20689530026054798,None
2026-09-04 00:22:00+00:00,22.79,23.83,2597.15,0.0,19.63,False,0,False,0.24034588572652243,None
2026-09-04 00:23:00+00:00,15.92,16.49,2597.72,0.0,19.63,False,0,False,0.26585674271588217,None
2026-09-04 00:24:00+00:00,11.97,14.39,2620.18,0.0,20.61,False,0,False,0.2692403876450484,None
2026-09-04 00:25:00+00:00,11.67,13.84,2713.9,0.0,19.95,False,0,False,0.2713227612780444,None
2026-09-04 00:26:00+00:00,8.95,17.79,2769.99,0.0,19.63,False,0,False,0.2505083657897048,None
2026-09-04 00:27:00+00:00,13.11,15.92,2426.31,0.37,19.63,False,0,False,0.19004970683945555,None
2026-09-04 00:28:00+00:00,17.49,19.63,2479.06,0.0,19.63,False,0,False,0.18592793775895683,None
2026-09-04 00:29:00+00:00,15.16,16.32,2451.34,0.0,20.43,False,0,False,0.23033382681813597,None
2026-09-04 00:30:00+00:00,16.92,22.18,2461.27,0.09,19.63,False,0,False,0.22649736167629264,None
2026-09-04 00:31:00+00:00,24.6,25.85,2466.19,0.39,19.63,False,0,False,0.17041215227585432,None
2026-09-04 00:32:00+00:00,12.94,15.91,2539.29,0.0,19.63,False,0,False,0.26495095704745447,None
2026-09-04 00:33:00+00:00,10.91,13.03,2583.22,0.0,19.63,False,0,False,0.25034418127426183,None
2026-09-04 00:34:00+00:00,11.33,10.67,2683.09,0.0,19.81,False,0,False,0.249970715679946,None
2026-09-04 00:35:00+00:00,16.74,23.34,2645.3,0.0,20.12,False,0,False,0.25927798250186407,None
2026-09-04 00:36:00+00:00,14.47,14.81,2426.88,0.0,20.01,False,0,False,0.25067539201741734,None
2026-09-04 00:37:00+00:00,8.0,11.71,2480.29,0.0,20.77,False,0,False,0.2028093388234271,None
2026-09-04 00:38:00+00:00,8.0,10.2,2617.16,0.0,21.06,False,0,False,0.22410039201229326,None
2026-09-04 00:39:00+00:00,26.08,26.05,2542.69,0.0,20.25,False,0,False,0.13047635398679036,None
2026-09-04 00:40:00+00:00,16.77,17.64,2605.13,0.83,20.57,True,1,False,0.20578136343863423,Z-Score
2026-09-04 00:41:00+00:00,18.69,28.97,2463.17,0.0,19.69,False,0,False,0.19759999868397277,None
2026-09-04 00:42:00+00:00,8.0,10.06,2526.26,0.0,19.63,False,0,False,0.20188092703902777,None
2026-09-04 00:43:00+00:00,22.03,26.6,2533.56,0.0,19.63,False,0,False,0.18845136725898443,None
2026-09-04 00:44:00+00:00,8.0,13.18,2720.63,0.0,19.63,False,0,False,0.21299922874524724,None
2026-09-04 00:45:00+00:00,14.73,15.42,2665.61,0.0,19.63,False,0,False,0.28129580231150353,None
2026-09-04 00:46:00+00:00,17.51,17.68,2648.26,0.09,20.5,False,0,False,0.2645294796292325,None
2026-09-04 00:47:00+00:00,22.28,19.33,2685.17,0.06,19.75,False,0,False,0.23875524504647133,None
2026-09-04 00:48:00+00:00,11.81,11.63,2469.85,0.0,20.08,False,0,False,0.20836571922519226,None
2026-09-04 00:49:00+00:00,17.4,21.32,2831.41,0.0,20.36,False,0,False,0.27218472048757836,None
2026-09-04 00:50:00+00:00,8.0,7.5,2538.2,0.62,20.96,False,0,False,0.16411825094550697,None
2026-09-04 00:51:00+00:00,16.04,22.61,2612.75,0.0,21.09,False,0,False,0.246817966965321,None
2026-09-04 00:52:00+00:00,8.0,10.8,2744.32,0.0,19.63,False,0,False,0.2218339339215064,None
2026-09-04 00:53:00+00:00,11.47,15.44,2586.27,0.0,19.63,False,0,False,0.27205902326108483,None
2026-09-04 00:54:00+00:00,20.65,19.42,2579.12,0.0,19.97,False,0,False,0.25334409573023464,None
2026-09-04 00:55:00+00:00,8.6,14.13,2439.46,0.0,19.63,False,0,False,0.2009920071352017,None
2026-09-04 00:56:00+00:00,9.21,11.74,2819.78,0.53,20.22,False,0,False,0.16983666210204135,None
2026-09-04 00:57:00+00:00,19.57,16.61,2479.02,0.0,20.75,False,0,False,0.25794008302690596,None
2026-09-04 00:58:00+00:00,25.41,30.62,2981.91,0.0,19.63,True,1,False,0.20499529637802894,Z-Score
2026-09-04 00:59:00+00:00,14.32,18.72,2970.01,0.0,20.5,True,1,False,0.2645883544570347,Z-Score
2026-09-04 01:00:00+00:00,9.18,9.06,2644.18,0.0,19.63,False,0,False,0.22609063703787152,None
2026-09-04 01:01:00+00:00,15.58,19.87,2883.0,0.0,20.04,False,0,False,0.28081331485981487,None
2026-09-04 01:02:00+00:00,12.83,14.07,2780.58,0.0,19.63,False,0,False,0.2729462187014239,None
2026-09-04 01:03:00+00:00,26.74,36.6,2760.99,1.06,19.94,True,2,False,0.08649256821566309,Z-Score
2026-09-04 01:04:00+00:00,8.7,15.57,2382.59,0.53,19.63,False,0,False,0.18848087959046972,None
2026-09-04 01:05:00+00:00,17.33,22.31,2591.2,0.22,19.63,False,0,False,0.2441988920299129,None
2026-09-04 01:06:00+00:00,15.38,16.86,2647.85,0.0,19.63,False,0,False,0.2248192542048874,None
2026-09-04 01:07:00+00:00,8.0,13.32,2666.15,0.0,19.88,False,0,False,0.17222763415104397,None
2026-09-04 01:08:00+00:00,11.37,13.47,2691.34,0.0,19.96,False,0,False,0.2197311459002892,None
2026-09-04 01:09:00+00:00,15.35,12.7,2836.86,1.44,19.63,True,1,False,0.14672450059957487,Z-Score
2026-09-04 01:10:00+00:00,8.0,7.5,2592.0,0.0,19.63,False,0,False,0.20687799051358968,None
2026-09-04 01:11:00+00:00,18.78,22.58,2807.98,0.0,19.63,False,0,False,0.2552521900410175,None
2026-09-04 01:12:00+00:00,24.56,29.93,2761.13,0.0,20.48,False,0,False,0.16084820725833054,None
2026-09-04 01:13:00+00:00,20.96,26.01,2260.07,0.0,20.56,False,0,False,0.20671415440737845,None
2026-09-04 01:14:00+00:00,10.07,9.28,2626.11,0.0,20.97,False,0,False,0.2228144086188874,None
2026-09-04 01:15:00+00:00,8.16,7.62,2436.67,0.94,19.91,False,0,False,0.13201542818765,None
2026-09-04 01:16:00+00:00,8.0,13.62,2755.19,0.99,19.63,False,0,False,0.17898515164020196,None
2026-09-04 01:17:00+00:00,19.39,30.63,2606.31,0.47,19.89,False,0,False,0.17331102368588341,None
2026-09-04 01:18:00+00:00,17.38,18.49,2645.25,0.84,20.91,False,0,False,0.15717519940727753,None
2026-09-04 01:19:00+00:00,19.75,22.05,2777.64,0.0,19.63,False,0,False,0.20076586383520584,None
2026-09-04 01:20:00+00:00,17.01,22.5,2676.68,0.0,20.11,False,0,False,0.26539000801897256,None
2026-09-04 01:21:00+00:00,19.61,21.77,2539.73,0.34,20.95,False,0,False,0.23242402939160745,None
2026-09-04 01:22:00+00:00,9.87,10.43,2575.52,0.0,20.9,False,0,False,0.23131902166752516,None
2026-09-04 01:23:00+00:00,12.8,10.27,2364.1,0.59,19.63,False,0,False,0.16979856707870367,None
2026-09-04 01:24:00+00:00,9.76,10.33,2647.02,0.33,20.21,False,0,False,0.21387020721141864,None
2026-09-04 01:25:00+00:00,20.37,26.6,2728.18,0.0,19.63,False,0,False,0.2287539569054871,None
2026-09-04 01:26:00+00:00,11.38,17.96,2686.75,0.0,20.5,False,0,False,0.25828622458698886,None
2026-09-04 01:27:00+00:00,21.09,21.98,2695.51,0.51,20.44,False,0,False,0.19448116317956493,None
2026-09-04 01:28:00+00:00,17.19,15.99,2485.84,0.0,19.63,False,0,False,0.260425739420683,None
2026-09-04 01:29:00+00:00,15.73,21.33,2569.24,0.0,19.63,False,0,False,0.2681574573245374,None
2026-09-04 01:30:00+00:00,11.64,14.55,2849.82,0.65,20.6,False,0,False,0.23554465410892506,None
2026-09-04 01:31:00+00:00,17.71,18.73,2563.89,0.02,19.68,False,0,False,0.229797146184113,None
2026-09-04 01:32:00+00:00,15.81,20.34,2784.28,0.0,19.63,False,0,False,0.2630610058826326,None
2026-09-04 01:33:00+00:00,9.08,16.93,2931.94,0.0,20.42,False,0,False,0.2409916533599581,None
2026-09-04 01:34:00+00:00,9.12,11.7,2589.31,0.28,19.63,False,0,False,0.1897367405343381,None
2026-09-04 01:35:00+00:00,19.36,19.66,2522.03,0.0,19.63,False,0,False,0.2530911859873487,None
2026-09-04 01:36:00+00:00,8.0,8.88,2789.07,0.0,20.17,False,0,False,0.17557702202441738,None
2026-09-04 01:37:00+00:00,16.45,19.3,2579.36,0.0,19.63,False,0,False,0.2728638265331838,None
2026-09-04 01:38:00+00:00,17.89,17.26,2620.12,0.0,19.63,False,0,False,0.2661107776415173,None
2026-09-04 01:39:00+00:00,17.8,22.22,2637.03,0.0,19.79,False,0,False,0.2546840722112083,None
2026-09-04 01:40:00+00:00,19.12,21.08,2405.49,0.0,19.63,False,0,False,0.18651421752284292,None
2026-09-04 01:41:00+00:00,15.51,16.89,2784.8,0.0,19.63,False,0,False,0.2825726507403148,None
2026-09-04 01:42:00+00:00,11.67,10.78,2766.84,0.0,19.69,False,0,False,0.2521321800239197,None
2026-09-04 01:43:00+00:00,9.88,12.39,2842.41,0.0,19.63,False,0,False,0.2541393036133,None
2026-09-04 01:44:00+00:00,18.63,20.91,2636.11,0.0,19.63,False,0,False,0.2748699882288919,None
2026-09-04 01:45:00+00:00,9.98,13.7,2650.1,0.0,20.25,False,0,False,0.22674612911466363,None
2026-09-04 01:46:00+00:00,29.53,37.05,3050.01,0.0,20.88,True,1,False,0.1483757198471669,Z-Score
2026-09-04 01:47:00+00:00,22.27,23.93,2726.07,0.0,20.45,False,0,False,0.24323240907978538,None
2026-09-04 01:48:00+00:00,15.54,23.29,2801.12,0.0,20.51,False,0,False,0.27190720335005963,None
2026-09-04 01:49:00+00:00,15.72,17.98,2472.8,0.29,19.63,False,0,False,0.21633631320144503,None
2026-09-04 01:50:00+00:00,13.4,17.7,2561.32,0.0,19.96,False,0,False,0.26225547575089947,None
2026-09-04 01:51:00+00:00,21.14,21.52,2669.96,0.23,20.56,False,0,False,0.20964626386629936,None
2026-09-04 01:52:00+00:00,20.3,21.31,2636.81,0.0,19.63,False,0,False,0.26628997021650214,None
2026-09-04 01:53:00+00:00,14.73,20.03,2680.42,0.46,19.63,False,0,False,0.2401311178683609,None
2026-09-04 01:54:00+00:00,13.64,15.2,2555.51,0.0,19.63,False,0,False,0.262563853014845,None
2026-09-04 01:55:00+00:00,14.76,13.55,2564.94,0.0,19.63,False,0,False,0.2746426558489393,None
2026-09-04 01:56:00+00:00,15.0,15.72,2563.03,0.0,20.0,False,0,False,0.2808718579617156,None
2026-09-04 01:57:00+00:00,10.69,14.82,2437.57,0.51,21.05,False,0,False,0.16390788286079072,None
2026-09-04 01:58:00+00:00,12.97,11.23,2537.02,0.0,19.63,False,0,False,0.2585787549668039,None
2026-09-04 01:59:00+00:00,16.03,17.75,2749.64,0.0,19.63,False,0,False,0.28050233376370487,None
2026-09-04 02:00:00+00:00,8.6,9.73,2620.03,0.0,19.63,False,0,False,0.21432167394124585,None
2026-09-04 02:01:00+00:00,20.99,28.14,2572.64,0.11,19.63,False,0,False,0.17870767928032422,None
2026-09-04 02:02:00+00:00,21.16,25.38,2649.15,0.0,20.81,False,0,False,0.24370666231073623,None
2026-09-04 02:03:00+00:00,8.0,7.5,2675.35,0.48,19.63,False,0,False,0.16195228732441191,None
2026-09-04 02:04:00+00:00,16.27,20.56,2515.24,0.43,19.63,False,0,False,0.23655330282086512,None
2026-09-04 02:05:00+00:00,12.61,9.29,2675.19,0.0,19.63,False,0,False,0.21075295083301754,None
2026-09-04 02:06:00+00:00,15.29,17.62,2682.75,0.0,19.63,False,0,False,0.2650015004497632,None
2026-09-04 02:07:00+00:00,12.2,13.85,2280.12,0.51,19.63,False,0,False,0.20896011161580158,None
2026-09-04 02:08:00+00:00,17.53,21.88,2490.26,0.49,20.99,False,0,False,0.2091275184757143,None
2026-09-04 02:09:00+00:00,15.06,21.34,2606.29,0.0,19.63,False,0,False,0.2713238110636633,None
2026-09-04 02:10:00+00:00,17.53,17.77,2496.42,0.0,19.67,False,0,False,0.24691240635515993,None
2026-09-04 02:11:00+00:00,12.86,17.07,2479.6,0.0,19.95,False,0,False,0.24190807466851738,None
2026-09-04 02:12:00+00:00,21.27,25.22,2657.27,0.0,19.63,False,0,False,0.16062233194054065,None
2026-09-04 02:13:00+00:00,17.45,17.07,2754.92,0.0,20.92,False,0,False,0.2676501272284444,None
2026-09-04 02:14:00+00:00,13.9,17.19,2675.53,0.0,19.63,False,0,False,0.2616991455245753,None
2026-09-04 02:15:00+00:00,8.0,8.51,2630.22,0.0,19.94,False,0,False,0.21586710636447776,None
2026-09-04 02:16:00+00:00,12.32,13.03,2603.08,0.0,19.63,False,0,False,0.22485054168992263,None
2026-09-04 02:17:00+00:00,10.61,11.77,2629.6,0.0,20.46,False,0,False,0.19848525714160403,None
2026-09-04 02:18:00+00:00,19.66,19.04,2701.09,0.0,19.63,False,0,False,0.2725185865150057,None
2026-09-04 02:19:00+00:00,10.26,12.28,2607.86,0.0,19.69,False,0,False,0.24397234516976307,None
2026-09-04 02:20:00+00:00,18.02,21.61,2807.66,0.0,20.51,False,0,False,0.25415962368764267,None
2026-09-04 02:21:00+00:00,14.51,21.09,2644.08,0.0,20.19,False,0,False,0.2596812649305185,None
2026-09-04 02:22:00+00:00,18.63,24.36,2624.72,1.25,19.67,True,1,False,0.10304108142248392,Z-Score
2026-09-04 02:23:00+00:00,9.28,10.57,2440.03,0.0,19.63,False,0,False,0.20160708224642654,None
2026-09-04 02:24:00+00:00,12.27,9.61,2712.46,0.0,20.49,False,0,False,0.2286315300430098,None
2026-09-04 02:25:00+00:00,14.22,14.08,2872.24,0.0,21.06,False,0,False,0.2421042295258607,None
2026-09-04 02:26:00+00:00,19.24,24.03,2762.68,0.48,20.66,False,0,False,0.23210431962853922,None
2026-09-04 02:27:00+00:00,12.68,13.6,2623.15,0.0,20.77,False,0,False,0.2602302633466055,None
2026-09-04 02:28:00+00:00,13.5,19.35,2750.12,0.41,19.63,False,0,False,0.2456699967776716,None
2026-09-04 02:29:00+00:00,17.67,21.76,2870.35,0.0,19.63,False,0,False,0.27163634714189216,None
2026-09-04 02:30:00+00:00,20.75,24.12,2558.21,0.0,19.63,False,0,False,0.21786342803556313,None
2026-09-04 02:31:00+00:00,8.0,9.11,2801.44,0.0,19.63,False,0,False,0.19788026691272914,None
2026-09-04 02:32:00+00:00,14.82,18.67,2529.26,0.0,20.35,False,0,False,0.25062902699297,None
2026-09-04 02:33:00+00:00,12.44,14.34,2658.22,0.0,19.63,False,0,False,0.25622745338123637,None
2026-09-04 02:34:00+00:00,9.77,10.72,2684.06,0.0,19.63,False,0,False,0.21853208708139082,None
2026-09-04 02:35:00+00:00,9.96,14.14,2666.54,0.0,20.1,False,0,False,0.25846337910079603,None
2026-09-04 02:36:00+00:00,24.7,33.13,2411.68,0.0,19.63,False,0,False,0.16335281340490532,None
2026-09-04 02:37:00+00:00,19.71,18.82,2537.56,0.31,19.63,False,0,False,0.20360489408844468,None
2026-09-04 02:38:00+00:00,12.64,14.59,2666.22,0.0,20.08,False,0,False,0.19414455001770092,None
2026-09-04 02:39:00+00:00,18.38,21.23,2559.36,0.0,19.63,False,0,False,0.18631074896697458,None
2026-09-04 02:40:00+00:00,17.01,19.72,2569.58,0.0,19.63,False,0,False,0.2549938281656486,None
2026-09-04 02:41:00+00:00,16.53,16.64,2704.12,0.0,19.63,False,0,False,0.2704051228576885,None
2026-09-04 02:42:00+00:00,20.36,32.77,2662.0,0.0,21.02,False,0,False,0.21025334558019904,None
2026-09-04 02:43:00+00:00,18.69,25.34,2794.63,0.0,19.63,False,0,False,0.25465646680959764,None
2026-09-04 02:44:00+00:00,8.0,9.26,2719.72,0.17,20.85,False,0,False,0.1886037878218334,None
2026-09-04 02:45:00+00:00,11.47,11.91,2561.04,0.0,20.11,False,0,False,0.26511684759751486,None
2026-09-04 02:46:00+00:00,18.11,20.59,2642.95,0.0,19.63,False,0,False,0.2764673569444866,None
2026-09-04 02:47:00+00:00,16.5,19.25,2567.37,0.0,19.63,False,0,False,0.26896625610685637,None
2026-09-04 02:48:00+00:00,13.33,14.51,2726.41,0.0,20.78,False,0,False,0.2738500167679065,None
2026-09-04 02:49:00+00:00,16.47,18.81,2698.9,0.0,19.63,False,0,False,0.2818564911040045,None
2026-09-04 02:50:00+00:00,15.84,15.42,2660.92,0.0,19.63,False,0,False,0.20430455285064986,None
2026-09-04 02:51:00+00:00,17.46,20.99,2747.95,0.0,21.03,False,0,False,0.2578840409546906,None
2026-09-04 02:52:00+00:00,11.23,15.53,2570.59,1.97,20.29,True,1,False,0.16516248072375617,Z-Score
2026-09-04 02:53:00+00:00,10.67,10.28,2806.82,0.0,19.63,False,0,False,0.2443965929920544,None
2026-09-04 02:54:00+00:00,20.38,22.27,2982.33,0.0,19.63,True,1,False,0.26855032081420827,Z-Score
2026-09-04 02:55:00+00:00,14.41,20.77,2849.62,0.74,19.63,False,0,False,0.23514480926260883,None
2026-09-04 02:56:00+00:00,14.55,17.36,2632.86,0.86,19.63,False,0,False,0.2281023588013742,None
2026-09-04 02:57:00+00:00,17.5,20.97,2638.31,0.0,20.05,False,0,False,0.2773572219182504,None
2026-09-04 02:58:00+00:00,8.57,10.92,2713.97,0.0,20.24,False,0,False,0.2427962790848538,None
2026-09-04 02:59:00+00:00,13.38,19.21,2589.4,0.0,20.11,False,0,False,0.2550620234358925,None
2026-09-04 03:00:00+00:00,21.24,26.6,2648.71,0.86,19.63,False,0,False,0.14477221893606407,None
2026-09-04 03:01:00+00:00,16.66,14.06,2447.2,0.0,20.73,False,0,False,0.18723384405176147,None
2026-09-04 03:02:00+00:00,17.96,20.75,2440.43,0.0,21.12,False,0,False,0.24437372018881243,None
2026-09-04 03:03:00+00:00,11.44,11.84,2573.63,0.0,20.18,False,0,False,0.241950601301943,None
2026-09-04 03:04:00+00:00,12.38,16.91,2775.58,0.41,19.63,False,0,False,0.23912107638643765,None
2026-09-04 03:05:00+00:00,16.37,17.76,2784.57,0.0,19.63,False,0,False,0.2855056971652731,None
2026-09-04 03:06:00+00:00,19.53,20.74,2724.16,0.72,19.63,False,0,False,0.2076737887380543,None
2026-09-04 03:07:00+00:00,9.83,15.36,2854.24,0.0,19.69,False,0,False,0.23815755322312987,None
2026-09-04 03:08:00+00:00,12.45,14.5,2787.09,0.0,20.18,False,0,False,0.28027197047287455,None
2026-09-04 03:09:00+00:00,15.67,14.14,2558.86,0.0,19.63,False,0,False,0.27666884582476814,None
2026-09-04 03:10:00+00:00,14.03,12.66,2448.03,0.0,19.63,False,0,False,0.2435593939848006,None
2026-09-04 03:11:00+00:00,9.07,8.3,2478.19,0.0,19.78,False,0,False,0.16844514170731378,None
2026-09-04 03:12:00+00:00,12.79,13.71,2457.45,0.0,20.74,False,0,False,0.18774208302163226,None
2026-09-04 03:13:00+00:00,13.47,19.31,2815.97,0.0,19.63,False,0,False,0.2681509545173993,None
2026-09-04 03:14:00+00:00,17.7,19.49,2652.88,0.0,20.49,False,0,False,0.2802260490035701,None
2026-09-04 03:15:00+00:00,16.27,21.36,2593.28,0.0,20.62,False,0,False,0.2730253136559967,None
2026-09-04 03:16:00+00:00,12.34,10.46,2734.48,0.0,20.14,False,0,False,0.25965656812271326,None
2026-09-04 03:17:00+00:00,16.06,20.3,2690.07,0.42,19.63,False,0,False,0.23488631535660243,None
2026-09-04 03:18:00+00:00,28.58,35.4,2454.63,0.0,20.18,True,2,False,0.10529085904214897,Z-Score
2026-09-04 03:19:00+00:00,14.35,12.91,2688.95,0.27,20.84,False,0,False,0.23417714461345968,None
2026-09-04 03:20:00+00:00,27.24,32.41,2552.14,0.0,20.97,False,0,False,0.12838224756600158,None
2026-09-04 03:21:00+00:00,19.66,28.06,2431.94,0.34,20.74,False,0,False,0.14877376759825134,None
2026-09-04 03:22:00+00:00,21.27,23.31,2581.02,0.0,21.05,False,0,False,0.24907834145751667,None
2026-09-04 03:23:00+00:00,12.79,9.83,2432.95,0.0,20.17,False,0,False,0.2112296414667938,None
2026-09-04 03:24:00+00:00,14.04,16.22,2746.71,0.0,19.63,False,0,False,0.2555555715787727,None
2026-09-04 03:25:00+00:00,15.36,18.45,2683.99,0.0,19.63,False,0,False,0.2624761461641052,None
2026-09-04 03:26:00+00:00,10.83,14.06,2730.37,1.2,20.14,True,1,False,0.18022941765889416,Z-Score
2026-09-04 03:27:00+00:00,13.72,15.27,2590.96,0.0,19.79,False,0,False,0.2699655917808984,None
2026-09-04 03:28:00+00:00,8.0,9.18,2582.01,0.0,20.83,False,0,False,0.20805705698313687,None
2026-09-04 03:29:00+00:00,13.97,12.96,2611.35,0.06,20.98,False,0,False,0.23704216345518048,None
2026-09-04 03:30:00+00:00,15.41,13.55,2671.76,0.0,19.63,False,0,False,0.2643321537575897,None
2026-09-04 03:31:00+00:00,22.67,21.57,2345.53,0.0,19.63,False,0,False,0.21891019721594956,None
2026-09-04 03:32:00+00:00,18.29,15.51,2453.83,0.0,19.63,False,0,False,0.25357723076625033,None
2026-09-04 03:33:00+00:00,13.69,15.92,2403.76,0.0,20.49,False,0,False,0.25758057260781114,None
2026-09-04 03:34:00+00:00,15.77,21.67,2518.84,0.0,20.48,False,0,False,0.2665065309813006,None
2026-09-04 03:35:00+00:00,11.18,16.54,2462.9,0.0,20.18,False,0,False,0.25726295151715,None
2026-09-04 03:36:00+00:00,14.66,21.56,2562.97,0.0,19.63,False,0,False,0.2730107066315899,None
2026-09-04 03:37:00+00:00,16.47,18.33,2537.41,0.23,19.63,False,0,False,0.23917813192375464,None
2026-09-04 03:38:00+00:00,14.27,23.64,2578.0,0.04,20.41,False,0,False,0.19033929596857463,None
2026-09-04 03:39:00+00:00,18.76,20.4,2736.95,0.0,19.67,False,0,False,0.27701169853205493,None
2026-09-04 03:40:00+00:00,13.57,11.93,2627.63,0.0,20.33,False,0,False,0.27042785364120736,None
2026-09-04 03:41:00+00:00,25.39,27.67,2417.01,0.0,19.63,False,0,False,0.17881057262288458,None
2026-09-04 03:42:00+00:00,13.99,15.68,2455.12,0.0,20.8,False,0,False,0.18688268997702023,None
2026-09-04 03:43:00+00:00,12.58,20.21,2803.53,0.0,19.8,False,0,False,0.27347986314194933,None
2026-09-04 03:44:00+00:00,13.93,15.9,2753.28,0.74,19.73,False,0,False,0.23000587876890122,None
2026-09-04 03:45:00+00:00,16.17,19.89,2543.11,0.0,20.62,False,0,False,0.2509984899142093,None
2026-09-04 03:46:00+00:00,14.06,18.86,2444.7,0.0,20.8,False,0,False,0.26052467761877407,None
2026-09-04 03:47:00+00:00,17.05,18.7,2569.71,0.0,20.21,False,0,False,0.273360822627021,None
2026-09-04 03:48:00+00:00,11.52,14.8,2573.07,0.0,19.63,False,0,False,0.2675188196446131,None
2026-09-04 03:49:00+00:00,9.52,11.63,2740.09,0.0,21.07,False,0,False,0.23833666515190594,None
2026-09-04 03:50:00+00:00,17.17,20.13,2417.99,0.0,20.51,False,0,False,0.24001786380988277,None
2026-09-04 03:51:00+00:00,16.29,14.2,2496.55,0.0,20.45,False,0,False,0.2272098828054514,None
2026-09-04 03:52:00+00:00,16.69,13.94,2551.71,0.0,20.99,False,0,False,0.2664041412180946,None
2026-09-04 03:53:00+00:00,17.93,18.3,2539.29,0.0,20.09,False,0,False,0.20753311227664317,None
2026-09-04 03:54:00+00:00,12.84,12.09,2737.96,0.0,19.63,False,0,False,0.26599959287027575,None
2026-09-04 03:55:00+00:00,11.22,15.16,2708.25,0.0,20.21,False,0,False,0.22028847682635994,None
2026-09-04 03:56:00+00:00,17.67,19.28,2591.91,0.0,21.13,False,0,False,0.205042848985323,None
2026-09-04 03:57:00+00:00,15.12,18.87,2688.0,0.0,19.63,False,0,False,0.2787272355860269,None
2026-09-04 03:58:00+00:00,10.94,11.5,2655.51,0.46,19.63,False,0,False,0.2112493543066324,None
2026-09-04 03:59:00+00:00,22.5,21.67,2467.25,0.0,20.37,False,0,False,0.23133408362933472,None
2026-09-04 04:00:00+00:00,14.64,22.38,2757.89,0.0,20.16,False,0,False,0.2512088934293143,None
2026-09-04 04:01:00+00:00,27.53,30.36,2556.79,0.0,19.63,False,0,False,0.1703365904971414,None
2026-09-04 04:02:00+00:00,15.56,20.91,2886.82,0.59,19.63,False,0,False,0.19419554181849474,None
2026-09-04 04:03:00+00:00,10.84,8.12,2809.73,0.0,19.63,False,0,False,0.22865527005079422,None
2026-09-04 04:04:00+00:00,17.33,18.19,2700.51,0.0,20.18,False,0,False,0.28180798528140494,None
2026-09-04 04:05:00+00:00,13.6,14.72,2652.28,0.0,20.65,False,0,False,0.27117406449294773,None
2026-09-04 04:06:00+00:00,17.01,20.67,2825.34,0.0,19.7,False,0,False,0.2612847061208046,None
2026-09-04 04:07:00+00:00,14.92,16.01,2735.05,0.0,20.0,False,0,False,0.28450097191218887,None
2026-09-04 04:08:00+00:00,23.25,28.63,3027.69,0.0,21.1,True,1,False,0.2069283641216491,Z-Score
2026-09-04 04:09:00+00:00,13.4,12.95,2680.56,0.0,21.12,False,0,False,0.2714154905320514,None
2026-09-04 04:10:00+00:00,17.5,19.97,2852.92,0.15,20.03,False,0,False,0.259584824553699,None
2026-09-04 04:11:00+00:00,13.01,11.93,2527.77,0.0,19.63,False,0,False,0.2540578927134966,None
2026-09-04 04:12:00+00:00,12.33,17.78,2488.46,0.98,20.4,True,1,False,0.19499331666254233,Z-Score
2026-09-04 04:13:00+00:00,18.18,19.57,2539.94,0.75,20.27,False,0,False,0.19635809920701386,None
2026-09-04 04:14:00+00:00,20.28,17.28,2566.39,0.66,20.72,False,0,False,0.1462937358389016,None
2026-09-04 04:15:00+00:00,18.97,18.35,2563.45,0.62,19.63,False,0,False,0.2211676597108435,None
2026-09-04 04:16:00+00:00,18.07,20.31,2704.87,0.14,19.63,False,0,False,0.25412140105944275,None
2026-09-04 04:17:00+00:00,12.41,19.6,2567.82,0.0,19.63,False,0,False,0.2744695859629318,None
2026-09-04 04:18:00+00:00,8.99,11.69,2719.53,0.01,19.63,False,0,False,0.1511371268019419,None
2026-09-04 04:19:00+00:00,23.13,27.96,2698.02,0.67,19.63,False,0,False,0.15255677395426642,None
2026-09-04 04:20:00+00:00,9.95,9.4,2626.99,0.0,19.63,False,0,False,0.22824427616184634,None
2026-09-04 04:21:00+00:00,20.72,24.62,2855.09,0.0,19.63,False,0,False,0.21753740185291703,None
2026-09-04 04:22:00+00:00,13.01,16.43,2544.48,0.0,19.63,False,0,False,0.27355055759383934,None
2026-09-04 04:23:00+00:00,17.44,19.54,2685.19,0.0,21.13,False,0,False,0.2758185277622909,None
2026-09-04 04:24:00+00:00,13.1,17.13,2518.07,0.28,19.63,False,0,False,0.25310785111051476,None
2026-09-04 04:25:00+00:00,11.91,16.16,2902.45,0.24,19.63,False,0,False,0.23167404308853978,None
2026-09-04 04:26:00+00:00,9.3,12.85,2535.85,0.06,19.63,False,0,False,0.23503899646668108,None
2026-09-04 04:27:00+00:00,14.7,17.5,2607.86,0.0,19.63,False,0,False,0.2521929940397754,None
2026-09-04 04:28:00+00:00,17.75,20.62,2887.5,0.0,19.63,False,0,False,0.2616639393171752,None
2026-09-04 04:29:00+00:00,10.2,13.8,2678.21,0.0,19.7,False,0,False,0.22396691460244644,None
2026-09-04 04:30:00+00:00,17.37,16.44,2686.75,0.1,19.63,False,0,False,0.2662973245552763,None
2026-09-04 04:31:00+00:00,12.85,12.76,2783.92,0.0,20.16,False,0,False,0.25450815789028264,None
2026-09-04 04:32:00+00:00,10.87,15.91,2637.26,0.0,19.63,False,0,False,0.25496636396219363,None
2026-09-04 04:33:00+00:00,17.08,18.71,2814.17,0.0,20.14,False,0,False,0.26589255589397387,None
2026-09-04 04:34:00+00:00,17.49,18.1,2724.14,0.0,19.63,False,0,False,0.26527585606057397,None
2026-09-04 04:35:00+00:00,12.04,17.5,2870.0,0.0,19.75,False,0,False,0.26996851688557366,None
2026-09-04 04:36:00+00:00,19.97,24.39,2735.71,0.0,19.67,False,0,False,0.2569400673876284,None
2026-09-04 04:37:00+00:00,19.17,22.64,2535.17,0.0,20.93,False,0,False,0.24980199189554125,None
2026-09-04 04:38:00+00:00,16.14,23.16,2443.17,0.0,19.82,False,0,False,0.21208367005636308,None
2026-09-04 04:39:00+00:00,14.96,12.37,2575.24,0.0,19.63,False,0,False,0.2659873298857259,None
2026-09-04 04:40:00+00:00,18.52,19.64,2565.42,0.0,19.63,False,0,False,0.26335801636810324,None
2026-09-04 04:41:00+00:00,12.06,14.58,2839.79,0.0,20.1,False,0,False,0.2785512205853453,None
2026-09-04 04:42:00+00:00,17.06,20.87,2643.13,0.0,19.63,False,0,False,0.2746862421136857,None
2026-09-04 04:43:00+00:00,9.39,10.84,2719.94,0.0,19.63,False,0,False,0.24498016681422002,None
2026-09-04 04:44:00+00:00,19.56,17.35,2815.6,0.0,19.63,False,0,False,0.2491786120686571,None
2026-09-04 04:45:00+00:00,16.49,18.06,2594.21,0.0,20.59,False,0,False,0.24244949197435195,None
2026-09-04 04:46:00+00:00,17.51,21.94,2744.37,0.0,20.3,False,0,False,0.2651290942031365,None
2026-09-04 04:47:00+00:00,12.69,19.31,2718.73,0.37,20.82,False,0,False,0.2432907845901105,None
2026-09-04 04:48:00+00:00,8.0,8.13,2548.4,0.41,19.63,False,0,False,0.13323842986698908,None
2026-09-04 04:49:00+00:00,14.5,16.83,2757.89,0.0,19.63,False,0,False,0.27634080261706384,None
2026-09-04 04:50:00+00:00,16.16,15.45,2652.54,0.53,19.63,False,0,False,0.23944637796025375,None
2026-09-04 04:51:00+00:00,15.58,16.64,2453.78,0.0,20.98,False,0,False,0.2543667005098135,None
2026-09-04 04:52:00+00:00,10.96,16.62,2643.78,0.0,20.71,False,0,False,0.27078640034171697,None
2026-09-04 04:53:00+00:00,18.02,19.1,2650.2,0.0,21.05,False,0,False,0.2639062122575925,None
2026-09-04 04:54:00+00:00,12.03,15.57,2857.79,0.0,20.52,False,0,False,0.277997385929801,None
2026-09-04 04:55:00+00:00,19.13,20.47,2421.46,0.0,19.63,False,0,False,0.19414853013825067,None
2026-09-04 04:56:00+00:00,13.89,15.74,2672.19,0.32,20.72,False,0,False,0.22776984629043567,None
2026-09-04 04:57:00+00:00,19.88,21.03,2648.15,0.53,20.84,False,0,False,0.22598817851910358,None
2026-09-04 04:58:00+00:00,15.19,16.42,2763.48,0.15,19.63,False,0,False,0.2376869591956529,None
2026-09-04 04:59:00+00:00,13.35,11.19,2495.19,0.0,19.63,False,0,False,0.25061848992366265,None
2026-09-04 05:00:00+00:00,10.75,8.29,2912.42,0.17,19.63,False,0,False,0.20886165028684273,None
2026-09-04 05:01:00+00:00,17.35,17.29,2562.36,0.86,19.63,True,1,False,0.18398920843590716,Z-Score
2026-09-04 05:02:00+00:00,17.92,22.64,2572.19,0.0,19.63,False,0,False,0.27047237857214323,None
2026-09-04 05:03:00+00:00,14.28,15.05,2652.35,0.94,20.83,True,1,False,0.20606843280856002,Z-Score
2026-09-04 05:04:00+00:00,17.87,19.05,2538.0,0.0,19.63,False,0,False,0.24634448516284546,None
2026-09-04 05:05:00+00:00,20.62,22.84,2841.82,0.0,21.07,False,0,False,0.2584751118347561,None
2026-09-04 05:06:00+00:00,16.56,15.16,2876.06,0.0,19.63,False,0,False,0.23968678161053913,None
2026-09-04 05:07:00+00:00,16.27,19.09,2711.45,0.0,19.63,False,0,False,0.27004104065178985,None
2026-09-04 05:08:00+00:00,18.24,23.12,2525.6,0.0,20.31,False,0,False,0.25644772857372194,None
2026-09-04 05:09:00+00:00,13.83,15.19,2691.67,0.0,19.9,False,0,False,0.25751343785134057,None
2026-09-04 05:10:00+00:00,22.0,25.62,2525.41,0.0,20.4,False,0,False,0.2323046323456165,None
2026-09-04 05:11:00+00:00,15.95,17.8,2472.23,0.0,20.45,False,0,False,0.2668831332405543,None
2026-09-04 05:12:00+00:00,14.48,18.97,2763.96,0.0,20.31,False,0,False,0.2716659150582268,None
2026-09-04 05:13:00+00:00,12.36,14.72,2815.21,0.45,20.9,False,0,False,0.20603168568813912,None
2026-09-04 05:14:00+00:00,16.87,22.14,2602.71,0.19,19.63,False,0,False,0.1775688642691166,None
2026-09-04 05:15:00+00:00,19.78,25.37,2624.09,0.0,20.38,False,0,False,0.24803330881345736,None
2026-09-04 05:16:00+00:00,18.15,21.26,2645.07,0.0,20.52,False,0,False,0.2754304530095911,None
2026-09-04 05:17:00+00:00,16.96,19.72,2596.56,0.29,20.29,False,0,False,0.24817109591218406,None
2026-09-04 05:18:00+00:00,13.0,16.11,2841.35,0.0,19.63,False,0,False,0.23776030038081353,None
2026-09-04 05:19:00+00:00,14.65,19.79,2875.36,0.0,21.08,False,0,False,0.28689970799675557,None
2026-09-04 05:20:00+00:00,20.24,25.26,2692.65,0.0,20.79,False,0,False,0.22590550773855678,None
2026-09-04 05:21:00+00:00,14.33,17.45,2553.91,0.68,19.63,False,0,False,0.17893966159134572,None
2026-09-04 05:22:00+00:00,17.77,18.2,2604.0,0.0,19.63,False,0,False,0.2774605231506434,None
2026-09-04 05:23:00+00:00,17.02,18.87,2435.72,0.0,20.62,False,0,False,0.2580836901621195,None
2026-09-04 05:24:00+00:00,14.49,13.2,2691.34,0.0,19.63,False,0,False,0.2750478586098341,None
2026-09-04 05:25:00+00:00,11.86,15.79,2665.12,0.0,20.87,False,0,False,0.20673080645491604,None
2026-09-04 05:26:00+00:00,13.8,16.04,2737.19,0.0,19.97,False,0,False,0.285453276985592,None
2026-09-04 05:27:00+00:00,16.54,16.18,2519.07,0.33,19.73,False,0,False,0.23938561322647994,None
2026-09-04 05:28:00+00:00,17.43,21.36,2735.18,0.0,21.07,False,0,False,0.27490834280908816,None
2026-09-04 05:29:00+00:00,12.93,15.97,2556.29,0.0,19.63,False,0,False,0.26031750176261936,None
2026-09-04 05:30:00+00:00,15.6,18.59,2584.27,0.0,19.63,False,0,False,0.27396944103065013,None
2026-09-04 05:31:00+00:00,18.08,19.87,2636.42,0.0,19.63,False,0,False,0.2790535551186111,None
2026-09-04 05:32:00+00:00,9.42,13.28,2665.24,0.0,19.63,False,0,False,0.2542485504324588,None
2026-09-04 05:33:00+00:00,18.32,19.94,2726.03,0.55,20.48,False,0,False,0.23907255518459625,None
2026-09-04 05:34:00+00:00,14.01,21.37,2503.16,0.0,19.78,False,0,False,0.2516916903339876,None
2026-09-04 05:35:00+00:00,14.86,12.99,2455.21,0.02,20.91,False,0,False,0.22823196529356593,None
2026-09-04 05:36:00+00:00,13.99,17.63,2517.1,0.76,20.38,False,0,False,0.21821743663620852,None
2026-09-04 05:37:00+00:00,9.54,11.25,2833.04,0.24,19.84,False,0,False,0.21558109570455236,None
2026-09-04 05:38:00+00:00,11.35,13.74,2246.66,0.0,20.16,True,1,False,0.2335840788259173,Z-Score
2026-09-04 05:39:00+00:00,16.23,16.24,2507.07,0.0,20.33,False,0,False,0.2647673647751761,None
2026-09-04 05:40:00+00:00,15.45,21.31,2514.8,0.09,20.74,False,0,False,0.25570072560889917,None
2026-09-04 05:41:00+00:00,10.74,14.5,2728.05,0.22,20.53,False,0,False,0.24759050874840777,None
2026-09-04 05:42:00+00:00,11.7,14.71,2531.23,0.0,19.63,False,0,False,0.25570166035128766,None
2026-09-04 05:43:00+00:00,12.01,9.75,2710.67,0.0,19.92,False,0,False,0.24633346699332204,None
2026-09-04 05:44:00+00:00,10.74,12.8,2790.88,0.38,19.63,False,0,False,0.23674475606590734,None
2026-09-04 05:45:00+00:00,13.94,17.93,2688.93,0.0,20.2,False,0,False,0.27397291157958736,None
2026-09-04 05:46:00+00:00,15.52,15.11,2677.93,0.07,20.63,False,0,False,0.24697670840079972,None
2026-09-04 05:47:00+00:00,12.15,14.14,2603.02,0.0,19.63,False,0,False,0.26858586862255,None
2026-09-04 05:48:00+00:00,18.28,18.02,2737.31,0.0,20.77,False,0,False,0.2503137289641809,None
2026-09-04 05:49:00+00:00,16.71,18.86,2533.24,0.0,20.77,False,0,False,0.2791132620280163,None
2026-09-04 05:50:00+00:00,11.82,13.42,2658.16,0.0,19.63,False,0,False,0.26338387693947385,None
2026-09-04 05:51:00+00:00,16.59,19.4,2601.35,0.0,21.07,False,0,False,0.19596264705154187,None
2026-09-04 05:52:00+00:00,14.08,12.14,2703.33,0.44,19.63,False,0,False,0.2405841469227386,None
2026-09-04 05:53:00+00:00,14.61,17.85,2608.67,0.0,19.63,False,0,False,0.2797791327352962,None
2026-09-04 05:54:00+00:00,13.2,14.18,2733.43,0.91,19.68,True,1,False,0.18722363714619444,Z-Score
2026-09-04 05:55:00+00:00,17.8,20.65,2597.51,0.0,19.63,False,0,False,0.27620300537952797,None
2026-09-04 05:56:00+00:00,18.76,20.69,2453.04,0.0,20.49,False,0,False,0.22437052679617991,None
2026-09-04 05:57:00+00:00,15.39,18.96,2601.73,0.0,20.67,False,0,False,0.27625241678686796,None
2026-09-04 05:58:00+00:00,20.66,19.66,2759.46,0.0,19.63,False,0,False,0.25254508870011755,None
2026-09-04 05:59:00+00:00,14.11,15.09,2564.94,0.0,19.63,False,0,False,0.2658196911557959,None
2026-09-04 06:00:00+00:00,13.41,14.9,2771.64,0.0,20.91,False,0,False,0.26428147987282263,None
2026-09-04 06:01:00+00:00,11.09,14.32,2545.95,0.0,19.63,False,0,False,0.2668898762817913,None
2026-09-04 06:02:00+00:00,13.33,18.57,2803.43,0.0,20.29,False,0,False,0.284383935908507,None
2026-09-04 06:03:00+00:00,18.62,19.21,2715.81,0.66,21.11,False,0,False,0.23689383999231323,None
2026-09-04 06:04:00+00:00,16.51,20.17,2614.02,0.45,20.08,False,0,False,0.24439785770025402,None
2026-09-04 06:05:00+00:00,20.17,23.79,2748.2,0.53,20.25,False,0,False,0.22359452474156155,None
2026-09-04 06:06:00+00:00,21.0,24.56,2602.04,0.23,19.63,False,0,False,0.20741091128571865,None
2026-09-04 06:07:00+00:00,18.59,22.43,2736.46,0.0,19.92,False,0,False,0.2731723020697145,None
2026-09-04 06:08:00+00:00,20.45,23.48,2811.48,0.0,20.63,False,0,False,0.2589600494960644,None
2026-09-04 06:09:00+00:00,8.02,7.5,2523.65,0.0,19.63,False,0,False,0.20313822924120034,None
2026-09-04 06:10:00+00:00,10.84,20.66,2766.47,0.0,19.63,False,0,False,0.270014108460017,None
2026-09-04 06:11:00+00:00,14.98,20.35,2778.26,0.0,19.63,False,0,False,0.2488556703658586,None
2026-09-04 06:12:00+00:00,16.64,21.12,2652.92,0.0,20.58,False,0,False,0.2727390716265534,None
2026-09-04 06:13:00+00:00,14.68,14.65,2818.2,1.25,20.62,True,1,False,0.19952754100721032,Z-Score
2026-09-04 06:14:00+00:00,16.97,20.69,2895.53,0.0,20.41,False,0,False,0.27448534728357266,None
2026-09-04 06:15:00+00:00,15.08,15.99,2680.45,0.0,19.87,False,0,False,0.2526383086205857,None
2026-09-04 06:16:00+00:00,10.71,11.1,2728.28,0.58,20.28,False,0,False,0.211294041642411,None
2026-09-04 06:17:00+00:00,18.16,25.08,2772.89,0.54,19.63,False,0,False,0.2217969132402769,None
2026-09-04 06:18:00+00:00,13.6,18.65,2827.66,0.34,20.95,False,0,False,0.2532904922696883,None
2026-09-04 06:19:00+00:00,15.31,18.34,2954.71,0.0,19.63,False,0,False,0.28749422689107207,None
2026-09-04 06:20:00+00:00,14.17,24.28,2615.45,0.2,19.63,False,0,False,0.23746355941880398,None
2026-09-04 06:21:00+00:00,16.11,17.98,2278.38,0.0,19.63,False,0,False,0.2469578198424497,None
2026-09-04 06:22:00+00:00,16.9,19.84,2709.55,0.0,19.63,False,0,False,0.2794817413476124,None
2026-09-04 06:23:00+00:00,18.78,24.53,2919.44,0.23,19.63,False,0,False,0.22819274911532617,None
2026-09-04 06:24:00+00:00,16.51,18.74,2763.63,0.0,20.44,False,0,False,0.28226120687686995,None
2026-09-04 06:25:00+00:00,12.76,14.25,2570.84,0.0,20.94,False,0,False,0.27225403694798456,None
2026-09-04 06:26:00+00:00,21.17,26.31,2593.86,0.25,20.97,False,0,False,0.18322261767996334,None
2026-09-04 06:27:00+00:00,16.64,20.49,2531.25,0.0,19.63,False,0,False,0.27654235505849545,None
2026-09-04 06:28:00+00:00,16.23,20.87,2518.72,1.19,21.04,True,1,False,0.18313698917918786,Z-Score
2026-09-04 06:29:00+00:00,17.21,17.82,2861.3,0.0,20.76,False,0,False,0.27661357965182787,None
2026-09-04 06:30:00+00:00,16.51,21.85,2618.76,0.0,20.34,False,0,False,0.2709952506898066,None
2026-09-04 06:31:00+00:00,12.95,16.29,2754.54,1.3,20.7,True,1,False,0.16775443468025936,Z-Score
2026-09-04 06:32:00+00:00,22.08,19.38,2895.0,0.59,19.79,False,0,False,0.21194042120328432,None
2026-09-04 06:33:00+00:00,16.54,17.19,2907.82,0.0,20.76,False,0,False,0.2597232328116693,None
2026-09-04 06:34:00+00:00,14.14,22.55,2639.25,0.0,20.77,False,0,False,0.27065488717284814,None
2026-09-04 06:35:00+00:00,17.42,20.06,2556.45,0.0,20.57,False,0,False,0.2567894193931842,None
2026-09-04 06:36:00+00:00,18.3,19.14,2741.95,0.22,19.63,False,0,False,0.22646081277928437,None
2026-09-04 06:37:00+00:00,13.0,16.76,2773.01,0.0,20.57,False,0,False,0.2728556672009584,None
2026-09-04 06:38:00+00:00,11.69,14.87,2851.4,0.0,20.31,False,0,False,0.27550018174050384,None
2026-09-04 06:39:00+00:00,19.65,20.66,2854.74,0.0,21.0,False,0,False,0.274444343163074,None
2026-09-04 06:40:00+00:00,19.29,21.95,2621.09,0.0,19.63,False,0,False,0.2706396533116521,None
2026-09-04 06:41:00+00:00,9.66,12.66,2792.73,0.0,19.63,False,0,False,0.24944170094016183,None
2026-09-04 06:42:00+00:00,17.2,19.51,2556.2,0.0,19.63,False,0,False,0.27423432334083353,None
2026-09-04 06:43:00+00:00,8.0,9.63,2570.18,0.0,20.62,False,0,False,0.2201774942772296,None
2026-09-04 06:44:00+00:00,10.8,13.35,2607.04,0.0,20.64,False,0,False,0.25373755728538183,None
2026-09-04 06:45:00+00:00,14.78,16.38,2834.4,0.3,20.93,False,0,False,0.24975181196282648,None
2026-09-04 06:46:00+00:00,14.38,14.47,2873.58,0.0,19.63,False,0,False,0.26582629603515107,None
2026-09-04 06:47:00+00:00,13.52,18.53,2758.66,0.0,19.63,False,0,False,0.28131128565986513,None
2026-09-04 06:48:00+00:00,15.04,15.56,2797.06,0.0,20.38,False,0,False,0.27574143565707704,None
2026-09-04 06:49:00+00:00,18.27,20.8,2490.5,0.0,20.74,False,0,False,0.2644056348984605,None
2026-09-04 06:50:00+00:00,8.92,9.49,2783.08,0.99,19.69,False,0,False,0.14237181081749783,None
2026-09-04 06:51:00+00:00,21.41,25.45,2838.02,0.0,19.74,False,0,False,0.237136532084329,None
2026-09-04 06:52:00+00:00,15.1,14.85,3032.58,0.41,20.69,False,0,False,0.25552463595853064,None
2026-09-04 06:53:00+00:00,13.52,14.6,2628.96,0.26,19.85,False,0,False,0.25548450099225556,None
2026-09-04 06:54:00+00:00,15.19,17.55,2859.48,0.0,19.63,False,0,False,0.28304641418579496,None
2026-09-04 06:55:00+00:00,12.47,12.7,2560.85,0.0,20.25,False,0,False,0.2709014600579099,None
2026-09-04 06:56:00+00:00,15.08,20.48,2882.09,0.0,19.82,False,0,False,0.28562458270748925,None
2026-09-04 06:57:00+00:00,15.45,16.72,2915.39,0.0,20.39,False,0,False,0.28548576055487807,None
2026-09-04 06:58:00+00:00,12.83,13.1,2880.76,0.69,19.63,False,0,False,0.2260909739745492,None
2026-09-04 06:59:00+00:00,12.08,17.96,2499.83,0.0,21.03,False,0,False,0.26441444703231315,None
2026-09-04 07:00:00+00:00,11.76,9.64,2799.76,0.0,20.95,False,0,False,0.2470397327524464,None
2026-09-04 07:01:00+00:00,12.77,12.52,3134.34,1.16,19.96,False,0,False,0.17770453042352663,None
2026-09-04 07:02:00+00:00,10.38,10.31,2934.17,0.11,19.63,False,0,False,0.2237114056877884,None
2026-09-04 07:03:00+00:00,17.74,22.1,2843.3,0.0,21.06,False,0,False,0.27386001911512137,None
2026-09-04 07:04:00+00:00,15.91,16.37,2566.59,0.0,20.02,False,0,False,0.28276935286830407,None
2026-09-04 07:05:00+00:00,14.8,17.61,2527.68,0.0,20.87,False,0,False,0.27377031708615834,None
2026-09-04 07:06:00+00:00,14.59,17.52,2749.25,0.0,19.63,False,0,False,0.2862207530191425,None
2026-09-04 07:07:00+00:00,19.07,20.3,2956.41,0.0,19.63,False,0,False,0.2806658772559349,None
2026-09-04 07:08:00+00:00,10.71,13.79,2943.33,0.0,19.63,False,0,False,0.2627930479337405,None
2026-09-04 07:09:00+00:00,13.22,11.32,2640.19,0.0,19.63,False,0,False,0.26113395137686246,None
2026-09-04 07:10:00+00:00,16.49,22.78,3002.49,0.18,19.9,False,0,False,0.256534025041459,None
2026-09-04 07:11:00+00:00,17.68,18.47,2853.82,1.0,19.63,False,0,False,0.20016680551150662,None
2026-09-04 07:12:00+00:00,17.18,20.56,2847.1,0.0,19.63,False,0,False,0.27650496624692017,None
2026-09-04 07:13:00+00:00,16.87,20.25,2720.75,0.0,19.63,False,0,False,0.2665174825784449,None
2026-09-04 07:14:00+00:00,16.42,18.27,2817.52,0.0,19.63,False,0,False,0.2856803307378217,None
2026-09-04 07:15:00+00:00,15.94,15.64,2699.72,0.0,19.63,False,0,False,0.28043058745186017,None
2026-09-04 07:16:00+00:00,13.38,13.67,3007.95,0.0,19.63,False,0,False,0.2820535708200471,None
2026-09-04 07:17:00+00:00,10.78,13.63,2834.11,0.0,21.04,False,0,False,0.26700138719629474,None
2026-09-04 07:18:00+00:00,17.57,25.76,2736.36,0.0,19.63,False,0,False,0.24739947614968838,None
2026-09-04 07:19:00+00:00,20.26,23.32,2864.42,0.0,19.63,False,0,False,0.26107300287452934,None
2026-09-04 07:20:00+00:00,15.92,14.79,3024.68,0.0,19.63,False,0,False,0.2845877126685847,None
2026-09-04 07:21:00+00:00,10.6,15.78,3137.71,1.26,19.72,True,1,False,0.16978409129840155,Z-Score
2026-09-04 07:22:00+00:00,13.71,11.68,2821.56,0.0,19.63,False,0,False,0.24887297993635632,None
2026-09-04 07:23:00+00:00,17.18,15.94,3043.24,0.0,19.63,False,0,False,0.2682761906814677,None
2026-09-04 07:24:00+00:00,11.84,13.61,2755.02,0.0,19.63,False,0,False,0.2761894699039253,None
2026-09-04 07:25:00+00:00,11.4,8.34,2928.73,0.11,20.86,False,0,False,0.21754016584053365,None
2026-09-04 07:26:00+00:00,18.76,17.69,2623.31,0.54,20.79,False,0,False,0.23768329381036724,None
2026-09-04 07:27:00+00:00,20.53,25.6,3080.36,0.07,19.63,False,0,False,0.23263046016446587,None
2026-09-04 07:28:00+00:00,13.39,15.59,2899.93,0.0,20.23,False,0,False,0.2832693227913162,None
2026-09-04 07:29:00+00:00,11.27,11.45,3002.93,0.0,20.72,False,0,False,0.25068875213417613,None
2026-09-04 07:30:00+00:00,16.92,18.64,2746.11,0.0,19.63,False,0,False,0.2742223345269726,None
2026-09-04 07:31:00+00:00,15.63,16.75,2957.36,0.0,19.63,False,0,False,0.26987080349204456,None
2026-09-04 07:32:00+00:00,16.29,16.91,2741.96,0.0,20.78,False,0,False,0.272117850302884,None
2026-09-04 07:33:00+00:00,17.2,17.95,2977.2,0.16,19.95,False,0,False,0.2581012491362729,None
2026-09-04 07:34:00+00:00,18.38,25.82,2852.66,0.0,20.05,False,0,False,0.25562415085962975,None
2026-09-04 07:35:00+00:00,13.71,15.23,3076.14,0.0,20.96,False,0,False,0.2810646901093107,None
2026-09-04 07:36:00+00:00,14.73,17.02,2965.81,0.0,19.63,False,0,False,0.2820493244660326,None
2026-09-04 07:37:00+00:00,17.06,16.09,3306.15,0.48,20.37,False,0,False,0.2341358317839779,None
2026-09-04 07:38:00+00:00,16.9,23.44,3023.91,0.0,19.63,False,0,False,0.26550988815103527,None
2026-09-04 07:39:00+00:00,24.64,28.21,2876.5,0.0,19.63,True,1,False,0.1709779179345658,Z-Score
2026-09-04 07:40:00+00:00,14.34,16.97,2745.08,0.0,19.63,False,0,False,0.28695361365280375,None
2026-09-04 07:41:00+00:00,13.66,15.94,2974.4,0.0,20.37,False,0,False,0.2806734564842854,None
2026-09-04 07:42:00+00:00,12.49,12.39,2917.06,0.0,19.63,False,0,False,0.27386346671692435,None
2026-09-04 07:43:00+00:00,14.17,13.97,2869.95,0.0,20.4,False,0,False,0.28446234465033504,None
2026-09-04 07:44:00+00:00,13.85,15.71,3088.05,0.0,19.95,False,0,False,0.2589322278854654,None
2026-09-04 07:45:00+00:00,17.23,17.9,2917.94,0.0,20.33,False,0,False,0.25800683871994323,None
2026-09-04 07:46:00+00:00,9.2,13.57,2976.01,0.0,19.69,False,0,False,0.256479992040062,None
2026-09-04 07:47:00+00:00,16.52,16.96,2762.3,0.0,19.73,False,0,False,0.28610835313616517,None
2026-09-04 07:48:00+00:00,16.53,14.96,2783.75,0.0,20.09,False,0,False,0.26409135930154914,None
2026-09-04 07:49:00+00:00,18.66,21.26,3037.34,0.2,20.79,False,0,False,0.25098481429888114,None
2026-09-04 07:50:00+00:00,14.93,17.6,2974.5,0.61,20.03,False,0,False,0.24875545347011263,None
2026-09-04 07:51:00+00:00,13.15,17.9,3061.95,0.29,19.7,False,0,False,0.2557049005503138,None
2026-09-04 07:52:00+00:00,19.45,26.41,3117.61,0.0,20.56,False,0,False,0.24110596052460137,None
2026-09-04 07:53:00+00:00,15.94,21.68,3003.81,0.0,20.65,False,0,False,0.26933205129680104,None
2026-09-04 07:54:00+00:00,14.74,14.98,2668.12,0.0,20.47,False,0,False,0.27652563901380145,None
2026-09-04 07:55:00+00:00,12.99,16.98,3169.2,0.28,20.85,False,0,False,0.24888218460619432,None
2026-09-04 07:56:00+00:00,16.14,15.98,2909.33,0.0,19.91,False,0,False,0.2845301425469871,None
2026-09-04 07:57:00+00:00,17.37,23.13,3151.09,1.91,20.05,True,1,False,0.1641162297904472,Z-Score
2026-09-04 07:58:00+00:00,15.29,13.93,2944.05,0.0,20.42,False,0,False,0.27299485268744467,None
2026-09-04 07:59:00+00:00,12.35,14.6,3194.81,0.63,21.61,True,1,False,0.23040529971315965,Z-Score
2026-09-04 08:00:00+00:00,18.47,19.53,3136.37,0.0,19.8,False,0,False,0.2790172001574811,None
2026-09-04 08:01:00+00:00,10.37,15.87,3084.43,0.0,20.95,False,0,False,0.25543284063414295,None
2026-09-04 08:02:00+00:00,20.71,23.6,3463.7,0.0,21.02,True,1,False,0.21790862360287383,Z-Score
2026-09-04 08:03:00+00:00,15.65,13.43,2912.15,0.0,21.41,False,0,False,0.27499472113818385,None
2026-09-04 08:04:00+00:00,15.11,25.07,2967.61,0.0,21.17,False,0,False,0.26341346098325896,None
2026-09-04 08:05:00+00:00,14.67,20.5,3039.85,0.0,21.76,False,0,False,0.2703803404226763,None
2026-09-04 08:06:00+00:00,16.75,17.99,3036.55,0.0,20.63,False,0,False,0.2860260389575241,None
2026-09-04 08:07:00+00:00,15.18,17.51,3091.37,0.62,21.79,False,0,False,0.22987565086005474,None
2026-09-04 08:08:00+00:00,15.59,16.68,3196.94,0.92,20.29,False,0,False,0.21784039397872124,None
2026-09-04 08:09:00+00:00,14.63,14.25,3198.16,0.0,22.1,True,1,False,0.27053128050159964,Z-Score
2026-09-04 08:10:00+00:00,15.58,14.66,3058.26,0.0,20.35,False,0,False,0.2729842324456764,None
2026-09-04 08:11:00+00:00,14.5,15.33,3053.14,0.0,20.29,False,0,False,0.28476866772145587,None
2026-09-04 08:12:00+00:00,15.02,16.9,3160.8,0.36,20.37,False,0,False,0.2522892384295197,None
2026-09-04 08:13:00+00:00,16.37,13.47,3026.54,1.03,19.86,False,0,False,0.20653313824919994,None
2026-09-04 08:14:00+00:00,15.16,15.59,3211.29,1.12,19.73,False,0,False,0.20697112029222348,None
2026-09-04 08:15:00+00:00,22.23,20.03,3097.81,0.0,20.69,False,0,False,0.2514218666240621,None
2026-09-04 08:16:00+00:00,11.78,14.4,3123.52,0.0,22.78,True,1,False,0.26130680111748616,Z-Score
2026-09-04 08:17:00+00:00,12.36,12.96,3129.1,0.0,20.82,False,0,False,0.2720830161601459,None
2026-09-04 08:18:00+00:00,14.85,23.02,3042.26,0.0,20.9,False,0,False,0.2606832439068258,None
2026-09-04 08:19:00+00:00,13.77,16.1,3214.85,0.0,23.04,True,1,False,0.2583553840696058,Z-Score
2026-09-04 08:20:00+00:00,13.5,18.36,3064.19,0.0,24.46,True,1,False,0.26328509744606304,Z-Score
2026-09-04 08:21:00+00:00,12.93,13.82,3161.55,0.25,19.94,False,0,False,0.24220026615902185,None
2026-09-04 08:22:00+00:00,16.67,15.72,3392.17,0.0,20.38,False,0,False,0.26594474663467377,None
2026-09-04 08:23:00+00:00,13.18,14.21,3183.8,0.26,20.27,False,0,False,0.24981334853465137,None
2026-09-04 08:24:00+00:00,16.12,11.45,3437.72,0.02,19.78,False,0,False,0.2193606961321844,None
2026-09-04 08:25:00+00:00,15.97,19.61,3257.27,0.0,24.54,True,1,False,0.24579373148051176,Z-Score
2026-09-04 08:26:00+00:00,14.22,14.93,2872.25,0.0,20.22,False,0,False,0.2836107667764216,None
2026-09-04 08:27:00+00:00,15.27,17.07,3334.55,0.68,19.78,False,0,False,0.22273631476679673,None
2026-09-04 08:28:00+00:00,15.97,14.81,3396.35,0.0,20.14,False,0,False,0.26765278268928844,None
2026-09-04 08:29:00+00:00,18.35,22.8,3207.98,1.0,24.61,True,1,False,0.17640992893132995,Z-Score
2026-09-04 08:30:00+00:00,13.77,15.73,3189.49,0.0,19.66,False,0,False,0.27728056744974044,None
2026-09-04 08:31:00+00:00,19.91,21.6,3014.15,0.0,20.56,False,0,False,0.26953130648910467,None
2026-09-04 08:32:00+00:00,14.54,15.53,2883.8,1.12,20.28,False,0,False,0.20932670165761036,None
2026-09-04 08:33:00+00:00,13.1,21.6,3179.91,0.21,20.36,False,0,False,0.2360802619213389,None
2026-09-04 08:34:00+00:00,15.33,21.54,3385.89,0.0,26.85,True,1,False,0.2339024142203433,Z-Score
2026-09-04 08:35:00+00:00,9.63,8.54,3300.83,0.99,20.57,False,0,False,0.11970758421028449,None
2026-09-04 08:36:00+00:00,15.84,18.92,3020.32,0.0,27.18,True,1,False,0.26419161924813217,Z-Score
2026-09-04 08:37:00+00:00,16.0,21.5,2983.63,0.0,20.17,False,0,False,0.2709976777976861,None
2026-09-04 08:38:00+00:00,15.92,15.23,2937.74,0.0,20.54,False,0,False,0.25617516684384556,None
2026-09-04 08:39:00+00:00,18.37,20.88,3390.25,0.0,20.75,False,0,False,0.2579195159271753,None
2026-09-04 08:40:00+00:00,15.32,21.94,2935.97,0.39,28.35,True,1,False,0.21371276302095477,Z-Score
2026-09-04 08:41:00+00:00,8.52,7.5,3148.85,0.38,21.02,False,0,False,0.1619893592309728,None
2026-09-04 08:42:00+00:00,20.71,24.41,3257.64,0.0,21.05,False,0,False,0.2360938525226317,None
2026-09-04 08:43:00+00:00,8.3,9.52,3124.72,0.0,20.92,False,0,False,0.20275235837765498,None
2026-09-04 08:44:00+00:00,10.46,10.85,3384.58,0.66,25.49,False,0,False,0.17179239071979385,None
2026-09-04 08:45:00+00:00,12.36,11.31,3313.94,1.18,20.05,False,0,False,0.17656849857360463,None
2026-09-04 08:46:00+00:00,13.35,15.08,3056.66,0.29,20.82,False,0,False,0.2543851675851631,None
2026-09-04 08:47:00+00:00,15.27,20.47,3202.22,0.0,20.16,False,0,False,0.2762661701420438,None
2026-09-04 08:48:00+00:00,19.42,20.96,3276.65,0.0,20.04,False,0,False,0.24272104021201518,None
2026-09-04 08:49:00+00:00,16.81,19.35,3385.27,0.0,29.06,True,1,False,0.23867192975959756,Z-Score
2026-09-04 08:50:00+00:00,9.22,14.13,3413.52,0.14,27.71,False,0,False,0.1806330325210354,None
2026-09-04 08:51:00+00:00,10.59,11.1,3212.62,0.0,21.12,False,0,False,0.2443516389640057,None
2026-09-04 08:52:00+00:00,14.48,14.64,3488.67,0.03,21.12,False,0,False,0.23458004003092575,None
2026-09-04 08:53:00+00:00,13.77,17.25,3284.13,0.0,19.74,False,0,False,0.2508385167730791,None
2026-09-04 08:54:00+00:00,16.42,23.83,3260.88,0.0,20.95,False,0,False,0.2555340193196985,None
2026-09-04 08:55:00+00:00,15.33,12.59,3406.78,1.4,19.76,False,0,False,0.1567110701222652,None
2026-09-04 08:56:00+00:00,20.11,20.87,3449.07,0.0,28.36,False,0,False,0.2111665364081199,None
2026-09-04 08:57:00+00:00,16.44,12.26,3677.0,0.26,20.29,True,1,False,0.20140611840865347,Z-Score
2026-09-04 08:58:00+00:00,15.92,16.59,3257.11,0.0,19.8,False,0,False,0.26360847136042864,None
2026-09-04 08:59:00+00:00,17.4,22.44,3283.85,0.0,32.69,True,1,False,0.22960916228761535,Z-Score
2026-09-04 09:00:00+00:00,14.98,18.17,3131.72,0.0,20.13,False,0,False,0.2775975734386906,None
2026-09-04 09:01:00+00:00,15.36,15.03,3438.53,0.0,33.16,True,1,False,0.2048215214117649,Z-Score
2026-09-04 09:02:00+00:00,17.35,18.26,3304.46,0.62,28.86,False,0,False,0.2054393139870725,None
2026-09-04 09:03:00+00:00,14.11,14.4,3191.15,0.0,20.99,False,0,False,0.21723158719971697,None
2026-09-04 09:04:00+00:00,12.85,12.17,3493.1,0.41,33.98,True,1,False,0.15064054146890593,Z-Score
2026-09-04 09:05:00+00:00,14.26,18.59,3586.37,0.0,33.05,False,0,False,0.2004050407437623,None
2026-09-04 09:06:00+00:00,16.93,19.45,3297.36,0.0,20.86,False,0,False,0.25760902561834065,None
2026-09-04 09:07:00+00:00,9.29,12.82,3553.08,0.0,31.42,False,0,False,0.16582890075292256,None
2026-09-04 09:08:00+00:00,14.26,20.99,3532.25,0.0,20.69,False,0,False,0.2538574018726109,None
2026-09-04 09:09:00+00:00,16.19,20.04,3370.3,0.56,28.7,False,0,False,0.2055880055740239,None
2026-09-04 09:10:00+00:00,15.1,13.59,3348.13,0.0,33.05,False,0,False,0.23001360682289684,None
2026-09-04 09:11:00+00:00,15.53,19.69,3294.05,0.0,29.1,False,0,False,0.23301916455097182,None
2026-09-04 09:12:00+00:00,16.14,22.87,3351.51,0.34,20.58,False,0,False,0.22772947871883276,None
2026-09-04 09:13:00+00:00,17.4,22.79,3683.29,0.0,20.58,False,0,False,0.21308045753050286,None
2026-09-04 09:14:00+00:00,13.87,12.36,3355.7,0.0,30.38,False,0,False,0.22624728525756416,None
2026-09-04 09:15:00+00:00,16.08,20.15,3783.11,0.0,33.09,False,0,False,0.15905003562829095,None
2026-09-04 09:16:00+00:00,17.0,18.92,3404.5,0.0,35.94,False,0,False,0.22037286117747856,None
2026-09-04 09:17:00+00:00,14.84,18.13,3443.53,0.0,20.02,False,0,False,0.2556685772291833,None
2026-09-04 09:18:00+00:00,14.54,15.68,3390.1,0.0,20.93,False,0,False,0.26276434798889564,None
2026-09-04 09:19:00+00:00,15.96,20.85,3671.75,0.0,20.42,False,0,False,0.16463602876996847,None
2026-09-04 09:20:00+00:00,13.85,16.58,3347.65,0.0,37.01,False,0,False,0.2088399790103167,None
2026-09-04 09:21:00+00:00,14.59,16.39,3606.3,0.0,20.78,False,0,False,0.2427714481328604,None
2026-09-04 09:22:00+00:00,18.43,23.03,3279.96,0.0,33.22,False,0,False,0.2221966799649977,None
2026-09-04 09:23:00+00:00,12.13,17.8,3503.32,0.0,20.34,False,0,False,0.23892629132597615,None
2026-09-04 09:24:00+00:00,16.73,20.44,3419.43,0.0,36.44,False,0,False,0.22079597770681775,None
2026-09-04 09:25:00+00:00,15.97,20.97,3373.55,0.0,20.95,False,0,False,0.26987045379293007,None
2026-09-04 09:26:00+00:00,15.4,21.17,3647.15,0.0,32.16,False,0,False,0.19659317646688718,None
2026-09-04 09:27:00+00:00,15.25,18.99,3236.85,0.39,34.91,False,0,False,0.19535043356561455,None
2026-09-04 09:28:00+00:00,15.61,22.41,3519.61,0.0,20.44,False,0,False,0.20127230940827257,None
2026-09-04 09:29:00+00:00,12.4,17.79,3464.7,0.0,20.01,False,0,False,0.258083023618019,None
2026-09-04 09:30:00+00:00,14.27,14.31,3420.65,0.0,20.0,False,0,False,0.26466146621556247,None
2026-09-04 09:31:00+00:00,14.91,16.94,3321.49,0.0,40.54,False,0,False,0.2172740751373391,None
2026-09-04 09:32:00+00:00,12.9,16.78,3415.63,0.0,19.73,False,0,False,0.25541946892490175,None
2026-09-04 09:33:00+00:00,15.82,13.42,3532.2,0.0,39.34,False,0,False,0.20057232960505955,None
2026-09-04 09:34:00+00:00,17.41,15.89,3755.96,0.0,20.4,False,0,False,0.2009652632918118,None
2026-09-04 09:35:00+00:00,19.68,23.2,3472.44,0.0,31.93,False,0,False,0.18586235153050912,None
2026-09-04 09:36:00+00:00,18.44,23.08,3265.98,0.0,19.87,False,0,False,0.24709238249450727,None
2026-09-04 09:37:00+00:00,18.57,23.25,3605.94,0.0,35.38,False,0,False,0.16472187418233675,None
2026-09-04 09:38:00+00:00,19.48,23.6,3697.84,0.0,20.3,False,0,False,0.16881354590341974,None
2026-09-04 09:39:00+00:00,17.13,23.26,3336.9,0.0,20.95,False,0,False,0.23734694064517398,None
2026-09-04 09:40:00+00:00,17.46,21.6,3649.26,0.02,20.92,False,0,False,0.2153246397872401,None
2026-09-04 09:41:00+00:00,15.19,16.65,3496.61,0.0,20.2,False,0,False,0.23985735333049485,None
2026-09-04 09:42:00+00:00,15.39,21.17,3402.44,0.0,21.05,False,0,False,0.26251434935926016,None
2026-09-04 09:43:00+00:00,15.1,20.82,3680.96,0.0,35.98,False,0,False,0.18287581361386857,None
2026-09-04 09:44:00+00:00,10.63,9.54,3497.83,0.0,34.02,False,0,False,0.16050026554888913,None
2026-09-04 09:45:00+00:00,14.12,15.25,3584.51,0.0,38.78,False,0,False,0.20468769709303097,None
2026-09-04 09:46:00+00:00,14.82,14.52,3374.82,0.0,34.7,False,0,False,0.22118682959792052,None
2026-09-04 09:47:00+00:00,18.0,17.35,3422.93,0.0,38.22,False,0,False,0.2163337127321221,None
2026-09-04 09:48:00+00:00,15.89,14.66,3651.13,0.0,41.65,False,0,False,0.1708481309217592,None
2026-09-04 09:49:00+00:00,13.45,13.34,3581.77,0.8,19.98,True,1,False,0.19705047266600256,Z-Score
2026-09-04 09:50:00+00:00,18.45,16.76,3625.16,0.0,38.1,False,0,False,0.15878477673919522,None
2026-09-04 09:51:00+00:00,16.85,23.55,3249.7,0.0,20.03,False,0,False,0.23025535100162314,None
2026-09-04 09:52:00+00:00,12.67,19.09,3235.71,0.0,41.5,False,0,False,0.21514417200560793,None
2026-09-04 09:53:00+00:00,12.47,12.91,3445.17,0.06,45.2,False,0,False,0.1780533846828048,None
2026-09-04 09:54:00+00:00,13.39,18.94,3613.87,0.0,41.79,False,0,False,0.19510963266717862,None
2026-09-04 09:55:00+00:00,21.29,22.98,3671.39,0.0,20.62,False,0,False,0.1874313090983571,None
2026-09-04 09:56:00+00:00,13.75,17.37,3289.56,0.0,35.78,False,0,False,0.2313619832207256,None
2026-09-04 09:57:00+00:00,15.15,19.64,3547.11,0.0,41.19,False,0,False,0.20912434841003635,None
2026-09-04 09:58:00+00:00,12.83,17.14,3118.34,0.0,20.1,False,0,False,0.24369010669054353,None
2026-09-04 09:59:00+00:00,17.11,21.44,3446.98,0.64,20.17,True,1,False,0.19904805416584503,Z-Score
2026-09-04 10:00:00+00:00,12.98,13.43,3513.5,0.0,21.0,False,0,False,0.24776168609869953,None
2026-09-04 10:01:00+00:00,17.46,18.64,3386.61,0.0,39.29,False,0,False,0.22245790123479514,None
2026-09-04 10:02:00+00:00,15.59,17.03,3275.67,0.0,21.06,False,0,False,0.27633723233934443,None
2026-09-04 10:03:00+00:00,16.45,16.99,3266.42,0.0,20.57,False,0,False,0.269305877052805,None
2026-09-04 10:04:00+00:00,14.97,17.32,3536.99,0.0,19.88,False,0,False,0.22970846812458823,None
2026-09-04 10:05:00+00:00,17.9,19.65,3604.65,0.0,43.87,False,0,False,0.18869167497411365,None
2026-09-04 10:06:00+00:00,14.38,13.49,3346.08,0.0,46.54,False,0,False,0.20719648451249273,None
2026-09-04 10:07:00+00:00,18.09,20.34,3446.6,0.0,45.54,False,0,False,0.19057150800050743,None
2026-09-04 10:08:00+00:00,13.34,18.72,3520.12,0.0,38.16,False,0,False,0.2009449550880253,None
2026-09-04 10:09:00+00:00,13.83,21.01,3476.31,0.0,47.18,False,0,False,0.17890822807682177,None
2026-09-04 10:10:00+00:00,15.28,20.44,3810.04,0.0,21.12,False,0,False,0.22121953079092604,None
2026-09-04 10:11:00+00:00,12.7,14.7,3740.19,0.59,20.82,True,1,False,0.1865584177443249,Z-Score
2026-09-04 10:12:00+00:00,18.67,20.57,3526.97,0.07,47.19,False,0,False,0.15524363963729187,None
2026-09-04 10:13:00+00:00,15.98,17.47,3493.24,0.0,20.76,False,0,False,0.2488095649943602,None
2026-09-04 10:14:00+00:00,14.7,18.07,3634.46,0.0,20.55,False,0,False,0.23128246944326847,None
2026-09-04 10:15:00+00:00,15.47,14.99,3772.39,0.0,19.66,False,0,False,0.2057168502874156,None
2026-09-04 10:16:00+00:00,17.18,24.45,3521.87,0.0,52.19,False,0,False,0.14952867835147132,None
2026-09-04 10:17:00+00:00,12.69,14.25,3517.07,0.0,43.48,False,0,False,0.19338239767124082,None
2026-09-04 10:18:00+00:00,12.96,13.94,3696.72,0.0,50.36,False,0,False,0.14258963414417286,None
2026-09-04 10:19:00+00:00,13.73,14.71,3309.31,0.0,20.74,False,0,False,0.25320269836102166,None
2026-09-04 10:20:00+00:00,16.82,20.8,3832.73,0.29,20.99,False,0,False,0.18144677354698152,None
2026-09-04 10:21:00+00:00,18.15,20.74,3563.73,0.0,52.45,False,0,False,0.1730708800999703,None
2026-09-04 10:22:00+00:00,10.17,17.43,3391.19,0.0,20.22,False,0,False,0.2118568453003346,None
2026-09-04 10:23:00+00:00,12.92,13.61,3484.72,0.0,20.8,False,0,False,0.2532942072994721,None
2026-09-04 10:24:00+00:00,13.99,16.15,3673.3,0.38,48.32,False,0,False,0.12660088485087884,None
2026-09-04 10:25:00+00:00,14.57,15.59,3605.72,0.0,20.52,False,0,False,0.23752509132675115,None
2026-09-04 10:26:00+00:00,19.36,20.45,3560.2,0.0,19.68,False,0,False,0.21447030438367076,None
2026-09-04 10:27:00+00:00,15.55,19.17,3856.96,0.25,20.72,False,0,False,0.1846450550675659,None
2026-09-04 10:28:00+00:00,11.44,12.99,3493.6,0.0,46.79,False,0,False,0.17249055939678481,None
2026-09-04 10:29:00+00:00,12.49,17.02,3298.37,0.0,20.81,False,0,False,0.2571743693954094,None
2026-09-04 10:30:00+00:00,12.45,15.35,3283.7,0.0,46.6,False,0,False,0.1931152528043502,None
2026-09-04 10:31:00+00:00,15.78,16.89,3396.76,0.0,46.34,False,0,False,0.18975796342887746,None
2026-09-04 10:32:00+00:00,16.66,25.23,3496.36,0.0,42.03,False,0,False,0.12278266634244028,None
2026-09-04 10:33:00+00:00,12.83,15.52,3548.95,0.0,53.13,False,0,False,0.1765039626348513,None
2026-09-04 10:34:00+00:00,10.62,12.57,3611.57,0.71,57.19,True,1,False,0.08247177293226449,Z-Score
2026-09-04 10:35:00+00:00,17.93,18.08,3409.35,0.51,20.37,False,0,False,0.17555268598708512,None
2026-09-04 10:36:00+00:00,12.53,16.59,3287.58,0.0,53.48,False,0,False,0.16687820120599156,None
2026-09-04 10:37:00+00:00,14.95,14.22,3166.14,0.0,42.97,False,0,False,0.18883810113334254,None
2026-09-04 10:38:00+00:00,16.05,16.63,3148.65,0.0,20.81,False,0,False,0.2816180543687651,None
2026-09-04 10:39:00+00:00,14.01,16.44,3485.24,0.0,58.23,False,0,False,0.16933608276741657,None
2026-09-04 10:40:00+00:00,18.19,18.67,3688.77,0.0,49.09,False,0,False,0.14786693376576981,None
2026-09-04 10:41:00+00:00,18.67,17.71,3343.4,0.0,19.88,False,0,False,0.25318021387686995,None
2026-09-04 10:42:00+00:00,14.84,15.06,3646.11,0.0,55.4,False,0,False,0.13170800782517922,None
2026-09-04 10:43:00+00:00,16.8,19.23,3279.75,0.19,20.46,False,0,False,0.2395747667089274,None
2026-09-04 10:44:00+00:00,16.61,22.66,3767.38,0.66,56.93,True,1,False,0.08632687224671265,Z-Score
2026-09-04 10:45:00+00:00,13.93,12.11,3449.16,0.0,57.27,False,0,False,0.11256259517613232,None
2026-09-04 10:46:00+00:00,18.63,23.44,3270.56,0.0,20.84,False,0,False,0.24630003015262747,None
2026-09-04 10:47:00+00:00,12.88,15.24,3519.87,0.0,44.15,False,0,False,0.162927151647843,None
2026-09-04 10:48:00+00:00,11.67,13.51,3522.76,0.0,21.02,False,0,False,0.21092977608462948,None
2026-09-04 10:49:00+00:00,16.2,17.05,3851.21,0.0,58.21,False,0,False,0.13556352495055368,None
2026-09-04 10:50:00+00:00,12.1,14.64,3241.44,0.0,19.86,False,0,False,0.22333669320371774,None
2026-09-04 10:51:00+00:00,16.43,18.78,3556.09,0.0,20.84,False,0,False,0.2391433069553356,None
2026-09-04 10:52:00+00:00,17.2,18.12,3467.86,0.0,19.75,False,0,False,0.23635306856089577,None
2026-09-04 10:53:00+00:00,18.48,25.03,3205.9,0.13,44.22,False,0,False,0.17122727907673674,None
2026-09-04 10:54:00+00:00,17.07,20.37,3471.14,0.0,20.33,False,0,False,0.24111955217481051,None
2026-09-04 10:55:00+00:00,14.84,19.2,3233.38,0.52,20.25,False,0,False,0.23580505992661677,None
2026-09-04 10:56:00+00:00,12.1,16.65,3428.61,0.0,20.15,False,0,False,0.21475536700572173,None
2026-09-04 10:57:00+00:00,16.03,21.45,3196.56,0.0,20.95,False,0,False,0.262903081334588,None
2026-09-04 10:58:00+00:00,15.96,15.69,3384.69,0.0,20.63,False,0,False,0.26448797248171896,None
2026-09-04 10:59:00+00:00,19.5,26.42,3481.34,0.0,20.06,False,0,False,0.19865520995273034,None
2026-09-04 11:00:00+00:00,15.57,19.19,3404.5,0.0,64.36,False,0,False,0.1592499198451855,None
2026-09-04 11:01:00+00:00,10.64,17.03,3146.38,0.0,51.76,False,0,False,0.1837306131599416,None
2026-09-04 11:02:00+00:00,15.09,13.91,3102.65,0.0,20.56,False,0,False,0.255546948269315,None
2026-09-04 11:03:00+00:00,13.1,12.18,3447.86,0.0,48.3,False,0,False,0.18539313173132582,None
2026-09-04 11:04:00+00:00,16.28,16.32,3367.19,0.0,46.54,False,0,False,0.20785422983088186,None
2026-09-04 11:05:00+00:00,16.03,18.03,3437.63,0.0,54.85,False,0,False,0.1899409145853197,None
2026-09-04 11:06:00+00:00,17.53,19.21,3251.32,0.0,20.26,False,0,False,0.24069125662285779,None
2026-09-04 11:07:00+00:00,12.23,16.56,3380.31,0.0,19.79,False,0,False,0.24940678755655526,None
2026-09-04 11:08:00+00:00,15.93,15.26,3061.61,0.0,20.82,False,0,False,0.2573362337091707,None
2026-09-04 11:09:00+00:00,15.04,14.26,3218.39,0.0,63.66,False,0,False,0.17049374214037094,None
2026-09-04 11:10:00+00:00,18.57,18.99,3241.64,0.0,53.55,False,0,False,0.19621456051412545,None
2026-09-04 11:11:00+00:00,14.73,15.05,3249.48,0.3,61.07,False,0,False,0.105969448930895,None
2026-09-04 11:12:00+00:00,12.9,16.53,3224.0,0.0,20.3,False,0,False,0.2439477590881105,None
2026-09-04 11:13:00+00:00,22.99,28.88,3183.69,0.0,62.15,True,2,False,0.10783431442328939,Z-Score
2026-09-04 11:14:00+00:00,13.3,17.19,3370.67,0.55,60.42,False,0,False,0.12078138967060781,None
2026-09-04 11:15:00+00:00,18.21,18.06,3414.05,0.09,20.25,False,0,False,0.2324556047452706,None
2026-09-04 11:16:00+00:00,15.58,17.54,3464.39,0.0,20.8,False,0,False,0.25532562253087226,None
2026-09-04 11:17:00+00:00,12.71,11.95,3331.04,0.0,20.55,False,0,False,0.1930470289625567,None
2026-09-04 11:18:00+00:00,14.72,14.92,3124.15,0.0,20.82,False,0,False,0.2815440074260771,None
2026-09-04 11:19:00+00:00,14.53,16.62,3327.88,0.0,62.5,False,0,False,0.17202542224145168,None
2026-09-04 11:20:00+00:00,13.5,13.45,3468.97,0.0,21.12,False,0,False,0.208902311694928,None
2026-09-04 11:21:00+00:00,14.79,13.73,3239.36,0.0,65.02,False,0,False,0.17189214490070936,None
2026-09-04 11:22:00+00:00,12.58,14.77,3313.65,0.0,20.91,False,0,False,0.2358220674325353,None
2026-09-04 11:23:00+00:00,11.77,16.64,3007.47,0.0,51.62,False,0,False,0.19163337455141138,None
2026-09-04 11:24:00+00:00,15.2,15.47,3045.84,0.0,66.53,False,0,False,0.1841460146125869,None
2026-09-04 11:25:00+00:00,16.82,16.85,3276.76,0.0,19.96,False,0,False,0.22546207537776852,None
2026-09-04 11:26:00+00:00,13.63,9.3,3265.36,0.0,51.45,False,0,False,0.16486322444839868,None
2026-09-04 11:27:00+00:00,15.31,17.47,3239.3,0.0,52.97,False,0,False,0.2166833623547983,None
2026-09-04 11:28:00+00:00,19.64,18.81,3137.23,0.0,19.69,False,0,False,0.2480536587721902,None
2026-09-04 11:29:00+00:00,16.32,17.08,3251.99,0.52,20.79,False,0,False,0.22737840065508091,None
2026-09-04 11:30:00+00:00,13.45,13.92,3258.06,0.0,20.64,False,0,False,0.19419384943694973,None
2026-09-04 11:31:00+00:00,11.46,15.87,2703.83,0.0,69.78,True,1,False,0.16472232268176967,Z-Score
2026-09-04 11:32:00+00:00,13.78,18.31,3188.53,0.0,20.56,False,0,False,0.2365245451844215,None
2026-09-04 11:33:00+00:00,12.96,15.8,3101.91,0.75,49.95,True,1,False,0.14856709974730853,Z-Score
2026-09-04 11:34:00+00:00,13.35,14.44,3196.63,0.0,19.92,False,0,False,0.25622543492683963,None
2026-09-04 11:35:00+00:00,16.12,17.5,3328.5,0.61,60.23,False,0,False,0.11919878355623192,None
2026-09-04 11:36:00+00:00,19.64,21.05,2974.14,0.0,70.4,False,0,False,0.1472864645522048,None
2026-09-04 11:37:00+00:00,17.4,20.14,2967.96,0.0,73.18,False,0,False,0.15750019664102105,None
2026-09-04 11:38:00+00:00,11.69,13.78,3042.87,0.0,20.33,False,0,False,0.24495300581058038,None
2026-09-04 11:39:00+00:00,11.01,13.82,2899.37,0.32,20.93,False,0,False,0.22843959954535153,None
2026-09-04 11:40:00+00:00,17.17,17.75,3174.89,0.43,20.78,False,0,False,0.2357049174047769,None
2026-09-04 11:41:00+00:00,16.05,13.94,2967.07,0.0,20.35,False,0,False,0.2570694701587701,None
2026-09-04 11:42:00+00:00,18.49,19.7,2907.28,0.0,20.77,False,0,False,0.2666680606060736,None
2026-09-04 11:43:00+00:00,13.6,15.07,3121.9,0.0,20.53,False,0,False,0.27306144901880464,None
2026-09-04 11:44:00+00:00,16.88,20.61,3055.39,0.0,51.46,False,0,False,0.1928431507215203,None
2026-09-04 11:45:00+00:00,12.71,13.61,2980.33,1.11,72.84,True,1,False,0.06420451936499028,Z-Score
2026-09-04 11:46:00+00:00,17.6,17.38,3036.41,1.04,19.91,True,1,False,0.11340639960306043,Z-Score
2026-09-04 11:47:00+00:00,13.65,14.13,2864.05,0.44,20.04,False,0,False,0.23873437438084522,None
2026-09-04 11:48:00+00:00,18.52,20.01,3123.05,0.0,19.81,False,0,False,0.2679735012011057,None
2026-09-04 11:49:00+00:00,11.63,13.45,3180.7,0.0,20.85,False,0,False,0.22107469729588525,None
2026-09-04 11:50:00+00:00,10.79,11.83,3086.53,0.56,20.1,False,0,False,0.20018530000554263,None
2026-09-04 11:51:00+00:00,14.2,17.65,3347.9,0.0,70.77,False,0,False,0.15510133913043034,None
2026-09-04 11:52:00+00:00,15.37,25.55,2980.28,0.0,20.62,False,0,False,0.22609774395693016,None
2026-09-04 11:53:00+00:00,15.0,16.71,2977.72,0.0,20.15,False,0,False,0.24693182984767942,None
2026-09-04 11:54:00+00:00,16.33,18.95,3012.08,0.8,20.8,False,0,False,0.2164384017097361,None
2026-09-04 11:55:00+00:00,11.02,15.88,2951.84,0.24,21.08,False,0,False,0.21975148942511918,None
2026-09-04 11:56:00+00:00,19.25,23.99,2941.32,0.0,62.81,False,0,False,0.15004464806784068,None
2026-09-04 11:57:00+00:00,13.32,17.8,2814.98,0.0,19.92,False,0,False,0.26762377547320476,None
2026-09-04 11:58:00+00:00,12.74,17.24,3146.14,0.0,20.22,False,0,False,0.24699237249107336,None
2026-09-04 11:59:00+00:00,15.95,21.49,3171.68,0.32,74.32,False,0,False,0.11833448314540995,None
2026-09-04 12:00:00+00:00,16.29,16.52,3046.82,0.0,76.48,False,0,False,0.15205476213914276,None
2026-09-04 12:01:00+00:00,18.49,20.01,3060.46,0.0,21.0,False,0,False,0.24113588517544093,None
2026-09-04 12:02:00+00:00,8.97,9.73,3037.06,0.0,20.56,False,0,False,0.20056156589029517,None
2026-09-04 12:03:00+00:00,12.92,18.65,2908.93,0.0,19.87,False,0,False,0.2584075828539191,None
2026-09-04 12:04:00+00:00,18.45,21.89,3146.64,0.0,19.86,False,0,False,0.2078138561224407,None
2026-09-04 12:05:00+00:00,16.58,17.36,3045.83,0.0,20.0,False,0,False,0.27612493580359626,None
2026-09-04 12:06:00+00:00,16.46,16.83,2983.31,0.0,20.73,False,0,False,0.23844847841193578,None
2026-09-04 12:07:00+00:00,10.95,11.05,3256.06,0.0,20.23,False,0,False,0.22670145297150646,None
2026-09-04 12:08:00+00:00,14.48,12.41,3117.57,0.0,61.77,False,0,False,0.17870458319432475,None
2026-09-04 12:09:00+00:00,16.96,16.84,2973.63,0.0,76.54,False,0,False,0.15382635281949408,None
2026-09-04 12:10:00+00:00,11.98,13.19,3035.53,0.0,79.98,False,0,False,0.13279422964612808,None
2026-09-04 12:11:00+00:00,18.99,20.54,2960.28,1.07,21.1,True,1,False,0.14654829226527522,Z-Score
2026-09-04 12:12:00+00:00,11.41,12.47,3402.43,0.0,20.05,False,0,False,0.1921872735529146,None
2026-09-04 12:13:00+00:00,12.33,11.18,3065.61,0.0,61.48,False,0,False,0.1704398017896841,None
2026-09-04 12:14:00+00:00,16.04,20.22,3206.66,0.0,80.59,False,0,False,0.135315737493783,None
2026-09-04 12:15:00+00:00,15.23,16.67,2859.71,0.0,67.17,False,0,False,0.18024821253425027,None
2026-09-04 12:16:00+00:00,12.0,12.89,2956.3,0.0,19.9,False,0,False,0.22207930748058347,None
2026-09-04 12:17:00+00:00,15.73,16.53,2842.75,0.65,20.12,False,0,False,0.20166126578851795,None
2026-09-04 12:18:00+00:00,14.48,14.12,3140.96,0.0,66.27,False,0,False,0.177371417436264,None
2026-09-04 12:19:00+00:00,13.71,15.63,2987.68,0.0,20.27,False,0,False,0.25346643014508863,None
2026-09-04 12:20:00+00:00,16.09,13.32,3005.55,0.86,20.6,False,0,False,0.17516611313547836,None
2026-09-04 12:21:00+00:00,9.08,11.51,3053.0,0.0,57.17,False,0,False,0.127914375189083,None
2026-09-04 12:22:00+00:00,15.15,19.71,2798.79,0.0,67.62,False,0,False,0.18375522821281842,None
2026-09-04 12:23:00+00:00,15.71,16.9,3035.66,0.61,71.57,False,0,False,0.10696159615252498,None
2026-09-04 12:24:00+00:00,14.8,14.87,2964.87,0.1,69.14,False,0,False,0.1582099462669908,None
2026-09-04 12:25:00+00:00,17.11,20.09,3181.79,0.0,73.07,False,0,False,0.12430636995101652,None
2026-09-04 12:26:00+00:00,14.19,14.1,2973.89,0.0,20.66,False,0,False,0.2494375747229221,None
2026-09-04 12:27:00+00:00,13.18,15.53,2978.05,0.02,20.33,False,0,False,0.23942961548133374,None
2026-09-04 12:28:00+00:00,15.4,16.69,2706.16,0.0,20.63,False,0,False,0.2598436956465514,None
2026-09-04 12:29:00+00:00,11.08,13.54,3009.92,0.52,19.75,False,0,False,0.1694865233944577,None
2026-09-04 12:30:00+00:00,23.28,25.65,2741.68,0.18,60.46,True,1,False,0.05906865103851011,Z-Score
2026-09-04 12:31:00+00:00,19.72,25.31,2801.52,0.0,19.81,False,0,False,0.21601242705009155,None
2026-09-04 12:32:00+00:00,16.44,17.7,3085.76,0.0,20.33,False,0,False,0.26603586043191346,None
2026-09-04 12:33:00+00:00,15.27,17.74,3202.33,0.0,68.8,False,0,False,0.16401836111034734,None
2026-09-04 12:34:00+00:00,15.02,15.31,2921.57,0.13,21.06,False,0,False,0.24232021364951506,None
2026-09-04 12:35:00+00:00,17.65,13.74,2751.73,0.14,20.78,False,0,False,0.16819845003236827,None
2026-09-04 12:36:00+00:00,11.47,12.09,2832.77,0.0,76.57,False,0,False,0.14076297563873252,None
2026-09-04 12:37:00+00:00,15.43,11.8,3020.8,0.0,65.71,False,0,False,0.1715588059223374,None
2026-09-04 12:38:00+00:00,16.39,19.85,2771.17,0.0,20.98,False,0,False,0.2334365226000712,None
2026-09-04 12:39:00+00:00,16.97,19.53,2845.07,0.0,68.56,False,0,False,0.16435689835255163,None
2026-09-04 12:40:00+00:00,13.63,14.8,2640.12,0.0,20.63,False,0,False,0.2597182581252472,None
2026-09-04 12:41:00+00:00,17.1,12.92,2983.15,0.0,78.95,False,0,False,0.133853151060495,None
2026-09-04 12:42:00+00:00,18.42,18.87,2933.66,0.0,83.98,False,0,False,0.12856789515309752,None
2026-09-04 12:43:00+00:00,13.46,14.53,2772.14,0.0,20.93,False,0,False,0.2142210811697568,None
2026-09-04 12:44:00+00:00,17.27,20.75,2788.52,0.11,61.22,False,0,False,0.11238780771432211,None
2026-09-04 12:45:00+00:00,13.06,14.99,2791.32,0.0,74.91,False,0,False,0.13325792525393976,None
2026-09-04 12:46:00+00:00,12.94,11.76,2777.97,0.0,67.91,False,0,False,0.14322928219785386,None
2026-09-04 12:47:00+00:00,16.14,19.99,2679.63,0.14,20.8,False,0,False,0.23721758307795854,None
2026-09-04 12:48:00+00:00,15.81,19.62,2645.22,0.41,19.77,False,0,False,0.2145644629629831,None
2026-09-04 12:49:00+00:00,17.23,25.6,2779.16,0.0,85.5,False,0,False,0.06772404736783633,None
2026-09-04 12:50:00+00:00,17.15,16.21,2765.67,0.0,20.55,False,0,False,0.2676829886992511,None
2026-09-04 12:51:00+00:00,15.37,17.75,2775.68,0.99,21.01,True,1,False,0.17743542417456393,Z-Score
2026-09-04 12:52:00+00:00,10.99,8.98,3117.87,0.0,57.7,False,0,False,0.10548204633047142,None
2026-09-04 12:53:00+00:00,19.99,24.75,3236.94,0.0,19.83,False,0,False,0.1533422430993429,None
2026-09-04 12:54:00+00:00,13.64,16.37,2679.75,0.2,65.24,False,0,False,0.16044250088499123,None
2026-09-04 12:55:00+00:00,19.32,24.47,2807.48,0.0,62.91,False,0,False,0.11340225853990715,None
2026-09-04 12:56:00+00:00,10.67,15.64,2839.8,0.01,66.25,False,0,False,0.16656128393971115,None
2026-09-04 12:57:00+00:00,15.68,21.81,2681.99,0.42,62.37,False,0,False,0.11539685483185846,None
2026-09-04 12:58:00+00:00,17.08,22.03,2557.41,0.0,61.51,False,0,False,0.16097373132382192,None
2026-09-04 12:59:00+00:00,11.61,12.14,3054.51,0.0,20.37,False,0,False,0.23427466506465577,None
2026-09-04 13:00:00+00:00,11.78,13.39,2987.32,0.72,79.07,False,0,False,0.022180963860695013,None
2026-09-04 13:01:00+00:00,17.36,18.3,2793.83,0.0,20.4,False,0,False,0.26988415652401904,None
2026-09-04 13:02:00+00:00,13.37,14.23,2643.73,0.0,19.8,False,0,False,0.2524801742414509,None
2026-09-04 13:03:00+00:00,14.12,16.93,2584.73,0.0,20.58,False,0,False,0.24348773098178822,None
2026-09-04 13:04:00+00:00,16.23,22.86,2870.28,0.0,19.64,False,0,False,0.24432291505985226,None
2026-09-04 13:05:00+00:00,18.18,21.61,2434.4,0.1,77.77,False,0,False,0.09274296136200144,None
2026-09-04 13:06:00+00:00,17.23,20.19,2610.8,0.0,58.08,False,0,False,0.19183097342181155,None
2026-09-04 13:07:00+00:00,14.59,12.16,3034.4,0.0,78.76,False,0,False,0.06398667962974336,None
2026-09-04 13:08:00+00:00,18.13,18.21,2680.85,0.0,62.56,False,0,False,0.16917188705174468,None
2026-09-04 13:09:00+00:00,14.72,20.64,2635.9,0.6,71.67,False,0,False,0.12090226085435618,None
2026-09-04 13:10:00+00:00,15.76,17.53,2718.93,0.42,20.61,False,0,False,0.22052933551111786,None
2026-09-04 13:11:00+00:00,13.55,12.67,2644.73,0.54,20.62,False,0,False,0.17653774468090827,None
2026-09-04 13:12:00+00:00,13.21,15.48,2559.91,0.58,72.65,False,0,False,0.09033448036696323,None
2026-09-04 13:13:00+00:00,14.07,18.81,2518.82,0.57,21.05,False,0,False,0.0855055161065501,None
2026-09-04 13:14:00+00:00,10.9,14.56,2630.12,0.0,20.68,False,0,False,0.2289862989957857,None
2026-09-04 13:15:00+00:00,14.5,20.68,2800.69,0.0,20.26,False,0,False,0.2164259241845347,None
2026-09-04 13:16:00+00:00,17.48,22.11,2720.8,0.0,20.01,False,0,False,0.21118592806506242,None
2026-09-04 13:17:00+00:00,18.42,15.96,2668.89,0.0,74.45,False,0,False,0.13536310515986538,None
2026-09-04 13:18:00+00:00,18.09,17.85,2957.91,0.0,20.57,False,0,False,0.23269386046416113,None
2026-09-04 13:19:00+00:00,15.07,19.23,2702.23,0.0,19.87,False,0,False,0.17173223689496192,None
2026-09-04 13:20:00+00:00,17.25,21.59,2613.17,0.0,20.04,False,0,False,0.20995755027233703,None
2026-09-04 13:21:00+00:00,16.65,25.8,2841.23,1.01,20.06,True,1,False,0.1487799478761988,Z-Score
2026-09-04 13:22:00+00:00,18.38,26.19,2607.81,0.0,20.73,False,0,False,0.16190475815939448,None
2026-09-04 13:23:00+00:00,16.28,19.64,2712.13,0.0,80.15,False,0,False,0.1491050593590641,None
2026-09-04 13:24:00+00:00,15.44,21.78,3015.91,0.0,20.06,False,0,False,0.26311302326688346,None
2026-09-04 13:25:00+00:00,18.37,21.29,3063.42,0.0,68.6,False,0,False,0.16080593039145769,None
2026-09-04 13:26:00+00:00,15.73,23.01,2509.11,0.0,20.73,False,0,False,0.18855465686642187,None
2026-09-04 13:27:00+00:00,18.41,17.67,2918.16,0.0,19.81,False,0,False,0.2518396743057524,None
2026-09-04 13:28:00+00:00,11.86,16.17,2552.94,0.0,73.37,False,0,False,0.11405648141464597,None
2026-09-04 13:29:00+00:00,16.14,19.45,2951.55,0.0,61.76,False,0,False,0.18739007798808177,None
2026-09-04 13:30:00+00:00,14.68,15.12,2885.65,0.51,79.85,False,0,False,0.10953760777401478,None
2026-09-04 13:31:00+00:00,16.54,16.93,2771.15,0.0,20.08,False,0,False,0.24887757718397846,None
2026-09-04 13:32:00+00:00,18.33,20.04,2629.48,0.0,19.9,False,0,False,0.1804923012288533,None
2026-09-04 13:33:00+00:00,17.02,19.22,2900.63,0.38,71.29,False,0,False,0.11318453883453994,None
2026-09-04 13:34:00+00:00,15.62,17.51,2634.53,0.0,85.16,False,0,False,0.11266605142256414,None
2026-09-04 13:35:00+00:00,13.59,18.58,2491.31,0.0,19.96,False,0,False,0.24756007850710127,None
2026-09-04 13:36:00+00:00,17.63,21.7,2917.44,0.57,64.1,False,0,False,0.07176230515401338,None
2026-09-04 13:37:00+00:00,15.28,17.81,2797.32,0.0,75.25,False,0,False,0.16444521465027556,None
2026-09-04 13:38:00+00:00,12.47,13.33,2641.36,0.0,20.51,False,0,False,0.23464217129336773,None
2026-09-04 13:39:00+00:00,16.35,24.07,2562.75,0.59,82.0,False,0,False,0.06091467909266535,None
2026-09-04 13:40:00+00:00,13.44,14.62,2633.49,0.0,85.32,False,0,False,0.09269259026977583,None
2026-09-04 13:41:00+00:00,15.29,14.81,2549.48,0.0,60.79,False,0,False,0.16710007818092598,None
2026-09-04 13:42:00+00:00,15.93,15.19,2620.03,0.0,84.05,False,0,False,0.1308816188947487,None
2026-09-04 13:43:00+00:00,16.6,17.43,2787.03,0.0,20.22,False,0,False,0.25867029338942665,None
2026-09-04 13:44:00+00:00,12.9,13.1,2743.48,0.44,64.89,False,0,False,0.0545621220765804,None
2026-09-04 13:45:00+00:00,13.99,17.19,2836.37,0.0,20.55,False,0,False,0.24828814549451195,None
2026-09-04 13:46:00+00:00,14.51,15.4,2814.24,0.0,19.77,False,0,False,0.27050115375616957,None
2026-09-04 13:47:00+00:00,14.12,10.89,2763.96,1.38,20.74,True,1,False,0.13472289819775396,Z-Score
2026-09-04 13:48:00+00:00,13.53,20.7,2861.24,0.0,63.08,False,0,False,0.17936672754557614,None
2026-09-04 13:49:00+00:00,21.66,22.57,3146.68,0.0,20.44,False,0,False,0.22507868309535561,None
2026-09-04 13:50:00+00:00,15.6,14.17,2922.02,0.0,20.75,False,0,False,0.2686342305468269,None
2026-09-04 13:51:00+00:00,12.92,10.73,2727.73,0.0,21.0,False,0,False,0.19887075541295823,None
2026-09-04 13:52:00+00:00,11.67,12.3,3053.19,0.0,65.03,False,0,False,0.15207160486254867,None
2026-09-04 13:53:00+00:00,16.83,19.88,2701.1,0.0,20.53,False,0,False,0.19044238959418208,None
2026-09-04 13:54:00+00:00,12.84,16.16,2793.44,1.08,85.87,True,1,False,0.015384952786102413,Z-Score
2026-09-04 13:55:00+00:00,14.73,23.18,2685.64,0.0,77.36,False,0,False,0.12491294744357218,None
2026-09-04 13:56:00+00:00,16.82,26.44,2697.15,0.0,20.59,False,0,False,0.1935657028453986,None
2026-09-04 13:57:00+00:00,17.07,19.95,2638.44,0.0,79.9,False,0,False,0.11996580645691246,None
2026-09-04 13:58:00+00:00,15.88,15.44,2774.59,0.0,72.76,False,0,False,0.15448711043213365,None
2026-09-04 13:59:00+00:00,14.83,19.56,2611.37,0.0,20.41,False,0,False,0.23224025684988497,None
2026-09-04 14:00:00+00:00,16.94,20.22,2792.28,1.11,67.76,True,1,False,0.09710175674576471,Z-Score
2026-09-04 14:01:00+00:00,15.35,20.07,2603.54,0.0,84.6,False,0,False,0.12867930952287032,None
2026-09-04 14:02:00+00:00,13.91,19.35,2851.27,0.48,20.11,False,0,False,0.23985097850988385,None
2026-09-04 14:03:00+00:00,15.96,15.92,2774.55,0.0,64.59,False,0,False,0.17069138490763147,None
2026-09-04 14:04:00+00:00,19.15,19.44,2624.75,0.0,19.89,False,0,False,0.19527576002495495,None
2026-09-04 14:05:00+00:00,21.95,31.89,2421.86,0.93,20.06,True,2,False,0.09475965005471121,Z-Score
2026-09-04 14:06:00+00:00,17.08,22.08,2851.86,0.0,20.36,False,0,False,0.24004914599611887,None
2026-09-04 14:07:00+00:00,14.33,17.71,2659.63,0.0,20.86,False,0,False,0.23776864173050444,None
2026-09-04 14:08:00+00:00,12.62,17.54,2582.57,0.63,67.69,False,0,False,0.1230943809551206,None
2026-09-04 14:09:00+00:00,16.11,14.15,2484.97,0.34,76.96,False,0,False,0.09090687351465332,None
2026-09-04 14:10:00+00:00,9.91,7.96,2875.97,0.0,82.48,False,0,False,0.09549141092801172,None
2026-09-04 14:11:00+00:00,15.47,22.89,2647.15,0.0,67.67,False,0,False,0.1313309696728473,None
2026-09-04 14:12:00+00:00,17.09,19.03,2531.19,0.0,19.92,False,0,False,0.2141362952080484,None
2026-09-04 14:13:00+00:00,15.48,16.23,2514.62,0.27,20.47,False,0,False,0.2302118491581432,None
2026-09-04 14:14:00+00:00,12.71,16.88,2710.99,0.0,20.38,False,0,False,0.2039246822914929,None
2026-09-04 14:15:00+00:00,17.15,20.0,2650.3,0.0,19.64,False,0,False,0.2264559312488102,None
2026-09-04 14:16:00+00:00,9.46,14.49,2644.02,0.0,20.4,False,0,False,0.21581615370795804,None
2026-09-04 14:17:00+00:00,15.02,15.28,2782.39,0.89,20.1,False,0,False,0.0797333675739349,None
2026-09-04 14:18:00+00:00,17.2,15.39,2737.93,0.0,21.0,False,0,False,0.24555336896746133,None
2026-09-04 14:19:00+00:00,16.76,19.15,2717.06,0.0,20.02,False,0,False,0.22219696315025328,None
2026-09-04 14:20:00+00:00,22.3,22.89,2643.42,0.0,20.69,False,0,False,0.15445769575742274,None
2026-09-04 14:21:00+00:00,14.52,15.06,2656.0,0.0,64.28,False,0,False,0.18234938792989747,None
2026-09-04 14:22:00+00:00,16.27,14.98,2729.11,0.0,63.88,False,0,False,0.13878795013877487,None
2026-09-04 14:23:00+00:00,16.89,18.91,2592.42,0.0,20.53,False,0,False,0.2547691424165828,None
2026-09-04 14:24:00+00:00,12.88,12.72,2638.62,0.0,20.93,False,0,False,0.21763043021782597,None
2026-09-04 14:25:00+00:00,18.0,20.65,2821.81,0.0,83.13,False,0,False,0.11358827706675134,None
2026-09-04 14:26:00+00:00,13.99,17.4,2654.52,0.0,78.63,False,0,False,0.14553610786011367,None
2026-09-04 14:27:00+00:00,19.29,22.2,2559.5,1.35,71.31,True,1,False,0.031315685300214224,Z-Score
2026-09-04 14:28:00+00:00,19.42,28.31,2638.49,0.0,84.03,False,0,False,0.05920531755322711,None
2026-09-04 14:29:00+00:00,15.87,21.93,2671.47,0.0,67.22,False,0,False,0.15678042190513208,None
2026-09-04 14:30:00+00:00,13.42,17.46,2584.21,0.0,58.59,False,0,False,0.17315678743704166,None
2026-09-04 14:31:00+00:00,14.44,15.33,2834.9,0.4,19.84,False,0,False,0.22308880617960403,None
2026-09-04 14:32:00+00:00,16.47,16.15,2850.63,0.73,20.39,False,0,False,0.20854588356623893,None
2026-09-04 14:33:00+00:00,15.67,17.95,2518.26,0.0,61.5,False,0,False,0.1357224771716865,None
2026-09-04 14:34:00+00:00,14.81,14.39,2746.96,0.0,20.64,False,0,False,0.26184476748123825,None
2026-09-04 14:35:00+00:00,13.91,17.31,2504.35,0.0,75.48,False,0,False,0.13787075516136338,None
2026-09-04 14:36:00+00:00,10.83,11.94,2848.52,0.0,82.25,False,0,False,0.11773475841861825,None
2026-09-04 14:37:00+00:00,13.69,15.94,2670.08,0.0,20.31,False,0,False,0.23140919276966543,None
2026-09-04 14:38:00+00:00,17.33,16.46,2553.99,0.55,20.11,False,0,False,0.22306055592077617,None
2026-09-04 14:39:00+00:00,18.17,24.6,2529.78,0.0,19.64,False,0,False,0.250643936794795,None
2026-09-04 14:40:00+00:00,16.89,20.79,2505.88,0.06,60.41,False,0,False,0.14742344228390802,None
2026-09-04 14:41:00+00:00,11.37,8.88,2760.95,0.0,20.92,False,0,False,0.20013661293484036,None
2026-09-04 14:42:00+00:00,18.72,22.86,2865.39,0.7,19.64,False,0,False,0.20714351125853286,None
2026-09-04 14:43:00+00:00,16.34,16.95,2665.88,0.0,20.87,False,0,False,0.26967761743724417,None
2026-09-04 14:44:00+00:00,11.23,13.45,2485.7,1.05,20.77,False,0,False,0.11826723988500298,None
2026-09-04 14:45:00+00:00,15.17,15.87,2359.32,0.47,20.72,False,0,False,0.19342497110113688,None
2026-09-04 14:46:00+00:00,15.37,18.52,2545.94,0.0,55.04,False,0,False,0.18399703885250657,None
2026-09-04 14:47:00+00:00,16.96,23.24,2619.1,0.0,71.35,False,0,False,0.13700506798586443,None
2026-09-04 14:48:00+00:00,11.69,14.89,2673.76,0.0,79.6,False,0,False,0.1384383123827737,None
2026-09-04 14:49:00+00:00,18.7,20.7,2656.1,0.0,62.97,False,0,False,0.17163559080380308,None
2026-09-04 14:50:00+00:00,15.68,17.0,2755.39,0.0,20.31,False,0,False,0.2687046361081499,None
2026-09-04 14:51:00+00:00,11.43,15.41,2545.41,0.0,19.97,False,0,False,0.22281280808216758,None
2026-09-04 14:52:00+00:00,14.2,16.47,2555.18,0.0,74.48,False,0,False,0.1554453509581663,None
2026-09-04 14:53:00+00:00,23.03,33.12,2608.58,0.0,19.83,True,1,False,0.16595388518536264,Z-Score
2026-09-04 14:54:00+00:00,12.58,12.92,2769.32,0.0,71.42,False,0,False,0.15924023052524272,None
2026-09-04 14:55:00+00:00,19.48,24.62,2586.66,0.0,21.05,False,0,False,0.10796077502240653,None
2026-09-04 14:56:00+00:00,17.49,22.45,2741.33,0.0,20.98,False,0,False,0.24994810518761368,None
2026-09-04 14:57:00+00:00,15.02,15.6,2880.73,0.0,20.87,False,0,False,0.2523014186032979,None
2026-09-04 14:58:00+00:00,15.09,19.0,2844.23,0.0,20.11,False,0,False,0.22545075156533634,None
2026-09-04 14:59:00+00:00,10.99,13.93,2683.78,0.36,20.8,False,0,False,0.2265846087091134,None
2026-09-04 15:00:00+00:00,14.83,18.22,2956.47,0.49,58.94,False,0,False,0.09245411888292665,None
2026-09-04 15:01:00+00:00,14.71,16.09,2960.4,0.0,61.44,False,0,False,0.18715528365605472,None
2026-09-04 15:02:00+00:00,18.46,19.43,2881.03,0.0,20.26,False,0,False,0.19027153748360753,None
2026-09-04 15:03:00+00:00,13.99,17.56,2904.8,0.0,21.01,False,0,False,0.25497958638375956,None
2026-09-04 15:04:00+00:00,17.69,22.03,2727.24,0.0,20.99,False,0,False,0.1732558358000465,None
2026-09-04 15:05:00+00:00,15.83,21.03,2837.6,0.0,72.67,False,0,False,0.15400806916700333,None
2026-09-04 15:06:00+00:00,14.62,17.81,2575.49,0.0,56.18,False,0,False,0.19231185163406694,None
2026-09-04 15:07:00+00:00,14.78,10.78,2454.17,0.0,57.5,False,0,False,0.14754749820232133,None
2026-09-04 15:08:00+00:00,17.09,23.65,2517.37,0.34,19.78,False,0,False,0.19131551683488063,None
2026-09-04 15:09:00+00:00,12.02,14.51,2598.29,0.0,59.19,False,0,False,0.18310297083370985,None
2026-09-04 15:10:00+00:00,13.41,14.84,2664.48,0.0,20.52,False,0,False,0.23696189399662515,None
2026-09-04 15:11:00+00:00,16.17,23.74,2794.28,0.64,21.1,False,0,False,0.21727883698242062,None
2026-09-04 15:12:00+00:00,16.09,17.34,2692.12,0.0,20.71,False,0,False,0.2517825548008438,None
2026-09-04 15:13:00+00:00,19.03,25.49,2378.35,0.0,21.09,False,0,False,0.14952112620250474,None
2026-09-04 15:14:00+00:00,14.02,15.32,2866.58,0.0,19.67,False,0,False,0.26526192785945296,None
2026-09-04 15:15:00+00:00,14.73,18.65,2814.31,0.0,20.3,False,0,False,0.26466124352394765,None
2026-09-04 15:16:00+00:00,16.41,15.43,2386.66,0.0,59.38,False,0,False,0.09615300585145359,None
2026-09-04 15:17:00+00:00,12.22,13.15,2862.71,0.0,53.78,False,0,False,0.18728060888857517,None
2026-09-04 15:18:00+00:00,18.48,22.68,2938.02,0.0,75.05,False,0,False,0.13581527649850322,None
2026-09-04 15:19:00+00:00,17.33,18.53,2550.14,1.03,20.27,True,1,False,0.18284872124944412,Z-Score
2026-09-04 15:20:00+00:00,19.8,25.9,2682.64,0.0,20.44,False,0,False,0.16228491406224838,None
2026-09-04 15:21:00+00:00,15.45,12.86,2652.36,0.0,51.32,False,0,False,0.20084583804691247,None
2026-09-04 15:22:00+00:00,12.97,18.5,2856.13,0.0,51.7,False,0,False,0.20632187231242688,None
2026-09-04 15:23:00+00:00,14.35,11.02,2646.83,0.0,20.78,False,0,False,0.2350302890473409,None
2026-09-04 15:24:00+00:00,12.73,20.04,2812.48,0.0,20.91,False,0,False,0.2287536208865194,None
2026-09-04 15:25:00+00:00,13.25,14.35,2487.13,0.0,20.82,False,0,False,0.2577287297357097,None
2026-09-04 15:26:00+00:00,13.95,13.34,2912.8,0.0,20.07,False,0,False,0.2264084752164301,None
2026-09-04 15:27:00+00:00,15.29,18.53,2767.12,0.0,52.13,False,0,False,0.18434210672266865,None
2026-09-04 15:28:00+00:00,15.29,18.84,2717.81,0.0,66.61,False,0,False,0.18904190783165814,None
2026-09-04 15:29:00+00:00,17.42,23.23,2731.01,0.0,20.78,False,0,False,0.15563598025641617,None
2026-09-04 15:30:00+00:00,14.5,13.85,2434.24,0.5,20.74,False,0,False,0.1924697315118905,None
2026-09-04 15:31:00+00:00,15.38,17.53,2928.4,0.0,20.46,False,0,False,0.2583240801112864,None
2026-09-04 15:32:00+00:00,16.17,18.36,2796.77,0.0,20.15,False,0,False,0.21459192214214906,None
2026-09-04 15:33:00+00:00,16.58,15.92,2594.99,0.0,60.7,False,0,False,0.18155591806588744,None
2026-09-04 15:34:00+00:00,16.45,20.07,2686.81,0.61,19.85,False,0,False,0.21914578148617192,None
2026-09-04 15:35:00+00:00,16.27,20.61,2873.27,0.0,48.63,False,0,False,0.2049728385053446,None
2026-09-04 15:36:00+00:00,13.61,13.83,2622.43,1.13,19.77,True,1,False,0.12261097918667885,Z-Score
2026-09-04 15:37:00+00:00,15.48,16.59,2626.14,0.0,20.27,False,0,False,0.26256813991389955,None
2026-09-04 15:38:00+00:00,14.48,16.62,2806.3,0.0,21.09,False,0,False,0.27975182603935367,None
2026-09-04 15:39:00+00:00,15.47,18.6,2698.02,0.0,19.9,False,0,False,0.25802791109900225,None
2026-09-04 15:40:00+00:00,15.27,25.5,2766.36,1.31,65.64,True,1,False,0.05852890557738466,Z-Score
2026-09-04 15:41:00+00:00,12.13,14.68,2741.81,0.0,57.35,False,0,False,0.19161563585221764,None
2026-09-04 15:42:00+00:00,14.8,15.31,2742.13,0.0,52.48,False,0,False,0.21445373507982202,None
2026-09-04 15:43:00+00:00,14.66,16.54,2675.82,0.0,48.51,False,0,False,0.19697415072613422,None
2026-09-04 15:44:00+00:00,17.94,19.29,2520.99,0.0,21.1,False,0,False,0.23757055388235493,None
2026-09-04 15:45:00+00:00,14.02,11.65,2562.91,0.02,20.51,False,0,False,0.1980980329492501,None
2026-09-04 15:46:00+00:00,16.32,19.3,2762.89,0.0,20.58,False,0,False,0.20415962915394975,None
2026-09-04 15:47:00+00:00,12.98,15.52,2998.88,0.6,67.68,False,0,False,0.11464746388633806,None
2026-09-04 15:48:00+00:00,12.46,18.54,2638.62,0.21,20.93,False,0,False,0.22202827632646266,None
2026-09-04 15:49:00+00:00,16.33,14.37,2838.55,0.0,20.6,False,0,False,0.245956556538093,None
2026-09-04 15:50:00+00:00,10.67,14.28,2805.56,0.0,57.9,False,0,False,0.1034692560308833,None
2026-09-04 15:51:00+00:00,11.66,9.89,2851.36,0.0,59.23,False,0,False,0.16260386395833554,None
2026-09-04 15:52:00+00:00,15.83,17.18,2990.97,0.86,63.51,False,0,False,0.1177824379756971,None
2026-09-04 15:53:00+00:00,14.58,15.27,2709.2,0.0,20.39,False,0,False,0.2677032863472756,None
2026-09-04 15:54:00+00:00,19.81,22.8,2527.41,0.0,63.91,False,0,False,0.1392149781213846,None
2026-09-04 15:55:00+00:00,16.23,13.65,2579.08,0.0,61.37,False,0,False,0.17710127938485282,None
2026-09-04 15:56:00+00:00,13.86,17.06,2723.82,0.0,20.32,False,0,False,0.23530171570332914,None
2026-09-04 15:57:00+00:00,12.72,12.83,2564.88,0.0,21.04,False,0,False,0.17043199587051133,None
2026-09-04 15:58:00+00:00,14.73,17.92,2982.52,0.0,55.04,False,0,False,0.21762993968633543,None
2026-09-04 15:59:00+00:00,16.31,19.62,2500.27,0.0,20.19,False,0,False,0.259473271742295,None
2026-09-04 16:00:00+00:00,16.03,16.65,2720.48,0.0,20.04,False,0,False,0.2718235502614477,None
2026-09-04 16:01:00+00:00,14.4,19.89,2905.58,0.0,19.83,False,0,False,0.272928843624131,None
2026-09-04 16:02:00+00:00,9.84,12.04,2953.9,0.0,49.65,False,0,False,0.13439515966615034,None
2026-09-04 16:03:00+00:00,11.35,13.21,2574.32,0.0,19.68,False,0,False,0.21748477154322599,None
2026-09-04 16:04:00+00:00,12.72,12.04,2516.94,0.0,20.1,False,0,False,0.1991994561792545,None
2026-09-04 16:05:00+00:00,16.18,18.79,2726.28,0.0,19.69,False,0,False,0.22001119994407115,None
2026-09-04 16:06:00+00:00,15.84,15.97,2826.66,0.13,46.62,False,0,False,0.19929529451469968,None
2026-09-04 16:07:00+00:00,17.64,18.94,2860.44,0.0,20.0,False,0,False,0.25940455330221135,None
2026-09-04 16:08:00+00:00,11.66,10.26,2723.62,0.0,20.75,False,0,False,0.22897968577007705,None
2026-09-04 16:09:00+00:00,14.44,13.99,2773.78,0.0,20.68,False,0,False,0.24496065487658036,None
2026-09-04 16:10:00+00:00,19.09,19.04,2807.24,0.0,60.86,False,0,False,0.18255318035317059,None
2026-09-04 16:11:00+00:00,15.51,16.1,2507.24,0.0,20.12,False,0,False,0.23865623149440623,None
2026-09-04 16:12:00+00:00,20.97,25.94,2762.41,0.57,59.98,False,0,False,0.08396795941913704,None
2026-09-04 16:13:00+00:00,11.16,10.95,2619.66,0.86,21.02,False,0,False,0.16201988821049113,None
2026-09-04 16:14:00+00:00,14.45,17.67,2913.37,0.0,47.52,False,0,False,0.20566034025435098,None
2026-09-04 16:15:00+00:00,13.33,17.4,2629.93,0.03,42.98,False,0,False,0.14633206738576032,None
2026-09-04 16:16:00+00:00,18.92,26.16,2888.23,0.0,50.35,False,0,False,0.17877355383718335,None
2026-09-04 16:17:00+00:00,14.99,17.26,2774.62,0.75,20.58,False,0,False,0.2105071265012628,None
2026-09-04 16:18:00+00:00,15.79,15.34,2771.97,0.63,20.59,False,0,False,0.22245630058667987,None
2026-09-04 16:19:00+00:00,14.37,15.6,2807.65,0.0,20.24,False,0,False,0.2583755221070077,None
2026-09-04 16:20:00+00:00,12.83,19.39,2961.91,0.0,21.08,False,0,False,0.2514777751477802,None
2026-09-04 16:21:00+00:00,16.39,18.97,2773.85,0.0,42.49,False,0,False,0.23634405008931642,None
2026-09-04 16:22:00+00:00,13.38,14.07,2523.19,0.0,19.91,False,0,False,0.2369376452191927,None
2026-09-04 16:23:00+00:00,13.55,16.83,2822.0,0.32,46.98,False,0,False,0.19374229093203182,None
2026-09-04 16:24:00+00:00,17.55,19.91,2525.31,0.0,19.96,False,0,False,0.22422418130283844,None
2026-09-04 16:25:00+00:00,12.4,10.72,2844.8,0.0,49.63,False,0,False,0.1853522970694343,None
2026-09-04 16:26:00+00:00,11.27,13.92,2788.61,0.0,42.49,False,0,False,0.16009619198471486,None
2026-09-04 16:27:00+00:00,14.44,15.64,2893.33,0.0,48.53,False,0,False,0.22206262839724017,None
2026-09-04 16:28:00+00:00,14.95,13.53,2796.24,0.55,42.98,False,0,False,0.12029168666006995,None
2026-09-04 16:29:00+00:00,16.81,25.03,2644.2,0.0,19.64,False,0,False,0.23495091163335563,None
2026-09-04 16:30:00+00:00,14.75,15.5,2811.47,0.0,20.66,False,0,False,0.26168664922584206,None
2026-09-04 16:31:00+00:00,16.53,20.73,2632.98,0.0,54.13,False,0,False,0.18961586408218062,None
2026-09-04 16:32:00+00:00,12.59,13.37,2797.19,0.0,19.9,False,0,False,0.2340453212423308,None
2026-09-04 16:33:00+00:00,12.78,13.94,2737.08,0.0,47.45,False,0,False,0.18986860175791825,None
2026-09-04 16:34:00+00:00,19.14,20.71,2984.72,0.6,43.42,False,0,False,0.18018883550767367,None
2026-09-04 16:35:00+00:00,15.69,17.54,2630.79,0.44,53.54,False,0,False,0.15796546657187832,None
2026-09-04 16:36:00+00:00,12.86,15.51,2462.42,0.2,54.2,False,0,False,0.15819480908850353,None
2026-09-04 16:37:00+00:00,17.96,16.99,2586.29,0.0,41.02,False,0,False,0.16150010085180516,None
2026-09-04 16:38:00+00:00,16.7,22.33,2719.98,0.16,50.77,False,0,False,0.17236845850202853,None
2026-09-04 16:39:00+00:00,18.32,20.17,2679.74,0.0,44.67,False,0,False,0.2148503032356865,None
2026-09-04 16:40:00+00:00,11.68,13.97,2656.26,0.0,20.33,False,0,False,0.2668491696704276,None
2026-09-04 16:41:00+00:00,17.93,23.95,3012.41,0.0,52.91,False,0,False,0.18957757010514742,None
2026-09-04 16:42:00+00:00,19.56,23.61,2887.0,0.43,20.32,False,0,False,0.21876674935791474,None
2026-09-04 16:43:00+00:00,13.71,16.15,2748.77,0.0,20.5,False,0,False,0.22539266966389898,None
2026-09-04 16:44:00+00:00,15.52,16.77,2807.0,0.21,39.58,False,0,False,0.20366425149563278,None
2026-09-04 16:45:00+00:00,14.76,19.45,2686.06,0.0,21.0,False,0,False,0.2662814239168203,None
2026-09-04 16:46:00+00:00,19.29,21.54,2966.86,0.0,19.86,False,0,False,0.2459877116449179,None
2026-09-04 16:47:00+00:00,15.08,18.07,2755.37,0.0,41.07,False,0,False,0.23736767153369065,None
2026-09-04 16:48:00+00:00,13.29,12.75,2923.53,0.04,38.1,False,0,False,0.20140330624423042,None
2026-09-04 16:49:00+00:00,14.92,19.6,2859.71,0.0,20.97,False,0,False,0.26713831282607076,None
2026-09-04 16:50:00+00:00,14.98,15.62,2873.29,0.64,20.47,False,0,False,0.20458740531030545,None
2026-09-04 16:51:00+00:00,12.6,15.18,3008.64,0.0,21.06,False,0,False,0.2566976903001927,None
2026-09-04 16:52:00+00:00,13.36,14.85,3022.11,0.0,19.99,False,0,False,0.27806332651546184,None
2026-09-04 16:53:00+00:00,12.72,15.64,3111.43,0.04,20.94,False,0,False,0.2476643001834528,None
2026-09-04 16:54:00+00:00,14.15,20.52,2934.68,0.0,20.75,False,0,False,0.2696488340639852,None
2026-09-04 16:55:00+00:00,13.16,15.01,2906.1,0.0,36.14,False,0,False,0.22360035288822483,None
2026-09-04 16:56:00+00:00,15.79,19.32,2816.82,0.36,46.75,False,0,False,0.18176764932610667,None
2026-09-04 16:57:00+00:00,12.99,19.04,3111.23,0.0,20.08,False,0,False,0.26562473679913656,None
2026-09-04 16:58:00+00:00,17.6,20.07,2739.49,0.0,20.87,False,0,False,0.2659030855790585,None
2026-09-04 16:59:00+00:00,14.29,15.99,2647.19,0.0,19.78,False,0,False,0.27920208299294047,None
2026-09-04 17:00:00+00:00,16.76,18.34,2907.13,0.0,39.42,False,0,False,0.2249413451708025,None
2026-09-04 17:01:00+00:00,17.82,20.77,2773.24,0.0,44.39,False,0,False,0.18757932556987916,None
2026-09-04 17:02:00+00:00,15.91,18.1,2889.07,0.0,41.01,False,0,False,0.23130778632660476,None
2026-09-04 17:03:00+00:00,12.45,18.07,2537.99,0.0,44.41,False,0,False,0.1969550445791345,None
2026-09-04 17:04:00+00:00,19.67,26.88,2790.82,0.0,40.33,False,0,False,0.18975832964043715,None
2026-09-04 17:05:00+00:00,17.73,17.98,2967.09,0.81,19.91,True,1,False,0.1912114007908408,Z-Score
2026-09-04 17:06:00+00:00,13.8,14.41,2946.0,0.0,20.74,False,0,False,0.2651644537809324,None
2026-09-04 17:07:00+00:00,16.01,10.66,2850.55,0.0,20.1,False,0,False,0.24131916437888173,None
2026-09-04 17:08:00+00:00,17.5,22.57,2859.17,0.68,44.94,False,0,False,0.16105394334325457,None
2026-09-04 17:09:00+00:00,12.14,15.42,2906.32,0.0,20.91,False,0,False,0.23695387531363965,None
2026-09-04 17:10:00+00:00,16.1,17.9,2721.4,0.0,41.0,False,0,False,0.23198454330556106,None
2026-09-04 17:11:00+00:00,12.94,13.23,2665.08,0.54,20.03,False,0,False,0.20304398070770197,None
2026-09-04 17:12:00+00:00,15.85,19.03,2746.78,0.12,20.47,False,0,False,0.2466851145282502,None
2026-09-04 17:13:00+00:00,13.14,12.98,2947.11,0.0,35.29,False,0,False,0.21017181774432664,None
2026-09-04 17:14:00+00:00,14.91,15.45,3005.82,0.23,20.35,False,0,False,0.2509173681045333,None
2026-09-04 17:15:00+00:00,18.4,19.57,3026.79,0.0,38.6,False,0,False,0.20750666633941417,None
2026-09-04 17:16:00+00:00,11.66,13.84,2829.64,0.15,20.01,False,0,False,0.24496273705881744,None
2026-09-04 17:17:00+00:00,14.64,16.49,2887.52,0.0,38.52,False,0,False,0.23963486861722,None
2026-09-04 17:18:00+00:00,12.86,14.76,3291.62,0.0,19.96,True,1,False,0.2523426256364666,Z-Score
2026-09-04 17:19:00+00:00,15.09,17.27,3131.84,0.34,20.99,False,0,False,0.24586564406756872,None
2026-09-04 17:20:00+00:00,11.26,16.92,3177.21,0.0,32.85,False,0,False,0.2253592058683917,None
2026-09-04 17:21:00+00:00,14.84,19.02,2542.6,0.52,36.05,False,0,False,0.1903767118047796,None
2026-09-04 17:22:00+00:00,18.26,21.38,2964.44,0.0,36.55,False,0,False,0.21460089860590065,None
2026-09-04 17:23:00+00:00,15.63,15.15,2800.91,0.0,19.91,False,0,False,0.27776112559800525,None
2026-09-04 17:24:00+00:00,15.66,21.79,2904.16,0.0,41.53,False,0,False,0.18231094742194054,None
2026-09-04 17:25:00+00:00,16.56,16.32,2776.25,0.0,21.05,False,0,False,0.27314733375163086,None
2026-09-04 17:26:00+00:00,12.9,14.22,2869.95,0.0,21.0,False,0,False,0.27673015993022865,None
2026-09-04 17:27:00+00:00,19.63,23.01,2982.98,0.0,20.85,False,0,False,0.253399544997781,None
2026-09-04 17:28:00+00:00,20.17,24.67,2848.81,0.0,20.61,False,0,False,0.23644707469796067,None
2026-09-04 17:29:00+00:00,14.11,13.6,2992.46,0.0,36.81,False,0,False,0.20929578442831426,None
2026-09-04 17:30:00+00:00,14.95,12.82,3106.86,0.97,31.95,True,1,False,0.1536767199692175,Z-Score
2026-09-04 17:31:00+00:00,17.5,19.2,2961.95,0.0,21.06,False,0,False,0.2833572802137984,None
2026-09-04 17:32:00+00:00,15.47,13.52,3209.37,0.95,19.65,True,1,False,0.1981239462255655,Z-Score
2026-09-04 17:33:00+00:00,11.86,17.79,2967.9,0.0,20.34,False,0,False,0.2708514070821514,None
2026-09-04 17:34:00+00:00,16.55,23.5,2555.57,1.07,34.06,True,1,False,0.1268840365705387,Z-Score
2026-09-04 17:35:00+00:00,14.15,13.76,2711.27,1.1,20.04,True,1,False,0.183826186611531,Z-Score
2026-09-04 17:36:00+00:00,10.98,9.85,3016.22,0.0,20.14,False,0,False,0.23824150880463302,None
2026-09-04 17:37:00+00:00,16.91,20.44,2985.66,0.0,20.96,False,0,False,0.22780495343319357,None
2026-09-04 17:38:00+00:00,14.89,20.5,2893.44,0.0,36.88,False,0,False,0.23656866122331632,None
2026-09-04 17:39:00+00:00,18.99,23.43,2949.56,0.0,20.16,False,0,False,0.2571156650048254,None
2026-09-04 17:40:00+00:00,20.55,20.13,2939.92,0.0,19.83,False,0,False,0.24336533062256205,None
2026-09-04 17:41:00+00:00,18.23,17.46,3144.98,0.88,31.65,False,0,False,0.1689005613238727,None
2026-09-04 17:42:00+00:00,16.34,21.19,2860.82,0.0,20.75,False,0,False,0.27903080905906713,None
2026-09-04 17:43:00+00:00,14.46,13.45,3072.5,0.0,19.68,False,0,False,0.27975902211015446,None
2026-09-04 17:44:00+00:00,13.29,18.27,2895.3,0.0,20.89,False,0,False,0.27152354645995597,None
2026-09-04 17:45:00+00:00,15.58,16.09,2831.67,0.0,19.68,False,0,False,0.2869583114310766,None
2026-09-04 17:46:00+00:00,13.79,15.08,3011.34,0.0,36.39,False,0,False,0.2312551093779271,None
2026-09-04 17:47:00+00:00,13.52,14.91,2919.86,1.04,20.63,False,0,False,0.19270509025453963,None
2026-09-04 17:48:00+00:00,14.96,15.02,3058.44,0.0,19.76,False,0,False,0.27566834239731286,None
2026-09-04 17:49:00+00:00,16.61,14.02,3152.57,0.0,19.93,False,0,False,0.2750342025814278,None
2026-09-04 17:50:00+00:00,17.94,16.99,3056.05,0.68,20.13,False,0,False,0.23967379689073265,None
2026-09-04 17:51:00+00:00,16.84,18.31,2992.93,0.0,32.27,False,0,False,0.23629731817905458,None
2026-09-04 17:52:00+00:00,22.14,24.49,3024.04,0.0,28.73,False,0,False,0.20605351241883818,None
2026-09-04 17:53:00+00:00,15.7,17.05,3013.85,1.01,33.06,False,0,False,0.17292962120345412,None
2026-09-04 17:54:00+00:00,13.5,14.64,3042.4,0.72,19.86,False,0,False,0.23410064427091365,None
2026-09-04 17:55:00+00:00,17.36,16.92,2836.26,0.0,30.9,False,0,False,0.2287610740808914,None
2026-09-04 17:56:00+00:00,13.4,13.17,2956.89,0.49,20.99,False,0,False,0.21472877005596275,None
2026-09-04 17:57:00+00:00,15.36,20.98,3182.89,0.0,31.05,False,0,False,0.23234924730140694,None
2026-09-04 17:58:00+00:00,16.23,16.83,3150.41,0.0,28.33,False,0,False,0.25606490926206327,None
2026-09-04 17:59:00+00:00,18.41,19.43,3132.87,0.0,20.34,False,0,False,0.27264328013709,None
2026-09-04 18:00:00+00:00,14.03,21.05,3018.37,0.09,21.04,False,0,False,0.2379315200962322,None
2026-09-04 18:01:00+00:00,14.92,16.93,2988.56,0.0,31.69,False,0,False,0.2461150875087093,None
2026-09-04 18:02:00+00:00,18.99,22.63,3120.66,0.0,20.09,False,0,False,0.27267008637638024,None
2026-09-04 18:03:00+00:00,14.33,17.79,3211.67,1.02,20.81,False,0,False,0.20633643657782968,None
2026-09-04 18:04:00+00:00,16.02,16.18,3166.74,0.0,27.82,False,0,False,0.2483244963683946,None
2026-09-04 18:05:00+00:00,12.89,14.01,3170.0,0.0,29.42,False,0,False,0.24913376366136203,None
2026-09-04 18:06:00+00:00,14.28,19.23,3082.69,0.0,20.24,False,0,False,0.2847406840115628,None
2026-09-04 18:07:00+00:00,22.83,25.11,3000.41,0.0,20.61,True,1,False,0.22459734674743986,Z-Score
2026-09-04 18:08:00+00:00,17.55,22.4,2972.93,0.89,20.73,False,0,False,0.20772064357332298,None
2026-09-04 18:09:00+00:00,14.47,16.42,2809.89,0.58,21.1,False,0,False,0.23763759570474452,None
2026-09-04 18:10:00+00:00,13.56,20.76,3097.94,0.22,19.69,False,0,False,0.2362632671415144,None
2026-09-04 18:11:00+00:00,18.24,26.55,2944.65,0.0,20.86,False,0,False,0.2454117617447516,None
2026-09-04 18:12:00+00:00,11.97,8.01,2870.56,0.0,29.94,False,0,False,0.19727573136554555,None
2026-09-04 18:13:00+00:00,12.31,13.1,3123.58,0.0,20.18,False,0,False,0.2688677162409572,None
2026-09-04 18:14:00+00:00,15.22,15.47,3399.57,0.43,26.82,False,0,False,0.20931716760716168,None
2026-09-04 18:15:00+00:00,14.16,17.11,3195.0,0.0,25.91,False,0,False,0.2653272255188233,None
2026-09-04 18:16:00+00:00,14.06,18.04,2950.63,0.0,20.41,False,0,False,0.2845854633400405,None
2026-09-04 18:17:00+00:00,17.82,25.47,2983.4,0.0,20.26,False,0,False,0.2508954708145349,None
2026-09-04 18:18:00+00:00,19.89,23.46,3379.23,0.55,19.85,False,0,False,0.20751012432056493,None
2026-09-04 18:19:00+00:00,14.58,19.49,3062.64,0.0,27.04,False,0,False,0.251669265793977,None
2026-09-04 18:20:00+00:00,17.09,18.44,3339.64,0.12,25.97,False,0,False,0.23914389580823103,None
2026-09-04 18:21:00+00:00,11.55,12.96,3075.15,0.0,19.69,False,0,False,0.26719773586499795,None
2026-09-04 18:22:00+00:00,15.4,23.15,3095.23,0.0,20.11,False,0,False,0.2748381049744911,None
2026-09-04 18:23:00+00:00,15.59,18.6,3053.2,0.0,20.99,False,0,False,0.27576003093452056,None
2026-09-04 18:24:00+00:00,19.31,17.59,2983.18,0.0,27.92,False,0,False,0.257906037843327,None
2026-09-04 18:25:00+00:00,16.07,16.25,3299.71,0.0,19.81,False,0,False,0.27313276369313216,None
2026-09-04 18:26:00+00:00,17.3,18.71,3136.63,0.0,20.98,False,0,False,0.27477494316011847,None
2026-09-04 18:27:00+00:00,13.26,20.43,3213.52,0.0,19.91,False,0,False,0.27617397795733634,None
2026-09-04 18:28:00+00:00,13.88,14.62,3065.06,0.0,20.44,False,0,False,0.2843001694894799,None
2026-09-04 18:29:00+00:00,11.87,10.22,2930.82,0.0,25.62,False,0,False,0.22564324859158386,None
2026-09-04 18:30:00+00:00,11.9,11.89,2902.12,0.0,25.89,False,0,False,0.24383077075438014,None
2026-09-04 18:31:00+00:00,18.78,17.88,3025.87,0.45,20.02,False,0,False,0.24263744661328868,None
2026-09-04 18:32:00+00:00,18.04,18.63,3265.37,0.75,24.81,False,0,False,0.20975695950195483,None
2026-09-04 18:33:00+00:00,9.34,13.87,3193.45,0.0,23.65,False,0,False,0.2303568030630847,None
2026-09-04 18:34:00+00:00,19.16,18.0,3292.62,1.16,19.86,False,0,False,0.18425324705030693,None
2026-09-04 18:35:00+00:00,15.94,20.7,3184.67,0.0,19.84,False,0,False,0.2727443668174489,None
2026-09-04 18:36:00+00:00,11.72,15.17,3116.18,0.0,23.87,False,0,False,0.25646949702845206,None
2026-09-04 18:37:00+00:00,17.98,20.43,3162.75,0.0,24.84,False,0,False,0.26103010808281346,None
2026-09-04 18:38:00+00:00,12.72,8.33,3270.57,0.0,20.58,False,0,False,0.22744201558985672,None
2026-09-04 18:39:00+00:00,16.56,16.87,3076.12,0.0,20.61,False,0,False,0.2537420428087853,None
2026-09-04 18:40:00+00:00,13.95,14.45,3143.15,0.47,22.98,False,0,False,0.2372133842544441,None
2026-09-04 18:41:00+00:00,15.98,17.32,3190.57,0.41,23.34,False,0,False,0.24156839535301455,None
2026-09-04 18:42:00+00:00,15.24,19.22,3183.4,0.22,23.53,False,0,False,0.23833999159211505,None
2026-09-04 18:43:00+00:00,17.96,23.78,3041.74,0.0,20.83,False,0,False,0.26652015973464854,None
2026-09-04 18:44:00+00:00,17.13,20.75,3154.64,0.0,20.88,False,0,False,0.2704393124604613,None
2026-09-04 18:45:00+00:00,16.0,16.95,3142.16,0.0,20.46,False,0,False,0.269200348505566,None
2026-09-04 18:46:00+00:00,16.94,21.37,3055.71,0.18,23.19,False,0,False,0.24919572441654447,None
2026-09-04 18:47:00+00:00,15.95,16.49,2896.5,0.0,20.19,False,0,False,0.2802139467775355,None
2026-09-04 18:48:00+00:00,15.82,21.61,3198.0,0.0,23.04,False,0,False,0.2522620652793595,None
2026-09-04 18:49:00+00:00,14.19,10.13,3126.85,0.0,20.71,False,0,False,0.24463228783000657,None
2026-09-04 18:50:00+00:00,11.21,14.64,2979.99,0.0,19.96,False,0,False,0.26351707036491784,None
2026-09-04 18:51:00+00:00,12.75,21.71,3137.81,0.0,22.96,False,0,False,0.25795307290348496,None
2026-09-04 18:52:00+00:00,12.12,14.54,3178.39,0.0,22.9,False,0,False,0.2543036732083957,None
2026-09-04 18:53:00+00:00,17.28,17.59,3387.57,0.0,22.78,False,0,False,0.2509207887609941,None
2026-09-04 18:54:00+00:00,17.1,20.67,3193.02,0.0,19.86,False,0,False,0.27379823640180023,None
2026-09-04 18:55:00+00:00,13.6,11.93,3166.44,0.0,20.83,False,0,False,0.2651343440418665,None
2026-09-04 18:56:00+00:00,17.71,17.35,3120.18,0.0,22.3,False,0,False,0.2705828892429532,None
2026-09-04 18:57:00+00:00,14.31,14.78,3044.49,0.55,22.0,False,0,False,0.23648516506059286,None
2026-09-04 18:58:00+00:00,17.44,15.99,3240.92,0.49,20.31,False,0,False,0.22972119049894746,None
2026-09-04 18:59:00+00:00,11.55,16.53,3203.43,0.0,21.11,False,0,False,0.2729009574137305,None
2026-09-04 19:00:00+00:00,13.26,13.66,3055.64,0.0,20.54,False,0,False,0.2795292914058631,None
2026-09-04 19:01:00+00:00,14.63,12.7,3389.42,0.2,20.78,False,0,False,0.23391920373126102,None
2026-09-04 19:02:00+00:00,17.62,26.03,3224.65,0.0,20.98,False,0,False,0.24563965122241677,None
2026-09-04 19:03:00+00:00,15.81,19.54,3448.69,0.0,20.36,False,0,False,0.24824212739876383,None
2026-09-04 19:04:00+00:00,17.09,19.36,3136.38,0.0,20.56,False,0,False,0.2852559352119817,None
2026-09-04 19:05:00+00:00,8.98,7.5,3327.8,0.01,20.42,False,0,False,0.1947691742082181,None
2026-09-04 19:06:00+00:00,14.15,15.53,3107.44,0.0,20.68,False,0,False,0.28037299954158496,None
2026-09-04 19:07:00+00:00,65.27,68.97,3315.85,0.0,20.7,True,2,True,-0.004402682574555006,Both
2026-09-04 19:08:00+00:00,65.1,64.88,3290.18,0.0,20.47,True,2,False,0.0072403560746092666,Z-Score
2026-09-04 19:09:00+00:00,60.68,73.97,3341.75,0.09,20.24,True,2,True,-0.022166652446945823,Both
2026-09-04 19:10:00+00:00,64.2,68.51,3278.77,0.0,20.13,True,2,True,-0.0019018601399009016,Both
2026-09-04 19:11:00+00:00,62.78,67.58,3447.25,0.0,19.96,True,2,True,-0.00025186852432190765,Both
2026-09-04 19:12:00+00:00,68.34,78.63,3104.14,0.0,19.87,True,2,True,-0.013893773037653712,Both
2026-09-04 19:13:00+00:00,66.87,76.68,2784.78,0.28,19.69,True,2,True,-0.020240957600132004,Both
2026-09-04 19:14:00+00:00,64.21,64.94,3364.01,0.0,20.96,False,0,True,-0.0002676000905450504,Isolation Forest
2026-09-04 19:15:00+00:00,65.22,74.38,3260.03,0.0,19.63,False,0,True,-0.010933808106217802,Isolation Forest
2026-09-04 19:16:00+00:00,68.88,69.84,3347.24,0.0,19.98,False,0,True,-0.016847447044837982,Isolation Forest
2026-09-04 19:17:00+00:00,62.78,69.31,3081.36,0.0,20.33,False,0,False,0.00965531616924975,None
2026-09-04 19:18:00+00:00,69.38,73.1,3234.44,0.0,20.93,False,0,True,-0.010540608981303712,Isolation Forest
2026-09-04 19:19:00+00:00,68.36,72.32,3321.83,0.0,19.74,False,0,True,-0.02911489518483623,Isolation Forest
2026-09-04 19:20:00+00:00,65.72,74.44,3260.61,0.55,19.63,False,0,True,-0.027659111544460213,Isolation Forest
2026-09-04 19:21:00+00:00,65.65,72.84,3239.48,0.0,19.95,False,0,True,-0.004717232564995122,Isolation Forest
2026-09-04 19:22:00+00:00,67.07,67.05,3611.48,0.0,20.51,True,1,True,-0.013965543035118766,Both
2026-09-04 19:23:00+00:00,64.03,65.58,3179.47,0.0,19.9,False,0,False,6.296713108044916e-05,None
2026-09-04 19:24:00+00:00,61.09,69.75,3145.74,0.0,19.85,False,0,False,0.008181597095180404,None
2026-09-04 19:25:00+00:00,59.0,67.08,3294.13,0.0,20.62,False,0,False,0.010629651829879294,None
2026-09-04 19:26:00+00:00,61.48,69.99,3421.75,0.0,19.63,False,0,True,-0.01466162609113586,Isolation Forest
2026-09-04 19:27:00+00:00,62.41,70.69,3187.29,0.0,19.63,False,0,False,0.007898520701070444,None
2026-09-04 19:28:00+00:00,62.7,74.39,3429.76,0.0,21.05,False,0,True,-0.021088725790014196,Isolation Forest
2026-09-04 19:29:00+00:00,59.38,63.47,3141.85,0.28,19.71,False,0,True,-0.004360273790847136,Isolation Forest
2026-09-04 19:30:00+00:00,57.93,59.84,3289.15,0.0,21.13,False,0,False,0.025808483833589135,None
2026-09-04 19:31:00+00:00,68.27,76.19,3049.95,0.0,19.63,False,0,True,-0.012003150786553118,Isolation Forest
2026-09-04 19:32:00+00:00,63.11,65.99,3415.72,0.52,19.63,False,0,True,-0.01512309367688125,Isolation Forest
2026-09-04 19:33:00+00:00,60.2,78.29,3235.72,0.0,19.63,False,0,True,-0.010357073458140964,Isolation Forest
2026-09-04 19:34:00+00:00,60.79,62.47,3317.25,1.0,19.87,True,1,True,-0.021169273123090804,Both
2026-09-04 19:35:00+00:00,59.62,66.35,3040.74,0.0,21.11,False,0,False,0.025998424566303524,None
2026-09-04 19:36:00+00:00,67.71,79.49,3085.39,0.0,19.63,False,0,True,-0.015604628881517923,Isolation Forest
2026-09-04 19:37:00+00:00,56.61,62.86,3169.53,0.0,20.83,False,0,False,0.02436480844085509,None
2026-09-04 19:38:00+00:00,59.97,64.63,3235.25,0.0,20.09,False,0,False,0.006587714957148161,None
2026-09-04 19:39:00+00:00,55.75,57.21,3209.81,0.0,20.21,False,0,False,0.02450229961478123,None
2026-09-04 19:40:00+00:00,57.41,62.36,3395.89,0.0,20.82,False,0,False,0.011837298390888207,None
2026-09-04 19:41:00+00:00,12.99,14.24,3281.69,1.39,20.93,True,1,False,0.16104262255905566,Z-Score
2026-09-04 19:42:00+00:00,14.48,17.58,3196.94,0.0,19.63,False,0,False,0.28151003006095543,None
2026-09-04 19:43:00+00:00,15.76,17.36,3140.99,0.0,19.68,False,0,False,0.28458019339885926,None
2026-09-04 19:44:00+00:00,13.56,15.66,3599.72,0.0,19.63,False,0,False,0.24648395445321453,None
2026-09-04 19:45:00+00:00,16.41,21.37,3354.43,0.0,20.14,False,0,False,0.2589838116646183,None
2026-09-04 19:46:00+00:00,15.88,21.85,3170.03,0.0,20.04,False,0,False,0.23863960353391206,None
2026-09-04 19:47:00+00:00,13.96,15.54,3265.61,0.0,20.83,False,0,False,0.2756763342131547,None
2026-09-04 19:48:00+00:00,15.43,15.98,3305.34,0.29,20.07,False,0,False,0.23703716078972709,None
2026-09-04 19:49:00+00:00,14.08,13.38,3543.84,0.0,19.63,False,0,False,0.22013726591230226,None
2026-09-04 19:50:00+00:00,13.79,13.65,3420.54,0.0,20.26,False,0,False,0.22913711854408814,None
2026-09-04 19:51:00+00:00,12.55,13.16,3147.51,0.81,19.7,False,0,False,0.2050091789609499,None
2026-09-04 19:52:00+00:00,13.83,16.97,3169.76,0.0,19.98,False,0,False,0.27051901969836,None
2026-09-04 19:53:00+00:00,11.99,7.5,3438.72,0.0,19.91,False,0,False,0.20460260510709533,None
2026-09-04 19:54:00+00:00,12.31,17.8,3445.98,0.0,19.63,False,0,False,0.2500501636472617,None
2026-09-04 19:55:00+00:00,13.75,15.0,3097.47,0.0,20.43,False,0,False,0.2854493960096789,None
2026-09-04 19:56:00+00:00,17.01,18.19,3315.62,0.0,20.25,False,0,False,0.2727187893670792,None
2026-09-04 19:57:00+00:00,16.97,20.32,3412.3,0.54,19.63,False,0,False,0.20863717824297034,None
2026-09-04 19:58:00+00:00,14.94,20.68,3125.16,1.64,19.63,True,1,False,0.17441169157609876,Z-Score
2026-09-04 19:59:00+00:00,11.76,11.75,3528.5,0.0,21.12,False,0,False,0.22950530035622257,None
2026-09-04 20:00:00+00:00,13.75,12.1,3108.55,0.0,19.63,False,0,False,0.2552299664796963,None
2026-09-04 20:01:00+00:00,17.09,19.76,3083.28,0.0,20.08,False,0,False,0.23701279577260048,None
2026-09-04 20:02:00+00:00,13.07,16.78,3331.08,0.77,20.26,False,0,False,0.21465976003159926,None
2026-09-04 20:03:00+00:00,14.87,16.91,3331.52,0.0,19.63,False,0,False,0.2668653492030444,None
2026-09-04 20:04:00+00:00,14.34,18.44,3212.66,0.0,19.79,False,0,False,0.2530598007746092,None
2026-09-04 20:05:00+00:00,19.3,25.3,3665.39,0.0,20.86,False,0,False,0.20864485668655436,None
2026-09-04 20:06:00+00:00,16.8,20.71,3532.91,0.0,20.04,False,0,False,0.2518016761076103,None
2026-09-04 20:07:00+00:00,16.31,19.97,3295.94,0.0,20.39,False,0,False,0.24973885989394579,None
2026-09-04 20:08:00+00:00,13.35,16.41,3530.08,0.0,19.63,False,0,False,0.2253543280030751,None
2026-09-04 20:09:00+00:00,17.28,18.43,3308.22,0.0,19.63,False,0,False,0.27140350692846693,None
2026-09-04 20:10:00+00:00,21.04,26.95,3393.83,0.0,19.63,False,0,False,0.21521086973299097,None
2026-09-04 20:11:00+00:00,14.99,14.89,3261.67,0.0,20.65,False,0,False,0.2706012311415008,None
2026-09-04 20:12:00+00:00,19.38,23.78,3324.35,0.0,19.63,False,0,False,0.23945135995111727,None
2026-09-04 20:13:00+00:00,13.96,15.24,3419.36,0.0,20.55,False,0,False,0.23437084209993914,None
2026-09-04 20:14:00+00:00,19.77,21.91,3292.32,0.0,20.44,False,0,False,0.2633711249879232,None
2026-09-04 20:15:00+00:00,16.33,22.43,3356.58,0.38,20.36,False,0,False,0.22844871974102315,None
2026-09-04 20:16:00+00:00,16.27,20.54,3198.68,0.11,21.02,False,0,False,0.2556162146613221,None
2026-09-04 20:17:00+00:00,16.25,23.35,3287.5,0.0,19.63,False,0,False,0.2603377522837446,None
2026-09-04 20:18:00+00:00,9.43,9.6,3085.45,0.0,20.64,False,0,False,0.21057945190065785,None
2026-09-04 20:19:00+00:00,16.49,18.48,3303.87,0.0,19.63,False,0,False,0.2697223965308178,None
2026-09-04 20:20:00+00:00,18.12,23.04,3136.12,0.0,19.63,False,0,False,0.2688321960322522,None
2026-09-04 20:21:00+00:00,11.84,13.08,3321.68,0.0,20.85,False,0,False,0.2544388768738186,None
2026-09-04 20:22:00+00:00,14.8,15.49,3500.87,0.27,19.63,False,0,False,0.22384129882796183,None
2026-09-04 20:23:00+00:00,12.84,19.13,3548.39,0.0,19.63,False,0,False,0.2401464391997052,None
2026-09-04 20:24:00+00:00,13.27,12.43,3331.81,0.0,21.04,False,0,False,0.24505631854598675,None
2026-09-04 20:25:00+00:00,16.83,15.94,3122.89,0.0,20.43,False,0,False,0.2838603618897267,None
2026-09-04 20:26:00+00:00,13.28,18.55,3475.04,0.0,19.63,False,0,False,0.25024331278396916,None
2026-09-04 20:27:00+00:00,12.16,10.59,2971.5,0.0,20.84,False,0,False,0.25790654107187033,None
2026-09-04 20:28:00+00:00,13.04,14.85,3234.03,0.0,20.48,False,0,False,0.2718642440867139,None
2026-09-04 20:29:00+00:00,14.05,22.97,3145.49,0.0,21.04,False,0,False,0.2660823723346695,None
2026-09-04 20:30:00+00:00,14.79,14.26,3646.42,0.0,19.91,False,0,False,0.24290821935653983,None
2026-09-04 20:31:00+00:00,10.67,14.91,3221.15,0.91,19.98,False,0,False,0.20352512466227268,None
2026-09-04 20:32:00+00:00,17.27,18.71,3344.75,0.0,20.31,False,0,False,0.2716425036168988,None
2026-09-04 20:33:00+00:00,15.84,17.48,3618.62,0.0,20.76,False,0,False,0.2331089938129462,None
2026-09-04 20:34:00+00:00,19.93,25.91,3122.4,1.08,19.63,False,0,False,0.15836390360400432,None
2026-09-04 20:35:00+00:00,18.97,27.41,3375.77,0.07,19.76,False,0,False,0.1836422289445131,None
2026-09-04 20:36:00+00:00,10.8,15.72,3321.25,0.0,20.77,False,0,False,0.24668324472504632,None
2026-09-04 20:37:00+00:00,17.72,18.67,3097.92,0.0,19.63,False,0,False,0.2620410150118874,None
2026-09-04 20:38:00+00:00,14.76,24.56,3409.39,0.12,20.48,False,0,False,0.22681880348646388,None
2026-09-04 20:39:00+00:00,13.64,17.78,3172.45,0.0,20.2,False,0,False,0.2741599388310744,None
2026-09-04 20:40:00+00:00,15.68,22.52,3344.8,0.64,19.63,False,0,False,0.21519916081522644,None
2026-09-04 20:41:00+00:00,14.99,15.43,3392.7,0.0,19.67,False,0,False,0.26417942841078285,None
2026-09-04 20:42:00+00:00,15.3,14.77,3268.93,0.0,19.63,False,0,False,0.2628614700279471,None
2026-09-04 20:43:00+00:00,11.95,11.26,3265.48,0.0,19.72,False,0,False,0.2494379679716301,None
2026-09-04 20:44:00+00:00,11.69,14.66,2934.81,0.0,19.63,False,0,False,0.23795843101215786,None
2026-09-04 20:45:00+00:00,11.91,12.28,3361.67,0.0,19.63,False,0,False,0.25935032415170145,None
2026-09-04 20:46:00+00:00,14.88,20.15,3219.49,0.0,19.63,False,0,False,0.27092217862907103,None
2026-09-04 20:47:00+00:00,14.28,19.37,2993.19,0.47,19.63,False,0,False,0.24528116291970004,None
2026-09-04 20:48:00+00:00,18.82,25.36,3121.48,0.0,20.24,False,0,False,0.1858995089165787,None
2026-09-04 20:49:00+00:00,13.58,11.43,3209.98,0.0,20.36,False,0,False,0.2621260139731018,None
2026-09-04 20:50:00+00:00,16.82,19.37,3128.57,0.0,19.73,False,0,False,0.2511485721455293,None
2026-09-04 20:51:00+00:00,18.55,18.05,3008.9,0.0,19.63,False,0,False,0.2773419981113517,None
2026-09-04 20:52:00+00:00,17.65,24.09,3469.15,0.0,19.63,False,0,False,0.21073750604459035,None
2026-09-04 20:53:00+00:00,18.16,24.7,3127.94,0.0,19.63,False,0,False,0.2484468584102475,None
2026-09-04 20:54:00+00:00,11.75,11.53,3234.6,0.06,20.7,False,0,False,0.24148512436280067,None
2026-09-04 20:55:00+00:00,13.04,17.06,3269.7,0.0,19.63,False,0,False,0.2563273323515922,None
2026-09-04 20:56:00+00:00,21.12,29.21,2965.66,0.0,20.44,False,0,False,0.22673612373018176,None
2026-09-04 20:57:00+00:00,18.61,20.41,3330.34,0.0,20.32,False,0,False,0.2594456687447438,None
2026-09-04 20:58:00+00:00,15.41,21.18,3333.39,0.0,19.63,False,0,False,0.26994974426720647,None
2026-09-04 20:59:00+00:00,17.82,18.47,3466.17,0.07,21.05,False,0,False,0.24497300268233246,None
2026-09-04 21:00:00+00:00,9.66,10.52,3119.73,0.05,19.63,False,0,False,0.211163660731866,None
2026-09-04 21:01:00+00:00,16.62,22.02,3196.65,0.0,19.63,False,0,False,0.2671146813050556,None
2026-09-04 21:02:00+00:00,16.2,15.86,3156.93,0.0,20.53,False,0,False,0.27701132030150033,None
2026-09-04 21:03:00+00:00,11.42,9.53,3297.7,0.47,20.57,False,0,False,0.17050258499804033,None
2026-09-04 21:04:00+00:00,18.13,16.79,3220.28,0.08,19.63,False,0,False,0.25298808408769247,None
2026-09-04 21:05:00+00:00,15.29,20.69,3362.79,0.99,21.07,True,1,False,0.19925937052145715,Z-Score
2026-09-04 21:06:00+00:00,15.22,15.92,3462.45,0.0,19.63,False,0,False,0.25741057286895247,None
2026-09-04 21:07:00+00:00,15.67,18.03,2879.03,0.0,19.63,False,0,False,0.2789723321770642,None
2026-09-04 21:08:00+00:00,15.97,20.73,3260.11,0.0,20.66,False,0,False,0.26105459547322407,None
2026-09-04 21:09:00+00:00,15.65,13.4,3218.09,0.66,19.63,False,0,False,0.14259287810146049,None
2026-09-04 21:10:00+00:00,12.2,17.89,3176.76,0.0,19.63,False,0,False,0.2766254301994909,None
2026-09-04 21:11:00+00:00,15.56,21.4,3362.19,0.0,19.63,False,0,False,0.24767794854334851,None
2026-09-04 21:12:00+00:00,21.7,25.42,3280.65,0.0,20.61,False,0,False,0.22004946247230156,None
2026-09-04 21:13:00+00:00,16.35,20.45,3202.0,0.33,19.63,False,0,False,0.24997356710967816,None
2026-09-04 21:14:00+00:00,14.67,15.25,2916.73,0.0,20.51,False,0,False,0.2756613921921383,None
2026-09-04 21:15:00+00:00,20.48,22.78,3378.48,0.0,20.31,False,0,False,0.20899722018937855,None
2026-09-04 21:16:00+00:00,12.46,10.63,3328.21,0.0,20.38,False,0,False,0.24147649698647383,None
2026-09-04 21:17:00+00:00,9.94,11.97,3136.76,0.0,20.75,False,0,False,0.2540636260565359,None
2026-09-04 21:18:00+00:00,14.72,14.94,3209.73,0.47,19.64,False,0,False,0.21740904462777072,None
2026-09-04 21:19:00+00:00,14.23,14.41,3196.59,0.0,20.13,False,0,False,0.2777870517255166,None
2026-09-04 21:20:00+00:00,14.29,16.64,3163.38,0.0,19.63,False,0,False,0.2722597442671687,None
2026-09-04 21:21:00+00:00,14.42,20.26,3044.03,0.0,20.01,False,0,False,0.24540006174246437,None
2026-09-04 21:22:00+00:00,14.1,20.07,3381.65,0.0,19.63,False,0,False,0.2655973661850569,None
2026-09-04 21:23:00+00:00,14.82,15.0,3051.65,0.0,20.33,False,0,False,0.282451524396625,None
2026-09-04 21:24:00+00:00,16.98,21.78,3210.77,0.0,19.74,False,0,False,0.2583720505113401,None
2026-09-04 21:25:00+00:00,15.33,17.54,3081.44,0.0,19.86,False,0,False,0.28765031063662566,None
2026-09-04 21:26:00+00:00,13.86,20.76,2886.8,0.06,20.36,False,0,False,0.25770838208293667,None
2026-09-04 21:27:00+00:00,16.06,22.72,3492.47,0.0,19.79,False,0,False,0.21505702507160496,None
2026-09-04 21:28:00+00:00,14.57,23.8,2999.86,0.25,20.69,False,0,False,0.23704935515730974,None
2026-09-04 21:29:00+00:00,14.96,20.06,3031.36,0.0,20.12,False,0,False,0.28573731064066127,None
2026-09-04 21:30:00+00:00,15.3,15.74,2833.08,0.0,19.63,False,0,False,0.2794364732446744,None
2026-09-04 21:31:00+00:00,9.03,14.41,3188.98,0.0,20.15,False,0,False,0.24720111294176939,None
2026-09-04 21:32:00+00:00,17.96,18.87,3037.11,0.0,19.63,False,0,False,0.27698618548589865,None
2026-09-04 21:33:00+00:00,18.67,20.3,3160.82,0.0,20.38,False,0,False,0.26856297912573174,None
2026-09-04 21:34:00+00:00,15.46,18.85,2957.44,0.0,19.94,False,0,False,0.23279573075301657,None
2026-09-04 21:35:00+00:00,13.21,13.67,3074.6,0.0,20.77,False,0,False,0.24733366927441142,None
2026-09-04 21:36:00+00:00,19.48,22.48,2933.56,0.0,19.63,False,0,False,0.18744910516604252,None
2026-09-04 21:37:00+00:00,13.83,12.87,3350.15,0.0,19.63,False,0,False,0.23900408534230738,None
2026-09-04 21:38:00+00:00,15.0,19.88,3305.38,0.68,19.63,True,1,False,0.20960253343356433,Z-Score
2026-09-04 21:39:00+00:00,18.73,21.95,3020.9,0.0,20.42,False,0,False,0.2591090043410136,None
2026-09-04 21:40:00+00:00,17.1,22.54,2960.01,0.0,20.82,False,0,False,0.26431838030664084,None
2026-09-04 21:41:00+00:00,15.24,19.04,2819.2,0.0,20.75,False,0,False,0.2861101693897842,None
2026-09-04 21:42:00+00:00,15.94,18.0,3164.32,0.0,19.63,False,0,False,0.27544914719290964,None
2026-09-04 21:43:00+00:00,21.5,25.98,3138.27,0.0,20.48,False,0,False,0.23714568497088973,None
2026-09-04 21:44:00+00:00,16.36,18.37,3283.79,0.0,19.63,False,0,False,0.27039287182230265,None
2026-09-04 21:45:00+00:00,15.88,19.96,2784.41,0.0,19.63,False,0,False,0.28407297504176837,None
2026-09-04 21:46:00+00:00,13.56,13.04,3153.77,0.13,19.63,False,0,False,0.25566896927871985,None
2026-09-04 21:47:00+00:00,12.66,11.36,2918.12,0.0,20.22,False,0,False,0.26563152449811667,None
2026-09-04 21:48:00+00:00,14.18,14.27,3416.69,0.0,19.63,False,0,False,0.26552037735347733,None
2026-09-04 21:49:00+00:00,17.5,16.89,3127.32,0.0,20.7,False,0,False,0.2772597390224388,None
2026-09-04 21:50:00+00:00,15.84,17.72,3102.4,0.0,20.1,False,0,False,0.25618290294446333,None
2026-09-04 21:51:00+00:00,16.8,21.32,3105.92,0.0,21.03,False,0,False,0.2807296663806598,None
2026-09-04 21:52:00+00:00,14.16,19.15,3080.41,0.0,19.63,False,0,False,0.2827639928244592,None
2026-09-04 21:53:00+00:00,12.56,11.87,3119.8,0.21,19.63,False,0,False,0.24568595279885647,None
2026-09-04 21:54:00+00:00,12.16,14.1,3039.66,0.6,19.63,False,0,False,0.2348592075449486,None
2026-09-04 21:55:00+00:00,18.56,21.8,3062.96,0.0,20.21,False,0,False,0.23654205813136425,None
2026-09-04 21:56:00+00:00,16.13,21.98,2783.25,0.09,19.63,False,0,False,0.257697657895032,None
2026-09-04 21:57:00+00:00,14.06,14.72,3017.86,0.0,19.63,False,0,False,0.2803719330678843,None
2026-09-04 21:58:00+00:00,15.81,20.77,2944.06,1.16,19.63,True,1,False,0.2026142052682237,Z-Score
2026-09-04 21:59:00+00:00,22.23,28.06,3125.23,0.0,19.63,False,0,False,0.16985559988872384,None
2026-09-04 22:00:00+00:00,14.27,16.79,2801.31,0.0,19.63,False,0,False,0.27695096909886363,None
2026-09-04 22:01:00+00:00,15.9,20.55,3024.26,0.0,20.24,False,0,False,0.265085177520556,None
2026-09-04 22:02:00+00:00,16.9,16.55,2990.27,0.0,20.17,False,0,False,0.2867940911771635,None
2026-09-04 22:03:00+00:00,10.81,9.23,2784.22,0.0,19.66,False,0,False,0.23738070570834957,None
2026-09-04 22:04:00+00:00,18.36,20.17,3020.55,0.0,19.63,False,0,False,0.2078538287013202,None
2026-09-04 22:05:00+00:00,14.49,20.04,3011.61,0.0,19.75,False,0,False,0.2868141115170886,None
2026-09-04 22:06:00+00:00,15.66,21.25,3045.9,1.0,19.63,True,1,False,0.21092688415342453,Z-Score
2026-09-04 22:07:00+00:00,16.72,23.12,3185.08,0.0,20.19,False,0,False,0.27284381189037477,None
2026-09-04 22:08:00+00:00,10.27,15.42,3074.8,0.0,21.01,False,0,False,0.15211270838878715,None
2026-09-04 22:09:00+00:00,14.51,18.62,3058.42,0.62,19.63,False,0,False,0.24249070699523573,None
2026-09-04 22:10:00+00:00,13.96,17.34,3021.25,0.0,20.98,False,0,False,0.2705641409872432,None
2026-09-04 22:11:00+00:00,16.81,21.57,3141.62,0.0,20.06,False,0,False,0.25566987915181827,None
2026-09-04 22:12:00+00:00,16.07,17.55,3003.58,0.0,20.52,False,0,False,0.2321372213350918,None
2026-09-04 22:13:00+00:00,15.22,13.0,3126.0,0.0,19.63,False,0,False,0.24709881337842315,None
2026-09-04 22:14:00+00:00,17.56,21.26,3078.02,0.0,19.63,False,0,False,0.21227750891704605,None
2026-09-04 22:15:00+00:00,16.15,18.14,3083.68,0.0,20.36,False,0,False,0.2621114748799039,None
2026-09-04 22:16:00+00:00,14.38,18.8,3076.94,0.0,19.78,False,0,False,0.2772161715057229,None
2026-09-04 22:17:00+00:00,16.23,22.25,3036.95,0.11,19.63,False,0,False,0.26030669475688306,None
2026-09-04 22:18:00+00:00,12.7,18.48,2805.9,0.0,20.39,False,0,False,0.28207849034136784,None
2026-09-04 22:19:00+00:00,14.61,14.3,2853.96,0.0,20.61,False,0,False,0.2831329061531466,None
2026-09-04 22:20:00+00:00,21.05,21.95,2990.68,0.4,19.63,False,0,False,0.22066461351156275,None
2026-09-04 22:21:00+00:00,19.99,19.78,2802.69,0.0,20.11,False,0,False,0.23338681241930476,None
2026-09-04 22:22:00+00:00,17.06,16.82,3079.93,0.0,19.63,False,0,False,0.25133932313558244,None
2026-09-04 22:23:00+00:00,17.69,18.24,2959.12,0.0,20.33,False,0,False,0.2667630006627916,None
2026-09-04 22:24:00+00:00,15.86,24.73,2985.6,0.0,19.63,False,0,False,0.2421369683541399,None
2026-09-04 22:25:00+00:00,13.99,14.86,2966.53,0.0,19.63,False,0,False,0.24981981138496173,None
2026-09-04 22:26:00+00:00,16.67,22.0,2728.99,0.0,19.79,False,0,False,0.24547121175398628,None
2026-09-04 22:27:00+00:00,11.7,10.71,3046.56,0.15,20.72,False,0,False,0.21170025686800975,None
2026-09-04 22:28:00+00:00,19.55,25.78,2846.25,0.0,20.14,False,0,False,0.25395622339477897,None
2026-09-04 22:29:00+00:00,20.69,24.6,2821.69,0.88,20.36,True,1,False,0.16383062627079026,Z-Score
2026-09-04 22:30:00+00:00,17.17,20.99,3024.59,0.0,19.63,False,0,False,0.27886239388008677,None
2026-09-04 22:31:00+00:00,13.06,13.8,2808.03,0.23,19.63,False,0,False,0.24037562176017196,None
2026-09-04 22:32:00+00:00,11.16,18.9,2906.81,1.23,20.1,True,1,False,0.1748916631455425,Z-Score
2026-09-04 22:33:00+00:00,12.74,11.4,2785.67,0.0,19.63,False,0,False,0.25804363053044516,None
2026-09-04 22:34:00+00:00,17.1,22.23,2883.11,0.86,19.63,False,0,False,0.21608997203891378,None
2026-09-04 22:35:00+00:00,20.91,26.6,2949.54,0.5,19.63,False,0,False,0.12205311367415972,None
2026-09-04 22:36:00+00:00,11.57,8.49,2900.87,1.9,20.06,True,1,False,0.10810700431014142,Z-Score
2026-09-04 22:37:00+00:00,10.91,9.34,2853.79,0.0,19.68,False,0,False,0.23072792481156035,None
2026-09-04 22:38:00+00:00,14.61,15.05,3044.3,0.0,19.63,False,0,False,0.2740732682759808,None
2026-09-04 22:39:00+00:00,18.47,21.55,2886.8,0.0,19.63,False,0,False,0.2714441325274067,None
2026-09-04 22:40:00+00:00,15.75,15.51,3187.7,0.0,19.63,False,0,False,0.26601327374901357,None
2026-09-04 22:41:00+00:00,17.82,23.39,3078.16,0.0,19.85,False,0,False,0.2556213835916353,None
2026-09-04 22:42:00+00:00,17.7,26.14,3056.01,1.02,20.91,False,0,False,0.14065531912562945,None
2026-09-04 22:43:00+00:00,15.09,16.19,3031.72,0.0,19.63,False,0,False,0.2810707950423529,None
2026-09-04 22:44:00+00:00,14.51,18.68,3049.54,0.0,20.28,False,0,False,0.28125795221849526,None
2026-09-04 22:45:00+00:00,17.96,22.59,2899.04,0.0,19.63,False,0,False,0.2207223895591206,None
2026-09-04 22:46:00+00:00,15.68,19.43,2741.76,0.0,19.63,False,0,False,0.2743941232161759,None
2026-09-04 22:47:00+00:00,10.19,11.04,2899.46,0.0,20.68,False,0,False,0.1675876380561923,None
2026-09-04 22:48:00+00:00,18.62,21.41,2787.05,0.0,19.63,False,0,False,0.2487634422695122,None
2026-09-04 22:49:00+00:00,17.02,16.54,2738.96,0.0,19.63,False,0,False,0.27386391404140625,None
2026-09-04 22:50:00+00:00,12.85,18.39,3156.88,0.0,19.63,False,0,False,0.279396281831047,None
2026-09-04 22:51:00+00:00,12.66,10.8,2783.13,0.19,19.63,False,0,False,0.21736890438597262,None
2026-09-04 22:52:00+00:00,21.94,24.16,2692.82,0.13,19.77,False,0,False,0.2095871929658269,None
2026-09-04 22:53:00+00:00,14.55,13.5,3048.36,0.94,19.63,False,0,False,0.21428368652622704,None
2026-09-04 22:54:00+00:00,13.55,19.7,2830.64,0.0,19.63,False,0,False,0.27793861914467444,None
2026-09-04 22:55:00+00:00,16.49,18.52,2650.68,0.1,19.63,False,0,False,0.25337113321204957,None
2026-09-04 22:56:00+00:00,15.67,18.5,2899.95,0.0,20.32,False,0,False,0.23288819293383922,None
2026-09-04 22:57:00+00:00,17.95,20.84,2939.05,0.0,20.3,False,0,False,0.2696211428047924,None
2026-09-04 22:58:00+00:00,15.66,15.78,2937.1,1.36,20.0,False,0,False,0.10152924232136551,None
2026-09-04 22:59:00+00:00,12.22,11.49,3042.56,0.0,19.63,False,0,False,0.2012843214317553,None
2026-09-04 23:00:00+00:00,17.97,17.29,2702.7,0.0,19.68,False,0,False,0.2727406381758047,None
2026-09-04 23:01:00+00:00,14.8,18.83,3021.49,0.0,19.74,False,0,False,0.22549743685394308,None
2026-09-04 23:02:00+00:00,8.68,13.9,2649.34,0.0,19.63,False,0,False,0.24104555048046378,None
2026-09-04 23:03:00+00:00,12.72,11.9,2963.54,0.0,20.06,False,0,False,0.27410841681804315,None
2026-09-04 23:04:00+00:00,12.76,10.84,2788.84,0.0,19.63,False,0,False,0.2647401589164283,None
2026-09-04 23:05:00+00:00,18.64,22.81,2902.32,0.0,19.63,False,0,False,0.23238328090658322,None
2026-09-04 23:06:00+00:00,16.23,19.77,3054.65,0.0,20.66,False,0,False,0.21267616618993052,None
2026-09-04 23:07:00+00:00,15.96,20.77,2896.53,0.27,20.33,False,0,False,0.24518481173080547,None
2026-09-04 23:08:00+00:00,15.75,14.34,2882.35,0.0,19.99,False,0,False,0.2516615682599566,None
2026-09-04 23:09:00+00:00,14.65,21.7,2708.89,0.0,19.63,False,0,False,0.27120710642589874,None
2026-09-04 23:10:00+00:00,9.41,12.54,2972.87,0.45,19.63,False,0,False,0.18956448521344516,None
2026-09-04 23:11:00+00:00,12.4,16.76,2855.7,0.0,20.23,False,0,False,0.27588405295439933,None
2026-09-04 23:12:00+00:00,14.73,17.12,2663.54,0.98,19.63,False,0,False,0.2171497065282772,None
2026-09-04 23:13:00+00:00,19.85,21.39,2993.99,0.46,19.63,False,0,False,0.22480374572307782,None
2026-09-04 23:14:00+00:00,14.98,14.46,2490.41,0.58,20.19,True,1,False,0.2336581557054463,Z-Score
2026-09-04 23:15:00+00:00,14.33,15.37,3015.4,0.0,19.63,False,0,False,0.2834026209459088,None
2026-09-04 23:16:00+00:00,15.93,17.7,2956.85,0.0,19.63,False,0,False,0.2384080355296062,None
2026-09-04 23:17:00+00:00,13.58,12.24,2714.88,0.24,19.95,False,0,False,0.25168009051775064,None
2026-09-04 23:18:00+00:00,14.74,15.57,2646.42,0.0,20.3,False,0,False,0.24340006181509316,None
2026-09-04 23:19:00+00:00,18.13,18.54,3030.99,0.0,20.16,False,0,False,0.24665226657929318,None
2026-09-04 23:20:00+00:00,16.92,15.83,2914.09,0.0,19.86,False,0,False,0.2761704153284673,None
2026-09-04 23:21:00+00:00,14.27,18.28,2773.35,0.0,20.54,False,0,False,0.28760604517260274,None
2026-09-04 23:22:00+00:00,15.32,22.28,2966.82,0.0,20.23,False,0,False,0.23014748663653428,None
2026-09-04 23:23:00+00:00,18.43,20.79,2634.47,0.0,19.63,False,0,False,0.2743766993284754,None
2026-09-04 23:24:00+00:00,17.78,21.84,2872.36,0.01,19.63,False,0,False,0.2366578884216065,None
2026-09-04 23:25:00+00:00,16.95,18.19,2811.07,0.0,19.63,False,0,False,0.271742174895547,None
2026-09-04 23:26:00+00:00,16.02,21.59,2744.73,0.04,19.63,False,0,False,0.25847847546661096,None
2026-09-04 23:27:00+00:00,16.76,14.13,2665.14,0.0,20.5,False,0,False,0.26481831713428655,None
2026-09-04 23:28:00+00:00,18.03,16.6,2920.53,0.0,19.63,False,0,False,0.2659913375885999,None
2026-09-04 23:29:00+00:00,14.51,16.04,2618.67,0.0,20.3,False,0,False,0.2293207799386356,None
2026-09-04 23:30:00+00:00,15.37,13.07,2820.6,0.0,21.04,True,1,False,0.26447582630482164,Z-Score
2026-09-04 23:31:00+00:00,13.95,12.29,2740.28,0.0,20.32,False,0,False,0.2729731961976756,None
2026-09-04 23:32:00+00:00,14.33,18.12,2738.01,0.0,20.16,False,0,False,0.265607261023402,None
2026-09-04 23:33:00+00:00,15.73,24.6,2683.53,0.0,19.63,False,0,False,0.1797178228296885,None
2026-09-04 23:34:00+00:00,17.75,18.5,2873.46,0.0,19.63,False,0,False,0.28114163043697,None
2026-09-04 23:35:00+00:00,13.55,14.0,2864.89,0.0,21.1,True,1,False,0.27531139114914605,Z-Score
2026-09-04 23:36:00+00:00,15.29,15.12,2860.97,0.0,20.79,False,0,False,0.2663278522301749,None
2026-09-04 23:37:00+00:00,13.56,13.2,2861.42,0.0,19.63,False,0,False,0.21848112605657344,None
2026-09-04 23:38:00+00:00,16.71,19.38,2814.88,0.71,20.96,False,0,False,0.19100615034485563,None
2026-09-04 23:39:00+00:00,14.25,15.87,2919.46,0.0,19.66,False,0,False,0.23460489063481277,None
2026-09-04 23:40:00+00:00,14.47,19.87,2681.51,0.19,20.62,False,0,False,0.2333679695196536,None
2026-09-04 23:41:00+00:00,16.62,15.99,2989.23,0.27,20.29,False,0,False,0.2573304720418526,None
2026-09-04 23:42:00+00:00,14.04,16.12,2751.67,0.0,19.63,False,0,False,0.28625754485618676,None
2026-09-04 23:43:00+00:00,16.43,16.0,2821.06,0.0,20.49,False,0,False,0.17516985977071142,None
2026-09-04 23:44:00+00:00,10.12,14.35,2728.12,0.0,19.84,False,0,False,0.25049875929617815,None
2026-09-04 23:45:00+00:00,15.44,19.27,2802.64,0.0,19.63,False,0,False,0.2800465982854352,None
2026-09-04 23:46:00+00:00,14.08,12.27,2561.38,0.0,19.63,False,0,False,0.24010114815967548,None
2026-09-04 23:47:00+00:00,18.41,23.87,2711.29,0.0,20.77,False,0,False,0.23986423043102595,None
2026-09-04 23:48:00+00:00,14.05,12.37,2464.42,0.0,19.63,False,0,False,0.21143989352694997,None
2026-09-04 23:49:00+00:00,16.33,15.62,2719.91,0.0,20.95,False,0,False,0.263213018802251,None
2026-09-04 23:50:00+00:00,20.41,24.32,2513.15,0.0,19.63,False,0,False,0.18968156177297957,None
2026-09-04 23:51:00+00:00,10.61,19.81,2897.75,0.58,20.28,False,0,False,0.21996651118459987,None
2026-09-04 23:52:00+00:00,9.92,9.36,2959.6,0.55,19.81,False,0,False,0.19556430147771536,None
2026-09-04 23:53:00+00:00,11.13,10.38,2681.52,0.0,19.63,False,0,False,0.2333748826530393,None
2026-09-04 23:54:00+00:00,16.89,21.05,2957.62,0.0,19.76,False,0,False,0.26857505074411975,None
2026-09-04 23:55:00+00:00,14.8,16.43,2650.71,0.0,20.96,False,0,False,0.20013471286919854,None
2026-09-04 23:56:00+00:00,9.56,13.22,2723.52,0.0,19.63,False,0,False,0.24562046232976792,None
2026-09-04 23:57:00+00:00,18.03,20.12,2687.65,0.71,19.63,False,0,False,0.23597282553689136,None
2026-09-04 23:58:00+00:00,15.89,19.85,2503.38,0.71,20.46,False,0,False,0.2162852348977502,None
2026-09-04 23:59:00+00:00,14.22,17.67,2743.3,0.09,19.73,False,0,False,0.21832903206896642,None
2026-09-05 00:00:00+00:00,16.45,15.69,2776.53,0.0,20.56,False,0,False,0.2502084489087669,None
2026-09-05 00:01:00+00:00,11.97,13.38,2466.07,0.0,19.63,False,0,False,0.20894823721726136,None
2026-09-05 00:02:00+00:00,19.37,18.24,2510.92,0.0,19.92,False,0,False,0.2355576409635211,None
2026-09-05 00:03:00+00:00,14.75,17.13,2588.61,0.0,19.63,False,0,False,0.2736413117744939,None
2026-09-05 00:04:00+00:00,20.02,18.89,2617.58,0.0,20.66,False,0,False,0.2552815757325959,None
2026-09-05 00:05:00+00:00,16.8,22.32,2892.42,0.0,19.63,False,0,False,0.18725424280137976,None
2026-09-05 00:06:00+00:00,8.0,7.53,2867.31,0.0,20.52,False,0,False,0.19797547325804937,None
2026-09-05 00:07:00+00:00,18.95,18.07,2520.04,0.2,21.02,False,0,False,0.25021663328137506,None
2026-09-05 00:08:00+00:00,17.14,18.16,2690.05,0.0,20.19,False,0,False,0.23461228959074232,None
2026-09-05 00:09:00+00:00,11.14,11.85,2831.77,0.2,20.37,False,0,False,0.23612786044094658,None
2026-09-05 00:10:00+00:00,8.0,12.48,2624.79,0.0,21.05,False,0,False,0.17828283805134398,None
2026-09-05 00:11:00+00:00,17.83,17.52,2818.88,0.0,19.85,False,0,False,0.2706447578320057,None
2026-09-05 00:12:00+00:00,13.23,14.88,2632.05,0.0,19.63,False,0,False,0.26279401505038463,None
2026-09-05 00:13:00+00:00,9.21,7.51,2564.89,0.0,21.06,False,0,False,0.2116160280192999,None
2026-09-05 00:14:00+00:00,21.8,25.73,2714.41,0.0,19.63,False,0,False,0.24105312957591907,None
2026-09-05 00:15:00+00:00,11.89,11.98,2811.83,0.0,19.63,False,0,False,0.2685044299376721,None
2026-09-05 00:16:00+00:00,19.85,25.0,2859.2,0.0,20.71,False,0,False,0.22752719768202573,None
2026-09-05 00:17:00+00:00,15.74,18.88,2715.46,0.0,19.96,False,0,False,0.24682411530800163,None
2026-09-05 00:18:00+00:00,19.98,22.22,2554.33,0.77,21.09,True,1,False,0.19416016393777003,Z-Score
2026-09-05 00:19:00+00:00,15.47,16.61,2481.29,0.0,19.63,False,0,False,0.264750087831494,None
2026-09-05 00:20:00+00:00,23.35,22.35,2632.03,0.0,21.09,False,0,False,0.23503507131729612,None
2026-09-05 00:21:00+00:00,21.62,23.08,2460.3,0.0,21.07,False,0,False,0.16733024827669574,None
2026-09-05 00:22:00+00:00,14.87,15.89,2685.19,1.07,19.63,True,1,False,0.13501300117256354,Z-Score
2026-09-05 00:23:00+00:00,12.02,12.35,2729.05,0.0,19.9,False,0,False,0.23052714704988447,None
2026-09-05 00:24:00+00:00,24.28,24.54,2719.7,0.0,19.98,False,0,False,0.21108800496077146,None
2026-09-05 00:25:00+00:00,8.0,9.37,2567.09,0.0,20.21,False,0,False,0.2024340736744385,None
2026-09-05 00:26:00+00:00,8.0,14.4,2704.43,0.55,19.63,False,0,False,0.17902160611660517,None
2026-09-05 00:27:00+00:00,19.52,26.11,2650.22,0.77,19.63,False,0,False,0.13868246247184135,None
2026-09-05 00:28:00+00:00,15.95,15.74,2627.73,0.0,19.63,False,0,False,0.27944934857613785,None
2026-09-05 00:29:00+00:00,17.66,20.13,2854.61,1.28,19.63,True,1,False,0.17143722776708997,Z-Score
2026-09-05 00:30:00+00:00,15.63,18.99,2485.52,0.0,19.63,False,0,False,0.26448485885776546,None
2026-09-05 00:31:00+00:00,15.57,14.93,2281.52,0.0,19.63,True,1,False,0.23524549038564146,Z-Score
2026-09-05 00:32:00+00:00,17.98,20.35,2704.68,0.46,19.63,False,0,False,0.1753244560125125,None
2026-09-05 00:33:00+00:00,10.63,10.46,2324.44,0.0,20.39,False,0,False,0.18977177587383048,None
2026-09-05 00:34:00+00:00,13.59,14.31,2956.06,0.0,20.76,False,0,False,0.27249446795228754,None
2026-09-05 00:35:00+00:00,16.83,17.17,2878.69,0.66,19.63,False,0,False,0.23836943297982705,None
2026-09-05 00:36:00+00:00,8.0,7.5,2685.58,0.0,20.18,False,0,False,0.15289252493671618,None
2026-09-05 00:37:00+00:00,16.58,21.66,2523.54,0.0,20.2,False,0,False,0.23657533405554454,None
2026-09-05 00:38:00+00:00,11.3,16.15,2550.36,0.46,20.92,False,0,False,0.22371446303526904,None
2026-09-05 00:39:00+00:00,13.45,15.65,2621.89,0.0,19.63,False,0,False,0.2615502945314542,None
2026-09-05 00:40:00+00:00,22.05,22.97,2562.85,0.0,20.08,False,0,False,0.20056849666478105,None
2026-09-05 00:41:00+00:00,15.82,17.88,2679.7,0.0,20.47,False,0,False,0.28619060962958864,None
2026-09-05 00:42:00+00:00,22.95,22.1,2612.19,0.0,19.63,False,0,False,0.22740114902697262,None
2026-09-05 00:43:00+00:00,13.52,14.7,2658.53,0.87,19.79,False,0,False,0.2150022014500106,None
2026-09-05 00:44:00+00:00,10.83,14.27,2777.56,0.0,19.63,False,0,False,0.22934869715098255,None
2026-09-05 00:45:00+00:00,18.26,21.51,2988.87,0.0,19.63,False,0,False,0.18741205623304397,None
2026-09-05 00:46:00+00:00,8.0,8.14,2760.58,0.6,19.63,False,0,False,0.1826195576590175,None
2026-09-05 00:47:00+00:00,20.51,17.31,2461.18,0.0,20.46,False,0,False,0.2528576526604349,None
2026-09-05 00:48:00+00:00,11.15,14.87,2475.73,0.0,20.73,False,0,False,0.2542001113510305,None
2026-09-05 00:49:00+00:00,8.0,7.5,2771.95,0.0,20.16,False,0,False,0.21602144916197108,None
2026-09-05 00:50:00+00:00,23.48,27.36,2678.68,0.0,20.09,False,0,False,0.18081086989591943,None
2026-09-05 00:51:00+00:00,10.86,11.85,2910.46,0.0,20.91,False,0,False,0.24585631707018507,None
2026-09-05 00:52:00+00:00,9.29,10.16,2592.85,0.0,20.58,False,0,False,0.21824698324162445,None
2026-09-05 00:53:00+00:00,14.57,15.01,2531.09,0.0,19.73,False,0,False,0.2678122540833794,None
2026-09-05 00:54:00+00:00,14.42,19.09,2707.58,0.0,19.63,False,0,False,0.2750938774367205,None
2026-09-05 00:55:00+00:00,8.8,7.8,2811.17,0.24,20.48,False,0,False,0.15150123171553226,None
2026-09-05 00:56:00+00:00,9.87,17.97,2849.53,0.0,19.77,False,0,False,0.2646358112760378,None
2026-09-05 00:57:00+00:00,17.78,20.91,2850.37,0.0,19.63,False,0,False,0.19394626811599264,None
2026-09-05 00:58:00+00:00,8.0,7.5,2572.9,0.0,19.79,False,0,False,0.14629555559466445,None
2026-09-05 00:59:00+00:00,15.57,17.06,2665.13,0.0,20.22,False,0,False,0.23748641770034712,None
2026-09-05 01:00:00+00:00,22.13,30.35,2491.87,0.0,20.94,False,0,False,0.19337347189283483,None
2026-09-05 01:01:00+00:00,8.0,8.3,2561.58,0.0,19.63,False,0,False,0.18269039684052146,None
2026-09-05 01:02:00+00:00,21.63,26.58,2658.21,0.12,20.36,False,0,False,0.21130807097417248,None
2026-09-05 01:03:00+00:00,20.93,25.67,2857.5,0.0,19.92,False,0,False,0.2441346420545547,None
2026-09-05 01:04:00+00:00,14.15,17.67,2597.12,0.0,19.63,False,0,False,0.19763612556364846,None
2026-09-05 01:05:00+00:00,21.74,23.28,2855.48,0.0,20.15,False,0,False,0.14722088318071563,None
2026-09-05 01:06:00+00:00,10.04,8.18,2511.11,0.0,19.8,False,0,False,0.22215066965099145,None
2026-09-05 01:07:00+00:00,21.57,23.96,2420.16,0.0,19.63,False,0,False,0.18096918906685178,None
2026-09-05 01:08:00+00:00,15.43,18.23,2626.74,0.69,20.58,False,0,False,0.24444366853540356,None
2026-09-05 01:09:00+00:00,27.29,32.56,2834.84,0.0,19.63,False,0,False,0.18281431308937246,None
2026-09-05 01:10:00+00:00,13.58,7.98,2786.87,0.0,19.63,False,0,False,0.24068167057631445,None
2026-09-05 01:11:00+00:00,13.88,13.71,2575.43,0.0,19.9,False,0,False,0.21253619651066502,None
2026-09-05 01:12:00+00:00,15.25,18.77,2511.59,0.0,20.33,False,0,False,0.258819026234531,None
2026-09-05 01:13:00+00:00,11.51,18.25,2348.25,0.4,20.01,False,0,False,0.19032807030567422,None
2026-09-05 01:14:00+00:00,21.41,23.6,2604.07,0.0,20.38,False,0,False,0.22568854637812047,None
2026-09-05 01:15:00+00:00,25.34,28.16,2554.23,0.0,19.63,False,0,False,0.16590046360982574,None
2026-09-05 01:16:00+00:00,9.31,14.68,2728.71,0.0,20.66,False,0,False,0.25798266301741746,None
2026-09-05 01:17:00+00:00,8.0,10.72,2505.76,0.87,19.63,False,0,False,0.1706847468627527,None
2026-09-05 01:18:00+00:00,20.66,26.18,2593.08,0.0,19.63,False,0,False,0.2421351748209704,None
2026-09-05 01:19:00+00:00,9.67,14.96,2590.08,0.25,21.06,False,0,False,0.17078051579234954,None
2026-09-05 01:20:00+00:00,16.83,19.74,2673.79,0.0,19.63,False,0,False,0.24489983356768796,None
2026-09-05 01:21:00+00:00,14.85,19.81,2902.98,0.0,20.16,False,0,False,0.261736090194077,None
2026-09-05 01:22:00+00:00,16.99,18.45,2853.86,0.2,21.05,False,0,False,0.2306167607478165,None
2026-09-05 01:23:00+00:00,12.22,18.57,2575.47,0.0,19.63,False,0,False,0.23914277077594964,None
2026-09-05 01:24:00+00:00,8.0,13.65,2445.28,0.39,19.63,False,0,False,0.19702773497420656,None
2026-09-05 01:25:00+00:00,20.06,25.92,2688.99,0.37,19.63,False,0,False,0.18560529447358298,None
2026-09-05 01:26:00+00:00,19.91,21.87,2854.29,0.0,19.63,False,0,False,0.24456573992144925,None
2026-09-05 01:27:00+00:00,23.73,23.98,2531.73,0.49,19.63,False,0,False,0.16595392593607583,None
2026-09-05 01:28:00+00:00,28.96,32.04,2811.27,0.0,20.41,False,0,False,0.17430762798192267,None
2026-09-05 01:29:00+00:00,14.67,20.33,2719.3,1.09,19.63,True,1,False,0.20028764756382222,Z-Score
2026-09-05 01:30:00+00:00,14.88,15.49,2487.28,0.85,19.92,False,0,False,0.20764777142656693,None
2026-09-05 01:31:00+00:00,8.55,10.24,2566.52,0.0,20.75,False,0,False,0.21357615621041065,None
2026-09-05 01:32:00+00:00,20.71,24.01,2649.19,0.0,21.03,False,0,False,0.2186583605600338,None
2026-09-05 01:33:00+00:00,23.58,30.72,2751.31,0.0,20.09,False,0,False,0.20946171993881613,None
2026-09-05 01:34:00+00:00,12.77,18.54,2592.56,0.0,19.63,False,0,False,0.27685772926698754,None
2026-09-05 01:35:00+00:00,29.14,29.74,2581.27,0.0,20.32,False,0,False,0.11556806548827869,None
2026-09-05 01:36:00+00:00,17.95,17.17,2945.47,0.28,19.77,False,0,False,0.2520492696817423,None
2026-09-05 01:37:00+00:00,13.79,13.33,2776.59,1.28,19.63,True,1,False,0.1772414507389084,Z-Score
2026-09-05 01:38:00+00:00,11.8,10.41,2673.26,0.0,19.63,False,0,False,0.25046725357452343,None
2026-09-05 01:39:00+00:00,20.15,24.67,2792.4,0.0,19.63,False,0,False,0.19363060010630928,None
2026-09-05 01:40:00+00:00,17.33,18.47,2443.23,0.0,20.41,False,0,False,0.26078962884316825,None
2026-09-05 01:41:00+00:00,18.04,22.57,2834.24,0.0,20.89,False,0,False,0.2680622911328323,None
2026-09-05 01:42:00+00:00,15.13,22.21,2619.92,0.0,20.45,False,0,False,0.23249286661006602,None
2026-09-05 01:43:00+00:00,8.0,11.62,2757.44,0.0,19.63,False,0,False,0.24115453508721918,None
2026-09-05 01:44:00+00:00,13.58,18.64,2398.82,0.96,19.89,False,0,False,0.19393840761249476,None
2026-09-05 01:45:00+00:00,20.04,24.58,2664.42,1.26,20.93,True,1,False,0.14356435708502785,Z-Score
2026-09-05 01:46:00+00:00,8.0,9.6,2460.0,0.76,19.63,False,0,False,0.15068467725308876,None
2026-09-05 01:47:00+00:00,19.33,23.31,2393.66,0.47,20.0,False,0,False,0.1782758753935056,None
2026-09-05 01:48:00+00:00,19.85,20.55,2570.24,0.0,20.81,False,0,False,0.249889376983498,None
2026-09-05 01:49:00+00:00,15.82,16.56,2703.64,0.0,20.49,False,0,False,0.27841772171612467,None
2026-09-05 01:50:00+00:00,28.66,34.12,2699.7,0.0,20.99,False,0,False,0.13342150346070436,None
2026-09-05 01:51:00+00:00,14.11,15.62,2587.56,0.0,20.62,False,0,False,0.21972598054144288,None
2026-09-05 01:52:00+00:00,18.6,18.25,2808.04,0.0,19.86,False,0,False,0.27380698477181104,None
2026-09-05 01:53:00+00:00,19.41,19.61,2420.09,0.03,20.05,False,0,False,0.20265073374326537,None
2026-09-05 01:54:00+00:00,8.0,11.56,2361.31,0.0,20.99,False,0,False,0.16752397786331663,None
2026-09-05 01:55:00+00:00,21.86,20.26,2598.56,0.0,19.63,False,0,False,0.2511542255713581,None
2026-09-05 01:56:00+00:00,18.14,20.22,2554.36,0.62,19.63,False,0,False,0.17041437299875767,None
2026-09-05 01:57:00+00:00,8.0,8.92,2758.34,0.0,19.63,False,0,False,0.16615723465539828,None
2026-09-05 01:58:00+00:00,13.86,14.3,2574.67,0.0,20.07,False,0,False,0.27854088820870165,None
2026-09-05 01:59:00+00:00,13.49,18.33,2566.66,0.0,19.9,False,0,False,0.26899302184724505,None
2026-09-05 02:00:00+00:00,18.22,21.47,2633.54,0.0,19.71,False,0,False,0.2704545913181818,None
2026-09-05 02:01:00+00:00,16.79,21.04,2741.28,1.06,19.63,False,0,False,0.16721235043963067,None
2026-09-05 02:02:00+00:00,11.47,18.68,2669.75,0.62,21.01,False,0,False,0.16186336564055748,None
2026-09-05 02:03:00+00:00,16.63,15.43,2538.58,0.0,20.32,False,0,False,0.2507804580010507,None
2026-09-05 02:04:00+00:00,8.0,8.43,2591.62,1.07,21.07,False,0,False,0.12890527835659193,None
2026-09-05 02:05:00+00:00,15.31,16.19,2780.88,0.07,20.45,False,0,False,0.213283661228706,None
2026-09-05 02:06:00+00:00,30.04,29.52,2507.09,0.0,20.33,False,0,False,0.16778752319476192,None
2026-09-05 02:07:00+00:00,9.84,8.56,2497.14,0.37,20.24,False,0,False,0.19112412898221598,None
2026-09-05 02:08:00+00:00,13.39,16.66,2713.12,0.0,19.84,False,0,False,0.27338428596457265,None
2026-09-05 02:09:00+00:00,11.87,12.89,2624.53,0.0,19.63,False,0,False,0.24105393546000753,None
2026-09-05 02:10:00+00:00,21.21,24.73,2730.57,0.0,20.07,False,0,False,0.23191121307577545,None
2026-09-05 02:11:00+00:00,25.24,28.7,2532.13,0.0,20.43,False,0,False,0.1895067007115872,None
2026-09-05 02:12:00+00:00,8.0,7.5,2744.51,0.0,20.48,False,0,False,0.210445448497379,None
2026-09-05 02:13:00+00:00,25.18,29.33,2697.1,0.0,19.63,False,0,False,0.16705738636669454,None
2026-09-05 02:14:00+00:00,10.18,16.31,2647.64,0.28,20.64,False,0,False,0.23165640109541308,None
2026-09-05 02:15:00+00:00,12.34,17.4,2642.44,0.43,19.65,False,0,False,0.21618514280673984,None
2026-09-05 02:16:00+00:00,9.11,10.15,2530.08,0.0,19.63,False,0,False,0.20070976090790132,None
2026-09-05 02:17:00+00:00,9.04,12.04,2705.26,0.0,19.63,False,0,False,0.24729006555375266,None
2026-09-05 02:18:00+00:00,11.49,12.17,2230.5,0.0,19.89,True,1,False,0.15824944489681114,Z-Score
2026-09-05 02:19:00+00:00,19.84,19.72,2862.07,0.12,20.28,False,0,False,0.21879761447399398,None
2026-09-05 02:20:00+00:00,17.65,17.52,2329.01,0.6,21.0,False,0,False,0.1895893043248097,None
2026-09-05 02:21:00+00:00,13.39,12.72,2728.16,0.0,19.63,False,0,False,0.26981908521709497,None
2026-09-05 02:22:00+00:00,14.69,13.26,2648.48,0.0,20.78,False,0,False,0.27506556115382885,None
2026-09-05 02:23:00+00:00,16.94,18.06,2471.0,0.0,20.84,False,0,False,0.24667977193635937,None
2026-09-05 02:24:00+00:00,16.7,21.39,2813.88,0.0,19.63,False,0,False,0.27364842976860715,None
2026-09-05 02:25:00+00:00,21.02,26.54,2836.6,0.0,19.63,False,0,False,0.22742473605478186,None
2026-09-05 02:26:00+00:00,11.88,16.04,2503.58,0.0,19.91,False,0,False,0.24460024309477107,None
2026-09-05 02:27:00+00:00,8.27,7.5,2468.87,0.0,19.63,False,0,False,0.1846953619729103,None
2026-09-05 02:28:00+00:00,12.51,16.6,2745.61,0.0,20.23,False,0,False,0.2597358004139832,None
2026-09-05 02:29:00+00:00,10.35,13.68,2690.42,0.47,19.63,False,0,False,0.23064418114612806,None
2026-09-05 02:30:00+00:00,13.35,13.98,2539.12,0.0,19.63,False,0,False,0.2705718973991565,None
2026-09-05 02:31:00+00:00,16.2,25.28,2711.16,0.0,19.63,False,0,False,0.25329690204054134,None
2026-09-05 02:32:00+00:00,9.11,16.06,2794.04,0.0,19.63,False,0,False,0.2332548429380092,None
2026-09-05 02:33:00+00:00,10.41,14.79,2723.89,0.0,19.63,False,0,False,0.2569070225054835,None
2026-09-05 02:34:00+00:00,14.65,14.91,2781.38,0.0,19.84,False,0,False,0.28555020587733737,None
2026-09-05 02:35:00+00:00,12.56,13.81,2641.07,0.0,20.58,False,0,False,0.2559780437000796,None
2026-09-05 02:36:00+00:00,18.43,22.91,2721.52,0.0,21.09,False,0,False,0.25505728740669853,None
2026-09-05 02:37:00+00:00,8.61,11.41,2661.28,0.67,19.63,False,0,False,0.17857350126758775,None
2026-09-05 02:38:00+00:00,21.03,23.81,2694.2,0.26,19.63,False,0,False,0.2087125280666225,None
2026-09-05 02:39:00+00:00,19.14,20.47,2635.44,0.0,19.63,False,0,False,0.247024004656474,None
2026-09-05 02:40:00+00:00,13.5,11.69,2453.76,0.0,20.39,False,0,False,0.217599534845975,None
2026-09-05 02:41:00+00:00,15.57,14.42,2735.1,0.0,20.18,False,0,False,0.19963377668468812,None
2026-09-05 02:42:00+00:00,11.62,12.09,2722.23,0.0,19.63,False,0,False,0.25917736084339743,None
2026-09-05 02:43:00+00:00,14.44,15.21,2549.64,0.0,19.63,False,0,False,0.2774657877990867,None
2026-09-05 02:44:00+00:00,16.27,16.32,2511.69,0.0,20.66,False,0,False,0.27559470669200226,None
2026-09-05 02:45:00+00:00,16.29,20.47,2902.44,0.0,19.89,False,0,False,0.27559477660715276,None
2026-09-05 02:46:00+00:00,15.79,24.09,2723.76,0.0,20.58,False,0,False,0.2616892586671293,None
2026-09-05 02:47:00+00:00,15.82,17.51,2695.83,0.16,19.63,False,0,False,0.26262128156796605,None
2026-09-05 02:48:00+00:00,23.69,27.73,2655.02,1.06,20.27,True,1,False,0.11076684304111928,Z-Score
2026-09-05 02:49:00+00:00,16.37,19.47,2728.55,0.0,19.63,False,0,False,0.2770138267859508,None
2026-09-05 02:50:00+00:00,16.31,15.94,2908.08,0.0,19.63,False,0,False,0.26280006749087226,None
2026-09-05 02:51:00+00:00,23.41,28.73,2448.19,0.35,20.34,False,0,False,0.15820568181651545,None
2026-09-05 02:52:00+00:00,11.43,14.51,2615.37,0.0,20.02,False,0,False,0.26339822105502886,None
2026-09-05 02:53:00+00:00,11.28,12.46,2442.84,1.05,19.63,True,1,False,0.17708658815723594,Z-Score
2026-09-05 02:54:00+00:00,8.0,13.14,2774.72,0.0,19.63,False,0,False,0.2170751917128136,None
2026-09-05 02:55:00+00:00,10.12,11.12,2534.54,0.0,19.63,False,0,False,0.24267930776019653,None
2026-09-05 02:56:00+00:00,8.0,9.36,2777.11,0.27,20.15,False,0,False,0.20296507866488822,None
2026-09-05 02:57:00+00:00,17.82,17.79,2680.0,0.0,19.63,False,0,False,0.27717787337416805,None
2026-09-05 02:58:00+00:00,24.61,24.47,2780.57,0.0,19.71,False,0,False,0.20630366507815184,None
2026-09-05 02:59:00+00:00,21.9,29.32,2686.01,0.0,19.63,False,0,False,0.20714034367489376,None
2026-09-05 03:00:00+00:00,12.59,11.24,2509.61,0.0,19.9,False,0,False,0.20996511774700433,None
2026-09-05 03:01:00+00:00,18.48,24.98,2621.22,0.0,19.93,False,0,False,0.22888780276457044,None
2026-09-05 03:02:00+00:00,19.91,20.44,2654.46,0.4,20.81,False,0,False,0.21574456287350574,None
2026-09-05 03:03:00+00:00,8.0,11.51,2431.63,0.0,19.63,False,0,False,0.21542991615501295,None
2026-09-05 03:04:00+00:00,14.36,16.24,2616.59,0.0,19.63,False,0,False,0.28180835946317495,None
2026-09-05 03:05:00+00:00,9.97,9.78,2639.13,1.77,20.48,True,1,False,0.09219774167489159,Z-Score
2026-09-05 03:06:00+00:00,21.2,27.11,2367.78,0.0,19.94,False,0,False,0.20070447818620574,None
2026-09-05 03:07:00+00:00,17.11,18.59,2661.71,0.0,20.63,False,0,False,0.16678684577875041,None
2026-09-05 03:08:00+00:00,8.11,7.5,2536.53,0.05,19.63,False,0,False,0.1897431796412316,None
2026-09-05 03:09:00+00:00,14.57,13.45,2568.19,0.0,19.63,False,0,False,0.2682658261165945,None
2026-09-05 03:10:00+00:00,18.85,26.51,2360.34,0.44,19.63,False,0,False,0.18374575387448172,None
2026-09-05 03:11:00+00:00,19.94,20.86,2750.18,0.0,19.63,False,0,False,0.2674445269164632,None
2026-09-05 03:12:00+00:00,8.0,14.12,2358.46,0.0,19.63,False,0,False,0.19179125862705976,None
2026-09-05 03:13:00+00:00,15.93,16.76,2736.6,0.0,19.83,False,0,False,0.18113499826141116,None
2026-09-05 03:14:00+00:00,17.79,20.59,2530.79,0.0,19.63,False,0,False,0.26582027358854626,None
2026-09-05 03:15:00+00:00,19.34,21.9,2649.69,0.0,19.63,False,0,False,0.23518819029088583,None
2026-09-05 03:16:00+00:00,14.29,15.94,2559.3,0.0,19.63,False,0,False,0.2696372276546196,None
2026-09-05 03:17:00+00:00,8.0,8.63,2458.47,0.0,20.96,False,0,False,0.19231555819943202,None
2026-09-05 03:18:00+00:00,13.02,18.12,2833.89,0.0,19.63,False,0,False,0.281829954669766,None
2026-09-05 03:19:00+00:00,13.27,17.22,2588.03,0.56,20.52,False,0,False,0.24267939585583154,None
2026-09-05 03:20:00+00:00,25.56,33.05,2769.01,0.39,19.63,False,0,False,0.15646333198928258,None
2026-09-05 03:21:00+00:00,8.0,13.6,2621.12,0.0,21.09,False,0,False,0.1374990730289224,None
2026-09-05 03:22:00+00:00,17.01,24.28,2665.22,0.0,19.63,False,0,False,0.25604029026696395,None
2026-09-05 03:23:00+00:00,13.19,15.74,2647.15,0.0,19.63,False,0,False,0.26004206995550144,None
2026-09-05 03:24:00+00:00,25.65,25.93,2642.06,0.0,19.63,False,0,False,0.20381740656969294,None
2026-09-05 03:25:00+00:00,14.22,14.01,2356.22,0.0,20.92,False,0,False,0.2442622259163445,None
2026-09-05 03:26:00+00:00,14.39,20.31,2655.5,0.0,21.12,False,0,False,0.2596402602990359,None
2026-09-05 03:27:00+00:00,18.97,21.2,2848.28,0.0,19.63,False,0,False,0.2555036829576769,None
2026-09-05 03:28:00+00:00,14.36,15.05,2399.05,0.53,20.39,False,0,False,0.2213114571931552,None
2026-09-05 03:29:00+00:00,8.0,13.74,2575.53,0.55,20.57,False,0,False,0.1825951697821132,None
2026-09-05 03:30:00+00:00,13.02,12.01,2708.27,1.11,20.23,False,0,False,0.1954730279306589,None
2026-09-05 03:31:00+00:00,11.79,15.52,2503.91,0.38,20.57,False,0,False,0.23310715657436848,None
2026-09-05 03:32:00+00:00,23.27,27.17,2616.89,0.0,19.63,False,0,False,0.2002171150999164,None
2026-09-05 03:33:00+00:00,20.08,23.0,2718.75,0.0,19.63,False,0,False,0.25842731437422406,None
2026-09-05 03:34:00+00:00,19.12,25.1,2520.74,0.0,19.63,False,0,False,0.24489088311578583,None
2026-09-05 03:35:00+00:00,14.85,18.09,2653.77,0.0,19.63,False,0,False,0.25786806626264447,None
2026-09-05 03:36:00+00:00,13.81,14.92,2746.98,0.98,20.66,False,0,False,0.20820213808781218,None
2026-09-05 03:37:00+00:00,12.36,18.76,2351.54,0.0,20.82,False,0,False,0.24366246641212796,None
2026-09-05 03:38:00+00:00,15.66,18.79,2876.38,0.0,19.63,False,0,False,0.2708488440203035,None
2026-09-05 03:39:00+00:00,14.69,17.32,2554.66,0.05,19.63,False,0,False,0.2506657549388806,None
2026-09-05 03:40:00+00:00,14.5,16.72,2858.86,0.0,19.63,False,0,False,0.2868008690085894,None
2026-09-05 03:41:00+00:00,13.42,16.42,2599.76,0.0,19.63,False,0,False,0.2665921349169231,None
2026-09-05 03:42:00+00:00,16.28,22.39,2444.17,0.0,19.63,False,0,False,0.2501097309756883,None
2026-09-05 03:43:00+00:00,13.42,13.53,2507.63,0.0,19.63,False,0,False,0.20709599997174538,None
2026-09-05 03:44:00+00:00,15.03,17.72,2700.81,0.3,19.63,False,0,False,0.25345395703992263,None
2026-09-05 03:45:00+00:00,14.37,19.22,2628.22,0.65,20.94,False,0,False,0.18246062946378555,None
2026-09-05 03:46:00+00:00,24.23,23.14,2407.1,0.0,19.71,False,0,False,0.21341089125395374,None
2026-09-05 03:47:00+00:00,22.05,25.31,2756.13,0.0,20.78,False,0,False,0.2297286075080548,None
2026-09-05 03:48:00+00:00,14.1,16.92,2676.87,1.12,19.63,False,0,False,0.15619097617185485,None
2026-09-05 03:49:00+00:00,12.32,16.25,2722.72,0.0,20.57,False,0,False,0.27419878428018285,None
2026-09-05 03:50:00+00:00,16.54,18.41,2549.97,0.0,20.89,False,0,False,0.2780323643303164,None
2026-09-05 03:51:00+00:00,17.09,27.92,2608.48,0.0,20.72,False,0,False,0.16771696729832847,None
2026-09-05 03:52:00+00:00,21.08,30.52,2769.01,0.0,20.68,False,0,False,0.2001288183907981,None
2026-09-05 03:53:00+00:00,20.75,21.35,2587.07,0.0,19.95,False,0,False,0.2095139150745749,None
2026-09-05 03:54:00+00:00,15.84,15.06,2766.67,0.0,20.08,False,0,False,0.28052712333565105,None
2026-09-05 03:55:00+00:00,22.06,28.02,2658.07,1.1,19.63,False,0,False,0.13745166012766885,None
2026-09-05 03:56:00+00:00,18.12,26.65,2935.24,0.23,19.63,False,0,False,0.19984314960949318,None
2026-09-05 03:57:00+00:00,10.08,10.92,2637.07,0.0,20.24,False,0,False,0.2370393437925356,None
2026-09-05 03:58:00+00:00,19.0,23.15,2492.78,0.0,19.94,False,0,False,0.20981242820314439,None
2026-09-05 03:59:00+00:00,10.56,10.46,2561.21,0.98,20.63,False,0,False,0.18033842932873007,None
2026-09-05 04:00:00+00:00,14.31,16.85,2677.39,0.0,21.03,False,0,False,0.27621714874249886,None
2026-09-05 04:01:00+00:00,16.48,18.77,2550.16,0.45,19.63,False,0,False,0.24799372902517547,None
2026-09-05 04:02:00+00:00,16.91,20.46,2536.43,0.6,19.63,False,0,False,0.21797193142637789,None
2026-09-05 04:03:00+00:00,13.46,18.72,2638.95,0.0,20.45,False,0,False,0.2787245056580197,None
2026-09-05 04:04:00+00:00,16.35,15.51,2423.09,0.44,20.94,False,0,False,0.2298932161589613,None
2026-09-05 04:05:00+00:00,21.72,24.21,2636.67,0.0,19.63,False,0,False,0.20985755854619093,None
2026-09-05 04:06:00+00:00,14.71,20.45,2619.83,0.0,19.63,False,0,False,0.26313631579132396,None
2026-09-05 04:07:00+00:00,9.98,10.96,2443.77,0.02,20.66,False,0,False,0.20538572076443362,None
2026-09-05 04:08:00+00:00,15.88,14.76,2509.73,0.9,20.82,False,0,False,0.21058186271251972,None
2026-09-05 04:09:00+00:00,8.84,10.23,2686.56,0.0,20.41,False,0,False,0.2322049600393063,None
2026-09-05 04:10:00+00:00,14.72,22.38,2574.35,0.78,20.44,False,0,False,0.215103652918201,None
2026-09-05 04:11:00+00:00,11.69,14.39,2392.51,0.0,20.91,False,0,False,0.22719023797357019,None
2026-09-05 04:12:00+00:00,20.29,17.37,2685.56,0.0,20.58,False,0,False,0.26029944416891915,None
2026-09-05 04:13:00+00:00,15.58,17.46,2859.01,0.0,20.86,False,0,False,0.22570465115078758,None
2026-09-05 04:14:00+00:00,22.39,22.85,2514.14,0.44,20.08,False,0,False,0.20641992317668922,None
2026-09-05 04:15:00+00:00,18.27,24.62,2618.68,0.0,19.63,False,0,False,0.22960870181175108,None
2026-09-05 04:16:00+00:00,12.59,19.65,2883.07,0.45,20.39,False,0,False,0.24891296551734687,None
2026-09-05 04:17:00+00:00,9.21,9.2,2423.18,0.0,19.63,False,0,False,0.20747120904754635,None
2026-09-05 04:18:00+00:00,17.38,16.81,2710.04,1.16,20.24,False,0,False,0.18345141281551353,None
2026-09-05 04:19:00+00:00,13.29,17.96,2640.32,0.0,21.13,False,0,False,0.2779688771445074,None
2026-09-05 04:20:00+00:00,18.46,22.32,2741.8,0.81,19.63,False,0,False,0.21322131552626078,None
2026-09-05 04:21:00+00:00,12.45,12.28,2389.09,0.0,19.63,False,0,False,0.24574188030121785,None
2026-09-05 04:22:00+00:00,15.53,16.34,2587.43,0.0,20.0,False,0,False,0.26959709264034803,None
2026-09-05 04:23:00+00:00,14.79,16.02,2749.27,0.64,20.82,False,0,False,0.21724869033740224,None
2026-09-05 04:24:00+00:00,21.62,22.83,2638.77,0.03,19.92,False,0,False,0.1677244743523798,None
2026-09-05 04:25:00+00:00,12.99,8.67,2748.42,0.0,19.76,False,0,False,0.24187810251486025,None
2026-09-05 04:26:00+00:00,20.52,23.84,2777.31,0.0,21.05,False,0,False,0.2576940593945747,None
2026-09-05 04:27:00+00:00,11.79,12.11,2798.42,0.0,20.14,False,0,False,0.2688096396326613,None
2026-09-05 04:28:00+00:00,15.98,18.65,2593.07,0.38,20.28,False,0,False,0.24337688293909238,None
2026-09-05 04:29:00+00:00,19.6,23.77,2754.53,0.0,19.63,False,0,False,0.2662527732999874,None
2026-09-05 04:30:00+00:00,9.97,11.32,2485.7,0.0,19.63,False,0,False,0.16597060154364962,None
2026-09-05 04:31:00+00:00,20.19,22.74,2605.75,0.0,19.63,False,0,False,0.2535683563310258,None
2026-09-05 04:32:00+00:00,17.55,20.1,2493.72,0.93,19.63,False,0,False,0.15906815579716593,None
2026-09-05 04:33:00+00:00,17.19,22.27,2653.38,0.0,20.54,False,0,False,0.2537036403297447,None
2026-09-05 04:34:00+00:00,14.86,15.41,2615.64,0.0,21.06,False,0,False,0.21985440738710244,None
2026-09-05 04:35:00+00:00,16.57,19.35,2603.9,0.0,19.99,False,0,False,0.27632722837620993,None
2026-09-05 04:36:00+00:00,17.7,19.15,2573.61,0.0,19.63,False,0,False,0.2742127961689002,None
2026-09-05 04:37:00+00:00,13.42,12.13,2392.21,0.0,19.85,False,0,False,0.2282078764034151,None
2026-09-05 04:38:00+00:00,11.66,11.59,2697.88,0.0,19.63,False,0,False,0.2587204795457467,None
2026-09-05 04:39:00+00:00,13.92,13.27,2456.42,0.0,19.63,False,0,False,0.24757942236767777,None
2026-09-05 04:40:00+00:00,14.74,17.82,2542.82,0.0,19.63,False,0,False,0.28125882531542723,None
2026-09-05 04:41:00+00:00,15.21,13.77,2854.61,0.0,19.63,False,0,False,0.24848541822661002,None
2026-09-05 04:42:00+00:00,14.36,15.38,2629.99,0.0,19.63,False,0,False,0.28056667120380574,None
2026-09-05 04:43:00+00:00,13.17,11.88,2634.04,0.0,19.84,False,0,False,0.2711522955522574,None
2026-09-05 04:44:00+00:00,8.0,9.13,2576.45,0.0,19.63,False,0,False,0.21774508274220655,None
2026-09-05 04:45:00+00:00,22.5,21.45,2696.86,0.0,20.9,False,0,False,0.24445616953671878,None
2026-09-05 04:46:00+00:00,16.62,17.61,2568.05,0.54,20.63,False,0,False,0.20198756627649855,None
2026-09-05 04:47:00+00:00,14.14,19.47,2615.14,0.0,19.63,False,0,False,0.19728850397345288,None
2026-09-05 04:48:00+00:00,14.98,19.48,2738.61,0.0,19.63,False,0,False,0.28508849913488443,None
2026-09-05 04:49:00+00:00,17.35,19.23,2336.28,0.0,20.97,False,0,False,0.22920557646237905,None
2026-09-05 04:50:00+00:00,8.0,17.13,2528.05,0.31,19.63,False,0,False,0.2197917997212957,None
2026-09-05 04:51:00+00:00,12.67,14.57,2625.91,0.0,19.63,False,0,False,0.27299623918245275,None
2026-09-05 04:52:00+00:00,12.73,11.2,2648.94,0.67,20.79,False,0,False,0.20546075858385743,None
2026-09-05 04:53:00+00:00,16.85,24.68,2657.37,0.0,19.89,False,0,False,0.25853560518305946,None
2026-09-05 04:54:00+00:00,10.62,10.01,2732.18,0.0,19.63,False,0,False,0.21535572687887705,None
2026-09-05 04:55:00+00:00,19.11,28.09,2846.61,0.13,20.31,False,0,False,0.22470371095245395,None
2026-09-05 04:56:00+00:00,10.09,11.53,2807.84,0.17,20.78,False,0,False,0.23009914253562674,None
2026-09-05 04:57:00+00:00,11.83,12.79,2632.52,0.17,19.63,False,0,False,0.25009645976178707,None
2026-09-05 04:58:00+00:00,14.01,10.97,2638.54,0.0,19.68,False,0,False,0.22577140342580615,None
2026-09-05 04:59:00+00:00,19.08,18.37,2615.42,0.0,19.63,False,0,False,0.27572244952194164,None
2026-09-05 05:00:00+00:00,18.66,15.92,2665.64,0.11,20.03,False,0,False,0.20097509623263105,None
2026-09-05 05:01:00+00:00,16.34,14.02,2689.21,0.62,20.32,False,0,False,0.22024814004218157,None
2026-09-05 05:02:00+00:00,17.13,20.85,2643.86,0.0,21.08,False,0,False,0.2753906912798783,None
2026-09-05 05:03:00+00:00,16.0,14.5,2578.19,1.08,19.63,True,1,False,0.19653737756505946,Z-Score
2026-09-05 05:04:00+00:00,20.42,18.49,2672.48,0.0,21.06,False,0,False,0.2592785450791651,None
2026-09-05 05:05:00+00:00,17.36,16.06,2756.53,0.0,19.63,False,0,False,0.2815418891871709,None
2026-09-05 05:06:00+00:00,12.6,15.57,2775.83,0.0,20.17,False,0,False,0.2652198445570403,None
2026-09-05 05:07:00+00:00,15.04,14.87,2724.99,0.0,19.63,False,0,False,0.28476956768497513,None
2026-09-05 05:08:00+00:00,10.64,9.26,2798.19,0.0,19.69,False,0,False,0.22787408326959457,None
2026-09-05 05:09:00+00:00,12.03,16.32,2832.17,1.23,19.73,True,1,False,0.1924465976830408,Z-Score
2026-09-05 05:10:00+00:00,18.6,24.02,2688.61,0.0,19.63,False,0,False,0.2575607219925561,None
2026-09-05 05:11:00+00:00,15.88,13.37,2490.6,1.06,19.63,False,0,False,0.1887770892277904,None
2026-09-05 05:12:00+00:00,23.65,31.04,2616.98,0.0,20.06,True,1,False,0.14640452783518737,Z-Score
2026-09-05 05:13:00+00:00,15.86,13.55,2576.84,0.0,19.83,False,0,False,0.2684305588294732,None
2026-09-05 05:14:00+00:00,16.34,15.17,2655.57,0.32,19.63,False,0,False,0.2552205747390844,None
2026-09-05 05:15:00+00:00,14.52,19.12,2631.1,0.0,19.99,False,0,False,0.2725669530803569,None
2026-09-05 05:16:00+00:00,17.63,19.57,2727.34,0.35,20.64,False,0,False,0.2401034206542107,None
2026-09-05 05:17:00+00:00,13.46,14.74,2473.68,0.5,19.63,False,0,False,0.22716633130437108,None
2026-09-05 05:18:00+00:00,9.68,12.42,2423.06,0.97,20.17,False,0,False,0.17281637232780966,None
2026-09-05 05:19:00+00:00,20.37,20.94,2703.4,0.48,19.63,False,0,False,0.21208829571440452,None
2026-09-05 05:20:00+00:00,10.35,11.83,2648.21,0.0,19.71,False,0,False,0.2593318894203545,None
2026-09-05 05:21:00+00:00,15.66,22.89,2786.81,0.57,20.14,False,0,False,0.22264979700241422,None
2026-09-05 05:22:00+00:00,12.11,16.21,2503.54,0.14,20.32,False,0,False,0.24543485330390602,None
2026-09-05 05:23:00+00:00,10.79,13.46,2711.24,0.0,20.92,False,0,False,0.2033903441388213,None
2026-09-05 05:24:00+00:00,15.46,18.08,2684.19,0.0,19.63,False,0,False,0.2840053858897692,None
2026-09-05 05:25:00+00:00,13.18,20.55,2753.45,0.0,19.63,False,0,False,0.2509637429647294,None
2026-09-05 05:26:00+00:00,17.1,18.68,2578.91,0.31,19.63,False,0,False,0.252975067114828,None
2026-09-05 05:27:00+00:00,18.2,22.0,2577.44,0.0,19.63,False,0,False,0.26910590153943414,None
2026-09-05 05:28:00+00:00,17.33,14.29,2750.46,0.0,19.63,False,0,False,0.2777894424093,None
2026-09-05 05:29:00+00:00,13.36,19.14,2834.84,0.0,19.63,False,0,False,0.28311376924975856,None
2026-09-05 05:30:00+00:00,12.32,13.32,2552.62,0.0,19.63,False,0,False,0.2697474619236533,None
2026-09-05 05:31:00+00:00,14.35,17.35,2934.75,0.0,19.63,False,0,False,0.28419135184684274,None
2026-09-05 05:32:00+00:00,8.0,10.62,2599.78,0.35,20.46,False,0,False,0.1947021405399384,None
2026-09-05 05:33:00+00:00,20.03,25.28,2688.28,0.0,20.14,False,0,False,0.25176636132128205,None
2026-09-05 05:34:00+00:00,17.81,19.34,2420.32,0.0,19.63,False,0,False,0.2592638757476904,None
2026-09-05 05:35:00+00:00,16.18,19.79,2580.36,0.0,19.63,False,0,False,0.27578253117161405,None
2026-09-05 05:36:00+00:00,14.39,16.53,2566.79,1.17,20.0,True,1,False,0.16634891411545222,Z-Score
2026-09-05 05:37:00+00:00,16.52,19.53,2714.55,0.9,19.63,False,0,False,0.2121696084871202,None
2026-09-05 05:38:00+00:00,12.44,14.64,2771.91,0.0,19.83,False,0,False,0.2717912986064974,None
2026-09-05 05:39:00+00:00,17.66,20.49,2764.62,0.0,19.63,False,0,False,0.2840153211861506,None
2026-09-05 05:40:00+00:00,17.23,27.75,2699.63,0.0,20.1,False,0,False,0.2335768861281709,None
2026-09-05 05:41:00+00:00,16.69,16.24,2292.76,0.38,19.63,True,1,False,0.22089815750588593,Z-Score
2026-09-05 05:42:00+00:00,15.08,22.43,2706.96,0.0,20.37,False,0,False,0.24199846691473875,None
2026-09-05 05:43:00+00:00,15.49,19.23,2467.27,1.02,19.63,False,0,False,0.16551968202782308,None
2026-09-05 05:44:00+00:00,14.75,21.48,2604.77,0.0,20.8,False,0,False,0.2513978581968079,None
2026-09-05 05:45:00+00:00,9.38,16.08,2652.24,0.36,19.63,False,0,False,0.22550833368660111,None
2026-09-05 05:46:00+00:00,18.23,17.93,2868.68,0.0,20.94,False,0,False,0.26087498219089755,None
2026-09-05 05:47:00+00:00,11.62,12.06,2698.39,0.0,20.14,False,0,False,0.2708193535911477,None
2026-09-05 05:48:00+00:00,11.44,12.54,2510.53,0.0,19.63,False,0,False,0.26198117275939986,None
2026-09-05 05:49:00+00:00,12.38,11.41,2829.78,0.0,19.63,False,0,False,0.2671056994159044,None
2026-09-05 05:50:00+00:00,8.54,7.5,2593.66,0.0,20.71,False,0,False,0.19012066057383842,None
2026-09-05 05:51:00+00:00,13.91,15.75,2608.77,0.15,19.63,False,0,False,0.25309330496879706,None
2026-09-05 05:52:00+00:00,18.87,21.23,2651.48,0.0,20.77,False,0,False,0.2744486112999288,None
2026-09-05 05:53:00+00:00,11.7,9.19,2698.16,0.0,19.63,False,0,False,0.2365982930377039,None
2026-09-05 05:54:00+00:00,16.4,18.96,2732.97,0.0,20.46,False,0,False,0.27611916836767364,None
2026-09-05 05:55:00+00:00,17.41,19.14,2834.97,0.0,21.09,False,0,False,0.28270233301938963,None
2026-09-05 05:56:00+00:00,18.56,20.68,2628.63,0.43,19.63,False,0,False,0.24284976628207916,None
2026-09-05 05:57:00+00:00,17.52,25.14,2782.19,0.0,19.91,False,0,False,0.2642294726740391,None
2026-09-05 05:58:00+00:00,16.77,20.69,2811.2,0.0,19.63,False,0,False,0.2663025399510522,None
2026-09-05 05:59:00+00:00,12.25,15.13,2689.75,0.0,20.49,False,0,False,0.26336556579203163,None
2026-09-05 06:00:00+00:00,17.95,24.97,2687.18,0.0,20.12,False,0,False,0.26246120982636123,None
2026-09-05 06:01:00+00:00,17.17,20.21,2873.05,0.0,19.72,False,0,False,0.20789701123331844,None
2026-09-05 06:02:00+00:00,11.46,13.49,2453.17,1.02,19.63,False,0,False,0.17677940942373477,None
2026-09-05 06:03:00+00:00,20.13,18.82,2632.08,0.0,21.12,False,0,False,0.2645517765506279,None
2026-09-05 06:04:00+00:00,19.42,22.33,2578.11,0.0,19.63,False,0,False,0.270578810309426,None
2026-09-05 06:05:00+00:00,19.6,18.39,2710.19,0.68,19.88,False,0,False,0.22638663928606567,None
2026-09-05 06:06:00+00:00,13.65,18.0,2440.8,0.0,19.93,False,0,False,0.2580745971731648,None
2026-09-05 06:07:00+00:00,15.71,14.51,2681.79,0.1,19.63,False,0,False,0.268320029419986,None
2026-09-05 06:08:00+00:00,15.44,13.09,2800.52,0.0,20.55,False,0,False,0.2686229776074031,None
2026-09-05 06:09:00+00:00,17.57,20.22,2638.31,0.0,19.63,False,0,False,0.2628478787783193,None
2026-09-05 06:10:00+00:00,17.59,23.55,2753.7,0.0,19.63,False,0,False,0.2726439933479636,None
2026-09-05 06:11:00+00:00,16.1,17.74,2790.93,0.0,19.63,False,0,False,0.2840034473259505,None
2026-09-05 06:12:00+00:00,14.58,13.05,2606.48,0.0,19.63,False,0,False,0.2704034112331796,None
2026-09-05 06:13:00+00:00,16.42,18.96,2704.4,0.18,19.63,False,0,False,0.2587952177246669,None
2026-09-05 06:14:00+00:00,18.52,24.23,2802.2,0.6,20.39,False,0,False,0.20821061624911147,None
2026-09-05 06:15:00+00:00,14.78,15.64,2740.91,0.0,19.63,False,0,False,0.2828800695983738,None
2026-09-05 06:16:00+00:00,16.87,18.48,2873.64,0.57,19.63,False,0,False,0.23341440790494744,None
2026-09-05 06:17:00+00:00,15.49,24.29,2936.32,0.0,20.48,False,0,False,0.2643838045168007,None
2026-09-05 06:18:00+00:00,12.17,12.04,2638.12,0.15,21.02,False,0,False,0.23141995629033485,None
2026-09-05 06:19:00+00:00,16.53,17.73,2728.88,0.0,19.63,False,0,False,0.28204674252986467,None
2026-09-05 06:20:00+00:00,21.94,24.43,2733.41,0.0,20.14,False,0,False,0.2500656696937355,None
2026-09-05 06:21:00+00:00,13.56,20.81,2773.51,0.03,20.58,False,0,False,0.23709184368636027,None
2026-09-05 06:22:00+00:00,12.61,14.66,2791.2,0.0,20.56,False,0,False,0.2687091717427104,None
2026-09-05 06:23:00+00:00,14.54,11.81,2598.54,0.0,19.63,False,0,False,0.24361964247558626,None
2026-09-05 06:24:00+00:00,19.69,23.57,2680.45,0.0,20.4,False,0,False,0.26570753484983245,None
2026-09-05 06:25:00+00:00,15.79,21.99,2586.33,0.0,19.63,False,0,False,0.21853790248515254,None
2026-09-05 06:26:00+00:00,12.91,17.87,2790.07,0.0,20.18,False,0,False,0.28020645105611464,None
2026-09-05 06:27:00+00:00,21.82,24.46,2699.71,0.54,19.63,False,0,False,0.20353849128796825,None
2026-09-05 06:28:00+00:00,15.96,17.52,2882.43,0.0,19.63,False,0,False,0.287290105481528,None
2026-09-05 06:29:00+00:00,13.35,16.45,2899.75,0.78,19.63,False,0,False,0.23442707599578327,None
2026-09-05 06:30:00+00:00,20.59,24.8,2712.92,0.27,20.02,False,0,False,0.22174303567186932,None
2026-09-05 06:31:00+00:00,15.09,16.26,2868.78,0.0,20.32,False,0,False,0.28188428969890134,None
2026-09-05 06:32:00+00:00,19.08,17.57,2566.31,0.0,19.92,False,0,False,0.2528822938386756,None
2026-09-05 06:33:00+00:00,17.25,17.57,2823.46,0.0,20.66,False,0,False,0.27318146945644234,None
2026-09-05 06:34:00+00:00,16.33,22.65,2747.55,0.0,19.63,False,0,False,0.261113450039751,None
2026-09-05 06:35:00+00:00,21.73,25.09,2838.57,1.17,19.99,True,1,False,0.14163219707766717,Z-Score
2026-09-05 06:36:00+00:00,14.93,17.45,2816.79,0.5,20.63,False,0,False,0.2540557750859298,None
2026-09-05 06:37:00+00:00,16.78,14.74,2898.09,0.36,20.25,False,0,False,0.25401134166266237,None
2026-09-05 06:38:00+00:00,18.72,18.27,2727.9,0.26,19.63,False,0,False,0.23926652320195696,None
2026-09-05 06:39:00+00:00,14.76,12.32,2651.17,0.0,20.37,False,0,False,0.27310897413581914,None
2026-09-05 06:40:00+00:00,17.76,20.71,2832.2,0.0,21.07,False,0,False,0.25628312801691977,None
2026-09-05 06:41:00+00:00,16.51,19.26,2641.23,0.0,19.63,False,0,False,0.2748025247751353,None
2026-09-05 06:42:00+00:00,10.11,18.19,2530.92,0.0,19.63,False,0,False,0.24482790132415871,None
2026-09-05 06:43:00+00:00,11.89,14.17,2805.08,0.0,20.66,False,0,False,0.280727183034285,None
2026-09-05 06:44:00+00:00,18.12,20.25,2808.08,0.0,19.63,False,0,False,0.2819231770542895,None
2026-09-05 06:45:00+00:00,16.04,21.21,2800.78,0.0,19.63,False,0,False,0.28233039317928665,None
2026-09-05 06:46:00+00:00,13.98,17.96,2814.65,0.0,20.79,False,0,False,0.28641608327311535,None
2026-09-05 06:47:00+00:00,11.57,10.69,2705.99,0.0,19.63,False,0,False,0.24662484218647746,None
2026-09-05 06:48:00+00:00,20.79,25.65,2768.66,0.0,19.63,False,0,False,0.22501420021937169,None
2026-09-05 06:49:00+00:00,21.47,24.68,2694.39,0.0,20.23,False,0,False,0.225922810420155,None
2026-09-05 06:50:00+00:00,20.69,26.79,2826.28,0.0,19.63,False,0,False,0.23856327743130212,None
2026-09-05 06:51:00+00:00,16.97,14.05,2702.27,0.31,20.63,False,0,False,0.24446949202580853,None
2026-09-05 06:52:00+00:00,15.47,21.44,2913.56,0.91,21.07,False,0,False,0.22041682546751162,None
2026-09-05 06:53:00+00:00,14.37,16.77,2880.68,0.31,21.08,False,0,False,0.21856957566369528,None
2026-09-05 06:54:00+00:00,17.08,18.74,3047.21,0.0,19.98,False,0,False,0.2835805035728977,None
2026-09-05 06:55:00+00:00,16.62,18.75,2778.64,0.0,19.63,False,0,False,0.28570328400040446,None
2026-09-05 06:56:00+00:00,16.5,19.14,2818.8,0.0,20.7,False,0,False,0.28690678355420407,None
2026-09-05 06:57:00+00:00,17.3,22.54,2967.39,0.0,19.63,False,0,False,0.2785800972282337,None
2026-09-05 06:58:00+00:00,14.62,17.06,2735.29,0.96,20.42,False,0,False,0.22516917059211328,None
2026-09-05 06:59:00+00:00,15.51,14.3,2781.49,0.0,19.8,False,0,False,0.28280258904858735,None
2026-09-05 07:00:00+00:00,12.9,17.01,3066.96,0.0,19.63,False,0,False,0.2707591177869132,None
2026-09-05 07:01:00+00:00,10.16,14.17,2989.62,0.0,19.94,False,0,False,0.25977647058324066,None
2026-09-05 07:02:00+00:00,14.62,22.63,2744.5,0.0,20.31,False,0,False,0.25835853957732025,None
2026-09-05 07:03:00+00:00,11.17,12.33,2886.62,1.21,19.63,True,1,False,0.1851694472942032,Z-Score
2026-09-05 07:04:00+00:00,14.71,19.17,2859.89,0.0,19.63,False,0,False,0.27913168907434727,None
2026-09-05 07:05:00+00:00,14.04,12.75,2724.72,0.0,19.63,False,0,False,0.2784229060659781,None
2026-09-05 07:06:00+00:00,15.14,16.34,3024.05,0.0,20.19,False,0,False,0.27956735120000353,None
2026-09-05 07:07:00+00:00,17.05,16.0,2768.92,0.0,20.29,False,0,False,0.26599910798532744,None
2026-09-05 07:08:00+00:00,15.3,20.05,2674.52,0.02,19.63,False,0,False,0.27568573957871334,None
2026-09-05 07:09:00+00:00,15.38,20.96,2781.2,0.04,20.06,False,0,False,0.27337429603296326,None
2026-09-05 07:10:00+00:00,15.98,18.34,2785.02,0.0,20.77,False,0,False,0.28464545576622674,None
2026-09-05 07:11:00+00:00,18.58,17.72,2958.13,0.0,19.63,False,0,False,0.27698621016387537,None
2026-09-05 07:12:00+00:00,14.42,18.25,2949.58,0.0,19.63,False,0,False,0.2817020537429966,None
2026-09-05 07:13:00+00:00,20.91,25.85,2949.06,0.0,19.63,False,0,False,0.2411919060586219,None
2026-09-05 07:14:00+00:00,14.3,16.77,2774.89,0.0,19.63,False,0,False,0.276351524566414,None
2026-09-05 07:15:00+00:00,13.02,18.59,2783.67,0.4,19.92,False,0,False,0.2474676861970801,None
2026-09-05 07:16:00+00:00,10.83,12.45,3065.15,0.0,19.63,False,0,False,0.26299072780980837,None
2026-09-05 07:17:00+00:00,20.49,21.16,2794.94,0.0,19.63,False,0,False,0.24913843203215724,None
2026-09-05 07:18:00+00:00,14.21,14.99,2874.24,0.65,20.57,False,0,False,0.24333191308493218,None
2026-09-05 07:19:00+00:00,16.15,17.83,2945.62,0.0,19.63,False,0,False,0.27846582215649607,None
2026-09-05 07:20:00+00:00,12.62,13.17,2868.59,0.0,19.63,False,0,False,0.2708085781911218,None
2026-09-05 07:21:00+00:00,15.23,21.4,2781.84,0.0,19.63,False,0,False,0.2714471117706234,None
2026-09-05 07:22:00+00:00,15.08,20.04,2993.31,0.35,19.8,False,0,False,0.2497973286824013,None
2026-09-05 07:23:00+00:00,18.07,19.75,2690.7,0.0,20.29,False,0,False,0.2170167023242457,None
2026-09-05 07:24:00+00:00,16.17,17.96,2851.73,0.0,19.63,False,0,False,0.28018529732921504,None
2026-09-05 07:25:00+00:00,14.42,19.52,2908.31,0.0,19.92,False,0,False,0.26403891862810813,None
2026-09-05 07:26:00+00:00,14.07,14.15,2808.22,0.04,19.63,False,0,False,0.2729243922789132,None
2026-09-05 07:27:00+00:00,14.3,14.96,3185.42,0.0,19.63,True,1,False,0.28107735153215985,Z-Score
2026-09-05 07:28:00+00:00,12.52,18.04,2667.1,0.0,20.3,False,0,False,0.2785284490885154,None
2026-09-05 07:29:00+00:00,14.6,17.12,2820.92,0.0,19.63,False,0,False,0.28860805393961414,None
2026-09-05 07:30:00+00:00,13.27,13.26,3011.0,0.0,19.65,False,0,False,0.2727967069311728,None
2026-09-05 07:31:00+00:00,10.41,9.57,2896.94,0.0,20.7,False,0,False,0.2418879264416504,None
2026-09-05 07:32:00+00:00,10.62,10.67,2923.9,0.0,20.68,False,0,False,0.2525916522281744,None
2026-09-05 07:33:00+00:00,14.61,15.8,2999.82,0.0,19.63,False,0,False,0.27223312318387394,None
2026-09-05 07:34:00+00:00,18.0,20.72,2757.02,0.0,19.63,False,0,False,0.27786169142311057,None
2026-09-05 07:35:00+00:00,14.82,14.69,2835.08,0.92,19.63,False,0,False,0.20613652837166418,None
2026-09-05 07:36:00+00:00,17.58,23.67,2859.83,0.0,20.51,False,0,False,0.2674682333532767,None
2026-09-05 07:37:00+00:00,13.67,11.39,3142.53,0.0,19.63,False,0,False,0.2635220759527465,None
2026-09-05 07:38:00+00:00,12.14,15.08,3082.02,0.0,19.63,False,0,False,0.25371625166234035,None
2026-09-05 07:39:00+00:00,16.23,14.59,3041.66,0.0,20.96,False,0,False,0.2837578077802492,None
2026-09-05 07:40:00+00:00,17.99,18.55,2785.44,0.41,19.63,False,0,False,0.2499248420922539,None
2026-09-05 07:41:00+00:00,21.76,22.72,2725.33,0.0,19.63,False,0,False,0.2206410806206046,None
2026-09-05 07:42:00+00:00,18.21,21.35,2927.05,0.0,20.97,False,0,False,0.2794020647833873,None
2026-09-05 07:43:00+00:00,12.06,14.42,2847.79,0.0,19.63,False,0,False,0.2513577377250957,None
2026-09-05 07:44:00+00:00,11.93,18.61,2539.35,0.61,19.63,False,0,False,0.22774165976737526,None
2026-09-05 07:45:00+00:00,19.32,24.99,2893.61,0.0,20.87,False,0,False,0.26160533025670646,None
2026-09-05 07:46:00+00:00,14.25,18.55,2950.67,0.0,20.11,False,0,False,0.2827123292658592,None
2026-09-05 07:47:00+00:00,15.95,19.27,3139.4,0.0,19.91,False,0,False,0.27729327491529265,None
2026-09-05 07:48:00+00:00,16.3,15.2,3041.09,0.0,20.2,False,0,False,0.285704402765481,None
2026-09-05 07:49:00+00:00,16.55,17.84,3077.23,0.03,20.71,False,0,False,0.23217705037759168,None
2026-09-05 07:50:00+00:00,16.69,18.83,3119.26,0.0,19.79,False,0,False,0.2716315870694053,None
2026-09-05 07:51:00+00:00,12.77,15.7,3032.26,0.0,20.26,False,0,False,0.2740002751381303,None
2026-09-05 07:52:00+00:00,12.98,10.58,3128.91,0.14,20.75,False,0,False,0.2327253327909694,None
2026-09-05 07:53:00+00:00,16.42,16.87,3264.32,0.24,20.44,False,0,False,0.24943136976460628,None
2026-09-05 07:54:00+00:00,17.85,19.54,2858.33,0.36,20.62,False,0,False,0.24574178305532962,None
2026-09-05 07:55:00+00:00,15.96,16.45,2768.17,0.11,20.5,False,0,False,0.25976329641302204,None
2026-09-05 07:56:00+00:00,16.47,19.28,3044.82,0.0,20.95,False,0,False,0.2850018015330294,None
2026-09-05 07:57:00+00:00,16.36,18.51,2936.38,0.0,20.76,False,0,False,0.2822977505759717,None
2026-09-05 07:58:00+00:00,14.39,19.8,2984.81,0.0,20.76,False,0,False,0.285425350060011,None
2026-09-05 07:59:00+00:00,16.81,21.43,3106.56,1.21,21.22,True,1,False,0.18042447564542552,Z-Score
2026-09-05 08:00:00+00:00,18.19,19.68,2890.86,0.79,20.92,False,0,False,0.2357579743309085,None
2026-09-05 08:01:00+00:00,18.24,20.37,3141.97,0.0,21.11,False,0,False,0.2750212472030323,None
2026-09-05 08:02:00+00:00,15.29,20.08,2985.94,0.0,20.82,False,0,False,0.2795126164969037,None
2026-09-05 08:03:00+00:00,13.08,12.18,3038.15,0.0,20.51,False,0,False,0.2724505245730052,None
2026-09-05 08:04:00+00:00,17.29,21.14,3153.81,0.0,20.21,False,0,False,0.2742009894009853,None
2026-09-05 08:05:00+00:00,20.43,22.95,3111.33,0.0,22.35,True,1,False,0.2441508760932462,Z-Score
2026-09-05 08:06:00+00:00,20.47,21.9,3014.35,0.0,22.04,True,1,False,0.22417822271950566,Z-Score
2026-09-05 08:07:00+00:00,14.27,20.9,2873.5,0.0,21.48,False,0,False,0.255186263131954,None
2026-09-05 08:08:00+00:00,11.12,13.65,3216.94,0.0,22.32,True,1,False,0.21015420632674303,Z-Score
2026-09-05 08:09:00+00:00,18.84,20.12,3126.38,0.0,22.42,True,1,False,0.2683891305007224,Z-Score
2026-09-05 08:10:00+00:00,14.36,17.39,2859.94,0.0,20.17,False,0,False,0.2797024007877904,None
2026-09-05 08:11:00+00:00,13.25,18.19,2975.18,0.11,23.19,True,1,False,0.25274520589375005,Z-Score
2026-09-05 08:12:00+00:00,12.92,11.6,3201.1,0.0,21.09,False,0,False,0.26129224432616366,None
2026-09-05 08:13:00+00:00,15.38,16.56,2922.02,0.3,20.87,False,0,False,0.2410024804050121,None
2026-09-05 08:14:00+00:00,17.05,18.39,3175.79,0.0,22.75,False,0,False,0.2674957629332141,None
2026-09-05 08:15:00+00:00,17.15,24.12,3112.2,0.0,23.66,True,1,False,0.24412478726393483,Z-Score
2026-09-05 08:16:00+00:00,14.98,15.85,3199.8,0.0,22.83,False,0,False,0.2584276932817692,None
2026-09-05 08:17:00+00:00,14.86,19.43,3166.24,0.0,23.54,False,0,False,0.2665631061988602,None
2026-09-05 08:18:00+00:00,10.68,16.91,3167.57,0.0,19.77,False,0,False,0.2670134579588243,None
2026-09-05 08:19:00+00:00,17.65,20.44,3354.79,0.0,23.54,False,0,False,0.2502030345046078,None
2026-09-05 08:20:00+00:00,8.2,8.06,2944.98,0.0,20.78,False,0,False,0.21362663407311477,None
2026-09-05 08:21:00+00:00,15.25,18.61,3264.16,0.0,19.84,False,0,False,0.2680131690967345,None
2026-09-05 08:22:00+00:00,17.29,20.65,3094.68,0.91,19.73,True,1,False,0.20739930955611346,Z-Score
2026-09-05 08:23:00+00:00,17.96,22.42,3311.99,0.02,20.11,False,0,False,0.2548169772680102,None
2026-09-05 08:24:00+00:00,16.74,18.88,3146.52,0.0,19.63,False,0,False,0.28261725227575996,None
2026-09-05 08:25:00+00:00,19.72,21.32,3424.27,0.0,23.72,False,0,False,0.22391533389114393,None
2026-09-05 08:26:00+00:00,13.99,14.44,3231.51,0.13,24.88,True,1,False,0.21345033059419233,Z-Score
2026-09-05 08:27:00+00:00,14.57,18.82,3150.74,0.37,20.04,False,0,False,0.2447147257731896,None
2026-09-05 08:28:00+00:00,19.1,22.56,3347.27,0.85,20.25,False,0,False,0.16489777029973035,None
2026-09-05 08:29:00+00:00,15.17,16.23,3207.14,0.0,19.93,False,0,False,0.2738191739321002,None
2026-09-05 08:30:00+00:00,10.71,12.26,3212.88,0.0,20.91,False,0,False,0.255692280820881,None
2026-09-05 08:31:00+00:00,19.22,23.03,3227.58,0.8,25.59,True,1,False,0.19230370862579504,Z-Score
2026-09-05 08:32:00+00:00,17.08,20.96,3129.76,0.0,21.07,False,0,False,0.27882585820694805,None
2026-09-05 08:33:00+00:00,20.15,27.09,3136.51,0.0,24.41,False,0,False,0.21245142403362188,None
2026-09-05 08:34:00+00:00,13.17,14.53,3183.71,0.0,20.28,False,0,False,0.2661529158497045,None
2026-09-05 08:35:00+00:00,10.29,13.34,3326.23,0.0,19.83,False,0,False,0.23698166157087464,None
2026-09-05 08:36:00+00:00,17.64,19.74,3310.15,0.66,27.86,True,1,False,0.18066809194296102,Z-Score
2026-09-05 08:37:00+00:00,18.25,20.65,3036.05,0.0,26.41,True,1,False,0.24789220164435943,Z-Score
2026-09-05 08:38:00+00:00,18.33,19.11,3446.25,0.0,19.74,False,0,False,0.2511365238319366,None
2026-09-05 08:39:00+00:00,16.11,21.01,3407.28,0.0,19.68,False,0,False,0.264989489526261,None
2026-09-05 08:40:00+00:00,16.37,17.78,3161.25,0.0,27.67,True,1,False,0.24536458891492524,Z-Score
2026-09-05 08:41:00+00:00,14.4,12.83,3283.38,0.0,20.51,False,0,False,0.2637469790847469,None
2026-09-05 08:42:00+00:00,13.55,12.32,3038.15,0.0,26.11,False,0,False,0.2505158939064021,None
2026-09-05 08:43:00+00:00,16.53,18.88,3525.91,0.0,20.91,False,0,False,0.25781128048657587,None
2026-09-05 08:44:00+00:00,16.31,17.51,3094.53,0.39,25.7,False,0,False,0.22798843395671986,None
2026-09-05 08:45:00+00:00,9.66,16.15,3252.61,0.0,20.16,False,0,False,0.2471120825847593,None
2026-09-05 08:46:00+00:00,16.56,16.04,3112.56,0.0,19.74,False,0,False,0.2831587902708661,None
2026-09-05 08:47:00+00:00,16.55,21.3,3292.25,0.0,20.73,False,0,False,0.2739334744520595,None
2026-09-05 08:48:00+00:00,14.07,10.93,3275.35,0.0,29.22,True,1,False,0.22978812681224003,Z-Score
2026-09-05 08:49:00+00:00,20.59,25.39,3389.62,0.92,20.85,False,0,False,0.15397051786881782,None
2026-09-05 08:50:00+00:00,16.05,20.69,3092.43,0.0,20.14,False,0,False,0.2654325789931265,None
2026-09-05 08:51:00+00:00,12.33,14.61,3349.0,0.0,20.37,False,0,False,0.21092195539831754,None
2026-09-05 08:52:00+00:00,18.25,20.68,3146.7,0.0,20.51,False,0,False,0.27391563909382516,None
2026-09-05 08:53:00+00:00,17.72,16.05,3440.95,0.0,20.46,False,0,False,0.2402228480700641,None
2026-09-05 08:54:00+00:00,12.84,10.57,3332.1,0.0,20.1,False,0,False,0.23884686046617482,None
2026-09-05 08:55:00+00:00,15.78,17.57,3446.41,0.0,20.32,False,0,False,0.25707254265928425,None
2026-09-05 08:56:00+00:00,14.94,11.74,3341.95,0.0,20.7,False,0,False,0.2555882071491143,None
2026-09-05 08:57:00+00:00,17.04,20.67,3288.6,0.0,29.77,True,1,False,0.24435255898658814,Z-Score
2026-09-05 08:58:00+00:00,18.07,20.16,3531.54,0.0,20.92,False,0,False,0.23606470604946028,None
2026-09-05 08:59:00+00:00,16.36,17.18,3426.71,1.18,19.7,True,1,False,0.17374587741248254,Z-Score
2026-09-05 09:00:00+00:00,13.34,14.85,3155.24,0.0,29.4,False,0,False,0.25407549499843407,None
2026-09-05 09:01:00+00:00,18.68,17.67,3168.79,0.0,19.67,False,0,False,0.2471409803275167,None
2026-09-05 09:02:00+00:00,12.13,12.98,3433.02,0.0,19.86,False,0,False,0.24587370918839657,None
2026-09-05 09:03:00+00:00,19.27,21.91,3715.42,0.0,28.75,True,1,False,0.16785695338185525,Z-Score
2026-09-05 09:04:00+00:00,14.68,18.83,3194.79,0.0,20.82,False,0,False,0.2706831155092055,None
2026-09-05 09:05:00+00:00,19.88,20.31,3159.56,0.0,21.03,False,0,False,0.2568550981649993,None
2026-09-05 09:06:00+00:00,15.35,16.41,3283.46,0.0,19.73,False,0,False,0.2723841808876806,None
2026-09-05 09:07:00+00:00,17.71,21.34,3298.32,0.0,20.15,False,0,False,0.25707082640478085,None
2026-09-05 09:08:00+00:00,15.36,17.8,3328.53,0.0,30.65,False,0,False,0.2414052302987189,None
2026-09-05 09:09:00+00:00,16.73,15.53,3646.61,0.56,21.06,False,0,False,0.188004084391184,None
2026-09-05 09:10:00+00:00,17.01,13.01,3505.93,0.7,20.82,False,0,False,0.18746417129389625,None
2026-09-05 09:11:00+00:00,16.66,16.96,3595.73,0.0,28.98,False,0,False,0.20483277128879246,None
2026-09-05 09:12:00+00:00,13.82,17.07,3386.19,0.76,31.73,False,0,False,0.18767115491347652,None
2026-09-05 09:13:00+00:00,18.27,17.4,2968.89,0.0,31.03,False,0,False,0.2499075197894277,None
2026-09-05 09:14:00+00:00,14.59,18.09,3334.16,0.0,31.1,False,0,False,0.23189747475626127,None
2026-09-05 09:15:00+00:00,13.47,16.13,3318.6,0.0,29.25,False,0,False,0.24053156632795247,None
2026-09-05 09:16:00+00:00,13.35,15.82,3340.33,1.6,19.79,True,1,False,0.1573299029811464,Z-Score
2026-09-05 09:17:00+00:00,16.81,15.53,3373.77,0.0,20.8,False,0,False,0.2574574215352742,None
2026-09-05 09:18:00+00:00,14.62,18.04,3655.77,0.0,19.97,False,0,False,0.24261051904388609,None
2026-09-05 09:19:00+00:00,13.07,13.86,3313.58,0.0,36.89,True,1,False,0.21270069561934485,Z-Score
2026-09-05 09:20:00+00:00,18.15,21.63,3429.28,0.0,34.16,False,0,False,0.21118749808146858,None
2026-09-05 09:21:00+00:00,13.34,12.77,3369.5,0.33,37.1,True,1,False,0.1816277809631207,Z-Score
2026-09-05 09:22:00+00:00,14.67,13.31,3405.15,1.21,20.85,False,0,False,0.1791744983897003,None
2026-09-05 09:23:00+00:00,14.15,15.17,3408.83,0.0,19.72,False,0,False,0.2387556683196111,None
2026-09-05 09:24:00+00:00,20.02,19.34,3094.04,0.0,19.91,False,0,False,0.2651087299876964,None
2026-09-05 09:25:00+00:00,18.77,18.11,3653.33,0.0,20.84,False,0,False,0.22887471426974704,None
2026-09-05 09:26:00+00:00,16.71,18.55,3638.16,0.0,20.62,False,0,False,0.2347823612100186,None
2026-09-05 09:27:00+00:00,15.72,17.79,3622.74,1.38,19.87,True,1,False,0.1480330509898598,Z-Score
2026-09-05 09:28:00+00:00,14.41,17.83,3501.75,0.0,36.32,False,0,False,0.2158035396678128,None
2026-09-05 09:29:00+00:00,19.94,24.87,3364.23,0.0,20.6,False,0,False,0.22531671994261793,None
2026-09-05 09:30:00+00:00,17.89,26.32,3559.98,0.0,20.44,False,0,False,0.18691238410072758,None
2026-09-05 09:31:00+00:00,16.13,18.12,3462.07,0.0,20.24,False,0,False,0.24252307138405366,None
2026-09-05 09:32:00+00:00,13.72,16.03,3644.25,0.0,36.08,False,0,False,0.19720003975313588,None
2026-09-05 09:33:00+00:00,13.76,18.63,3359.7,0.0,36.21,False,0,False,0.23099774973170784,None
2026-09-05 09:34:00+00:00,15.77,19.62,3284.39,0.0,20.03,False,0,False,0.26965549643269887,None
2026-09-05 09:35:00+00:00,15.65,17.28,3585.54,0.0,41.41,True,1,False,0.19640200215729964,Z-Score
2026-09-05 09:36:00+00:00,18.09,18.22,3510.81,0.0,32.8,False,0,False,0.2183011541248634,None
2026-09-05 09:37:00+00:00,20.02,30.85,3455.87,0.0,36.59,True,1,False,0.14994720855612775,Z-Score
2026-09-05 09:38:00+00:00,12.02,8.73,3432.54,0.28,19.85,False,0,False,0.19010640449070376,None
2026-09-05 09:39:00+00:00,15.08,19.53,3708.48,0.86,40.05,False,0,False,0.1239223263988728,None
2026-09-05 09:40:00+00:00,13.25,18.66,3477.36,0.08,20.92,False,0,False,0.23539243595177267,None
2026-09-05 09:41:00+00:00,15.85,19.9,3345.37,0.0,20.73,False,0,False,0.26502405608031215,None
2026-09-05 09:42:00+00:00,14.77,11.86,3701.14,0.0,43.11,False,0,False,0.15256783936178864,None
2026-09-05 09:43:00+00:00,14.03,17.78,3550.62,0.69,20.7,False,0,False,0.19407793746705965,None
2026-09-05 09:44:00+00:00,14.95,13.93,3462.31,0.0,19.88,False,0,False,0.2276968699845484,None
2026-09-05 09:45:00+00:00,17.73,20.5,3550.28,0.0,37.38,False,0,False,0.1955509720739667,None
2026-09-05 09:46:00+00:00,18.29,19.39,3348.67,0.0,40.75,False,0,False,0.21535363356127984,None
2026-09-05 09:47:00+00:00,10.36,13.43,3648.78,0.0,20.77,False,0,False,0.197638033798751,None
2026-09-05 09:48:00+00:00,18.35,24.51,3400.92,0.0,35.11,False,0,False,0.19938759864135297,None
2026-09-05 09:49:00+00:00,12.0,11.18,3499.33,0.0,36.77,False,0,False,0.16717022059873227,None
2026-09-05 09:50:00+00:00,16.3,19.81,3366.25,0.0,40.17,False,0,False,0.22563220944992712,None
2026-09-05 09:51:00+00:00,18.41,21.82,3669.91,0.0,20.34,False,0,False,0.20968965025547331,None
2026-09-05 09:52:00+00:00,13.87,20.27,3369.81,0.0,45.73,False,0,False,0.21043521350195737,None
2026-09-05 09:53:00+00:00,20.56,24.64,3445.1,0.0,36.09,False,0,False,0.18016001320325464,None
2026-09-05 09:54:00+00:00,17.27,15.03,3213.46,0.0,39.31,False,0,False,0.21272339573104454,None
2026-09-05 09:55:00+00:00,16.18,17.69,3363.49,0.0,20.85,False,0,False,0.2705765941181265,None
2026-09-05 09:56:00+00:00,15.31,15.79,3366.82,0.0,20.12,False,0,False,0.2512604154746885,None
2026-09-05 09:57:00+00:00,13.32,13.2,3474.44,0.0,43.15,False,0,False,0.19766106917513077,None
2026-09-05 09:58:00+00:00,15.12,15.66,3519.41,0.72,21.07,False,0,False,0.2055266598717918,None
2026-09-05 09:59:00+00:00,11.15,13.63,3613.71,0.15,19.85,False,0,False,0.17160938580979873,None
2026-09-05 10:00:00+00:00,19.06,20.12,3588.94,0.0,19.67,False,0,False,0.1618623777144962,None
2026-09-05 10:01:00+00:00,16.8,22.81,3314.09,0.88,47.98,False,0,False,0.12135312341292959,None
2026-09-05 10:02:00+00:00,13.07,12.52,3510.85,0.0,19.72,False,0,False,0.24076458122081912,None
2026-09-05 10:03:00+00:00,13.66,10.87,3387.25,0.0,20.07,False,0,False,0.2222557967694933,None
2026-09-05 10:04:00+00:00,18.94,20.74,3591.17,0.0,41.31,False,0,False,0.186151663693713,None
2026-09-05 10:05:00+00:00,16.83,15.97,3637.85,0.0,41.66,False,0,False,0.19026168757822937,None
2026-09-05 10:06:00+00:00,14.93,18.04,3551.05,0.0,20.57,False,0,False,0.22599741985144928,None
2026-09-05 10:07:00+00:00,13.19,9.17,3325.88,0.0,42.26,False,0,False,0.1838687198576689,None
2026-09-05 10:08:00+00:00,17.91,18.13,3746.7,0.0,21.01,False,0,False,0.22399851310318064,None
2026-09-05 10:09:00+00:00,19.43,25.31,3444.8,0.0,20.37,False,0,False,0.23197548608424756,None
2026-09-05 10:10:00+00:00,11.32,18.93,3850.81,0.0,19.85,False,0,False,0.19011916423207814,None
2026-09-05 10:11:00+00:00,13.63,15.23,3418.26,0.0,20.41,False,0,False,0.2229085156660376,None
2026-09-05 10:12:00+00:00,16.73,14.41,3575.81,0.0,37.36,False,0,False,0.16760077976182003,None
2026-09-05 10:13:00+00:00,13.92,14.27,3477.19,0.0,41.98,False,0,False,0.20128741488569668,None
2026-09-05 10:14:00+00:00,13.85,18.47,3554.4,0.0,20.05,False,0,False,0.25394415741654575,None
2026-09-05 10:15:00+00:00,13.07,23.56,3202.46,0.76,20.84,False,0,False,0.20956123893749812,None
2026-09-05 10:16:00+00:00,18.87,23.25,3545.67,0.0,39.43,False,0,False,0.19240364836237678,None
2026-09-05 10:17:00+00:00,15.72,17.5,3703.93,0.0,45.23,False,0,False,0.16928802592022313,None
2026-09-05 10:18:00+00:00,14.12,13.17,3361.25,0.0,20.95,False,0,False,0.2675686989078201,None
2026-09-05 10:19:00+00:00,13.12,15.01,3713.57,0.47,20.34,False,0,False,0.1917928462389975,None
2026-09-05 10:20:00+00:00,11.59,12.85,3384.12,0.0,20.35,False,0,False,0.24122330370755996,None
2026-09-05 10:21:00+00:00,13.93,15.95,3436.89,0.64,19.75,False,0,False,0.22465095696542786,None
2026-09-05 10:22:00+00:00,13.45,19.13,3539.61,0.94,47.58,False,0,False,0.12157460289818434,None
2026-09-05 10:23:00+00:00,20.78,27.08,3456.64,0.0,51.52,False,0,False,0.13412755322161596,None
2026-09-05 10:24:00+00:00,18.69,19.02,3367.74,0.93,38.98,False,0,False,0.14453568562969665,None
2026-09-05 10:25:00+00:00,16.69,18.1,3578.78,0.0,20.05,False,0,False,0.23646922162675138,None
2026-09-05 10:26:00+00:00,14.56,15.17,3255.15,0.23,19.73,False,0,False,0.24404620073075922,None
2026-09-05 10:27:00+00:00,15.91,22.12,3488.59,0.0,20.42,False,0,False,0.23110011335463537,None
2026-09-05 10:28:00+00:00,17.26,17.72,3425.51,0.0,45.47,False,0,False,0.19124894332030784,None
2026-09-05 10:29:00+00:00,16.61,19.51,3464.93,0.0,54.99,False,0,False,0.18248694721218128,None
2026-09-05 10:30:00+00:00,14.9,15.18,3566.06,0.0,20.72,False,0,False,0.2400548753801925,None
2026-09-05 10:31:00+00:00,10.11,13.79,3410.45,0.0,46.2,False,0,False,0.17817030779567317,None
2026-09-05 10:32:00+00:00,12.1,11.32,3602.74,0.43,20.21,False,0,False,0.1290302002481194,None
2026-09-05 10:33:00+00:00,18.61,20.34,3398.77,0.0,20.79,False,0,False,0.21106538349979842,None
2026-09-05 10:34:00+00:00,13.09,19.04,3173.75,0.0,52.75,False,0,False,0.20337699834906514,None
2026-09-05 10:35:00+00:00,15.75,17.36,3487.77,0.0,20.6,False,0,False,0.2284779567155687,None
2026-09-05 10:36:00+00:00,16.32,14.42,3608.26,0.0,49.49,False,0,False,0.1822809530250386,None
2026-09-05 10:37:00+00:00,11.97,11.65,3250.92,0.0,20.11,False,0,False,0.20994359419386316,None
2026-09-05 10:38:00+00:00,15.86,12.97,3351.78,0.0,20.09,False,0,False,0.21357349361948608,None
2026-09-05 10:39:00+00:00,17.21,23.15,3372.64,0.0,53.78,False,0,False,0.173122540019843,None
2026-09-05 10:40:00+00:00,14.53,15.2,3327.04,0.58,19.89,False,0,False,0.2336937576300428,None
2026-09-05 10:41:00+00:00,14.88,18.54,3388.4,0.0,20.49,False,0,False,0.25785958113207896,None
2026-09-05 10:42:00+00:00,14.63,16.03,3442.69,0.0,20.95,False,0,False,0.2516236908803993,None
2026-09-05 10:43:00+00:00,11.6,15.22,3393.36,0.33,46.94,False,0,False,0.15208630193534023,None
2026-09-05 10:44:00+00:00,17.37,19.59,3572.96,0.0,20.93,False,0,False,0.2419475395727212,None
2026-09-05 10:45:00+00:00,19.55,22.13,3585.64,0.0,20.17,False,0,False,0.21033287989287935,None
2026-09-05 10:46:00+00:00,13.94,18.0,3167.89,0.0,19.97,False,0,False,0.26624523333002775,None
2026-09-05 10:47:00+00:00,16.57,19.81,3549.69,0.0,20.17,False,0,False,0.24499081969886216,None
2026-09-05 10:48:00+00:00,16.15,17.11,3370.94,1.12,52.15,True,1,False,0.0816906335263543,Z-Score
2026-09-05 10:49:00+00:00,17.36,16.55,3201.83,0.04,20.16,False,0,False,0.24472084251058285,None
2026-09-05 10:50:00+00:00,13.45,14.4,3322.38,0.0,58.63,False,0,False,0.1673925869505546,None
2026-09-05 10:51:00+00:00,12.57,15.62,3508.97,0.0,60.49,False,0,False,0.15528300735165596,None
2026-09-05 10:52:00+00:00,20.92,22.04,3631.76,0.0,54.89,False,0,False,0.11999344967828973,None
2026-09-05 10:53:00+00:00,13.9,22.05,3629.3,0.0,54.82,False,0,False,0.15762832013276795,None
2026-09-05 10:54:00+00:00,15.25,18.92,3706.05,0.0,19.83,False,0,False,0.23835823200679607,None
2026-09-05 10:55:00+00:00,13.41,16.7,3760.01,0.0,19.95,False,0,False,0.18766349975848456,None
2026-09-05 10:56:00+00:00,13.79,12.54,3468.01,0.0,20.88,False,0,False,0.24723482482947184,None
2026-09-05 10:57:00+00:00,14.85,16.68,3577.51,0.0,50.83,False,0,False,0.14588246933505744,None
2026-09-05 10:58:00+00:00,11.77,16.47,3288.04,0.0,57.52,False,0,False,0.17805936777223413,None
2026-09-05 10:59:00+00:00,15.54,19.66,3085.28,0.16,19.75,False,0,False,0.23388695499611029,None
2026-09-05 11:00:00+00:00,14.41,16.36,3359.02,0.0,20.97,False,0,False,0.2574541354910882,None
2026-09-05 11:01:00+00:00,11.58,11.45,3320.25,0.0,57.89,False,0,False,0.11001741521963027,None
2026-09-05 11:02:00+00:00,15.63,15.24,3457.69,0.87,20.48,False,0,False,0.20271456688860967,None
2026-09-05 11:03:00+00:00,17.03,19.82,3132.65,0.0,48.72,False,0,False,0.20735941817762632,None
2026-09-05 11:04:00+00:00,14.74,18.72,3067.2,0.0,20.88,False,0,False,0.2661968320934523,None
2026-09-05 11:05:00+00:00,15.07,16.62,3436.4,0.0,20.17,False,0,False,0.17637747469465553,None
2026-09-05 11:06:00+00:00,17.42,22.33,3383.28,0.0,63.06,False,0,False,0.1608173154379426,None
2026-09-05 11:07:00+00:00,10.64,12.45,3369.39,0.0,19.94,False,0,False,0.21059170344394218,None
2026-09-05 11:08:00+00:00,21.06,26.52,3435.27,0.0,49.36,False,0,False,0.10442464803241269,None
2026-09-05 11:09:00+00:00,16.79,15.12,3522.14,0.0,45.67,False,0,False,0.14234346336771686,None
2026-09-05 11:10:00+00:00,12.41,13.59,3371.55,0.0,47.87,False,0,False,0.19563392012965863,None
2026-09-05 11:11:00+00:00,14.45,20.69,3382.42,0.65,19.86,False,0,False,0.21377077792803234,None
2026-09-05 11:12:00+00:00,11.0,17.64,3047.8,0.0,21.08,False,0,False,0.2579689379983604,None
2026-09-05 11:13:00+00:00,16.41,17.44,3047.37,0.0,20.29,False,0,False,0.26431842044447457,None
2026-09-05 11:14:00+00:00,13.11,14.72,3460.77,0.0,20.88,False,0,False,0.23899202835408884,None
2026-09-05 11:15:00+00:00,14.74,23.56,3281.22,0.0,19.99,False,0,False,0.2238827713057212,None
2026-09-05 11:16:00+00:00,15.1,15.95,3219.62,0.0,20.4,False,0,False,0.2373033279387941,None
2026-09-05 11:17:00+00:00,15.37,20.04,3309.85,0.0,50.36,False,0,False,0.1864857927515831,None
2026-09-05 11:18:00+00:00,17.39,20.42,3470.39,0.04,19.68,False,0,False,0.23294084378615704,None
2026-09-05 11:19:00+00:00,17.2,20.6,3135.02,0.0,61.45,False,0,False,0.1546020690540726,None
2026-09-05 11:20:00+00:00,13.94,13.55,3384.23,0.29,69.33,False,0,False,0.12478560406305705,None
2026-09-05 11:21:00+00:00,17.63,21.6,3200.15,0.5,55.19,False,0,False,0.14888003323128063,None
2026-09-05 11:22:00+00:00,13.93,18.68,3533.69,0.83,19.75,False,0,False,0.14492098120057573,None
2026-09-05 11:23:00+00:00,12.09,13.17,3243.86,0.0,19.77,False,0,False,0.24187578319548364,None
2026-09-05 11:24:00+00:00,9.73,16.76,3053.23,0.0,20.88,False,0,False,0.24352320992676463,None
2026-09-05 11:25:00+00:00,18.31,23.98,3580.24,0.0,63.77,False,0,False,0.08870026914825546,None
2026-09-05 11:26:00+00:00,10.84,13.32,3344.25,0.0,19.68,False,0,False,0.21367947823099637,None
2026-09-05 11:27:00+00:00,15.02,14.45,3319.83,0.0,59.4,False,0,False,0.15733442941324993,None
2026-09-05 11:28:00+00:00,12.72,14.3,3471.21,0.29,61.05,False,0,False,0.12685812696817966,None
2026-09-05 11:29:00+00:00,20.02,18.05,2894.84,0.0,66.18,False,0,False,0.1522143849233254,None
2026-09-05 11:30:00+00:00,15.76,18.81,2933.51,0.0,63.71,False,0,False,0.11296177931046847,None
2026-09-05 11:31:00+00:00,17.18,19.08,3259.54,0.0,65.82,False,0,False,0.1599637361905567,None
2026-09-05 11:32:00+00:00,22.46,27.36,3144.32,0.0,20.53,False,0,False,0.15350029184361602,None
2026-09-05 11:33:00+00:00,12.94,14.8,3125.82,0.0,62.19,False,0,False,0.17153398360229255,None
2026-09-05 11:34:00+00:00,9.64,13.63,3178.29,0.0,20.12,False,0,False,0.23936185393450898,None
2026-09-05 11:35:00+00:00,17.08,17.67,3133.19,0.0,50.76,False,0,False,0.20180953663192547,None
2026-09-05 11:36:00+00:00,12.42,14.25,2956.99,0.0,68.28,False,0,False,0.15989067116218086,None
2026-09-05 11:37:00+00:00,16.2,18.12,3069.43,0.0,20.73,False,0,False,0.276145309493715,None
2026-09-05 11:38:00+00:00,10.1,11.64,3211.87,0.0,57.93,False,0,False,0.1403213117654476,None
2026-09-05 11:39:00+00:00,13.55,18.24,3072.64,0.0,20.63,False,0,False,0.267098880098788,None
2026-09-05 11:40:00+00:00,19.27,23.29,3087.66,0.49,70.07,False,0,False,0.10516834783950046,None
2026-09-05 11:41:00+00:00,11.03,12.09,3115.3,0.34,20.07,False,0,False,0.21631633117642857,None
2026-09-05 11:42:00+00:00,17.48,25.52,3239.39,0.28,52.72,False,0,False,0.0803282181048518,None
2026-09-05 11:43:00+00:00,10.24,9.39,2931.23,0.19,20.95,False,0,False,0.17379923700282018,None
2026-09-05 11:44:00+00:00,15.83,22.16,3325.18,0.0,20.74,False,0,False,0.24765183299102467,None
2026-09-05 11:45:00+00:00,14.89,17.74,2950.29,0.0,56.48,False,0,False,0.20573083218242477,None
2026-09-05 11:46:00+00:00,13.38,15.96,3229.12,0.0,73.82,False,0,False,0.13069126863476888,None
2026-09-05 11:47:00+00:00,15.03,16.2,3002.66,0.67,70.5,False,0,False,0.10861870216229119,None
2026-09-05 11:48:00+00:00,15.87,18.47,2947.22,0.0,20.94,False,0,False,0.23097689965152118,None
2026-09-05 11:49:00+00:00,18.4,16.07,3175.16,0.0,20.83,False,0,False,0.27131523065007646,None
2026-09-05 11:50:00+00:00,13.9,17.18,3018.84,0.0,63.96,False,0,False,0.12265783920716056,None
2026-09-05 11:51:00+00:00,15.48,15.43,3020.64,0.0,60.12,False,0,False,0.15798580720619437,None
2026-09-05 11:52:00+00:00,12.69,22.94,2859.82,0.0,54.03,False,0,False,0.18337564138104445,None
2026-09-05 11:53:00+00:00,12.57,13.49,3086.25,0.0,20.3,False,0,False,0.22706738101735335,None
2026-09-05 11:54:00+00:00,13.64,17.83,3422.92,0.0,62.57,False,0,False,0.055045180918773196,None
2026-09-05 11:55:00+00:00,18.96,20.08,2890.18,0.13,60.33,False,0,False,0.13276851841350035,None
2026-09-05 11:56:00+00:00,17.31,20.32,2939.67,0.0,57.77,False,0,False,0.15070584911396223,None
2026-09-05 11:57:00+00:00,15.08,19.65,2819.21,0.0,20.77,False,0,False,0.24810392946226384,None
2026-09-05 11:58:00+00:00,14.94,18.68,2711.72,0.0,19.7,False,0,False,0.24863482225601768,None
2026-09-05 11:59:00+00:00,13.47,17.99,2833.66,0.0,20.67,False,0,False,0.2507123574768615,None
2026-09-05 12:00:00+00:00,13.93,17.56,3094.05,0.0,19.74,False,0,False,0.2487148582343291,None
2026-09-05 12:01:00+00:00,13.19,14.68,3050.55,0.08,19.73,False,0,False,0.2398149669063357,None
2026-09-05 12:02:00+00:00,13.08,11.08,3105.88,0.33,19.69,False,0,False,0.172439704937287,None
2026-09-05 12:03:00+00:00,15.04,18.42,3043.87,1.06,19.77,True,1,False,0.17529216844180895,Z-Score
2026-09-05 12:04:00+00:00,11.42,12.08,3049.07,0.0,79.48,False,0,False,0.10070896689736564,None
2026-09-05 12:05:00+00:00,12.51,16.48,3107.98,0.0,56.34,False,0,False,0.1986665801754588,None
2026-09-05 12:06:00+00:00,18.16,19.95,3181.61,0.0,67.15,False,0,False,0.16769038104100764,None
2026-09-05 12:07:00+00:00,15.47,16.16,3005.96,0.0,19.66,False,0,False,0.25788735416638936,None
2026-09-05 12:08:00+00:00,12.83,14.66,2626.67,0.0,57.1,False,0,False,0.1412131944848335,None
2026-09-05 12:09:00+00:00,13.92,13.95,3049.02,0.0,20.95,False,0,False,0.26795909982951477,None
2026-09-05 12:10:00+00:00,12.55,13.26,2980.48,0.0,60.05,False,0,False,0.15069966915825683,None
2026-09-05 12:11:00+00:00,15.58,18.64,3298.23,0.56,76.47,False,0,False,0.09126465332803191,None
2026-09-05 12:12:00+00:00,16.12,20.7,3040.09,0.0,20.78,False,0,False,0.1812628263870119,None
2026-09-05 12:13:00+00:00,19.73,21.94,2921.12,0.0,20.98,False,0,False,0.20627314041305866,None
2026-09-05 12:14:00+00:00,13.94,18.54,3000.68,1.17,19.83,True,1,False,0.14570193007352067,Z-Score
2026-09-05 12:15:00+00:00,11.7,14.64,2739.86,0.22,75.9,False,0,False,0.11776311358870217,None
2026-09-05 12:16:00+00:00,16.1,16.69,2684.17,0.0,20.6,False,0,False,0.2539809334626132,None
2026-09-05 12:17:00+00:00,19.54,20.58,2927.44,0.0,21.07,False,0,False,0.2445739828531256,None
2026-09-05 12:18:00+00:00,13.53,18.55,2991.23,0.94,77.55,True,1,False,0.08118000688979665,Z-Score
2026-09-05 12:19:00+00:00,16.43,21.9,2679.84,0.0,20.01,False,0,False,0.22099041323647112,None
2026-09-05 12:20:00+00:00,14.67,19.6,3027.79,0.0,55.13,False,0,False,0.21224708566982714,None
2026-09-05 12:21:00+00:00,13.01,19.15,3032.03,0.0,81.66,False,0,False,0.13744635990824672,None
2026-09-05 12:22:00+00:00,15.62,17.07,3082.62,0.0,20.01,False,0,False,0.26753854353839585,None
2026-09-05 12:23:00+00:00,15.12,19.44,2993.88,0.0,21.02,False,0,False,0.2712551943782632,None
2026-09-05 12:24:00+00:00,16.43,21.99,2987.59,0.25,19.98,False,0,False,0.24507239700625577,None
2026-09-05 12:25:00+00:00,14.13,20.72,2836.25,0.0,72.0,False,0,False,0.15863456519160973,None
2026-09-05 12:26:00+00:00,13.47,18.18,2981.86,0.0,19.83,False,0,False,0.27339583637223536,None
2026-09-05 12:27:00+00:00,13.69,17.75,3047.45,0.0,81.56,False,0,False,0.12359356486972584,None
2026-09-05 12:28:00+00:00,16.81,15.1,2911.85,0.0,19.91,False,0,False,0.2512743094545971,None
2026-09-05 12:29:00+00:00,14.99,18.59,2842.38,0.0,76.36,False,0,False,0.15947288097617185,None
2026-09-05 12:30:00+00:00,16.85,22.13,2881.52,0.1,84.15,False,0,False,0.10583625036811539,None
2026-09-05 12:31:00+00:00,15.48,18.5,2797.78,0.0,55.78,False,0,False,0.2099156246971307,None
2026-09-05 12:32:00+00:00,15.02,15.68,2993.7,0.63,66.64,False,0,False,0.07331151588918483,None
2026-09-05 12:33:00+00:00,15.89,19.21,2858.08,0.0,20.39,False,0,False,0.26226712768948285,None
2026-09-05 12:34:00+00:00,14.48,15.15,2851.54,0.0,20.95,False,0,False,0.12993785950820935,None
2026-09-05 12:35:00+00:00,16.44,19.04,2836.59,0.52,65.09,False,0,False,0.11560372413340725,None
2026-09-05 12:36:00+00:00,12.75,15.64,2889.94,0.44,82.74,False,0,False,0.0438221089014581,None
2026-09-05 12:37:00+00:00,11.41,10.59,2716.03,0.86,21.04,False,0,False,0.17234062826111252,None
2026-09-05 12:38:00+00:00,16.05,16.65,2678.07,0.0,19.69,False,0,False,0.23223563306969708,None
2026-09-05 12:39:00+00:00,18.22,22.11,2947.17,0.0,20.89,False,0,False,0.2397606516461706,None
2026-09-05 12:40:00+00:00,12.58,16.05,2899.53,0.0,69.1,False,0,False,0.17374377653485812,None
2026-09-05 12:41:00+00:00,17.99,22.1,2998.2,0.0,20.95,False,0,False,0.2434022548649929,None
2026-09-05 12:42:00+00:00,15.49,18.55,2915.17,0.0,78.84,False,0,False,0.1393952580165767,None
2026-09-05 12:43:00+00:00,12.08,17.96,2957.77,0.0,19.83,False,0,False,0.2230419893644669,None
2026-09-05 12:44:00+00:00,21.1,18.53,2845.16,0.0,80.85,True,1,False,0.11373935956936765,Z-Score
2026-09-05 12:45:00+00:00,15.42,16.06,3067.8,0.0,84.78,False,0,False,0.12212143702176714,None
2026-09-05 12:46:00+00:00,13.78,17.1,2951.04,0.0,20.81,False,0,False,0.2760591410013805,None
2026-09-05 12:47:00+00:00,15.51,15.2,2931.65,0.99,56.96,False,0,False,0.10665065406670571,None
2026-09-05 12:48:00+00:00,12.26,8.61,2739.49,0.0,20.24,True,1,False,0.17154195673685757,Z-Score
2026-09-05 12:49:00+00:00,10.48,8.47,2926.12,0.0,21.08,False,0,False,0.2091320295560718,None
2026-09-05 12:50:00+00:00,15.42,21.35,3135.92,0.39,20.8,False,0,False,0.18648607628796876,None
2026-09-05 12:51:00+00:00,14.82,19.64,2848.08,0.0,67.58,False,0,False,0.09181196951172343,None
2026-09-05 12:52:00+00:00,17.55,21.61,2892.27,0.0,60.1,False,0,False,0.14616342921823716,None
2026-09-05 12:53:00+00:00,21.57,22.32,2912.84,0.0,83.11,False,0,False,0.01816780021890152,None
2026-09-05 12:54:00+00:00,13.26,10.96,2817.01,0.0,20.27,False,0,False,0.14529362874477653,None
2026-09-05 12:55:00+00:00,17.4,23.32,2807.53,0.0,79.2,False,0,False,0.12536604405902885,None
2026-09-05 12:56:00+00:00,8.0,9.43,2616.17,0.0,20.84,True,1,False,0.1917340394793376,Z-Score
2026-09-05 12:57:00+00:00,13.41,15.0,2852.9,0.0,19.95,False,0,False,0.2564441918455053,None
2026-09-05 12:58:00+00:00,12.93,14.7,2674.06,0.58,57.8,False,0,False,0.08559440733163493,None
2026-09-05 12:59:00+00:00,13.1,18.74,2900.52,0.0,20.67,False,0,False,0.23824505194674916,None
2026-09-05 13:00:00+00:00,14.85,15.37,2758.31,0.0,21.02,False,0,False,0.26903885766043323,None
2026-09-05 13:01:00+00:00,15.39,18.94,2924.02,0.0,20.85,False,0,False,0.27836694284043434,None
2026-09-05 13:02:00+00:00,15.01,12.24,2903.5,0.0,20.16,False,0,False,0.23991741090819058,None
2026-09-05 13:03:00+00:00,11.5,7.63,2810.29,0.0,58.91,False,0,False,0.14897883607666196,None
2026-09-05 13:04:00+00:00,14.49,22.9,2926.28,0.18,20.54,False,0,False,0.21711033418108844,None
2026-09-05 13:05:00+00:00,13.73,20.8,2403.21,0.0,19.85,True,1,False,0.231883157856841,Z-Score
2026-09-05 13:06:00+00:00,15.32,16.14,2667.78,0.05,74.02,False,0,False,0.1555472076651926,None
2026-09-05 13:07:00+00:00,9.97,12.6,3004.01,0.0,77.0,False,0,False,0.12020180786397083,None
2026-09-05 13:08:00+00:00,12.53,13.19,2765.43,0.02,20.01,False,0,False,0.24976244238231626,None
2026-09-05 13:09:00+00:00,12.09,16.7,2568.56,0.0,20.5,False,0,False,0.215354648485706,None
2026-09-05 13:10:00+00:00,14.53,13.59,2527.27,0.0,65.93,False,0,False,0.16859658522737547,None
2026-09-05 13:11:00+00:00,16.37,20.67,2765.24,0.0,20.78,False,0,False,0.24048856831508825,None
2026-09-05 13:12:00+00:00,14.47,16.86,2796.08,0.0,19.78,False,0,False,0.2541240583139451,None
2026-09-05 13:13:00+00:00,11.65,13.48,2677.23,0.0,20.59,False,0,False,0.25310997567514393,None
2026-09-05 13:14:00+00:00,14.08,17.55,2792.09,0.0,20.03,False,0,False,0.24905504249144644,None
2026-09-05 13:15:00+00:00,14.75,18.12,3061.48,0.0,75.64,False,0,False,0.1551728051160698,None
2026-09-05 13:16:00+00:00,14.11,14.01,3021.49,0.0,20.19,False,0,False,0.2342328577011174,None
2026-09-05 13:17:00+00:00,16.13,19.99,2850.23,0.0,68.72,False,0,False,0.16269744499536065,None
2026-09-05 13:18:00+00:00,16.85,21.81,2904.79,0.0,65.93,False,0,False,0.15007093448622133,None
2026-09-05 13:19:00+00:00,15.14,15.29,2613.05,0.3,19.99,False,0,False,0.21374609578092318,None
2026-09-05 13:20:00+00:00,15.67,20.71,2617.43,0.73,86.4,False,0,False,0.06218962506140213,None
2026-09-05 13:21:00+00:00,13.27,16.03,2621.38,0.0,20.12,False,0,False,0.2081973764720843,None
2026-09-05 13:22:00+00:00,13.55,16.85,2908.93,0.0,74.14,False,0,False,0.16566910531275247,None
2026-09-05 13:23:00+00:00,16.6,21.33,2947.54,0.0,69.95,False,0,False,0.13437328975821916,None
2026-09-05 13:24:00+00:00,12.75,14.13,2573.34,0.58,19.76,False,0,False,0.18810927965165974,None
2026-09-05 13:25:00+00:00,10.67,9.71,2572.08,0.45,19.73,False,0,False,0.16895575209250768,None
2026-09-05 13:26:00+00:00,15.73,18.09,2713.96,0.21,20.64,False,0,False,0.21127336386087414,None
2026-09-05 13:27:00+00:00,12.82,19.94,2674.6,0.93,81.72,True,1,False,0.018491337529369156,Z-Score
2026-09-05 13:28:00+00:00,13.02,21.0,2885.34,0.3,20.81,False,0,False,0.21157119557565846,None
2026-09-05 13:29:00+00:00,18.79,22.45,2995.36,0.82,88.38,False,0,False,0.01936065868388348,None
2026-09-05 13:30:00+00:00,16.87,24.9,2770.63,0.0,21.0,False,0,False,0.2439678223675089,None
2026-09-05 13:31:00+00:00,12.24,13.34,2700.06,0.0,21.12,False,0,False,0.1983094702687791,None
2026-09-05 13:32:00+00:00,10.74,13.67,2709.86,0.0,63.65,False,0,False,0.13535053364264138,None
2026-09-05 13:33:00+00:00,16.98,20.79,2633.77,0.0,78.61,False,0,False,0.12397948737758835,None
2026-09-05 13:34:00+00:00,16.79,17.45,2674.8,0.0,20.83,False,0,False,0.24709739301119116,None
2026-09-05 13:35:00+00:00,14.27,16.9,2711.11,0.0,20.96,False,0,False,0.2588323690165096,None
2026-09-05 13:36:00+00:00,16.04,20.38,2774.41,0.0,20.21,False,0,False,0.24928144520331685,None
2026-09-05 13:37:00+00:00,10.81,13.49,2668.02,0.0,19.75,False,0,False,0.24216098620875892,None
2026-09-05 13:38:00+00:00,16.51,20.6,2871.26,0.0,73.13,False,0,False,0.09829121586841483,None
2026-09-05 13:39:00+00:00,14.55,16.0,2746.11,0.0,74.04,False,0,False,0.07825680957077819,None
2026-09-05 13:40:00+00:00,13.57,10.35,2789.58,0.0,20.94,False,0,False,0.21558378142809437,None
2026-09-05 13:41:00+00:00,12.64,20.73,2660.05,0.84,21.08,False,0,False,0.15023057059733286,None
2026-09-05 13:42:00+00:00,13.58,17.94,2706.23,0.0,20.05,False,0,False,0.17436236282853057,None
2026-09-05 13:43:00+00:00,13.51,19.14,2726.38,0.0,20.07,False,0,False,0.24854417217613822,None
2026-09-05 13:44:00+00:00,15.41,16.26,2670.71,0.0,20.45,False,0,False,0.2376381126807417,None
2026-09-05 13:45:00+00:00,17.25,21.16,2994.65,0.0,20.24,False,0,False,0.2251976620775772,None
2026-09-05 13:46:00+00:00,21.7,22.41,2671.82,0.0,20.19,True,1,False,0.13588512942518094,Z-Score
2026-09-05 13:47:00+00:00,14.83,19.13,2696.96,0.0,83.15,False,0,False,0.14151110468756445,None
2026-09-05 13:48:00+00:00,16.52,21.64,2616.14,1.04,20.78,True,1,False,0.1424039796560419,Z-Score
2026-09-05 13:49:00+00:00,15.38,15.22,2894.23,0.33,78.58,False,0,False,0.10013594695826034,None
2026-09-05 13:50:00+00:00,17.15,20.45,2497.43,0.0,19.93,False,0,False,0.2163889778902121,None
2026-09-05 13:51:00+00:00,13.78,16.08,2534.2,0.72,66.4,False,0,False,0.0914603664502387,None
2026-09-05 13:52:00+00:00,15.46,17.55,2741.82,0.0,20.94,False,0,False,0.18863206469064864,None
2026-09-05 13:53:00+00:00,16.44,20.18,2825.38,0.0,81.97,False,0,False,0.13437971344448607,None
2026-09-05 13:54:00+00:00,18.94,17.75,2703.94,0.0,20.07,False,0,False,0.23066321164494702,None
2026-09-05 13:55:00+00:00,9.39,10.71,2728.9,0.0,20.01,False,0,False,0.14810949621327502,None
2026-09-05 13:56:00+00:00,19.21,22.53,2538.75,0.0,81.87,False,0,False,0.06030266367772763,None
2026-09-05 13:57:00+00:00,11.38,12.62,2792.0,0.53,19.86,False,0,False,0.17403508308978372,None
2026-09-05 13:58:00+00:00,14.41,14.1,2601.88,0.64,20.85,False,0,False,0.1460774417513646,None
2026-09-05 13:59:00+00:00,14.26,16.5,2685.56,0.0,79.01,False,0,False,0.13801796737546357,None
2026-09-05 14:00:00+00:00,14.8,16.58,2935.39,0.0,20.4,False,0,False,0.2517843119979176,None
2026-09-05 14:01:00+00:00,14.25,13.93,2555.0,0.54,20.75,False,0,False,0.1783277252153223,None
2026-09-05 14:02:00+00:00,13.44,13.09,2904.45,0.0,20.54,False,0,False,0.25813839361938623,None
2026-09-05 14:03:00+00:00,15.92,19.2,2659.03,0.0,20.0,False,0,False,0.238781209509065,None
2026-09-05 14:04:00+00:00,14.8,17.59,2738.69,0.0,19.9,False,0,False,0.25850621743287305,None
2026-09-05 14:05:00+00:00,16.96,17.42,2738.22,0.89,78.08,False,0,False,0.07605827479530802,None
2026-09-05 14:06:00+00:00,17.8,19.38,2814.03,0.0,69.58,False,0,False,0.16494205041061105,None
2026-09-05 14:07:00+00:00,16.6,18.66,2765.15,0.98,20.93,False,0,False,0.181389838968534,None
2026-09-05 14:08:00+00:00,14.31,13.06,2855.8,0.02,20.66,False,0,False,0.24677450118589284,None
2026-09-05 14:09:00+00:00,13.19,11.01,2773.26,0.43,86.33,False,0,False,0.08328242785943218,None
2026-09-05 14:10:00+00:00,16.82,13.1,2670.93,0.53,20.68,False,0,False,0.19192419428422497,None
2026-09-05 14:11:00+00:00,15.1,14.99,2835.41,0.0,19.84,False,0,False,0.21409390718132504,None
2026-09-05 14:12:00+00:00,15.84,17.14,2424.73,0.0,84.53,False,0,False,0.11963304034845768,None
2026-09-05 14:13:00+00:00,20.96,23.06,2560.52,0.23,65.02,False,0,False,0.09543355624483496,None
2026-09-05 14:14:00+00:00,17.78,23.54,2612.94,0.0,20.33,False,0,False,0.23018575789515977,None
2026-09-05 14:15:00+00:00,16.11,19.05,2562.85,0.27,20.83,False,0,False,0.22928128022077232,None
2026-09-05 14:16:00+00:00,16.86,15.66,2465.08,0.78,79.25,False,0,False,0.06371973846370849,None
2026-09-05 14:17:00+00:00,13.28,17.17,2557.34,0.0,20.76,False,0,False,0.2558951278818743,None
2026-09-05 14:18:00+00:00,13.05,15.01,2675.15,0.0,69.12,False,0,False,0.1638448824328375,None
2026-09-05 14:19:00+00:00,14.58,19.79,2486.18,0.0,83.93,False,0,False,0.08341886786792396,None
2026-09-05 14:20:00+00:00,12.99,12.94,2611.6,0.17,60.11,False,0,False,0.15478401760351362,None
2026-09-05 14:21:00+00:00,15.05,16.44,2507.72,0.0,19.64,False,0,False,0.23487007053930786,None
2026-09-05 14:22:00+00:00,11.65,12.18,2948.03,0.0,20.86,False,0,False,0.1895397298959719,None
2026-09-05 14:23:00+00:00,14.2,13.77,2711.75,0.0,19.65,False,0,False,0.21854753024833184,None
2026-09-05 14:24:00+00:00,20.38,22.88,2631.49,0.61,77.39,False,0,False,0.05096753049294023,None
2026-09-05 14:25:00+00:00,10.91,12.35,2472.74,0.0,19.74,False,0,False,0.18260297699856265,None
2026-09-05 14:26:00+00:00,17.22,16.7,2695.18,0.0,20.4,False,0,False,0.21402820066693518,None
2026-09-05 14:27:00+00:00,9.25,15.11,2879.49,0.0,64.63,False,0,False,0.14643551344223965,None
2026-09-05 14:28:00+00:00,16.85,20.47,2586.05,0.2,19.81,False,0,False,0.1967118437283628,None
2026-09-05 14:29:00+00:00,17.13,18.15,2764.41,1.06,20.68,False,0,False,0.1473885067743162,None
2026-09-05 14:30:00+00:00,17.96,24.34,2681.33,0.0,20.87,False,0,False,0.22059548040783672,None
2026-09-05 14:31:00+00:00,20.03,23.26,2658.82,0.82,20.02,False,0,False,0.16818017068165975,None
2026-09-05 14:32:00+00:00,12.28,9.21,2587.79,0.0,20.59,False,0,False,0.19621672852609023,None
2026-09-05 14:33:00+00:00,16.75,15.76,2533.87,0.0,72.36,False,0,False,0.15071515440034994,None
2026-09-05 14:34:00+00:00,18.92,18.13,2621.92,0.49,77.57,False,0,False,0.08068839107211179,None
2026-09-05 14:35:00+00:00,13.06,15.45,2867.47,0.0,61.72,False,0,False,0.192174337504319,None
2026-09-05 14:36:00+00:00,16.82,18.64,2714.98,0.0,20.9,False,0,False,0.193775801595853,None
2026-09-05 14:37:00+00:00,14.43,16.25,2506.84,0.0,74.75,False,0,False,0.14972147320809587,None
2026-09-05 14:38:00+00:00,13.73,17.71,2767.88,0.23,56.58,False,0,False,0.07861813947821694,None
2026-09-05 14:39:00+00:00,12.88,12.58,2634.78,0.53,59.58,False,0,False,0.1325752317735157,None
2026-09-05 14:40:00+00:00,18.25,19.36,2744.19,0.0,20.3,False,0,False,0.2627960058816512,None
2026-09-05 14:41:00+00:00,14.38,17.05,2868.43,0.0,20.72,False,0,False,0.17174826832166867,None
2026-09-05 14:42:00+00:00,13.0,15.26,2639.01,0.0,65.78,False,0,False,0.17637085805035668,None
2026-09-05 14:43:00+00:00,14.41,20.62,2710.25,0.0,20.53,False,0,False,0.2723301267725549,None
2026-09-05 14:44:00+00:00,14.88,20.86,2747.38,0.0,54.9,False,0,False,0.20690872021486062,None
2026-09-05 14:45:00+00:00,15.22,21.29,2489.11,0.0,68.59,False,0,False,0.050130032794840296,None
2026-09-05 14:46:00+00:00,17.98,24.01,2318.19,0.0,20.28,False,0,False,0.14160774107072738,None
2026-09-05 14:47:00+00:00,12.7,12.76,2583.96,0.72,19.84,False,0,False,0.1976915362387776,None
2026-09-05 14:48:00+00:00,14.69,11.22,2505.94,0.0,79.6,False,0,False,0.12043348610017524,None
2026-09-05 14:49:00+00:00,20.39,21.21,2641.52,1.41,19.69,True,1,False,0.06888538514680465,Z-Score
2026-09-05 14:50:00+00:00,17.78,19.2,2448.73,0.19,20.85,False,0,False,0.22680293723131917,None
2026-09-05 14:51:00+00:00,14.88,19.07,2807.98,0.0,20.13,False,0,False,0.2746415065684068,None
2026-09-05 14:52:00+00:00,11.74,16.16,2960.31,0.0,19.98,False,0,False,0.2687998689774028,None
2026-09-05 14:53:00+00:00,16.63,19.26,2662.49,0.0,73.05,False,0,False,0.14011035275787243,None
2026-09-05 14:54:00+00:00,14.65,15.44,2550.2,0.0,20.63,False,0,False,0.1868701737151287,None
2026-09-05 14:55:00+00:00,16.13,19.45,2701.62,0.38,72.07,False,0,False,0.1296069314244026,None
2026-09-05 14:56:00+00:00,17.6,23.97,2767.42,0.67,21.08,False,0,False,0.17292768105803175,None
2026-09-05 14:57:00+00:00,13.89,11.2,2723.49,0.0,75.35,False,0,False,0.14033096911670662,None
2026-09-05 14:58:00+00:00,9.14,8.79,2701.7,0.0,21.09,False,0,False,0.17561851492305647,None
2026-09-05 14:59:00+00:00,14.33,16.27,2499.13,0.0,21.08,False,0,False,0.21072796799337074,None
2026-09-05 15:00:00+00:00,15.97,21.27,2562.35,0.0,19.71,False,0,False,0.22768547050371168,None
2026-09-05 15:01:00+00:00,17.17,14.92,2494.99,0.0,20.71,False,0,False,0.23582503335981292,None
2026-09-05 15:02:00+00:00,15.28,18.2,2665.39,0.16,19.69,False,0,False,0.22013983117727132,None
2026-09-05 15:03:00+00:00,15.19,15.06,2398.98,0.0,76.23,False,0,False,0.13890659957327245,None
2026-09-05 15:04:00+00:00,14.99,13.02,2803.72,0.22,19.92,False,0,False,0.20522879696610902,None
2026-09-05 15:05:00+00:00,9.17,10.48,2779.13,0.0,55.27,False,0,False,0.10434864421549805,None
2026-09-05 15:06:00+00:00,17.92,17.12,2561.85,0.0,60.81,False,0,False,0.11366058179448224,None
2026-09-05 15:07:00+00:00,15.42,23.28,2521.57,0.0,19.86,False,0,False,0.23844652055838134,None
2026-09-05 15:08:00+00:00,19.2,21.17,2499.3,0.58,59.13,False,0,False,0.10919278030654411,None
2026-09-05 15:09:00+00:00,17.52,17.71,2603.14,0.55,20.63,False,0,False,0.11809187652342079,None
2026-09-05 15:10:00+00:00,12.09,12.88,2748.06,0.0,61.26,False,0,False,0.17406253214093664,None
2026-09-05 15:11:00+00:00,18.67,20.2,2626.18,0.0,55.07,False,0,False,0.17830502614585042,None
2026-09-05 15:12:00+00:00,12.45,16.18,2783.34,0.0,70.29,False,0,False,0.16824837537219062,None
2026-09-05 15:13:00+00:00,13.25,16.25,2754.83,0.38,21.0,False,0,False,0.21622489961941288,None
2026-09-05 15:14:00+00:00,14.94,15.57,2905.77,0.0,19.89,False,0,False,0.2027300728715697,None
2026-09-05 15:15:00+00:00,12.86,18.49,2724.53,0.0,63.7,False,0,False,0.15393566957890298,None
2026-09-05 15:16:00+00:00,11.57,14.96,2815.98,0.0,21.06,False,0,False,0.2682702579080096,None
2026-09-05 15:17:00+00:00,12.32,10.91,2383.09,0.0,54.97,False,0,False,0.12809242536348642,None
2026-09-05 15:18:00+00:00,20.13,22.31,2666.35,0.0,58.54,False,0,False,0.15606844849805573,None
2026-09-05 15:19:00+00:00,12.18,9.65,2885.23,0.32,20.71,False,0,False,0.16270329713212595,None
2026-09-05 15:20:00+00:00,19.66,21.43,2614.84,0.0,61.43,False,0,False,0.16329490374046585,None
2026-09-05 15:21:00+00:00,14.74,17.12,2709.3,1.16,19.9,True,1,False,0.16971690142957402,Z-Score
2026-09-05 15:22:00+00:00,9.82,7.88,2658.63,0.47,20.05,False,0,False,0.13604983576294039,None
2026-09-05 15:23:00+00:00,11.66,15.98,2743.14,0.89,20.09,False,0,False,0.12719435995050965,None
2026-09-05 15:24:00+00:00,15.41,19.45,2715.66,0.88,57.72,False,0,False,0.12016797970824922,None
2026-09-05 15:25:00+00:00,17.06,13.97,2745.37,0.38,20.62,False,0,False,0.21962825641871786,None
2026-09-05 15:26:00+00:00,15.11,21.3,2988.37,0.0,20.93,False,0,False,0.1761368196489035,None
2026-09-05 15:27:00+00:00,19.51,22.74,2609.66,0.0,61.59,False,0,False,0.12925851034596192,None
2026-09-05 15:28:00+00:00,15.12,15.94,2589.75,0.0,57.55,False,0,False,0.1986630533282318,None
2026-09-05 15:29:00+00:00,14.48,17.57,2714.26,0.0,20.83,False,0,False,0.1855103739311897,None
2026-09-05 15:30:00+00:00,14.78,15.63,2726.18,1.34,19.68,True,1,False,0.1725315735929301,Z-Score
2026-09-05 15:31:00+00:00,13.57,16.42,2744.36,0.39,20.43,False,0,False,0.22270247829422635,None
2026-09-05 15:32:00+00:00,18.59,19.31,2611.28,0.0,20.5,False,0,False,0.20349407405662645,None
2026-09-05 15:33:00+00:00,17.27,18.72,2661.66,1.19,53.28,False,0,False,0.09650304736218951,None
2026-09-05 15:34:00+00:00,13.91,14.72,2566.58,0.81,20.8,False,0,False,0.17885533468038156,None
2026-09-05 15:35:00+00:00,17.44,25.74,2663.38,0.0,19.71,False,0,False,0.22225568201041163,None
2026-09-05 15:36:00+00:00,15.15,18.62,2706.13,0.59,55.34,False,0,False,0.1532268487144594,None
2026-09-05 15:37:00+00:00,14.92,21.13,2809.16,0.0,20.12,False,0,False,0.2523565026280954,None
2026-09-05 15:38:00+00:00,14.98,20.64,2697.27,0.0,20.98,False,0,False,0.2445862583127612,None
2026-09-05 15:39:00+00:00,20.63,23.5,2569.31,0.0,20.93,False,0,False,0.20683286077102253,None
2026-09-05 15:40:00+00:00,12.05,22.53,2921.26,0.0,58.69,False,0,False,0.18016907371642887,None
2026-09-05 15:41:00+00:00,16.4,22.94,2666.04,0.0,59.88,False,0,False,0.16558822303533893,None
2026-09-05 15:42:00+00:00,14.71,14.95,2848.81,0.45,48.54,False,0,False,0.1848504359942772,None
2026-09-05 15:43:00+00:00,17.28,19.28,2867.25,0.32,19.72,False,0,False,0.22288258876242883,None
2026-09-05 15:44:00+00:00,9.46,8.74,2626.17,0.0,20.37,False,0,False,0.16814981350365854,None
2026-09-05 15:45:00+00:00,15.4,14.23,2598.69,0.18,46.69,False,0,False,0.17845745151874548,None
2026-09-05 15:46:00+00:00,13.43,9.81,2838.57,0.22,20.53,False,0,False,0.20183530969148428,None
2026-09-05 15:47:00+00:00,15.15,17.99,2789.49,0.0,63.16,False,0,False,0.1873962621293238,None
2026-09-05 15:48:00+00:00,14.88,13.7,2785.52,1.28,20.12,False,0,False,0.14274121354594888,None
2026-09-05 15:49:00+00:00,15.39,17.73,2500.1,0.19,20.33,False,0,False,0.2166942429163472,None
2026-09-05 15:50:00+00:00,14.44,14.35,2697.86,0.67,51.46,False,0,False,0.15515972989978438,None
2026-09-05 15:51:00+00:00,15.19,20.31,2536.65,0.0,21.13,False,0,False,0.20271064279206286,None
2026-09-05 15:52:00+00:00,16.97,26.57,2720.77,0.0,58.55,False,0,False,0.16141748547611617,None
2026-09-05 15:53:00+00:00,14.98,18.46,2799.55,0.0,19.76,False,0,False,0.2567763829882988,None
2026-09-05 15:54:00+00:00,14.87,22.45,2482.04,0.38,53.38,False,0,False,0.13939996696205526,None
2026-09-05 15:55:00+00:00,17.57,16.73,2797.1,0.0,20.18,False,0,False,0.23635471180653472,None
2026-09-05 15:56:00+00:00,14.61,15.66,2575.04,0.0,20.9,False,0,False,0.25675012824677085,None
2026-09-05 15:57:00+00:00,11.94,17.34,2714.69,0.02,20.42,False,0,False,0.24121488867270063,None
2026-09-05 15:58:00+00:00,16.14,14.65,2828.86,1.32,19.64,False,0,False,0.11845250237736216,None
2026-09-05 15:59:00+00:00,18.1,20.52,2677.81,0.0,44.45,False,0,False,0.19543405011850573,None
2026-09-05 16:00:00+00:00,17.43,17.8,2743.5,0.0,20.0,False,0,False,0.2783798782899422,None
2026-09-05 16:01:00+00:00,9.24,7.5,2641.45,0.0,20.53,False,0,False,0.20006861548381444,None
2026-09-05 16:02:00+00:00,13.63,15.98,2782.75,0.0,19.99,False,0,False,0.2520016761440068,None
2026-09-05 16:03:00+00:00,14.65,15.16,2963.03,0.63,19.64,False,0,False,0.22914123635600603,None
2026-09-05 16:04:00+00:00,8.67,7.5,2517.19,0.75,53.83,False,0,False,0.019337231961731205,None
2026-09-05 16:05:00+00:00,16.09,14.93,2587.76,0.0,20.55,False,0,False,0.21341343149945258,None
2026-09-05 16:06:00+00:00,18.29,18.58,2911.2,0.0,52.15,False,0,False,0.16775231919143913,None
2026-09-05 16:07:00+00:00,14.19,19.37,2930.84,0.14,20.44,False,0,False,0.22740987263073725,None
2026-09-05 16:08:00+00:00,14.43,17.39,3059.9,0.0,59.48,False,0,False,0.18854514588068616,None
2026-09-05 16:09:00+00:00,13.03,12.38,2689.27,0.0,20.76,False,0,False,0.24371681918822913,None
2026-09-05 16:10:00+00:00,12.77,11.03,2537.66,0.0,20.95,False,0,False,0.23042862983480944,None
2026-09-05 16:11:00+00:00,15.75,18.72,2898.1,0.0,20.3,False,0,False,0.277002147986144,None
2026-09-05 16:12:00+00:00,16.95,16.32,2882.41,0.46,20.88,False,0,False,0.20324828330396627,None
2026-09-05 16:13:00+00:00,18.14,19.14,2624.71,0.0,21.07,False,0,False,0.2498413264289278,None
2026-09-05 16:14:00+00:00,13.47,18.16,2834.83,0.0,52.52,False,0,False,0.21489356013844307,None
2026-09-05 16:15:00+00:00,20.05,24.37,3042.07,0.41,20.18,False,0,False,0.20171062657426475,None
2026-09-05 16:16:00+00:00,11.42,16.44,2770.68,0.18,57.15,False,0,False,0.15423318564978328,None
2026-09-05 16:17:00+00:00,12.43,14.19,2675.86,0.0,20.63,False,0,False,0.26098726905752406,None
2026-09-05 16:18:00+00:00,14.5,14.93,2846.01,0.0,20.84,False,0,False,0.27143296927043736,None
2026-09-05 16:19:00+00:00,16.0,16.25,2758.12,0.0,20.43,False,0,False,0.25022900256916225,None
2026-09-05 16:20:00+00:00,20.72,26.96,2692.9,0.08,43.53,False,0,False,0.14068716354530342,None
2026-09-05 16:21:00+00:00,13.34,14.78,2728.28,0.0,57.35,False,0,False,0.1685268495465823,None
2026-09-05 16:22:00+00:00,17.94,19.69,2747.63,0.0,20.88,False,0,False,0.24876453263020842,None
2026-09-05 16:23:00+00:00,11.43,12.97,2724.12,0.0,55.03,False,0,False,0.18412990867059842,None
2026-09-05 16:24:00+00:00,14.74,16.29,2667.35,0.0,21.09,False,0,False,0.2606731564022234,None
2026-09-05 16:25:00+00:00,12.32,14.29,2675.09,0.0,20.29,False,0,False,0.23767831324195854,None
2026-09-05 16:26:00+00:00,13.87,16.06,2749.99,0.0,44.0,False,0,False,0.22434449404138396,None
2026-09-05 16:27:00+00:00,17.32,17.23,2665.31,0.0,40.87,False,0,False,0.19017325580791405,None
2026-09-05 16:28:00+00:00,14.83,11.86,2577.29,0.0,49.05,False,0,False,0.1822696073870554,None
2026-09-05 16:29:00+00:00,14.08,16.89,2794.5,0.0,20.06,False,0,False,0.2701668720927931,None
2026-09-05 16:30:00+00:00,13.36,12.73,2731.34,0.0,53.93,False,0,False,0.19276219680187756,None
2026-09-05 16:31:00+00:00,13.99,9.85,2867.73,0.0,20.12,False,0,False,0.2369956097920698,None
2026-09-05 16:32:00+00:00,14.65,18.82,2803.42,0.0,20.82,False,0,False,0.28164312579360623,None
2026-09-05 16:33:00+00:00,18.56,23.05,2883.76,0.0,52.79,False,0,False,0.19121902633506943,None
2026-09-05 16:34:00+00:00,17.27,16.92,2702.12,0.68,20.81,False,0,False,0.2251043184576047,None
2026-09-05 16:35:00+00:00,14.82,17.5,2410.08,0.29,46.62,False,0,False,0.1644243794152752,None
2026-09-05 16:36:00+00:00,13.36,14.89,2718.78,0.0,20.76,False,0,False,0.262166133850384,None
2026-09-05 16:37:00+00:00,20.25,25.87,2650.33,0.0,45.03,False,0,False,0.1311662224463992,None
2026-09-05 16:38:00+00:00,13.31,12.12,2784.39,0.0,47.76,False,0,False,0.19394158922484678,None
2026-09-05 16:39:00+00:00,13.79,14.17,2695.24,0.0,20.12,False,0,False,0.26870868096705647,None
2026-09-05 16:40:00+00:00,16.37,17.85,2909.18,0.0,51.96,False,0,False,0.2032146887460885,None
2026-09-05 16:41:00+00:00,12.91,16.06,2804.84,0.0,20.76,False,0,False,0.25436568004725457,None
2026-09-05 16:42:00+00:00,10.09,11.54,2573.75,0.0,20.35,False,0,False,0.2218207594473402,None
2026-09-05 16:43:00+00:00,16.93,17.65,3173.05,0.0,43.19,True,1,False,0.22211708442068528,Z-Score
2026-09-05 16:44:00+00:00,11.72,16.66,2880.48,0.0,20.53,False,0,False,0.2803273700116401,None
2026-09-05 16:45:00+00:00,16.63,26.0,2507.79,0.0,20.12,False,0,False,0.2280333904402435,None
2026-09-05 16:46:00+00:00,10.77,11.47,2726.87,0.0,20.72,False,0,False,0.24564364921639203,None
2026-09-05 16:47:00+00:00,13.58,15.42,2734.47,0.0,42.97,False,0,False,0.22530203232669238,None
2026-09-05 16:48:00+00:00,17.39,21.56,3025.06,0.39,20.06,False,0,False,0.23296758625545017,None
2026-09-05 16:49:00+00:00,18.19,18.77,2813.36,0.0,42.04,False,0,False,0.23025647483326067,None
2026-09-05 16:50:00+00:00,12.14,14.32,2661.27,0.66,40.08,False,0,False,0.1713585217000831,None
2026-09-05 16:51:00+00:00,13.77,13.53,2803.28,0.0,45.83,False,0,False,0.21291543396915452,None
2026-09-05 16:52:00+00:00,15.56,17.78,2648.94,0.0,19.83,False,0,False,0.27315466815308737,None
2026-09-05 16:53:00+00:00,12.73,16.46,2732.47,0.0,20.38,False,0,False,0.267083462708588,None
2026-09-05 16:54:00+00:00,18.52,24.31,2866.78,1.35,37.51,True,1,False,0.09635293931706501,Z-Score
2026-09-05 16:55:00+00:00,17.64,20.62,2885.93,0.0,20.99,False,0,False,0.27301611385918095,None
2026-09-05 16:56:00+00:00,16.39,20.37,2770.2,0.0,43.82,False,0,False,0.2354158426134898,None
2026-09-05 16:57:00+00:00,18.64,25.08,2791.24,0.15,20.24,False,0,False,0.22871934562942842,None
2026-09-05 16:58:00+00:00,13.61,17.28,2684.65,0.0,38.28,False,0,False,0.228833921026798,None
2026-09-05 16:59:00+00:00,16.01,16.55,2644.39,0.0,39.91,False,0,False,0.23206454734243076,None
2026-09-05 17:00:00+00:00,19.31,22.35,2713.08,0.16,41.27,False,0,False,0.19294594160014172,None
2026-09-05 17:01:00+00:00,17.33,16.22,2887.29,0.42,20.33,False,0,False,0.24207057407307814,None
2026-09-05 17:02:00+00:00,10.59,13.26,2896.56,0.0,45.5,False,0,False,0.18961071707266913,None
2026-09-05 17:03:00+00:00,13.96,10.83,3021.78,0.22,20.19,False,0,False,0.21223421459482716,None
2026-09-05 17:04:00+00:00,14.71,13.38,2967.76,0.0,21.11,False,0,False,0.23424699900911755,None
2026-09-05 17:05:00+00:00,15.85,16.97,2897.27,0.0,20.13,False,0,False,0.28059237931564157,None
2026-09-05 17:06:00+00:00,19.76,19.88,2874.44,0.57,21.04,False,0,False,0.2182742180599605,None
2026-09-05 17:07:00+00:00,13.39,17.74,3001.9,0.0,19.84,False,0,False,0.27748286234632225,None
2026-09-05 17:08:00+00:00,14.41,18.11,2974.87,0.0,20.62,False,0,False,0.2874559746246068,None
2026-09-05 17:09:00+00:00,14.91,18.8,2893.64,0.0,19.95,False,0,False,0.2531147038619299,None
2026-09-05 17:10:00+00:00,17.85,19.36,3034.23,0.0,20.87,False,0,False,0.2401343103037265,None
2026-09-05 17:11:00+00:00,20.05,26.72,3000.07,0.58,20.7,False,0,False,0.20116588359254056,None
2026-09-05 17:12:00+00:00,20.82,20.98,2651.15,0.0,20.78,False,0,False,0.2493993580966768,None
2026-09-05 17:13:00+00:00,14.7,17.85,2936.49,0.27,33.92,False,0,False,0.21988393957542807,None
2026-09-05 17:14:00+00:00,13.67,13.87,2802.19,0.0,35.53,False,0,False,0.21760337163642707,None
2026-09-05 17:15:00+00:00,15.54,17.75,2691.34,0.0,33.38,False,0,False,0.2441842153790063,None
2026-09-05 17:16:00+00:00,19.43,26.89,2875.67,0.0,20.44,False,0,False,0.22612690347771713,None
2026-09-05 17:17:00+00:00,14.27,11.95,3145.69,0.64,19.89,False,0,False,0.2195823278127354,None
2026-09-05 17:18:00+00:00,18.71,21.78,2924.01,0.0,20.27,False,0,False,0.27715711239495733,None
2026-09-05 17:19:00+00:00,16.41,15.36,2804.26,0.0,20.16,False,0,False,0.28112979474065375,None
2026-09-05 17:20:00+00:00,10.91,11.82,3008.16,0.0,39.88,False,0,False,0.2088626492633019,None
2026-09-05 17:21:00+00:00,13.14,13.83,2893.37,0.68,21.01,False,0,False,0.22974222719229648,None
2026-09-05 17:22:00+00:00,14.49,15.99,2912.06,0.0,21.06,False,0,False,0.2824094697457298,None
2026-09-05 17:23:00+00:00,15.61,16.05,2978.69,0.0,20.46,False,0,False,0.25995337229352466,None
2026-09-05 17:24:00+00:00,14.48,18.29,2938.34,0.0,20.52,False,0,False,0.26830790193245435,None
2026-09-05 17:25:00+00:00,16.45,16.03,2683.44,0.0,33.49,False,0,False,0.23849412268622483,None
2026-09-05 17:26:00+00:00,13.05,16.16,2825.15,1.35,37.3,True,1,False,0.1104597042840808,Z-Score
2026-09-05 17:27:00+00:00,14.53,15.58,3048.18,0.0,20.36,False,0,False,0.2468019707132763,None
2026-09-05 17:28:00+00:00,14.28,18.59,3112.06,0.0,20.71,False,0,False,0.2611558433465244,None
2026-09-05 17:29:00+00:00,18.38,18.22,3173.59,0.26,19.64,False,0,False,0.23886458562853818,None
2026-09-05 17:30:00+00:00,13.63,13.94,3118.18,0.0,38.95,False,0,False,0.2255191299043302,None
2026-09-05 17:31:00+00:00,18.11,21.68,2822.73,0.0,20.74,False,0,False,0.256493229683335,None
2026-09-05 17:32:00+00:00,14.06,13.77,3043.23,0.0,35.66,False,0,False,0.21662296826928834,None
2026-09-05 17:33:00+00:00,17.63,18.85,2874.75,0.0,34.53,False,0,False,0.22021833877157715,None
2026-09-05 17:34:00+00:00,15.36,17.86,2941.36,0.0,20.27,False,0,False,0.28154942272475525,None
2026-09-05 17:35:00+00:00,20.02,21.86,3154.24,0.0,20.37,False,0,False,0.23048675165380267,None
2026-09-05 17:36:00+00:00,14.96,19.23,2976.42,0.14,34.7,False,0,False,0.21917622281032062,None
2026-09-05 17:37:00+00:00,17.52,18.23,2962.14,0.72,37.37,False,0,False,0.1770357213364243,None
2026-09-05 17:38:00+00:00,17.63,17.52,2798.56,0.0,19.88,False,0,False,0.27396864890285494,None
2026-09-05 17:39:00+00:00,16.96,20.66,2964.95,0.45,37.63,False,0,False,0.1875879348862453,None
2026-09-05 17:40:00+00:00,14.58,12.41,3343.55,0.0,20.45,True,1,False,0.22329444186367853,Z-Score
2026-09-05 17:41:00+00:00,14.55,13.81,2806.82,0.0,35.42,False,0,False,0.22687170055091932,None
2026-09-05 17:42:00+00:00,14.46,12.08,3126.93,0.0,31.66,False,0,False,0.23378305900294905,None
2026-09-05 17:43:00+00:00,20.69,20.66,3097.25,0.65,20.34,False,0,False,0.20612668066660822,None
2026-09-05 17:44:00+00:00,13.86,14.7,2930.77,0.0,30.88,False,0,False,0.24331507131530938,None
2026-09-05 17:45:00+00:00,9.83,10.79,2909.99,0.0,20.15,False,0,False,0.20989357024655086,None
2026-09-05 17:46:00+00:00,15.92,18.31,2975.31,0.0,33.03,False,0,False,0.228184272882829,None
2026-09-05 17:47:00+00:00,19.69,19.21,3147.21,0.0,20.83,False,0,False,0.21992602960477942,None
2026-09-05 17:48:00+00:00,17.99,25.8,3018.92,0.0,20.55,False,0,False,0.25247256342554036,None
2026-09-05 17:49:00+00:00,17.52,22.1,3118.04,0.0,20.15,False,0,False,0.271872291995339,None
2026-09-05 17:50:00+00:00,18.76,20.03,3240.21,0.0,29.54,False,0,False,0.23317167801275468,None
2026-09-05 17:51:00+00:00,18.76,21.45,3128.96,0.0,20.09,False,0,False,0.27590020715723607,None
2026-09-05 17:52:00+00:00,20.65,23.98,3301.33,0.0,19.99,False,0,False,0.19571117491499168,None
2026-09-05 17:53:00+00:00,15.94,19.76,3096.83,0.02,29.33,False,0,False,0.2203426984060322,None
2026-09-05 17:54:00+00:00,15.45,18.76,3382.36,0.0,20.97,False,0,False,0.2655396391146642,None
2026-09-05 17:55:00+00:00,14.6,18.1,3164.33,0.26,20.82,False,0,False,0.26392082858807875,None
2026-09-05 17:56:00+00:00,21.4,31.96,3177.13,0.77,31.0,True,1,False,0.12392983175811167,Z-Score
2026-09-05 17:57:00+00:00,16.75,24.38,3105.4,0.0,19.75,False,0,False,0.26148415516323537,None
2026-09-05 17:58:00+00:00,15.74,19.17,2637.37,0.0,20.43,False,0,False,0.26006975042839814,None
2026-09-05 17:59:00+00:00,15.66,22.28,3068.02,0.43,19.86,False,0,False,0.2322174270412803,None
2026-09-05 18:00:00+00:00,15.28,15.88,3028.18,0.0,32.13,False,0,False,0.2528638523582516,None
2026-09-05 18:01:00+00:00,11.13,8.44,2685.08,0.0,20.59,False,0,False,0.21363792442636798,None
2026-09-05 18:02:00+00:00,16.52,13.62,3071.78,0.0,20.73,False,0,False,0.25222924573761146,None
2026-09-05 18:03:00+00:00,11.94,12.53,3129.26,0.0,30.81,False,0,False,0.23527889155118414,None
2026-09-05 18:04:00+00:00,19.48,19.34,3122.96,0.0,30.66,False,0,False,0.23744195342095015,None
2026-09-05 18:05:00+00:00,18.92,21.22,2915.41,0.0,20.09,False,0,False,0.26734908114213657,None
2026-09-05 18:06:00+00:00,16.14,18.57,3203.26,0.0,20.78,False,0,False,0.28305689072153417,None
2026-09-05 18:07:00+00:00,9.77,8.53,2941.45,0.95,28.69,True,1,False,0.12591746948490978,Z-Score
2026-09-05 18:08:00+00:00,18.08,19.53,3264.25,0.0,28.83,False,0,False,0.2466533247686284,None
2026-09-05 18:09:00+00:00,14.52,13.44,3145.86,0.03,30.43,False,0,False,0.22955593296831872,None
2026-09-05 18:10:00+00:00,14.57,20.15,3025.05,0.0,29.53,False,0,False,0.24260868367207844,None
2026-09-05 18:11:00+00:00,17.78,14.59,2818.08,0.02,29.16,False,0,False,0.23676241621125693,None
2026-09-05 18:12:00+00:00,17.19,23.63,2904.2,0.0,19.74,False,0,False,0.24191738209344693,None
2026-09-05 18:13:00+00:00,14.82,13.64,3065.93,0.0,20.28,False,0,False,0.2795478694485692,None
2026-09-05 18:14:00+00:00,16.92,23.03,3028.6,0.0,20.97,False,0,False,0.26488165485479015,None
2026-09-05 18:15:00+00:00,17.59,16.6,3219.68,0.26,28.77,False,0,False,0.22632737342980175,None
2026-09-05 18:16:00+00:00,16.8,20.32,3119.2,0.0,27.15,False,0,False,0.26246319491274356,None
2026-09-05 18:17:00+00:00,14.72,15.09,3036.59,0.0,20.4,False,0,False,0.2800581037239721,None
2026-09-05 18:18:00+00:00,16.08,19.01,3191.81,0.0,29.13,False,0,False,0.2573018861620543,None
2026-09-05 18:19:00+00:00,17.69,26.21,3091.84,0.0,19.82,False,0,False,0.24562473450428945,None
2026-09-05 18:20:00+00:00,14.98,17.56,2904.0,0.55,28.91,False,0,False,0.20985219864791305,None
2026-09-05 18:21:00+00:00,14.95,17.91,3089.56,0.0,28.24,False,0,False,0.25196948715175166,None
2026-09-05 18:22:00+00:00,15.37,18.99,3056.73,0.0,20.52,False,0,False,0.2861762614289246,None
2026-09-05 18:23:00+00:00,12.64,17.1,3102.05,0.0,20.78,False,0,False,0.2724526683531721,None
2026-09-05 18:24:00+00:00,16.89,15.32,2947.81,0.0,27.75,False,0,False,0.2570897582417354,None
2026-09-05 18:25:00+00:00,10.43,13.29,2861.12,0.0,19.9,False,0,False,0.2580033337132034,None
2026-09-05 18:26:00+00:00,17.56,22.02,3300.76,0.0,25.33,False,0,False,0.2336687336069273,None
2026-09-05 18:27:00+00:00,11.11,9.82,3015.22,0.96,20.53,True,1,False,0.15838170391958128,Z-Score
2026-09-05 18:28:00+00:00,14.08,13.24,3024.65,0.0,24.74,False,0,False,0.2561707172208757,None
2026-09-05 18:29:00+00:00,16.58,22.26,3236.97,0.0,25.55,False,0,False,0.23864083030919153,None
2026-09-05 18:30:00+00:00,12.28,11.44,3317.59,0.0,26.34,False,0,False,0.22445301911616466,None
2026-09-05 18:31:00+00:00,13.79,14.35,3292.46,0.25,26.13,False,0,False,0.22333132276638773,None
2026-09-05 18:32:00+00:00,11.57,15.51,3204.29,0.0,25.09,False,0,False,0.2496085668423011,None
2026-09-05 18:33:00+00:00,12.36,11.74,3386.97,0.0,24.76,False,0,False,0.23338622240609652,None
2026-09-05 18:34:00+00:00,17.07,21.4,3345.65,0.72,20.21,False,0,False,0.20854516034154363,None
2026-09-05 18:35:00+00:00,13.66,18.34,3176.27,0.64,20.38,False,0,False,0.2342824524422612,None
2026-09-05 18:36:00+00:00,17.55,21.44,3371.49,0.0,23.4,False,0,False,0.24971247164403337,None
2026-09-05 18:37:00+00:00,10.31,13.41,3197.25,0.0,19.89,False,0,False,0.2437965147796896,None
2026-09-05 18:38:00+00:00,12.05,18.03,3187.26,0.0,20.92,False,0,False,0.2777164228694438,None
2026-09-05 18:39:00+00:00,14.85,21.74,3139.58,0.0,20.82,False,0,False,0.2760788151523716,None
2026-09-05 18:40:00+00:00,15.53,16.63,3025.16,0.0,20.67,False,0,False,0.26395877982144955,None
2026-09-05 18:41:00+00:00,17.77,21.43,2892.98,0.0,19.63,False,0,False,0.2701253094378951,None
2026-09-05 18:42:00+00:00,19.14,21.26,3279.69,0.0,21.0,False,0,False,0.2616237962280933,None
2026-09-05 18:43:00+00:00,16.49,13.31,3298.9,0.09,22.84,False,0,False,0.21448480476719445,None
2026-09-05 18:44:00+00:00,16.91,15.8,3498.96,0.0,19.9,False,0,False,0.2556452819256616,None
2026-09-05 18:45:00+00:00,17.55,21.94,3094.85,0.0,24.2,False,0,False,0.2519284749313396,None
2026-09-05 18:46:00+00:00,13.84,16.64,3285.49,0.0,24.05,False,0,False,0.26382976070002195,None
2026-09-05 18:47:00+00:00,17.23,20.7,3212.32,0.0,20.13,False,0,False,0.26031655022471595,None
2026-09-05 18:48:00+00:00,17.69,18.7,3175.53,0.0,20.45,False,0,False,0.27882172906325947,None
2026-09-05 18:49:00+00:00,14.6,17.26,3126.04,0.0,21.06,False,0,False,0.27525746710761506,None
2026-09-05 18:50:00+00:00,15.17,16.4,3075.9,0.0,21.93,False,0,False,0.27255338270694485,None
2026-09-05 18:51:00+00:00,17.26,17.76,3230.37,0.66,21.0,False,0,False,0.22295598518532767,None
2026-09-05 18:52:00+00:00,15.11,17.96,3339.71,0.11,20.27,False,0,False,0.25837802971840873,None
2026-09-05 18:53:00+00:00,23.13,25.98,3042.9,0.0,22.42,True,1,False,0.1864884443106335,Z-Score
2026-09-05 18:54:00+00:00,16.02,16.98,3231.61,0.0,21.63,False,0,False,0.26655638377584406,None
2026-09-05 18:55:00+00:00,15.8,17.85,3150.7,0.0,19.74,False,0,False,0.2667651755040308,None
2026-09-05 18:56:00+00:00,17.08,19.57,3505.45,0.0,20.7,False,0,False,0.25799330511724605,None
2026-09-05 18:57:00+00:00,16.07,14.15,3142.45,0.0,20.59,False,0,False,0.28058528472007904,None
2026-09-05 18:58:00+00:00,14.7,21.99,3224.43,0.0,22.11,False,0,False,0.25407436262788097,None
2026-09-05 18:59:00+00:00,17.45,18.51,3397.02,0.82,20.86,True,1,False,0.21569985288762822,Z-Score
2026-09-05 19:00:00+00:00,14.87,13.88,3117.71,0.0,20.16,False,0,False,0.2672338608724216,None
2026-09-05 19:01:00+00:00,15.53,16.28,3179.76,0.0,21.09,False,0,False,0.19776594291668498,None
2026-09-05 19:02:00+00:00,14.84,16.79,3093.92,0.0,20.77,False,0,False,0.27704885942550544,None
2026-09-05 19:03:00+00:00,14.75,14.88,3267.29,0.03,19.82,False,0,False,0.26183859126208275,None
2026-09-05 19:04:00+00:00,18.32,19.92,3067.89,0.0,21.06,False,0,False,0.2503952140465245,None
2026-09-05 19:05:00+00:00,15.35,20.34,3205.0,0.43,20.83,False,0,False,0.2516683988179483,None
2026-09-05 19:06:00+00:00,15.12,17.38,3186.66,0.0,20.78,False,0,False,0.2622381202025682,None
2026-09-05 19:07:00+00:00,16.93,19.5,3174.84,0.0,20.01,False,0,False,0.2746854812547149,None
2026-09-05 19:08:00+00:00,14.03,14.66,3053.52,0.0,20.45,False,0,False,0.27491222413183025,None
2026-09-05 19:09:00+00:00,14.03,14.61,3249.08,0.0,20.95,False,0,False,0.26671264241745735,None
2026-09-05 19:10:00+00:00,15.14,19.2,3339.88,0.0,20.03,False,0,False,0.26428002920392807,None
2026-09-05 19:11:00+00:00,12.25,9.67,3174.28,0.4,19.99,False,0,False,0.19871694885335295,None
2026-09-05 19:12:00+00:00,17.45,21.76,3414.86,1.5,19.93,True,1,False,0.14899048392351827,Z-Score
2026-09-05 19:13:00+00:00,16.02,19.2,3188.73,0.0,20.01,False,0,False,0.26903780777062103,None
2026-09-05 19:14:00+00:00,17.51,19.1,3401.65,0.49,19.7,False,0,False,0.2213637986191096,None
2026-09-05 19:15:00+00:00,12.63,14.79,3074.14,0.0,20.15,False,0,False,0.26735020721268504,None
2026-09-05 19:16:00+00:00,14.87,19.67,3172.34,0.0,19.63,False,0,False,0.2696507250700202,None
2026-09-05 19:17:00+00:00,14.3,18.28,3177.06,0.0,19.72,False,0,False,0.27838273086889703,None
2026-09-05 19:18:00+00:00,13.16,14.18,3177.82,0.0,19.63,False,0,False,0.27614697488176165,None
2026-09-05 19:19:00+00:00,16.35,13.12,3370.85,0.0,19.95,False,0,False,0.24985017305888202,None
2026-09-05 19:20:00+00:00,17.68,21.7,3310.83,0.04,20.9,False,0,False,0.2474704351295785,None
2026-09-05 19:21:00+00:00,13.14,12.38,3300.97,0.42,19.63,False,0,False,0.21561681103058855,None
2026-09-05 19:22:00+00:00,12.84,10.83,3166.25,0.27,19.75,False,0,False,0.23156616344651731,None
2026-09-05 19:23:00+00:00,16.11,19.09,3340.38,0.0,19.63,False,0,False,0.2633202219541756,None
2026-09-05 19:24:00+00:00,16.75,21.75,3426.58,0.0,20.99,False,0,False,0.2400700988315671,None
2026-09-05 19:25:00+00:00,13.07,15.48,3399.0,0.0,20.55,False,0,False,0.25732962869297976,None
2026-09-05 19:26:00+00:00,19.11,20.31,3226.0,0.0,19.63,False,0,False,0.2473062258117087,None
2026-09-05 19:27:00+00:00,11.18,11.95,3312.92,0.0,20.99,False,0,False,0.2535143719017758,None
2026-09-05 19:28:00+00:00,16.26,16.89,3411.62,0.0,19.78,False,0,False,0.2567440791861063,None
2026-09-05 19:29:00+00:00,14.18,20.04,3227.27,0.0,19.69,False,0,False,0.2681291153421441,None
2026-09-05 19:30:00+00:00,20.02,25.4,3363.6,0.0,19.63,False,0,False,0.22207188283515794,None
2026-09-05 19:31:00+00:00,16.14,20.29,3123.54,0.0,19.63,False,0,False,0.28299879898881536,None
2026-09-05 19:32:00+00:00,13.55,17.32,3571.86,0.0,19.63,False,0,False,0.24804001244293067,None
2026-09-05 19:33:00+00:00,14.56,17.62,3374.4,0.0,19.79,False,0,False,0.2755517868627743,None
2026-09-05 19:34:00+00:00,18.03,20.84,3218.97,0.0,19.63,False,0,False,0.27363070730721045,None
2026-09-05 19:35:00+00:00,18.21,20.42,3262.35,0.0,20.7,False,0,False,0.26959584797487357,None
2026-09-05 19:36:00+00:00,15.42,14.24,3251.96,0.0,19.63,False,0,False,0.2704121132254087,None
2026-09-05 19:37:00+00:00,13.54,17.7,3519.77,0.0,19.91,False,0,False,0.24249671668857808,None
2026-09-05 19:38:00+00:00,15.17,19.64,3465.93,0.0,19.63,False,0,False,0.2512615456697997,None
2026-09-05 19:39:00+00:00,12.11,10.03,3298.65,0.0,19.63,False,0,False,0.2367020609822183,None
2026-09-05 19:40:00+00:00,15.28,22.37,3027.83,0.0,19.63,False,0,False,0.2762039587412561,None
2026-09-05 19:41:00+00:00,16.99,16.58,3104.24,0.0,19.63,False,0,False,0.24635384599593324,None
2026-09-05 19:42:00+00:00,16.23,22.66,3422.11,0.25,19.63,False,0,False,0.2287490034458699,None
2026-09-05 19:43:00+00:00,11.87,14.65,3170.97,0.0,19.63,False,0,False,0.2677026332306922,None
2026-09-05 19:44:00+00:00,17.62,21.08,3558.98,0.0,19.63,False,0,False,0.2395177442547125,None
2026-09-05 19:45:00+00:00,14.52,17.01,3485.62,0.0,19.63,False,0,False,0.25607933747151196,None
2026-09-05 19:46:00+00:00,17.55,25.23,3274.41,0.28,19.63,False,0,False,0.2179343967371673,None
2026-09-05 19:47:00+00:00,14.58,15.4,3229.66,0.0,19.63,False,0,False,0.279181800619735,None
2026-09-05 19:48:00+00:00,15.58,17.23,3417.34,0.0,20.84,False,0,False,0.26247759619866123,None
2026-09-05 19:49:00+00:00,15.21,17.1,3322.89,0.0,19.63,False,0,False,0.26089275798944683,None
2026-09-05 19:50:00+00:00,10.77,16.64,3551.43,0.0,20.79,False,0,False,0.2374394218886739,None
2026-09-05 19:51:00+00:00,13.93,20.33,3199.61,0.0,20.57,False,0,False,0.2681214600932162,None
2026-09-05 19:52:00+00:00,16.95,18.87,3198.24,0.0,20.79,False,0,False,0.2769273738980347,None
2026-09-05 19:53:00+00:00,14.98,18.6,3286.31,0.45,19.63,False,0,False,0.24146808118861396,None
2026-09-05 19:54:00+00:00,13.51,19.56,3323.65,0.0,19.63,False,0,False,0.26927488806492694,None
2026-09-05 19:55:00+00:00,17.35,21.34,3154.29,0.0,19.63,False,0,False,0.23218185593367185,None
2026-09-05 19:56:00+00:00,11.75,10.22,3462.92,1.35,20.81,True,1,False,0.13753998605223794,Z-Score
2026-09-05 19:57:00+00:00,16.36,22.45,3224.25,0.0,19.75,False,0,False,0.2736821356081487,None
2026-09-05 19:58:00+00:00,15.86,15.15,2985.1,0.0,19.63,False,0,False,0.2569496078694564,None
2026-09-05 19:59:00+00:00,17.13,20.93,3364.25,0.0,19.63,False,0,False,0.263151624746258,None
2026-09-05 20:00:00+00:00,13.11,15.47,3280.33,0.0,19.63,False,0,False,0.27278590017319404,None
2026-09-05 20:01:00+00:00,13.57,17.59,3120.88,0.0,19.63,False,0,False,0.2640181198515247,None
2026-09-05 20:02:00+00:00,14.8,16.53,3166.18,0.0,20.79,False,0,False,0.2519340580885688,None
2026-09-05 20:03:00+00:00,15.03,14.4,3282.66,0.0,19.63,False,0,False,0.27221815319204773,None
2026-09-05 20:04:00+00:00,12.19,15.62,2998.49,0.0,20.3,False,0,False,0.2697582338303264,None
2026-09-05 20:05:00+00:00,18.63,23.64,3095.5,0.0,19.63,False,0,False,0.26158902331993733,None
2026-09-05 20:06:00+00:00,15.52,16.02,3279.2,0.2,19.63,False,0,False,0.2490489015201265,None
2026-09-05 20:07:00+00:00,12.65,15.24,3375.68,0.46,19.63,False,0,False,0.22976119534147338,None
2026-09-05 20:08:00+00:00,20.39,18.54,3204.79,0.0,19.63,False,0,False,0.25804689181395046,None
2026-09-05 20:09:00+00:00,16.18,20.02,3357.9,0.08,19.94,False,0,False,0.2479522144353165,None
2026-09-05 20:10:00+00:00,15.52,19.15,3522.97,0.0,19.63,False,0,False,0.2459694293093332,None
2026-09-05 20:11:00+00:00,19.97,19.15,3295.63,0.0,20.45,False,0,False,0.2598411635753562,None
2026-09-05 20:12:00+00:00,12.22,14.36,3482.85,0.0,19.94,False,0,False,0.23671037938027295,None
2026-09-05 20:13:00+00:00,19.4,20.54,3500.76,0.0,19.63,False,0,False,0.2358362424490374,None
2026-09-05 20:14:00+00:00,18.3,23.86,3497.55,0.0,19.63,False,0,False,0.23928879786932267,None
2026-09-05 20:15:00+00:00,15.65,15.88,3002.86,0.0,19.73,False,0,False,0.2721188111952318,None
2026-09-05 20:16:00+00:00,13.92,16.82,3304.21,0.47,19.72,False,0,False,0.19185575534564758,None
2026-09-05 20:17:00+00:00,12.19,15.25,3401.43,0.95,19.63,True,1,False,0.18678993283121537,Z-Score
2026-09-05 20:18:00+00:00,16.27,13.99,3277.81,0.0,19.63,False,0,False,0.23428203463075553,None
2026-09-05 20:19:00+00:00,16.52,21.04,3438.9,0.0,20.92,False,0,False,0.26391959962681694,None
2026-09-05 20:20:00+00:00,17.95,22.57,3764.33,0.0,20.93,True,1,False,0.21507476096979927,Z-Score
2026-09-05 20:21:00+00:00,15.38,15.7,3302.52,0.0,20.65,False,0,False,0.27546153297102044,None
2026-09-05 20:22:00+00:00,8.0,7.93,3269.88,0.41,19.63,True,1,False,0.1453989941994699,Z-Score
2026-09-05 20:23:00+00:00,11.64,15.57,3422.05,0.31,19.85,False,0,False,0.22541437020383925,None
2026-09-05 20:24:00+00:00,17.87,17.7,2927.28,0.0,19.63,False,0,False,0.27874736956342333,None
2026-09-05 20:25:00+00:00,15.73,19.3,3243.41,0.0,19.63,False,0,False,0.27536365284053055,None
2026-09-05 20:26:00+00:00,16.27,22.42,3101.46,0.0,19.63,False,0,False,0.27320631291492775,None
2026-09-05 20:27:00+00:00,15.78,14.57,3354.51,0.0,19.63,False,0,False,0.26926211002794326,None
2026-09-05 20:28:00+00:00,13.34,16.39,3326.31,0.0,19.68,False,0,False,0.2694559867413597,None
2026-09-05 20:29:00+00:00,18.49,23.08,3363.1,0.0,20.89,False,0,False,0.2610368126433868,None
2026-09-05 20:30:00+00:00,9.56,11.82,3141.37,0.0,19.63,False,0,False,0.23921763934643414,None
2026-09-05 20:31:00+00:00,15.64,18.29,3206.04,0.0,19.77,False,0,False,0.19497589510778107,None
2026-09-05 20:32:00+00:00,14.0,13.02,3015.4,0.0,20.24,False,0,False,0.27808400681441453,None
2026-09-05 20:33:00+00:00,15.13,16.07,3145.61,1.35,19.63,True,1,False,0.1669588414723343,Z-Score
2026-09-05 20:34:00+00:00,16.55,18.04,3171.29,0.08,19.63,False,0,False,0.25758972581389017,None
2026-09-05 20:35:00+00:00,19.1,20.78,3372.76,0.0,20.33,False,0,False,0.26232714543454905,None
2026-09-05 20:36:00+00:00,15.17,17.19,3277.33,0.62,20.75,False,0,False,0.17393252746334037,None
2026-09-05 20:37:00+00:00,11.16,10.7,3158.58,0.0,20.8,False,0,False,0.2502985997475617,None
2026-09-05 20:38:00+00:00,15.61,17.65,3030.68,1.14,19.74,True,1,False,0.20173913458166548,Z-Score
2026-09-05 20:39:00+00:00,16.3,18.83,3276.63,0.61,19.63,False,0,False,0.21983262114570917,None
2026-09-05 20:40:00+00:00,14.79,12.59,3386.95,0.0,20.11,False,0,False,0.26583819257428354,None
2026-09-05 20:41:00+00:00,14.69,13.61,3490.64,0.0,19.63,False,0,False,0.2534256334583969,None
2026-09-05 20:42:00+00:00,16.78,20.34,3544.38,0.0,19.63,False,0,False,0.23464459449255398,None
2026-09-05 20:43:00+00:00,13.56,13.64,3289.96,0.0,19.63,False,0,False,0.25870752411129666,None
2026-09-05 20:44:00+00:00,14.24,18.31,2964.31,0.0,19.98,False,0,False,0.264786593803069,None
2026-09-05 20:45:00+00:00,16.85,15.57,3275.41,0.39,19.63,False,0,False,0.2462199717622921,None
2026-09-05 20:46:00+00:00,16.35,17.73,3444.63,0.0,20.34,False,0,False,0.26183793585527765,None
2026-09-05 20:47:00+00:00,19.25,21.36,3341.08,0.0,19.92,False,0,False,0.1830724422225804,None
2026-09-05 20:48:00+00:00,17.63,23.38,3289.83,0.0,19.63,False,0,False,0.2617501682177764,None
2026-09-05 20:49:00+00:00,17.93,20.21,2931.24,0.0,19.63,False,0,False,0.2818227387234543,None
2026-09-05 20:50:00+00:00,14.0,16.94,3278.48,0.0,19.77,False,0,False,0.27397395631915095,None
2026-09-05 20:51:00+00:00,17.8,18.41,3289.94,0.0,19.63,False,0,False,0.2665717607878108,None
2026-09-05 20:52:00+00:00,11.68,15.71,2888.16,0.24,19.63,False,0,False,0.2528279228063861,None
2026-09-05 20:53:00+00:00,15.53,21.4,3152.35,0.39,19.63,False,0,False,0.24741747365340833,None
2026-09-05 20:54:00+00:00,15.32,17.99,3365.61,0.0,19.63,False,0,False,0.26386496993557496,None
2026-09-05 20:55:00+00:00,19.87,19.26,3280.68,0.18,20.68,False,0,False,0.1816836302423121,None
2026-09-05 20:56:00+00:00,11.8,10.37,3218.18,0.0,19.91,False,0,False,0.2476823374661653,None
2026-09-05 20:57:00+00:00,18.13,22.64,3018.9,0.11,19.91,False,0,False,0.2565662892755384,None
2026-09-05 20:58:00+00:00,14.29,15.92,3063.75,0.0,19.63,False,0,False,0.2859983051143946,None
2026-09-05 20:59:00+00:00,14.48,20.46,3024.97,1.19,19.63,True,1,False,0.19255591433993186,Z-Score
2026-09-05 21:00:00+00:00,18.0,21.16,3291.09,0.0,19.76,False,0,False,0.2658592885157549,None
2026-09-05 21:01:00+00:00,15.78,20.62,3220.65,0.76,19.63,False,0,False,0.22993632050326968,None
2026-09-05 21:02:00+00:00,13.63,15.43,3271.27,0.0,19.63,False,0,False,0.2722260163104933,None
2026-09-05 21:03:00+00:00,12.39,12.8,3102.04,0.0,19.63,False,0,False,0.2682075338789935,None
2026-09-05 21:04:00+00:00,17.73,22.91,3166.55,0.09,19.63,False,0,False,0.2580578064316985,None
2026-09-05 21:05:00+00:00,12.61,14.54,3452.88,0.58,19.63,False,0,False,0.2102478214803809,None
2026-09-05 21:06:00+00:00,13.66,14.8,3134.5,0.0,19.63,False,0,False,0.27395735840845703,None
2026-09-05 21:07:00+00:00,10.55,13.57,3066.59,0.0,19.63,False,0,False,0.258630679589482,None
2026-09-05 21:08:00+00:00,12.13,14.51,3184.37,0.0,20.05,False,0,False,0.24894668990298086,None
2026-09-05 21:09:00+00:00,19.28,19.62,3403.22,0.0,21.06,False,0,False,0.23724198274437208,None
2026-09-05 21:10:00+00:00,9.7,13.17,3091.17,0.0,19.63,False,0,False,0.2517493037899094,None
2026-09-05 21:11:00+00:00,15.16,14.99,3008.88,0.65,19.63,False,0,False,0.2472886823865188,None
2026-09-05 21:12:00+00:00,16.21,15.13,3331.85,0.0,20.02,False,0,False,0.2601310430770656,None
2026-09-05 21:13:00+00:00,13.11,15.92,3076.8,0.0,20.95,False,0,False,0.27949592284965424,None
2026-09-05 21:14:00+00:00,18.24,20.46,3100.51,0.0,19.97,False,0,False,0.2616846912652208,None
2026-09-05 21:15:00+00:00,12.01,17.88,3294.45,0.0,19.72,False,0,False,0.2685479915287342,None
2026-09-05 21:16:00+00:00,15.06,16.16,3151.02,0.0,20.43,False,0,False,0.2696496681697343,None
2026-09-05 21:17:00+00:00,16.29,17.86,3269.46,0.0,19.69,False,0,False,0.27714385783524204,None
2026-09-05 21:18:00+00:00,17.21,24.8,3193.44,0.0,19.63,False,0,False,0.261734559158447,None
2026-09-05 21:19:00+00:00,11.95,11.98,2994.27,0.0,19.79,False,0,False,0.2622158240032711,None
2026-09-05 21:20:00+00:00,16.02,17.73,2969.13,0.0,19.63,False,0,False,0.2686565179645518,None
2026-09-05 21:21:00+00:00,23.15,32.64,3140.97,0.0,20.21,True,2,False,0.18160060291465036,Z-Score
2026-09-05 21:22:00+00:00,11.54,13.39,3422.11,0.0,19.63,False,0,False,0.24483701218965664,None
2026-09-05 21:23:00+00:00,14.76,14.06,3091.4,0.69,19.63,False,0,False,0.237114739665792,None
2026-09-05 21:24:00+00:00,11.79,13.74,3291.53,0.0,20.25,False,0,False,0.2609283648183734,None
2026-09-05 21:25:00+00:00,16.16,20.15,3286.2,0.0,20.31,False,0,False,0.2710146619455953,None
2026-09-05 21:26:00+00:00,15.35,16.88,2949.53,0.0,19.93,False,0,False,0.2831835238818924,None
2026-09-05 21:27:00+00:00,16.14,14.55,3261.51,0.24,19.63,False,0,False,0.22477249351596545,None
2026-09-05 21:28:00+00:00,16.84,21.52,3048.7,0.0,19.63,False,0,False,0.27596058086709446,None
2026-09-05 21:29:00+00:00,14.8,15.69,3126.8,0.87,20.8,False,0,False,0.22214615243222197,None
2026-09-05 21:30:00+00:00,11.88,11.24,3281.01,0.0,20.91,False,0,False,0.21408264339194977,None
2026-09-05 21:31:00+00:00,12.03,13.21,3184.42,0.23,19.63,False,0,False,0.24304701941359852,None
2026-09-05 21:32:00+00:00,15.96,15.38,3256.25,0.0,20.44,False,0,False,0.23419712768369672,None
2026-09-05 21:33:00+00:00,16.22,16.74,3314.41,0.0,19.63,False,0,False,0.2648270178781436,None
2026-09-05 21:34:00+00:00,17.73,17.85,3088.81,0.46,19.63,False,0,False,0.21679803451380475,None
2026-09-05 21:35:00+00:00,12.42,13.09,3039.38,0.4,20.74,False,0,False,0.22876363690019536,None
2026-09-05 21:36:00+00:00,13.51,15.2,3150.69,0.0,19.67,False,0,False,0.2830001907492105,None
2026-09-05 21:37:00+00:00,14.4,16.41,3302.72,0.0,19.95,False,0,False,0.2753755968829637,None
2026-09-05 21:38:00+00:00,18.62,20.79,3212.88,0.39,19.63,False,0,False,0.22225987323217483,None
2026-09-05 21:39:00+00:00,20.9,23.21,3042.03,0.0,20.78,False,0,False,0.25905108742632355,None
2026-09-05 21:40:00+00:00,15.34,20.27,3157.0,0.0,19.63,False,0,False,0.2681531933268885,None
2026-09-05 21:41:00+00:00,9.28,11.83,3257.47,0.0,20.69,False,0,False,0.224833425953059,None
2026-09-05 21:42:00+00:00,16.24,18.29,3081.26,0.0,19.63,False,0,False,0.28661921693840337,None
2026-09-05 21:43:00+00:00,19.01,17.07,3093.47,0.0,19.63,False,0,False,0.27759464975504966,None
2026-09-05 21:44:00+00:00,17.0,20.65,3225.46,0.0,20.24,False,0,False,0.23487102106026253,None
2026-09-05 21:45:00+00:00,18.02,17.68,3062.8,0.0,19.63,False,0,False,0.280901112678277,None
2026-09-05 21:46:00+00:00,13.88,17.28,3329.1,0.0,20.65,False,0,False,0.23137968407562037,None
2026-09-05 21:47:00+00:00,16.49,18.03,3032.5,0.0,19.63,False,0,False,0.2587696648432991,None
2026-09-05 21:48:00+00:00,14.37,14.07,3110.28,0.62,20.36,False,0,False,0.20420135907329995,None
2026-09-05 21:49:00+00:00,18.83,20.92,3096.82,0.0,19.63,False,0,False,0.16838405316264182,None
2026-09-05 21:50:00+00:00,17.14,14.59,3186.99,0.51,20.6,False,0,False,0.2251802866406017,None
2026-09-05 21:51:00+00:00,21.3,23.89,3249.77,0.0,19.63,False,0,False,0.2355298041292721,None
2026-09-05 21:52:00+00:00,16.77,19.09,3048.89,0.0,21.1,False,0,False,0.2562918253534742,None
2026-09-05 21:53:00+00:00,14.87,17.92,2944.88,0.0,19.63,False,0,False,0.24843959639442575,None
2026-09-05 21:54:00+00:00,13.77,18.03,2941.49,0.0,19.68,False,0,False,0.2754859619141724,None
2026-09-05 21:55:00+00:00,16.79,20.23,2911.03,0.0,19.63,False,0,False,0.27835936632708397,None
2026-09-05 21:56:00+00:00,17.03,23.52,3184.84,0.0,20.39,False,0,False,0.2688919581925172,None
2026-09-05 21:57:00+00:00,15.41,21.45,2704.18,1.45,19.63,True,2,False,0.13937929755448086,Z-Score
2026-09-05 21:58:00+00:00,17.21,17.19,3117.82,0.0,19.64,False,0,False,0.27504002852109966,None
2026-09-05 21:59:00+00:00,14.53,12.41,3153.61,0.0,20.52,False,0,False,0.21411580579062583,None
2026-09-05 22:00:00+00:00,17.57,20.8,2972.92,0.0,19.7,False,0,False,0.27986758288026364,None
2026-09-05 22:01:00+00:00,10.86,15.82,3360.2,0.0,19.63,False,0,False,0.25808772342055286,None
2026-09-05 22:02:00+00:00,16.04,18.02,3275.49,0.0,20.27,False,0,False,0.2523968559423776,None
2026-09-05 22:03:00+00:00,14.17,14.31,3091.8,0.0,19.63,False,0,False,0.25792360816516563,None
2026-09-05 22:04:00+00:00,17.82,20.35,3050.7,0.0,19.8,False,0,False,0.18584463182511246,None
2026-09-05 22:05:00+00:00,16.3,18.21,3061.73,0.27,19.63,False,0,False,0.2592542813254872,None
2026-09-05 22:06:00+00:00,16.78,20.12,3168.75,0.0,21.07,False,0,False,0.25123182101035746,None
2026-09-05 22:07:00+00:00,18.36,19.47,3045.61,0.0,19.63,False,0,False,0.28164429088815907,None
2026-09-05 22:08:00+00:00,19.72,21.41,2955.69,0.0,19.63,False,0,False,0.26652683732580945,None
2026-09-05 22:09:00+00:00,13.87,16.6,3284.78,0.0,19.67,False,0,False,0.2566980381799093,None
2026-09-05 22:10:00+00:00,14.07,16.17,3146.14,0.0,20.16,False,0,False,0.23038522524362248,None
2026-09-05 22:11:00+00:00,13.84,16.79,3029.08,0.0,19.63,False,0,False,0.263976201213042,None
2026-09-05 22:12:00+00:00,20.11,24.62,2958.41,0.39,20.56,False,0,False,0.12198086736088998,None
2026-09-05 22:13:00+00:00,14.21,16.8,2831.27,0.0,21.07,False,0,False,0.24172478794227836,None
2026-09-05 22:14:00+00:00,12.51,15.15,3137.42,0.86,19.63,False,0,False,0.20578303481277033,None
2026-09-05 22:15:00+00:00,16.73,23.83,3064.0,0.0,20.44,False,0,False,0.2026514760145509,None
2026-09-05 22:16:00+00:00,14.57,14.64,2899.38,0.0,20.95,False,0,False,0.28567318847945283,None
2026-09-05 22:17:00+00:00,18.73,19.33,3064.44,0.0,20.68,False,0,False,0.2629580313828806,None
2026-09-05 22:18:00+00:00,13.45,9.58,2842.94,0.0,19.63,False,0,False,0.21706563969536036,None
2026-09-05 22:19:00+00:00,15.49,16.37,2814.84,0.0,20.72,False,0,False,0.2851858285427452,None
2026-09-05 22:20:00+00:00,12.35,11.8,3286.21,0.4,20.37,False,0,False,0.18252495289132842,None
2026-09-05 22:21:00+00:00,16.12,21.59,2870.76,0.0,19.79,False,0,False,0.26152210251814256,None
2026-09-05 22:22:00+00:00,15.37,13.32,2966.82,0.0,21.1,False,0,False,0.2754317395765614,None
2026-09-05 22:23:00+00:00,17.57,18.55,3154.43,0.0,21.01,False,0,False,0.23627633885729482,None
2026-09-05 22:24:00+00:00,14.6,12.73,2811.92,1.11,20.52,True,1,False,0.18071980601071042,Z-Score
2026-09-05 22:25:00+00:00,12.28,14.36,3007.65,0.0,19.67,False,0,False,0.2693144336376894,None
2026-09-05 22:26:00+00:00,13.63,19.55,3039.68,0.0,19.63,False,0,False,0.26182193046537533,None
2026-09-05 22:27:00+00:00,18.0,20.78,2961.67,0.0,20.28,False,0,False,0.2706161846613797,None
2026-09-05 22:28:00+00:00,19.84,23.34,2812.7,0.0,19.63,False,0,False,0.26686086716288443,None
2026-09-05 22:29:00+00:00,17.13,22.13,2922.61,0.0,20.73,False,0,False,0.2765830398576779,None
2026-09-05 22:30:00+00:00,12.76,14.86,2852.12,0.0,19.63,False,0,False,0.24164965026712287,None
2026-09-05 22:31:00+00:00,12.42,13.54,2850.64,0.0,19.63,False,0,False,0.27147600013195916,None
2026-09-05 22:32:00+00:00,13.53,17.45,2814.72,0.0,19.63,False,0,False,0.2677654061827789,None
2026-09-05 22:33:00+00:00,13.14,15.3,2902.61,0.0,19.63,False,0,False,0.27981022338906025,None
2026-09-05 22:34:00+00:00,18.24,20.52,2860.39,0.0,20.79,False,0,False,0.2770314798633245,None
2026-09-05 22:35:00+00:00,13.72,10.69,2816.62,0.29,20.83,False,0,False,0.2309608117168006,None
2026-09-05 22:36:00+00:00,9.62,14.24,2930.29,0.0,19.96,False,0,False,0.2470747471466871,None
2026-09-05 22:37:00+00:00,14.93,13.75,3175.45,0.0,19.63,False,0,False,0.27736591605331795,None
2026-09-05 22:38:00+00:00,14.36,16.72,2880.74,0.0,19.99,False,0,False,0.26918337676134313,None
2026-09-05 22:39:00+00:00,20.84,28.3,2979.48,0.0,20.11,False,0,False,0.23618352917638863,None
2026-09-05 22:40:00+00:00,13.82,21.89,2824.56,0.0,20.25,False,0,False,0.27550188333796377,None
2026-09-05 22:41:00+00:00,16.13,20.95,2742.41,0.0,19.63,False,0,False,0.2823218628010507,None
2026-09-05 22:42:00+00:00,18.93,17.8,2845.55,0.0,19.63,False,0,False,0.27636678770457695,None
2026-09-05 22:43:00+00:00,10.94,10.64,2911.86,0.0,20.56,False,0,False,0.23734455476650929,None
2026-09-05 22:44:00+00:00,11.22,12.58,2900.28,0.0,19.63,False,0,False,0.267544239320532,None
2026-09-05 22:45:00+00:00,10.97,13.87,2708.48,0.0,19.63,False,0,False,0.27129461027033813,None
2026-09-05 22:46:00+00:00,10.64,8.97,2855.07,0.0,20.71,False,0,False,0.23446820240454186,None
2026-09-05 22:47:00+00:00,15.7,12.29,2793.05,0.0,19.63,False,0,False,0.2599736710900028,None
2026-09-05 22:48:00+00:00,15.04,19.81,3114.68,0.0,20.32,False,0,False,0.26721236693207173,None
2026-09-05 22:49:00+00:00,13.16,15.33,3108.14,0.0,19.84,False,0,False,0.25760186376775096,None
2026-09-05 22:50:00+00:00,14.71,21.46,2907.64,0.44,19.71,False,0,False,0.18764101447742004,None
2026-09-05 22:51:00+00:00,18.72,20.63,2671.83,0.0,19.63,False,0,False,0.24038196286506647,None
2026-09-05 22:52:00+00:00,14.78,14.83,2786.68,0.0,19.77,False,0,False,0.2871336674303885,None
2026-09-05 22:53:00+00:00,18.29,17.78,2884.03,0.36,21.12,False,0,False,0.2534262317207816,None
2026-09-05 22:54:00+00:00,15.15,15.8,2791.21,0.0,19.66,False,0,False,0.28415576953693494,None
2026-09-05 22:55:00+00:00,15.92,16.21,2965.68,0.0,19.63,False,0,False,0.2809013978380809,None
2026-09-05 22:56:00+00:00,9.8,8.37,2956.98,0.0,20.5,False,0,False,0.23288353805068673,None
2026-09-05 22:57:00+00:00,12.79,14.19,2947.93,0.0,20.43,False,0,False,0.16978633406000232,None
2026-09-05 22:58:00+00:00,11.7,14.21,2812.41,0.48,19.78,False,0,False,0.21789636138868929,None
2026-09-05 22:59:00+00:00,13.69,17.6,2944.4,0.0,19.63,False,0,False,0.27312460949697176,None
2026-09-05 23:00:00+00:00,22.1,28.73,3065.76,0.02,20.16,False,0,False,0.19898881664422913,None
2026-09-05 23:01:00+00:00,12.04,10.79,3042.13,0.24,19.63,False,0,False,0.15064865016094553,None
2026-09-05 23:02:00+00:00,17.4,16.51,2906.18,0.0,19.63,False,0,False,0.21099777817675697,None
2026-09-05 23:03:00+00:00,12.46,13.01,2942.46,0.0,19.72,False,0,False,0.2751495794461682,None
2026-09-05 23:04:00+00:00,9.12,7.99,2704.57,0.0,20.67,False,0,False,0.19894698554069967,None
2026-09-05 23:05:00+00:00,18.72,18.82,3106.16,0.0,21.04,False,0,False,0.26548949217379497,None
2026-09-05 23:06:00+00:00,13.1,11.8,2862.21,0.0,20.96,False,0,False,0.2741060603361705,None
2026-09-05 23:07:00+00:00,16.78,21.13,3089.69,0.62,19.86,False,0,False,0.19097634654901308,None
2026-09-05 23:08:00+00:00,17.01,19.87,2766.19,0.0,19.63,False,0,False,0.22506676308812806,None
2026-09-05 23:09:00+00:00,9.8,9.0,2951.64,0.14,20.9,False,0,False,0.2081862236104518,None
2026-09-05 23:10:00+00:00,14.71,18.85,2648.54,0.0,19.63,False,0,False,0.2691767632194408,None
2026-09-05 23:11:00+00:00,13.38,10.81,2786.13,0.0,20.62,False,0,False,0.24906195863164216,None
2026-09-05 23:12:00+00:00,10.45,11.43,2627.39,0.0,21.07,False,0,False,0.2537446982234106,None
2026-09-05 23:13:00+00:00,17.06,21.9,2459.45,0.0,19.63,True,1,False,0.25076111186894706,Z-Score
2026-09-05 23:14:00+00:00,13.41,17.73,2515.63,0.0,20.76,False,0,False,0.2509450526154292,None
2026-09-05 23:15:00+00:00,14.14,17.92,2977.86,0.0,19.63,False,0,False,0.2702062615840896,None
2026-09-05 23:16:00+00:00,21.88,29.19,2870.43,0.04,19.63,False,0,False,0.2063572613896627,None
2026-09-05 23:17:00+00:00,14.91,13.87,3058.9,0.0,19.63,False,0,False,0.27404230548454755,None
2026-09-05 23:18:00+00:00,19.3,23.81,2766.04,0.29,19.63,False,0,False,0.19182871513139294,None
2026-09-05 23:19:00+00:00,15.08,18.01,2747.56,0.0,19.63,False,0,False,0.2733603115997401,None
2026-09-05 23:20:00+00:00,14.98,14.7,2863.7,0.0,19.63,False,0,False,0.18512711380648011,None
2026-09-05 23:21:00+00:00,13.26,17.41,2818.61,1.26,19.63,True,1,False,0.18626239697502256,Z-Score
2026-09-05 23:22:00+00:00,18.76,17.57,2665.82,0.0,20.03,False,0,False,0.2772538405914373,None
2026-09-05 23:23:00+00:00,14.53,14.5,2637.1,0.0,19.63,False,0,False,0.2829411194104557,None
2026-09-05 23:24:00+00:00,15.3,20.3,2756.07,0.45,19.63,False,0,False,0.224744383428168,None
2026-09-05 23:25:00+00:00,16.09,19.19,2795.39,0.0,19.63,False,0,False,0.26143090091018906,None
2026-09-05 23:26:00+00:00,18.53,20.32,2756.1,0.0,19.63,False,0,False,0.2788542576958875,None
2026-09-05 23:27:00+00:00,11.74,13.48,2840.35,0.0,19.63,False,0,False,0.2161480329688507,None
2026-09-05 23:28:00+00:00,14.57,17.89,2920.41,0.0,20.3,False,0,False,0.2782884634254145,None
2026-09-05 23:29:00+00:00,15.68,13.51,2775.4,0.0,19.63,False,0,False,0.27487543975410034,None
2026-09-05 23:30:00+00:00,15.78,23.17,3007.09,0.63,19.63,False,0,False,0.1735284894525715,None
2026-09-05 23:31:00+00:00,16.28,20.44,2641.73,0.0,19.63,False,0,False,0.24925628736046307,None
2026-09-05 23:32:00+00:00,14.61,16.09,2790.31,0.2,19.63,False,0,False,0.21058592557493439,None
2026-09-05 23:33:00+00:00,11.26,10.29,2761.55,0.0,19.82,False,0,False,0.24823851944618613,None
2026-09-05 23:34:00+00:00,12.65,11.76,3086.58,1.17,19.74,True,1,False,0.152644434402464,Z-Score
2026-09-05 23:35:00+00:00,17.53,13.71,2559.36,0.0,19.63,False,0,False,0.23916399421160772,None
2026-09-05 23:36:00+00:00,16.57,18.27,2713.28,0.0,20.24,False,0,False,0.21782850737884984,None
2026-09-05 23:37:00+00:00,18.71,28.76,2522.6,1.21,19.63,True,1,False,0.11972788421722269,Z-Score
2026-09-05 23:38:00+00:00,13.37,12.36,2597.02,0.0,19.63,False,0,False,0.25062676982926546,None
2026-09-05 23:39:00+00:00,13.15,12.42,2646.53,0.53,19.9,False,0,False,0.20953347630198849,None
2026-09-05 23:40:00+00:00,15.44,18.27,2645.27,0.0,20.03,False,0,False,0.26178570157359166,None
2026-09-05 23:41:00+00:00,15.15,15.66,2823.79,0.0,19.63,False,0,False,0.28156313639368047,None
2026-09-05 23:42:00+00:00,12.32,10.64,2810.29,0.27,20.45,False,0,False,0.22373756567600572,None
2026-09-05 23:43:00+00:00,14.83,14.24,2673.89,0.49,19.66,False,0,False,0.24000216377009254,None
2026-09-05 23:44:00+00:00,20.68,19.22,2564.58,0.73,19.78,False,0,False,0.1998454804648448,None
2026-09-05 23:45:00+00:00,15.17,16.35,2633.81,0.0,19.63,False,0,False,0.2608043209112179,None
2026-09-05 23:46:00+00:00,17.17,22.25,2432.06,0.0,19.89,False,0,False,0.24000554173602962,None
2026-09-05 23:47:00+00:00,12.91,17.64,2883.12,0.0,19.83,False,0,False,0.2306948338328152,None
2026-09-05 23:48:00+00:00,14.48,18.36,2624.18,0.0,20.87,False,0,False,0.21820205461623438,None
2026-09-05 23:49:00+00:00,17.24,21.58,2822.19,0.0,19.74,False,0,False,0.2708997922427396,None
2026-09-05 23:50:00+00:00,17.34,20.87,2555.26,0.58,19.63,False,0,False,0.21599973861420624,None
2026-09-05 23:51:00+00:00,13.21,18.14,2933.39,0.57,19.8,False,0,False,0.11784087534976606,None
2026-09-05 23:52:00+00:00,14.0,13.39,2813.14,0.59,19.76,False,0,False,0.2332377261825403,None
2026-09-05 23:53:00+00:00,19.0,21.9,2749.54,0.0,19.63,False,0,False,0.26196222691543986,None
2026-09-05 23:54:00+00:00,8.68,11.95,2720.63,0.41,19.63,False,0,False,0.21900442071161658,None
2026-09-05 23:55:00+00:00,14.12,17.01,2560.5,0.0,21.1,False,0,False,0.2801892535908491,None
2026-09-05 23:56:00+00:00,11.5,14.77,2733.88,0.65,19.63,False,0,False,0.2332605906855364,None
2026-09-05 23:57:00+00:00,16.83,21.36,2733.7,0.0,20.57,False,0,False,0.2647498814535178,None
2026-09-05 23:58:00+00:00,18.83,26.62,2793.87,0.0,20.15,False,0,False,0.2527156312712187,None
2026-09-05 23:59:00+00:00,16.33,15.35,2901.01,0.0,19.63,False,0,False,0.2523596589367042,None
2026-09-06 00:00:00+00:00,20.55,23.86,2605.87,0.0,21.07,False,0,False,0.2363571382079857,None
2026-09-06 00:01:00+00:00,16.1,16.78,2593.64,0.0,21.12,False,0,False,0.24320523059245286,None
2026-09-06 00:02:00+00:00,11.79,9.49,2689.02,0.0,20.61,False,0,False,0.18966855605266164,None
2026-09-06 00:03:00+00:00,10.26,15.95,2591.43,0.0,19.63,False,0,False,0.2539552435954717,None
2026-09-06 00:04:00+00:00,12.39,17.26,2616.52,1.44,19.63,True,1,False,0.16870448424271323,Z-Score
2026-09-06 00:05:00+00:00,9.17,10.42,2572.4,0.32,20.33,False,0,False,0.14910205372122448,None
2026-09-06 00:06:00+00:00,10.77,7.5,2485.45,0.74,20.88,False,0,False,0.14800271902684553,None
2026-09-06 00:07:00+00:00,10.33,18.81,2527.61,0.0,20.63,False,0,False,0.21320284197323947,None
2026-09-06 00:08:00+00:00,8.0,7.53,2669.18,0.0,19.63,False,0,False,0.17357289633037282,None
2026-09-06 00:09:00+00:00,15.28,16.71,2736.74,0.0,19.63,False,0,False,0.24027764981924032,None
2026-09-06 00:10:00+00:00,17.47,21.49,2673.05,0.17,19.63,False,0,False,0.25433945613991366,None
2026-09-06 00:11:00+00:00,20.52,24.55,2801.43,0.0,19.74,False,0,False,0.23665579971657902,None
2026-09-06 00:12:00+00:00,12.31,13.01,2991.06,0.0,20.89,False,0,False,0.26294214415378364,None
2026-09-06 00:13:00+00:00,8.0,9.79,2720.1,0.0,19.63,False,0,False,0.19023347861054402,None
2026-09-06 00:14:00+00:00,17.4,19.66,2494.53,0.0,20.05,False,0,False,0.19978601789670464,None
2026-09-06 00:15:00+00:00,25.41,28.1,2693.48,0.0,19.63,True,1,False,0.18589942033626644,Z-Score
2026-09-06 00:16:00+00:00,23.84,27.51,2724.16,0.87,20.73,False,0,False,0.12096517739717239,None
2026-09-06 00:17:00+00:00,20.38,18.08,2749.85,0.0,21.0,False,0,False,0.2060142117056456,None
2026-09-06 00:18:00+00:00,24.34,25.53,2637.96,0.85,19.63,False,0,False,0.1271361162398167,None
2026-09-06 00:19:00+00:00,15.32,19.37,2640.84,0.0,20.23,False,0,False,0.2643910609313053,None
2026-09-06 00:20:00+00:00,23.43,27.37,2675.25,0.91,20.34,False,0,False,0.11798576673470118,None
2026-09-06 00:21:00+00:00,20.1,20.7,2793.46,0.0,19.63,False,0,False,0.2064947316010764,None
2026-09-06 00:22:00+00:00,27.31,38.46,2431.44,1.0,19.63,True,1,False,0.06341772717356187,Z-Score
2026-09-06 00:23:00+00:00,20.32,20.21,2521.93,0.0,20.15,False,0,False,0.1982287844469902,None
2026-09-06 00:24:00+00:00,29.65,32.01,2313.52,0.0,19.63,True,1,False,0.139143571367923,Z-Score
2026-09-06 00:25:00+00:00,13.22,17.5,2565.82,0.0,20.64,False,0,False,0.24122918522382109,None
2026-09-06 00:26:00+00:00,22.97,23.09,2595.94,0.0,19.63,False,0,False,0.2381598315692277,None
2026-09-06 00:27:00+00:00,14.02,14.05,2989.69,0.0,20.22,False,0,False,0.26504727830347896,None
2026-09-06 00:28:00+00:00,14.94,18.78,2538.56,0.0,19.63,False,0,False,0.23340385016065895,None
2026-09-06 00:29:00+00:00,21.25,23.67,2645.51,0.0,20.35,False,0,False,0.20309855154510192,None
2026-09-06 00:30:00+00:00,15.51,17.18,2488.47,1.07,20.27,False,0,False,0.19356792535629974,None
2026-09-06 00:31:00+00:00,22.14,23.22,2766.36,0.31,20.6,False,0,False,0.15094922062049426,None
2026-09-06 00:32:00+00:00,22.85,23.55,2458.76,0.3,19.63,False,0,False,0.1941446320711382,None
2026-09-06 00:33:00+00:00,16.11,22.33,2630.54,0.0,20.34,False,0,False,0.25929326026902544,None
2026-09-06 00:34:00+00:00,10.6,13.06,2751.08,0.0,20.34,False,0,False,0.14417296567071292,None
2026-09-06 00:35:00+00:00,26.59,29.78,2709.1,0.46,19.63,False,0,False,0.15357959424174755,None
2026-09-06 00:36:00+00:00,11.19,13.04,2646.08,0.0,20.2,False,0,False,0.2681606445345451,None
2026-09-06 00:37:00+00:00,8.04,7.5,2703.88,0.0,19.63,False,0,False,0.1530100562442196,None
2026-09-06 00:38:00+00:00,14.91,12.65,2487.06,0.0,20.54,False,0,False,0.2602977992516241,None
2026-09-06 00:39:00+00:00,17.63,18.68,2660.63,0.35,20.87,False,0,False,0.24163734710933027,None
2026-09-06 00:40:00+00:00,17.96,19.63,5872.61,0.0,19.63,True,1,False,0.13787525002536893,Z-Score
2026-09-06 00:41:00+00:00,23.02,25.34,6308.75,0.0,20.2,True,1,False,0.06553233099440126,Z-Score
2026-09-06 00:42:00+00:00,8.66,7.5,6492.64,0.0,20.61,True,1,False,0.07144629423405857,Z-Score
2026-09-06 00:43:00+00:00,8.0,11.58,5817.75,0.5,20.72,True,1,False,0.07630882817852924,Z-Score
2026-09-06 00:44:00+00:00,24.87,23.72,5583.77,0.0,20.36,True,1,False,0.09987923607421945,Z-Score
2026-09-06 00:45:00+00:00,8.0,10.71,6436.78,0.14,19.71,True,1,False,0.05254518222421023,Z-Score
2026-09-06 00:46:00+00:00,15.49,17.82,6251.48,0.0,19.81,True,1,False,0.13333152930030412,Z-Score
2026-09-06 00:47:00+00:00,19.73,23.94,5694.0,0.49,20.32,False,0,False,0.042975316555732945,None
2026-09-06 00:48:00+00:00,27.44,31.75,6317.61,0.27,20.8,False,0,False,0.008678241818516397,None
2026-09-06 00:49:00+00:00,11.25,12.7,5832.69,0.0,19.95,False,0,False,0.11055106882993726,None
2026-09-06 00:50:00+00:00,8.96,14.2,5713.47,0.0,20.34,False,0,False,0.08960621140302927,None
2026-09-06 00:51:00+00:00,8.0,10.34,6312.05,0.48,19.63,False,0,False,0.06563340671750273,None
2026-09-06 00:52:00+00:00,11.61,10.1,5953.4,0.79,21.02,False,0,False,0.053794570066783454,None
2026-09-06 00:53:00+00:00,16.15,16.29,2472.37,0.0,19.63,False,0,False,0.2644685433889057,None
2026-09-06 00:54:00+00:00,12.41,10.73,2318.6,0.0,19.63,False,0,False,0.18415407205132067,None
2026-09-06 00:55:00+00:00,16.43,18.57,2668.68,0.0,19.63,False,0,False,0.26926283816268554,None
2026-09-06 00:56:00+00:00,8.0,8.82,2680.53,0.67,19.63,False,0,False,0.16761470789235494,None
2026-09-06 00:57:00+00:00,16.66,17.53,2857.31,0.0,21.01,False,0,False,0.24912889580028508,None
2026-09-06 00:58:00+00:00,23.34,30.26,2621.87,0.0,20.77,False,0,False,0.16600732019156605,None
2026-09-06 00:59:00+00:00,8.0,7.5,2548.76,0.0,19.67,False,0,False,0.18247242451746742,None
2026-09-06 01:00:00+00:00,18.68,17.47,2734.97,0.14,20.37,False,0,False,0.2235438524737664,None
2026-09-06 01:01:00+00:00,16.56,17.07,2683.48,0.0,19.63,False,0,False,0.19608527265564252,None
2026-09-06 01:02:00+00:00,16.52,15.46,2748.07,0.0,20.34,False,0,False,0.2743277393693242,None
2026-09-06 01:03:00+00:00,15.62,17.65,2444.48,0.0,19.63,False,0,False,0.24334496433926311,None
2026-09-06 01:04:00+00:00,21.16,23.62,2664.43,0.18,19.63,False,0,False,0.22228129766607269,None
2026-09-06 01:05:00+00:00,21.09,22.23,2760.81,0.0,19.63,False,0,False,0.24674810241472162,None
2026-09-06 01:06:00+00:00,20.67,17.61,2558.57,0.0,19.63,False,0,False,0.17793371121053975,None
2026-09-06 01:07:00+00:00,14.91,14.13,2748.79,0.04,20.58,False,0,False,0.26951141017651614,None
2026-09-06 01:08:00+00:00,16.88,14.4,2613.48,0.73,19.86,False,0,False,0.23077285592847224,None
2026-09-06 01:09:00+00:00,15.81,15.99,2396.69,0.27,19.63,False,0,False,0.2331322444026267,None
2026-09-06 01:10:00+00:00,14.49,15.5,2757.74,0.31,19.63,False,0,False,0.2274582139029277,None
2026-09-06 01:11:00+00:00,17.3,20.2,2845.19,0.0,20.99,False,0,False,0.27741641909613407,None
2026-09-06 01:12:00+00:00,14.53,22.65,2603.73,0.0,20.52,False,0,False,0.24785662127683383,None
2026-09-06 01:13:00+00:00,8.0,7.51,2493.54,0.0,19.63,False,0,False,0.18655098898843298,None
2026-09-06 01:14:00+00:00,18.81,18.79,2599.16,0.0,19.87,False,0,False,0.2625795910690625,None
2026-09-06 01:15:00+00:00,20.01,21.63,2685.89,0.0,19.63,False,0,False,0.2671584208089943,None
2026-09-06 01:16:00+00:00,11.48,13.0,2725.53,0.0,19.63,False,0,False,0.2643678709903834,None
2026-09-06 01:17:00+00:00,13.34,18.54,2763.03,0.0,19.63,False,0,False,0.2807514389631319,None
2026-09-06 01:18:00+00:00,9.89,17.24,2530.99,0.0,19.67,False,0,False,0.2223374680982776,None
2026-09-06 01:19:00+00:00,25.81,31.13,2436.48,0.0,19.63,False,0,False,0.16529163611621678,None
2026-09-06 01:20:00+00:00,16.87,20.75,2847.37,0.0,20.89,False,0,False,0.26706476810224106,None
2026-09-06 01:21:00+00:00,9.34,8.24,2800.4,0.0,19.63,False,0,False,0.18198992612773057,None
2026-09-06 01:22:00+00:00,24.48,24.38,2487.5,0.0,20.94,False,0,False,0.18925591816070003,None
2026-09-06 01:23:00+00:00,8.0,9.38,2630.51,0.0,20.94,False,0,False,0.1669893948641205,None
2026-09-06 01:24:00+00:00,8.0,7.81,2796.45,0.0,20.63,False,0,False,0.20194298398422145,None
2026-09-06 01:25:00+00:00,8.0,8.85,2601.34,0.27,20.36,False,0,False,0.16919930625347623,None
2026-09-06 01:26:00+00:00,15.18,18.92,2601.18,0.0,20.7,False,0,False,0.2578852389815819,None
2026-09-06 01:27:00+00:00,22.81,26.75,2457.11,0.65,19.63,False,0,False,0.16132469128170046,None
2026-09-06 01:28:00+00:00,14.96,19.66,2660.2,1.19,20.8,True,1,False,0.14558886008374433,Z-Score
2026-09-06 01:29:00+00:00,28.34,31.16,2786.29,0.0,19.63,False,0,False,0.16155611338290732,None
2026-09-06 01:30:00+00:00,17.5,16.68,2425.66,0.0,19.69,False,0,False,0.23903590751591414,None
2026-09-06 01:31:00+00:00,12.47,12.6,2803.61,0.0,19.67,False,0,False,0.26241501659856625,None
2026-09-06 01:32:00+00:00,15.85,13.93,2710.89,0.0,19.63,False,0,False,0.2611293240651272,None
2026-09-06 01:33:00+00:00,10.74,13.9,2724.81,0.0,20.45,False,0,False,0.24512765290798127,None
2026-09-06 01:34:00+00:00,17.14,22.05,2370.75,0.0,19.63,False,0,False,0.19795232810609342,None
2026-09-06 01:35:00+00:00,19.96,21.9,2522.49,0.0,19.63,False,0,False,0.2515287539678492,None
2026-09-06 01:36:00+00:00,18.05,23.14,2643.7,0.0,19.63,False,0,False,0.24720313101554497,None
2026-09-06 01:37:00+00:00,24.64,27.98,2611.0,0.0,19.63,False,0,False,0.18459012737519254,None
2026-09-06 01:38:00+00:00,25.25,26.82,2626.93,0.0,21.12,False,0,False,0.14925976888211978,None
2026-09-06 01:39:00+00:00,12.28,13.81,2783.87,0.0,20.26,False,0,False,0.2438224689211969,None
2026-09-06 01:40:00+00:00,13.1,16.44,2560.79,0.0,19.63,False,0,False,0.2794598298573045,None
2026-09-06 01:41:00+00:00,8.0,12.72,2812.02,0.08,19.63,False,0,False,0.22431959270615331,None
2026-09-06 01:42:00+00:00,18.6,18.9,2574.32,0.0,19.63,False,0,False,0.18760856795235836,None
2026-09-06 01:43:00+00:00,8.0,11.15,2531.22,0.0,19.63,False,0,False,0.21762356007034056,None
2026-09-06 01:44:00+00:00,14.6,18.34,2674.28,0.0,19.63,False,0,False,0.2448995271903927,None
2026-09-06 01:45:00+00:00,10.18,9.93,2609.79,0.0,19.63,False,0,False,0.23262872623135672,None
2026-09-06 01:46:00+00:00,17.31,24.38,2755.96,0.0,19.63,False,0,False,0.26525070217958335,None
2026-09-06 01:47:00+00:00,21.3,25.32,2738.61,0.0,19.63,False,0,False,0.2389729279816336,None
2026-09-06 01:48:00+00:00,21.68,21.17,2766.72,0.0,19.63,False,0,False,0.22329727250270742,None
2026-09-06 01:49:00+00:00,15.59,16.01,2706.17,0.0,20.78,False,0,False,0.22211944824991742,None
2026-09-06 01:50:00+00:00,20.4,23.76,2398.97,0.0,19.97,False,0,False,0.22155771499795313,None
2026-09-06 01:51:00+00:00,17.48,21.53,2751.25,0.66,19.83,False,0,False,0.20413773402990942,None
2026-09-06 01:52:00+00:00,15.37,18.81,2508.29,0.0,20.7,False,0,False,0.20315715906035464,None
2026-09-06 01:53:00+00:00,11.54,15.1,2754.92,0.0,19.63,False,0,False,0.25781017481377694,None
2026-09-06 01:54:00+00:00,12.93,19.95,2452.94,0.0,20.73,False,0,False,0.24398708121950463,None
2026-09-06 01:55:00+00:00,14.01,13.5,2765.11,0.0,19.63,False,0,False,0.2728461688577205,None
2026-09-06 01:56:00+00:00,18.41,19.56,2391.26,1.43,19.87,True,1,False,0.15031620186484224,Z-Score
2026-09-06 01:57:00+00:00,21.65,21.21,2631.19,0.0,19.63,False,0,False,0.17923293491285136,None
2026-09-06 01:58:00+00:00,8.0,9.4,2621.22,0.0,19.98,False,0,False,0.18380637595570093,None
2026-09-06 01:59:00+00:00,23.02,30.27,2652.73,0.0,19.81,False,0,False,0.20776983311093955,None
2026-09-06 02:00:00+00:00,14.13,16.02,2576.84,0.0,19.63,False,0,False,0.24672239736838547,None
2026-09-06 02:01:00+00:00,10.9,11.82,2474.24,0.17,19.63,False,0,False,0.12849711990703316,None
2026-09-06 02:02:00+00:00,13.85,17.33,2525.71,0.0,19.63,False,0,False,0.2793567087772278,None
2026-09-06 02:03:00+00:00,11.71,16.53,2508.04,0.0,19.63,False,0,False,0.22321944513039987,None
2026-09-06 02:04:00+00:00,9.05,7.5,2423.12,0.0,19.63,False,0,False,0.17029149674380673,None
2026-09-06 02:05:00+00:00,8.0,10.24,2812.88,0.0,19.63,False,0,False,0.22530315533570822,None
2026-09-06 02:06:00+00:00,15.18,18.72,2854.09,0.0,20.85,False,0,False,0.275136226867956,None
2026-09-06 02:07:00+00:00,14.03,15.64,2686.12,0.0,20.94,False,0,False,0.26073916229443694,None
2026-09-06 02:08:00+00:00,8.0,8.32,2515.38,0.0,20.17,False,0,False,0.21439340027073567,None
2026-09-06 02:09:00+00:00,27.41,32.45,2538.46,0.0,19.63,False,0,False,0.14810129001897016,None
2026-09-06 02:10:00+00:00,25.89,31.1,2630.58,0.0,20.94,False,0,False,0.15740159979198304,None
2026-09-06 02:11:00+00:00,15.96,25.0,2774.49,1.07,19.65,True,1,False,0.08532849153450106,Z-Score
2026-09-06 02:12:00+00:00,13.84,16.15,2506.38,0.75,19.63,False,0,False,0.22954177523382024,None
2026-09-06 02:13:00+00:00,15.0,14.14,2770.87,0.0,19.67,False,0,False,0.2271011048841493,None
2026-09-06 02:14:00+00:00,9.08,14.68,2718.11,0.0,19.84,False,0,False,0.17417825652448476,None
2026-09-06 02:15:00+00:00,21.49,25.25,2544.73,0.0,19.63,False,0,False,0.23493021161411648,None
2026-09-06 02:16:00+00:00,24.93,29.21,2657.64,0.51,20.58,False,0,False,0.13259791377461172,None
2026-09-06 02:17:00+00:00,21.89,25.08,2664.64,1.0,19.63,False,0,False,0.07313277728624146,None
2026-09-06 02:18:00+00:00,10.41,11.64,2696.52,0.0,20.73,False,0,False,0.24146968988441853,None
2026-09-06 02:19:00+00:00,22.9,28.65,2627.63,0.0,21.0,False,0,False,0.21377277345217216,None
2026-09-06 02:20:00+00:00,15.35,18.04,2950.36,0.72,19.63,False,0,False,0.2419497884064704,None
2026-09-06 02:21:00+00:00,10.07,9.35,2970.93,0.0,20.82,False,0,False,0.2265945760554119,None
2026-09-06 02:22:00+00:00,23.52,24.7,2859.72,0.0,19.63,False,0,False,0.2343506453422386,None
2026-09-06 02:23:00+00:00,14.49,19.71,2671.01,0.0,19.63,False,0,False,0.2815943798828269,None
2026-09-06 02:24:00+00:00,8.0,10.65,2844.59,1.1,19.85,False,0,False,0.15280034413393462,None
2026-09-06 02:25:00+00:00,15.5,17.17,2517.21,0.0,20.87,False,0,False,0.2284987834785992,None
2026-09-06 02:26:00+00:00,24.76,31.2,2804.0,0.0,20.61,False,0,False,0.17871236113791306,None
2026-09-06 02:27:00+00:00,14.56,13.9,2602.5,0.0,19.94,False,0,False,0.28063346600048217,None
2026-09-06 02:28:00+00:00,8.77,7.94,2372.78,0.0,19.74,False,0,False,0.14553980419564339,None
2026-09-06 02:29:00+00:00,12.12,14.69,2987.71,0.87,19.63,False,0,False,0.16765817177907233,None
2026-09-06 02:30:00+00:00,14.41,17.09,2647.57,0.0,19.63,False,0,False,0.2829357952351996,None
2026-09-06 02:31:00+00:00,12.54,17.04,2622.63,0.0,20.67,False,0,False,0.2520273103384047,None
2026-09-06 02:32:00+00:00,8.0,13.36,2685.87,0.0,20.18,False,0,False,0.17059536698953942,None
2026-09-06 02:33:00+00:00,11.82,18.04,2824.15,0.0,19.63,False,0,False,0.24935441821171317,None
2026-09-06 02:34:00+00:00,9.87,10.75,2560.25,0.01,21.02,False,0,False,0.22080424289405287,None
2026-09-06 02:35:00+00:00,10.55,15.41,2779.32,0.0,19.63,False,0,False,0.25470378700774887,None
2026-09-06 02:36:00+00:00,12.54,14.3,2442.84,0.77,19.63,False,0,False,0.18242199967085837,None
2026-09-06 02:37:00+00:00,8.0,11.68,2737.95,0.24,20.99,False,0,False,0.19501589577982104,None
2026-09-06 02:38:00+00:00,18.14,17.41,2590.42,0.65,19.63,False,0,False,0.22216725912907975,None
2026-09-06 02:39:00+00:00,17.12,19.5,2565.3,0.0,19.9,False,0,False,0.2690020981865306,None
2026-09-06 02:40:00+00:00,10.19,12.56,2919.11,0.0,19.63,False,0,False,0.2466332094027519,None
2026-09-06 02:41:00+00:00,14.26,15.33,2499.01,0.47,20.01,False,0,False,0.17493140726113132,None
2026-09-06 02:42:00+00:00,18.84,19.65,2428.15,0.0,19.63,False,0,False,0.22217859622434843,None
2026-09-06 02:43:00+00:00,12.11,14.06,2872.72,0.0,20.37,False,0,False,0.26827187914364486,None
2026-09-06 02:44:00+00:00,15.81,19.93,2581.68,0.0,19.63,False,0,False,0.2476555523078502,None
2026-09-06 02:45:00+00:00,16.92,17.25,2793.62,0.43,19.63,False,0,False,0.24420645634060417,None
2026-09-06 02:46:00+00:00,12.07,16.14,2816.93,0.11,19.63,False,0,False,0.2581347920643485,None
2026-09-06 02:47:00+00:00,12.31,10.77,2582.6,0.0,19.63,False,0,False,0.16483471765837082,None
2026-09-06 02:48:00+00:00,22.97,25.45,2524.23,0.0,19.63,False,0,False,0.2272333684184945,None
2026-09-06 02:49:00+00:00,16.97,21.59,2667.35,0.0,20.11,False,0,False,0.26603977622670905,None
2026-09-06 02:50:00+00:00,20.5,24.44,2739.35,0.0,20.82,False,0,False,0.2544157357400416,None
2026-09-06 02:51:00+00:00,18.04,15.76,2690.99,0.0,19.63,False,0,False,0.20498253404194272,None
2026-09-06 02:52:00+00:00,10.65,10.68,2376.23,0.0,19.63,False,0,False,0.22272223392815182,None
2026-09-06 02:53:00+00:00,22.61,31.5,2289.75,0.0,19.82,False,0,False,0.17616913350378444,None
2026-09-06 02:54:00+00:00,14.99,19.18,2833.65,0.0,19.63,False,0,False,0.2066182435816814,None
2026-09-06 02:55:00+00:00,23.31,25.92,2238.82,0.0,20.99,False,0,False,0.17489077368080735,None
2026-09-06 02:56:00+00:00,13.09,17.39,2635.68,0.08,20.21,False,0,False,0.24844226123772362,None
2026-09-06 02:57:00+00:00,12.37,13.62,2575.61,0.0,19.78,False,0,False,0.27147249769096105,None
2026-09-06 02:58:00+00:00,13.01,15.07,2577.08,0.0,19.7,False,0,False,0.27133227558510803,None
2026-09-06 02:59:00+00:00,8.54,12.72,2745.38,0.07,19.63,False,0,False,0.2297715771180785,None
2026-09-06 03:00:00+00:00,13.77,15.01,2632.03,0.0,19.63,False,0,False,0.25985079493867536,None
2026-09-06 03:01:00+00:00,20.67,20.37,2736.37,0.0,20.99,False,0,False,0.22942644617214547,None
2026-09-06 03:02:00+00:00,16.73,21.52,2801.21,0.0,19.63,False,0,False,0.2428900981863693,None
2026-09-06 03:03:00+00:00,9.29,7.5,2880.39,0.25,19.63,False,0,False,0.19202088241663223,None
2026-09-06 03:04:00+00:00,12.55,14.98,2598.23,0.77,20.09,False,0,False,0.16992538364925341,None
2026-09-06 03:05:00+00:00,15.13,17.48,2527.32,0.0,19.63,False,0,False,0.2712522718268524,None
2026-09-06 03:06:00+00:00,16.49,23.29,2556.8,0.0,19.63,False,0,False,0.26888847936774707,None
2026-09-06 03:07:00+00:00,16.47,17.21,2657.86,0.0,19.9,False,0,False,0.2818996119705625,None
2026-09-06 03:08:00+00:00,17.75,21.64,2856.78,0.0,19.63,False,0,False,0.27021806043282887,None
2026-09-06 03:09:00+00:00,12.6,7.78,2533.8,0.0,20.42,False,0,False,0.22474430724173922,None
2026-09-06 03:10:00+00:00,19.73,23.28,2763.36,0.93,19.63,False,0,False,0.19705527077510282,None
2026-09-06 03:11:00+00:00,12.28,13.94,2861.77,1.4,19.63,True,1,False,0.16710287338002144,Z-Score
2026-09-06 03:12:00+00:00,17.66,22.46,2744.27,0.63,19.78,False,0,False,0.21862864815846483,None
2026-09-06 03:13:00+00:00,18.33,20.67,2523.59,0.0,20.06,False,0,False,0.2402665231853865,None
2026-09-06 03:14:00+00:00,12.92,15.99,2797.76,0.0,20.23,False,0,False,0.2811634243022479,None
2026-09-06 03:15:00+00:00,11.63,15.02,2738.14,0.0,19.63,False,0,False,0.2647866698031732,None
2026-09-06 03:16:00+00:00,15.5,16.47,2428.92,0.0,20.87,False,0,False,0.24120818596334165,None
2026-09-06 03:17:00+00:00,11.84,13.62,2876.36,1.01,20.77,False,0,False,0.1744860055131961,None
2026-09-06 03:18:00+00:00,12.39,17.68,2539.95,0.0,19.63,False,0,False,0.2418479480496098,None
2026-09-06 03:19:00+00:00,14.09,16.74,2575.26,0.0,21.11,False,0,False,0.24850068097287215,None
2026-09-06 03:20:00+00:00,8.0,8.32,2588.71,0.0,19.78,False,0,False,0.20830899068310038,None
2026-09-06 03:21:00+00:00,8.0,12.24,2678.44,1.0,19.63,False,0,False,0.16828989674538997,None
2026-09-06 03:22:00+00:00,15.31,17.42,2791.26,0.0,19.77,False,0,False,0.27049243900008174,None
2026-09-06 03:23:00+00:00,13.62,17.92,2760.24,0.25,20.05,False,0,False,0.25552622798100477,None
2026-09-06 03:24:00+00:00,10.04,12.22,2694.83,1.06,19.63,False,0,False,0.1761439647678822,None
2026-09-06 03:25:00+00:00,13.05,13.77,2597.42,0.0,20.07,False,0,False,0.26515219195801215,None
2026-09-06 03:26:00+00:00,13.04,15.46,2823.32,0.0,20.24,False,0,False,0.2753743780240056,None
2026-09-06 03:27:00+00:00,9.95,7.56,2771.81,0.0,21.08,False,0,False,0.2217474946515114,None
2026-09-06 03:28:00+00:00,11.99,15.26,2494.64,0.0,20.82,False,0,False,0.253434846175804,None
2026-09-06 03:29:00+00:00,17.32,20.57,2499.87,0.0,20.24,False,0,False,0.27248209106619686,None
2026-09-06 03:30:00+00:00,15.34,16.64,2832.95,0.0,20.84,False,0,False,0.27737394538677507,None
2026-09-06 03:31:00+00:00,22.44,28.75,2562.89,0.79,19.63,False,0,False,0.15157362922003437,None
2026-09-06 03:32:00+00:00,14.32,15.73,2453.09,0.0,19.63,False,0,False,0.24903089246382765,None
2026-09-06 03:33:00+00:00,11.62,12.04,2603.39,0.56,19.63,False,0,False,0.2262098575682328,None
2026-09-06 03:34:00+00:00,23.27,33.81,2968.57,0.0,19.63,True,1,False,0.19381905762411333,Z-Score
2026-09-06 03:35:00+00:00,8.0,11.39,2651.04,0.0,19.63,False,0,False,0.2119444725399776,None
2026-09-06 03:36:00+00:00,15.92,24.17,2737.87,0.0,19.63,False,0,False,0.2592193433230647,None
2026-09-06 03:37:00+00:00,19.26,23.71,2834.66,0.0,19.63,False,0,False,0.2699213497575036,None
2026-09-06 03:38:00+00:00,16.98,19.07,2669.01,0.85,19.63,False,0,False,0.20060976760123028,None
2026-09-06 03:39:00+00:00,22.28,28.15,2714.12,0.0,20.18,False,0,False,0.22441167495687986,None
2026-09-06 03:40:00+00:00,10.27,16.06,2762.91,0.0,19.86,False,0,False,0.25905124551925396,None
2026-09-06 03:41:00+00:00,16.11,15.88,2594.4,0.45,19.63,False,0,False,0.24268438457942176,None
2026-09-06 03:42:00+00:00,16.38,16.54,2832.31,0.26,19.63,False,0,False,0.2642487610642469,None
2026-09-06 03:43:00+00:00,17.62,12.75,2413.49,0.33,20.58,False,0,False,0.21515270549134585,None
2026-09-06 03:44:00+00:00,9.35,13.04,2700.83,0.44,19.63,False,0,False,0.21151361912395017,None
2026-09-06 03:45:00+00:00,17.83,20.71,2642.63,0.0,19.63,False,0,False,0.17057280801221636,None
2026-09-06 03:46:00+00:00,8.0,16.72,2700.23,0.0,20.04,False,0,False,0.241895518144137,None
2026-09-06 03:47:00+00:00,16.59,18.26,2724.32,0.0,19.88,False,0,False,0.27817826009512314,None
2026-09-06 03:48:00+00:00,14.8,20.73,2659.73,0.0,19.63,False,0,False,0.2689571698162461,None
2026-09-06 03:49:00+00:00,16.59,20.93,2672.37,0.16,19.63,False,0,False,0.25696016014908746,None
2026-09-06 03:50:00+00:00,13.27,16.25,2830.92,0.0,19.63,False,0,False,0.2791502229685691,None
2026-09-06 03:51:00+00:00,8.0,8.37,2735.86,0.0,20.57,False,0,False,0.20937991539964673,None
2026-09-06 03:52:00+00:00,18.4,16.81,2569.88,0.0,19.63,False,0,False,0.2691488101648002,None
2026-09-06 03:53:00+00:00,17.77,21.53,2796.37,0.0,21.0,False,0,False,0.23845808557226283,None
2026-09-06 03:54:00+00:00,18.15,23.6,2581.41,0.91,20.64,False,0,False,0.1947739589759503,None
2026-09-06 03:55:00+00:00,14.54,17.08,2530.06,0.98,19.63,False,0,False,0.21741033314299707,None
2026-09-06 03:56:00+00:00,14.54,18.7,2704.13,0.0,19.63,False,0,False,0.2428523117697946,None
2026-09-06 03:57:00+00:00,17.9,18.78,2685.91,0.0,19.9,False,0,False,0.27635456586554463,None
2026-09-06 03:58:00+00:00,15.41,17.8,2451.66,0.14,20.69,False,0,False,0.15951161435187994,None
2026-09-06 03:59:00+00:00,22.43,26.15,2723.43,0.09,19.63,False,0,False,0.2089035653357154,None
2026-09-06 04:00:00+00:00,9.08,11.15,2782.22,0.31,20.93,False,0,False,0.20784140041473087,None
2026-09-06 04:01:00+00:00,11.56,13.98,2661.64,0.0,19.63,False,0,False,0.27111730964173325,None
2026-09-06 04:02:00+00:00,20.34,23.01,2768.6,0.0,19.63,False,0,False,0.25139463438313187,None
2026-09-06 04:03:00+00:00,20.13,20.94,2939.09,0.0,20.24,False,0,False,0.2689544066369919,None
2026-09-06 04:04:00+00:00,8.0,8.65,2450.84,0.0,19.96,False,0,False,0.19712926913842926,None
2026-09-06 04:05:00+00:00,18.29,18.02,2828.82,0.0,19.63,False,0,False,0.25935478951061736,None
2026-09-06 04:06:00+00:00,19.31,19.64,2726.11,0.0,19.63,False,0,False,0.24044337092064522,None
2026-09-06 04:07:00+00:00,13.2,15.98,2455.51,0.32,19.63,False,0,False,0.23774253917150961,None
2026-09-06 04:08:00+00:00,10.94,11.43,2430.66,0.2,19.63,False,0,False,0.12966667182520952,None
2026-09-06 04:09:00+00:00,11.94,14.03,2580.89,0.49,19.63,False,0,False,0.24157597114746976,None
2026-09-06 04:10:00+00:00,18.65,18.45,2590.94,0.0,19.63,False,0,False,0.2612236168683468,None
2026-09-06 04:11:00+00:00,15.04,23.72,2713.63,0.0,20.01,False,0,False,0.2652449667930857,None
2026-09-06 04:12:00+00:00,10.6,12.84,2691.95,0.0,20.42,False,0,False,0.2633059647080113,None
2026-09-06 04:13:00+00:00,13.85,17.04,2704.82,0.23,19.63,False,0,False,0.2058386427369301,None
2026-09-06 04:14:00+00:00,22.73,26.6,2587.65,0.0,19.63,False,0,False,0.225948216658785,None
2026-09-06 04:15:00+00:00,19.35,19.82,2732.9,0.26,20.64,False,0,False,0.21738122058162734,None
2026-09-06 04:16:00+00:00,12.43,11.83,2530.4,0.0,19.63,False,0,False,0.1914922769536725,None
2026-09-06 04:17:00+00:00,14.15,18.72,2620.4,0.0,20.79,False,0,False,0.2701072030195011,None
2026-09-06 04:18:00+00:00,17.53,21.66,2386.54,0.24,19.63,False,0,False,0.2303616290655538,None
2026-09-06 04:19:00+00:00,19.17,26.29,2936.32,0.0,20.53,False,0,False,0.2523193504561331,None
2026-09-06 04:20:00+00:00,20.51,21.22,2805.57,0.0,20.92,False,0,False,0.24095527142260637,None
2026-09-06 04:21:00+00:00,18.68,21.72,2538.4,0.0,19.63,False,0,False,0.25989736970170324,None
2026-09-06 04:22:00+00:00,13.78,19.03,2388.53,0.0,20.49,False,0,False,0.21917435293181203,None
2026-09-06 04:23:00+00:00,18.66,18.62,2807.93,0.0,19.63,False,0,False,0.2613508736447603,None
2026-09-06 04:24:00+00:00,15.58,18.81,2661.83,0.0,19.63,False,0,False,0.2848842464265133,None
2026-09-06 04:25:00+00:00,11.94,13.88,2787.63,0.38,19.63,False,0,False,0.22816469413779833,None
2026-09-06 04:26:00+00:00,16.36,16.38,2645.28,0.0,19.63,False,0,False,0.27966763312402565,None
2026-09-06 04:27:00+00:00,14.34,18.15,2965.98,0.0,19.63,False,0,False,0.19296065797381973,None
2026-09-06 04:28:00+00:00,18.73,26.48,2696.4,0.0,19.84,False,0,False,0.23554400003834297,None
2026-09-06 04:29:00+00:00,12.32,13.21,2836.14,0.48,20.0,False,0,False,0.22227050550609695,None
2026-09-06 04:30:00+00:00,14.81,21.22,2801.67,0.0,19.69,False,0,False,0.25690750041198457,None
2026-09-06 04:31:00+00:00,8.0,15.3,2629.04,0.08,20.99,False,0,False,0.22590950384245834,None
2026-09-06 04:32:00+00:00,20.16,19.38,2582.28,0.0,20.94,False,0,False,0.26685450779063247,None
2026-09-06 04:33:00+00:00,21.21,24.46,2613.73,0.0,20.98,False,0,False,0.22005400055034796,None
2026-09-06 04:34:00+00:00,15.68,17.54,2419.19,0.0,19.63,False,0,False,0.25932431518128185,None
2026-09-06 04:35:00+00:00,18.44,21.92,2562.63,0.0,19.63,False,0,False,0.2542387938616928,None
2026-09-06 04:36:00+00:00,12.76,9.3,2485.45,0.0,20.8,False,0,False,0.22697156582879952,None
2026-09-06 04:37:00+00:00,15.7,15.66,2601.48,0.0,19.63,False,0,False,0.265394045354485,None
2026-09-06 04:38:00+00:00,17.41,18.25,2517.29,0.93,21.0,True,1,False,0.20738783941797362,Z-Score
2026-09-06 04:39:00+00:00,13.69,13.03,2690.67,0.0,19.63,False,0,False,0.2736687666534575,None
2026-09-06 04:40:00+00:00,20.52,24.9,2680.97,0.0,20.53,False,0,False,0.2143406242191785,None
2026-09-06 04:41:00+00:00,8.0,7.5,2662.34,0.32,19.63,False,0,False,0.18350770901268493,None
2026-09-06 04:42:00+00:00,13.71,17.42,2846.31,0.0,20.79,False,0,False,0.27359577046930444,None
2026-09-06 04:43:00+00:00,21.09,21.89,2192.88,0.41,19.63,True,1,False,0.18288078928202084,Z-Score
2026-09-06 04:44:00+00:00,15.28,19.62,2774.23,0.0,20.68,False,0,False,0.2695648595052373,None
2026-09-06 04:45:00+00:00,14.35,21.16,2479.43,0.0,20.14,False,0,False,0.24493946597693828,None
2026-09-06 04:46:00+00:00,13.91,13.25,2679.69,0.0,19.63,False,0,False,0.26320919218195804,None
2026-09-06 04:47:00+00:00,13.38,18.95,2419.46,0.0,19.8,False,0,False,0.25930583678724217,None
2026-09-06 04:48:00+00:00,14.31,14.4,2788.24,0.74,19.63,False,0,False,0.24045291139117025,None
2026-09-06 04:49:00+00:00,12.62,14.17,2832.19,0.0,19.63,False,0,False,0.27886507681059525,None
2026-09-06 04:50:00+00:00,16.71,17.57,2812.82,0.0,20.02,False,0,False,0.28362329050720786,None
2026-09-06 04:51:00+00:00,12.6,16.34,3081.54,0.0,19.63,False,0,False,0.2748535602740387,None
2026-09-06 04:52:00+00:00,15.0,18.74,2528.41,0.0,19.63,False,0,False,0.2811498914828176,None
2026-09-06 04:53:00+00:00,16.35,16.12,2781.98,0.88,20.51,True,1,False,0.22825022767136277,Z-Score
2026-09-06 04:54:00+00:00,18.61,18.66,2600.28,0.0,19.63,False,0,False,0.2682428262395601,None
2026-09-06 04:55:00+00:00,17.18,22.69,2763.93,0.0,19.63,False,0,False,0.24770875019805716,None
2026-09-06 04:56:00+00:00,10.96,17.16,2730.21,1.28,20.28,True,1,False,0.18080525977710266,Z-Score
2026-09-06 04:57:00+00:00,14.8,15.99,2554.31,0.53,19.75,False,0,False,0.24837051297355983,None
2026-09-06 04:58:00+00:00,18.67,19.15,2723.77,0.0,20.43,False,0,False,0.2507752054997852,None
2026-09-06 04:59:00+00:00,14.36,16.56,2803.54,0.0,19.63,False,0,False,0.2460326379481343,None
2026-09-06 05:00:00+00:00,20.08,23.33,2757.01,0.0,19.63,False,0,False,0.21771363080262746,None
2026-09-06 05:01:00+00:00,13.04,17.21,2952.19,0.0,20.36,False,0,False,0.2737632669614836,None
2026-09-06 05:02:00+00:00,14.86,20.96,2782.16,0.0,19.63,False,0,False,0.28232539396749307,None
2026-09-06 05:03:00+00:00,13.38,15.91,2795.19,0.0,21.05,False,0,False,0.22675003466680188,None
2026-09-06 05:04:00+00:00,18.61,21.66,2636.82,0.0,20.92,False,0,False,0.23047493670451175,None
2026-09-06 05:05:00+00:00,9.09,11.86,2560.67,0.0,20.21,False,0,False,0.22926973617604152,None
2026-09-06 05:06:00+00:00,17.64,19.24,2520.7,0.0,19.63,False,0,False,0.2670624796183226,None
2026-09-06 05:07:00+00:00,19.17,24.83,2662.14,0.0,21.1,False,0,False,0.21731342569659495,None
2026-09-06 05:08:00+00:00,15.51,16.83,2911.6,0.0,19.63,False,0,False,0.28743651821009836,None
2026-09-06 05:09:00+00:00,16.92,17.46,2308.48,0.0,19.63,False,0,False,0.24927691210908953,None
2026-09-06 05:10:00+00:00,15.29,19.94,2818.82,0.0,19.84,False,0,False,0.25912341051260784,None
2026-09-06 05:11:00+00:00,18.12,19.74,2681.19,0.0,19.63,False,0,False,0.24143309154281833,None
2026-09-06 05:12:00+00:00,14.76,16.64,2611.77,0.0,19.63,False,0,False,0.28136402642643243,None
2026-09-06 05:13:00+00:00,14.94,13.46,2794.54,0.67,19.63,False,0,False,0.232171442648969,None
2026-09-06 05:14:00+00:00,13.63,19.72,2956.31,0.35,19.63,False,0,False,0.2532305821353603,None
2026-09-06 05:15:00+00:00,18.51,17.79,2619.42,0.0,19.63,False,0,False,0.25801139121701866,None
2026-09-06 05:16:00+00:00,19.85,19.54,2630.84,0.0,19.63,False,0,False,0.26839846496858555,None
2026-09-06 05:17:00+00:00,11.08,12.25,2561.44,0.0,20.79,False,0,False,0.24983794953408767,None
2026-09-06 05:18:00+00:00,11.3,23.79,2406.32,0.0,19.63,False,0,False,0.2129173696694553,None
2026-09-06 05:19:00+00:00,14.5,18.5,2580.91,0.13,19.63,False,0,False,0.26482880343833737,None
2026-09-06 05:20:00+00:00,17.12,12.76,2663.87,0.0,19.63,False,0,False,0.2655614655306509,None
2026-09-06 05:21:00+00:00,14.86,17.11,2583.57,0.0,19.63,False,0,False,0.2801360347986506,None
2026-09-06 05:22:00+00:00,17.94,20.73,2625.06,0.0,19.63,False,0,False,0.2707060505537585,None
2026-09-06 05:23:00+00:00,12.51,14.05,2963.06,0.74,19.63,False,0,False,0.22569553550336885,None
2026-09-06 05:24:00+00:00,16.68,15.66,2950.57,0.43,19.63,False,0,False,0.25461381092967983,None
2026-09-06 05:25:00+00:00,12.96,14.94,2582.22,0.0,20.38,False,0,False,0.2688401762257853,None
2026-09-06 05:26:00+00:00,15.26,15.4,2560.57,0.0,19.63,False,0,False,0.2660982424262089,None
2026-09-06 05:27:00+00:00,14.77,16.75,2633.88,0.0,19.63,False,0,False,0.27675386602232527,None
2026-09-06 05:28:00+00:00,14.31,12.76,2832.88,0.0,19.63,False,0,False,0.26386472278841344,None
2026-09-06 05:29:00+00:00,15.14,24.02,2573.06,0.0,20.0,False,0,False,0.2649700829746927,None
2026-09-06 05:30:00+00:00,14.74,20.23,2921.47,0.38,19.72,False,0,False,0.23834686859801735,None
2026-09-06 05:31:00+00:00,16.95,23.42,2893.62,0.0,20.39,False,0,False,0.27401401564341404,None
2026-09-06 05:32:00+00:00,20.37,22.96,2845.81,0.0,21.11,False,0,False,0.1504830121084384,None
2026-09-06 05:33:00+00:00,11.73,10.48,2508.57,0.1,20.47,False,0,False,0.22875104425353954,None
2026-09-06 05:34:00+00:00,14.16,16.49,2801.5,0.0,19.63,False,0,False,0.28134063118375424,None
2026-09-06 05:35:00+00:00,16.43,24.76,2408.88,0.61,19.96,False,0,False,0.1940781922096933,None
2026-09-06 05:36:00+00:00,15.37,15.39,2830.01,0.0,20.95,False,0,False,0.285067861588,None
2026-09-06 05:37:00+00:00,11.3,19.39,2738.61,0.0,20.46,False,0,False,0.26448232266049326,None
2026-09-06 05:38:00+00:00,16.66,19.04,2754.12,0.0,19.63,False,0,False,0.2723453728170314,None
2026-09-06 05:39:00+00:00,17.84,22.65,2418.07,0.18,20.43,False,0,False,0.21603069329915303,None
2026-09-06 05:40:00+00:00,8.82,9.7,2523.93,0.0,19.63,False,0,False,0.2152535569622906,None
2026-09-06 05:41:00+00:00,14.57,19.05,2554.99,0.0,19.73,False,0,False,0.2715557384517875,None
2026-09-06 05:42:00+00:00,16.94,21.21,2828.07,0.0,21.04,False,0,False,0.281363366909332,None
2026-09-06 05:43:00+00:00,14.94,17.91,2534.55,0.0,19.94,False,0,False,0.27700364989658244,None
2026-09-06 05:44:00+00:00,13.84,22.61,2779.67,0.0,19.63,False,0,False,0.2557041390881442,None
2026-09-06 05:45:00+00:00,15.96,23.58,2788.57,0.0,20.69,False,0,False,0.2685972562363691,None
2026-09-06 05:46:00+00:00,12.56,13.87,2519.28,0.0,19.63,False,0,False,0.2692949020668737,None
2026-09-06 05:47:00+00:00,17.19,15.47,2547.68,0.0,21.08,False,0,False,0.27419170182126057,None
2026-09-06 05:48:00+00:00,14.82,14.14,2512.74,0.75,19.72,False,0,False,0.22891982765192392,None
2026-09-06 05:49:00+00:00,17.45,19.55,2867.85,0.0,20.01,False,0,False,0.2822786863369126,None
2026-09-06 05:50:00+00:00,13.51,17.7,2474.74,0.48,19.63,False,0,False,0.22219910763075518,None
2026-09-06 05:51:00+00:00,18.82,16.44,2746.38,0.0,21.08,False,0,False,0.27700921517246163,None
2026-09-06 05:52:00+00:00,9.83,8.69,2719.82,0.0,20.65,False,0,False,0.20604528923164317,None
2026-09-06 05:53:00+00:00,16.55,15.73,2486.92,0.0,20.83,False,0,False,0.26664069320108685,None
2026-09-06 05:54:00+00:00,18.28,21.31,2790.68,0.0,19.63,False,0,False,0.2626332795687613,None
2026-09-06 05:55:00+00:00,15.54,26.2,2770.93,0.0,20.5,False,0,False,0.2263788394628169,None
2026-09-06 05:56:00+00:00,13.17,14.85,2828.58,0.0,19.63,False,0,False,0.2839923701345452,None
2026-09-06 05:57:00+00:00,16.05,19.92,2639.42,0.0,20.45,False,0,False,0.26108116123787245,None
2026-09-06 05:58:00+00:00,17.58,20.03,2598.14,0.2,21.08,False,0,False,0.24476653427375816,None
2026-09-06 05:59:00+00:00,12.88,16.3,2564.66,0.0,19.63,False,0,False,0.27580257477448833,None
2026-09-06 06:00:00+00:00,15.55,15.71,2899.96,0.0,20.62,False,0,False,0.2756568690254782,None
2026-09-06 06:01:00+00:00,16.24,16.98,2737.42,0.77,20.05,True,1,False,0.2399651113771024,Z-Score
2026-09-06 06:02:00+00:00,17.17,19.01,2548.81,0.0,19.63,False,0,False,0.26042494040793196,None
2026-09-06 06:03:00+00:00,20.14,22.89,2675.8,0.0,19.63,False,0,False,0.2629658283845548,None
2026-09-06 06:04:00+00:00,13.24,15.7,2589.49,0.68,20.59,False,0,False,0.21430110923186035,None
2026-09-06 06:05:00+00:00,17.06,18.13,2956.47,0.0,19.63,False,0,False,0.2765715420313426,None
2026-09-06 06:06:00+00:00,9.06,7.5,2487.74,0.0,20.25,False,0,False,0.19015032968048812,None
2026-09-06 06:07:00+00:00,16.25,15.76,2687.25,0.0,19.98,False,0,False,0.282330064570065,None
2026-09-06 06:08:00+00:00,10.82,10.71,2533.33,0.0,19.63,False,0,False,0.239146213518099,None
2026-09-06 06:09:00+00:00,18.75,21.24,2562.99,0.0,20.48,False,0,False,0.2631887691619009,None
2026-09-06 06:10:00+00:00,12.63,8.86,2586.41,0.0,19.63,False,0,False,0.2145411606936004,None
2026-09-06 06:11:00+00:00,12.71,15.07,2809.25,0.29,19.63,False,0,False,0.2315263419227543,None
2026-09-06 06:12:00+00:00,13.2,18.61,2844.23,0.0,21.11,False,0,False,0.2735915218499052,None
2026-09-06 06:13:00+00:00,13.32,15.33,2715.13,1.79,19.63,True,1,False,0.1574944411372009,Z-Score
2026-09-06 06:14:00+00:00,16.76,17.3,2613.69,0.0,20.02,False,0,False,0.27211673951354526,None
2026-09-06 06:15:00+00:00,17.39,14.98,2767.18,0.0,20.44,False,0,False,0.28034914941649275,None
2026-09-06 06:16:00+00:00,15.87,23.76,2777.08,0.0,20.2,False,0,False,0.26375518019423966,None
2026-09-06 06:17:00+00:00,18.46,25.47,2548.05,0.0,20.65,False,0,False,0.23732440062223364,None
2026-09-06 06:18:00+00:00,19.18,21.06,2507.45,0.0,19.63,False,0,False,0.26005212502955133,None
2026-09-06 06:19:00+00:00,14.22,13.18,2641.28,0.81,19.63,False,0,False,0.21696436824921606,None
2026-09-06 06:20:00+00:00,9.95,7.5,2718.63,0.0,20.51,False,0,False,0.22566832896568922,None
2026-09-06 06:21:00+00:00,19.05,16.22,2726.07,0.0,19.63,False,0,False,0.27769334248103766,None
2026-09-06 06:22:00+00:00,19.31,21.92,2753.98,0.0,19.91,False,0,False,0.2758434805437253,None
2026-09-06 06:23:00+00:00,15.61,19.71,2936.47,0.0,19.82,False,0,False,0.18805501523832546,None
2026-09-06 06:24:00+00:00,14.83,16.46,2504.2,0.0,19.63,False,0,False,0.25457297486997293,None
2026-09-06 06:25:00+00:00,16.84,19.26,2938.95,0.0,19.63,False,0,False,0.2804043457464807,None
2026-09-06 06:26:00+00:00,17.76,19.81,2986.22,0.0,19.63,False,0,False,0.282953011079971,None
2026-09-06 06:27:00+00:00,18.08,15.67,2560.0,0.0,19.63,False,0,False,0.26713363832462556,None
2026-09-06 06:28:00+00:00,15.49,19.36,2664.56,0.0,20.41,False,0,False,0.2675259435627875,None
2026-09-06 06:29:00+00:00,15.37,14.09,2570.83,0.0,20.02,False,0,False,0.27870398375224964,None
2026-09-06 06:30:00+00:00,14.98,20.74,2618.9,0.0,20.12,False,0,False,0.27274625810996106,None
2026-09-06 06:31:00+00:00,17.82,17.04,3095.41,0.43,19.63,False,0,False,0.23958024110964626,None
2026-09-06 06:32:00+00:00,14.39,15.05,2561.14,0.0,20.62,False,0,False,0.26050608295488265,None
2026-09-06 06:33:00+00:00,16.68,21.62,2761.15,0.96,20.49,False,0,False,0.21419857031573158,None
2026-09-06 06:34:00+00:00,10.68,9.94,2982.81,0.0,20.17,False,0,False,0.2306255572734643,None
2026-09-06 06:35:00+00:00,13.38,16.63,2370.11,0.0,19.63,False,0,False,0.2542454086336705,None
2026-09-06 06:36:00+00:00,19.8,22.61,2607.36,0.0,20.86,False,0,False,0.24718969317478146,None
2026-09-06 06:37:00+00:00,17.67,23.3,2658.94,0.0,19.63,False,0,False,0.2733700670582609,None
2026-09-06 06:38:00+00:00,13.53,18.29,2917.72,0.0,19.63,False,0,False,0.2794924753473812,None
2026-09-06 06:39:00+00:00,17.33,11.64,2622.83,0.0,19.63,False,0,False,0.26179541100227555,None
2026-09-06 06:40:00+00:00,14.32,15.75,2661.66,0.0,19.63,False,0,False,0.24895927280324204,None
2026-09-06 06:41:00+00:00,10.87,14.79,2978.84,0.0,19.63,False,0,False,0.24975617796180744,None
2026-09-06 06:42:00+00:00,16.29,19.68,2618.79,0.0,20.45,False,0,False,0.2699797102627319,None
2026-09-06 06:43:00+00:00,24.52,23.33,2658.57,0.0,19.89,True,1,False,0.22909385702550578,Z-Score
2026-09-06 06:44:00+00:00,18.28,23.99,2729.57,0.58,20.39,False,0,False,0.21263505135698546,None
2026-09-06 06:45:00+00:00,15.35,18.59,2844.23,0.0,20.14,False,0,False,0.28688755536537086,None
2026-09-06 06:46:00+00:00,19.65,23.4,2727.18,0.0,19.63,False,0,False,0.264290734093971,None
2026-09-06 06:47:00+00:00,19.46,21.54,2852.23,0.0,20.89,False,0,False,0.24327959738060367,None
2026-09-06 06:48:00+00:00,15.19,16.24,2916.23,0.51,19.63,False,0,False,0.24488722021811893,None
2026-09-06 06:49:00+00:00,13.04,11.76,2742.15,0.0,20.93,False,0,False,0.26755156510794464,None
2026-09-06 06:50:00+00:00,17.08,18.14,2734.23,0.0,19.65,False,0,False,0.2826147513661404,None
2026-09-06 06:51:00+00:00,15.28,15.51,2881.55,0.0,19.63,False,0,False,0.27942693815226805,None
2026-09-06 06:52:00+00:00,13.7,11.5,2637.48,0.0,20.19,False,0,False,0.26235590280650145,None
2026-09-06 06:53:00+00:00,14.23,18.65,2680.82,0.0,19.63,False,0,False,0.26341288864093865,None
2026-09-06 06:54:00+00:00,12.44,13.27,2703.4,0.0,19.63,False,0,False,0.27390586464930994,None
2026-09-06 06:55:00+00:00,16.39,23.54,2777.42,0.0,21.06,False,0,False,0.26365854900828933,None
2026-09-06 06:56:00+00:00,17.3,15.7,2726.02,0.0,20.48,False,0,False,0.27629796576748383,None
2026-09-06 06:57:00+00:00,17.51,17.2,2604.24,0.0,19.63,False,0,False,0.2796107043047295,None
2026-09-06 06:58:00+00:00,16.37,17.58,2996.82,0.0,20.33,False,0,False,0.28797790644367477,None
2026-09-06 06:59:00+00:00,13.74,16.08,2704.81,0.42,19.63,False,0,False,0.23732101571234737,None
2026-09-06 07:00:00+00:00,12.39,15.77,2856.26,0.0,19.63,False,0,False,0.2793382401212764,None
2026-09-06 07:01:00+00:00,16.56,18.68,2631.28,0.0,20.7,False,0,False,0.2787082820381615,None
2026-09-06 07:02:00+00:00,14.3,14.21,3044.85,0.0,19.74,False,0,False,0.2795252906306039,None
2026-09-06 07:03:00+00:00,24.81,25.59,2762.95,0.47,19.63,True,1,False,0.18336839984785397,Z-Score
2026-09-06 07:04:00+00:00,17.37,16.71,2881.9,0.0,20.64,False,0,False,0.2703775632032591,None
2026-09-06 07:05:00+00:00,11.59,12.92,2981.63,0.0,20.87,False,0,False,0.2718249284348908,None
2026-09-06 07:06:00+00:00,16.76,22.2,2856.11,0.0,20.5,False,0,False,0.2778968360777991,None
2026-09-06 07:07:00+00:00,16.86,20.96,2937.55,0.62,20.55,False,0,False,0.2355600505636104,None
2026-09-06 07:08:00+00:00,14.98,12.41,3074.05,0.0,20.79,False,0,False,0.2549782307455486,None
2026-09-06 07:09:00+00:00,16.49,18.03,2771.33,0.0,19.63,False,0,False,0.283965302102505,None
2026-09-06 07:10:00+00:00,16.58,22.88,2992.19,1.45,20.94,True,1,False,0.1670061488390871,Z-Score
2026-09-06 07:11:00+00:00,20.35,19.64,2577.79,0.0,20.77,False,0,False,0.2627471801435308,None
2026-09-06 07:12:00+00:00,14.26,19.87,2979.38,0.0,19.63,False,0,False,0.2742741438226383,None
2026-09-06 07:13:00+00:00,18.38,23.21,2874.65,0.78,19.63,False,0,False,0.2233039086621494,None
2026-09-06 07:14:00+00:00,12.51,16.46,2742.54,0.0,19.63,False,0,False,0.27582171842777137,None
2026-09-06 07:15:00+00:00,16.34,22.0,2931.61,0.0,20.35,False,0,False,0.2668425337344699,None
2026-09-06 07:16:00+00:00,11.95,14.19,2972.65,0.0,19.9,False,0,False,0.2800364534952811,None
2026-09-06 07:17:00+00:00,18.79,24.7,2860.11,0.0,19.63,False,0,False,0.2504408988114092,None
2026-09-06 07:18:00+00:00,10.19,12.04,2624.56,0.0,19.63,False,0,False,0.2347349251822073,None
2026-09-06 07:19:00+00:00,13.04,14.24,2688.0,0.0,20.0,False,0,False,0.262909348963027,None
2026-09-06 07:20:00+00:00,15.36,15.85,2999.21,0.07,20.79,False,0,False,0.2616523948793823,None
2026-09-06 07:21:00+00:00,15.25,19.52,2729.68,0.0,19.63,False,0,False,0.27000350733771034,None
2026-09-06 07:22:00+00:00,10.03,7.79,2819.77,0.0,19.8,False,0,False,0.22628523683322327,None
2026-09-06 07:23:00+00:00,17.85,12.4,3144.9,0.0,19.7,False,0,False,0.26277614713560765,None
2026-09-06 07:24:00+00:00,12.4,14.12,2937.25,0.0,19.63,False,0,False,0.2671659468884494,None
2026-09-06 07:25:00+00:00,14.15,16.64,2712.45,0.0,20.6,False,0,False,0.2749071527149751,None
2026-09-06 07:26:00+00:00,15.32,21.4,3223.98,0.0,20.05,False,0,False,0.26514211098460866,None
2026-09-06 07:27:00+00:00,14.52,19.34,2983.24,0.0,19.63,False,0,False,0.2792735274126209,None
2026-09-06 07:28:00+00:00,15.24,12.25,2837.08,1.25,19.63,True,1,False,0.19087621426722245,Z-Score
2026-09-06 07:29:00+00:00,13.37,12.4,2855.95,0.26,19.84,False,0,False,0.24755557721482407,None
2026-09-06 07:30:00+00:00,18.31,20.85,2849.8,0.0,19.63,False,0,False,0.2431628282264175,None
2026-09-06 07:31:00+00:00,19.15,26.92,2899.74,0.0,21.01,False,0,False,0.2426641269937539,None
2026-09-06 07:32:00+00:00,17.08,21.35,3038.53,1.37,19.63,True,1,False,0.17215616419468793,Z-Score
2026-09-06 07:33:00+00:00,13.5,11.59,2821.05,0.0,20.11,False,0,False,0.27429290058782463,None
2026-09-06 07:34:00+00:00,19.32,21.56,3030.58,0.58,19.96,False,0,False,0.23979119424974993,None
2026-09-06 07:35:00+00:00,15.92,15.91,2717.79,0.39,21.05,False,0,False,0.2563936590449167,None
2026-09-06 07:36:00+00:00,20.53,28.88,2569.07,0.0,20.85,False,0,False,0.22571827362278202,None
2026-09-06 07:37:00+00:00,17.77,20.45,3052.51,0.0,19.63,False,0,False,0.2783957216412925,None
2026-09-06 07:38:00+00:00,14.13,16.68,3101.73,0.0,21.07,False,0,False,0.2760491343305481,None
2026-09-06 07:39:00+00:00,13.48,12.89,3068.22,0.0,20.21,False,0,False,0.24206554891157134,None
2026-09-06 07:40:00+00:00,8.83,9.87,2796.5,0.0,20.29,False,0,False,0.2319750424624385,None
2026-09-06 07:41:00+00:00,15.16,17.84,2769.22,0.0,19.63,False,0,False,0.2877975681120273,None
2026-09-06 07:42:00+00:00,14.18,16.93,2876.71,0.54,19.83,False,0,False,0.23306580881518074,None
2026-09-06 07:43:00+00:00,18.12,24.96,2910.67,0.0,19.63,False,0,False,0.2531775115758482,None
2026-09-06 07:44:00+00:00,13.8,15.81,3213.49,0.0,19.65,False,0,False,0.26580702309823206,None
2026-09-06 07:45:00+00:00,14.23,14.39,2808.89,0.0,19.63,False,0,False,0.2852571275303465,None
2026-09-06 07:46:00+00:00,13.93,19.11,3069.76,0.86,20.18,False,0,False,0.23205025584780714,None
2026-09-06 07:47:00+00:00,14.59,13.32,3287.98,0.11,21.03,False,0,False,0.25392627430427167,None
2026-09-06 07:48:00+00:00,17.59,22.52,2678.75,0.0,20.33,False,0,False,0.26849726818830194,None
2026-09-06 07:49:00+00:00,14.62,17.03,3028.41,0.0,19.99,False,0,False,0.28012987069970724,None
2026-09-06 07:50:00+00:00,18.96,24.31,2943.74,0.37,20.06,False,0,False,0.22794246297613036,None
2026-09-06 07:51:00+00:00,14.75,20.34,2944.59,0.0,19.95,False,0,False,0.28412536015913825,None
2026-09-06 07:52:00+00:00,15.55,19.59,3217.82,0.0,20.23,False,0,False,0.2803923630098242,None
2026-09-06 07:53:00+00:00,19.21,22.51,2745.85,0.0,20.61,False,0,False,0.2716954685699417,None
2026-09-06 07:54:00+00:00,17.7,19.21,2942.38,0.0,20.23,False,0,False,0.27235103301704106,None
2026-09-06 07:55:00+00:00,16.33,17.81,2962.65,0.07,20.45,False,0,False,0.2764819120669558,None
2026-09-06 07:56:00+00:00,13.4,17.25,3145.27,0.98,20.99,False,0,False,0.21789662101282625,None
2026-09-06 07:57:00+00:00,18.94,15.92,2984.63,0.0,20.17,False,0,False,0.2368254829668684,None
2026-09-06 07:58:00+00:00,12.01,14.88,2947.94,0.0,20.88,False,0,False,0.2805004269980659,None
2026-09-06 07:59:00+00:00,14.37,12.69,3237.62,0.43,21.19,False,0,False,0.2325160959303884,None
2026-09-06 08:00:00+00:00,11.95,16.33,3345.28,0.24,21.37,False,0,False,0.23999635588861157,None
2026-09-06 08:01:00+00:00,14.76,15.69,2993.59,0.0,21.72,False,0,False,0.27795132669423733,None
2026-09-06 08:02:00+00:00,18.38,19.24,2981.61,0.0,19.89,False,0,False,0.26498444636925766,None
2026-09-06 08:03:00+00:00,12.86,17.33,2921.21,0.11,20.61,False,0,False,0.23252886286118846,None
2026-09-06 08:04:00+00:00,14.89,18.89,3107.29,0.0,21.67,False,0,False,0.2629271287459476,None
2026-09-06 08:05:00+00:00,9.57,7.71,3050.38,0.86,19.95,False,0,False,0.16303471844218215,None
2026-09-06 08:06:00+00:00,12.85,14.88,2894.95,0.35,22.75,True,1,False,0.2192058830644832,Z-Score
2026-09-06 08:07:00+00:00,12.89,15.96,3229.78,0.0,22.35,True,1,False,0.2610809823631116,Z-Score
2026-09-06 08:08:00+00:00,12.35,15.54,3100.26,0.82,19.95,False,0,False,0.22393334322430386,None
2026-09-06 08:09:00+00:00,14.89,16.02,3228.43,0.0,19.8,False,0,False,0.2795959238122827,None
2026-09-06 08:10:00+00:00,18.36,23.12,3041.49,0.0,23.41,True,1,False,0.2589779199282995,Z-Score
2026-09-06 08:11:00+00:00,19.56,18.88,3117.63,0.0,20.57,False,0,False,0.27507511338417334,None
2026-09-06 08:12:00+00:00,17.3,17.47,3255.35,0.0,22.26,False,0,False,0.262998209378649,None
2026-09-06 08:13:00+00:00,10.41,14.45,3012.01,0.0,22.11,False,0,False,0.2518687310115334,None
2026-09-06 08:14:00+00:00,14.47,21.6,2942.52,0.0,20.15,False,0,False,0.2777008257140327,None
2026-09-06 08:15:00+00:00,11.21,13.9,3005.78,0.0,22.21,False,0,False,0.2651781582369029,None
2026-09-06 08:16:00+00:00,16.63,22.46,3104.88,0.0,20.61,False,0,False,0.2680063128843431,None
2026-09-06 08:17:00+00:00,18.78,19.98,3117.91,0.5,20.4,False,0,False,0.2335211091200899,None
2026-09-06 08:18:00+00:00,11.72,11.34,2957.13,0.0,19.7,False,0,False,0.26299576233953875,None
2026-09-06 08:19:00+00:00,17.58,16.01,3077.09,0.0,19.84,False,0,False,0.2647416063169154,None
2026-09-06 08:20:00+00:00,17.92,20.27,3285.87,0.0,19.8,False,0,False,0.25428600489219166,None
2026-09-06 08:21:00+00:00,16.24,20.0,3019.71,0.0,24.91,True,1,False,0.265692817186696,Z-Score
2026-09-06 08:22:00+00:00,14.05,14.45,3350.46,0.0,23.48,False,0,False,0.23982809832683333,None
2026-09-06 08:23:00+00:00,15.89,16.13,3183.67,0.0,23.22,False,0,False,0.2717691145112587,None
2026-09-06 08:24:00+00:00,16.93,21.16,3150.88,0.0,20.57,False,0,False,0.2657428572790891,None
2026-09-06 08:25:00+00:00,15.85,15.35,3001.61,0.0,24.72,True,1,False,0.26635016861463445,Z-Score
2026-09-06 08:26:00+00:00,17.89,19.29,3248.89,0.0,20.31,False,0,False,0.2762242817364991,None
2026-09-06 08:27:00+00:00,12.49,13.25,3325.99,0.0,25.27,True,1,False,0.24805015216049775,Z-Score
2026-09-06 08:28:00+00:00,17.29,16.91,3393.13,0.0,20.4,False,0,False,0.26094885537402246,None
2026-09-06 08:29:00+00:00,13.06,16.32,3282.72,0.0,23.86,False,0,False,0.2510976695212954,None
2026-09-06 08:30:00+00:00,16.34,26.06,3504.11,0.0,25.62,True,1,False,0.2106720850316452,Z-Score
2026-09-06 08:31:00+00:00,10.23,14.48,3246.17,0.0,24.3,False,0,False,0.2266822135834149,None
2026-09-06 08:32:00+00:00,18.03,20.85,3484.58,0.19,24.54,False,0,False,0.20167365002713866,None
2026-09-06 08:33:00+00:00,13.38,16.42,2845.79,0.0,20.69,False,0,False,0.26949777353632637,None
2026-09-06 08:34:00+00:00,14.97,15.93,3487.44,0.0,20.05,False,0,False,0.2608854357761004,None
2026-09-06 08:35:00+00:00,10.83,16.43,3246.31,0.0,24.68,False,0,False,0.23793022349629706,None
2026-09-06 08:36:00+00:00,18.99,23.04,3154.03,0.0,19.83,False,0,False,0.25358963040592497,None
2026-09-06 08:37:00+00:00,18.09,27.06,3169.05,0.0,26.49,True,1,False,0.21639065075872865,Z-Score
2026-09-06 08:38:00+00:00,15.92,14.32,3188.19,0.0,28.38,True,1,False,0.24821021500149998,Z-Score
2026-09-06 08:39:00+00:00,18.85,22.98,3133.39,0.0,20.46,False,0,False,0.2684206166432572,None
2026-09-06 08:40:00+00:00,14.46,21.57,3390.52,0.35,26.6,False,0,False,0.20780613619862137,None
2026-09-06 08:41:00+00:00,15.84,20.49,3298.68,0.0,19.82,False,0,False,0.26947313128170775,None
2026-09-06 08:42:00+00:00,17.77,18.72,3232.12,0.0,20.79,False,0,False,0.1973158518434026,None
2026-09-06 08:43:00+00:00,12.67,14.35,3277.73,0.0,19.95,False,0,False,0.26894200563427595,None
2026-09-06 08:44:00+00:00,18.94,24.3,3285.04,0.52,27.66,False,0,False,0.1668936365497749,None
2026-09-06 08:45:00+00:00,18.75,20.19,3288.66,0.0,20.57,False,0,False,0.2690824696523621,None
2026-09-06 08:46:00+00:00,11.84,12.76,3256.22,0.0,19.93,False,0,False,0.2307710136062387,None
2026-09-06 08:47:00+00:00,13.69,17.49,3078.41,0.34,21.03,False,0,False,0.2552320093768199,None
2026-09-06 08:48:00+00:00,9.59,15.9,2957.5,0.0,29.9,True,1,False,0.22634913264928957,Z-Score
2026-09-06 08:49:00+00:00,13.54,17.44,3393.69,0.0,19.68,False,0,False,0.2580157785058603,None
2026-09-06 08:50:00+00:00,13.51,14.19,3264.44,0.0,21.07,False,0,False,0.24237708853666584,None
2026-09-06 08:51:00+00:00,13.11,15.53,3328.08,0.0,27.49,False,0,False,0.23739298204482667,None
2026-09-06 08:52:00+00:00,13.99,21.39,3369.21,0.0,27.62,False,0,False,0.20912842499682494,None
2026-09-06 08:53:00+00:00,16.26,20.61,3097.41,0.0,27.94,False,0,False,0.2420579428098768,None
2026-09-06 08:54:00+00:00,14.18,12.43,3201.72,0.0,31.87,True,1,False,0.21803806499362638,Z-Score
2026-09-06 08:55:00+00:00,17.08,25.83,3517.17,0.61,20.28,False,0,False,0.18678855002785827,None
2026-09-06 08:56:00+00:00,14.95,20.99,3178.59,0.37,28.91,False,0,False,0.21343245518476073,None
2026-09-06 08:57:00+00:00,18.47,25.72,3131.02,0.0,31.4,False,0,False,0.19965379301394764,None
2026-09-06 08:58:00+00:00,11.4,12.91,3514.98,0.0,20.43,False,0,False,0.22791115800325917,None
2026-09-06 08:59:00+00:00,12.49,13.34,3350.58,0.0,28.77,False,0,False,0.22428522808758056,None
2026-09-06 09:00:00+00:00,17.88,22.39,3610.62,0.0,19.95,False,0,False,0.22031348148274033,None
2026-09-06 09:01:00+00:00,14.78,17.73,3179.02,0.45,30.09,False,0,False,0.22814913897856548,None
2026-09-06 09:02:00+00:00,16.28,23.74,3407.26,0.0,20.92,False,0,False,0.24431177162394568,None
2026-09-06 09:03:00+00:00,11.72,13.66,3094.68,0.0,30.81,False,0,False,0.23871934886799112,None
2026-09-06 09:04:00+00:00,13.48,16.96,3495.45,0.59,34.08,True,1,False,0.16574681944768055,Z-Score
2026-09-06 09:05:00+00:00,18.97,23.67,3651.62,0.0,21.11,False,0,False,0.22315553081337686,None
2026-09-06 09:06:00+00:00,17.83,17.41,3584.05,0.0,29.32,False,0,False,0.1625778747165617,None
2026-09-06 09:07:00+00:00,11.45,11.55,3374.33,0.82,20.54,True,1,False,0.19329788442232693,Z-Score
2026-09-06 09:08:00+00:00,18.33,19.94,3540.7,0.0,20.4,False,0,False,0.23795389587277044,None
2026-09-06 09:09:00+00:00,15.81,20.38,3474.44,1.42,34.81,True,1,False,0.11337384611178958,Z-Score
2026-09-06 09:10:00+00:00,15.18,14.29,3232.12,0.0,34.21,False,0,False,0.22318155536543244,None
2026-09-06 09:11:00+00:00,15.82,18.94,3350.01,0.0,34.99,False,0,False,0.2339131611401558,None
2026-09-06 09:12:00+00:00,14.82,14.04,3363.92,0.0,20.83,False,0,False,0.26938647241784897,None
2026-09-06 09:13:00+00:00,16.87,16.91,3288.92,0.0,20.22,False,0,False,0.27473642415714844,None
2026-09-06 09:14:00+00:00,12.81,17.47,3513.17,0.0,31.56,False,0,False,0.21373567823503592,None
2026-09-06 09:15:00+00:00,19.11,25.59,3469.54,0.0,32.79,False,0,False,0.18026335706963204,None
2026-09-06 09:16:00+00:00,13.88,20.47,3528.13,1.11,20.69,True,1,False,0.17697457433418756,Z-Score
2026-09-06 09:17:00+00:00,20.41,18.39,3499.52,0.0,35.26,False,0,False,0.20402788503430203,None
2026-09-06 09:18:00+00:00,22.92,27.0,3322.59,0.0,31.84,False,0,False,0.17159443625031917,None
2026-09-06 09:19:00+00:00,15.46,14.87,3433.81,0.0,35.16,False,0,False,0.18193115653632058,None
2026-09-06 09:20:00+00:00,14.7,20.98,3428.93,0.0,20.22,False,0,False,0.26100285980456284,None
2026-09-06 09:21:00+00:00,16.47,18.74,3308.6,0.0,35.36,False,0,False,0.23531033662297618,None
2026-09-06 09:22:00+00:00,15.71,14.57,3240.71,0.0,33.3,False,0,False,0.23007086616725336,None
2026-09-06 09:23:00+00:00,14.07,18.0,3501.71,0.4,20.75,False,0,False,0.23054170067756002,None
2026-09-06 09:24:00+00:00,14.44,22.13,3580.79,0.0,30.97,False,0,False,0.20723033888647646,None
2026-09-06 09:25:00+00:00,14.22,18.51,3564.16,0.0,32.19,False,0,False,0.21844173881193601,None
2026-09-06 09:26:00+00:00,55.55,62.02,3549.6,0.0,37.1,True,2,False,0.0003219118001221988,Z-Score
2026-09-06 09:27:00+00:00,55.69,58.39,3546.31,0.0,19.74,True,2,False,0.014578237062602084,Z-Score
2026-09-06 09:28:00+00:00,50.91,57.72,3331.75,0.0,20.23,True,2,False,0.043476324901440044,Z-Score
2026-09-06 09:29:00+00:00,54.51,60.97,3754.35,0.0,20.75,True,2,False,0.0015085941749410914,Z-Score
2026-09-06 09:30:00+00:00,60.43,62.31,3356.92,1.31,34.67,True,3,True,-0.04565189074638498,Both
2026-09-06 09:31:00+00:00,55.26,66.69,3642.84,0.0,35.34,True,2,True,-0.015537998182913348,Both
2026-09-06 09:32:00+00:00,58.19,63.38,3453.37,0.09,35.05,True,1,True,-0.010647485381790944,Both
2026-09-06 09:33:00+00:00,57.55,61.06,3639.9,0.0,20.02,False,0,False,0.001859076970023299,None
2026-09-06 09:34:00+00:00,58.05,58.95,3325.0,0.0,20.22,False,0,False,0.010156047320530215,None
2026-09-06 09:35:00+00:00,61.91,63.18,3368.03,0.0,19.75,False,0,True,-0.001616317034810133,Isolation Forest
2026-09-06 09:36:00+00:00,61.76,67.26,3381.38,0.0,21.08,False,0,False,0.005777192211951165,None
2026-09-06 09:37:00+00:00,53.03,58.83,3251.18,0.29,37.22,False,0,False,0.00242023951388759,None
2026-09-06 09:38:00+00:00,65.4,67.93,3563.55,0.0,20.68,False,0,True,-0.007410758378273985,Isolation Forest
2026-09-06 09:39:00+00:00,60.45,66.46,3438.89,0.0,33.75,False,0,True,-0.007539656725695565,Isolation Forest
2026-09-06 09:40:00+00:00,61.73,71.63,3580.37,0.74,20.17,False,0,True,-0.03645141109459615,Isolation Forest
2026-09-06 09:41:00+00:00,61.38,68.08,3345.6,1.17,38.08,True,1,True,-0.052167361892679676,Both
2026-09-06 09:42:00+00:00,58.71,62.5,3235.31,0.8,21.13,False,0,True,-0.00895689880651207,Isolation Forest
2026-09-06 09:43:00+00:00,53.79,65.54,3442.58,0.0,37.2,False,0,False,0.0045409884773730536,None
2026-09-06 09:44:00+00:00,57.61,65.44,3628.41,0.82,34.37,False,0,True,-0.03357395335779967,Isolation Forest
2026-09-06 09:45:00+00:00,60.14,63.13,3796.64,0.0,37.1,False,0,True,-0.02676395972737,Isolation Forest
2026-09-06 09:46:00+00:00,55.47,59.5,3559.19,0.83,20.65,False,0,True,-0.008885130223741156,Isolation Forest
2026-09-06 09:47:00+00:00,59.23,69.06,3749.48,0.0,19.74,False,0,True,-0.020276175074337432,Isolation Forest
2026-09-06 09:48:00+00:00,56.88,63.68,3503.95,0.0,33.57,False,0,True,-0.009141544616610875,Isolation Forest
2026-09-06 09:49:00+00:00,56.89,64.43,3604.14,0.0,40.42,False,0,True,-0.022859746251916113,Isolation Forest
2026-09-06 09:50:00+00:00,60.25,63.94,3515.06,0.0,44.65,False,0,True,-0.016640973872793174,Isolation Forest
2026-09-06 09:51:00+00:00,61.68,68.26,3124.66,0.0,20.38,False,0,False,0.00040866895375768486,None
2026-09-06 09:52:00+00:00,60.26,63.14,3630.83,0.0,21.11,False,0,True,-0.021653441550756547,Isolation Forest
2026-09-06 09:53:00+00:00,59.68,67.5,3502.7,0.0,39.19,False,0,True,-0.012855290068599312,Isolation Forest
2026-09-06 09:54:00+00:00,50.23,56.33,3501.67,0.0,43.75,False,0,False,0.015006175826717039,None
2026-09-06 09:55:00+00:00,56.56,61.04,3647.8,0.41,41.38,False,0,True,-0.02812525064391269,Isolation Forest
2026-09-06 09:56:00+00:00,53.93,61.96,3626.75,0.0,40.17,False,0,True,-0.004101401420978146,Isolation Forest
2026-09-06 09:57:00+00:00,59.67,62.5,3416.87,0.0,20.95,False,0,True,-0.00047721078041940146,Isolation Forest
2026-09-06 09:58:00+00:00,60.23,64.64,3525.91,0.62,40.66,False,0,True,-0.029321209754486155,Isolation Forest
2026-09-06 09:59:00+00:00,61.55,64.81,3590.51,0.0,20.99,False,0,True,-0.011533096963847633,Isolation Forest
2026-09-06 10:00:00+00:00,58.07,69.74,3588.48,0.0,19.96,False,0,True,-0.010686253905276999,Isolation Forest
2026-09-06 10:01:00+00:00,14.19,14.0,3666.66,0.0,20.89,False,0,False,0.22319521414868204,None
2026-09-06 10:02:00+00:00,13.01,16.97,3545.08,0.0,40.89,False,0,False,0.19435261123660968,None
2026-09-06 10:03:00+00:00,15.84,25.57,3339.38,0.0,37.1,False,0,False,0.19585830369989127,None
2026-09-06 10:04:00+00:00,17.18,22.45,3493.44,0.0,46.35,False,0,False,0.19012894152425397,None
2026-09-06 10:05:00+00:00,9.25,14.02,3632.8,0.84,20.19,False,0,False,0.11713148447922916,None
2026-09-06 10:06:00+00:00,16.55,14.4,3664.68,0.0,37.47,False,0,False,0.18891284588320145,None
2026-09-06 10:07:00+00:00,11.45,12.54,3526.49,0.07,37.22,False,0,False,0.15128640678805044,None
2026-09-06 10:08:00+00:00,14.63,15.12,3514.53,0.74,40.73,False,0,False,0.14047409312876602,None
2026-09-06 10:09:00+00:00,11.58,19.0,3181.21,0.0,19.87,False,0,False,0.2577175794253725,None
2026-09-06 10:10:00+00:00,13.54,21.93,3679.34,0.0,20.95,False,0,False,0.2205315917930703,None
2026-09-06 10:11:00+00:00,10.21,13.49,3432.18,0.0,20.03,False,0,False,0.18512572648886472,None
2026-09-06 10:12:00+00:00,15.97,22.62,3646.23,0.0,21.01,False,0,False,0.21322390713512135,None
2026-09-06 10:13:00+00:00,15.32,15.1,3620.52,0.0,44.24,False,0,False,0.16100459460691052,None
2026-09-06 10:14:00+00:00,12.35,24.69,3462.94,0.0,20.21,False,0,False,0.22626391296043996,None
2026-09-06 10:15:00+00:00,12.84,12.26,3492.93,0.0,20.56,False,0,False,0.2102787234340086,None
2026-09-06 10:16:00+00:00,15.89,23.4,3325.94,0.21,42.98,False,0,False,0.18860299253679147,None
2026-09-06 10:17:00+00:00,15.52,13.43,3337.33,0.79,21.11,False,0,False,0.21367523013067913,None
2026-09-06 10:18:00+00:00,15.05,11.46,3492.19,0.0,20.64,False,0,False,0.21266215542384903,None
2026-09-06 10:19:00+00:00,12.83,13.83,3382.31,0.74,20.68,False,0,False,0.10807563773785789,None
2026-09-06 10:20:00+00:00,17.09,17.96,3494.1,0.0,19.75,False,0,False,0.24928957300671062,None
2026-09-06 10:21:00+00:00,20.74,20.66,3512.33,0.0,38.75,False,0,False,0.18184145855883993,None
2026-09-06 10:22:00+00:00,12.16,14.98,3905.22,0.0,20.23,False,0,False,0.2068675337171041,None
2026-09-06 10:23:00+00:00,13.34,13.5,3428.3,0.0,20.08,False,0,False,0.22809236973799146,None
2026-09-06 10:24:00+00:00,15.86,21.02,3640.75,0.0,20.45,False,0,False,0.17389947995383348,None
2026-09-06 10:25:00+00:00,16.73,19.93,3468.16,0.0,20.27,False,0,False,0.23821885227219292,None
2026-09-06 10:26:00+00:00,14.78,21.96,3498.14,0.0,47.91,False,0,False,0.175546385652198,None
2026-09-06 10:27:00+00:00,19.7,20.02,3518.95,0.0,20.97,False,0,False,0.2487534545539754,None
2026-09-06 10:28:00+00:00,12.88,12.17,3343.08,0.92,20.81,False,0,False,0.19185471700083173,None
2026-09-06 10:29:00+00:00,14.55,17.2,3524.27,0.0,20.95,False,0,False,0.26043300816200493,None
2026-09-06 10:30:00+00:00,14.74,16.56,3551.1,0.0,20.63,False,0,False,0.23928156329484235,None
2026-09-06 10:31:00+00:00,16.52,17.46,3821.62,0.0,51.98,False,0,False,0.14891338650845326,None
2026-09-06 10:32:00+00:00,19.72,23.52,3547.22,0.0,52.78,False,0,False,0.1532993843138149,None
2026-09-06 10:33:00+00:00,16.39,14.54,3700.75,0.0,21.13,False,0,False,0.23293215828865416,None
2026-09-06 10:34:00+00:00,16.23,17.88,3392.41,0.0,43.5,False,0,False,0.20320476269645155,None
2026-09-06 10:35:00+00:00,10.43,12.94,3536.59,0.62,45.45,False,0,False,0.11740951141289913,None
2026-09-06 10:36:00+00:00,12.74,13.73,3491.28,0.66,19.71,False,0,False,0.20049425781178903,None
2026-09-06 10:37:00+00:00,15.87,15.34,3362.17,0.0,51.41,False,0,False,0.1581734892401182,None
2026-09-06 10:38:00+00:00,16.75,16.02,3249.36,0.0,20.61,False,0,False,0.2504151736446367,None
2026-09-06 10:39:00+00:00,13.79,17.49,3639.88,0.0,46.23,False,0,False,0.1631621457781,None
2026-09-06 10:40:00+00:00,15.77,18.86,3312.89,0.0,51.67,False,0,False,0.2020211550680544,None
2026-09-06 10:41:00+00:00,16.24,20.33,3487.93,0.61,49.1,False,0,False,0.13042772912657974,None
2026-09-06 10:42:00+00:00,13.81,14.82,3560.55,0.34,55.77,False,0,False,0.12822254687825885,None
2026-09-06 10:43:00+00:00,14.65,14.55,3664.3,0.0,19.82,False,0,False,0.22703761981195664,None
2026-09-06 10:44:00+00:00,18.16,21.78,3530.48,0.0,48.48,False,0,False,0.17943209328838738,None
2026-09-06 10:45:00+00:00,16.78,16.28,3344.42,0.0,58.26,False,0,False,0.17470512602367927,None
2026-09-06 10:46:00+00:00,12.67,16.67,3485.49,0.0,58.17,False,0,False,0.13902325633144264,None
2026-09-06 10:47:00+00:00,17.6,16.56,3677.44,0.0,19.72,False,0,False,0.1967896607968148,None
2026-09-06 10:48:00+00:00,15.06,16.22,3536.04,0.96,55.48,True,1,False,0.11099024541926683,Z-Score
2026-09-06 10:49:00+00:00,15.65,16.3,3324.49,0.0,20.95,False,0,False,0.2675144793296721,None
2026-09-06 10:50:00+00:00,13.46,11.59,3188.86,0.0,20.36,False,0,False,0.2649792001651158,None
2026-09-06 10:51:00+00:00,9.52,7.5,3532.39,0.0,20.63,False,0,False,0.14565238270108727,None
2026-09-06 10:52:00+00:00,16.18,17.21,3485.07,0.0,46.21,False,0,False,0.2038484667482235,None
2026-09-06 10:53:00+00:00,14.6,18.25,3321.71,0.0,54.7,False,0,False,0.1912199775774976,None
2026-09-06 10:54:00+00:00,14.75,15.12,3282.87,0.0,61.34,False,0,False,0.18087125387627068,None
2026-09-06 10:55:00+00:00,11.81,19.22,3605.62,1.46,60.94,True,1,False,0.04461243091456901,Z-Score
2026-09-06 10:56:00+00:00,20.12,22.52,3527.23,0.0,49.49,False,0,False,0.13983281407802917,None
2026-09-06 10:57:00+00:00,21.96,24.12,3257.01,0.0,54.72,False,0,False,0.15157381622837984,None
2026-09-06 10:58:00+00:00,16.02,20.52,3277.9,0.0,48.86,False,0,False,0.21476061276673958,None
2026-09-06 10:59:00+00:00,21.29,22.04,3569.61,0.0,50.94,False,0,False,0.14731045913137403,None
2026-09-06 11:00:00+00:00,22.51,27.56,3565.15,0.0,59.88,False,0,False,0.08754324127884305,None
2026-09-06 11:01:00+00:00,17.9,19.81,3296.75,0.12,20.17,False,0,False,0.21687890035117086,None
2026-09-06 11:02:00+00:00,13.9,20.84,3204.02,0.3,19.72,False,0,False,0.20515585354885318,None
2026-09-06 11:03:00+00:00,14.35,15.0,3272.37,0.0,55.39,False,0,False,0.2010633023277803,None
2026-09-06 11:04:00+00:00,20.68,21.66,3313.45,0.0,56.16,False,0,False,0.13349332991844798,None
2026-09-06 11:05:00+00:00,17.29,21.37,3414.36,0.47,21.06,False,0,False,0.19019150512208233,None
2026-09-06 11:06:00+00:00,14.34,16.77,3076.29,0.0,57.96,False,0,False,0.19154194689540477,None
2026-09-06 11:07:00+00:00,15.7,16.42,3394.0,0.0,20.93,False,0,False,0.2548433292099048,None
2026-09-06 11:08:00+00:00,10.66,18.15,3425.14,0.0,55.67,False,0,False,0.1552737246951359,None
2026-09-06 11:09:00+00:00,17.68,26.39,3172.95,0.0,53.23,False,0,False,0.1480265910496278,None
2026-09-06 11:10:00+00:00,13.9,15.83,3521.65,0.0,20.92,False,0,False,0.243793944155549,None
2026-09-06 11:11:00+00:00,17.07,20.93,2953.07,0.0,20.18,True,1,False,0.22361720837247745,Z-Score
2026-09-06 11:12:00+00:00,17.99,27.73,3351.46,0.0,20.81,False,0,False,0.228655957396859,None
2026-09-06 11:13:00+00:00,15.37,19.33,3178.66,0.0,20.93,False,0,False,0.27224413455407853,None
2026-09-06 11:14:00+00:00,19.5,21.44,3083.49,0.0,61.91,False,0,False,0.1431982258220728,None
2026-09-06 11:15:00+00:00,15.37,21.22,3350.62,0.0,20.26,False,0,False,0.2628890948298545,None
2026-09-06 11:16:00+00:00,18.69,18.5,3340.49,0.0,20.83,False,0,False,0.1331319692373144,None
2026-09-06 11:17:00+00:00,12.37,21.63,3491.3,0.0,19.82,False,0,False,0.1997765806030165,None
2026-09-06 11:18:00+00:00,16.1,25.1,3169.5,0.0,20.91,False,0,False,0.2259620722472646,None
2026-09-06 11:19:00+00:00,16.88,22.31,2998.13,0.0,20.64,False,0,False,0.268796424292543,None
2026-09-06 11:20:00+00:00,14.59,16.22,3285.91,0.0,53.41,False,0,False,0.17703450049692226,None
2026-09-06 11:21:00+00:00,10.95,14.75,3110.09,0.55,62.38,False,0,False,0.12067665081570222,None
2026-09-06 11:22:00+00:00,12.61,16.22,3387.02,0.35,57.6,False,0,False,0.1289438160824541,None
2026-09-06 11:23:00+00:00,15.22,19.53,3228.42,0.0,67.72,False,0,False,0.16922537755831218,None
2026-09-06 11:24:00+00:00,16.86,23.1,3343.29,0.0,62.94,False,0,False,0.16007258664818735,None
2026-09-06 11:25:00+00:00,13.08,15.16,3040.84,0.0,20.45,False,0,False,0.2414728147677096,None
2026-09-06 11:26:00+00:00,14.01,13.52,2973.36,0.0,19.65,False,0,False,0.1777339706589548,None
2026-09-06 11:27:00+00:00,14.54,16.46,3092.2,0.0,57.0,False,0,False,0.2052266997578659,None
2026-09-06 11:28:00+00:00,15.47,19.54,3257.42,0.0,56.17,False,0,False,0.19475496818511545,None
2026-09-06 11:29:00+00:00,14.61,20.59,3421.46,0.0,20.5,False,0,False,0.2577426260344452,None
2026-09-06 11:30:00+00:00,12.07,19.53,3218.75,0.34,20.27,False,0,False,0.1664566757250236,None
2026-09-06 11:31:00+00:00,18.34,21.79,2967.3,0.0,55.18,False,0,False,0.18395017043451944,None
2026-09-06 11:32:00+00:00,14.11,19.19,2885.12,0.0,50.4,False,0,False,0.21291872530050554,None
2026-09-06 11:33:00+00:00,12.13,12.71,3007.21,0.0,60.42,False,0,False,0.14940821897140788,None
2026-09-06 11:34:00+00:00,14.76,17.46,3439.02,0.0,21.11,False,0,False,0.23853347243502704,None
2026-09-06 11:35:00+00:00,12.39,14.15,3150.34,1.6,65.52,True,1,False,0.0446237250839111,Z-Score
2026-09-06 11:36:00+00:00,15.64,19.01,3150.75,0.23,20.58,False,0,False,0.23077783499784255,None
2026-09-06 11:37:00+00:00,12.95,16.47,3309.83,0.01,66.3,False,0,False,0.14619943447615086,None
2026-09-06 11:38:00+00:00,13.3,19.66,3026.93,0.0,20.06,False,0,False,0.2594738303282956,None
2026-09-06 11:39:00+00:00,12.7,15.13,3188.86,0.0,54.65,False,0,False,0.19857533856813686,None
2026-09-06 11:40:00+00:00,14.43,14.7,3109.9,0.0,72.85,False,0,False,0.14617149218550296,None
2026-09-06 11:41:00+00:00,15.51,16.22,3138.37,0.0,67.43,False,0,False,0.1846102705181184,None
2026-09-06 11:42:00+00:00,16.49,19.79,3299.44,0.0,19.72,False,0,False,0.24546171079872908,None
2026-09-06 11:43:00+00:00,13.67,25.72,3278.98,0.0,20.36,False,0,False,0.22596446589748664,None
2026-09-06 11:44:00+00:00,14.73,19.56,3219.3,0.0,56.55,False,0,False,0.07701102466195886,None
2026-09-06 11:45:00+00:00,17.3,19.09,3224.42,0.9,54.37,False,0,False,0.1278368369830457,None
2026-09-06 11:46:00+00:00,15.04,18.0,2983.15,0.2,19.73,False,0,False,0.23569666809934775,None
2026-09-06 11:47:00+00:00,14.29,13.96,3246.46,0.0,53.95,False,0,False,0.20375748397152516,None
2026-09-06 11:48:00+00:00,15.45,17.73,3301.46,0.0,20.37,False,0,False,0.18725143921131465,None
2026-09-06 11:49:00+00:00,19.23,21.31,3093.32,0.02,19.63,False,0,False,0.18690989678861536,None
2026-09-06 11:50:00+00:00,11.96,13.76,3318.36,0.0,21.12,False,0,False,0.20546245812533281,None
2026-09-06 11:51:00+00:00,12.57,12.53,3380.39,0.54,53.34,False,0,False,0.14222838697136886,None
2026-09-06 11:52:00+00:00,12.89,17.96,2940.12,0.18,54.24,False,0,False,0.1871444628594484,None
2026-09-06 11:53:00+00:00,18.33,19.51,3136.3,0.0,60.38,False,0,False,0.1826373354498932,None
2026-09-06 11:54:00+00:00,10.37,9.2,3100.05,0.0,19.85,False,0,False,0.21152914736206646,None
2026-09-06 11:55:00+00:00,9.3,13.9,3043.77,0.0,19.74,False,0,False,0.18137985191859085,None
2026-09-06 11:56:00+00:00,14.12,11.59,3129.44,0.0,59.72,False,0,False,0.17125829528863334,None
2026-09-06 11:57:00+00:00,14.46,13.37,3209.31,0.0,72.49,False,0,False,0.13223780961219644,None
2026-09-06 11:58:00+00:00,12.48,12.28,3253.56,0.0,20.23,False,0,False,0.24281620366147122,None
2026-09-06 11:59:00+00:00,12.3,10.21,2961.57,0.0,74.13,False,0,False,0.13201345100122364,None
2026-09-06 12:00:00+00:00,23.07,27.28,2879.63,0.0,70.17,True,1,False,0.09919500146248073,Z-Score
2026-09-06 12:01:00+00:00,15.25,18.32,2989.2,0.0,20.99,False,0,False,0.26684639489794043,None
2026-09-06 12:02:00+00:00,14.05,19.44,2959.6,0.37,19.87,False,0,False,0.24500110491105997,None
2026-09-06 12:03:00+00:00,15.97,17.18,3151.21,0.0,63.68,False,0,False,0.18659622860693648,None
2026-09-06 12:04:00+00:00,13.82,11.39,2980.38,0.0,19.86,False,0,False,0.1632316196087032,None
2026-09-06 12:05:00+00:00,12.58,12.22,3172.35,0.0,64.37,False,0,False,0.16496442777664388,None
2026-09-06 12:06:00+00:00,13.51,20.24,3123.7,0.0,78.8,False,0,False,0.14040681319125092,None
2026-09-06 12:07:00+00:00,15.02,14.54,3004.14,1.05,20.58,True,1,False,0.18368689088224205,Z-Score
2026-09-06 12:08:00+00:00,13.63,16.37,2905.19,0.0,78.12,False,0,False,0.13818031494144645,None
2026-09-06 12:09:00+00:00,16.79,26.55,2817.17,0.0,59.2,False,0,False,0.15005864662288398,None
2026-09-06 12:10:00+00:00,17.54,21.75,3000.98,0.0,20.37,False,0,False,0.25169638311295467,None
2026-09-06 12:11:00+00:00,14.6,13.96,2786.71,1.06,20.67,True,1,False,0.14618284636579876,Z-Score
2026-09-06 12:12:00+00:00,16.47,16.47,3138.18,0.0,57.95,False,0,False,0.16329648348528364,None
2026-09-06 12:13:00+00:00,16.88,18.46,2830.87,0.0,76.62,False,0,False,0.11857966800905295,None
2026-09-06 12:14:00+00:00,19.65,22.38,2993.08,0.0,20.96,False,0,False,0.24282634777758932,None
2026-09-06 12:15:00+00:00,15.23,17.03,3227.4,0.22,21.0,False,0,False,0.1913587794789498,None
2026-09-06 12:16:00+00:00,13.76,16.85,2966.79,0.49,20.33,False,0,False,0.19992968846274445,None
2026-09-06 12:17:00+00:00,13.2,18.28,2882.04,0.0,19.75,False,0,False,0.2297798982528712,None
2026-09-06 12:18:00+00:00,17.11,22.65,2884.43,0.0,19.75,False,0,False,0.23902373430487517,None
2026-09-06 12:19:00+00:00,16.65,17.32,3005.99,0.0,19.72,False,0,False,0.2579399588794498,None
2026-09-06 12:20:00+00:00,12.0,12.61,2799.98,0.0,21.05,False,0,False,0.24453455792253664,None
2026-09-06 12:21:00+00:00,16.27,17.7,2944.32,0.24,68.12,False,0,False,0.1565869719860815,None
2026-09-06 12:22:00+00:00,16.35,21.39,3160.33,0.03,20.15,False,0,False,0.24331007966680096,None
2026-09-06 12:23:00+00:00,14.51,13.02,2997.44,0.0,56.69,False,0,False,0.18594183731739067,None
2026-09-06 12:24:00+00:00,13.2,21.03,2852.01,0.0,19.74,False,0,False,0.26325423349483923,None
2026-09-06 12:25:00+00:00,16.47,17.04,2693.34,0.63,20.26,False,0,False,0.2049745966881084,None
2026-09-06 12:26:00+00:00,18.12,18.54,2738.43,1.42,82.11,True,1,False,0.025319643053718033,Z-Score
2026-09-06 12:27:00+00:00,15.33,17.06,3178.57,1.1,19.94,False,0,False,0.16106814077554787,None
2026-09-06 12:28:00+00:00,16.78,18.97,2712.5,0.0,21.09,False,0,False,0.25574614732034906,None
2026-09-06 12:29:00+00:00,20.68,20.35,2841.21,0.3,19.85,False,0,False,0.15077376353275562,None
2026-09-06 12:30:00+00:00,14.04,12.14,2928.37,0.0,20.43,False,0,False,0.22874981049977006,None
2026-09-06 12:31:00+00:00,16.75,21.41,3059.14,0.66,19.98,False,0,False,0.18144761973271983,None
2026-09-06 12:32:00+00:00,14.79,14.59,2799.5,0.0,20.81,False,0,False,0.19574650163415458,None
2026-09-06 12:33:00+00:00,13.07,15.02,2820.9,1.21,21.1,False,0,False,0.14896076877175912,None
2026-09-06 12:34:00+00:00,14.98,17.4,2875.27,0.0,67.63,False,0,False,0.13768172200342443,None
2026-09-06 12:35:00+00:00,18.96,17.58,2880.16,0.0,71.04,False,0,False,0.15906543113049137,None
2026-09-06 12:36:00+00:00,14.2,14.13,2763.58,0.0,55.65,False,0,False,0.1998363363269221,None
2026-09-06 12:37:00+00:00,16.43,20.57,2652.07,0.0,80.97,False,0,False,0.13825696828099276,None
2026-09-06 12:38:00+00:00,13.12,15.76,2856.7,0.0,72.47,False,0,False,0.16824777481285103,None
2026-09-06 12:39:00+00:00,16.97,19.6,3015.03,0.0,65.04,False,0,False,0.1835497238160238,None
2026-09-06 12:40:00+00:00,14.67,15.88,2885.83,0.15,19.93,False,0,False,0.22384898649380464,None
2026-09-06 12:41:00+00:00,16.25,18.45,3005.93,0.0,20.58,False,0,False,0.2440631988798284,None
2026-09-06 12:42:00+00:00,17.03,22.24,3180.13,0.0,20.87,False,0,False,0.24196733614625154,None
2026-09-06 12:43:00+00:00,15.0,12.34,3033.04,0.34,21.06,False,0,False,0.22287294857166057,None
2026-09-06 12:44:00+00:00,14.68,19.49,2978.81,0.0,82.06,False,0,False,0.14279591311199136,None
2026-09-06 12:45:00+00:00,13.66,13.34,2659.17,0.16,20.36,False,0,False,0.1444889179397068,None
2026-09-06 12:46:00+00:00,14.69,12.88,2695.5,0.02,20.49,False,0,False,0.23285020909658727,None
2026-09-06 12:47:00+00:00,17.03,16.48,2944.82,0.01,20.57,False,0,False,0.22602068612835624,None
2026-09-06 12:48:00+00:00,11.75,10.6,2595.64,0.43,20.73,False,0,False,0.16139582076441567,None
2026-09-06 12:49:00+00:00,18.12,24.22,2831.14,0.0,73.72,False,0,False,0.12788296112236996,None
2026-09-06 12:50:00+00:00,11.21,11.49,2773.36,0.0,19.98,False,0,False,0.23585747477602348,None
2026-09-06 12:51:00+00:00,14.17,15.11,2667.48,0.49,75.05,False,0,False,0.08741499299087474,None
2026-09-06 12:52:00+00:00,15.74,18.03,3147.31,0.0,19.99,False,0,False,0.2540569235318407,None
2026-09-06 12:53:00+00:00,17.04,20.0,2904.03,1.08,20.89,False,0,False,0.13729029067916199,None
2026-09-06 12:54:00+00:00,15.52,20.93,2960.13,0.0,20.21,False,0,False,0.22834319539652786,None
2026-09-06 12:55:00+00:00,13.49,16.31,2713.06,0.0,20.7,False,0,False,0.2491403975290547,None
2026-09-06 12:56:00+00:00,16.07,16.26,2685.89,0.0,74.84,False,0,False,0.15466567649657775,None
2026-09-06 12:57:00+00:00,14.3,16.15,2986.07,1.83,67.0,True,1,False,0.008573027340681216,Z-Score
2026-09-06 12:58:00+00:00,13.46,16.97,2500.33,0.0,19.99,False,0,False,0.21922574325706756,None
2026-09-06 12:59:00+00:00,12.48,14.82,2899.36,0.0,21.07,False,0,False,0.24312541601616977,None
2026-09-06 13:00:00+00:00,12.55,15.92,3008.88,0.0,87.15,False,0,False,0.13037522191714068,None
2026-09-06 13:01:00+00:00,12.57,13.56,2928.17,0.0,20.93,False,0,False,0.24619068270792616,None
2026-09-06 13:02:00+00:00,16.33,19.56,3187.13,0.62,20.56,False,0,False,0.2227267017103659,None
2026-09-06 13:03:00+00:00,12.32,13.67,2781.24,0.0,20.94,False,0,False,0.22665467711108273,None
2026-09-06 13:04:00+00:00,18.13,26.49,2738.75,0.77,20.89,False,0,False,0.06128231593081712,None
2026-09-06 13:05:00+00:00,16.35,19.33,2956.65,0.0,19.79,False,0,False,0.24617807220218013,None
2026-09-06 13:06:00+00:00,12.5,16.13,2675.0,0.0,20.16,False,0,False,0.25075255354444764,None
2026-09-06 13:07:00+00:00,13.25,17.91,2958.01,0.0,79.17,False,0,False,0.1401330789748677,None
2026-09-06 13:08:00+00:00,16.03,15.76,3176.73,0.0,19.65,False,0,False,0.26046753144325147,None
2026-09-06 13:09:00+00:00,14.12,16.07,2832.77,0.0,19.67,False,0,False,0.24073411832778963,None
2026-09-06 13:10:00+00:00,14.66,14.44,2731.52,1.09,80.43,False,0,False,0.003055319806709922,None
2026-09-06 13:11:00+00:00,13.72,16.33,3032.43,0.38,65.33,False,0,False,0.13178398931055402,None
2026-09-06 13:12:00+00:00,10.64,10.6,2770.68,0.3,82.91,False,0,False,0.08376647361769374,None
2026-09-06 13:13:00+00:00,18.02,24.68,2829.96,0.0,87.91,False,0,False,0.08793855715751853,None
2026-09-06 13:14:00+00:00,17.12,18.03,2623.35,0.34,20.56,False,0,False,0.22845138196020703,None
2026-09-06 13:15:00+00:00,13.51,19.96,2867.56,0.0,19.66,False,0,False,0.21337360788888937,None
2026-09-06 13:16:00+00:00,15.21,20.14,2810.87,0.0,21.1,False,0,False,0.23068972393975484,None
2026-09-06 13:17:00+00:00,15.09,16.39,2693.27,0.72,20.46,False,0,False,0.2036193622376542,None
2026-09-06 13:18:00+00:00,12.56,13.89,2790.49,1.27,83.69,False,0,True,-0.002396998666268413,Isolation Forest
2026-09-06 13:19:00+00:00,9.66,11.17,2863.3,0.54,21.02,False,0,False,0.16801700401135794,None
2026-09-06 13:20:00+00:00,20.38,20.78,2897.74,0.0,20.06,False,0,False,0.2319564475866014,None
2026-09-06 13:21:00+00:00,14.29,15.5,2780.32,0.5,20.28,False,0,False,0.22854131802317013,None
2026-09-06 13:22:00+00:00,12.34,13.45,2700.06,0.0,59.9,False,0,False,0.1819416513395158,None
2026-09-06 13:23:00+00:00,13.74,13.51,2720.84,0.58,20.14,False,0,False,0.19972193803665217,None
2026-09-06 13:24:00+00:00,16.31,14.9,2622.25,0.0,67.09,False,0,False,0.15233071232746337,None
2026-09-06 13:25:00+00:00,10.39,17.38,2746.82,0.0,65.0,False,0,False,0.15932877191719846,None
2026-09-06 13:26:00+00:00,16.77,19.96,2768.46,0.0,88.38,False,0,False,0.12315783355267962,None
2026-09-06 13:27:00+00:00,12.21,18.35,2513.76,0.0,88.85,False,0,False,0.11701900189231662,None
2026-09-06 13:28:00+00:00,14.77,21.58,2614.57,0.0,67.09,False,0,False,0.16076481239365087,None
2026-09-06 13:29:00+00:00,21.65,23.68,2712.34,0.0,88.01,False,0,False,0.07026794867601716,None
2026-09-06 13:30:00+00:00,18.66,22.46,2765.06,0.0,20.79,False,0,False,0.2704595464796036,None
2026-09-06 13:31:00+00:00,14.39,12.17,2800.24,0.0,80.08,False,0,False,0.12784496259537814,None
2026-09-06 13:32:00+00:00,17.76,18.63,2825.22,0.0,21.09,False,0,False,0.270172924909682,None
2026-09-06 13:33:00+00:00,16.23,15.42,2572.16,0.54,20.67,False,0,False,0.1882389848883067,None
2026-09-06 13:34:00+00:00,11.03,12.44,3025.03,0.0,72.6,False,0,False,0.11582509022326515,None
2026-09-06 13:35:00+00:00,17.63,18.17,2667.18,0.0,59.5,False,0,False,0.18656036049088814,None
2026-09-06 13:36:00+00:00,13.04,11.08,2785.93,0.0,82.86,False,0,False,0.1234662369080114,None
2026-09-06 13:37:00+00:00,11.52,18.15,2793.71,0.0,72.43,False,0,False,0.1235302936729703,None
2026-09-06 13:38:00+00:00,11.42,12.88,2712.56,0.55,71.81,False,0,False,0.1111335583363594,None
2026-09-06 13:39:00+00:00,16.12,21.85,2649.23,1.01,19.94,False,0,False,0.14745501753520657,None
2026-09-06 13:40:00+00:00,19.45,24.19,2753.92,0.11,58.44,False,0,False,0.14085059972150227,None
2026-09-06 13:41:00+00:00,16.29,22.04,2631.15,0.0,20.04,False,0,False,0.22630982465642652,None
2026-09-06 13:42:00+00:00,13.31,16.69,2922.92,0.76,20.18,False,0,False,0.16718664308742603,None
2026-09-06 13:43:00+00:00,16.06,18.32,2856.2,0.0,20.57,False,0,False,0.2642977568675158,None
2026-09-06 13:44:00+00:00,16.4,18.93,3049.4,0.81,66.95,False,0,False,0.11165644715425915,None
2026-09-06 13:45:00+00:00,19.65,25.29,2581.13,0.0,20.26,False,0,False,0.1909801048491988,None
2026-09-06 13:46:00+00:00,15.32,22.09,2616.96,0.0,59.74,False,0,False,0.16395233744958082,None
2026-09-06 13:47:00+00:00,14.47,20.78,2823.31,0.0,64.49,False,0,False,0.10744550829157362,None
2026-09-06 13:48:00+00:00,16.02,17.24,2803.42,0.0,20.95,False,0,False,0.2114741678079114,None
2026-09-06 13:49:00+00:00,15.61,17.04,2717.81,0.47,19.65,False,0,False,0.22150584378759008,None
