created_at,pm25_ugm3_actual_t60,pm25_ugm3_forecast_t60,pm10_ugm3_actual_t60,pm10_ugm3_forecast_t60,co_ugm3_actual_t60,co_ugm3_forecast_t60,no2_ugm3_actual_t60,no2_ugm3_forecast_t60,o3_ugm3_actual_t60,o3_ugm3_forecast_t60,forecast_at
2026-09-05 11:55:00+00:00,17.4,15.106869,23.32,17.961298,2807.53,2857.6536,0.0,0.0,79.2,52.442245,2026-09-05 12:55:00+00:00
2026-09-05 11:56:00+00:00,8.0,15.306887,9.43,18.1585,2616.17,2847.5957,0.0,0.0,20.84,52.184017,2026-09-05 12:56:00+00:00
2026-09-05 11:57:00+00:00,13.41,15.314551,15.0,17.90305,2852.9,2854.2,0.0,0.0,19.95,49.124,2026-09-05 12:57:00+00:00
2026-09-05 11:58:00+00:00,12.93,15.675904,14.7,19.110865,2674.06,2853.5417,0.58,0.0,57.8,42.704502,2026-09-05 12:58:00+00:00
2026-09-05 11:59:00+00:00,13.1,15.73889,18.74,18.49932,2900.52,2777.8794,0.0,0.07285363,20.67,43.899727,2026-09-05 12:59:00+00:00
2026-09-05 12:00:00+00:00,14.85,15.437886,15.37,18.48554,2758.31,2845.0332,0.0,0.0,21.02,46.72665,2026-09-05 13:00:00+00:00
2026-09-05 12:01:00+00:00,15.39,15.399696,18.94,17.979876,2924.02,2836.963,0.0,0.0,20.85,45.774555,2026-09-05 13:01:00+00:00
2026-09-05 12:02:00+00:00,15.01,15.446156,12.24,18.313524,2903.5,2764.4753,0.0,0.0,20.16,44.275513,2026-09-05 13:02:00+00:00
2026-09-05 12:03:00+00:00,11.5,15.527509,7.63,17.856604,2810.29,2796.7126,0.0,0.0,58.91,44.745903,2026-09-05 13:03:00+00:00
2026-09-05 12:04:00+00:00,14.49,15.506957,22.9,18.271349,2926.28,2797.496,0.18,0.0,20.54,41.483803,2026-09-05 13:04:00+00:00
2026-09-05 12:05:00+00:00,13.73,15.425176,20.8,17.80686,2403.21,2783.9675,0.0,0.0,19.85,49.240196,2026-09-05 13:05:00+00:00
2026-09-05 12:06:00+00:00,15.32,15.340589,16.14,17.894844,2667.78,2850.2297,0.05,0.0,74.02,43.740242,2026-09-05 13:06:00+00:00
2026-09-05 12:07:00+00:00,9.97,15.403238,12.6,18.583393,3004.01,2833.866,0.0,0.0,77.0,43.604614,2026-09-05 13:07:00+00:00
2026-09-05 12:08:00+00:00,12.53,15.367648,13.19,17.953981,2765.43,2825.0405,0.02,0.0,20.01,43.162964,2026-09-05 13:08:00+00:00
2026-09-05 12:09:00+00:00,12.09,15.75841,16.7,17.854929,2568.56,2790.6824,0.0,0.0,20.5,44.782936,2026-09-05 13:09:00+00:00
2026-09-05 12:10:00+00:00,14.53,15.828204,13.59,18.081972,2527.27,2738.973,0.0,0.0,65.93,46.19626,2026-09-05 13:10:00+00:00
2026-09-05 12:11:00+00:00,16.37,15.33117,20.67,17.483215,2765.24,2769.2485,0.0,0.0,20.78,41.482456,2026-09-05 13:11:00+00:00
2026-09-05 12:12:00+00:00,14.47,15.27635,16.86,18.14087,2796.08,2760.4275,0.0,0.0,19.78,49.089233,2026-09-05 13:12:00+00:00
2026-09-05 12:13:00+00:00,11.65,14.932829,13.48,17.882748,2677.23,2757.076,0.0,0.0,20.59,47.217552,2026-09-05 13:13:00+00:00
2026-09-05 12:14:00+00:00,14.08,14.9798,17.55,17.54939,2792.09,2764.8584,0.0,0.0,20.03,45.897808,2026-09-05 13:14:00+00:00
2026-09-05 12:15:00+00:00,14.75,15.198974,18.12,18.165554,3061.48,2740.846,0.0,0.0,75.64,40.826283,2026-09-05 13:15:00+00:00
2026-09-05 12:16:00+00:00,14.11,15.341221,14.01,18.367525,3021.49,2754.7197,0.0,0.0,20.19,46.601204,2026-09-05 13:16:00+00:00
2026-09-05 12:17:00+00:00,16.13,15.344737,19.99,18.254782,2850.23,2760.6602,0.0,0.0,68.72,45.539574,2026-09-05 13:17:00+00:00
2026-09-05 12:18:00+00:00,16.85,16.011295,21.81,18.113539,2904.79,2826.1675,0.0,0.0,65.93,44.28973,2026-09-05 13:18:00+00:00
2026-09-05 12:19:00+00:00,15.14,16.790398,15.29,18.942703,2613.05,2757.2163,0.3,1.6449441,19.99,46.78687,2026-09-05 13:19:00+00:00
2026-09-05 12:20:00+00:00,15.67,16.40652,20.71,18.414434,2617.43,2787.1921,0.73,0.0,86.4,47.133354,2026-09-05 13:20:00+00:00
2026-09-05 12:21:00+00:00,13.27,16.58924,16.03,18.055386,2621.38,2752.0376,0.0,2.9703202,20.12,43.673546,2026-09-05 13:21:00+00:00
2026-09-05 12:22:00+00:00,13.55,16.585974,16.85,18.657553,2908.93,2740.6775,0.0,2.1188836,74.14,44.051697,2026-09-05 13:22:00+00:00
2026-09-05 12:23:00+00:00,16.6,16.578844,21.33,18.913738,2947.54,2744.1555,0.0,0.0,69.95,47.51909,2026-09-05 13:23:00+00:00
2026-09-05 12:24:00+00:00,12.75,17.024982,14.13,18.947136,2573.34,2767.5168,0.58,0.0,19.76,43.440136,2026-09-05 13:24:00+00:00
2026-09-05 12:25:00+00:00,10.67,16.310625,9.71,18.03016,2572.08,2766.979,0.45,0.014753861,19.73,43.472942,2026-09-05 13:25:00+00:00
2026-09-05 12:26:00+00:00,15.73,16.446253,18.09,19.162426,2713.96,2808.5784,0.21,0.0,20.64,45.89545,2026-09-05 13:26:00+00:00
2026-09-05 12:27:00+00:00,12.82,16.620876,19.94,18.64457,2674.6,2782.6965,0.93,0.0,81.72,51.978558,2026-09-05 13:27:00+00:00
2026-09-05 12:28:00+00:00,13.02,16.377626,21.0,18.84499,2885.34,2751.397,0.3,0.0,20.81,44.29962,2026-09-05 13:28:00+00:00
2026-09-05 12:29:00+00:00,18.79,16.599506,22.45,18.617992,2995.36,2771.6653,0.82,0.0,88.38,48.7387,2026-09-05 13:29:00+00:00
2026-09-05 12:30:00+00:00,16.87,16.359875,24.9,18.333393,2770.63,2780.2383,0.0,0.0,21.0,43.367043,2026-09-05 13:30:00+00:00
2026-09-05 12:31:00+00:00,12.24,16.47015,13.34,18.136623,2700.06,2762.8235,0.0,0.0,21.12,48.21756,2026-09-05 13:31:00+00:00
2026-09-05 12:32:00+00:00,10.74,17.127533,13.67,18.470976,2709.86,2740.5405,0.0,1.0206143,63.65,48.152523,2026-09-05 13:32:00+00:00
2026-09-05 12:33:00+00:00,16.98,17.488134,20.79,19.205154,2633.77,2763.0334,0.0,0.0,78.61,48.849052,2026-09-05 13:33:00+00:00
2026-09-05 12:34:00+00:00,16.79,16.400084,17.45,18.746025,2674.8,2736.155,0.0,0.0,20.83,52.14861,2026-09-05 13:34:00+00:00
2026-09-05 12:35:00+00:00,14.27,15.973696,16.9,18.796843,2711.11,2739.493,0.0,0.0,20.96,49.292053,2026-09-05 13:35:00+00:00
2026-09-05 12:36:00+00:00,16.04,16.135132,20.38,18.26132,2774.41,2778.8938,0.0,0.0,20.21,42.01638,2026-09-05 13:36:00+00:00
2026-09-05 12:37:00+00:00,10.81,16.068253,13.49,17.667152,2668.02,2731.0398,0.0,0.0,19.75,40.19872,2026-09-05 13:37:00+00:00
2026-09-05 12:38:00+00:00,16.51,16.411646,20.6,18.575191,2871.26,2791.7607,0.0,0.0,73.13,47.08022,2026-09-05 13:38:00+00:00
2026-09-05 12:39:00+00:00,14.55,16.50912,16.0,17.86056,2746.11,2734.9785,0.0,0.0,74.04,46.158527,2026-09-05 13:39:00+00:00
2026-09-05 12:40:00+00:00,13.57,15.202155,10.35,16.996822,2789.58,2702.286,0.0,0.0,20.94,41.618973,2026-09-05 13:40:00+00:00
2026-09-05 12:41:00+00:00,12.64,15.128326,20.73,16.720827,2660.05,2736.3628,0.84,0.0,21.08,45.6046,2026-09-05 13:41:00+00:00
2026-09-05 12:42:00+00:00,13.58,15.060188,17.94,16.805555,2706.23,2711.7483,0.0,0.07769492,20.05,43.203144,2026-09-05 13:42:00+00:00
2026-09-05 12:43:00+00:00,13.51,15.369744,19.14,17.869951,2726.38,2693.184,0.0,0.1742804,20.07,52.318943,2026-09-05 13:43:00+00:00
2026-09-05 12:44:00+00:00,15.41,15.806787,16.26,18.276754,2670.71,2699.8464,0.0,0.074712954,20.45,46.491226,2026-09-05 13:44:00+00:00
2026-09-05 12:45:00+00:00,17.25,14.782817,21.16,18.781889,2994.65,2668.517,0.0,0.122488916,20.24,48.81594,2026-09-05 13:45:00+00:00
2026-09-05 12:46:00+00:00,21.7,14.786218,22.41,18.384474,2671.82,2689.4548,0.0,0.075660564,20.19,47.009495,2026-09-05 13:46:00+00:00
2026-09-05 12:47:00+00:00,14.83,14.944057,19.13,17.675415,2696.96,2670.754,0.0,0.30107456,83.15,43.80157,2026-09-05 13:47:00+00:00
2026-09-05 12:48:00+00:00,16.52,14.826471,21.64,17.625916,2616.14,2710.128,1.04,0.1656364,20.78,55.892487,2026-09-05 13:48:00+00:00
2026-09-05 12:49:00+00:00,15.38,15.395125,15.22,18.028458,2894.23,2660.1003,0.33,0.21560302,78.58,43.075123,2026-09-05 13:49:00+00:00
2026-09-05 12:50:00+00:00,17.15,15.383844,20.45,18.120031,2497.43,2653.1973,0.0,0.23283789,19.93,43.56538,2026-09-05 13:50:00+00:00
2026-09-05 12:51:00+00:00,13.78,15.166545,16.08,18.069155,2534.2,2688.8345,0.72,0.32940838,66.4,48.644432,2026-09-05 13:51:00+00:00
2026-09-05 12:52:00+00:00,15.46,14.544524,17.55,18.064848,2741.82,2669.2078,0.0,0.32046384,20.94,46.215878,2026-09-05 13:52:00+00:00
2026-09-05 12:53:00+00:00,16.44,15.312024,20.18,17.578289,2825.38,2708.39,0.0,0.20911628,81.97,54.158833,2026-09-05 13:53:00+00:00
2026-09-05 12:54:00+00:00,18.94,14.699709,17.75,17.993202,2703.94,2696.4827,0.0,0.3086526,20.07,48.768215,2026-09-05 13:54:00+00:00
2026-09-05 12:55:00+00:00,9.39,15.16894,10.71,17.098127,2728.9,2669.7998,0.0,0.21895285,20.01,46.636627,2026-09-05 13:55:00+00:00
2026-09-05 12:56:00+00:00,19.21,15.0143,22.53,17.86667,2538.75,2731.7258,0.0,1.1209519,81.87,43.73482,2026-09-05 13:56:00+00:00
2026-09-05 12:57:00+00:00,11.38,15.187178,12.62,17.298725,2792.0,2762.7024,0.53,1.1209519,19.86,45.325054,2026-09-05 13:57:00+00:00
2026-09-05 12:58:00+00:00,14.41,15.362645,14.1,18.203629,2601.88,2692.3118,0.64,0.28830293,20.85,49.095535,2026-09-05 13:58:00+00:00
2026-09-05 12:59:00+00:00,14.26,15.668604,16.5,18.061516,2685.56,2726.164,0.0,0.26451504,79.01,48.00884,2026-09-05 13:59:00+00:00
2026-09-05 13:00:00+00:00,14.8,15.377288,16.58,17.645645,2935.39,2724.3245,0.0,0.22914551,20.4,44.67032,2026-09-05 14:00:00+00:00
2026-09-05 13:01:00+00:00,14.25,15.090493,13.93,17.64613,2555.0,2703.0107,0.54,0.2259819,20.75,42.72677,2026-09-05 14:01:00+00:00
2026-09-05 13:02:00+00:00,13.44,15.332824,13.09,17.531862,2904.45,2666.229,0.0,0.22914551,20.54,45.003254,2026-09-05 14:02:00+00:00
2026-09-05 13:03:00+00:00,15.92,14.877483,19.2,16.843515,2659.03,2634.846,0.0,0.23780377,20.0,47.827328,2026-09-05 14:03:00+00:00
2026-09-05 13:04:00+00:00,14.8,16.046314,17.59,17.900879,2738.69,2717.5366,0.0,0.2680198,19.9,42.306248,2026-09-05 14:04:00+00:00
2026-09-05 13:05:00+00:00,16.96,15.319608,17.42,16.918713,2738.22,2713.734,0.89,0.0,78.08,46.834316,2026-09-05 14:05:00+00:00
2026-09-05 13:06:00+00:00,17.8,16.227697,19.38,19.080555,2814.03,2703.7551,0.0,0.0,69.58,45.8657,2026-09-05 14:06:00+00:00
2026-09-05 13:07:00+00:00,16.6,15.462283,18.66,18.555683,2765.15,2666.65,0.98,0.0,20.93,39.798164,2026-09-05 14:07:00+00:00
2026-09-05 13:08:00+00:00,14.31,15.343945,13.06,18.48308,2855.8,2670.1106,0.02,0.0,20.66,41.12061,2026-09-05 14:08:00+00:00
2026-09-05 13:09:00+00:00,13.19,16.162357,11.01,18.973434,2773.26,2662.7876,0.43,0.0,86.33,40.45385,2026-09-05 14:09:00+00:00
2026-09-05 13:10:00+00:00,16.82,15.8564825,13.1,18.605944,2670.93,2682.2751,0.53,0.0,20.68,44.81532,2026-09-05 14:10:00+00:00
2026-09-05 13:11:00+00:00,15.1,15.6027775,14.99,17.823687,2835.41,2687.8708,0.0,0.0,19.84,46.438164,2026-09-05 14:11:00+00:00
2026-09-05 13:12:00+00:00,15.84,15.372355,17.14,18.504646,2424.73,2741.222,0.0,0.0,84.53,45.536,2026-09-05 14:12:00+00:00
2026-09-05 13:13:00+00:00,20.96,15.911555,23.06,19.253653,2560.52,2676.8489,0.23,0.0,65.02,43.954742,2026-09-05 14:13:00+00:00
2026-09-05 13:14:00+00:00,17.78,16.445017,23.54,19.009508,2612.94,2671.2554,0.0,0.0,20.33,42.65672,2026-09-05 14:14:00+00:00
2026-09-05 13:15:00+00:00,16.11,16.40273,19.05,18.65506,2562.85,2802.444,0.27,0.0,20.83,40.66696,2026-09-05 14:15:00+00:00
2026-09-05 13:16:00+00:00,16.86,15.839305,15.66,18.758255,2465.08,2665.7996,0.78,0.0,79.25,45.524075,2026-09-05 14:16:00+00:00
2026-09-05 13:17:00+00:00,13.28,15.973792,17.17,18.805317,2557.34,2694.543,0.0,0.0,20.76,40.273716,2026-09-05 14:17:00+00:00
2026-09-05 13:18:00+00:00,13.05,16.120466,15.01,18.540152,2675.15,2718.1682,0.0,0.0,69.12,46.1719,2026-09-05 14:18:00+00:00
2026-09-05 13:19:00+00:00,14.58,15.856023,19.79,18.976793,2486.18,2690.047,0.0,0.0,83.93,47.514362,2026-09-05 14:19:00+00:00
2026-09-05 13:20:00+00:00,12.99,16.238136,12.94,19.066187,2611.6,2672.4775,0.17,0.0,60.11,40.455303,2026-09-05 14:20:00+00:00
2026-09-05 13:21:00+00:00,15.05,16.177061,16.44,18.333832,2507.72,2727.1948,0.0,0.0,19.64,43.23751,2026-09-05 14:21:00+00:00
2026-09-05 13:22:00+00:00,11.65,15.960742,12.18,18.241144,2948.03,2696.7778,0.0,0.0,20.86,41.742,2026-09-05 14:22:00+00:00
2026-09-05 13:23:00+00:00,14.2,16.227856,13.77,18.896961,2711.75,2711.7402,0.0,0.0,19.65,48.271282,2026-09-05 14:23:00+00:00
2026-09-05 13:24:00+00:00,20.38,15.976172,22.88,18.495478,2631.49,2692.642,0.61,0.0,77.39,45.218884,2026-09-05 14:24:00+00:00
2026-09-05 13:25:00+00:00,10.91,15.541025,12.35,18.00335,2472.74,2617.5686,0.0,0.0,19.74,50.825672,2026-09-05 14:25:00+00:00
2026-09-05 13:26:00+00:00,17.22,16.20595,16.7,18.938625,2695.18,2679.5195,0.0,0.0,20.4,47.539093,2026-09-05 14:26:00+00:00
2026-09-05 13:27:00+00:00,9.25,15.364789,15.11,17.39647,2879.49,2673.8225,0.0,0.0,64.63,43.33471,2026-09-05 14:27:00+00:00
2026-09-05 13:28:00+00:00,16.85,15.0637245,20.47,17.49458,2586.05,2632.7925,0.2,0.0,19.81,43.956768,2026-09-05 14:28:00+00:00
2026-09-05 13:29:00+00:00,17.13,15.34993,18.15,16.918173,2764.41,2704.0144,1.06,0.0,20.68,47.908863,2026-09-05 14:29:00+00:00
2026-09-05 13:30:00+00:00,17.96,15.070458,24.34,17.129002,2681.33,2699.9426,0.0,0.0,20.87,50.153786,2026-09-05 14:30:00+00:00
2026-09-05 13:31:00+00:00,20.03,15.257554,23.26,17.588287,2658.82,2693.7507,0.82,0.0,20.02,47.59515,2026-09-05 14:31:00+00:00
2026-09-05 13:32:00+00:00,12.28,15.259378,9.21,17.602283,2587.79,2601.447,0.0,0.0,20.59,48.205284,2026-09-05 14:32:00+00:00
2026-09-05 13:33:00+00:00,16.75,14.935226,15.76,17.29932,2533.87,2613.3943,0.0,0.0,72.36,41.562073,2026-09-05 14:33:00+00:00
2026-09-05 13:34:00+00:00,18.92,15.258237,18.13,17.839256,2621.92,2670.8145,0.49,0.0,77.57,43.15724,2026-09-05 14:34:00+00:00
2026-09-05 13:35:00+00:00,13.06,15.345713,15.45,17.399614,2867.47,2653.692,0.0,0.95303625,61.72,42.9271,2026-09-05 14:35:00+00:00
2026-09-05 13:36:00+00:00,16.82,15.308366,18.64,17.33009,2714.98,2655.9614,0.0,1.010866,20.9,42.593494,2026-09-05 14:36:00+00:00
2026-09-05 13:37:00+00:00,14.43,15.106079,16.25,17.499683,2506.84,2648.8406,0.0,0.0,74.75,49.412395,2026-09-05 14:37:00+00:00
2026-09-05 13:38:00+00:00,13.73,15.568501,17.71,18.34936,2767.88,2631.7627,0.23,0.0,56.58,45.01007,2026-09-05 14:38:00+00:00
2026-09-05 13:39:00+00:00,12.88,15.200849,12.58,17.853521,2634.78,2644.4436,0.53,0.0,59.58,45.657497,2026-09-05 14:39:00+00:00
2026-09-05 13:40:00+00:00,18.25,14.775301,19.36,17.844767,2744.19,2663.258,0.0,0.0,20.3,40.228275,2026-09-05 14:40:00+00:00
2026-09-05 13:41:00+00:00,14.38,15.161495,17.05,17.389595,2868.43,2661.252,0.0,0.0,20.72,39.450195,2026-09-05 14:41:00+00:00
2026-09-05 13:42:00+00:00,13.0,15.285174,15.26,17.603214,2639.01,2677.5938,0.0,0.0,65.78,45.241142,2026-09-05 14:42:00+00:00
2026-09-05 13:43:00+00:00,14.41,15.372542,20.62,17.787346,2710.25,2634.7847,0.0,0.0,20.53,42.01386,2026-09-05 14:43:00+00:00
2026-09-05 13:44:00+00:00,14.88,15.726225,20.86,18.503471,2747.38,2636.6992,0.0,0.0,54.9,40.858204,2026-09-05 14:44:00+00:00
2026-09-05 13:45:00+00:00,15.22,15.802586,21.29,17.906387,2489.11,2654.2153,0.0,0.0,68.59,42.312084,2026-09-05 14:45:00+00:00
2026-09-05 13:46:00+00:00,17.98,15.851136,24.01,18.27987,2318.19,2710.9377,0.0,0.0,20.28,44.82382,2026-09-05 14:46:00+00:00
2026-09-05 13:47:00+00:00,12.7,15.5899725,12.76,17.504982,2583.96,2677.8296,0.72,0.0,19.84,43.0698,2026-09-05 14:47:00+00:00
2026-09-05 13:48:00+00:00,14.69,14.728544,11.22,17.586172,2505.94,2658.6355,0.0,0.0,79.6,42.07463,2026-09-05 14:48:00+00:00
2026-09-05 13:49:00+00:00,20.39,14.734887,21.21,17.62269,2641.52,2718.4333,1.41,0.014392772,19.69,45.732548,2026-09-05 14:49:00+00:00
2026-09-05 13:50:00+00:00,17.78,15.589575,19.2,17.69226,2448.73,2690.5996,0.19,1.6889504,20.85,44.033947,2026-09-05 14:50:00+00:00
2026-09-05 13:51:00+00:00,14.88,15.741799,19.07,18.786102,2807.98,2761.745,0.0,1.6822883,20.13,43.1491,2026-09-05 14:51:00+00:00
2026-09-05 13:52:00+00:00,11.74,15.39495,16.16,18.266205,2960.31,2688.9805,0.0,1.6147985,19.98,48.18583,2026-09-05 14:52:00+00:00
2026-09-05 13:53:00+00:00,16.63,15.4690275,19.26,17.390379,2662.49,2690.9316,0.0,1.5228356,73.05,40.228756,2026-09-05 14:53:00+00:00
2026-09-05 13:54:00+00:00,14.65,15.74821,15.44,18.043863,2550.2,2727.9006,0.0,1.7960987,20.63,43.87138,2026-09-05 14:54:00+00:00
2026-09-05 13:55:00+00:00,16.13,15.7239065,19.45,19.726719,2701.62,2687.7004,0.38,0.0,72.07,48.022163,2026-09-05 14:55:00+00:00
2026-09-05 13:56:00+00:00,17.6,15.727823,23.97,17.080608,2767.42,2792.4714,0.67,0.0,21.08,47.81311,2026-09-05 14:56:00+00:00
2026-09-05 13:57:00+00:00,13.89,15.285567,11.2,18.605696,2723.49,2666.255,0.0,0.0,75.35,50.418007,2026-09-05 14:57:00+00:00
2026-09-05 13:58:00+00:00,9.14,15.474281,8.79,18.513895,2701.7,2732.6318,0.0,0.0,21.09,42.692345,2026-09-05 14:58:00+00:00
2026-09-05 13:59:00+00:00,14.33,15.434821,16.27,17.51838,2499.13,2696.9036,0.0,0.0,21.08,37.882996,2026-09-05 14:59:00+00:00
2026-09-05 14:00:00+00:00,15.97,15.343579,21.27,18.976868,2562.35,2667.1128,0.0,0.0,19.71,38.257492,2026-09-05 15:00:00+00:00
2026-09-05 14:01:00+00:00,17.17,15.55914,14.92,18.456987,2494.99,2717.6165,0.0,0.0,20.71,38.990128,2026-09-05 15:01:00+00:00
2026-09-05 14:02:00+00:00,15.28,15.113172,18.2,18.119686,2665.39,2697.5498,0.16,0.0,19.69,44.534546,2026-09-05 15:02:00+00:00
2026-09-05 14:03:00+00:00,15.19,14.844522,15.06,17.493448,2398.98,2691.7646,0.0,0.0,76.23,38.886257,2026-09-05 15:03:00+00:00
2026-09-05 14:04:00+00:00,14.99,15.086343,13.02,17.562502,2803.72,2674.7097,0.22,0.0,19.92,38.004887,2026-09-05 15:04:00+00:00
2026-09-05 14:05:00+00:00,9.17,14.896864,10.48,16.852499,2779.13,2693.554,0.0,0.0,55.27,35.19734,2026-09-05 15:05:00+00:00
2026-09-05 14:06:00+00:00,17.92,15.092035,17.12,16.879469,2561.85,2727.7651,0.0,0.0,60.81,31.538818,2026-09-05 15:06:00+00:00
2026-09-05 14:07:00+00:00,15.42,15.008719,23.28,17.329304,2521.57,2711.5977,0.0,0.9685644,19.86,41.453827,2026-09-05 15:07:00+00:00
2026-09-05 14:08:00+00:00,19.2,15.192939,21.17,18.173645,2499.3,2703.0032,0.58,0.3320877,59.13,39.25305,2026-09-05 15:08:00+00:00
2026-09-05 14:09:00+00:00,17.52,14.920854,17.71,18.33265,2603.14,2696.6238,0.55,0.5744831,20.63,39.262524,2026-09-05 15:09:00+00:00
2026-09-05 14:10:00+00:00,12.09,15.38573,12.88,18.166233,2748.06,2673.7002,0.0,1.620887,61.26,37.87353,2026-09-05 15:10:00+00:00
2026-09-05 14:11:00+00:00,18.67,15.694259,20.2,18.508657,2626.18,2739.8215,0.0,1.64689,55.07,39.218784,2026-09-05 15:11:00+00:00
2026-09-05 14:12:00+00:00,12.45,16.239548,16.18,17.577473,2783.34,2662.516,0.0,0.7342963,70.29,39.828445,2026-09-05 15:12:00+00:00
2026-09-05 14:13:00+00:00,13.25,16.116774,16.25,18.460629,2754.83,2692.7356,0.38,0.64824885,21.0,42.70296,2026-09-05 15:13:00+00:00
2026-09-05 14:14:00+00:00,14.94,15.89116,15.57,18.733145,2905.77,2683.463,0.0,0.7166955,19.89,47.031815,2026-09-05 15:14:00+00:00
2026-09-05 14:15:00+00:00,12.86,15.298353,18.49,18.049795,2724.53,2736.4907,0.0,1.0577427,63.7,35.93452,2026-09-05 15:15:00+00:00
2026-09-05 14:16:00+00:00,11.57,17.316334,14.96,23.34482,2815.98,2708.8428,0.0,5.882959,21.06,35.57305,2026-09-05 15:16:00+00:00
2026-09-05 14:17:00+00:00,12.32,17.765612,10.91,25.400084,2383.09,2694.0386,0.0,5.439092,54.97,36.236332,2026-09-05 15:17:00+00:00
2026-09-05 14:18:00+00:00,20.13,18.318779,22.31,24.250488,2666.35,2692.4136,0.0,4.5988855,58.54,38.879295,2026-09-05 15:18:00+00:00
2026-09-05 14:19:00+00:00,12.18,16.935429,9.65,19.531301,2885.23,2697.6514,0.32,4.7492933,20.71,44.229385,2026-09-05 15:19:00+00:00
2026-09-05 14:20:00+00:00,19.66,16.834044,21.43,17.675407,2614.84,2670.8906,0.0,1.2027323,61.43,38.839043,2026-09-05 15:20:00+00:00
2026-09-05 14:21:00+00:00,14.74,15.752377,17.12,16.772377,2709.3,2731.2004,1.16,0.4949724,19.9,42.20002,2026-09-05 15:21:00+00:00
2026-09-05 14:22:00+00:00,9.82,16.698137,7.88,18.33261,2658.63,2690.793,0.47,0.37572646,20.05,47.539783,2026-09-05 15:22:00+00:00
2026-09-05 14:23:00+00:00,11.66,16.786999,15.98,18.156364,2743.14,2705.9768,0.89,0.4687212,20.09,34.631523,2026-09-05 15:23:00+00:00
2026-09-05 14:24:00+00:00,15.41,16.948584,19.45,18.709286,2715.66,2678.4534,0.88,1.1765004,57.72,37.83386,2026-09-05 15:24:00+00:00
2026-09-05 14:25:00+00:00,17.06,16.726189,13.97,18.858976,2745.37,2702.526,0.38,1.1535541,20.62,45.958614,2026-09-05 15:25:00+00:00
2026-09-05 14:26:00+00:00,15.11,16.896923,21.3,17.85559,2988.37,2691.2285,0.0,0.43307823,20.93,36.079556,2026-09-05 15:26:00+00:00
2026-09-05 14:27:00+00:00,19.51,15.617237,22.74,18.164824,2609.66,2708.3804,0.0,0.0,61.59,41.51459,2026-09-05 15:27:00+00:00
2026-09-05 14:28:00+00:00,15.12,15.664891,15.94,17.296223,2589.75,2749.7766,0.0,0.0,57.55,41.545467,2026-09-05 15:28:00+00:00
2026-09-05 14:29:00+00:00,14.48,15.936748,17.57,17.61819,2714.26,2693.766,0.0,0.27365518,20.83,41.057747,2026-09-05 15:29:00+00:00
2026-09-05 14:30:00+00:00,14.78,15.541025,15.63,17.276258,2726.18,2650.6697,1.34,0.3428877,19.68,36.139385,2026-09-05 15:30:00+00:00
2026-09-05 14:31:00+00:00,13.57,16.396097,16.42,20.308184,2744.36,2735.1536,0.39,0.31297264,20.43,36.075012,2026-09-05 15:31:00+00:00
2026-09-05 14:32:00+00:00,18.59,17.251331,19.31,19.87353,2611.28,2708.2424,0.0,0.4245975,20.5,39.50206,2026-09-05 15:32:00+00:00
2026-09-05 14:33:00+00:00,17.27,16.21113,18.72,18.595812,2661.66,2729.2085,1.19,0.34525037,53.28,31.299728,2026-09-05 15:33:00+00:00
2026-09-05 14:34:00+00:00,13.91,16.730093,14.72,18.47894,2566.58,2719.0881,0.81,1.091228,20.8,30.159863,2026-09-05 15:34:00+00:00
2026-09-05 14:35:00+00:00,17.44,17.388317,25.74,20.417936,2663.38,2761.7644,0.0,0.9433566,19.71,34.760746,2026-09-05 15:35:00+00:00
2026-09-05 14:36:00+00:00,15.15,17.098843,18.62,18.826248,2706.13,2677.1023,0.59,1.1671208,55.34,39.843884,2026-09-05 15:36:00+00:00
2026-09-05 14:37:00+00:00,14.92,16.653904,21.13,17.95025,2809.16,2767.9856,0.0,0.70376056,20.12,36.461746,2026-09-05 15:37:00+00:00
2026-09-05 14:38:00+00:00,14.98,16.782166,20.64,18.468784,2697.27,2737.49,0.0,0.5723691,20.98,37.995564,2026-09-05 15:38:00+00:00
2026-09-05 14:39:00+00:00,20.63,30.502785,23.5,30.862688,2569.31,2711.8037,0.0,4.3909755,20.93,41.774284,2026-09-05 15:39:00+00:00
2026-09-05 14:40:00+00:00,12.05,28.967394,22.53,28.540604,2921.26,2688.3274,0.0,4.319804,58.69,39.028683,2026-09-05 15:40:00+00:00
2026-09-05 14:41:00+00:00,16.4,16.530304,22.94,18.996105,2666.04,2768.9077,0.0,0.5784136,59.88,36.36904,2026-09-05 15:41:00+00:00
2026-09-05 14:42:00+00:00,14.71,16.19869,14.95,18.044428,2848.81,2742.8386,0.45,0.6585815,48.54,41.181255,2026-09-05 15:42:00+00:00
2026-09-05 14:43:00+00:00,17.28,17.25866,19.28,18.254255,2867.25,2724.9836,0.32,0.7567765,19.72,38.66204,2026-09-05 15:43:00+00:00
2026-09-05 14:44:00+00:00,9.46,16.756613,8.74,18.05596,2626.17,2711.1594,0.0,0.5725633,20.37,38.714504,2026-09-05 15:44:00+00:00
2026-09-05 14:45:00+00:00,15.4,16.209425,14.23,17.686731,2598.69,2716.2627,0.18,0.86107,46.69,43.168053,2026-09-05 15:45:00+00:00
2026-09-05 14:46:00+00:00,13.43,16.425203,9.81,18.66,2838.57,2721.91,0.22,0.765511,20.53,40.9716,2026-09-05 15:46:00+00:00
2026-09-05 14:47:00+00:00,15.15,22.73664,17.99,23.44702,2789.49,2709.592,0.0,4.4966397,63.16,38.033066,2026-09-05 15:47:00+00:00
2026-09-05 14:48:00+00:00,14.88,16.111504,13.7,17.773758,2785.52,2659.4119,1.28,0.0,20.12,35.471024,2026-09-05 15:48:00+00:00
2026-09-05 14:49:00+00:00,15.39,23.5918,17.73,21.237251,2500.1,2724.7603,0.19,4.6016073,20.33,39.25701,2026-09-05 15:49:00+00:00
2026-09-05 14:50:00+00:00,14.44,29.89119,14.35,30.625599,2697.86,2704.3948,0.67,4.6849003,51.46,39.006016,2026-09-05 15:50:00+00:00
2026-09-05 14:51:00+00:00,15.19,16.531761,20.31,19.183752,2536.65,2702.0383,0.0,0.8585626,21.13,37.33367,2026-09-05 15:51:00+00:00
2026-09-05 14:52:00+00:00,16.97,16.493517,26.57,19.560884,2720.77,2732.1453,0.0,0.8908042,58.55,37.63122,2026-09-05 15:52:00+00:00
2026-09-05 14:53:00+00:00,14.98,17.597084,18.46,19.502165,2799.55,2713.1743,0.0,0.8908042,19.76,37.15391,2026-09-05 15:53:00+00:00
2026-09-05 14:54:00+00:00,14.87,16.089863,22.45,18.33695,2482.04,2721.26,0.38,0.7682876,53.38,37.82662,2026-09-05 15:54:00+00:00
2026-09-05 14:55:00+00:00,17.57,24.448524,16.73,22.636765,2797.1,2780.9685,0.0,4.4009013,20.18,41.822285,2026-09-05 15:55:00+00:00
2026-09-05 14:56:00+00:00,14.61,31.120619,15.66,28.531,2575.04,2684.2205,0.0,4.6704698,20.9,36.12709,2026-09-05 15:56:00+00:00
2026-09-05 14:57:00+00:00,11.94,19.24282,17.34,21.092964,2714.69,2716.3345,0.02,4.520345,20.42,46.568695,2026-09-05 15:57:00+00:00
2026-09-05 14:58:00+00:00,16.14,16.456566,14.65,16.572495,2828.86,2669.4443,1.32,0.6155981,19.64,37.715828,2026-09-05 15:58:00+00:00
2026-09-05 14:59:00+00:00,18.1,16.136797,20.52,17.626879,2677.81,2712.5806,0.0,0.8762476,44.45,36.602043,2026-09-05 15:59:00+00:00
2026-09-05 15:00:00+00:00,17.43,16.33734,17.8,18.106667,2743.5,2707.615,0.0,0.5121238,20.0,33.31988,2026-09-05 16:00:00+00:00
2026-09-05 15:01:00+00:00,9.24,16.236124,7.5,18.175535,2641.45,2753.2305,0.0,0.0,20.53,36.131207,2026-09-05 16:01:00+00:00
2026-09-05 15:02:00+00:00,13.63,16.42349,15.98,18.391373,2782.75,2741.4863,0.0,0.0,19.99,35.70124,2026-09-05 16:02:00+00:00
2026-09-05 15:03:00+00:00,14.65,15.806233,15.16,17.93725,2963.03,2754.7673,0.63,0.0,19.64,34.10639,2026-09-05 16:03:00+00:00
2026-09-05 15:04:00+00:00,8.67,16.29663,7.5,18.583433,2517.19,2753.8645,0.75,0.5438357,53.83,33.801254,2026-09-05 16:04:00+00:00
2026-09-05 15:05:00+00:00,16.09,15.769473,14.93,17.44003,2587.76,2714.657,0.0,0.0,20.55,34.41023,2026-09-05 16:05:00+00:00
2026-09-05 15:06:00+00:00,18.29,15.553236,18.58,18.782976,2911.2,2736.6638,0.0,0.0,52.15,32.100033,2026-09-05 16:06:00+00:00
2026-09-05 15:07:00+00:00,14.19,14.864477,19.37,17.260551,2930.84,2746.8308,0.14,0.0,20.44,31.964169,2026-09-05 16:07:00+00:00
2026-09-05 15:08:00+00:00,14.43,15.651825,17.39,18.00196,3059.9,2773.4878,0.0,0.0,59.48,33.69711,2026-09-05 16:08:00+00:00
2026-09-05 15:09:00+00:00,13.03,15.864843,12.38,17.81866,2689.27,2748.9937,0.0,0.0,20.76,31.888006,2026-09-05 16:09:00+00:00
2026-09-05 15:10:00+00:00,12.77,15.26754,11.03,18.13357,2537.66,2709.7322,0.0,0.0,20.95,28.7987,2026-09-05 16:10:00+00:00
2026-09-05 15:11:00+00:00,15.75,15.074074,18.72,18.247005,2898.1,2715.8547,0.0,0.0,20.3,31.859425,2026-09-05 16:11:00+00:00
2026-09-05 15:12:00+00:00,16.95,15.178191,16.32,18.492216,2882.41,2726.955,0.46,0.0,20.88,31.445988,2026-09-05 16:12:00+00:00
2026-09-05 15:13:00+00:00,18.14,15.472128,19.14,16.549103,2624.71,2750.9565,0.0,0.0,21.07,31.456913,2026-09-05 16:13:00+00:00
2026-09-05 15:14:00+00:00,13.47,16.116587,18.16,18.29721,2834.83,2759.2603,0.0,0.0,52.52,31.364103,2026-09-05 16:14:00+00:00
2026-09-05 15:15:00+00:00,20.05,15.450837,24.37,17.749487,3042.07,2780.1235,0.41,0.0,20.18,33.40341,2026-09-05 16:15:00+00:00
2026-09-05 15:16:00+00:00,11.42,15.536235,16.44,16.887966,2770.68,2723.1157,0.18,0.0,57.15,30.70718,2026-09-05 16:16:00+00:00
2026-09-05 15:17:00+00:00,12.43,15.413918,14.19,18.425825,2675.86,2749.0596,0.0,0.014153273,20.63,31.805481,2026-09-05 16:17:00+00:00
2026-09-05 15:18:00+00:00,14.5,15.091803,14.93,17.767673,2846.01,2747.8083,0.0,0.0,20.84,32.360203,2026-09-05 16:18:00+00:00
2026-09-05 15:19:00+00:00,16.0,16.041931,16.25,19.165812,2758.12,2766.2253,0.0,0.0,20.43,31.181087,2026-09-05 16:19:00+00:00
2026-09-05 15:20:00+00:00,20.72,14.925823,26.96,16.642897,2692.9,2808.7288,0.08,0.0,43.53,33.079697,2026-09-05 16:20:00+00:00
2026-09-05 15:21:00+00:00,13.34,15.543179,14.78,18.105427,2728.28,2733.936,0.0,0.0,57.35,33.455147,2026-09-05 16:21:00+00:00
2026-09-05 15:22:00+00:00,17.94,16.523388,19.69,18.500904,2747.63,2741.3792,0.0,0.0,20.88,32.09308,2026-09-05 16:22:00+00:00
2026-09-05 15:23:00+00:00,11.43,17.461443,12.97,19.012209,2724.12,2771.2385,0.0,0.5297424,55.03,32.09239,2026-09-05 16:23:00+00:00
2026-09-05 15:24:00+00:00,14.74,16.739738,16.29,17.514395,2667.35,2801.1436,0.0,0.75864154,21.09,31.825665,2026-09-05 16:24:00+00:00
2026-09-05 15:25:00+00:00,12.32,24.75835,14.29,20.877214,2675.09,2770.4949,0.0,0.7032415,20.29,29.830883,2026-09-05 16:25:00+00:00
2026-09-05 15:26:00+00:00,13.87,23.922712,16.06,21.70527,2749.99,2787.666,0.0,0.35322732,44.0,30.128551,2026-09-05 16:26:00+00:00
2026-09-05 15:27:00+00:00,17.32,24.702364,17.23,22.481075,2665.31,2857.9055,0.0,0.3847314,40.87,30.768263,2026-09-05 16:27:00+00:00
2026-09-05 15:28:00+00:00,14.83,17.193209,11.86,17.991709,2577.29,2810.4526,0.0,0.3844765,49.05,33.266495,2026-09-05 16:28:00+00:00
2026-09-05 15:29:00+00:00,14.08,16.431477,16.89,17.964912,2794.5,2799.0674,0.0,0.0,20.06,31.776918,2026-09-05 16:29:00+00:00
2026-09-05 15:30:00+00:00,13.36,22.403515,12.73,21.070398,2731.34,2785.5244,0.0,0.0,53.93,31.701345,2026-09-05 16:30:00+00:00
2026-09-05 15:31:00+00:00,13.99,16.194048,9.85,17.76072,2867.73,2799.6836,0.0,3.67371,20.12,31.079327,2026-09-05 16:31:00+00:00
2026-09-05 15:32:00+00:00,14.65,17.089157,18.82,18.115038,2803.42,2824.409,0.0,0.0,20.82,30.553549,2026-09-05 16:32:00+00:00
2026-09-05 15:33:00+00:00,18.56,29.045763,23.05,28.729668,2883.76,2828.6475,0.0,0.0,52.79,32.80987,2026-09-05 16:33:00+00:00
2026-09-05 15:34:00+00:00,17.27,27.79634,16.92,24.889648,2702.12,2848.5347,0.68,1.0407547,20.81,32.196827,2026-09-05 16:34:00+00:00
2026-09-05 15:35:00+00:00,14.82,29.832327,17.5,31.785645,2410.08,2797.0999,0.29,2.0644312,46.62,33.793873,2026-09-05 16:35:00+00:00
2026-09-05 15:36:00+00:00,13.36,27.591686,14.89,29.531124,2718.78,2822.394,0.0,0.92561954,20.76,32.061207,2026-09-05 16:36:00+00:00
2026-09-05 15:37:00+00:00,20.25,28.05625,25.87,29.00857,2650.33,2799.3423,0.0,0.9018317,45.03,31.593857,2026-09-05 16:37:00+00:00
2026-09-05 15:38:00+00:00,13.31,27.720951,12.12,29.350336,2784.39,2823.4556,0.0,7.8683653,47.76,30.90176,2026-09-05 16:38:00+00:00
2026-09-05 15:39:00+00:00,13.79,28.56359,14.17,28.988144,2695.24,2796.519,0.0,7.215203,20.12,30.946714,2026-09-05 16:39:00+00:00
2026-09-05 15:40:00+00:00,16.37,31.278246,17.85,30.24578,2909.18,2809.8682,0.0,2.6131287,51.96,33.402718,2026-09-05 16:40:00+00:00
2026-09-05 15:41:00+00:00,12.91,32.90616,16.06,33.29516,2804.84,2819.368,0.0,1.9256594,20.76,35.988026,2026-09-05 16:41:00+00:00
2026-09-05 15:42:00+00:00,10.09,32.695312,11.54,34.573967,2573.75,2786.1797,0.0,0.08328098,20.35,33.91467,2026-09-05 16:42:00+00:00
2026-09-05 15:43:00+00:00,16.93,31.982819,17.65,31.51064,3173.05,2819.2578,0.0,0.0,43.19,33.70152,2026-09-05 16:43:00+00:00
2026-09-05 15:44:00+00:00,11.72,28.210197,16.66,30.402403,2880.48,2818.352,0.0,0.15027909,20.53,31.223244,2026-09-05 16:44:00+00:00
2026-09-05 15:45:00+00:00,16.63,28.907684,26.0,30.248781,2507.79,2846.0034,0.0,0.14235798,20.12,32.572468,2026-09-05 16:45:00+00:00
2026-09-05 15:46:00+00:00,10.77,26.923843,11.47,25.562666,2726.87,2922.5457,0.0,1.4808917,20.72,31.92147,2026-09-05 16:46:00+00:00
2026-09-05 15:47:00+00:00,13.58,28.64766,15.42,26.950798,2734.47,2819.713,0.0,3.8041587,42.97,31.842997,2026-09-05 16:47:00+00:00
2026-09-05 15:48:00+00:00,17.39,29.153385,21.56,27.836092,3025.06,2798.8862,0.39,3.964379,20.06,32.56127,2026-09-05 16:48:00+00:00
2026-09-05 15:49:00+00:00,18.19,27.400661,18.77,24.253246,2813.36,2804.232,0.0,3.9102118,42.04,33.548916,2026-09-05 16:49:00+00:00
2026-09-05 15:50:00+00:00,12.14,22.691553,14.32,26.90088,2661.27,2835.5671,0.66,5.5457478,40.08,31.907095,2026-09-05 16:50:00+00:00
2026-09-05 15:51:00+00:00,13.77,21.807074,13.53,24.441116,2803.28,2810.1619,0.0,5.4552445,45.83,32.439682,2026-09-05 16:51:00+00:00
2026-09-05 15:52:00+00:00,15.56,21.893799,17.78,25.228416,2648.94,2794.6409,0.0,2.437769,19.83,34.157326,2026-09-05 16:52:00+00:00
2026-09-05 15:53:00+00:00,12.73,22.447647,16.46,24.659016,2732.47,2862.759,0.0,3.5110357,20.38,33.336365,2026-09-05 16:53:00+00:00
2026-09-05 15:54:00+00:00,18.52,23.442663,24.31,25.211754,2866.78,2814.1016,1.35,0.36311954,37.51,35.406456,2026-09-05 16:54:00+00:00
2026-09-05 15:55:00+00:00,17.64,22.292404,20.62,24.264124,2885.93,2849.0493,0.0,0.5763127,20.99,33.828777,2026-09-05 16:55:00+00:00
2026-09-05 15:56:00+00:00,16.39,22.537718,20.37,26.422428,2770.2,2837.5151,0.0,4.052869,43.82,34.5954,2026-09-05 16:56:00+00:00
2026-09-05 15:57:00+00:00,18.64,22.876143,25.08,28.678919,2791.24,2850.2478,0.15,4.0645385,20.24,32.623695,2026-09-05 16:57:00+00:00
2026-09-05 15:58:00+00:00,13.61,24.466675,17.28,29.915403,2684.65,2856.5054,0.0,3.8571084,38.28,29.344446,2026-09-05 16:58:00+00:00
2026-09-05 15:59:00+00:00,16.01,23.115211,16.55,28.392141,2644.39,2846.6213,0.0,3.9231975,39.91,29.664581,2026-09-05 16:59:00+00:00
2026-09-05 16:00:00+00:00,19.31,31.868216,22.35,40.973392,2713.08,2925.6357,0.16,4.008873,41.27,29.563385,2026-09-05 17:00:00+00:00
2026-09-05 16:01:00+00:00,17.33,36.06005,16.22,41.410793,2887.29,2878.9443,0.42,1.1144369,20.33,29.202524,2026-09-05 17:01:00+00:00
2026-09-05 16:02:00+00:00,10.59,33.879887,13.26,41.57311,2896.56,2859.239,0.0,0.95596606,45.5,30.46569,2026-09-05 17:02:00+00:00
2026-09-05 16:03:00+00:00,13.96,32.522644,10.83,40.129322,3021.78,2860.8503,0.22,4.179067,20.19,30.04158,2026-09-05 17:03:00+00:00
2026-09-05 16:04:00+00:00,14.71,42.81082,13.38,39.18653,2967.76,2886.796,0.0,0.006628614,21.11,27.21487,2026-09-05 17:04:00+00:00
2026-09-05 16:05:00+00:00,15.85,44.993267,16.97,41.970974,2897.27,2861.0564,0.0,0.0,20.13,28.174248,2026-09-05 17:05:00+00:00
2026-09-05 16:06:00+00:00,19.76,44.539906,19.88,43.62945,2874.44,2931.6729,0.57,0.0,21.04,28.18897,2026-09-05 17:06:00+00:00
2026-09-05 16:07:00+00:00,13.39,43.9525,17.74,39.691063,3001.9,2958.8735,0.0,0.0,19.84,29.34575,2026-09-05 17:07:00+00:00
2026-09-05 16:08:00+00:00,14.41,43.57462,18.11,40.50046,2974.87,2933.191,0.0,0.0,20.62,29.324617,2026-09-05 17:08:00+00:00
2026-09-05 16:09:00+00:00,14.91,36.1387,18.8,40.841717,2893.64,2954.7744,0.0,0.0,19.95,29.901909,2026-09-05 17:09:00+00:00
2026-09-05 16:10:00+00:00,17.85,36.185253,19.36,42.406208,3034.23,2874.2217,0.0,0.0047059096,20.87,28.869333,2026-09-05 17:10:00+00:00
2026-09-05 16:11:00+00:00,20.05,34.81737,26.72,42.80806,3000.07,2970.6685,0.58,0.0,20.7,29.11915,2026-09-05 17:11:00+00:00
2026-09-05 16:12:00+00:00,20.82,37.70675,20.98,40.769802,2651.15,2932.2446,0.0,0.0,20.78,28.774046,2026-09-05 17:12:00+00:00
2026-09-05 16:13:00+00:00,14.7,36.022465,17.85,40.91357,2936.49,2926.862,0.27,0.0,33.92,28.512268,2026-09-05 17:13:00+00:00
2026-09-05 16:14:00+00:00,13.67,30.612503,13.87,38.520554,2802.19,2950.4917,0.0,0.0,35.53,28.110344,2026-09-05 17:14:00+00:00
2026-09-05 16:15:00+00:00,15.54,38.107597,17.75,43.475246,2691.34,2964.4495,0.0,0.0,33.38,28.535868,2026-09-05 17:15:00+00:00
2026-09-05 16:16:00+00:00,19.43,38.46586,26.89,39.160316,2875.67,2967.8875,0.0,0.0,20.44,28.159853,2026-09-05 17:16:00+00:00
2026-09-05 16:17:00+00:00,14.27,40.608738,11.95,42.05905,3145.69,2897.6453,0.64,0.67020065,19.89,27.794558,2026-09-05 17:17:00+00:00
2026-09-05 16:18:00+00:00,18.71,41.134163,21.78,40.038548,2924.01,2951.906,0.0,0.0,20.27,28.551268,2026-09-05 17:18:00+00:00
2026-09-05 16:19:00+00:00,16.41,41.46816,15.36,40.991646,2804.26,2940.9917,0.0,0.0,20.16,27.162231,2026-09-05 17:19:00+00:00
2026-09-05 16:20:00+00:00,10.91,45.148186,11.82,45.624542,3008.16,2918.8699,0.0,0.0,39.88,27.160067,2026-09-05 17:20:00+00:00
2026-09-05 16:21:00+00:00,13.14,45.343117,13.83,43.462864,2893.37,2953.6206,0.68,0.0,21.01,27.568466,2026-09-05 17:21:00+00:00
2026-09-05 16:22:00+00:00,14.49,44.605976,15.99,43.06337,2912.06,2881.0906,0.0,0.0,21.06,26.600622,2026-09-05 17:22:00+00:00
2026-09-05 16:23:00+00:00,15.61,43.629517,16.05,42.034393,2978.69,2943.9092,0.0,0.0,20.46,27.514696,2026-09-05 17:23:00+00:00
2026-09-05 16:24:00+00:00,14.48,29.949902,18.29,31.87801,2938.34,2901.4438,0.0,0.0,20.52,27.015337,2026-09-05 17:24:00+00:00
2026-09-05 16:25:00+00:00,16.45,24.6814,16.03,29.976511,2683.44,2878.4229,0.0,0.0,33.49,24.59657,2026-09-05 17:25:00+00:00
2026-09-05 16:26:00+00:00,13.05,24.441244,16.16,29.58132,2825.15,2921.6123,1.35,0.0,37.3,25.434813,2026-09-05 17:26:00+00:00
2026-09-05 16:27:00+00:00,14.53,24.836027,15.58,30.52448,3048.18,2892.9785,0.0,0.0,20.36,25.787739,2026-09-05 17:27:00+00:00
2026-09-05 16:28:00+00:00,14.28,24.395363,18.59,30.34397,3112.06,2886.0903,0.0,0.0,20.71,25.57535,2026-09-05 17:28:00+00:00
2026-09-05 16:29:00+00:00,18.38,24.831673,18.22,30.106213,3173.59,2897.2607,0.26,0.0,19.64,26.020035,2026-09-05 17:29:00+00:00
2026-09-05 16:30:00+00:00,13.63,17.917772,13.94,24.758867,3118.18,2877.5774,0.0,0.0,38.95,27.950167,2026-09-05 17:30:00+00:00
2026-09-05 16:31:00+00:00,18.11,17.209333,21.68,18.853523,2822.73,2840.9705,0.0,0.0,20.74,26.916937,2026-09-05 17:31:00+00:00
2026-09-05 16:32:00+00:00,14.06,17.665829,13.77,18.229725,3043.23,2953.5078,0.0,0.0,35.66,25.73937,2026-09-05 17:32:00+00:00
2026-09-05 16:33:00+00:00,17.63,17.475279,18.85,22.67506,2874.75,2903.8494,0.0,0.0,34.53,27.018576,2026-09-05 17:33:00+00:00
2026-09-05 16:34:00+00:00,15.36,17.2531,17.86,19.060055,2941.36,2893.0208,0.0,0.14205977,20.27,27.339449,2026-09-05 17:34:00+00:00
2026-09-05 16:35:00+00:00,20.02,17.319077,21.86,18.8688,3154.24,2879.0955,0.0,0.0,20.37,26.844679,2026-09-05 17:35:00+00:00
2026-09-05 16:36:00+00:00,14.96,16.92263,19.23,18.398643,2976.42,2893.1824,0.14,0.0,34.7,26.85209,2026-09-05 17:36:00+00:00
2026-09-05 16:37:00+00:00,17.52,17.462465,18.23,23.241741,2962.14,2886.8594,0.72,0.0,37.37,25.846972,2026-09-05 17:37:00+00:00
2026-09-05 16:38:00+00:00,17.63,17.2637,17.52,23.142302,2798.56,2888.8228,0.0,0.066305794,19.88,25.884718,2026-09-05 17:38:00+00:00
2026-09-05 16:39:00+00:00,16.96,17.782377,20.66,23.395338,2964.95,2888.8618,0.45,0.31056803,37.63,25.903849,2026-09-05 17:39:00+00:00
2026-09-05 16:40:00+00:00,14.58,17.319313,12.41,23.092129,3343.55,2931.424,0.0,0.0,20.45,26.111414,2026-09-05 17:40:00+00:00
2026-09-05 16:41:00+00:00,14.55,17.836271,13.81,23.541101,2806.82,2917.2783,0.0,0.18190484,35.42,26.205564,2026-09-05 17:41:00+00:00
2026-09-05 16:42:00+00:00,14.46,17.34169,12.08,23.37258,3126.93,2871.5347,0.0,0.014025454,31.66,25.881462,2026-09-05 17:42:00+00:00
2026-09-05 16:43:00+00:00,20.69,17.420517,20.66,23.273752,3097.25,2956.5054,0.65,0.0,20.34,26.17748,2026-09-05 17:43:00+00:00
2026-09-05 16:44:00+00:00,13.86,18.247913,14.7,23.564318,2930.77,2933.1436,0.0,0.015733872,30.88,26.185635,2026-09-05 17:44:00+00:00
2026-09-05 16:45:00+00:00,9.83,17.662226,10.79,24.045887,2909.99,2942.816,0.0,0.34002396,20.15,25.621946,2026-09-05 17:45:00+00:00
2026-09-05 16:46:00+00:00,15.92,20.105825,18.31,25.059677,2975.31,2874.5508,0.0,0.6518825,33.03,26.506716,2026-09-05 17:46:00+00:00
2026-09-05 16:47:00+00:00,19.69,17.27229,19.21,24.773237,3147.21,2925.383,0.0,0.22041285,20.83,25.062323,2026-09-05 17:47:00+00:00
2026-09-05 16:48:00+00:00,17.99,17.485561,25.8,24.52737,3018.92,2911.2314,0.0,0.0,20.55,25.618176,2026-09-05 17:48:00+00:00
2026-09-05 16:49:00+00:00,17.52,17.700909,22.1,24.917019,3118.04,2971.3792,0.0,0.035205588,20.15,25.314436,2026-09-05 17:49:00+00:00
2026-09-05 16:50:00+00:00,18.76,17.778038,20.03,19.373793,3240.21,2953.947,0.0,0.11636301,29.54,25.125404,2026-09-05 17:50:00+00:00
2026-09-05 16:51:00+00:00,18.76,18.08891,21.45,23.971533,3128.96,2988.291,0.0,0.3643694,20.09,25.206436,2026-09-05 17:51:00+00:00
2026-09-05 16:52:00+00:00,20.65,17.485422,23.98,18.27059,3301.33,2999.065,0.0,0.22825527,19.99,24.60001,2026-09-05 17:52:00+00:00
2026-09-05 16:53:00+00:00,15.94,17.28366,19.76,18.692558,3096.83,2973.1365,0.02,0.07635737,29.33,24.536217,2026-09-05 17:53:00+00:00
2026-09-05 16:54:00+00:00,15.45,17.613277,18.76,23.802277,3382.36,2958.0679,0.0,0.42645624,20.97,23.7699,2026-09-05 17:54:00+00:00
2026-09-05 16:55:00+00:00,14.6,18.393461,18.1,24.87326,3164.33,3000.8674,0.26,0.6564312,20.82,23.986427,2026-09-05 17:55:00+00:00
2026-09-05 16:56:00+00:00,21.4,18.335413,31.96,25.1327,3177.13,3033.393,0.77,0.59087515,31.0,23.95259,2026-09-05 17:56:00+00:00
2026-09-05 16:57:00+00:00,16.75,20.150698,24.38,25.182808,3105.4,3025.4382,0.0,0.0,19.75,24.366215,2026-09-05 17:57:00+00:00
2026-09-05 16:58:00+00:00,15.74,18.182598,19.17,25.291231,2637.37,3025.5435,0.0,0.0,20.43,24.8552,2026-09-05 17:58:00+00:00
2026-09-05 16:59:00+00:00,15.66,18.32703,22.28,25.335217,3068.02,2973.4705,0.43,0.0,19.86,24.151989,2026-09-05 17:59:00+00:00
2026-09-05 17:00:00+00:00,15.28,15.020986,15.88,16.909817,3028.18,3019.4307,0.0,0.0,32.13,23.627663,2026-09-05 18:00:00+00:00
2026-09-05 17:01:00+00:00,11.13,15.531349,8.44,17.900063,2685.08,3006.3142,0.0,0.008586233,20.59,23.556417,2026-09-05 18:01:00+00:00
2026-09-05 17:02:00+00:00,16.52,15.089567,13.62,17.578962,3071.78,3035.8132,0.0,0.052589685,20.73,23.370472,2026-09-05 18:02:00+00:00
2026-09-05 17:03:00+00:00,11.94,15.517084,12.53,17.701393,3129.26,2977.2295,0.0,0.02973184,30.81,25.26214,2026-09-05 18:03:00+00:00
2026-09-05 17:04:00+00:00,19.48,16.473034,19.34,17.62529,3122.96,3019.2688,0.0,0.32338265,30.66,21.628845,2026-09-05 18:04:00+00:00
2026-09-05 17:05:00+00:00,18.92,15.442853,21.22,18.23509,2915.41,3006.1448,0.0,0.0,20.09,23.782331,2026-09-05 18:05:00+00:00
2026-09-05 17:06:00+00:00,16.14,14.849042,18.57,17.069025,3203.26,3053.7676,0.0,0.07510527,20.78,23.340136,2026-09-05 18:06:00+00:00
2026-09-05 17:07:00+00:00,9.77,15.361909,8.53,18.187283,2941.45,3038.0562,0.95,0.0,28.69,23.555252,2026-09-05 18:07:00+00:00
2026-09-05 17:08:00+00:00,18.08,14.944471,19.53,17.530725,3264.25,3087.5798,0.0,0.0,28.83,23.59637,2026-09-05 18:08:00+00:00
2026-09-05 17:09:00+00:00,14.52,15.4579735,13.44,17.723606,3145.86,3074.484,0.03,0.0,30.43,23.196358,2026-09-05 18:09:00+00:00
2026-09-05 17:10:00+00:00,14.57,15.370084,20.15,16.21456,3025.05,3085.2375,0.0,0.757075,29.53,24.169655,2026-09-05 18:10:00+00:00
2026-09-05 17:11:00+00:00,17.78,15.361632,14.59,17.948353,2818.08,3109.725,0.02,0.8946709,29.16,23.045725,2026-09-05 18:11:00+00:00
2026-09-05 17:12:00+00:00,17.19,15.170453,23.63,17.762474,2904.2,3098.8435,0.0,0.8688282,19.74,21.621645,2026-09-05 18:12:00+00:00
2026-09-05 17:13:00+00:00,14.82,15.287968,13.64,18.2358,3065.93,3121.8887,0.0,0.8019601,20.28,21.88727,2026-09-05 18:13:00+00:00
2026-09-05 17:14:00+00:00,16.92,15.158239,23.03,17.71742,3028.6,3111.0217,0.0,0.81491584,20.97,21.986279,2026-09-05 18:14:00+00:00
2026-09-05 17:15:00+00:00,17.59,15.149784,16.6,17.379078,3219.68,3044.8406,0.26,0.82886493,28.77,22.07956,2026-09-05 18:15:00+00:00
2026-09-05 17:16:00+00:00,16.8,14.756977,20.32,17.246006,3119.2,3061.0947,0.0,0.8529115,27.15,22.752295,2026-09-05 18:16:00+00:00
2026-09-05 17:17:00+00:00,14.72,15.27217,15.09,17.77198,3036.59,3115.287,0.0,4.773726,20.4,22.307064,2026-09-05 18:17:00+00:00
2026-09-05 17:18:00+00:00,16.08,14.963213,19.01,17.447973,3191.81,3054.1099,0.0,0.7994396,29.13,22.177774,2026-09-05 18:18:00+00:00
2026-09-05 17:19:00+00:00,17.69,15.036476,26.21,17.93834,3091.84,3094.152,0.0,0.0,19.82,22.353754,2026-09-05 18:19:00+00:00
2026-09-05 17:20:00+00:00,14.98,14.823544,17.56,17.790016,2904.0,3085.2031,0.55,0.0,28.91,22.40288,2026-09-05 18:20:00+00:00
2026-09-05 17:21:00+00:00,14.95,14.951944,17.91,17.524895,3089.56,3035.5813,0.0,0.0,28.24,22.386202,2026-09-05 18:21:00+00:00
2026-09-05 17:22:00+00:00,15.37,14.923,18.99,17.036526,3056.73,3081.8474,0.0,0.04941901,20.52,22.25375,2026-09-05 18:22:00+00:00
2026-09-05 17:23:00+00:00,12.64,14.874321,17.1,17.289347,3102.05,3107.8928,0.0,0.008733996,20.78,22.685398,2026-09-05 18:23:00+00:00
2026-09-05 17:24:00+00:00,16.89,14.386907,15.32,17.07347,2947.81,3101.7166,0.0,0.039738312,27.75,22.916471,2026-09-05 18:24:00+00:00
2026-09-05 17:25:00+00:00,10.43,14.714921,13.29,16.811668,2861.12,3129.4053,0.0,0.0,19.9,21.761803,2026-09-05 18:25:00+00:00
2026-09-05 17:26:00+00:00,17.56,14.422333,22.02,17.124226,3300.76,3097.0957,0.0,0.0,25.33,21.482536,2026-09-05 18:26:00+00:00
2026-09-05 17:27:00+00:00,11.11,15.026235,9.82,17.457258,3015.22,3104.8157,0.96,0.11383473,20.53,22.031696,2026-09-05 18:27:00+00:00
2026-09-05 17:28:00+00:00,14.08,14.842017,13.24,16.888416,3024.65,3136.5488,0.0,0.0,24.74,22.142078,2026-09-05 18:28:00+00:00
2026-09-05 17:29:00+00:00,16.58,14.90738,22.26,17.48709,3236.97,3160.7903,0.0,0.0,25.55,22.431322,2026-09-05 18:29:00+00:00
2026-09-05 17:30:00+00:00,12.28,14.743715,11.44,17.003157,3317.59,3174.334,0.0,0.13177088,26.34,21.76289,2026-09-05 18:30:00+00:00
2026-09-05 17:31:00+00:00,13.79,15.073753,14.35,16.549719,3292.46,3137.5505,0.25,0.0,26.13,22.23206,2026-09-05 18:31:00+00:00
2026-09-05 17:32:00+00:00,11.57,14.814708,15.51,17.444918,3204.29,3180.8635,0.0,0.0,25.09,21.771482,2026-09-05 18:32:00+00:00
2026-09-05 17:33:00+00:00,12.36,14.8722315,11.74,16.772999,3386.97,3135.407,0.0,0.04562895,24.76,21.982273,2026-09-05 18:33:00+00:00
2026-09-05 17:34:00+00:00,17.07,14.877089,21.4,17.294693,3345.65,3152.136,0.72,0.0,20.21,22.088562,2026-09-05 18:34:00+00:00
2026-09-05 17:35:00+00:00,13.66,14.910326,18.34,16.936228,3176.27,3136.2258,0.64,0.0,20.38,21.59904,2026-09-05 18:35:00+00:00
2026-09-05 17:36:00+00:00,17.55,15.240809,21.44,17.20482,3371.49,3164.7273,0.0,1.7459255,23.4,21.756866,2026-09-05 18:36:00+00:00
2026-09-05 17:37:00+00:00,10.31,15.070585,13.41,17.389353,3197.25,3181.2441,0.0,0.0,19.89,21.729155,2026-09-05 18:37:00+00:00
2026-09-05 17:38:00+00:00,12.05,14.878038,18.03,17.4246,3187.26,3126.664,0.0,0.0,20.92,22.159204,2026-09-05 18:38:00+00:00
2026-09-05 17:39:00+00:00,14.85,14.949512,21.74,17.933937,3139.58,3134.0876,0.0,0.0,20.82,21.443054,2026-09-05 18:39:00+00:00
2026-09-05 17:40:00+00:00,15.53,15.110998,16.63,17.061691,3025.16,3177.0806,0.0,0.0,20.67,22.515203,2026-09-05 18:40:00+00:00
2026-09-05 17:41:00+00:00,17.77,15.105893,21.43,17.52875,2892.98,3140.599,0.0,0.0,19.63,21.409956,2026-09-05 18:41:00+00:00
2026-09-05 17:42:00+00:00,19.14,16.432442,21.26,18.089218,3279.69,3172.9736,0.0,0.0,21.0,21.78528,2026-09-05 18:42:00+00:00
2026-09-05 17:43:00+00:00,16.49,16.034199,13.31,17.638807,3298.9,3154.3572,0.09,0.0,22.84,22.231411,2026-09-05 18:43:00+00:00
2026-09-05 17:44:00+00:00,16.91,16.64536,15.8,17.857773,3498.96,3193.5886,0.0,0.532162,19.9,21.916708,2026-09-05 18:44:00+00:00
2026-09-05 17:45:00+00:00,17.55,15.880375,21.94,18.216593,3094.85,3164.334,0.0,0.0,24.2,21.256332,2026-09-05 18:45:00+00:00
2026-09-05 17:46:00+00:00,13.84,16.181831,16.64,16.819893,3285.49,3170.6995,0.0,0.0,24.05,22.007843,2026-09-05 18:46:00+00:00
2026-09-05 17:47:00+00:00,17.23,16.049452,20.7,17.104162,3212.32,3153.2903,0.0,2.8382516,20.13,22.158089,2026-09-05 18:47:00+00:00
2026-09-05 17:48:00+00:00,17.69,15.902105,18.7,17.872723,3175.53,3192.763,0.0,0.8135253,20.45,22.091543,2026-09-05 18:48:00+00:00
2026-09-05 17:49:00+00:00,14.6,15.390695,17.26,18.660112,3126.04,3190.7776,0.0,2.4583337,21.06,21.564686,2026-09-05 18:49:00+00:00
2026-09-05 17:50:00+00:00,15.17,16.064142,16.4,17.983694,3075.9,3217.6958,0.0,0.021650195,21.93,20.800104,2026-09-05 18:50:00+00:00
2026-09-05 17:51:00+00:00,17.26,16.597174,17.76,17.828033,3230.37,3212.137,0.66,3.3606236,21.0,21.47159,2026-09-05 18:51:00+00:00
2026-09-05 17:52:00+00:00,15.11,17.41744,17.96,20.780111,3339.71,3257.1272,0.11,4.4188604,20.27,24.106623,2026-09-05 18:52:00+00:00
2026-09-05 17:53:00+00:00,23.13,16.372244,25.98,19.700079,3042.9,3240.8125,0.0,4.409916,22.42,21.046099,2026-09-05 18:53:00+00:00
2026-09-05 17:54:00+00:00,16.02,16.885504,16.98,20.086412,3231.61,3249.7024,0.0,1.2895653,21.63,21.873829,2026-09-05 18:54:00+00:00
2026-09-05 17:55:00+00:00,15.8,16.635622,17.85,19.726665,3150.7,3245.0315,0.0,4.909159,19.74,21.438112,2026-09-05 18:55:00+00:00
2026-09-05 17:56:00+00:00,17.08,16.991947,19.57,23.08791,3505.45,3268.4978,0.0,0.0,20.7,21.135775,2026-09-05 18:56:00+00:00
2026-09-05 17:57:00+00:00,16.07,16.68142,14.15,22.840525,3142.45,3274.9983,0.0,0.0,20.59,21.462793,2026-09-05 18:57:00+00:00
2026-09-05 17:58:00+00:00,14.7,15.420135,21.99,23.106283,3224.43,3219.8357,0.0,0.0,22.11,23.735182,2026-09-05 18:58:00+00:00
2026-09-05 17:59:00+00:00,17.45,16.585865,18.51,23.07516,3397.02,3203.2,0.82,0.0,20.86,21.318363,2026-09-05 18:59:00+00:00
2026-09-05 18:00:00+00:00,14.87,17.52439,13.88,23.104666,3117.71,3243.078,0.0,0.0,20.16,20.568018,2026-09-05 19:00:00+00:00
2026-09-05 18:01:00+00:00,15.53,19.686613,16.28,23.506958,3179.76,3220.2402,0.0,0.0,21.09,21.084778,2026-09-05 19:01:00+00:00
2026-09-05 18:02:00+00:00,14.84,18.287169,16.79,22.2434,3093.92,3177.569,0.0,0.0,20.77,20.512989,2026-09-05 19:02:00+00:00
2026-09-05 18:03:00+00:00,14.75,19.94869,14.88,24.325079,3267.29,3248.0984,0.03,0.0,19.82,20.653582,2026-09-05 19:03:00+00:00
2026-09-05 18:04:00+00:00,18.32,18.205372,19.92,23.255207,3067.89,3193.5132,0.0,0.0,21.06,20.623991,2026-09-05 19:04:00+00:00
2026-09-05 18:05:00+00:00,15.35,18.348307,20.34,22.881731,3205.0,3209.482,0.43,0.0,20.83,20.880291,2026-09-05 19:05:00+00:00
2026-09-05 18:06:00+00:00,15.12,18.530123,17.38,24.04525,3186.66,3185.1274,0.0,0.0,20.78,20.842669,2026-09-05 19:06:00+00:00
2026-09-05 18:07:00+00:00,16.93,19.145014,19.5,22.197638,3174.84,3226.3796,0.0,0.0,20.01,20.609701,2026-09-05 19:07:00+00:00
2026-09-05 18:08:00+00:00,14.03,19.563593,14.66,21.881529,3053.52,3211.066,0.0,0.0,20.45,20.643335,2026-09-05 19:08:00+00:00
2026-09-05 18:09:00+00:00,14.03,18.04582,14.61,22.782623,3249.08,3243.3765,0.0,0.0,20.95,22.917543,2026-09-05 19:09:00+00:00
2026-09-05 18:10:00+00:00,15.14,19.46971,19.2,22.187912,3339.88,3199.7205,0.0,0.0,20.03,20.570982,2026-09-05 19:10:00+00:00
2026-09-05 18:11:00+00:00,12.25,19.711319,9.67,21.724474,3174.28,3233.4414,0.4,0.0,19.99,20.842451,2026-09-05 19:11:00+00:00
2026-09-05 18:12:00+00:00,17.45,19.822372,21.76,21.96182,3414.86,3242.4795,1.5,0.0,19.93,20.362343,2026-09-05 19:12:00+00:00
2026-09-05 18:13:00+00:00,16.02,19.57833,19.2,22.745655,3188.73,3233.5742,0.0,0.0,20.01,20.659147,2026-09-05 19:13:00+00:00
2026-09-05 18:14:00+00:00,17.51,19.932606,19.1,22.143898,3401.65,3206.2632,0.49,0.0,19.7,20.324438,2026-09-05 19:14:00+00:00
2026-09-05 18:15:00+00:00,12.63,19.49611,14.79,21.439718,3074.14,3267.6826,0.0,0.0,20.15,20.441488,2026-09-05 19:15:00+00:00
2026-09-05 18:16:00+00:00,14.87,19.408514,19.67,21.341509,3172.34,3250.4548,0.0,0.0,19.63,20.597174,2026-09-05 19:16:00+00:00
2026-09-05 18:17:00+00:00,14.3,19.899578,18.28,20.619312,3177.06,3227.13,0.0,0.0,19.72,20.865791,2026-09-05 19:17:00+00:00
2026-09-05 18:18:00+00:00,13.16,19.543327,14.18,20.82577,3177.82,3237.83,0.0,0.0,19.63,21.148525,2026-09-05 19:18:00+00:00
2026-09-05 18:19:00+00:00,16.35,19.06376,13.12,20.956469,3370.85,3235.7625,0.0,0.0,19.95,21.091835,2026-09-05 19:19:00+00:00
2026-09-05 18:20:00+00:00,17.68,17.950989,21.7,21.330378,3310.83,3231.3489,0.04,0.0,20.9,20.385643,2026-09-05 19:20:00+00:00
2026-09-05 18:21:00+00:00,13.14,17.419592,12.38,20.5195,3300.97,3173.672,0.42,4.5513196,19.63,21.095873,2026-09-05 19:21:00+00:00
2026-09-05 18:22:00+00:00,12.84,17.527927,10.83,20.440912,3166.25,3228.1855,0.27,4.3389645,19.75,21.307814,2026-09-05 19:22:00+00:00
2026-09-05 18:23:00+00:00,16.11,17.492937,19.09,19.642344,3340.38,3265.971,0.0,0.0,19.63,20.651257,2026-09-05 19:23:00+00:00
2026-09-05 18:24:00+00:00,16.75,17.381264,21.75,19.914164,3426.58,3265.7769,0.0,0.0,20.99,20.861437,2026-09-05 19:24:00+00:00
2026-09-05 18:25:00+00:00,13.07,17.78366,15.48,21.544664,3399.0,3208.2498,0.0,0.0,20.55,20.813917,2026-09-05 19:25:00+00:00
2026-09-05 18:26:00+00:00,19.11,16.756895,20.31,20.364143,3226.0,3216.9324,0.0,0.0,19.63,20.74766,2026-09-05 19:26:00+00:00
2026-09-05 18:27:00+00:00,11.18,18.039213,11.95,21.319557,3312.92,3236.3835,0.0,0.0,20.99,20.784824,2026-09-05 19:27:00+00:00
2026-09-05 18:28:00+00:00,16.26,18.122458,16.89,22.573421,3411.62,3225.4595,0.0,0.0,19.78,20.547949,2026-09-05 19:28:00+00:00
2026-09-05 18:29:00+00:00,14.18,18.106544,20.04,21.946358,3227.27,3249.733,0.0,0.0,19.69,20.670973,2026-09-05 19:29:00+00:00
2026-09-05 18:30:00+00:00,20.02,19.254246,25.4,21.740122,3363.6,3253.6157,0.0,0.0,19.63,20.567726,2026-09-05 19:30:00+00:00
2026-09-05 18:31:00+00:00,16.14,17.7054,20.29,22.219376,3123.54,3255.3628,0.0,0.0,19.63,20.454268,2026-09-05 19:31:00+00:00
2026-09-05 18:32:00+00:00,13.55,17.943558,17.32,22.301338,3571.86,3223.1907,0.0,0.16254804,19.63,20.486221,2026-09-05 19:32:00+00:00
2026-09-05 18:33:00+00:00,14.56,19.384504,17.62,22.202076,3374.4,3245.346,0.0,0.0,19.79,20.512606,2026-09-05 19:33:00+00:00
2026-09-05 18:34:00+00:00,18.03,18.602465,20.84,21.36283,3218.97,3287.4153,0.0,0.0,19.63,20.549356,2026-09-05 19:34:00+00:00
2026-09-05 18:35:00+00:00,18.21,18.381922,20.42,21.583368,3262.35,3266.263,0.0,0.0,20.7,20.44962,2026-09-05 19:35:00+00:00
2026-09-05 18:36:00+00:00,15.42,17.865206,14.24,21.985617,3251.96,3230.4185,0.0,0.0,19.63,20.450039,2026-09-05 19:36:00+00:00
2026-09-05 18:37:00+00:00,13.54,14.9830885,17.7,17.306696,3519.77,3276.1965,0.0,0.0,19.91,20.606405,2026-09-05 19:37:00+00:00
2026-09-05 18:38:00+00:00,15.17,14.662928,19.64,16.505371,3465.93,3286.928,0.0,0.0,19.63,20.572508,2026-09-05 19:38:00+00:00
2026-09-05 18:39:00+00:00,12.11,14.93435,10.03,16.602419,3298.65,3271.775,0.0,0.0,19.63,20.527159,2026-09-05 19:39:00+00:00
2026-09-05 18:40:00+00:00,15.28,15.147927,22.37,17.506239,3027.83,3277.6238,0.0,0.0,19.63,20.339092,2026-09-05 19:40:00+00:00
2026-09-05 18:41:00+00:00,16.99,15.398039,16.58,18.488836,3104.24,3278.3196,0.0,0.0,19.63,20.358742,2026-09-05 19:41:00+00:00
2026-09-05 18:42:00+00:00,16.23,15.139761,22.66,17.773499,3422.11,3294.3853,0.25,0.0,19.63,19.822086,2026-09-05 19:42:00+00:00
2026-09-05 18:43:00+00:00,11.87,15.387235,14.65,17.651669,3170.97,3285.776,0.0,0.0,19.63,19.740904,2026-09-05 19:43:00+00:00
2026-09-05 18:44:00+00:00,17.62,15.231018,21.08,17.923933,3558.98,3266.7532,0.0,0.0,19.63,20.178715,2026-09-05 19:44:00+00:00
2026-09-05 18:45:00+00:00,14.52,17.32164,17.01,19.555744,3485.62,3277.3335,0.0,0.0,19.63,19.493118,2026-09-05 19:45:00+00:00
2026-09-05 18:46:00+00:00,17.55,17.120296,25.23,19.636229,3274.41,3284.4153,0.28,0.0,19.63,19.908346,2026-09-05 19:46:00+00:00
2026-09-05 18:47:00+00:00,14.58,16.648249,15.4,20.413214,3229.66,3242.5452,0.0,0.0,19.63,19.913637,2026-09-05 19:47:00+00:00
2026-09-05 18:48:00+00:00,15.58,17.94058,17.23,20.645567,3417.34,3284.0352,0.0,0.0,20.84,20.189644,2026-09-05 19:48:00+00:00
2026-09-05 18:49:00+00:00,15.21,15.778812,17.1,17.46276,3322.89,3252.313,0.0,0.0,19.63,20.07899,2026-09-05 19:49:00+00:00
2026-09-05 18:50:00+00:00,10.77,15.341205,16.64,17.731518,3551.43,3276.0747,0.0,0.0,20.79,20.11397,2026-09-05 19:50:00+00:00
2026-09-05 18:51:00+00:00,13.93,15.081682,20.33,17.516161,3199.61,3310.5432,0.0,0.0,20.57,20.031382,2026-09-05 19:51:00+00:00
2026-09-05 18:52:00+00:00,16.95,15.599504,18.87,17.178696,3198.24,3267.8801,0.0,0.0,20.79,20.410748,2026-09-05 19:52:00+00:00
2026-09-05 18:53:00+00:00,14.98,15.4334,18.6,17.47315,3286.31,3283.35,0.45,0.0,19.63,19.677893,2026-09-05 19:53:00+00:00
2026-09-05 18:54:00+00:00,13.51,14.779252,19.56,17.275835,3323.65,3307.737,0.0,0.0,19.63,20.246843,2026-09-05 19:54:00+00:00
2026-09-05 18:55:00+00:00,17.35,14.912912,21.34,17.044052,3154.29,3269.2861,0.0,0.0,19.63,20.144308,2026-09-05 19:55:00+00:00
2026-09-05 18:56:00+00:00,11.75,14.725538,10.22,17.078434,3462.92,3295.8203,1.35,0.0,20.81,20.26254,2026-09-05 19:56:00+00:00
2026-09-05 18:57:00+00:00,16.36,15.114739,22.45,17.64179,3224.25,3270.995,0.0,0.0,19.75,20.05328,2026-09-05 19:57:00+00:00
2026-09-05 18:58:00+00:00,15.86,15.036024,15.15,17.11252,2985.1,3262.4727,0.0,0.0,19.63,20.034529,2026-09-05 19:58:00+00:00
2026-09-05 18:59:00+00:00,17.13,14.989086,20.93,17.14241,3364.25,3304.4521,0.0,0.0,19.63,20.293787,2026-09-05 19:59:00+00:00
2026-09-05 19:00:00+00:00,13.11,15.199066,15.47,17.906092,3280.33,3289.8567,0.0,0.0,19.63,20.32534,2026-09-05 20:00:00+00:00
2026-09-05 19:01:00+00:00,13.57,15.463039,17.59,16.970558,3120.88,3242.6858,0.0,0.0,19.63,23.415098,2026-09-05 20:01:00+00:00
2026-09-05 19:02:00+00:00,14.8,15.052997,16.53,17.324308,3166.18,3283.0737,0.0,0.0,20.79,20.43352,2026-09-05 20:02:00+00:00
2026-09-05 19:03:00+00:00,15.03,15.089634,14.4,17.820705,3282.66,3248.882,0.0,0.0,19.63,20.477537,2026-09-05 20:03:00+00:00
2026-09-05 19:04:00+00:00,12.19,15.651102,15.62,17.6284,2998.49,3273.1245,0.0,0.0,20.3,20.613003,2026-09-05 20:04:00+00:00
2026-09-05 19:05:00+00:00,18.63,15.391655,23.64,17.073494,3095.5,3298.4395,0.0,0.0,19.63,20.507496,2026-09-05 20:05:00+00:00
2026-09-05 19:06:00+00:00,15.52,15.266225,16.02,17.023605,3279.2,3295.2668,0.2,0.0,19.63,20.265783,2026-09-05 20:06:00+00:00
2026-09-05 19:07:00+00:00,12.65,15.763523,15.24,18.175718,3375.68,3270.8804,0.46,0.0,19.63,20.335726,2026-09-05 20:07:00+00:00
2026-09-05 19:08:00+00:00,20.39,15.711828,18.54,17.899923,3204.79,3318.2515,0.0,0.0,19.63,20.184183,2026-09-05 20:08:00+00:00
2026-09-05 19:09:00+00:00,16.18,14.921299,20.02,16.648174,3357.9,3267.7568,0.08,0.0,19.94,20.327343,2026-09-05 20:09:00+00:00
2026-09-05 19:10:00+00:00,15.52,15.642321,19.15,17.967407,3522.97,3290.8726,0.0,0.0,19.63,20.484201,2026-09-05 20:10:00+00:00
2026-09-05 19:11:00+00:00,19.97,15.357242,19.15,17.569443,3295.63,3270.4365,0.0,0.0,20.45,20.15956,2026-09-05 20:11:00+00:00
2026-09-05 19:12:00+00:00,12.22,14.524744,14.36,16.934998,3482.85,3287.9363,0.0,0.0,19.94,20.287495,2026-09-05 20:12:00+00:00
2026-09-05 19:13:00+00:00,19.4,14.917398,20.54,17.885096,3500.76,3265.8313,0.0,0.0,19.63,19.911509,2026-09-05 20:13:00+00:00
2026-09-05 19:14:00+00:00,18.3,15.240035,23.86,17.852474,3497.55,3243.7622,0.0,0.032531578,19.63,20.003366,2026-09-05 20:14:00+00:00
2026-09-05 19:15:00+00:00,15.65,15.079458,15.88,17.549078,3002.86,3256.5447,0.0,0.0,19.73,20.025606,2026-09-05 20:15:00+00:00
2026-09-05 19:16:00+00:00,13.92,15.005233,16.82,17.794762,3304.21,3270.0557,0.47,0.0,19.72,20.090914,2026-09-05 20:16:00+00:00
2026-09-05 19:17:00+00:00,12.19,14.879176,15.25,17.118498,3401.43,3244.6973,0.95,0.0,19.63,19.955593,2026-09-05 20:17:00+00:00
2026-09-05 19:18:00+00:00,16.27,15.295688,13.99,17.477137,3277.81,3238.0918,0.0,0.0,19.63,19.987904,2026-09-05 20:18:00+00:00
2026-09-05 19:19:00+00:00,16.52,15.183775,21.04,17.651024,3438.9,3303.1023,0.0,0.0,20.92,20.201477,2026-09-05 20:19:00+00:00
2026-09-05 19:20:00+00:00,17.95,14.644925,22.57,17.078167,3764.33,3252.9038,0.0,0.0,20.93,20.16715,2026-09-05 20:20:00+00:00
2026-09-05 19:21:00+00:00,15.38,15.337903,15.7,17.371372,3302.52,3245.0396,0.0,0.0,20.65,20.135902,2026-09-05 20:21:00+00:00
2026-09-05 19:22:00+00:00,8.0,15.6643715,7.93,17.221182,3269.88,3263.2808,0.41,0.38429308,19.63,19.99531,2026-09-05 20:22:00+00:00
2026-09-05 19:23:00+00:00,11.64,14.789976,15.57,17.320402,3422.05,3279.3682,0.31,0.042008016,19.85,20.383865,2026-09-05 20:23:00+00:00
2026-09-05 19:24:00+00:00,17.87,14.678157,17.7,16.948395,2927.28,3266.6714,0.0,0.0,19.63,19.975037,2026-09-05 20:24:00+00:00
2026-09-05 19:25:00+00:00,15.73,15.041024,19.3,16.823606,3243.41,3282.9326,0.0,0.0,19.63,20.206585,2026-09-05 20:25:00+00:00
2026-09-05 19:26:00+00:00,16.27,14.7822485,22.42,17.552021,3101.46,3262.669,0.0,0.0,19.63,20.930521,2026-09-05 20:26:00+00:00
2026-09-05 19:27:00+00:00,15.78,15.145645,14.57,16.044636,3354.51,3274.3315,0.0,0.0,19.63,19.923136,2026-09-05 20:27:00+00:00
2026-09-05 19:28:00+00:00,13.34,14.841223,16.39,16.8732,3326.31,3285.7603,0.0,0.0,19.68,20.400791,2026-09-05 20:28:00+00:00
2026-09-05 19:29:00+00:00,18.49,15.599601,23.08,17.270906,3363.1,3290.3306,0.0,0.0,20.89,20.26002,2026-09-05 20:29:00+00:00
2026-09-05 19:30:00+00:00,9.56,15.146769,11.82,17.573164,3141.37,3249.7246,0.0,0.0,19.63,20.173517,2026-09-05 20:30:00+00:00
2026-09-05 19:31:00+00:00,15.64,14.581575,18.29,17.609167,3206.04,3253.6064,0.0,0.0,19.77,20.190529,2026-09-05 20:31:00+00:00
2026-09-05 19:32:00+00:00,14.0,15.018453,13.02,17.736767,3015.4,3252.0051,0.0,0.0,20.24,19.984898,2026-09-05 20:32:00+00:00
2026-09-05 19:33:00+00:00,15.13,15.304045,16.07,18.247074,3145.61,3244.592,1.35,0.0,19.63,20.821352,2026-09-05 20:33:00+00:00
2026-09-05 19:34:00+00:00,16.55,15.205359,18.04,17.963102,3171.29,3287.7676,0.08,0.0,19.63,20.070858,2026-09-05 20:34:00+00:00
2026-09-05 19:35:00+00:00,19.1,15.352947,20.78,17.827751,3372.76,3261.402,0.0,2.2152934,20.33,20.2178,2026-09-05 20:35:00+00:00
2026-09-05 19:36:00+00:00,15.17,15.109556,17.19,18.433064,3277.33,3241.704,0.62,0.0,20.75,19.956211,2026-09-05 20:36:00+00:00
2026-09-05 19:37:00+00:00,11.16,15.172512,10.7,17.877512,3158.58,3236.4944,0.0,0.0,20.8,20.419296,2026-09-05 20:37:00+00:00
2026-09-05 19:38:00+00:00,15.61,15.016408,17.65,18.034039,3030.68,3265.9958,1.14,7.2194715,19.74,19.87259,2026-09-05 20:38:00+00:00
2026-09-05 19:39:00+00:00,16.3,14.717936,18.83,18.066887,3276.63,3278.635,0.61,0.0,19.63,20.616827,2026-09-05 20:39:00+00:00
2026-09-05 19:40:00+00:00,14.79,15.057223,12.59,18.027336,3386.95,3250.0964,0.0,0.0,20.11,20.503138,2026-09-05 20:40:00+00:00
2026-09-05 19:41:00+00:00,14.69,15.031921,13.61,17.338108,3490.64,3281.2783,0.0,0.0,19.63,20.45864,2026-09-05 20:41:00+00:00
2026-09-05 19:42:00+00:00,16.78,15.042158,20.34,18.352255,3544.38,3354.0483,0.0,0.0,19.63,19.245064,2026-09-05 20:42:00+00:00
2026-09-05 19:43:00+00:00,13.56,14.558878,13.64,16.920603,3289.96,3283.6519,0.0,0.0,19.63,20.51717,2026-09-05 20:43:00+00:00
2026-09-05 19:44:00+00:00,14.24,14.861991,18.31,17.322823,2964.31,3291.0098,0.0,0.0,19.98,22.087395,2026-09-05 20:44:00+00:00
2026-09-05 19:45:00+00:00,16.85,15.152839,15.57,18.037062,3275.41,3303.7961,0.39,0.0,19.63,19.9274,2026-09-05 20:45:00+00:00
2026-09-05 19:46:00+00:00,16.35,15.161172,17.73,18.211731,3444.63,3298.7043,0.0,0.0,20.34,21.606852,2026-09-05 20:46:00+00:00
2026-09-05 19:47:00+00:00,19.25,14.760097,21.36,17.08889,3341.08,3308.869,0.0,0.0,19.92,20.512169,2026-09-05 20:47:00+00:00
2026-09-05 19:48:00+00:00,17.63,14.752693,23.38,16.862202,3289.83,3285.7349,0.0,0.0,19.63,19.284323,2026-09-05 20:48:00+00:00
2026-09-05 19:49:00+00:00,17.93,15.200338,20.21,18.589693,2931.24,3252.1514,0.0,0.0,19.63,19.270067,2026-09-05 20:49:00+00:00
2026-09-05 19:50:00+00:00,14.0,15.1565275,16.94,17.567463,3278.48,3275.5117,0.0,0.0,19.77,20.121593,2026-09-05 20:50:00+00:00
2026-09-05 19:51:00+00:00,17.8,15.220634,18.41,17.504765,3289.94,3284.224,0.0,0.0,19.63,21.910358,2026-09-05 20:51:00+00:00
2026-09-05 19:52:00+00:00,11.68,15.271604,15.71,17.32363,2888.16,3270.5344,0.24,0.0,19.63,19.7303,2026-09-05 20:52:00+00:00
2026-09-05 19:53:00+00:00,15.53,15.307737,21.4,17.988466,3152.35,3257.6858,0.39,0.0,19.63,20.809942,2026-09-05 20:53:00+00:00
2026-09-05 19:54:00+00:00,15.32,15.277113,17.99,17.847515,3365.61,3271.7344,0.0,0.0,19.63,20.692654,2026-09-05 20:54:00+00:00
2026-09-05 19:55:00+00:00,19.87,15.110984,19.26,18.02588,3280.68,3229.1687,0.18,0.0,20.68,20.633362,2026-09-05 20:55:00+00:00
2026-09-05 19:56:00+00:00,11.8,15.083211,10.37,16.973967,3218.18,3210.5017,0.0,0.0,19.91,22.559395,2026-09-05 20:56:00+00:00
2026-09-05 19:57:00+00:00,18.13,15.30326,22.64,17.680403,3018.9,3197.2605,0.11,0.0,19.91,20.47725,2026-09-05 20:57:00+00:00
2026-09-05 19:58:00+00:00,14.29,15.470487,15.92,18.438683,3063.75,3198.561,0.0,0.0,19.63,21.67372,2026-09-05 20:58:00+00:00
2026-09-05 19:59:00+00:00,14.48,15.330687,20.46,17.445078,3024.97,3176.1824,1.19,0.5408278,19.63,20.135176,2026-09-05 20:59:00+00:00
2026-09-05 20:00:00+00:00,18.0,15.353423,21.16,18.108566,3291.09,3131.495,0.0,0.6950209,19.76,19.618797,2026-09-05 21:00:00+00:00
2026-09-05 20:01:00+00:00,15.78,15.480661,20.62,17.793322,3220.65,3153.2883,0.76,2.530895,19.63,19.816729,2026-09-05 21:01:00+00:00
2026-09-05 20:02:00+00:00,13.63,15.245444,15.43,17.240292,3271.27,3099.713,0.0,0.0,19.63,18.869211,2026-09-05 21:02:00+00:00
2026-09-05 20:03:00+00:00,12.39,15.076386,12.8,16.931265,3102.04,3133.6423,0.0,0.0,19.63,19.196497,2026-09-05 21:03:00+00:00
2026-09-05 20:04:00+00:00,17.73,15.264496,22.91,16.879654,3166.55,3094.8213,0.09,0.0,19.63,21.007824,2026-09-05 21:04:00+00:00
2026-09-05 20:05:00+00:00,12.61,15.06992,14.54,16.970026,3452.88,3145.2585,0.58,0.0,19.63,19.221512,2026-09-05 21:05:00+00:00
2026-09-05 20:06:00+00:00,13.66,15.955528,14.8,17.199768,3134.5,3145.524,0.0,0.0,19.63,19.156237,2026-09-05 21:06:00+00:00
2026-09-05 20:07:00+00:00,10.55,14.943562,13.57,17.36507,3066.59,3149.6987,0.0,0.0,19.63,19.270319,2026-09-05 21:07:00+00:00
2026-09-05 20:08:00+00:00,12.13,15.244703,14.51,16.884348,3184.37,3091.8508,0.0,0.0,20.05,20.097286,2026-09-05 21:08:00+00:00
2026-09-05 20:09:00+00:00,19.28,15.491448,19.62,17.118608,3403.22,3090.0613,0.0,0.0,21.06,20.079786,2026-09-05 21:09:00+00:00
2026-09-05 20:10:00+00:00,9.7,14.873757,13.17,17.100311,3091.17,3140.2927,0.0,0.0,19.63,20.293236,2026-09-05 21:10:00+00:00
2026-09-05 20:11:00+00:00,15.16,14.898564,14.99,17.8284,3008.88,3094.349,0.65,0.0,19.63,20.063557,2026-09-05 21:11:00+00:00
2026-09-05 20:12:00+00:00,16.21,14.084347,15.13,16.813652,3331.85,3157.7258,0.0,0.0,20.02,20.229183,2026-09-05 21:12:00+00:00
2026-09-05 20:13:00+00:00,13.11,15.172493,15.92,17.392424,3076.8,3109.476,0.0,0.0,20.95,20.06773,2026-09-05 21:13:00+00:00
2026-09-05 20:14:00+00:00,18.24,14.608104,20.46,17.435974,3100.51,3098.486,0.0,0.0,19.97,20.452868,2026-09-05 21:14:00+00:00
2026-09-05 20:15:00+00:00,12.01,14.326697,17.88,16.936623,3294.45,3114.664,0.0,0.0,19.72,19.788937,2026-09-05 21:15:00+00:00
2026-09-05 20:16:00+00:00,15.06,14.71031,16.16,17.729399,3151.02,3191.8557,0.0,0.0,20.43,20.066986,2026-09-05 21:16:00+00:00
2026-09-05 20:17:00+00:00,16.29,14.644643,17.86,17.254793,3269.46,3187.07,0.0,0.0,19.69,20.238605,2026-09-05 21:17:00+00:00
2026-09-05 20:18:00+00:00,17.21,14.724941,24.8,17.069096,3193.44,3167.575,0.0,0.0,19.63,19.885477,2026-09-05 21:18:00+00:00
2026-09-05 20:19:00+00:00,11.95,14.871717,11.98,17.06034,2994.27,3100.766,0.0,0.0,19.79,20.087282,2026-09-05 21:19:00+00:00
2026-09-05 20:20:00+00:00,16.02,15.166127,17.73,16.868668,2969.13,3161.2712,0.0,0.0,19.63,19.69971,2026-09-05 21:20:00+00:00
2026-09-05 20:21:00+00:00,23.15,14.888415,32.64,17.405037,3140.97,3099.7266,0.0,0.0,20.21,21.546663,2026-09-05 21:21:00+00:00
2026-09-05 20:22:00+00:00,11.54,15.423732,13.39,16.931507,3422.11,3050.4163,0.0,0.0,19.63,20.29106,2026-09-05 21:22:00+00:00
2026-09-05 20:23:00+00:00,14.76,15.351972,14.06,16.772512,3091.4,3074.8977,0.69,0.0,19.63,20.429522,2026-09-05 21:23:00+00:00
2026-09-05 20:24:00+00:00,11.79,15.725457,13.74,17.706913,3291.53,3070.6301,0.0,0.0,20.25,20.40513,2026-09-05 21:24:00+00:00
2026-09-05 20:25:00+00:00,16.16,15.257977,20.15,17.822332,3286.2,3082.2708,0.0,0.0,20.31,19.623804,2026-09-05 21:25:00+00:00
2026-09-05 20:26:00+00:00,15.35,15.501647,16.88,17.158527,2949.53,3181.0984,0.0,0.0,19.93,19.992779,2026-09-05 21:26:00+00:00
2026-09-05 20:27:00+00:00,16.14,15.39441,14.55,16.920568,3261.51,3145.6875,0.24,0.0,19.63,19.869814,2026-09-05 21:27:00+00:00
2026-09-05 20:28:00+00:00,16.84,15.177032,21.52,16.964874,3048.7,3137.1619,0.0,0.0,19.63,20.36995,2026-09-05 21:28:00+00:00
2026-09-05 20:29:00+00:00,14.8,14.934286,15.69,17.18599,3126.8,3121.6614,0.87,0.0,20.8,20.263977,2026-09-05 21:29:00+00:00
2026-09-05 20:30:00+00:00,11.88,14.826205,11.24,16.17337,3281.01,3098.1626,0.0,0.0,20.91,20.460155,2026-09-05 21:30:00+00:00
2026-09-05 20:31:00+00:00,12.03,14.82482,13.21,16.624285,3184.42,3115.748,0.23,0.0,19.63,20.28606,2026-09-05 21:31:00+00:00
2026-09-05 20:32:00+00:00,15.96,15.323748,15.38,17.96263,3256.25,3133.5933,0.0,0.0,20.44,21.316656,2026-09-05 21:32:00+00:00
2026-09-05 20:33:00+00:00,16.22,14.654173,16.74,16.199846,3314.41,3080.7625,0.0,0.0,19.63,19.813332,2026-09-05 21:33:00+00:00
2026-09-05 20:34:00+00:00,17.73,15.262727,17.85,17.560753,3088.81,3070.1565,0.46,0.0,19.63,20.194672,2026-09-05 21:34:00+00:00
2026-09-05 20:35:00+00:00,12.42,15.374472,13.09,17.812681,3039.38,3114.579,0.4,0.0,20.74,20.064005,2026-09-05 21:35:00+00:00
2026-09-05 20:36:00+00:00,13.51,14.921354,15.2,16.900211,3150.69,3110.2583,0.0,0.0,19.67,20.081158,2026-09-05 21:36:00+00:00
2026-09-05 20:37:00+00:00,14.4,15.219396,16.41,16.436867,3302.72,3075.204,0.0,0.0,19.95,21.090734,2026-09-05 21:37:00+00:00
2026-09-05 20:38:00+00:00,18.62,15.2867365,20.79,17.155825,3212.88,3076.9382,0.39,0.0,19.63,20.907898,2026-09-05 21:38:00+00:00
2026-09-05 20:39:00+00:00,20.9,15.11451,23.21,16.679201,3042.03,3128.2144,0.0,0.0,20.78,20.161867,2026-09-05 21:39:00+00:00
2026-09-05 20:40:00+00:00,15.34,15.670939,20.27,16.784607,3157.0,3115.2039,0.0,0.0,19.63,20.373905,2026-09-05 21:40:00+00:00
2026-09-05 20:41:00+00:00,9.28,15.4237175,11.83,17.193657,3257.47,3120.303,0.0,0.0,20.69,20.240017,2026-09-05 21:41:00+00:00
2026-09-05 20:42:00+00:00,16.24,15.454722,18.29,17.073193,3081.26,3086.7056,0.0,0.0,19.63,21.087696,2026-09-05 21:42:00+00:00
2026-09-05 20:43:00+00:00,19.01,15.893101,17.07,17.943905,3093.47,3100.0364,0.0,0.0,19.63,20.548828,2026-09-05 21:43:00+00:00
2026-09-05 20:44:00+00:00,17.0,15.410846,20.65,17.023834,3225.46,3068.9602,0.0,0.0,20.24,20.956137,2026-09-05 21:44:00+00:00
2026-09-05 20:45:00+00:00,18.02,14.809428,17.68,17.056318,3062.8,3097.2686,0.0,0.0,19.63,20.728285,2026-09-05 21:45:00+00:00
2026-09-05 20:46:00+00:00,13.88,14.86193,17.28,16.968306,3329.1,3123.589,0.0,0.0,20.65,20.156765,2026-09-05 21:46:00+00:00
2026-09-05 20:47:00+00:00,16.49,15.283178,18.03,16.034,3032.5,3120.2742,0.0,0.0,19.63,20.238691,2026-09-05 21:47:00+00:00
2026-09-05 20:48:00+00:00,14.37,15.381138,14.07,16.967703,3110.28,3112.6465,0.62,0.0,20.36,20.323961,2026-09-05 21:48:00+00:00
2026-09-05 20:49:00+00:00,18.83,14.90097,20.92,16.611044,3096.82,3182.5605,0.0,0.0,19.63,20.004747,2026-09-05 21:49:00+00:00
2026-09-05 20:50:00+00:00,17.14,14.340887,14.59,16.380655,3186.99,3205.839,0.51,0.0,20.6,20.879555,2026-09-05 21:50:00+00:00
2026-09-05 20:51:00+00:00,21.3,14.779,23.89,16.677967,3249.77,3191.6013,0.0,0.0,19.63,20.061438,2026-09-05 21:51:00+00:00
2026-09-05 20:52:00+00:00,16.77,15.826436,19.09,16.755308,3048.89,3198.9714,0.0,0.0,21.1,20.225683,2026-09-05 21:52:00+00:00
2026-09-05 20:53:00+00:00,14.87,14.9925375,17.92,16.082327,2944.88,3245.9724,0.0,0.69137657,19.63,20.338392,2026-09-05 21:53:00+00:00
2026-09-05 20:54:00+00:00,13.77,14.660001,18.03,16.349997,2941.49,3210.4019,0.0,0.0,19.68,20.220818,2026-09-05 21:54:00+00:00
2026-09-05 20:55:00+00:00,16.79,14.824673,20.23,16.969585,2911.03,3165.93,0.0,0.0,19.63,20.19409,2026-09-05 21:55:00+00:00
2026-09-05 20:56:00+00:00,17.03,13.391733,23.52,15.020102,3184.84,3214.7024,0.0,0.0,20.39,20.640722,2026-09-05 21:56:00+00:00
2026-09-05 20:57:00+00:00,15.41,14.861646,21.45,15.957971,2704.18,3128.896,1.45,0.1795851,19.63,20.24838,2026-09-05 21:57:00+00:00
2026-09-05 20:58:00+00:00,17.21,14.941398,17.19,15.5020685,3117.82,3132.5884,0.0,0.26434356,19.64,20.249086,2026-09-05 21:58:00+00:00
2026-09-05 20:59:00+00:00,14.53,14.930212,12.41,16.94476,3153.61,3155.179,0.0,0.0,20.52,20.393024,2026-09-05 21:59:00+00:00
2026-09-05 21:00:00+00:00,17.57,15.148737,20.8,16.16362,2972.92,2980.5042,0.0,15.744159,19.7,20.384323,2026-09-05 22:00:00+00:00
2026-09-05 21:01:00+00:00,10.86,14.429601,15.82,16.253891,3360.2,2992.9937,0.0,20.087936,19.63,20.40824,2026-09-05 22:01:00+00:00
2026-09-05 21:02:00+00:00,16.04,14.484873,18.02,16.33605,3275.49,2959.0247,0.0,20.213818,20.27,20.405111,2026-09-05 22:02:00+00:00
2026-09-05 21:03:00+00:00,14.17,14.31239,14.31,15.528699,3091.8,3004.7905,0.0,0.82665616,19.63,20.277613,2026-09-05 22:03:00+00:00
2026-09-05 21:04:00+00:00,17.82,14.489253,20.35,15.444699,3050.7,3010.5896,0.0,1.129928,19.8,20.289845,2026-09-05 22:04:00+00:00
2026-09-05 21:05:00+00:00,16.3,14.206304,18.21,16.29907,3061.73,3043.7522,0.27,0.0,19.63,20.353777,2026-09-05 22:05:00+00:00
2026-09-05 21:06:00+00:00,16.78,14.245916,20.12,15.848287,3168.75,3032.1296,0.0,1.1309083,21.07,20.355759,2026-09-05 22:06:00+00:00
2026-09-05 21:07:00+00:00,18.36,14.495854,19.47,15.683537,3045.61,3002.1694,0.0,1.5248312,19.63,20.13097,2026-09-05 22:07:00+00:00
2026-09-05 21:08:00+00:00,19.72,14.678104,21.41,15.758088,2955.69,3013.4763,0.0,1.8958454,19.63,20.226934,2026-09-05 22:08:00+00:00
2026-09-05 21:09:00+00:00,13.87,15.55132,16.6,16.48151,3284.78,2980.4478,0.0,2.218198,19.67,20.41369,2026-09-05 22:09:00+00:00
2026-09-05 21:10:00+00:00,14.07,14.62092,16.17,16.294909,3146.14,3005.5264,0.0,2.1993906,20.16,20.91845,2026-09-05 22:10:00+00:00
2026-09-05 21:11:00+00:00,13.84,14.872215,16.79,16.61007,3029.08,2996.2688,0.0,2.0387142,19.63,20.173403,2026-09-05 22:11:00+00:00
2026-09-05 21:12:00+00:00,20.11,14.981412,24.62,16.434326,2958.41,2927.08,0.39,1.5919384,20.56,20.663197,2026-09-05 22:12:00+00:00
2026-09-05 21:13:00+00:00,14.21,15.350694,16.8,17.244476,2831.27,2964.0857,0.0,2.3076248,21.07,20.62377,2026-09-05 22:13:00+00:00
2026-09-05 21:14:00+00:00,12.51,15.35294,15.15,17.41389,3137.42,2910.7244,0.86,2.270647,19.63,20.69439,2026-09-05 22:14:00+00:00
2026-09-05 21:15:00+00:00,16.73,15.052882,23.83,17.314495,3064.0,2882.247,0.0,1.9254502,20.44,20.10889,2026-09-05 22:15:00+00:00
2026-09-05 21:16:00+00:00,14.57,15.15584,14.64,17.655102,2899.38,2920.8252,0.0,1.8472675,20.95,20.190395,2026-09-05 22:16:00+00:00
2026-09-05 21:17:00+00:00,18.73,14.800574,19.33,17.338833,3064.44,2936.138,0.0,2.4908144,20.68,19.709192,2026-09-05 22:17:00+00:00
2026-09-05 21:18:00+00:00,13.45,14.84675,9.58,17.042234,2842.94,2898.674,0.0,2.2802575,19.63,20.171133,2026-09-05 22:18:00+00:00
2026-09-05 21:19:00+00:00,15.49,14.756318,16.37,16.530735,2814.84,2911.4575,0.0,2.4421928,20.72,20.604368,2026-09-05 22:19:00+00:00
2026-09-05 21:20:00+00:00,12.35,15.396597,11.8,17.262321,3286.21,2911.6636,0.4,3.5373423,20.37,22.044024,2026-09-05 22:20:00+00:00
2026-09-05 21:21:00+00:00,16.12,14.903664,21.59,17.468435,2870.76,2914.0337,0.0,10.650661,19.79,20.20583,2026-09-05 22:21:00+00:00
2026-09-05 21:22:00+00:00,15.37,15.478292,13.32,16.368624,2966.82,2953.3147,0.0,9.716257,21.1,20.157064,2026-09-05 22:22:00+00:00
2026-09-05 21:23:00+00:00,17.57,14.777991,18.55,16.455109,3154.43,2959.2083,0.0,9.300155,21.01,20.737913,2026-09-05 22:23:00+00:00
2026-09-05 21:24:00+00:00,14.6,14.398808,12.73,16.861654,2811.92,2906.7532,1.11,9.632885,20.52,20.216307,2026-09-05 22:24:00+00:00
2026-09-05 21:25:00+00:00,12.28,15.5395355,14.36,17.885517,3007.65,2957.1702,0.0,9.606569,19.67,20.321806,2026-09-05 22:25:00+00:00
2026-09-05 21:26:00+00:00,13.63,15.436078,19.55,17.858704,3039.68,2952.2515,0.0,9.888548,19.63,20.350636,2026-09-05 22:26:00+00:00
2026-09-05 21:27:00+00:00,18.0,14.683773,20.78,16.822279,2961.67,2898.415,0.0,9.5691395,20.28,20.257458,2026-09-05 22:27:00+00:00
2026-09-05 21:28:00+00:00,19.84,14.847692,23.34,17.168705,2812.7,2890.4814,0.0,9.982196,19.63,20.172157,2026-09-05 22:28:00+00:00
2026-09-05 21:29:00+00:00,17.13,15.337619,22.13,16.577322,2922.61,2934.7876,0.0,8.986879,20.73,20.317514,2026-09-05 22:29:00+00:00
2026-09-05 21:30:00+00:00,12.76,15.591996,14.86,17.595314,2852.12,2868.839,0.0,14.082653,19.63,20.24379,2026-09-05 22:30:00+00:00
2026-09-05 21:31:00+00:00,12.42,14.906188,13.54,16.896807,2850.64,2889.0486,0.0,3.9057477,19.63,20.136683,2026-09-05 22:31:00+00:00
2026-09-05 21:32:00+00:00,13.53,14.580411,17.45,16.549656,2814.72,2850.6177,0.0,3.4817832,19.63,20.06668,2026-09-05 22:32:00+00:00
2026-09-05 21:33:00+00:00,13.14,14.604201,15.3,16.395607,2902.61,2888.51,0.0,3.808905,19.63,20.083614,2026-09-05 22:33:00+00:00
2026-09-05 21:34:00+00:00,18.24,15.057179,20.52,16.858255,2860.39,2891.2017,0.0,3.2507994,20.79,20.155663,2026-09-05 22:34:00+00:00
2026-09-05 21:35:00+00:00,13.72,15.047894,10.69,17.740677,2816.62,2912.2822,0.29,3.3658025,20.83,20.032885,2026-09-05 22:35:00+00:00
2026-09-05 21:36:00+00:00,9.62,14.577093,14.24,16.61952,2930.29,2894.5254,0.0,2.9501402,19.96,20.168993,2026-09-05 22:36:00+00:00
2026-09-05 21:37:00+00:00,14.93,14.899766,13.75,16.453175,3175.45,2891.5159,0.0,6.408435,19.63,20.03871,2026-09-05 22:37:00+00:00
2026-09-05 21:38:00+00:00,14.36,14.508996,16.72,16.490261,2880.74,2874.1277,0.0,3.7855952,19.99,19.955757,2026-09-05 22:38:00+00:00
2026-09-05 21:39:00+00:00,20.84,15.016501,28.3,17.926334,2979.48,2915.4797,0.0,3.4210157,20.11,20.170639,2026-09-05 22:39:00+00:00
2026-09-05 21:40:00+00:00,13.82,14.562541,21.89,16.627691,2824.56,2883.8894,0.0,3.0001633,20.25,20.113882,2026-09-05 22:40:00+00:00
2026-09-05 21:41:00+00:00,16.13,15.120115,20.95,16.411072,2742.41,2884.6284,0.0,1.7062157,19.63,21.042522,2026-09-05 22:41:00+00:00
2026-09-05 21:42:00+00:00,18.93,15.297482,17.8,17.744066,2845.55,2884.982,0.0,1.6010708,19.63,20.625864,2026-09-05 22:42:00+00:00
2026-09-05 21:43:00+00:00,10.94,15.090902,10.64,17.67018,2911.86,2875.1824,0.0,0.0,20.56,20.248783,2026-09-05 22:43:00+00:00
2026-09-05 21:44:00+00:00,11.22,15.020571,12.58,17.568195,2900.28,2870.96,0.0,0.0,19.63,20.17352,2026-09-05 22:44:00+00:00
2026-09-05 21:45:00+00:00,10.97,15.462035,13.87,17.347946,2708.48,2864.308,0.0,0.0,19.63,20.167006,2026-09-05 22:45:00+00:00
2026-09-05 21:46:00+00:00,10.64,15.208924,8.97,18.319418,2855.07,2916.9658,0.0,0.0,20.71,20.597855,2026-09-05 22:46:00+00:00
2026-09-05 21:47:00+00:00,15.7,15.552273,12.29,18.136808,2793.05,2902.4382,0.0,0.0,19.63,20.320396,2026-09-05 22:47:00+00:00
2026-09-05 21:48:00+00:00,15.04,15.657044,19.81,17.411661,3114.68,2905.3953,0.0,0.0,20.32,20.15223,2026-09-05 22:48:00+00:00
2026-09-05 21:49:00+00:00,13.16,15.577853,15.33,17.47098,3108.14,2875.385,0.0,0.0,19.84,20.207104,2026-09-05 22:49:00+00:00
2026-09-05 21:50:00+00:00,14.71,15.194082,21.46,16.842344,2907.64,2868.8125,0.44,1.2639953,19.71,20.153559,2026-09-05 22:50:00+00:00
2026-09-05 21:51:00+00:00,18.72,14.860102,20.63,17.318956,2671.83,2899.8982,0.0,1.0462149,19.63,20.217497,2026-09-05 22:51:00+00:00
2026-09-05 21:52:00+00:00,14.78,14.90753,14.83,16.597412,2786.68,2941.041,0.0,0.0,19.77,19.999823,2026-09-05 22:52:00+00:00
2026-09-05 21:53:00+00:00,18.29,14.854469,17.78,17.154215,2884.03,2933.1257,0.36,0.0,21.12,20.443377,2026-09-05 22:53:00+00:00
2026-09-05 21:54:00+00:00,15.15,14.919838,15.8,17.030745,2791.21,2923.94,0.0,1.2070469,19.66,20.181128,2026-09-05 22:54:00+00:00
2026-09-05 21:55:00+00:00,15.92,15.004088,16.21,17.185465,2965.68,2901.2424,0.0,2.541489,19.63,20.072166,2026-09-05 22:55:00+00:00
2026-09-05 21:56:00+00:00,9.8,14.826701,8.37,17.028086,2956.98,2857.4253,0.0,2.8610115,20.5,20.122906,2026-09-05 22:56:00+00:00
2026-09-05 21:57:00+00:00,12.79,14.144149,14.19,16.765343,2947.93,2913.7407,0.0,1.8362892,20.43,20.134607,2026-09-05 22:57:00+00:00
2026-09-05 21:58:00+00:00,11.7,15.025989,14.21,17.60227,2812.41,2835.751,0.48,0.021042196,19.78,20.102116,2026-09-05 22:58:00+00:00
2026-09-05 21:59:00+00:00,13.69,14.752415,17.6,16.508598,2944.4,2863.4915,0.0,1.9247687,19.63,20.051125,2026-09-05 22:59:00+00:00
2026-09-05 22:00:00+00:00,22.1,15.196451,28.73,16.628576,3065.76,2870.9924,0.02,0.0,20.16,20.156796,2026-09-05 23:00:00+00:00
2026-09-05 22:01:00+00:00,12.04,14.516711,10.79,16.496252,3042.13,2905.8794,0.24,0.0,19.63,20.0521,2026-09-05 23:01:00+00:00
2026-09-05 22:02:00+00:00,17.4,14.887268,16.51,17.878714,2906.18,2866.837,0.0,0.0,19.63,20.02295,2026-09-05 23:02:00+00:00
2026-09-05 22:03:00+00:00,12.46,14.819734,13.01,17.235773,2942.46,2877.0784,0.0,0.0,19.72,20.239222,2026-09-05 23:03:00+00:00
2026-09-05 22:04:00+00:00,9.12,14.973842,7.99,16.89481,2704.57,2861.1555,0.0,0.0,20.67,20.293139,2026-09-05 23:04:00+00:00
2026-09-05 22:05:00+00:00,18.72,15.032874,18.82,17.414892,3106.16,2879.4482,0.0,0.0,21.04,20.457836,2026-09-05 23:05:00+00:00
2026-09-05 22:06:00+00:00,13.1,15.077178,11.8,16.913315,2862.21,2852.96,0.0,5.553641,20.96,19.883377,2026-09-05 23:06:00+00:00
2026-09-05 22:07:00+00:00,16.78,15.939485,21.13,17.555414,3089.69,2853.991,0.62,0.0,19.86,20.094952,2026-09-05 23:07:00+00:00
2026-09-05 22:08:00+00:00,17.01,14.970791,19.87,17.032885,2766.19,2883.6223,0.0,0.0,19.63,20.043808,2026-09-05 23:08:00+00:00
2026-09-05 22:09:00+00:00,9.8,16.245487,9.0,18.759205,2951.64,2883.2861,0.14,0.0,20.9,20.532925,2026-09-05 23:09:00+00:00
2026-09-05 22:10:00+00:00,14.71,15.029437,18.85,17.620893,2648.54,2856.62,0.0,0.0,19.63,20.0551,2026-09-05 23:10:00+00:00
2026-09-05 22:11:00+00:00,13.38,15.429013,10.81,16.924822,2786.13,2867.1467,0.0,0.0,20.62,20.175236,2026-09-05 23:11:00+00:00
2026-09-05 22:12:00+00:00,10.45,14.695161,11.43,16.638166,2627.39,2883.5588,0.0,2.023195,21.07,20.12403,2026-09-05 23:12:00+00:00
2026-09-05 22:13:00+00:00,17.06,15.34396,21.9,17.27902,2459.45,2875.6997,0.0,3.73076,19.63,20.1138,2026-09-05 23:13:00+00:00
2026-09-05 22:14:00+00:00,13.41,14.913988,17.73,17.24817,2515.63,2816.7107,0.0,0.0,20.76,20.148329,2026-09-05 23:14:00+00:00
2026-09-05 22:15:00+00:00,14.14,14.462174,17.92,16.454935,2977.86,2829.3923,0.0,4.0199738,19.63,20.18793,2026-09-05 23:15:00+00:00
2026-09-05 22:16:00+00:00,21.88,15.18632,29.19,17.254028,2870.43,2836.2107,0.04,3.0520453,19.63,20.371464,2026-09-05 23:16:00+00:00
2026-09-05 22:17:00+00:00,14.91,15.210285,13.87,17.782621,3058.9,2783.0945,0.0,4.6583514,19.63,20.383484,2026-09-05 23:17:00+00:00
2026-09-05 22:18:00+00:00,19.3,14.705499,23.81,17.3363,2766.04,2807.9624,0.29,0.16027305,19.63,20.236847,2026-09-05 23:18:00+00:00
2026-09-05 22:19:00+00:00,15.08,15.083374,18.01,17.073154,2747.56,2796.7188,0.0,0.9081724,19.63,20.276491,2026-09-05 23:19:00+00:00
2026-09-05 22:20:00+00:00,14.98,15.30691,14.7,17.778973,2863.7,2804.2993,0.0,0.0,19.63,20.27052,2026-09-05 23:20:00+00:00
2026-09-05 22:21:00+00:00,13.26,15.767264,17.41,17.544855,2818.61,2835.4243,1.26,0.0,19.63,20.24258,2026-09-05 23:21:00+00:00
2026-09-05 22:22:00+00:00,18.76,15.151623,17.57,17.860277,2665.82,2821.041,0.0,0.0,20.03,20.246597,2026-09-05 23:22:00+00:00
2026-09-05 22:23:00+00:00,14.53,15.087748,14.5,17.240404,2637.1,2805.155,0.0,0.0,19.63,20.143013,2026-09-05 23:23:00+00:00
2026-09-05 22:24:00+00:00,15.3,15.276618,20.3,16.551695,2756.07,2856.8105,0.45,0.0,19.63,20.065674,2026-09-05 23:24:00+00:00
2026-09-05 22:25:00+00:00,16.09,14.955552,19.19,17.345737,2795.39,2773.8022,0.0,0.0,19.63,20.155993,2026-09-05 23:25:00+00:00
2026-09-05 22:26:00+00:00,18.53,14.849855,20.32,17.336742,2756.1,2806.578,0.0,0.0,19.63,20.112513,2026-09-05 23:26:00+00:00
2026-09-05 22:27:00+00:00,11.74,15.16949,13.48,17.516613,2840.35,2852.6301,0.0,0.0,19.63,19.996096,2026-09-05 23:27:00+00:00
2026-09-05 22:28:00+00:00,14.57,15.57934,17.89,17.546244,2920.41,2793.3147,0.0,1.0267879,20.3,20.161674,2026-09-05 23:28:00+00:00
2026-09-05 22:29:00+00:00,15.68,15.70605,13.51,17.517012,2775.4,2806.995,0.0,1.2398175,19.63,20.153845,2026-09-05 23:29:00+00:00
2026-09-05 22:30:00+00:00,15.78,15.44475,23.17,16.836157,3007.09,2797.348,0.63,1.1987047,19.63,20.208546,2026-09-05 23:30:00+00:00
2026-09-05 22:31:00+00:00,16.28,15.675178,20.44,17.783432,2641.73,2774.4854,0.0,1.4291693,19.63,20.110935,2026-09-05 23:31:00+00:00
2026-09-05 22:32:00+00:00,14.61,15.57635,16.09,17.997547,2790.31,2770.374,0.2,0.527016,19.63,20.190681,2026-09-05 23:32:00+00:00
2026-09-05 22:33:00+00:00,11.26,15.819894,10.29,17.90495,2761.55,2758.3416,0.0,0.0,19.82,20.195547,2026-09-05 23:33:00+00:00
2026-09-05 22:34:00+00:00,12.65,16.116241,11.76,17.650267,3086.58,2765.5686,1.17,0.0,19.74,20.100895,2026-09-05 23:34:00+00:00
2026-09-05 22:35:00+00:00,17.53,15.051517,13.71,16.930256,2559.36,2746.017,0.0,0.0,19.63,20.173542,2026-09-05 23:35:00+00:00
2026-09-05 22:36:00+00:00,16.57,14.706607,18.27,16.6447,2713.28,2756.201,0.0,0.0,20.24,20.285791,2026-09-05 23:36:00+00:00
2026-09-05 22:37:00+00:00,18.71,15.953382,28.76,17.596521,2522.6,2773.5632,1.21,0.0,19.63,20.151794,2026-09-05 23:37:00+00:00
2026-09-05 22:38:00+00:00,13.37,16.075108,12.36,18.310806,2597.02,2768.4246,0.0,0.0,19.63,20.03344,2026-09-05 23:38:00+00:00
2026-09-05 22:39:00+00:00,13.15,16.046686,12.42,18.133835,2646.53,2774.4368,0.53,0.0,19.9,20.132898,2026-09-05 23:39:00+00:00
2026-09-05 22:40:00+00:00,15.44,15.917869,18.27,17.810308,2645.27,2779.04,0.0,0.0,20.03,20.184105,2026-09-05 23:40:00+00:00
2026-09-05 22:41:00+00:00,15.15,15.729062,15.66,18.039812,2823.79,2760.467,0.0,0.0,19.63,20.11294,2026-09-05 23:41:00+00:00
2026-09-05 22:42:00+00:00,12.32,15.396836,10.64,18.358334,2810.29,2771.8213,0.27,0.0,20.45,20.11339,2026-09-05 23:42:00+00:00
2026-09-05 22:43:00+00:00,14.83,15.7113905,14.24,18.750086,2673.89,2769.8784,0.49,0.0,19.66,20.195066,2026-09-05 23:43:00+00:00
2026-09-05 22:44:00+00:00,20.68,15.067201,19.22,17.98398,2564.58,2769.56,0.73,0.0,19.78,20.214417,2026-09-05 23:44:00+00:00
2026-09-05 22:45:00+00:00,15.17,15.449697,16.35,17.325926,2633.81,2767.8423,0.0,0.0,19.63,20.188848,2026-09-05 23:45:00+00:00
2026-09-05 22:46:00+00:00,17.17,15.505434,22.25,17.648338,2432.06,2759.036,0.0,0.12720558,19.89,20.264622,2026-09-05 23:46:00+00:00
2026-09-05 22:47:00+00:00,12.91,15.63752,17.64,17.85833,2883.12,2792.0942,0.0,0.3069993,19.83,20.24945,2026-09-05 23:47:00+00:00
2026-09-05 22:48:00+00:00,14.48,15.253776,18.36,17.381416,2624.18,2725.2515,0.0,0.53272396,20.87,20.119719,2026-09-05 23:48:00+00:00
2026-09-05 22:49:00+00:00,17.24,15.182359,21.58,18.015013,2822.19,2719.326,0.0,0.56206346,19.74,20.200672,2026-09-05 23:49:00+00:00
2026-09-05 22:50:00+00:00,17.34,15.334778,20.87,17.758036,2555.26,2755.6873,0.58,0.29144168,19.63,20.076216,2026-09-05 23:50:00+00:00
2026-09-05 22:51:00+00:00,13.21,15.335167,18.14,17.446875,2933.39,2750.8667,0.57,0.0,19.8,20.052755,2026-09-05 23:51:00+00:00
2026-09-05 22:52:00+00:00,14.0,15.228205,13.39,18.57331,2813.14,2711.0918,0.59,0.0,19.76,20.089264,2026-09-05 23:52:00+00:00
2026-09-05 22:53:00+00:00,19.0,15.169013,21.9,17.698734,2749.54,2757.5645,0.0,0.003970858,19.63,19.983364,2026-09-05 23:53:00+00:00
2026-09-05 22:54:00+00:00,8.68,14.868864,11.95,17.678104,2720.63,2776.2207,0.41,0.0,19.63,20.15854,2026-09-05 23:54:00+00:00
2026-09-05 22:55:00+00:00,14.12,14.8937235,17.01,17.415592,2560.5,2798.2,0.0,0.0,21.1,20.111584,2026-09-05 23:55:00+00:00
2026-09-05 22:56:00+00:00,11.5,15.039114,14.77,16.915379,2733.88,2777.1628,0.65,0.0,19.63,20.187157,2026-09-05 23:56:00+00:00
2026-09-05 22:57:00+00:00,16.83,14.791932,21.36,16.469763,2733.7,2816.4497,0.0,0.049087748,20.57,20.175694,2026-09-05 23:57:00+00:00
2026-09-05 22:58:00+00:00,18.83,15.926776,26.62,17.479887,2793.87,2740.5645,0.0,0.14492948,20.15,20.19448,2026-09-05 23:58:00+00:00
2026-09-05 22:59:00+00:00,16.33,15.938656,15.35,17.301977,2901.01,2776.0864,0.0,0.0,19.63,20.208136,2026-09-05 23:59:00+00:00
2026-09-05 23:00:00+00:00,20.55,14.838819,23.86,18.031923,2605.87,2706.9675,0.0,0.0,21.07,20.152819,2026-09-06 00:00:00+00:00
2026-09-05 23:01:00+00:00,16.1,14.927984,16.78,17.364098,2593.64,2772.437,0.0,0.0,21.12,20.147964,2026-09-06 00:01:00+00:00
2026-09-05 23:02:00+00:00,11.79,15.759442,9.49,17.391905,2689.02,2761.1848,0.0,0.0,20.61,20.014515,2026-09-06 00:02:00+00:00
2026-09-05 23:03:00+00:00,10.26,15.523157,15.95,18.070919,2591.43,2732.618,0.0,0.0,19.63,20.05417,2026-09-06 00:03:00+00:00
2026-09-05 23:04:00+00:00,12.39,15.865615,17.26,17.867083,2616.52,2724.991,1.44,1.4238206,19.63,20.07708,2026-09-06 00:04:00+00:00
2026-09-05 23:05:00+00:00,9.17,15.740842,10.42,18.112299,2572.4,2760.0452,0.32,1.7285635,20.33,20.070389,2026-09-06 00:05:00+00:00
2026-09-05 23:06:00+00:00,10.77,15.743115,7.5,17.879194,2485.45,2715.2107,0.74,2.477243,20.88,20.186106,2026-09-06 00:06:00+00:00
2026-09-05 23:07:00+00:00,10.33,14.709337,18.81,16.973629,2527.61,2734.2368,0.0,2.0320601,20.63,20.192719,2026-09-06 00:07:00+00:00
2026-09-05 23:08:00+00:00,8.0,15.081723,7.53,16.63174,2669.18,2790.3745,0.0,4.0287013,19.63,20.297035,2026-09-06 00:08:00+00:00
2026-09-05 23:09:00+00:00,15.28,14.170008,16.71,17.480043,2736.74,2752.376,0.0,0.83392227,19.63,20.203207,2026-09-06 00:09:00+00:00
2026-09-05 23:10:00+00:00,17.47,15.219983,21.49,17.471437,2673.05,2665.7087,0.17,0.25539765,19.63,20.152563,2026-09-06 00:10:00+00:00
2026-09-05 23:11:00+00:00,20.52,15.358942,24.55,17.278128,2801.43,2650.4062,0.0,0.0,19.74,20.166428,2026-09-06 00:11:00+00:00
2026-09-05 23:12:00+00:00,12.31,15.038683,13.01,17.24522,2991.06,2615.5623,0.0,0.0,20.89,20.112741,2026-09-06 00:12:00+00:00
2026-09-05 23:13:00+00:00,8.0,15.415151,9.79,16.948347,2720.1,2660.2751,0.0,0.0,19.63,20.186651,2026-09-06 00:13:00+00:00
2026-09-05 23:14:00+00:00,17.4,15.45282,19.66,18.064976,2494.53,2648.4578,0.0,0.0,20.05,20.26411,2026-09-06 00:14:00+00:00
2026-09-05 23:15:00+00:00,25.41,13.884653,28.1,17.757215,2693.48,2665.4768,0.0,0.0,19.63,20.184156,2026-09-06 00:15:00+00:00
2026-09-05 23:16:00+00:00,23.84,14.229033,27.51,17.211298,2724.16,2661.9465,0.87,0.0,20.73,20.210817,2026-09-06 00:16:00+00:00
2026-09-05 23:17:00+00:00,20.38,13.844768,18.08,17.33413,2749.85,2651.4365,0.0,0.38581848,21.0,20.221064,2026-09-06 00:17:00+00:00
2026-09-05 23:18:00+00:00,24.34,13.994462,25.53,16.859549,2637.96,2674.5244,0.85,1.450487,19.63,20.197643,2026-09-06 00:18:00+00:00
2026-09-05 23:19:00+00:00,15.32,14.158191,19.37,17.904152,2640.84,2630.9023,0.0,0.42238677,20.23,20.20393,2026-09-06 00:19:00+00:00
2026-09-05 23:20:00+00:00,23.43,14.338119,27.37,17.343025,2675.25,2636.3154,0.91,1.2682468,20.34,20.232845,2026-09-06 00:20:00+00:00
2026-09-05 23:21:00+00:00,20.1,14.922945,20.7,17.036825,2793.46,2655.1128,0.0,0.286667,19.63,20.24616,2026-09-06 00:21:00+00:00
2026-09-05 23:22:00+00:00,27.31,15.5360155,38.46,17.858763,2431.44,2636.3765,1.0,0.0,19.63,20.221252,2026-09-06 00:22:00+00:00
2026-09-05 23:23:00+00:00,20.32,15.993278,20.21,17.841585,2521.93,2724.6929,0.0,0.12361103,20.15,20.274618,2026-09-06 00:23:00+00:00
2026-09-05 23:24:00+00:00,29.65,15.009337,32.01,16.68066,2313.52,2668.6526,0.0,0.0,19.63,20.165094,2026-09-06 00:24:00+00:00
2026-09-05 23:25:00+00:00,13.22,14.595686,17.5,16.750671,2565.82,2685.4036,0.0,0.0,20.64,20.255503,2026-09-06 00:25:00+00:00
2026-09-05 23:26:00+00:00,22.97,14.819416,23.09,17.26631,2595.94,2626.7637,0.0,0.014222517,19.63,20.084265,2026-09-06 00:26:00+00:00
2026-09-05 23:27:00+00:00,14.02,14.102127,14.05,17.605465,2989.69,2630.639,0.0,0.13381463,20.22,20.10169,2026-09-06 00:27:00+00:00
2026-09-05 23:28:00+00:00,14.94,15.2949095,18.78,16.860186,2538.56,2626.2876,0.0,2.2186067,19.63,20.058643,2026-09-06 00:28:00+00:00
2026-09-05 23:29:00+00:00,21.25,15.035326,23.67,16.492136,2645.51,2644.994,0.0,0.5195347,20.35,20.178297,2026-09-06 00:29:00+00:00
2026-09-05 23:30:00+00:00,15.51,13.845607,17.18,17.331675,2488.47,2651.9153,1.07,0.0,20.27,20.110891,2026-09-06 00:30:00+00:00
2026-09-05 23:31:00+00:00,22.14,16.973698,23.22,16.759262,2766.36,2608.0603,0.31,0.5368101,20.6,20.076708,2026-09-06 00:31:00+00:00
2026-09-05 23:32:00+00:00,22.85,14.624473,23.55,16.901524,2458.76,2647.9722,0.3,0.0,19.63,20.066387,2026-09-06 00:32:00+00:00
2026-09-05 23:33:00+00:00,16.11,15.028672,22.33,16.530748,2630.54,2621.696,0.0,0.0,20.34,20.213743,2026-09-06 00:33:00+00:00
2026-09-05 23:34:00+00:00,10.6,14.295834,13.06,16.66933,2751.08,2592.2341,0.0,0.9935674,20.34,20.191746,2026-09-06 00:34:00+00:00
2026-09-05 23:35:00+00:00,26.59,14.201535,29.78,16.607449,2709.1,2589.821,0.46,7.9729466,19.63,20.229189,2026-09-06 00:35:00+00:00
2026-09-05 23:36:00+00:00,11.19,13.596027,13.04,17.55279,2646.08,2617.9539,0.0,7.845747,20.2,20.090988,2026-09-06 00:36:00+00:00
2026-09-05 23:37:00+00:00,8.04,15.553432,7.5,17.014027,2703.88,2613.0999,0.0,0.0,19.63,20.104258,2026-09-06 00:37:00+00:00
2026-09-05 23:38:00+00:00,14.91,15.332711,12.65,16.933487,2487.06,2564.5908,0.0,0.59859556,20.54,20.149412,2026-09-06 00:38:00+00:00
2026-09-05 23:39:00+00:00,17.63,17.504244,18.68,18.187267,2660.63,2631.151,0.35,10.119351,20.87,20.186537,2026-09-06 00:39:00+00:00
2026-09-05 23:40:00+00:00,17.96,15.8704195,19.63,17.653376,5872.61,2607.5989,0.0,11.596456,19.63,20.223259,2026-09-06 00:40:00+00:00
2026-09-05 23:41:00+00:00,23.02,15.204221,25.34,17.802036,6308.75,2630.9202,0.0,10.752434,20.2,20.006258,2026-09-06 00:41:00+00:00
2026-09-05 23:42:00+00:00,8.66,15.552011,7.5,18.104757,6492.64,2593.9949,0.0,9.2564945,20.61,20.092276,2026-09-06 00:42:00+00:00
2026-09-05 23:43:00+00:00,8.0,15.220508,11.58,16.739632,5817.75,2616.3367,0.5,4.037738,20.72,20.088654,2026-09-06 00:43:00+00:00
2026-09-05 23:44:00+00:00,24.87,16.69379,23.72,17.999298,5583.77,2733.4177,0.0,0.20958646,20.36,20.0193,2026-09-06 00:44:00+00:00
2026-09-05 23:45:00+00:00,8.0,15.3401165,10.71,17.790272,6436.78,2650.0608,0.14,3.0368052,19.71,20.097952,2026-09-06 00:45:00+00:00
2026-09-05 23:46:00+00:00,15.49,14.124492,17.82,16.677141,6251.48,2767.1921,0.0,6.6189117,19.81,20.17817,2026-09-06 00:46:00+00:00
2026-09-05 23:47:00+00:00,19.73,14.936474,23.94,18.13261,5694.0,2647.032,0.49,0.0,20.32,20.107307,2026-09-06 00:47:00+00:00
2026-09-05 23:48:00+00:00,27.44,15.359517,31.75,16.868246,6317.61,2624.9106,0.27,8.093449,20.8,20.212168,2026-09-06 00:48:00+00:00
2026-09-05 23:49:00+00:00,11.25,15.175055,12.7,17.132973,5832.69,2632.421,0.0,0.0,19.95,20.239883,2026-09-06 00:49:00+00:00
2026-09-05 23:50:00+00:00,8.96,15.223372,14.2,17.306028,5713.47,2655.1616,0.0,0.0,20.34,20.25949,2026-09-06 00:50:00+00:00
2026-09-05 23:51:00+00:00,8.0,14.600539,10.34,16.894135,6312.05,2701.4414,0.48,0.0,19.63,20.233665,2026-09-06 00:51:00+00:00
2026-09-05 23:52:00+00:00,11.61,14.360891,10.1,17.19918,5953.4,2623.7273,0.79,0.9035409,21.02,20.21282,2026-09-06 00:52:00+00:00
2026-09-05 23:53:00+00:00,16.15,14.722138,16.29,17.777704,2472.37,2663.8777,0.0,0.0,19.63,20.289085,2026-09-06 00:53:00+00:00
2026-09-05 23:54:00+00:00,12.41,13.184481,10.73,16.66997,2318.6,2658.3682,0.0,0.0,19.63,20.15254,2026-09-06 00:54:00+00:00
2026-09-05 23:55:00+00:00,16.43,15.034854,18.57,16.905836,2668.68,2684.6907,0.0,0.0,19.63,20.164637,2026-09-06 00:55:00+00:00
2026-09-05 23:56:00+00:00,8.0,14.388595,8.82,16.358574,2680.53,2713.382,0.67,2.3977308,19.63,20.2209,2026-09-06 00:56:00+00:00
2026-09-05 23:57:00+00:00,16.66,13.955396,17.53,17.11095,2857.31,2661.726,0.0,0.35735074,21.01,20.123878,2026-09-06 00:57:00+00:00
2026-09-05 23:58:00+00:00,23.34,14.556991,30.26,17.530733,2621.87,2669.3276,0.0,0.35440117,20.77,20.183245,2026-09-06 00:58:00+00:00
2026-09-05 23:59:00+00:00,8.0,14.2213955,7.5,17.067533,2548.76,2671.8977,0.0,0.31150147,19.67,20.089975,2026-09-06 00:59:00+00:00
2026-09-06 00:00:00+00:00,18.68,15.217296,17.47,17.650797,2734.97,2716.4114,0.14,0.0,20.37,20.010683,2026-09-06 01:00:00+00:00
2026-09-06 00:01:00+00:00,16.56,14.358121,17.07,17.34021,2683.48,2717.4548,0.0,0.0,19.63,20.048481,2026-09-06 01:01:00+00:00
2026-09-06 00:02:00+00:00,16.52,14.740811,15.46,17.30169,2748.07,2722.301,0.0,0.44020894,20.34,20.280993,2026-09-06 01:02:00+00:00
2026-09-06 00:03:00+00:00,15.62,14.1763115,17.65,16.063713,2444.48,2682.865,0.0,0.0,19.63,20.138866,2026-09-06 01:03:00+00:00
2026-09-06 00:04:00+00:00,21.16,14.550106,23.62,17.009108,2664.43,2688.7937,0.18,0.0,19.63,20.068544,2026-09-06 01:04:00+00:00
2026-09-06 00:05:00+00:00,21.09,16.872143,22.23,18.64306,2760.81,2709.5603,0.0,0.37411693,19.63,20.146076,2026-09-06 01:05:00+00:00
2026-09-06 00:06:00+00:00,20.67,12.671511,17.61,14.980107,2558.57,2667.445,0.0,0.07795824,19.63,20.115292,2026-09-06 01:06:00+00:00
2026-09-06 00:07:00+00:00,14.91,15.994768,14.13,14.810667,2748.79,2657.2898,0.04,0.10345265,20.58,20.17775,2026-09-06 01:07:00+00:00
2026-09-06 00:08:00+00:00,16.88,15.035336,14.4,16.350681,2613.48,2690.418,0.73,1.2591593,19.86,20.125067,2026-09-06 01:08:00+00:00
2026-09-06 00:09:00+00:00,15.81,16.9831,15.99,16.73793,2396.69,2664.7551,0.27,1.0346469,19.63,19.975039,2026-09-06 01:09:00+00:00
2026-09-06 00:10:00+00:00,14.49,14.58998,15.5,17.022436,2757.74,2653.353,0.31,0.22557649,19.63,19.98675,2026-09-06 01:10:00+00:00
2026-09-06 00:11:00+00:00,17.3,15.025447,20.2,17.3163,2845.19,2664.2144,0.0,0.3287542,20.99,19.954123,2026-09-06 01:11:00+00:00
2026-09-06 00:12:00+00:00,14.53,15.525531,22.65,17.76109,2603.73,2696.774,0.0,0.0,20.52,19.985807,2026-09-06 01:12:00+00:00
2026-09-06 00:13:00+00:00,8.0,15.090346,7.51,17.4202,2493.54,2744.5608,0.0,0.53651863,19.63,20.117945,2026-09-06 01:13:00+00:00
2026-09-06 00:14:00+00:00,18.81,13.156567,18.79,14.90992,2599.16,2725.87,0.0,0.0,19.87,20.114742,2026-09-06 01:14:00+00:00
2026-09-06 00:15:00+00:00,20.01,15.872074,21.63,18.028381,2685.89,2780.481,0.0,0.0,19.63,20.123648,2026-09-06 01:15:00+00:00
2026-09-06 00:16:00+00:00,11.48,18.668308,13.0,19.136005,2725.53,2856.4875,0.0,0.0,19.63,20.12501,2026-09-06 01:16:00+00:00
2026-09-06 00:17:00+00:00,13.34,18.355608,18.54,20.007174,2763.03,2678.0515,0.0,0.0,19.63,20.087822,2026-09-06 01:17:00+00:00
2026-09-06 00:18:00+00:00,9.89,18.380678,17.24,22.629854,2530.99,2653.6965,0.0,0.0,19.67,20.22059,2026-09-06 01:18:00+00:00
2026-09-06 00:19:00+00:00,25.81,19.665705,31.13,22.863956,2436.48,2671.2952,0.0,0.0,19.63,20.169159,2026-09-06 01:19:00+00:00
2026-09-06 00:20:00+00:00,16.87,18.186674,20.75,21.33076,2847.37,2666.4595,0.0,0.0,20.89,20.025948,2026-09-06 01:20:00+00:00
2026-09-06 00:21:00+00:00,9.34,20.512426,8.24,26.220533,2800.4,2782.762,0.0,0.6681707,19.63,20.059273,2026-09-06 01:21:00+00:00
2026-09-06 00:22:00+00:00,24.48,22.611097,24.38,24.619976,2487.5,2638.0884,0.0,0.0,20.94,20.044811,2026-09-06 01:22:00+00:00
2026-09-06 00:23:00+00:00,8.0,21.224403,9.38,22.742441,2630.51,2606.875,0.0,0.0,20.94,20.046404,2026-09-06 01:23:00+00:00
2026-09-06 00:24:00+00:00,8.0,16.641006,7.81,16.965975,2796.45,2667.4167,0.0,13.055506,20.63,20.011139,2026-09-06 01:24:00+00:00
2026-09-06 00:25:00+00:00,8.0,20.159885,8.85,19.116228,2601.34,2615.3591,0.27,13.865569,20.36,20.065014,2026-09-06 01:25:00+00:00
2026-09-06 00:26:00+00:00,15.18,19.550219,18.92,18.606806,2601.18,2644.6357,0.0,9.733883,20.7,19.998848,2026-09-06 01:26:00+00:00
2026-09-06 00:27:00+00:00,22.81,19.39936,26.75,18.761265,2457.11,2661.694,0.65,9.790823,19.63,19.997408,2026-09-06 01:27:00+00:00
2026-09-06 00:28:00+00:00,14.96,19.373827,19.66,18.183851,2660.2,2700.1533,1.19,9.052659,20.8,20.038536,2026-09-06 01:28:00+00:00
2026-09-06 00:29:00+00:00,28.34,16.548388,31.16,17.691181,2786.29,2670.196,0.0,9.846999,19.63,20.102953,2026-09-06 01:29:00+00:00
2026-09-06 00:30:00+00:00,17.5,17.868408,16.68,19.249321,2425.66,2777.9424,0.0,14.60335,19.69,20.054085,2026-09-06 01:30:00+00:00
2026-09-06 00:31:00+00:00,12.47,17.488188,12.6,19.678352,2803.61,2649.6345,0.0,18.003641,19.67,20.074095,2026-09-06 01:31:00+00:00
2026-09-06 00:32:00+00:00,15.85,16.210762,13.93,18.100225,2710.89,2670.378,0.0,13.265024,19.63,20.064238,2026-09-06 01:32:00+00:00
2026-09-06 00:33:00+00:00,10.74,16.964458,13.9,19.700115,2724.81,2650.1313,0.0,12.600713,20.45,20.061436,2026-09-06 01:33:00+00:00
2026-09-06 00:34:00+00:00,17.14,12.824392,22.05,16.33332,2370.75,2659.9998,0.0,8.6756935,19.63,20.023993,2026-09-06 01:34:00+00:00
2026-09-06 00:35:00+00:00,19.96,17.131693,21.9,19.860397,2522.49,2604.5854,0.0,9.090663,19.63,20.1478,2026-09-06 01:35:00+00:00
2026-09-06 00:36:00+00:00,18.05,17.421568,23.14,20.08874,2643.7,2622.7944,0.0,9.166182,19.63,20.130404,2026-09-06 01:36:00+00:00
2026-09-06 00:37:00+00:00,24.64,17.83618,27.98,21.165731,2611.0,2664.5002,0.0,15.5736,19.63,20.165096,2026-09-06 01:37:00+00:00
2026-09-06 00:38:00+00:00,25.25,17.735428,26.82,21.437727,2626.93,2597.763,0.0,15.608356,21.12,20.09849,2026-09-06 01:38:00+00:00
2026-09-06 00:39:00+00:00,12.28,17.700733,13.81,21.101938,2783.87,2621.2017,0.0,26.719933,20.26,20.07236,2026-09-06 01:39:00+00:00
2026-09-06 00:40:00+00:00,13.1,18.732513,16.44,19.66261,2560.79,2858.1487,0.0,26.755293,19.63,19.7761,2026-09-06 01:40:00+00:00
2026-09-06 00:41:00+00:00,8.0,17.729746,12.72,21.407127,2812.02,2919.0188,0.08,39.487797,19.63,19.988409,2026-09-06 01:41:00+00:00
2026-09-06 00:42:00+00:00,18.6,16.465433,18.9,20.118221,2574.32,3055.5876,0.0,31.83741,19.63,19.68488,2026-09-06 01:42:00+00:00
2026-09-06 00:43:00+00:00,8.0,20.441885,11.15,23.233595,2531.22,3042.8406,0.0,33.187107,19.63,20.008018,2026-09-06 01:43:00+00:00
2026-09-06 00:44:00+00:00,14.6,13.880637,18.34,17.406925,2674.28,3015.5615,0.0,17.823915,19.63,20.2021,2026-09-06 01:44:00+00:00
2026-09-06 00:45:00+00:00,10.18,16.671907,9.93,19.204287,2609.79,3128.988,0.0,11.233494,19.63,20.101076,2026-09-06 01:45:00+00:00
2026-09-06 00:46:00+00:00,17.31,19.354898,24.38,20.396368,2755.96,3215.909,0.0,4.0930943,19.63,20.113869,2026-09-06 01:46:00+00:00
2026-09-06 00:47:00+00:00,21.3,22.358286,25.32,23.44722,2738.61,3169.549,0.0,5.821928,19.63,20.173096,2026-09-06 01:47:00+00:00
2026-09-06 00:48:00+00:00,21.68,27.81135,21.17,25.304758,2766.72,3155.5115,0.0,8.028807,19.63,20.731558,2026-09-06 01:48:00+00:00
2026-09-06 00:49:00+00:00,15.59,25.89469,16.01,25.907745,2706.17,3173.6716,0.0,8.186615,20.78,20.18258,2026-09-06 01:49:00+00:00
2026-09-06 00:50:00+00:00,20.4,22.604761,23.76,23.175331,2398.97,3177.203,0.0,12.855367,19.97,20.037512,2026-09-06 01:50:00+00:00
2026-09-06 00:51:00+00:00,17.48,20.825064,21.53,21.059355,2751.25,3133.3796,0.66,13.2933035,19.83,20.060379,2026-09-06 01:51:00+00:00
2026-09-06 00:52:00+00:00,15.37,23.031164,18.81,22.605028,2508.29,3200.0571,0.0,9.899338,20.7,19.893354,2026-09-06 01:52:00+00:00
2026-09-06 00:53:00+00:00,11.54,22.425573,15.1,23.775103,2754.92,3157.044,0.0,9.451076,19.63,19.97724,2026-09-06 01:53:00+00:00
2026-09-06 00:54:00+00:00,12.93,20.032686,19.95,20.860813,2452.94,3181.6155,0.0,10.542899,20.73,19.924871,2026-09-06 01:54:00+00:00
2026-09-06 00:55:00+00:00,14.01,18.583542,13.5,19.344587,2765.11,3101.6091,0.0,14.025709,19.63,19.871267,2026-09-06 01:55:00+00:00
2026-09-06 00:56:00+00:00,18.41,19.885626,19.56,19.80427,2391.26,3149.9092,1.43,13.919039,19.87,19.970945,2026-09-06 01:56:00+00:00
2026-09-06 00:57:00+00:00,21.65,19.999285,21.21,21.381811,2631.19,3117.2805,0.0,10.677642,19.63,19.9531,2026-09-06 01:57:00+00:00
2026-09-06 00:58:00+00:00,8.0,21.751387,9.4,20.553822,2621.22,3090.8076,0.0,9.804204,19.98,20.794851,2026-09-06 01:58:00+00:00
2026-09-06 00:59:00+00:00,23.02,23.670717,30.27,21.03067,2652.73,3223.9849,0.0,10.406125,19.81,19.997194,2026-09-06 01:59:00+00:00
2026-09-06 01:00:00+00:00,14.13,20.899181,16.02,21.980452,2576.84,3333.3594,0.0,13.794601,19.63,19.550472,2026-09-06 02:00:00+00:00
2026-09-06 01:01:00+00:00,10.9,22.777748,11.82,22.014454,2474.24,3681.4653,0.17,11.287391,19.63,19.255285,2026-09-06 02:01:00+00:00
2026-09-06 01:02:00+00:00,13.85,21.877018,17.33,21.775713,2525.71,2724.6567,0.0,9.323651,19.63,19.637558,2026-09-06 02:02:00+00:00
2026-09-06 01:03:00+00:00,11.71,21.231647,16.53,19.816816,2508.04,2703.7559,0.0,9.344364,19.63,19.764706,2026-09-06 02:03:00+00:00
2026-09-06 01:04:00+00:00,9.05,17.035189,7.5,18.265474,2423.12,2725.524,0.0,4.1537476,19.63,19.959555,2026-09-06 02:04:00+00:00
2026-09-06 01:05:00+00:00,8.0,17.382061,10.24,18.67331,2812.88,2754.6985,0.0,2.9453604,19.63,19.699844,2026-09-06 02:05:00+00:00
2026-09-06 01:06:00+00:00,15.18,16.434454,18.72,19.389755,2854.09,2686.032,0.0,2.7757366,20.85,20.05157,2026-09-06 02:06:00+00:00
2026-09-06 01:07:00+00:00,14.03,20.136385,15.64,19.993967,2686.12,2700.9666,0.0,2.6849773,20.94,19.994432,2026-09-06 02:07:00+00:00
2026-09-06 01:08:00+00:00,8.0,18.858095,8.32,21.007092,2515.38,2694.8457,0.0,1.5939344,20.17,20.004873,2026-09-06 02:08:00+00:00
2026-09-06 01:09:00+00:00,27.41,17.211924,32.45,17.521236,2538.46,2711.1948,0.0,3.0888205,19.63,19.72775,2026-09-06 02:09:00+00:00
2026-09-06 01:10:00+00:00,25.89,16.755848,31.1,19.470608,2630.58,2702.2483,0.0,4.2680593,20.94,19.723114,2026-09-06 02:10:00+00:00
2026-09-06 01:11:00+00:00,15.96,19.009478,25.0,21.430918,2774.49,2701.6982,1.07,4.017132,19.65,19.83121,2026-09-06 02:11:00+00:00
2026-09-06 01:12:00+00:00,13.84,40.27058,16.15,46.501987,2506.38,2699.6763,0.75,4.232279,19.63,20.063791,2026-09-06 02:12:00+00:00
2026-09-06 01:13:00+00:00,15.0,14.917068,14.14,17.65802,2770.87,2659.569,0.0,3.8179326,19.67,20.1178,2026-09-06 02:13:00+00:00
2026-09-06 01:14:00+00:00,9.08,16.545208,14.68,19.04921,2718.11,2706.031,0.0,3.397896,19.84,19.701052,2026-09-06 02:14:00+00:00
2026-09-06 01:15:00+00:00,21.49,16.035002,25.25,19.358482,2544.73,2797.677,0.0,4.3673215,19.63,19.763926,2026-09-06 02:15:00+00:00
2026-09-06 01:16:00+00:00,24.93,14.979583,29.21,18.187075,2657.64,2662.59,0.51,4.0332303,20.58,19.99697,2026-09-06 02:16:00+00:00
2026-09-06 01:17:00+00:00,21.89,15.322716,25.08,18.93756,2664.64,2804.7742,1.0,6.9909797,19.63,20.048832,2026-09-06 02:17:00+00:00
2026-09-06 01:18:00+00:00,10.41,15.30963,11.64,19.233671,2696.52,3074.437,0.0,8.982346,20.73,20.1083,2026-09-06 02:18:00+00:00
2026-09-06 01:19:00+00:00,22.9,14.330432,28.65,17.392239,2627.63,2849.8555,0.0,10.478839,21.0,19.953362,2026-09-06 02:19:00+00:00
2026-09-06 01:20:00+00:00,15.35,16.224602,18.04,18.396173,2950.36,2765.793,0.72,8.331975,19.63,19.879536,2026-09-06 02:20:00+00:00
2026-09-06 01:21:00+00:00,10.07,15.826129,9.35,20.087442,2970.93,2789.6729,0.0,7.730123,20.82,20.050554,2026-09-06 02:21:00+00:00
2026-09-06 01:22:00+00:00,23.52,16.285055,24.7,19.098488,2859.72,2608.5593,0.0,8.428688,19.63,20.175373,2026-09-06 02:22:00+00:00
2026-09-06 01:23:00+00:00,14.49,14.498047,19.71,18.265245,2671.01,2666.3252,0.0,8.8077755,19.63,20.270449,2026-09-06 02:23:00+00:00
2026-09-06 01:24:00+00:00,8.0,15.7544155,10.65,17.896658,2844.59,2801.3564,1.1,3.9418154,19.85,20.21762,2026-09-06 02:24:00+00:00
2026-09-06 01:25:00+00:00,15.5,15.213902,17.17,17.080154,2517.21,2671.5676,0.0,2.3558009,20.87,20.165567,2026-09-06 02:25:00+00:00
2026-09-06 01:26:00+00:00,24.76,14.998131,31.2,17.755163,2804.0,2660.1724,0.0,4.257626,20.61,20.251293,2026-09-06 02:26:00+00:00
2026-09-06 01:27:00+00:00,14.56,14.534092,13.9,17.023796,2602.5,2729.1482,0.0,0.0,19.94,20.240334,2026-09-06 02:27:00+00:00
2026-09-06 01:28:00+00:00,8.77,15.458687,7.94,18.165646,2372.78,2699.3218,0.0,0.8268129,19.74,19.925167,2026-09-06 02:28:00+00:00
2026-09-06 01:29:00+00:00,12.12,14.210014,14.69,17.106405,2987.71,2762.5618,0.87,0.13935111,19.63,19.89686,2026-09-06 02:29:00+00:00
2026-09-06 01:30:00+00:00,14.41,14.082087,17.09,16.612976,2647.57,2674.27,0.0,0.0,19.63,20.038057,2026-09-06 02:30:00+00:00
2026-09-06 01:31:00+00:00,12.54,14.845558,17.04,17.072428,2622.63,2668.282,0.0,0.0,20.67,20.18731,2026-09-06 02:31:00+00:00
2026-09-06 01:32:00+00:00,8.0,14.05404,13.36,16.329767,2685.87,2658.5442,0.0,0.0,20.18,20.173023,2026-09-06 02:32:00+00:00
2026-09-06 01:33:00+00:00,11.82,14.067139,18.04,15.84575,2824.15,2624.5122,0.0,0.0,19.63,20.18731,2026-09-06 02:33:00+00:00
2026-09-06 01:34:00+00:00,9.87,13.819235,10.75,15.650258,2560.25,2644.614,0.01,0.0,21.02,20.199112,2026-09-06 02:34:00+00:00
2026-09-06 01:35:00+00:00,10.55,14.1289625,15.41,16.955736,2779.32,2614.162,0.0,0.0,19.63,20.105747,2026-09-06 02:35:00+00:00
2026-09-06 01:36:00+00:00,12.54,14.626172,14.3,16.791191,2442.84,2667.0378,0.77,0.0,19.63,20.071758,2026-09-06 02:36:00+00:00
2026-09-06 01:37:00+00:00,8.0,14.625699,11.68,17.895842,2737.95,2735.1807,0.24,0.0,20.99,20.103476,2026-09-06 02:37:00+00:00
2026-09-06 01:38:00+00:00,18.14,15.783817,17.41,18.710485,2590.42,2736.9229,0.65,11.105406,19.63,20.086792,2026-09-06 02:38:00+00:00
2026-09-06 01:39:00+00:00,17.12,14.705847,19.5,18.47045,2565.3,2632.6711,0.0,4.2456737,19.9,20.293447,2026-09-06 02:39:00+00:00
2026-09-06 01:40:00+00:00,10.19,15.123838,12.56,17.768272,2919.11,2639.8435,0.0,0.0,19.63,20.681368,2026-09-06 02:40:00+00:00
2026-09-06 01:41:00+00:00,14.26,15.312726,15.33,18.514397,2499.01,2635.8096,0.47,0.42761412,20.01,21.42712,2026-09-06 02:41:00+00:00
2026-09-06 01:42:00+00:00,18.84,15.854196,19.65,18.636414,2428.15,2778.5166,0.0,2.4185545,19.63,21.087563,2026-09-06 02:42:00+00:00
2026-09-06 01:43:00+00:00,12.11,14.21952,14.06,16.711508,2872.72,2665.868,0.0,0.0,20.37,21.015505,2026-09-06 02:43:00+00:00
2026-09-06 01:44:00+00:00,15.81,14.060374,19.93,15.801504,2581.68,2626.3452,0.0,0.0,19.63,20.783192,2026-09-06 02:44:00+00:00
2026-09-06 01:45:00+00:00,16.92,15.573485,17.25,15.406172,2793.62,2677.1682,0.43,0.0,19.63,21.101788,2026-09-06 02:45:00+00:00
2026-09-06 01:46:00+00:00,12.07,14.409538,16.14,16.300001,2816.93,2660.6343,0.11,0.0,19.63,21.174297,2026-09-06 02:46:00+00:00
2026-09-06 01:47:00+00:00,12.31,15.007775,10.77,17.021257,2582.6,2580.473,0.0,0.0,19.63,21.102072,2026-09-06 02:47:00+00:00
2026-09-06 01:48:00+00:00,22.97,15.574485,25.45,16.571905,2524.23,2687.6592,0.0,0.0,19.63,21.102072,2026-09-06 02:48:00+00:00
2026-09-06 01:49:00+00:00,16.97,16.620974,21.59,17.243979,2667.35,2631.8486,0.0,0.06617843,20.11,21.834991,2026-09-06 02:49:00+00:00
2026-09-06 01:50:00+00:00,20.5,14.901744,24.44,18.104486,2739.35,2586.1516,0.0,0.0,20.82,21.950886,2026-09-06 02:50:00+00:00
2026-09-06 01:51:00+00:00,18.04,15.661745,15.76,17.858318,2690.99,2706.4893,0.0,0.27977815,19.63,20.955347,2026-09-06 02:51:00+00:00
2026-09-06 01:52:00+00:00,10.65,15.868306,10.68,16.641027,2376.23,2588.369,0.0,0.0,19.63,21.190298,2026-09-06 02:52:00+00:00
2026-09-06 01:53:00+00:00,22.61,15.6808,31.5,18.461975,2289.75,2589.2878,0.0,0.0,19.82,20.18542,2026-09-06 02:53:00+00:00
2026-09-06 01:54:00+00:00,14.99,14.378629,19.18,18.230785,2833.65,2594.6433,0.0,0.0,19.63,20.05585,2026-09-06 02:54:00+00:00
2026-09-06 01:55:00+00:00,23.31,15.557781,25.92,18.025331,2238.82,2611.2195,0.0,0.0,20.99,20.149078,2026-09-06 02:55:00+00:00
2026-09-06 01:56:00+00:00,13.09,14.0496855,17.39,18.089046,2635.68,2630.14,0.08,0.0,20.21,20.037695,2026-09-06 02:56:00+00:00
2026-09-06 01:57:00+00:00,12.37,16.2356,13.62,19.411692,2575.61,2635.297,0.0,1.3352841,19.78,19.961033,2026-09-06 02:57:00+00:00
2026-09-06 01:58:00+00:00,13.01,15.744347,15.07,20.31388,2577.08,2595.9604,0.0,0.0,19.7,20.027117,2026-09-06 02:58:00+00:00
2026-09-06 01:59:00+00:00,8.54,15.297034,12.72,19.254398,2745.38,2715.9204,0.07,0.0,19.63,19.977669,2026-09-06 02:59:00+00:00
2026-09-06 02:00:00+00:00,13.77,15.384049,15.01,18.18188,2632.03,2588.1025,0.0,0.0,19.63,19.989414,2026-09-06 03:00:00+00:00
2026-09-06 02:01:00+00:00,20.67,14.1197605,20.37,18.561884,2736.37,2579.3228,0.0,0.0,20.99,19.989414,2026-09-06 03:01:00+00:00
2026-09-06 02:02:00+00:00,16.73,14.6477995,21.52,16.843782,2801.21,2579.4707,0.0,0.0,19.63,20.026468,2026-09-06 03:02:00+00:00
2026-09-06 02:03:00+00:00,9.29,15.223656,7.5,19.128542,2880.39,2567.2122,0.25,0.0,19.63,20.023087,2026-09-06 03:03:00+00:00
2026-09-06 02:04:00+00:00,12.55,15.726056,14.98,19.362114,2598.23,2606.762,0.77,0.0,20.09,20.024448,2026-09-06 03:04:00+00:00
2026-09-06 02:05:00+00:00,15.13,14.6039,17.48,16.009548,2527.32,2617.0457,0.0,0.0,19.63,19.959772,2026-09-06 03:05:00+00:00
2026-09-06 02:06:00+00:00,16.49,21.474628,23.29,17.490866,2556.8,2750.8572,0.0,0.29170188,19.63,19.9346,2026-09-06 03:06:00+00:00
2026-09-06 02:07:00+00:00,16.47,14.691199,17.21,16.736086,2657.86,2712.3672,0.0,0.057350166,19.9,19.916292,2026-09-06 03:07:00+00:00
2026-09-06 02:08:00+00:00,17.75,15.779458,21.64,17.720987,2856.78,2813.4578,0.0,0.15727335,19.63,20.03883,2026-09-06 03:08:00+00:00
2026-09-06 02:09:00+00:00,12.6,16.381685,7.78,19.464891,2533.8,2632.2776,0.0,0.112663634,20.42,19.98253,2026-09-06 03:09:00+00:00
2026-09-06 02:10:00+00:00,19.73,15.311297,23.28,17.654266,2763.36,2605.402,0.93,0.06265221,19.63,19.972288,2026-09-06 03:10:00+00:00
2026-09-06 02:11:00+00:00,12.28,14.566822,13.94,17.795628,2861.77,2773.4895,1.4,0.068319604,19.63,20.162525,2026-09-06 03:11:00+00:00
2026-09-06 02:12:00+00:00,17.66,14.414773,22.46,17.060587,2744.27,3143.417,0.63,0.034444798,19.78,20.22698,2026-09-06 03:12:00+00:00
2026-09-06 02:13:00+00:00,18.33,15.873945,20.67,17.919096,2523.59,3213.8582,0.0,0.037028167,20.06,20.095911,2026-09-06 03:13:00+00:00
2026-09-06 02:14:00+00:00,12.92,13.546305,15.99,16.257896,2797.76,3263.9033,0.0,0.09811862,20.23,20.101923,2026-09-06 03:14:00+00:00
2026-09-06 02:15:00+00:00,11.63,14.413827,15.02,16.517727,2738.14,3114.099,0.0,0.05766335,19.63,20.070942,2026-09-06 03:15:00+00:00
2026-09-06 02:16:00+00:00,15.5,15.180677,16.47,16.203617,2428.92,3070.0432,0.0,0.0,20.87,20.078936,2026-09-06 03:16:00+00:00
2026-09-06 02:17:00+00:00,11.84,14.051268,13.62,17.67974,2876.36,2630.9238,1.01,0.71294457,20.77,20.106775,2026-09-06 03:17:00+00:00
2026-09-06 02:18:00+00:00,12.39,14.90275,17.68,20.492624,2539.95,2600.9456,0.0,1.1143073,19.63,20.090322,2026-09-06 03:18:00+00:00
2026-09-06 02:19:00+00:00,14.09,13.659246,16.74,17.137308,2575.26,2695.8167,0.0,1.4689331,21.11,19.989426,2026-09-06 03:19:00+00:00
2026-09-06 02:20:00+00:00,8.0,15.058612,8.32,18.515326,2588.71,2942.0708,0.0,1.3552216,19.78,20.090637,2026-09-06 03:20:00+00:00
2026-09-06 02:21:00+00:00,8.0,14.657385,12.24,17.51389,2678.44,3098.8198,1.0,1.4678321,19.63,20.079643,2026-09-06 03:21:00+00:00
2026-09-06 02:22:00+00:00,15.31,13.573662,17.42,15.869868,2791.26,3498.2632,0.0,0.22106883,19.77,20.288631,2026-09-06 03:22:00+00:00
2026-09-06 02:23:00+00:00,13.62,14.495213,17.92,17.091192,2760.24,3600.059,0.25,0.0,20.05,20.111113,2026-09-06 03:23:00+00:00
2026-09-06 02:24:00+00:00,10.04,13.124958,12.22,16.936138,2694.83,3632.7297,1.06,0.74858713,19.63,20.067421,2026-09-06 03:24:00+00:00
2026-09-06 02:25:00+00:00,13.05,12.259335,13.77,15.73867,2597.42,3408.8345,0.0,2.4061377,20.07,20.006521,2026-09-06 03:25:00+00:00
2026-09-06 02:26:00+00:00,13.04,14.314289,15.46,15.629251,2823.32,3347.2815,0.0,0.0,20.24,20.073103,2026-09-06 03:26:00+00:00
2026-09-06 02:27:00+00:00,9.95,14.610258,7.56,16.722733,2771.81,3534.494,0.0,7.7700043,21.08,20.099138,2026-09-06 03:27:00+00:00
2026-09-06 02:28:00+00:00,11.99,13.954494,15.26,16.334108,2494.64,3186.2773,0.0,0.0,20.82,20.02969,2026-09-06 03:28:00+00:00
2026-09-06 02:29:00+00:00,17.32,15.066738,20.57,18.160461,2499.87,3403.8708,0.0,0.58121806,20.24,20.046864,2026-09-06 03:29:00+00:00
2026-09-06 02:30:00+00:00,15.34,14.735301,16.64,17.604198,2832.95,3548.3735,0.0,0.0,20.84,20.118412,2026-09-06 03:30:00+00:00
2026-09-06 02:31:00+00:00,22.44,15.343524,28.75,17.254562,2562.89,3209.6692,0.79,0.3276812,19.63,20.043165,2026-09-06 03:31:00+00:00
2026-09-06 02:32:00+00:00,14.32,13.053213,15.73,16.286386,2453.09,3281.869,0.0,0.052509896,19.63,20.076338,2026-09-06 03:32:00+00:00
2026-09-06 02:33:00+00:00,11.62,14.61868,12.04,16.204987,2603.39,3268.095,0.56,0.18978432,19.63,20.118567,2026-09-06 03:33:00+00:00
2026-09-06 02:34:00+00:00,23.27,14.899182,33.81,16.294737,2968.57,3348.63,0.0,0.2502582,19.63,19.962255,2026-09-06 03:34:00+00:00
2026-09-06 02:35:00+00:00,8.0,15.989462,11.39,18.080063,2651.04,3404.7944,0.0,0.2528795,19.63,20.123661,2026-09-06 03:35:00+00:00
2026-09-06 02:36:00+00:00,15.92,13.531309,24.17,16.698215,2737.87,3194.9214,0.0,0.42993584,19.63,20.025496,2026-09-06 03:36:00+00:00
2026-09-06 02:37:00+00:00,19.26,13.853871,23.71,17.402742,2834.66,3252.0518,0.0,0.0025551263,19.63,20.007414,2026-09-06 03:37:00+00:00
2026-09-06 02:38:00+00:00,16.98,14.602554,19.07,16.544428,2669.01,3220.2747,0.85,0.0,19.63,20.110971,2026-09-06 03:38:00+00:00
2026-09-06 02:39:00+00:00,22.28,14.751819,28.15,15.561219,2714.12,3169.9492,0.0,0.0,20.18,19.975687,2026-09-06 03:39:00+00:00
2026-09-06 02:40:00+00:00,10.27,14.279698,16.06,17.964485,2762.91,3229.578,0.0,0.0,19.86,20.102224,2026-09-06 03:40:00+00:00
2026-09-06 02:41:00+00:00,16.11,12.96802,15.88,14.462571,2594.4,2990.0515,0.45,0.37525967,19.63,20.052643,2026-09-06 03:41:00+00:00
2026-09-06 02:42:00+00:00,16.38,14.133001,16.54,15.482143,2832.31,2957.6895,0.26,0.1394666,19.63,20.046988,2026-09-06 03:42:00+00:00
2026-09-06 02:43:00+00:00,17.62,15.576268,12.75,18.703943,2413.49,2994.9448,0.33,0.0,20.58,19.988226,2026-09-06 03:43:00+00:00
2026-09-06 02:44:00+00:00,9.35,15.915061,13.04,18.329727,2700.83,2880.2126,0.44,0.14959244,19.63,20.09746,2026-09-06 03:44:00+00:00
2026-09-06 02:45:00+00:00,17.83,15.634933,20.71,18.994253,2642.63,2888.793,0.0,0.21524759,19.63,20.053558,2026-09-06 03:45:00+00:00
2026-09-06 02:46:00+00:00,8.0,15.399205,16.72,18.380836,2700.23,3302.754,0.0,0.34698036,20.04,20.030827,2026-09-06 03:46:00+00:00
2026-09-06 02:47:00+00:00,16.59,15.017489,18.26,15.923638,2724.32,2849.138,0.0,0.21401025,19.88,20.223574,2026-09-06 03:47:00+00:00
2026-09-06 02:48:00+00:00,14.8,14.241635,20.73,17.023611,2659.73,2733.3628,0.0,0.0,19.63,20.173367,2026-09-06 03:48:00+00:00
2026-09-06 02:49:00+00:00,16.59,14.995119,20.93,17.67269,2672.37,2779.0425,0.16,0.0,19.63,20.231527,2026-09-06 03:49:00+00:00
2026-09-06 02:50:00+00:00,13.27,14.39321,16.25,16.9725,2830.92,2637.3672,0.0,0.011333397,19.63,20.252876,2026-09-06 03:50:00+00:00
2026-09-06 02:51:00+00:00,8.0,14.708664,8.37,17.000628,2735.86,2816.0461,0.0,0.0,20.57,20.289639,2026-09-06 03:51:00+00:00
2026-09-06 02:52:00+00:00,18.4,14.396871,16.81,18.231962,2569.88,2853.0547,0.0,0.49631765,19.63,20.21272,2026-09-06 03:52:00+00:00
2026-09-06 02:53:00+00:00,17.77,13.325563,21.53,16.747427,2796.37,2701.9912,0.0,0.0,21.0,20.128391,2026-09-06 03:53:00+00:00
2026-09-06 02:54:00+00:00,18.15,16.253113,23.6,19.38403,2581.41,2818.231,0.91,0.0,20.64,20.141182,2026-09-06 03:54:00+00:00
2026-09-06 02:55:00+00:00,14.54,16.974382,17.08,19.177145,2530.06,2805.195,0.98,0.0,19.63,19.816061,2026-09-06 03:55:00+00:00
2026-09-06 02:56:00+00:00,14.54,18.124638,18.7,19.370176,2704.13,2793.0295,0.0,0.0,19.63,19.967089,2026-09-06 03:56:00+00:00
2026-09-06 02:57:00+00:00,17.9,18.164062,18.78,18.176025,2685.91,2751.45,0.0,0.0,19.9,19.969587,2026-09-06 03:57:00+00:00
2026-09-06 02:58:00+00:00,15.41,20.918676,17.8,19.331074,2451.66,2818.813,0.14,0.0,20.69,20.211994,2026-09-06 03:58:00+00:00
2026-09-06 02:59:00+00:00,22.43,15.5091715,26.15,17.48476,2723.43,2746.6475,0.09,0.0,19.63,20.176558,2026-09-06 03:59:00+00:00
2026-09-06 03:00:00+00:00,9.08,15.42007,11.15,17.69725,2782.22,2783.2148,0.31,0.0,20.93,20.15456,2026-09-06 04:00:00+00:00
2026-09-06 03:01:00+00:00,11.56,15.261993,13.98,17.982569,2661.64,2816.7898,0.0,0.0,19.63,19.93531,2026-09-06 04:01:00+00:00
2026-09-06 03:02:00+00:00,20.34,15.483992,23.01,17.534693,2768.6,2801.1003,0.0,0.0137373125,19.63,20.18425,2026-09-06 04:02:00+00:00
2026-09-06 03:03:00+00:00,20.13,14.619076,20.94,16.843462,2939.09,2725.5051,0.0,0.0060469056,20.24,20.152664,2026-09-06 04:03:00+00:00
2026-09-06 03:04:00+00:00,8.0,16.384874,8.65,19.147467,2450.84,2929.4514,0.0,0.0,19.96,20.164282,2026-09-06 04:04:00+00:00
2026-09-06 03:05:00+00:00,18.29,14.696153,18.02,17.145592,2828.82,2750.4536,0.0,0.0,19.63,20.019993,2026-09-06 04:05:00+00:00
2026-09-06 03:06:00+00:00,19.31,15.69532,19.64,17.037046,2726.11,2795.812,0.0,0.0,19.63,20.123648,2026-09-06 04:06:00+00:00
2026-09-06 03:07:00+00:00,13.2,15.59355,15.98,18.25744,2455.51,2797.8774,0.32,0.0,19.63,20.159988,2026-09-06 04:07:00+00:00
2026-09-06 03:08:00+00:00,10.94,15.310174,11.43,17.445734,2430.66,2766.4417,0.2,0.0,19.63,20.09102,2026-09-06 04:08:00+00:00
2026-09-06 03:09:00+00:00,11.94,16.386082,14.03,18.620691,2580.89,2716.4224,0.49,0.0,19.63,20.158548,2026-09-06 04:09:00+00:00
2026-09-06 03:10:00+00:00,18.65,18.810266,18.45,18.986094,2590.94,2677.4224,0.0,0.0,19.63,20.199564,2026-09-06 04:10:00+00:00
2026-09-06 03:11:00+00:00,15.04,15.805466,23.72,19.103573,2713.63,2693.401,0.0,0.0,20.01,19.957243,2026-09-06 04:11:00+00:00
2026-09-06 03:12:00+00:00,10.6,15.542182,12.84,17.71601,2691.95,2726.0234,0.0,0.0,20.42,20.05512,2026-09-06 04:12:00+00:00
2026-09-06 03:13:00+00:00,13.85,15.958039,17.04,18.884851,2704.82,2712.8887,0.23,0.0,19.63,20.070421,2026-09-06 04:13:00+00:00
2026-09-06 03:14:00+00:00,22.73,15.386262,26.6,18.251501,2587.65,2746.3557,0.0,0.0,19.63,19.990814,2026-09-06 04:14:00+00:00
2026-09-06 03:15:00+00:00,19.35,15.260396,19.82,18.828716,2732.9,2698.9219,0.26,0.0,20.64,20.091797,2026-09-06 04:15:00+00:00
2026-09-06 03:16:00+00:00,12.43,15.296804,11.83,18.475998,2530.4,2742.0544,0.0,0.0,19.63,20.036816,2026-09-06 04:16:00+00:00
2026-09-06 03:17:00+00:00,14.15,14.690511,18.72,17.513899,2620.4,2626.5942,0.0,0.0,20.79,20.06841,2026-09-06 04:17:00+00:00
2026-09-06 03:18:00+00:00,17.53,15.273847,21.66,17.98253,2386.54,2663.0293,0.24,0.028874528,19.63,20.224731,2026-09-06 04:18:00+00:00
2026-09-06 03:19:00+00:00,19.17,15.289497,26.29,18.764462,2936.32,2810.7056,0.0,5.796546,20.53,20.026947,2026-09-06 04:19:00+00:00
2026-09-06 03:20:00+00:00,20.51,14.476695,21.22,17.257553,2805.57,2706.476,0.0,1.9152825,20.92,20.144506,2026-09-06 04:20:00+00:00
2026-09-06 03:21:00+00:00,18.68,14.805946,21.72,16.365149,2538.4,2774.1191,0.0,0.0,19.63,19.935818,2026-09-06 04:21:00+00:00
2026-09-06 03:22:00+00:00,13.78,14.306304,19.03,17.739326,2388.53,2573.508,0.0,0.0,20.49,19.995457,2026-09-06 04:22:00+00:00
2026-09-06 03:23:00+00:00,18.66,16.785294,18.62,17.885403,2807.93,2712.7725,0.0,0.0,19.63,19.966822,2026-09-06 04:23:00+00:00
2026-09-06 03:24:00+00:00,15.58,14.662018,18.81,16.55793,2661.83,2644.1287,0.0,0.0,19.63,20.027082,2026-09-06 04:24:00+00:00
2026-09-06 03:25:00+00:00,11.94,16.786234,13.88,17.214125,2787.63,3031.9324,0.38,10.356568,19.63,20.066832,2026-09-06 04:25:00+00:00
2026-09-06 03:26:00+00:00,16.36,14.736723,16.38,17.50845,2645.28,2900.648,0.0,10.168151,19.63,20.059313,2026-09-06 04:26:00+00:00
2026-09-06 03:27:00+00:00,14.34,14.383105,18.15,18.091902,2965.98,2719.0603,0.0,1.4238479,19.63,19.982471,2026-09-06 04:27:00+00:00
2026-09-06 03:28:00+00:00,18.73,15.852419,26.48,17.234625,2696.4,2995.4268,0.0,2.2216363,19.84,20.069313,2026-09-06 04:28:00+00:00
2026-09-06 03:29:00+00:00,12.32,14.191678,13.21,16.359833,2836.14,2730.8215,0.48,1.1231242,20.0,20.141205,2026-09-06 04:29:00+00:00
2026-09-06 03:30:00+00:00,14.81,14.377381,21.22,17.97964,2801.67,2774.3577,0.0,0.15536323,19.69,20.098137,2026-09-06 04:30:00+00:00
2026-09-06 03:31:00+00:00,8.0,13.785488,15.3,16.848522,2629.04,2778.3098,0.08,4.7259445,20.99,20.268913,2026-09-06 04:31:00+00:00
2026-09-06 03:32:00+00:00,20.16,13.152709,19.38,16.460642,2582.28,2694.6602,0.0,4.648951,20.94,20.240381,2026-09-06 04:32:00+00:00
2026-09-06 03:33:00+00:00,21.21,14.424899,24.46,16.746834,2613.73,2710.5815,0.0,2.9379735,20.98,20.123516,2026-09-06 04:33:00+00:00
2026-09-06 03:34:00+00:00,15.68,14.577555,17.54,16.200392,2419.19,2781.2356,0.0,0.0,19.63,20.065178,2026-09-06 04:34:00+00:00
2026-09-06 03:35:00+00:00,18.44,17.684406,21.92,18.207933,2562.63,2770.329,0.0,0.0,19.63,20.200855,2026-09-06 04:35:00+00:00
2026-09-06 03:36:00+00:00,12.76,16.601107,9.3,17.175842,2485.45,2761.0464,0.0,3.2938118,20.8,20.16321,2026-09-06 04:36:00+00:00
2026-09-06 03:37:00+00:00,15.7,17.568735,15.66,17.913177,2601.48,2719.636,0.0,1.3258551,19.63,20.13469,2026-09-06 04:37:00+00:00
2026-09-06 03:38:00+00:00,17.41,17.750689,18.25,18.758223,2517.29,2773.3372,0.93,1.2636247,21.0,20.184683,2026-09-06 04:38:00+00:00
2026-09-06 03:39:00+00:00,13.69,16.987831,13.03,18.61273,2690.67,2764.1868,0.0,0.6032155,19.63,20.16026,2026-09-06 04:39:00+00:00
2026-09-06 03:40:00+00:00,20.52,17.716349,24.9,17.299242,2680.97,2674.7222,0.0,2.601553,20.53,20.153585,2026-09-06 04:40:00+00:00
2026-09-06 03:41:00+00:00,8.0,18.047722,7.5,18.964935,2662.34,2737.3687,0.32,0.0,19.63,20.103664,2026-09-06 04:41:00+00:00
2026-09-06 03:42:00+00:00,13.71,18.756346,17.42,19.141457,2846.31,2794.185,0.0,0.0,20.79,20.168678,2026-09-06 04:42:00+00:00
2026-09-06 03:43:00+00:00,21.09,17.668009,21.89,19.99796,2192.88,2768.0757,0.41,0.0,19.63,20.11463,2026-09-06 04:43:00+00:00
2026-09-06 03:44:00+00:00,15.28,17.094475,19.62,18.74501,2774.23,2756.6433,0.0,0.0,20.68,20.215162,2026-09-06 04:44:00+00:00
2026-09-06 03:45:00+00:00,14.35,14.256062,21.16,16.35941,2479.43,2685.173,0.0,0.0,20.14,20.170698,2026-09-06 04:45:00+00:00
2026-09-06 03:46:00+00:00,13.91,17.359875,13.25,19.160248,2679.69,2729.3914,0.0,0.0,19.63,20.221191,2026-09-06 04:46:00+00:00
2026-09-06 03:47:00+00:00,13.38,15.211665,18.95,17.40742,2419.46,2617.1816,0.0,0.0,19.8,20.229406,2026-09-06 04:47:00+00:00
2026-09-06 03:48:00+00:00,14.31,15.690977,14.4,18.595047,2788.24,2650.5908,0.74,0.0,19.63,20.078285,2026-09-06 04:48:00+00:00
2026-09-06 03:49:00+00:00,12.62,15.047044,14.17,18.953213,2832.19,2638.2324,0.0,0.0,19.63,20.13116,2026-09-06 04:49:00+00:00
2026-09-06 03:50:00+00:00,16.71,16.430622,17.57,18.092648,2812.82,2737.1,0.0,2.701251,20.02,20.146027,2026-09-06 04:50:00+00:00
2026-09-06 03:51:00+00:00,12.6,16.7409,16.34,18.95767,3081.54,2619.8623,0.0,2.1284409,19.63,20.167183,2026-09-06 04:51:00+00:00
2026-09-06 03:52:00+00:00,15.0,15.488567,18.74,17.048708,2528.41,2682.3481,0.0,2.5870514,19.63,20.165,2026-09-06 04:52:00+00:00
2026-09-06 03:53:00+00:00,16.35,14.778333,16.12,16.780437,2781.98,2658.5984,0.88,0.0,20.51,20.011606,2026-09-06 04:53:00+00:00
2026-09-06 03:54:00+00:00,18.61,15.643481,18.66,16.603046,2600.28,2688.5286,0.0,0.0,19.63,20.243923,2026-09-06 04:54:00+00:00
2026-09-06 03:55:00+00:00,17.18,16.833673,22.69,18.344206,2763.93,2663.7083,0.0,2.7694392,19.63,20.238396,2026-09-06 04:55:00+00:00
2026-09-06 03:56:00+00:00,10.96,16.716026,17.16,19.533213,2730.21,2663.551,1.28,2.7346284,20.28,20.211466,2026-09-06 04:56:00+00:00
2026-09-06 03:57:00+00:00,14.8,17.046604,15.99,20.627613,2554.31,2620.0913,0.53,0.65069765,19.75,20.1436,2026-09-06 04:57:00+00:00
2026-09-06 03:58:00+00:00,18.67,16.812605,19.15,19.15614,2723.77,2630.9053,0.0,0.8444934,20.43,20.207745,2026-09-06 04:58:00+00:00
2026-09-06 03:59:00+00:00,14.36,18.130133,16.56,23.956459,2803.54,2677.696,0.0,0.0,19.63,20.149534,2026-09-06 04:59:00+00:00
2026-09-06 04:00:00+00:00,20.08,17.093433,23.33,19.195557,2757.01,2753.523,0.0,1.08267,19.63,20.085707,2026-09-06 05:00:00+00:00
2026-09-06 04:01:00+00:00,13.04,16.794937,17.21,17.597113,2952.19,2691.9324,0.0,6.5188465,20.36,20.250196,2026-09-06 05:01:00+00:00
2026-09-06 04:02:00+00:00,14.86,16.796692,20.96,18.777344,2782.16,2640.8472,0.0,8.196455,19.63,20.133644,2026-09-06 05:02:00+00:00
2026-09-06 04:03:00+00:00,13.38,17.484793,15.91,22.96457,2795.19,2764.979,0.0,0.0,21.05,20.08757,2026-09-06 05:03:00+00:00
2026-09-06 04:04:00+00:00,18.61,17.46059,21.66,19.227188,2636.82,2738.8853,0.0,0.0,20.92,20.12103,2026-09-06 05:04:00+00:00
2026-09-06 04:05:00+00:00,9.09,18.670631,11.86,20.169313,2560.67,2782.433,0.0,0.0,20.21,20.097805,2026-09-06 05:05:00+00:00
2026-09-06 04:06:00+00:00,17.64,17.85522,19.24,18.465971,2520.7,2699.8035,0.0,0.0,19.63,20.171236,2026-09-06 05:06:00+00:00
2026-09-06 04:07:00+00:00,19.17,18.417015,24.83,18.985806,2662.14,2672.485,0.0,0.0,21.1,20.15254,2026-09-06 05:07:00+00:00
2026-09-06 04:08:00+00:00,15.51,15.08722,16.83,14.7408285,2911.6,2675.541,0.0,0.4427007,19.63,20.283293,2026-09-06 05:08:00+00:00
2026-09-06 04:09:00+00:00,16.92,16.17926,17.46,17.878891,2308.48,2721.9338,0.0,0.26926154,19.63,20.04179,2026-09-06 05:09:00+00:00
2026-09-06 04:10:00+00:00,15.29,14.492973,19.94,16.785332,2818.82,2680.8237,0.0,0.0,19.84,20.069271,2026-09-06 05:10:00+00:00
2026-09-06 04:11:00+00:00,18.12,14.043142,19.74,15.915853,2681.19,2720.3042,0.0,0.0,19.63,20.094004,2026-09-06 05:11:00+00:00
2026-09-06 04:12:00+00:00,14.76,14.214988,16.64,15.801514,2611.77,2657.6208,0.0,0.0,19.63,20.151178,2026-09-06 05:12:00+00:00
2026-09-06 04:13:00+00:00,14.94,14.7718725,13.46,17.300255,2794.54,2681.188,0.67,0.0,19.63,20.133657,2026-09-06 05:13:00+00:00
2026-09-06 04:14:00+00:00,13.63,15.0640135,19.72,17.388912,2956.31,2741.131,0.35,1.6388484,19.63,20.196466,2026-09-06 05:14:00+00:00
2026-09-06 04:15:00+00:00,18.51,14.995661,17.79,16.778385,2619.42,2666.155,0.0,0.0,19.63,20.135006,2026-09-06 05:15:00+00:00
2026-09-06 04:16:00+00:00,19.85,15.162743,19.54,18.191498,2630.84,2720.8135,0.0,0.0,19.63,20.21178,2026-09-06 05:16:00+00:00
2026-09-06 04:17:00+00:00,11.08,15.125159,12.25,17.483492,2561.44,2712.7703,0.0,0.0,20.79,20.063803,2026-09-06 05:17:00+00:00
2026-09-06 04:18:00+00:00,11.3,13.844291,23.79,16.034712,2406.32,2764.3618,0.0,0.0,19.63,20.22928,2026-09-06 05:18:00+00:00
2026-09-06 04:19:00+00:00,14.5,16.478418,18.5,18.26971,2580.91,2736.4856,0.13,0.0,19.63,20.155231,2026-09-06 05:19:00+00:00
2026-09-06 04:20:00+00:00,17.12,14.40134,12.76,16.821863,2663.87,2689.8105,0.0,0.0,19.63,20.084982,2026-09-06 05:20:00+00:00
2026-09-06 04:21:00+00:00,14.86,15.075745,17.11,17.940361,2583.57,2761.461,0.0,0.0,19.63,20.056135,2026-09-06 05:21:00+00:00
2026-09-06 04:22:00+00:00,17.94,14.546931,20.73,17.641623,2625.06,2667.0635,0.0,0.0,19.63,20.127735,2026-09-06 05:22:00+00:00
2026-09-06 04:23:00+00:00,12.51,14.8572235,14.05,17.592587,2963.06,2675.1777,0.74,0.0,19.63,20.043793,2026-09-06 05:23:00+00:00
2026-09-06 04:24:00+00:00,16.68,15.510426,15.66,18.175358,2950.57,2678.539,0.43,0.0,19.63,19.980757,2026-09-06 05:24:00+00:00
2026-09-06 04:25:00+00:00,12.96,15.053936,14.94,17.87112,2582.22,2680.8628,0.0,0.0,20.38,20.009188,2026-09-06 05:25:00+00:00
2026-09-06 04:26:00+00:00,15.26,15.541041,15.4,17.776264,2560.57,2671.7314,0.0,0.0,19.63,20.012886,2026-09-06 05:26:00+00:00
2026-09-06 04:27:00+00:00,14.77,15.788218,16.75,19.6761,2633.88,2750.347,0.0,0.0,19.63,20.096235,2026-09-06 05:27:00+00:00
2026-09-06 04:28:00+00:00,14.31,15.100781,12.76,18.965988,2832.88,2695.9993,0.0,0.0,19.63,20.034042,2026-09-06 05:28:00+00:00
2026-09-06 04:29:00+00:00,15.14,16.502714,24.02,19.998924,2573.06,2688.6262,0.0,0.0,20.0,20.095425,2026-09-06 05:29:00+00:00
2026-09-06 04:30:00+00:00,14.74,15.373017,20.23,18.174072,2921.47,2684.0032,0.38,0.0,19.72,20.215567,2026-09-06 05:30:00+00:00
2026-09-06 04:31:00+00:00,16.95,15.571631,23.42,17.33775,2893.62,2643.5977,0.0,0.0,20.39,19.98803,2026-09-06 05:31:00+00:00
2026-09-06 04:32:00+00:00,20.37,15.045324,22.96,17.434105,2845.81,2849.0022,0.0,0.0,21.11,20.050127,2026-09-06 05:32:00+00:00
2026-09-06 04:33:00+00:00,11.73,14.886489,10.48,17.959827,2508.57,2701.077,0.1,0.0,20.47,20.009207,2026-09-06 05:33:00+00:00
2026-09-06 04:34:00+00:00,14.16,14.179316,16.49,17.551086,2801.5,2645.2224,0.0,0.0,19.63,20.188337,2026-09-06 05:34:00+00:00
2026-09-06 04:35:00+00:00,16.43,14.7314205,24.76,17.080338,2408.88,2636.042,0.61,0.0,19.96,20.077574,2026-09-06 05:35:00+00:00
2026-09-06 04:36:00+00:00,15.37,15.118498,15.39,17.307556,2830.01,2691.8474,0.0,0.051748108,20.95,20.095425,2026-09-06 05:36:00+00:00
2026-09-06 04:37:00+00:00,11.3,15.093355,19.39,16.88526,2738.61,2656.4841,0.0,0.0,20.46,20.19172,2026-09-06 05:37:00+00:00
2026-09-06 04:38:00+00:00,16.66,14.5891905,19.04,16.436634,2754.12,2666.9934,0.0,0.0,19.63,20.02116,2026-09-06 05:38:00+00:00
2026-09-06 04:39:00+00:00,17.84,15.208848,22.65,17.137194,2418.07,2708.2268,0.18,0.0,20.43,20.214952,2026-09-06 05:39:00+00:00
2026-09-06 04:40:00+00:00,8.82,15.122294,9.7,16.569439,2523.93,2683.3257,0.0,0.0,19.63,20.113583,2026-09-06 05:40:00+00:00
2026-09-06 04:41:00+00:00,14.57,15.459982,19.05,17.824013,2554.99,2693.398,0.0,0.07818763,19.73,20.1897,2026-09-06 05:41:00+00:00
2026-09-06 04:42:00+00:00,16.94,15.851633,21.21,17.971571,2828.07,2688.156,0.0,0.12850565,21.04,20.097445,2026-09-06 05:42:00+00:00
2026-09-06 04:43:00+00:00,14.94,13.936507,17.91,17.702013,2534.55,2688.3174,0.0,0.0,19.94,20.120508,2026-09-06 05:43:00+00:00
2026-09-06 04:44:00+00:00,13.84,15.329134,22.61,19.11899,2779.67,2713.621,0.0,0.014641552,19.63,20.09647,2026-09-06 05:44:00+00:00
2026-09-06 04:45:00+00:00,15.96,14.904941,23.58,17.656336,2788.57,2672.6226,0.0,0.049804147,20.69,20.185177,2026-09-06 05:45:00+00:00
2026-09-06 04:46:00+00:00,12.56,15.778632,13.87,18.98353,2519.28,2646.8464,0.0,0.0,19.63,20.127735,2026-09-06 05:46:00+00:00
2026-09-06 04:47:00+00:00,17.19,15.81904,15.47,18.215284,2547.68,2697.2344,0.0,0.0,21.08,20.370346,2026-09-06 05:47:00+00:00
2026-09-06 04:48:00+00:00,14.82,15.867939,14.14,19.869366,2512.74,2695.6343,0.75,0.0,19.72,20.022532,2026-09-06 05:48:00+00:00
2026-09-06 04:49:00+00:00,17.45,14.949097,19.55,18.1355,2867.85,2691.0413,0.0,0.024320431,20.01,20.194538,2026-09-06 05:49:00+00:00
2026-09-06 04:50:00+00:00,13.51,15.472984,17.7,18.613081,2474.74,2698.4375,0.48,0.21824037,19.63,20.210352,2026-09-06 05:50:00+00:00
2026-09-06 04:51:00+00:00,18.82,15.821657,16.44,18.188496,2746.38,2879.2886,0.0,0.41321883,21.08,19.915503,2026-09-06 05:51:00+00:00
2026-09-06 04:52:00+00:00,9.83,14.908917,8.69,17.99258,2719.82,2809.948,0.0,0.002802981,20.65,20.353916,2026-09-06 05:52:00+00:00
2026-09-06 04:53:00+00:00,16.55,13.214064,15.73,17.340963,2486.92,2667.1294,0.0,0.054373395,20.83,20.227196,2026-09-06 05:53:00+00:00
2026-09-06 04:54:00+00:00,18.28,14.7266,21.31,17.139002,2790.68,2629.9065,0.0,0.0,19.63,20.236664,2026-09-06 05:54:00+00:00
2026-09-06 04:55:00+00:00,15.54,14.925196,26.2,17.388618,2770.93,2630.4138,0.0,0.0,20.5,20.125864,2026-09-06 05:55:00+00:00
2026-09-06 04:56:00+00:00,13.17,14.613199,14.85,16.26996,2828.58,2699.8284,0.0,0.10683906,19.63,20.176054,2026-09-06 05:56:00+00:00
2026-09-06 04:57:00+00:00,16.05,13.717655,19.92,16.746561,2639.42,2712.8672,0.0,0.0,20.45,20.090937,2026-09-06 05:57:00+00:00
2026-09-06 04:58:00+00:00,17.58,15.64906,20.03,17.724388,2598.14,2687.7307,0.2,0.0,21.08,20.020796,2026-09-06 05:58:00+00:00
2026-09-06 04:59:00+00:00,12.88,14.893658,16.3,17.372868,2564.66,2681.9163,0.0,0.0,19.63,20.236504,2026-09-06 05:59:00+00:00
2026-09-06 05:00:00+00:00,15.55,15.0352,15.71,18.189362,2899.96,2795.5447,0.0,0.0,20.62,19.9705,2026-09-06 06:00:00+00:00
2026-09-06 05:01:00+00:00,16.24,15.505679,16.98,19.843596,2737.42,2753.2917,0.77,0.0,20.05,20.17059,2026-09-06 06:01:00+00:00
2026-09-06 05:02:00+00:00,17.17,15.63622,19.01,19.012545,2548.81,2788.021,0.0,0.0,19.63,20.28839,2026-09-06 06:02:00+00:00
2026-09-06 05:03:00+00:00,20.14,14.637671,22.89,17.23978,2675.8,2795.4417,0.0,0.04776639,19.63,19.98318,2026-09-06 06:03:00+00:00
2026-09-06 05:04:00+00:00,13.24,15.079219,15.7,17.493921,2589.49,2739.3179,0.68,0.4924214,20.59,19.994215,2026-09-06 06:04:00+00:00
2026-09-06 05:05:00+00:00,17.06,14.918745,18.13,16.9123,2956.47,2735.9243,0.0,0.036303714,19.63,20.06526,2026-09-06 06:05:00+00:00
2026-09-06 05:06:00+00:00,9.06,15.205906,7.5,17.850859,2487.74,2678.6687,0.0,1.2726641,20.25,20.051653,2026-09-06 06:06:00+00:00
2026-09-06 05:07:00+00:00,16.25,15.392452,15.76,17.704182,2687.25,2741.1177,0.0,0.0,19.98,20.00161,2026-09-06 06:07:00+00:00
2026-09-06 05:08:00+00:00,10.82,15.164139,10.71,18.245806,2533.33,2745.2231,0.0,0.15294448,19.63,20.251034,2026-09-06 06:08:00+00:00
2026-09-06 05:09:00+00:00,18.75,15.500465,21.24,18.724009,2562.99,2748.7537,0.0,0.030180361,20.48,19.970823,2026-09-06 06:09:00+00:00
2026-09-06 05:10:00+00:00,12.63,15.683261,8.86,18.261297,2586.41,2732.2166,0.0,0.077232696,19.63,19.937277,2026-09-06 06:10:00+00:00
2026-09-06 05:11:00+00:00,12.71,15.908146,15.07,18.755955,2809.25,2671.0813,0.29,0.14990024,19.63,19.917002,2026-09-06 06:11:00+00:00
2026-09-06 05:12:00+00:00,13.2,16.01202,18.61,19.41668,2844.23,2734.3735,0.0,1.4001185,21.11,19.922245,2026-09-06 06:12:00+00:00
2026-09-06 05:13:00+00:00,13.32,16.476755,15.33,19.198675,2715.13,2771.665,1.79,1.899332,19.63,20.158157,2026-09-06 06:13:00+00:00
2026-09-06 05:14:00+00:00,16.76,15.326281,17.3,18.380966,2613.69,2736.3728,0.0,0.0,20.02,20.167421,2026-09-06 06:14:00+00:00
2026-09-06 05:15:00+00:00,17.39,15.316337,14.98,17.983362,2767.18,2727.4482,0.0,0.0,20.44,20.045235,2026-09-06 06:15:00+00:00
2026-09-06 05:16:00+00:00,15.87,15.397399,23.76,18.273142,2777.08,2732.8882,0.0,0.0,20.2,20.022982,2026-09-06 06:16:00+00:00
2026-09-06 05:17:00+00:00,18.46,15.467997,25.47,17.877449,2548.05,2729.2188,0.0,0.0,20.65,20.183058,2026-09-06 06:17:00+00:00
2026-09-06 05:18:00+00:00,19.18,14.121977,21.06,16.421677,2507.45,2759.3455,0.0,0.0,19.63,20.182272,2026-09-06 06:18:00+00:00
2026-09-06 05:19:00+00:00,14.22,14.415071,13.18,17.03563,2641.28,2717.6243,0.81,0.0,19.63,20.01763,2026-09-06 06:19:00+00:00
2026-09-06 05:20:00+00:00,9.95,14.752624,7.5,17.99934,2718.63,2749.6614,0.0,0.0,20.51,20.123648,2026-09-06 06:20:00+00:00
2026-09-06 05:21:00+00:00,19.05,15.501471,16.22,18.843906,2726.07,2708.8293,0.0,0.0,19.63,20.286995,2026-09-06 06:21:00+00:00
2026-09-06 05:22:00+00:00,19.31,15.258592,21.92,17.453064,2753.98,2740.0889,0.0,0.0,19.91,20.275312,2026-09-06 06:22:00+00:00
2026-09-06 05:23:00+00:00,15.61,14.60436,19.71,17.358923,2936.47,2780.5828,0.0,0.0,19.82,20.127735,2026-09-06 06:23:00+00:00
2026-09-06 05:24:00+00:00,14.83,14.651789,16.46,17.003168,2504.2,2787.9307,0.0,0.0,19.63,20.233253,2026-09-06 06:24:00+00:00
2026-09-06 05:25:00+00:00,16.84,14.7438755,19.26,16.610275,2938.95,2703.2944,0.0,0.0,19.63,20.165478,2026-09-06 06:25:00+00:00
2026-09-06 05:26:00+00:00,17.76,16.072443,19.81,17.242764,2986.22,2722.7458,0.0,0.0,19.63,20.237072,2026-09-06 06:26:00+00:00
2026-09-06 05:27:00+00:00,18.08,14.725826,15.67,17.090899,2560.0,2769.9028,0.0,0.0,19.63,20.104332,2026-09-06 06:27:00+00:00
2026-09-06 05:28:00+00:00,15.49,14.761184,19.36,17.683176,2664.56,2750.4,0.0,0.0,20.41,20.04641,2026-09-06 06:28:00+00:00
2026-09-06 05:29:00+00:00,15.37,14.770759,14.09,17.598001,2570.83,2730.1125,0.0,0.0,20.02,20.055056,2026-09-06 06:29:00+00:00
2026-09-06 05:30:00+00:00,14.98,15.261753,20.74,17.52961,2618.9,2756.0315,0.0,0.0,20.12,20.069498,2026-09-06 06:30:00+00:00
2026-09-06 05:31:00+00:00,17.82,16.607784,17.04,18.252983,3095.41,2801.0803,0.43,0.0,19.63,20.159132,2026-09-06 06:31:00+00:00
2026-09-06 05:32:00+00:00,14.39,15.503433,15.05,16.770407,2561.14,2812.3914,0.0,0.0,20.62,20.114866,2026-09-06 06:32:00+00:00
2026-09-06 05:33:00+00:00,16.68,15.546338,21.62,16.881899,2761.15,2739.2478,0.96,0.0,20.49,20.402298,2026-09-06 06:33:00+00:00
2026-09-06 05:34:00+00:00,10.68,15.868409,9.94,17.267544,2982.81,2743.9116,0.0,0.0,20.17,20.278156,2026-09-06 06:34:00+00:00
2026-09-06 05:35:00+00:00,13.38,15.04084,16.63,17.498688,2370.11,2748.1768,0.0,0.0,19.63,20.332277,2026-09-06 06:35:00+00:00
2026-09-06 05:36:00+00:00,19.8,14.915256,22.61,16.65406,2607.36,2777.685,0.0,0.0,20.86,20.317646,2026-09-06 06:36:00+00:00
2026-09-06 05:37:00+00:00,17.67,15.672458,23.3,17.50521,2658.94,2761.7712,0.0,0.0,19.63,20.459589,2026-09-06 06:37:00+00:00
2026-09-06 05:38:00+00:00,13.53,15.215607,18.29,17.952799,2917.72,2739.1582,0.0,0.0,19.63,20.17857,2026-09-06 06:38:00+00:00
2026-09-06 05:39:00+00:00,17.33,15.896777,11.64,17.886333,2622.83,2686.9678,0.0,0.0,19.63,20.158007,2026-09-06 06:39:00+00:00
2026-09-06 05:40:00+00:00,14.32,15.085981,15.75,17.178202,2661.66,2712.1155,0.0,0.0,19.63,20.336802,2026-09-06 06:40:00+00:00
2026-09-06 05:41:00+00:00,10.87,15.345586,14.79,16.62853,2978.84,2806.1492,0.0,0.0,19.63,20.146612,2026-09-06 06:41:00+00:00
2026-09-06 05:42:00+00:00,16.29,15.262108,19.68,17.622198,2618.79,2753.6638,0.0,0.0,20.45,20.179499,2026-09-06 06:42:00+00:00
2026-09-06 05:43:00+00:00,24.52,16.168703,23.33,17.925415,2658.57,2742.9404,0.0,0.0,19.89,20.217789,2026-09-06 06:43:00+00:00
2026-09-06 05:44:00+00:00,18.28,15.343803,23.99,17.4442,2729.57,2744.8577,0.58,0.0,20.39,20.167923,2026-09-06 06:44:00+00:00
2026-09-06 05:45:00+00:00,15.35,15.415548,18.59,17.16181,2844.23,2778.744,0.0,0.0,20.14,20.10751,2026-09-06 06:45:00+00:00
2026-09-06 05:46:00+00:00,19.65,15.012891,23.4,16.992876,2727.18,2757.3447,0.0,0.0,19.63,20.170519,2026-09-06 06:46:00+00:00
2026-09-06 05:47:00+00:00,19.46,15.368872,21.54,17.29462,2852.23,2757.7063,0.0,0.22566004,20.89,20.03795,2026-09-06 06:47:00+00:00
2026-09-06 05:48:00+00:00,15.19,14.932881,16.24,16.700783,2916.23,2763.8503,0.51,0.0,19.63,20.235573,2026-09-06 06:48:00+00:00
2026-09-06 05:49:00+00:00,13.04,15.2964115,11.76,17.54228,2742.15,2748.0762,0.0,0.0,20.93,20.18269,2026-09-06 06:49:00+00:00
2026-09-06 05:50:00+00:00,17.08,15.024476,18.14,17.740822,2734.23,2762.0537,0.0,0.0248986,19.65,20.13796,2026-09-06 06:50:00+00:00
2026-09-06 05:51:00+00:00,15.28,14.849332,15.51,16.993757,2881.55,2771.5037,0.0,0.0,19.63,19.96476,2026-09-06 06:51:00+00:00
2026-09-06 05:52:00+00:00,13.7,15.181492,11.5,18.192446,2637.48,2737.6982,0.0,0.0,20.19,20.169474,2026-09-06 06:52:00+00:00
2026-09-06 05:53:00+00:00,14.23,15.076802,18.65,17.493906,2680.82,2733.5535,0.0,0.0,19.63,20.114965,2026-09-06 06:53:00+00:00
2026-09-06 05:54:00+00:00,12.44,15.447177,13.27,18.53248,2703.4,2760.7368,0.0,0.0,19.63,20.17037,2026-09-06 06:54:00+00:00
2026-09-06 05:55:00+00:00,16.39,15.27128,23.54,18.548023,2777.42,2776.512,0.0,0.0,21.06,20.101923,2026-09-06 06:55:00+00:00
2026-09-06 05:56:00+00:00,17.3,14.999233,15.7,17.898884,2726.02,2780.7183,0.0,0.0,20.48,20.137321,2026-09-06 06:56:00+00:00
2026-09-06 05:57:00+00:00,17.51,15.577118,17.2,18.50152,2604.24,2769.0798,0.0,0.0,19.63,20.094193,2026-09-06 06:57:00+00:00
2026-09-06 05:58:00+00:00,16.37,15.509372,17.58,18.538914,2996.82,2751.102,0.0,0.0,20.33,20.09956,2026-09-06 06:58:00+00:00
2026-09-06 05:59:00+00:00,13.74,15.39961,16.08,18.077087,2704.81,2755.5642,0.42,0.0,19.63,20.140152,2026-09-06 06:59:00+00:00
2026-09-06 06:00:00+00:00,12.39,15.498871,15.77,18.77905,2856.26,2865.7363,0.0,0.0,19.63,20.604359,2026-09-06 07:00:00+00:00
2026-09-06 06:01:00+00:00,16.56,15.842183,18.68,18.397179,2631.28,2890.975,0.0,0.0,20.7,20.619822,2026-09-06 07:01:00+00:00
2026-09-06 06:02:00+00:00,14.3,15.6382885,14.21,17.820065,3044.85,2888.7207,0.0,0.016339634,19.74,20.541578,2026-09-06 07:02:00+00:00
2026-09-06 06:03:00+00:00,24.81,15.649352,25.59,18.155182,2762.95,2880.6106,0.47,0.0,19.63,20.518448,2026-09-06 07:03:00+00:00
2026-09-06 06:04:00+00:00,17.37,15.402745,16.71,17.757624,2881.9,2849.396,0.0,0.022810511,20.64,20.535982,2026-09-06 07:04:00+00:00
2026-09-06 06:05:00+00:00,11.59,15.850707,12.92,18.888916,2981.63,2853.4053,0.0,0.076977246,20.87,20.53071,2026-09-06 07:05:00+00:00
2026-09-06 06:06:00+00:00,16.76,14.964948,22.2,17.213675,2856.11,2915.3076,0.0,0.016150273,20.5,20.620026,2026-09-06 07:06:00+00:00
2026-09-06 06:07:00+00:00,16.86,16.542152,20.96,19.162186,2937.55,2862.7769,0.62,0.045762524,20.55,20.521217,2026-09-06 07:07:00+00:00
2026-09-06 06:08:00+00:00,14.98,15.62264,12.41,18.138056,3074.05,2863.532,0.0,0.030950435,20.79,20.550945,2026-09-06 07:08:00+00:00
2026-09-06 06:09:00+00:00,16.49,16.01416,18.03,17.350296,2771.33,2929.229,0.0,0.0,19.63,20.55489,2026-09-06 07:09:00+00:00
2026-09-06 06:10:00+00:00,16.58,15.577255,22.88,19.064308,2992.19,2871.702,1.45,0.021488272,20.94,20.613447,2026-09-06 07:10:00+00:00
2026-09-06 06:11:00+00:00,20.35,17.36546,19.64,18.735744,2577.79,2859.868,0.0,0.0,20.77,20.413582,2026-09-06 07:11:00+00:00
2026-09-06 06:12:00+00:00,14.26,15.377098,19.87,18.160078,2979.38,2895.9702,0.0,0.0,19.63,20.423431,2026-09-06 07:12:00+00:00
2026-09-06 06:13:00+00:00,18.38,14.691272,23.21,17.988152,2874.65,2749.9905,0.78,2.5254068,19.63,20.54956,2026-09-06 07:13:00+00:00
2026-09-06 06:14:00+00:00,12.51,15.226607,16.46,18.271204,2742.54,2814.063,0.0,1.4946321,19.63,20.470488,2026-09-06 07:14:00+00:00
2026-09-06 06:15:00+00:00,16.34,15.154073,22.0,17.839087,2931.61,2795.1768,0.0,1.3201566,20.35,20.47038,2026-09-06 07:15:00+00:00
2026-09-06 06:16:00+00:00,11.95,15.313479,14.19,17.871735,2972.65,2857.1672,0.0,1.5955603,19.9,20.64582,2026-09-06 07:16:00+00:00
2026-09-06 06:17:00+00:00,18.79,14.911166,24.7,17.462471,2860.11,2858.4233,0.0,1.55125,19.63,20.494057,2026-09-06 07:17:00+00:00
2026-09-06 06:18:00+00:00,10.19,15.096963,12.04,17.85813,2624.56,3152.9712,0.0,0.49555564,19.63,20.613768,2026-09-06 07:18:00+00:00
2026-09-06 06:19:00+00:00,13.04,15.403463,14.24,18.177376,2688.0,2919.9077,0.0,1.6488379,20.0,20.534618,2026-09-06 07:19:00+00:00
2026-09-06 06:20:00+00:00,15.36,15.23335,15.85,17.365612,2999.21,3009.966,0.07,1.7681345,20.79,20.53892,2026-09-06 07:20:00+00:00
2026-09-06 06:21:00+00:00,15.25,15.4494505,19.52,17.60566,2729.68,3046.3914,0.0,1.7346464,19.63,20.62434,2026-09-06 07:21:00+00:00
2026-09-06 06:22:00+00:00,10.03,15.351261,7.79,18.77612,2819.77,3007.0266,0.0,2.526432,19.8,20.524015,2026-09-06 07:22:00+00:00
2026-09-06 06:23:00+00:00,17.85,15.441316,12.4,18.441046,3144.9,3119.6353,0.0,2.8237548,19.7,20.544003,2026-09-06 07:23:00+00:00
2026-09-06 06:24:00+00:00,12.4,15.18843,14.12,17.270212,2937.25,2975.7695,0.0,2.2810795,19.63,20.590633,2026-09-06 07:24:00+00:00
2026-09-06 06:25:00+00:00,14.15,15.131643,16.64,18.489155,2712.45,3008.03,0.0,2.3367598,20.6,20.557095,2026-09-06 07:25:00+00:00
2026-09-06 06:26:00+00:00,15.32,15.358642,21.4,18.099958,3223.98,2981.9316,0.0,2.3087647,20.05,20.591963,2026-09-06 07:26:00+00:00
2026-09-06 06:27:00+00:00,14.52,15.403274,19.34,18.74097,2983.24,3014.2075,0.0,1.060403,19.63,20.559652,2026-09-06 07:27:00+00:00
2026-09-06 06:28:00+00:00,15.24,15.27482,12.25,18.073061,2837.08,3047.9653,1.25,0.98184055,19.63,20.564896,2026-09-06 07:28:00+00:00
2026-09-06 06:29:00+00:00,13.37,15.665792,12.4,19.039768,2855.95,2991.4949,0.26,0.88639826,19.84,20.581202,2026-09-06 07:29:00+00:00
2026-09-06 06:30:00+00:00,18.31,15.80942,20.85,18.460062,2849.8,3174.9785,0.0,0.9359239,19.63,20.467903,2026-09-06 07:30:00+00:00
2026-09-06 06:31:00+00:00,19.15,15.284479,26.92,17.869947,2899.74,3019.3293,0.0,0.0,21.01,20.609064,2026-09-06 07:31:00+00:00
2026-09-06 06:32:00+00:00,17.08,15.688616,21.35,18.039085,3038.53,3054.034,1.37,0.0,19.63,20.674376,2026-09-06 07:32:00+00:00
2026-09-06 06:33:00+00:00,13.5,15.570068,11.59,17.76077,2821.05,2907.0017,0.0,1.1613867,20.11,20.68552,2026-09-06 07:33:00+00:00
2026-09-06 06:34:00+00:00,19.32,15.446083,21.56,18.270115,3030.58,3068.7344,0.58,1.4051836,19.96,20.69613,2026-09-06 07:34:00+00:00
2026-09-06 06:35:00+00:00,15.92,14.718146,15.91,17.102623,2717.79,3183.3787,0.39,0.64496166,21.05,20.620007,2026-09-06 07:35:00+00:00
2026-09-06 06:36:00+00:00,20.53,15.269172,28.88,17.824907,2569.07,3089.645,0.0,2.9914844,20.85,20.444242,2026-09-06 07:36:00+00:00
2026-09-06 06:37:00+00:00,17.77,15.445361,20.45,18.129498,3052.51,3188.2466,0.0,0.96682036,19.63,20.602888,2026-09-06 07:37:00+00:00
2026-09-06 06:38:00+00:00,14.13,15.173731,16.68,17.966356,3101.73,3170.1697,0.0,1.0527452,21.07,20.660162,2026-09-06 07:38:00+00:00
2026-09-06 06:39:00+00:00,13.48,15.341864,12.89,18.054182,3068.22,3200.0288,0.0,0.99713635,20.21,20.593325,2026-09-06 07:39:00+00:00
2026-09-06 06:40:00+00:00,8.83,14.899089,9.87,18.008873,2796.5,3154.907,0.0,1.1608238,20.29,20.564247,2026-09-06 07:40:00+00:00
2026-09-06 06:41:00+00:00,15.16,14.85264,17.84,17.163595,2769.22,3177.9705,0.0,1.0132664,19.63,20.55982,2026-09-06 07:41:00+00:00
2026-09-06 06:42:00+00:00,14.18,15.32865,16.93,17.885971,2876.71,3257.49,0.54,1.0595028,19.83,20.657454,2026-09-06 07:42:00+00:00
2026-09-06 06:43:00+00:00,18.12,16.27521,24.96,19.2718,2910.67,2858.9292,0.0,0.0,19.63,20.529995,2026-09-06 07:43:00+00:00
2026-09-06 06:44:00+00:00,13.8,15.481488,15.81,18.555298,3213.49,2881.327,0.0,0.0,19.65,20.575958,2026-09-06 07:44:00+00:00
2026-09-06 06:45:00+00:00,14.23,15.2430315,14.39,18.326777,2808.89,2906.3901,0.0,0.0,19.63,20.654095,2026-09-06 07:45:00+00:00
2026-09-06 06:46:00+00:00,13.93,15.701562,19.11,18.5428,3069.76,2930.3884,0.86,0.0,20.18,20.533268,2026-09-06 07:46:00+00:00
2026-09-06 06:47:00+00:00,14.59,15.590876,13.32,18.340767,3287.98,2950.6877,0.11,0.0,21.03,20.886784,2026-09-06 07:47:00+00:00
2026-09-06 06:48:00+00:00,17.59,15.5210285,22.52,18.244574,2678.75,2947.2524,0.0,0.0,20.33,20.645077,2026-09-06 07:48:00+00:00
2026-09-06 06:49:00+00:00,14.62,15.23849,17.03,18.03255,3028.41,2938.1936,0.0,0.0,19.99,20.482937,2026-09-06 07:49:00+00:00
2026-09-06 06:50:00+00:00,18.96,15.528956,24.31,18.427502,2943.74,2893.7708,0.37,2.2101984,20.06,20.639942,2026-09-06 07:50:00+00:00
2026-09-06 06:51:00+00:00,14.75,15.405614,20.34,18.325647,2944.59,2939.5837,0.0,0.0,19.95,20.660162,2026-09-06 07:51:00+00:00
2026-09-06 06:52:00+00:00,15.55,15.416735,19.59,17.971111,3217.82,2930.6465,0.0,2.9032612,20.23,20.54456,2026-09-06 07:52:00+00:00
2026-09-06 06:53:00+00:00,19.21,15.080916,22.51,18.001251,2745.85,2929.3074,0.0,1.1232662,20.61,20.591917,2026-09-06 07:53:00+00:00
2026-09-06 06:54:00+00:00,17.7,15.224163,19.21,17.967066,2942.38,2932.7766,0.0,0.0,20.23,20.55982,2026-09-06 07:54:00+00:00
2026-09-06 06:55:00+00:00,16.33,15.602598,17.81,17.144005,2962.65,2938.6345,0.07,0.0,20.45,20.6469,2026-09-06 07:55:00+00:00
2026-09-06 06:56:00+00:00,13.4,15.15476,17.25,17.637085,3145.27,2940.36,0.98,0.50968564,20.99,20.698273,2026-09-06 07:56:00+00:00
2026-09-06 06:57:00+00:00,18.94,15.088561,15.92,17.733324,2984.63,2936.3308,0.0,0.6401585,20.17,20.530003,2026-09-06 07:57:00+00:00
2026-09-06 06:58:00+00:00,12.01,15.290242,14.88,17.899128,2947.94,2916.631,0.0,0.6687164,20.88,20.504435,2026-09-06 07:58:00+00:00
2026-09-06 06:59:00+00:00,14.37,15.283791,12.69,17.821453,3237.62,2967.1697,0.43,0.8616433,21.19,20.55839,2026-09-06 07:59:00+00:00
2026-09-06 07:00:00+00:00,11.95,14.956746,16.33,17.262293,3345.28,3007.6375,0.24,1.7337372,21.37,21.446575,2026-09-06 08:00:00+00:00
2026-09-06 07:01:00+00:00,14.76,15.076826,15.69,16.947529,2993.59,2988.5452,0.0,0.0,21.72,21.657358,2026-09-06 08:01:00+00:00
2026-09-06 07:02:00+00:00,18.38,15.386096,19.24,17.474192,2981.61,3001.6729,0.0,0.63517046,19.89,21.736544,2026-09-06 08:02:00+00:00
2026-09-06 07:03:00+00:00,12.86,15.222825,17.33,17.533731,2921.21,3093.8655,0.11,0.19080767,20.61,21.657097,2026-09-06 08:03:00+00:00
2026-09-06 07:04:00+00:00,14.89,15.177843,18.89,17.186064,3107.29,3067.4968,0.0,6.998168,21.67,21.960993,2026-09-06 08:04:00+00:00
2026-09-06 07:05:00+00:00,9.57,15.401125,7.71,18.624866,3050.38,3046.135,0.86,0.0,19.95,21.516748,2026-09-06 08:05:00+00:00
2026-09-06 07:06:00+00:00,12.85,15.082127,14.88,17.397762,2894.95,3062.3855,0.35,0.0,22.75,21.928976,2026-09-06 08:06:00+00:00
2026-09-06 07:07:00+00:00,12.89,15.189978,15.96,17.831394,3229.78,3086.6692,0.0,5.9369698,22.35,21.768908,2026-09-06 08:07:00+00:00
2026-09-06 07:08:00+00:00,12.35,15.338137,15.54,18.081795,3100.26,3144.8079,0.82,0.0,19.95,21.92347,2026-09-06 08:08:00+00:00
2026-09-06 07:09:00+00:00,14.89,15.285802,16.02,17.51226,3228.43,3208.031,0.0,7.6907325,19.8,21.83375,2026-09-06 08:09:00+00:00
2026-09-06 07:10:00+00:00,18.36,14.957147,23.12,18.300972,3041.49,3206.9001,0.0,15.334439,23.41,21.590553,2026-09-06 08:10:00+00:00
2026-09-06 07:11:00+00:00,19.56,15.794956,18.88,18.207972,3117.63,3188.6018,0.0,17.066355,20.57,22.028198,2026-09-06 08:11:00+00:00
2026-09-06 07:12:00+00:00,17.3,15.792751,17.47,18.79484,3255.35,3155.0237,0.0,14.857116,22.26,21.960415,2026-09-06 08:12:00+00:00
2026-09-06 07:13:00+00:00,10.41,15.511052,14.45,18.036034,3012.01,3189.1897,0.0,2.0372958,22.11,21.359688,2026-09-06 08:13:00+00:00
2026-09-06 07:14:00+00:00,14.47,15.651773,21.6,18.18166,2942.52,3166.6187,0.0,7.160312,20.15,21.532995,2026-09-06 08:14:00+00:00
2026-09-06 07:15:00+00:00,11.21,15.086635,13.9,17.763035,3005.78,3107.0967,0.0,8.101457,22.21,21.520655,2026-09-06 08:15:00+00:00
2026-09-06 07:16:00+00:00,16.63,15.332087,22.46,17.929924,3104.88,3160.975,0.0,10.575411,20.61,21.611065,2026-09-06 08:16:00+00:00
2026-09-06 07:17:00+00:00,18.78,14.797497,19.98,18.101032,3117.91,3179.015,0.5,0.0,20.4,21.813854,2026-09-06 08:17:00+00:00
2026-09-06 07:18:00+00:00,11.72,15.373172,11.34,18.41367,2957.13,3008.512,0.0,0.0,19.7,21.616423,2026-09-06 08:18:00+00:00
2026-09-06 07:19:00+00:00,17.58,15.893745,16.01,18.099127,3077.09,3012.0208,0.0,0.0,19.84,21.582413,2026-09-06 08:19:00+00:00
2026-09-06 07:20:00+00:00,17.92,16.58988,20.27,18.271536,3285.87,2997.823,0.0,0.009129372,19.8,21.563694,2026-09-06 08:20:00+00:00
2026-09-06 07:21:00+00:00,16.24,15.654271,20.0,17.924936,3019.71,3048.9756,0.0,0.0,24.91,21.956892,2026-09-06 08:21:00+00:00
2026-09-06 07:22:00+00:00,14.05,15.436398,14.45,18.273088,3350.46,3027.7634,0.0,0.53105307,23.48,21.605581,2026-09-06 08:22:00+00:00
2026-09-06 07:23:00+00:00,15.89,16.741703,16.13,18.601904,3183.67,3049.0818,0.0,0.5250347,23.22,21.405916,2026-09-06 08:23:00+00:00
2026-09-06 07:24:00+00:00,16.93,16.06856,21.16,18.181927,3150.88,3125.9177,0.0,0.8574757,20.57,21.530016,2026-09-06 08:24:00+00:00
2026-09-06 07:25:00+00:00,15.85,16.040863,15.35,18.11642,3001.61,3044.0286,0.0,0.7867453,24.72,21.788696,2026-09-06 08:25:00+00:00
2026-09-06 07:26:00+00:00,17.89,15.834725,19.29,18.414833,3248.89,3091.9512,0.0,0.9928849,20.31,21.904993,2026-09-06 08:26:00+00:00
2026-09-06 07:27:00+00:00,12.49,15.769159,13.25,18.046886,3325.99,3222.8438,0.0,0.105865166,25.27,21.828697,2026-09-06 08:27:00+00:00
2026-09-06 07:28:00+00:00,17.29,15.204985,16.91,17.488113,3393.13,3215.362,0.0,0.0,20.4,21.792702,2026-09-06 08:28:00+00:00
2026-09-06 07:29:00+00:00,13.06,15.072859,16.32,17.630754,3282.72,3184.4648,0.0,0.17439955,23.86,21.651596,2026-09-06 08:29:00+00:00
2026-09-06 07:30:00+00:00,16.34,15.3983135,26.06,17.176647,3504.11,3187.021,0.0,0.18685459,25.62,22.252941,2026-09-06 08:30:00+00:00
2026-09-06 07:31:00+00:00,10.23,15.3223915,14.48,17.991543,3246.17,3200.747,0.0,0.3007215,24.3,21.492113,2026-09-06 08:31:00+00:00
2026-09-06 07:32:00+00:00,18.03,15.521021,20.85,18.969711,3484.58,3317.9084,0.19,3.0826805,24.54,21.772217,2026-09-06 08:32:00+00:00
2026-09-06 07:33:00+00:00,13.38,15.637205,16.42,18.302034,2845.79,3245.4617,0.0,2.212432,20.69,21.531874,2026-09-06 08:33:00+00:00
2026-09-06 07:34:00+00:00,14.97,15.30965,15.93,18.11386,3487.44,3224.115,0.0,4.0844946,20.05,21.963955,2026-09-06 08:34:00+00:00
2026-09-06 07:35:00+00:00,10.83,15.802037,16.43,18.635698,3246.31,3234.7014,0.0,8.271467,24.68,21.900091,2026-09-06 08:35:00+00:00
2026-09-06 07:36:00+00:00,18.99,15.939419,23.04,17.96249,3154.03,3063.5981,0.0,7.695242,19.83,22.061903,2026-09-06 08:36:00+00:00
2026-09-06 07:37:00+00:00,18.09,16.137728,27.06,18.340012,3169.05,3130.9817,0.0,2.0450804,26.49,22.022587,2026-09-06 08:37:00+00:00
2026-09-06 07:38:00+00:00,15.92,16.55319,14.32,18.286695,3188.19,3203.11,0.0,3.9508212,28.38,21.823462,2026-09-06 08:38:00+00:00
2026-09-06 07:39:00+00:00,18.85,15.808784,22.98,18.039074,3133.39,3148.7551,0.0,0.89296365,20.46,22.150806,2026-09-06 08:39:00+00:00
2026-09-06 07:40:00+00:00,14.46,15.301748,21.57,18.11116,3390.52,3216.8672,0.35,0.9167259,26.6,22.016172,2026-09-06 08:40:00+00:00
2026-09-06 07:41:00+00:00,15.84,15.2203865,20.49,17.454605,3298.68,3191.1545,0.0,0.6184697,19.82,21.87177,2026-09-06 08:41:00+00:00
2026-09-06 07:42:00+00:00,17.77,15.853334,18.72,18.112999,3232.12,3141.6917,0.0,3.042059,20.79,21.467445,2026-09-06 08:42:00+00:00
2026-09-06 07:43:00+00:00,12.67,15.01722,14.35,17.451328,3277.73,3196.4448,0.0,2.638358,19.95,22.042402,2026-09-06 08:43:00+00:00
2026-09-06 07:44:00+00:00,18.94,14.836071,24.3,16.77498,3285.04,3198.6448,0.52,0.28987092,27.66,21.693842,2026-09-06 08:44:00+00:00
2026-09-06 07:45:00+00:00,18.75,15.164826,20.19,17.61722,3288.66,3204.2346,0.0,0.44177443,20.57,21.806608,2026-09-06 08:45:00+00:00
2026-09-06 07:46:00+00:00,11.84,15.433564,12.76,17.745352,3256.22,3211.842,0.0,2.1108718,19.93,21.771574,2026-09-06 08:46:00+00:00
2026-09-06 07:47:00+00:00,13.69,14.969149,17.49,17.420443,3078.41,3191.6326,0.34,1.7658254,21.03,21.889826,2026-09-06 08:47:00+00:00
2026-09-06 07:48:00+00:00,9.59,15.587657,15.9,17.741486,2957.5,3206.793,0.0,1.5344169,29.9,22.23018,2026-09-06 08:48:00+00:00
2026-09-06 07:49:00+00:00,13.54,15.492903,17.44,17.586378,3393.69,3186.97,0.0,1.3632398,19.68,21.926144,2026-09-06 08:49:00+00:00
2026-09-06 07:50:00+00:00,13.51,15.084092,14.19,17.719736,3264.44,3231.1438,0.0,3.3475564,21.07,22.130058,2026-09-06 08:50:00+00:00
2026-09-06 07:51:00+00:00,13.11,15.206123,15.53,17.025707,3328.08,3244.1416,0.0,3.5176377,27.49,21.909319,2026-09-06 08:51:00+00:00
2026-09-06 07:52:00+00:00,13.99,15.829611,21.39,17.74218,3369.21,3255.3298,0.0,2.9160738,27.62,22.13178,2026-09-06 08:52:00+00:00
2026-09-06 07:53:00+00:00,16.26,15.5338335,20.61,18.091711,3097.41,3239.8967,0.0,1.3864645,27.94,22.086567,2026-09-06 08:53:00+00:00
2026-09-06 07:54:00+00:00,14.18,15.70506,12.43,18.417646,3201.72,3330.6797,0.0,1.4274348,31.87,21.93803,2026-09-06 08:54:00+00:00
2026-09-06 07:55:00+00:00,17.08,16.17182,25.83,18.390865,3517.17,3338.701,0.61,2.210115,20.28,21.754469,2026-09-06 08:55:00+00:00
2026-09-06 07:56:00+00:00,14.95,15.492127,20.99,18.036335,3178.59,3361.9436,0.37,1.5394827,28.91,21.644999,2026-09-06 08:56:00+00:00
2026-09-06 07:57:00+00:00,18.47,16.33842,25.72,18.16387,3131.02,3320.996,0.0,2.6852922,31.4,21.82454,2026-09-06 08:57:00+00:00
2026-09-06 07:58:00+00:00,11.4,15.403453,12.91,16.694345,3514.98,3371.7993,0.0,0.2187516,20.43,21.614428,2026-09-06 08:58:00+00:00
2026-09-06 07:59:00+00:00,12.49,15.421207,13.34,17.938602,3350.58,3343.568,0.0,0.0,28.77,21.727684,2026-09-06 08:59:00+00:00
2026-09-06 08:00:00+00:00,17.88,15.473724,22.39,18.378065,3610.62,3353.1428,0.0,0.0,19.95,25.903496,2026-09-06 09:00:00+00:00
2026-09-06 08:01:00+00:00,14.78,15.303663,17.73,17.883198,3179.02,3380.267,0.45,0.0,30.09,26.273914,2026-09-06 09:01:00+00:00
2026-09-06 08:02:00+00:00,16.28,15.6340475,23.74,18.42327,3407.26,3376.1887,0.0,0.0,20.92,26.611418,2026-09-06 09:02:00+00:00
2026-09-06 08:03:00+00:00,11.72,14.875477,13.66,17.51004,3094.68,3377.7236,0.0,0.0,30.81,25.918093,2026-09-06 09:03:00+00:00
2026-09-06 08:04:00+00:00,13.48,14.92704,16.96,17.523573,3495.45,3392.3733,0.59,0.0,34.08,25.57867,2026-09-06 09:04:00+00:00
2026-09-06 08:05:00+00:00,18.97,15.362933,23.67,18.334751,3651.62,3339.6816,0.0,0.0,21.11,26.662476,2026-09-06 09:05:00+00:00
2026-09-06 08:06:00+00:00,17.83,16.653414,17.41,17.785442,3584.05,3371.8083,0.0,0.0,29.32,25.90963,2026-09-06 09:06:00+00:00
2026-09-06 08:07:00+00:00,11.45,15.254804,11.55,17.39779,3374.33,3417.1453,0.82,0.0,20.54,26.348452,2026-09-06 09:07:00+00:00
2026-09-06 08:08:00+00:00,18.33,15.672359,19.94,18.288177,3540.7,3467.968,0.0,0.0,20.4,26.937939,2026-09-06 09:08:00+00:00
2026-09-06 08:09:00+00:00,15.81,15.869513,20.38,18.286755,3474.44,3429.1506,1.42,0.0,34.81,26.874384,2026-09-06 09:09:00+00:00
2026-09-06 08:10:00+00:00,15.18,15.065006,14.29,17.3217,3232.12,3400.0894,0.0,0.0,34.21,26.293337,2026-09-06 09:10:00+00:00
2026-09-06 08:11:00+00:00,15.82,15.501059,18.94,17.95928,3350.01,3409.5332,0.0,0.0,34.99,26.85411,2026-09-06 09:11:00+00:00
2026-09-06 08:12:00+00:00,14.82,15.248855,14.04,17.49746,3363.92,3413.0576,0.0,0.0,20.83,26.011766,2026-09-06 09:12:00+00:00
2026-09-06 08:13:00+00:00,16.87,15.168505,16.91,16.993654,3288.92,3392.7192,0.0,0.0,20.22,26.358238,2026-09-06 09:13:00+00:00
2026-09-06 08:14:00+00:00,12.81,15.187376,17.47,18.03864,3513.17,3418.4707,0.0,0.0,31.56,26.897867,2026-09-06 09:14:00+00:00
2026-09-06 08:15:00+00:00,19.11,16.405342,25.59,17.917116,3469.54,3454.4685,0.0,0.0,32.79,26.374647,2026-09-06 09:15:00+00:00
2026-09-06 08:16:00+00:00,13.88,15.270665,20.47,17.672281,3528.13,3433.3809,1.11,0.0,20.69,26.913567,2026-09-06 09:16:00+00:00
2026-09-06 08:17:00+00:00,20.41,15.332085,18.39,17.766472,3499.52,3468.3962,0.0,0.0,35.26,26.758648,2026-09-06 09:17:00+00:00
2026-09-06 08:18:00+00:00,22.92,15.170349,27.0,18.015604,3322.59,3426.692,0.0,0.0,31.84,26.427858,2026-09-06 09:18:00+00:00
2026-09-06 08:19:00+00:00,15.46,15.268704,14.87,17.425194,3433.81,3402.305,0.0,0.0,35.16,26.397205,2026-09-06 09:19:00+00:00
2026-09-06 08:20:00+00:00,14.7,14.8926325,20.98,17.404259,3428.93,3400.8723,0.0,0.0,20.22,26.25071,2026-09-06 09:20:00+00:00
2026-09-06 08:21:00+00:00,16.47,15.102317,18.74,17.179935,3308.6,3406.4436,0.0,0.0,35.36,25.326897,2026-09-06 09:21:00+00:00
2026-09-06 08:22:00+00:00,15.71,15.08126,14.57,17.417963,3240.71,3470.558,0.0,0.0,33.3,25.911896,2026-09-06 09:22:00+00:00
2026-09-06 08:23:00+00:00,14.07,14.909252,18.0,17.10633,3501.71,3399.0232,0.4,0.0,20.75,25.865593,2026-09-06 09:23:00+00:00
2026-09-06 08:24:00+00:00,14.44,14.989022,22.13,17.219278,3580.79,3409.1746,0.0,0.0,30.97,26.749014,2026-09-06 09:24:00+00:00
2026-09-06 08:25:00+00:00,14.22,15.086942,18.51,17.03253,3564.16,3455.241,0.0,0.0,32.19,26.73523,2026-09-06 09:25:00+00:00
2026-09-06 08:26:00+00:00,55.55,15.240396,62.02,17.318481,3549.6,3460.2393,0.0,0.0,37.1,27.845547,2026-09-06 09:26:00+00:00
2026-09-06 08:27:00+00:00,55.69,15.362103,58.39,17.263369,3546.31,3432.4282,0.0,0.0,19.74,27.012022,2026-09-06 09:27:00+00:00
2026-09-06 08:28:00+00:00,50.91,15.425088,57.72,18.235365,3331.75,3479.7173,0.0,0.0,20.23,27.968699,2026-09-06 09:28:00+00:00
2026-09-06 08:29:00+00:00,54.51,15.2866745,60.97,17.817759,3754.35,3481.2368,0.0,0.0,20.75,27.35098,2026-09-06 09:29:00+00:00
2026-09-06 08:30:00+00:00,60.43,15.356123,62.31,17.408504,3356.92,3552.3545,1.31,0.0,34.67,26.84161,2026-09-06 09:30:00+00:00
2026-09-06 08:31:00+00:00,55.26,15.064037,66.69,17.475275,3642.84,3474.3752,0.0,0.0,35.34,26.94153,2026-09-06 09:31:00+00:00
2026-09-06 08:32:00+00:00,58.19,15.0709095,63.38,17.324312,3453.37,3457.354,0.09,0.0,35.05,27.140602,2026-09-06 09:32:00+00:00
2026-09-06 08:33:00+00:00,57.55,15.222926,61.06,17.75535,3639.9,3441.8992,0.0,0.0,20.02,28.21392,2026-09-06 09:33:00+00:00
2026-09-06 08:34:00+00:00,58.05,15.400598,58.95,17.638802,3325.0,3467.7869,0.0,0.0,20.22,28.242146,2026-09-06 09:34:00+00:00
2026-09-06 08:35:00+00:00,61.91,15.234824,63.18,17.47094,3368.03,3511.6238,0.0,0.06611509,19.75,27.07061,2026-09-06 09:35:00+00:00
2026-09-06 08:36:00+00:00,61.76,15.117558,67.26,17.129883,3381.38,3475.134,0.0,0.0,21.08,28.138142,2026-09-06 09:36:00+00:00
2026-09-06 08:37:00+00:00,53.03,15.048812,58.83,17.323858,3251.18,3512.6365,0.29,0.0,37.22,27.552992,2026-09-06 09:37:00+00:00
2026-09-06 08:38:00+00:00,65.4,14.981123,67.93,17.598093,3563.55,3493.5276,0.0,0.0,20.68,27.611618,2026-09-06 09:38:00+00:00
2026-09-06 08:39:00+00:00,60.45,15.041902,66.46,17.620861,3438.89,3461.7463,0.0,0.0,33.75,28.16163,2026-09-06 09:39:00+00:00
2026-09-06 08:40:00+00:00,61.73,15.80583,71.63,17.825832,3580.37,3508.1077,0.74,0.0,20.17,28.107445,2026-09-06 09:40:00+00:00
2026-09-06 08:41:00+00:00,61.38,15.21598,68.08,17.804518,3345.6,3502.078,1.17,0.009779331,38.08,28.40672,2026-09-06 09:41:00+00:00
2026-09-06 08:42:00+00:00,58.71,15.290583,62.5,17.294817,3235.31,3497.063,0.8,0.10856641,21.13,28.098507,2026-09-06 09:42:00+00:00
2026-09-06 08:43:00+00:00,53.79,15.428127,65.54,17.742323,3442.58,3476.516,0.0,0.0,37.2,28.41285,2026-09-06 09:43:00+00:00
2026-09-06 08:44:00+00:00,57.61,15.76776,65.44,17.617767,3628.41,3474.7546,0.82,0.15299305,34.37,26.829647,2026-09-06 09:44:00+00:00
2026-09-06 08:45:00+00:00,60.14,15.319773,63.13,17.285458,3796.64,3514.8735,0.0,0.0,37.1,28.456964,2026-09-06 09:45:00+00:00
2026-09-06 08:46:00+00:00,55.47,15.482422,59.5,17.607418,3559.19,3474.4272,0.83,0.0,20.65,28.723595,2026-09-06 09:46:00+00:00
2026-09-06 08:47:00+00:00,59.23,15.749393,69.06,17.85237,3749.48,3463.6135,0.0,0.0,19.74,27.783749,2026-09-06 09:47:00+00:00
2026-09-06 08:48:00+00:00,56.88,15.1105585,63.68,17.383125,3503.95,3504.994,0.0,0.021571986,33.57,27.562769,2026-09-06 09:48:00+00:00
2026-09-06 08:49:00+00:00,56.89,15.241277,64.43,17.659018,3604.14,3442.814,0.0,0.0,40.42,28.851706,2026-09-06 09:49:00+00:00
2026-09-06 08:50:00+00:00,60.25,15.2390785,63.94,17.379953,3515.06,3468.283,0.0,0.0,44.65,27.313147,2026-09-06 09:50:00+00:00
2026-09-06 08:51:00+00:00,61.68,15.143158,68.26,17.76587,3124.66,3502.3813,0.0,0.0,20.38,28.444386,2026-09-06 09:51:00+00:00
2026-09-06 08:52:00+00:00,60.26,15.291574,63.14,17.53462,3630.83,3473.8796,0.0,0.18388186,21.11,28.328115,2026-09-06 09:52:00+00:00
2026-09-06 08:53:00+00:00,59.68,15.1874895,67.5,16.885393,3502.7,3523.612,0.0,0.021796737,39.19,28.51001,2026-09-06 09:53:00+00:00
2026-09-06 08:54:00+00:00,50.23,15.192962,56.33,17.096533,3501.67,3447.8152,0.0,0.0,43.75,27.916544,2026-09-06 09:54:00+00:00
2026-09-06 08:55:00+00:00,56.56,15.13827,61.04,17.444897,3647.8,3496.5774,0.41,0.0,41.38,29.677189,2026-09-06 09:55:00+00:00
2026-09-06 08:56:00+00:00,53.93,14.893199,61.96,16.879356,3626.75,3470.944,0.0,0.0,40.17,29.15617,2026-09-06 09:56:00+00:00
2026-09-06 08:57:00+00:00,59.67,15.325161,62.5,17.262564,3416.87,3489.2976,0.0,0.0,20.95,29.096512,2026-09-06 09:57:00+00:00
2026-09-06 08:58:00+00:00,60.23,15.246854,64.64,17.481668,3525.91,3466.9858,0.62,0.0,40.66,30.067596,2026-09-06 09:58:00+00:00
2026-09-06 08:59:00+00:00,61.55,15.439695,64.81,17.741095,3590.51,3481.7915,0.0,0.0,20.99,29.280712,2026-09-06 09:59:00+00:00
2026-09-06 09:00:00+00:00,58.07,15.166854,69.74,17.729832,3588.48,3483.1816,0.0,0.0,19.96,32.3034,2026-09-06 10:00:00+00:00
2026-09-06 09:01:00+00:00,14.19,15.277899,14.0,17.703354,3666.66,3512.8406,0.0,0.0,20.89,29.490873,2026-09-06 10:01:00+00:00
2026-09-06 09:02:00+00:00,13.01,15.031829,16.97,16.416563,3545.08,3477.359,0.0,0.0,40.89,31.220778,2026-09-06 10:02:00+00:00
2026-09-06 09:03:00+00:00,15.84,15.135929,25.57,16.987286,3339.38,3459.2744,0.0,0.0,37.1,30.78985,2026-09-06 10:03:00+00:00
2026-09-06 09:04:00+00:00,17.18,15.461535,22.45,17.76843,3493.44,3486.0417,0.0,0.0,46.35,30.947527,2026-09-06 10:04:00+00:00
2026-09-06 09:05:00+00:00,9.25,15.474042,14.02,17.825317,3632.8,3503.0408,0.84,0.0,20.19,30.735678,2026-09-06 10:05:00+00:00
2026-09-06 09:06:00+00:00,16.55,15.278561,14.4,17.405916,3664.68,3460.0532,0.0,0.0,37.47,32.12475,2026-09-06 10:06:00+00:00
2026-09-06 09:07:00+00:00,11.45,15.331147,12.54,17.563602,3526.49,3478.3662,0.07,0.0,37.22,33.30381,2026-09-06 10:07:00+00:00
2026-09-06 09:08:00+00:00,14.63,15.35315,15.12,17.4951,3514.53,3451.8098,0.74,0.0,40.73,32.043278,2026-09-06 10:08:00+00:00
2026-09-06 09:09:00+00:00,11.58,15.1728945,19.0,17.872889,3181.21,3466.455,0.0,0.0,19.87,31.951254,2026-09-06 10:09:00+00:00
2026-09-06 09:10:00+00:00,13.54,15.276726,21.93,17.901606,3679.34,3491.188,0.0,0.0,20.95,33.144196,2026-09-06 10:10:00+00:00
2026-09-06 09:11:00+00:00,10.21,15.387088,13.49,17.43682,3432.18,3435.1394,0.0,0.054402612,20.03,31.393291,2026-09-06 10:11:00+00:00
2026-09-06 09:12:00+00:00,15.97,15.322421,22.62,17.556211,3646.23,3460.199,0.0,0.0,21.01,32.801704,2026-09-06 10:12:00+00:00
2026-09-06 09:13:00+00:00,15.32,15.596137,15.1,18.009916,3620.52,3407.9783,0.0,0.15483342,44.24,32.42931,2026-09-06 10:13:00+00:00
2026-09-06 09:14:00+00:00,12.35,15.1345,24.69,17.546968,3462.94,3475.266,0.0,0.13911463,20.21,31.761694,2026-09-06 10:14:00+00:00
2026-09-06 09:15:00+00:00,12.84,15.307193,12.26,18.269943,3492.93,3422.9377,0.0,0.119537465,20.56,32.976597,2026-09-06 10:15:00+00:00
2026-09-06 09:16:00+00:00,15.89,15.324428,23.4,17.575293,3325.94,3431.6284,0.21,0.0,42.98,33.83172,2026-09-06 10:16:00+00:00
2026-09-06 09:17:00+00:00,15.52,15.686155,13.43,17.683512,3337.33,3452.0713,0.79,0.19341509,21.11,33.457478,2026-09-06 10:17:00+00:00
2026-09-06 09:18:00+00:00,15.05,15.207416,11.46,18.030653,3492.19,3483.9058,0.0,0.0,20.64,32.219994,2026-09-06 10:18:00+00:00
2026-09-06 09:19:00+00:00,12.83,15.379385,13.83,17.858091,3382.31,3447.9517,0.74,2.447686,20.68,33.67558,2026-09-06 10:19:00+00:00
2026-09-06 09:20:00+00:00,17.09,15.585585,17.96,17.588829,3494.1,3445.827,0.0,0.0,19.75,34.5587,2026-09-06 10:20:00+00:00
2026-09-06 09:21:00+00:00,20.74,15.322553,20.66,17.394503,3512.33,3443.1921,0.0,0.0,38.75,32.2948,2026-09-06 10:21:00+00:00
2026-09-06 09:22:00+00:00,12.16,15.255217,14.98,17.82923,3905.22,3457.3147,0.0,0.0,20.23,31.787743,2026-09-06 10:22:00+00:00
2026-09-06 09:23:00+00:00,13.34,15.300979,13.5,18.100418,3428.3,3451.9902,0.0,0.0,20.08,33.85892,2026-09-06 10:23:00+00:00
2026-09-06 09:24:00+00:00,15.86,15.296895,21.02,17.40046,3640.75,3469.7231,0.0,0.0,20.45,32.40147,2026-09-06 10:24:00+00:00
2026-09-06 09:25:00+00:00,16.73,15.280236,19.93,17.626123,3468.16,3455.481,0.0,0.0,20.27,31.985352,2026-09-06 10:25:00+00:00
2026-09-06 09:26:00+00:00,14.78,14.796934,21.96,18.332176,3498.14,4116.5913,0.0,0.0,47.91,35.989483,2026-09-06 10:26:00+00:00
2026-09-06 09:27:00+00:00,19.7,14.468726,20.02,17.883924,3518.95,4064.0059,0.0,0.0,20.97,35.968773,2026-09-06 10:27:00+00:00
2026-09-06 09:28:00+00:00,12.88,14.498488,12.17,17.983881,3343.08,4065.8667,0.92,0.0,20.81,34.76821,2026-09-06 10:28:00+00:00
2026-09-06 09:29:00+00:00,14.55,14.962399,17.2,18.312185,3524.27,4132.781,0.0,0.0,20.95,34.761288,2026-09-06 10:29:00+00:00
2026-09-06 09:30:00+00:00,14.74,14.576612,16.56,17.437227,3551.1,3075.7593,0.0,0.0,20.63,37.645596,2026-09-06 10:30:00+00:00
2026-09-06 09:31:00+00:00,16.52,14.876256,17.46,18.69047,3821.62,3194.5178,0.0,0.0,51.98,33.008335,2026-09-06 10:31:00+00:00
2026-09-06 09:32:00+00:00,19.72,14.925095,23.52,19.098408,3547.22,3071.847,0.0,0.0,52.78,38.687435,2026-09-06 10:32:00+00:00
2026-09-06 09:33:00+00:00,16.39,14.375539,14.54,17.274817,3700.75,3211.231,0.0,0.0,21.13,34.284134,2026-09-06 10:33:00+00:00
2026-09-06 09:34:00+00:00,16.23,14.518241,17.88,18.01194,3392.41,3165.549,0.0,0.0,43.5,42.147533,2026-09-06 10:34:00+00:00
2026-09-06 09:35:00+00:00,10.43,15.872124,12.94,18.554525,3536.59,3416.3416,0.62,0.0,45.45,38.294632,2026-09-06 10:35:00+00:00
2026-09-06 09:36:00+00:00,12.74,14.908115,13.73,18.374498,3491.28,3383.3452,0.66,0.0,19.71,31.99495,2026-09-06 10:36:00+00:00
2026-09-06 09:37:00+00:00,15.87,15.27906,15.34,17.964628,3362.17,3366.41,0.0,0.0,51.41,32.43872,2026-09-06 10:37:00+00:00
2026-09-06 09:38:00+00:00,16.75,14.995519,16.02,17.559841,3249.36,3401.2698,0.0,0.0,20.61,34.181072,2026-09-06 10:38:00+00:00
2026-09-06 09:39:00+00:00,13.79,15.041704,17.49,18.275476,3639.88,3423.8088,0.0,0.0,46.23,33.78554,2026-09-06 10:39:00+00:00
2026-09-06 09:40:00+00:00,15.77,15.094694,18.86,18.752922,3312.89,3410.988,0.0,2.5220563,51.67,34.669796,2026-09-06 10:40:00+00:00
2026-09-06 09:41:00+00:00,16.24,14.365465,20.33,18.08207,3487.93,3319.7776,0.61,0.0,49.1,36.075058,2026-09-06 10:41:00+00:00
2026-09-06 09:42:00+00:00,13.81,15.0534725,14.82,18.192865,3560.55,3321.9197,0.34,0.0,55.77,32.619316,2026-09-06 10:42:00+00:00
2026-09-06 09:43:00+00:00,14.65,14.585409,14.55,17.641434,3664.3,3323.97,0.0,0.0,19.82,33.505062,2026-09-06 10:43:00+00:00
2026-09-06 09:44:00+00:00,18.16,17.25023,21.78,18.943077,3530.48,3431.9497,0.0,0.0,48.48,32.86796,2026-09-06 10:44:00+00:00
2026-09-06 09:45:00+00:00,16.78,16.31358,16.28,18.321466,3344.42,3483.1077,0.0,0.0,58.26,34.699936,2026-09-06 10:45:00+00:00
2026-09-06 09:46:00+00:00,12.67,17.92021,16.67,19.844746,3485.49,3446.384,0.0,0.0,58.17,35.668816,2026-09-06 10:46:00+00:00
2026-09-06 09:47:00+00:00,17.6,16.98172,16.56,18.06955,3677.44,3427.2112,0.0,0.0,19.72,39.776356,2026-09-06 10:47:00+00:00
2026-09-06 09:48:00+00:00,15.06,17.340477,16.22,17.91424,3536.04,3468.2405,0.96,0.0,55.48,32.31701,2026-09-06 10:48:00+00:00
2026-09-06 09:49:00+00:00,15.65,16.50696,16.3,17.798666,3324.49,3380.137,0.0,1.2855011,20.95,35.112194,2026-09-06 10:49:00+00:00
2026-09-06 09:50:00+00:00,13.46,16.898092,11.59,17.297718,3188.86,3461.9597,0.0,0.0,20.36,36.94581,2026-09-06 10:50:00+00:00
2026-09-06 09:51:00+00:00,9.52,16.60463,7.5,17.866484,3532.39,3327.7505,0.0,0.11500146,20.63,39.393894,2026-09-06 10:51:00+00:00
2026-09-06 09:52:00+00:00,16.18,16.830122,17.21,18.111015,3485.07,3431.6184,0.0,0.0,46.21,34.755272,2026-09-06 10:52:00+00:00
2026-09-06 09:53:00+00:00,14.6,16.859854,18.25,17.799908,3321.71,3459.4531,0.0,0.0,54.7,33.392418,2026-09-06 10:53:00+00:00
2026-09-06 09:54:00+00:00,14.75,16.894732,15.12,18.82887,3282.87,3442.6401,0.0,0.0,61.34,36.625072,2026-09-06 10:54:00+00:00
2026-09-06 09:55:00+00:00,11.81,17.971348,19.22,19.289757,3605.62,3443.042,1.46,3.08507,60.94,32.747597,2026-09-06 10:55:00+00:00
2026-09-06 09:56:00+00:00,20.12,16.35008,22.52,18.237701,3527.23,3514.8423,0.0,3.6569252,49.49,34.453777,2026-09-06 10:56:00+00:00
2026-09-06 09:57:00+00:00,21.96,16.825678,24.12,18.226149,3257.01,3419.276,0.0,0.0,54.72,35.5414,2026-09-06 10:57:00+00:00
2026-09-06 09:58:00+00:00,16.02,18.031155,20.52,19.060795,3277.9,3483.968,0.0,3.8360496,48.86,32.28299,2026-09-06 10:58:00+00:00
2026-09-06 09:59:00+00:00,21.29,17.765308,22.04,18.127289,3569.61,3452.338,0.0,1.6222414,50.94,39.0967,2026-09-06 10:59:00+00:00
2026-09-06 10:00:00+00:00,22.51,18.061827,27.56,17.866638,3565.15,3294.6003,0.0,0.02050167,59.88,37.039276,2026-09-06 11:00:00+00:00
2026-09-06 10:01:00+00:00,17.9,18.018581,19.81,18.401716,3296.75,3288.3914,0.12,0.0,20.17,35.138668,2026-09-06 11:01:00+00:00
2026-09-06 10:02:00+00:00,13.9,17.492361,20.84,17.647627,3204.02,3331.7988,0.3,0.0,19.72,42.63476,2026-09-06 11:02:00+00:00
2026-09-06 10:03:00+00:00,14.35,17.492403,15.0,18.320375,3272.37,3281.5361,0.0,0.0,55.39,34.81413,2026-09-06 11:03:00+00:00
2026-09-06 10:04:00+00:00,20.68,15.2726,21.66,17.865107,3313.45,3289.3677,0.0,0.0,56.16,32.585724,2026-09-06 11:04:00+00:00
2026-09-06 10:05:00+00:00,17.29,17.04965,21.37,17.92474,3414.36,3288.6555,0.47,0.0,21.06,43.954113,2026-09-06 11:05:00+00:00
2026-09-06 10:06:00+00:00,14.34,17.281124,16.77,18.574501,3076.29,3308.2126,0.0,0.0,57.96,35.471024,2026-09-06 11:06:00+00:00
2026-09-06 10:07:00+00:00,15.7,15.436155,16.42,17.384132,3394.0,3337.993,0.0,0.0,20.93,36.334724,2026-09-06 11:07:00+00:00
2026-09-06 10:08:00+00:00,10.66,16.92993,18.15,17.732153,3425.14,3283.8,0.0,0.0,55.67,42.35624,2026-09-06 11:08:00+00:00
2026-09-06 10:09:00+00:00,17.68,14.897052,26.39,17.143135,3172.95,3293.642,0.0,2.2839997,53.23,40.285492,2026-09-06 11:09:00+00:00
2026-09-06 10:10:00+00:00,13.9,15.60147,15.83,17.319965,3521.65,3359.7092,0.0,1.6933886,20.92,33.67385,2026-09-06 11:10:00+00:00
2026-09-06 10:11:00+00:00,17.07,16.045052,20.93,17.767002,2953.07,3315.8684,0.0,0.42422754,20.18,41.818142,2026-09-06 11:11:00+00:00
2026-09-06 10:12:00+00:00,17.99,14.7234745,27.73,17.246609,3351.46,3333.92,0.0,1.1456426,20.81,30.786407,2026-09-06 11:12:00+00:00
2026-09-06 10:13:00+00:00,15.37,14.584014,19.33,18.420933,3178.66,3305.258,0.0,1.7178677,20.93,35.589607,2026-09-06 11:13:00+00:00
2026-09-06 10:14:00+00:00,19.5,16.210482,21.44,16.775333,3083.49,3343.62,0.0,1.0017889,61.91,38.257343,2026-09-06 11:14:00+00:00
2026-09-06 10:15:00+00:00,15.37,15.406976,21.22,17.84306,3350.62,3312.5623,0.0,0.9814062,20.26,40.065807,2026-09-06 11:15:00+00:00
2026-09-06 10:16:00+00:00,18.69,15.51007,18.5,17.254532,3340.49,3262.5369,0.0,0.0,20.83,37.177387,2026-09-06 11:16:00+00:00
2026-09-06 10:17:00+00:00,12.37,14.935516,21.63,17.536615,3491.3,3360.8647,0.0,0.0,19.82,36.925674,2026-09-06 11:17:00+00:00
2026-09-06 10:18:00+00:00,16.1,15.200001,25.1,17.477936,3169.5,3273.209,0.0,0.0,20.91,36.20102,2026-09-06 11:18:00+00:00
2026-09-06 10:19:00+00:00,16.88,15.414539,22.31,18.50136,2998.13,3298.95,0.0,0.0,20.64,40.71424,2026-09-06 11:19:00+00:00
2026-09-06 10:20:00+00:00,14.59,15.059525,16.22,17.843714,3285.91,3296.7778,0.0,0.23675841,53.41,38.75504,2026-09-06 11:20:00+00:00
2026-09-06 10:21:00+00:00,10.95,15.360153,14.75,17.834139,3110.09,3293.8765,0.55,0.0,62.38,34.851128,2026-09-06 11:21:00+00:00
2026-09-06 10:22:00+00:00,12.61,15.6417675,16.22,18.514252,3387.02,3304.788,0.35,0.95390844,57.6,37.564636,2026-09-06 11:22:00+00:00
2026-09-06 10:23:00+00:00,15.22,14.474729,19.53,18.00576,3228.42,3313.8604,0.0,0.0,67.72,37.413864,2026-09-06 11:23:00+00:00
2026-09-06 10:24:00+00:00,16.86,15.340404,23.1,17.708717,3343.29,3259.7651,0.0,0.0,62.94,34.371128,2026-09-06 11:24:00+00:00
2026-09-06 10:25:00+00:00,13.08,15.12173,15.16,17.830008,3040.84,3340.0295,0.0,0.0,20.45,42.82663,2026-09-06 11:25:00+00:00
2026-09-06 10:26:00+00:00,14.01,15.275853,13.52,17.221659,2973.36,3246.6934,0.0,0.0,19.65,36.380745,2026-09-06 11:26:00+00:00
2026-09-06 10:27:00+00:00,14.54,14.369623,16.46,17.352507,3092.2,3292.2754,0.0,0.0,57.0,35.26683,2026-09-06 11:27:00+00:00
2026-09-06 10:28:00+00:00,15.47,16.092106,19.54,17.83676,3257.42,3277.4355,0.0,0.0,56.17,39.1336,2026-09-06 11:28:00+00:00
2026-09-06 10:29:00+00:00,14.61,15.78073,20.59,17.514025,3421.46,3279.4465,0.0,0.0,20.5,35.696438,2026-09-06 11:29:00+00:00
2026-09-06 10:30:00+00:00,12.07,15.034748,19.53,17.51118,3218.75,3259.374,0.34,0.0,20.27,38.104496,2026-09-06 11:30:00+00:00
2026-09-06 10:31:00+00:00,18.34,15.516628,21.79,17.32004,2967.3,3237.142,0.0,0.0,55.18,39.083424,2026-09-06 11:31:00+00:00
2026-09-06 10:32:00+00:00,14.11,15.55805,19.19,18.090494,2885.12,3209.3997,0.0,0.0,50.4,31.34733,2026-09-06 11:32:00+00:00
2026-09-06 10:33:00+00:00,12.13,15.357375,12.71,17.898508,3007.21,3208.7961,0.0,0.0,60.42,38.952618,2026-09-06 11:33:00+00:00
2026-09-06 10:34:00+00:00,14.76,15.542915,17.46,18.056011,3439.02,3221.2278,0.0,0.0,21.11,37.68066,2026-09-06 11:34:00+00:00
2026-09-06 10:35:00+00:00,12.39,15.276745,14.15,18.182814,3150.34,3230.358,1.6,0.0,65.52,34.729233,2026-09-06 11:35:00+00:00
2026-09-06 10:36:00+00:00,15.64,15.510417,19.01,17.401257,3150.75,3201.6072,0.23,0.0,20.58,38.987343,2026-09-06 11:36:00+00:00
2026-09-06 10:37:00+00:00,12.95,15.687249,16.47,18.302359,3309.83,3141.6765,0.01,3.9125404,66.3,36.83886,2026-09-06 11:37:00+00:00
2026-09-06 10:38:00+00:00,13.3,15.725826,19.66,18.072147,3026.93,3174.797,0.0,3.8039513,20.06,40.26779,2026-09-06 11:38:00+00:00
2026-09-06 10:39:00+00:00,12.7,15.803717,15.13,17.918795,3188.86,3101.332,0.0,2.9620767,54.65,39.78476,2026-09-06 11:39:00+00:00
2026-09-06 10:40:00+00:00,14.43,15.337438,14.7,17.813465,3109.9,3123.43,0.0,3.7083054,72.85,40.61255,2026-09-06 11:40:00+00:00
2026-09-06 10:41:00+00:00,15.51,15.052512,16.22,16.845232,3138.37,3098.615,0.0,3.8366952,67.43,35.641575,2026-09-06 11:41:00+00:00
2026-09-06 10:42:00+00:00,16.49,15.364529,19.79,16.87999,3299.44,3051.4968,0.0,3.150271,19.72,36.02759,2026-09-06 11:42:00+00:00
2026-09-06 10:43:00+00:00,13.67,16.064894,25.72,18.340511,3278.98,3080.364,0.0,3.4866962,20.36,39.665405,2026-09-06 11:43:00+00:00
2026-09-06 10:44:00+00:00,14.73,15.955134,19.56,17.225313,3219.3,3091.108,0.0,3.996085,56.55,36.366444,2026-09-06 11:44:00+00:00
2026-09-06 10:45:00+00:00,17.3,15.7113495,19.09,17.63086,3224.42,3043.9485,0.9,3.2094061,54.37,41.261223,2026-09-06 11:45:00+00:00
2026-09-06 10:46:00+00:00,15.04,15.54598,18.0,17.186079,2983.15,3046.3108,0.2,1.4882011,19.73,43.549843,2026-09-06 11:46:00+00:00
2026-09-06 10:47:00+00:00,14.29,15.830723,13.96,17.208834,3246.46,2980.5354,0.0,1.5023854,53.95,40.66072,2026-09-06 11:47:00+00:00
2026-09-06 10:48:00+00:00,15.45,15.677548,17.73,18.415674,3301.46,2934.559,0.0,1.3789731,20.37,37.966633,2026-09-06 11:48:00+00:00
2026-09-06 10:49:00+00:00,19.23,15.752439,21.31,17.589771,3093.32,3011.7603,0.02,1.276315,19.63,39.301605,2026-09-06 11:49:00+00:00
2026-09-06 10:50:00+00:00,11.96,15.370409,13.76,17.345913,3318.36,2998.5757,0.0,2.5414293,21.12,40.840714,2026-09-06 11:50:00+00:00
2026-09-06 10:51:00+00:00,12.57,15.387875,12.53,17.777258,3380.39,2941.1394,0.54,3.4037335,53.34,36.33124,2026-09-06 11:51:00+00:00
2026-09-06 10:52:00+00:00,12.89,16.180525,17.96,17.70869,2940.12,3029.7778,0.18,2.928105,54.24,37.910892,2026-09-06 11:52:00+00:00
2026-09-06 10:53:00+00:00,18.33,15.310589,19.51,17.681728,3136.3,3024.9104,0.0,2.8785746,60.38,42.169502,2026-09-06 11:53:00+00:00
2026-09-06 10:54:00+00:00,10.37,15.234741,9.2,16.993267,3100.05,2999.957,0.0,2.5987613,19.85,40.97377,2026-09-06 11:54:00+00:00
2026-09-06 10:55:00+00:00,9.3,15.6127405,13.9,17.637987,3043.77,2950.7502,0.0,0.0,19.74,30.469292,2026-09-06 11:55:00+00:00
2026-09-06 10:56:00+00:00,14.12,15.482735,11.59,17.67616,3129.44,2960.3572,0.0,1.5556422,59.72,35.959812,2026-09-06 11:56:00+00:00
2026-09-06 10:57:00+00:00,14.46,16.46926,13.37,19.364182,3209.31,2971.741,0.0,0.15682131,72.49,38.510273,2026-09-06 11:57:00+00:00
2026-09-06 10:58:00+00:00,12.48,14.970252,12.28,17.219374,3253.56,3043.8176,0.0,1.6088052,20.23,33.23742,2026-09-06 11:58:00+00:00
2026-09-06 10:59:00+00:00,12.3,15.54777,10.21,18.057383,2961.57,3054.11,0.0,0.0,74.13,42.51559,2026-09-06 11:59:00+00:00
2026-09-06 11:00:00+00:00,23.07,14.83555,27.28,18.23517,2879.63,3100.6145,0.0,0.0,70.17,43.441364,2026-09-06 12:00:00+00:00
2026-09-06 11:01:00+00:00,15.25,15.500832,18.32,19.174295,2989.2,3049.7026,0.0,0.0,20.99,48.558388,2026-09-06 12:01:00+00:00
2026-09-06 11:02:00+00:00,14.05,15.298026,19.44,17.893913,2959.6,2987.8345,0.37,0.0,19.87,43.424953,2026-09-06 12:02:00+00:00
2026-09-06 11:03:00+00:00,15.97,14.934199,17.18,17.599651,3151.21,3070.8652,0.0,0.0,63.68,36.074394,2026-09-06 12:03:00+00:00
2026-09-06 11:04:00+00:00,13.82,15.132187,11.39,17.330967,2980.38,3022.314,0.0,0.0,19.86,44.435516,2026-09-06 12:04:00+00:00
2026-09-06 11:05:00+00:00,12.58,15.580244,12.22,18.99725,3172.35,3105.009,0.0,0.09384298,64.37,38.003307,2026-09-06 12:05:00+00:00
2026-09-06 11:06:00+00:00,13.51,15.250547,20.24,17.485659,3123.7,3056.9487,0.0,0.0,78.8,39.979614,2026-09-06 12:06:00+00:00
2026-09-06 11:07:00+00:00,15.02,14.852388,14.54,16.961523,3004.14,3019.699,1.05,0.0,20.58,40.911987,2026-09-06 12:07:00+00:00
2026-09-06 11:08:00+00:00,13.63,14.876904,16.37,17.2991,2905.19,3048.093,0.0,0.0,78.12,37.58746,2026-09-06 12:08:00+00:00
2026-09-06 11:09:00+00:00,16.79,15.114003,26.55,17.140694,2817.17,2993.0725,0.0,0.0,59.2,36.810017,2026-09-06 12:09:00+00:00
2026-09-06 11:10:00+00:00,17.54,14.68589,21.75,17.295895,3000.98,3029.608,0.0,0.0,20.37,41.08305,2026-09-06 12:10:00+00:00
2026-09-06 11:11:00+00:00,14.6,15.573255,13.96,18.344948,2786.71,2973.9727,1.06,0.0,20.67,46.981358,2026-09-06 12:11:00+00:00
2026-09-06 11:12:00+00:00,16.47,15.3611355,16.47,17.128027,3138.18,3001.1272,0.0,0.0,57.95,42.646767,2026-09-06 12:12:00+00:00
2026-09-06 11:13:00+00:00,16.88,15.503845,18.46,17.532736,2830.87,3001.6055,0.0,0.0,76.62,44.072895,2026-09-06 12:13:00+00:00
2026-09-06 11:14:00+00:00,19.65,15.786112,22.38,18.159893,2993.08,2917.4475,0.0,0.0,20.96,41.85674,2026-09-06 12:14:00+00:00
2026-09-06 11:15:00+00:00,15.23,15.358909,17.03,17.895042,3227.4,3000.1511,0.22,0.0,21.0,48.226677,2026-09-06 12:15:00+00:00
2026-09-06 11:16:00+00:00,13.76,15.78907,16.85,18.154741,2966.79,2962.3162,0.49,4.3841977,20.33,40.878555,2026-09-06 12:16:00+00:00
2026-09-06 11:17:00+00:00,13.2,15.624087,18.28,18.15071,2882.04,2962.6868,0.0,5.769962,19.75,45.431873,2026-09-06 12:17:00+00:00
2026-09-06 11:18:00+00:00,17.11,15.277775,22.65,16.624626,2884.43,2957.0088,0.0,4.1096897,19.75,48.736187,2026-09-06 12:18:00+00:00
2026-09-06 11:19:00+00:00,16.65,15.537814,17.32,17.698668,3005.99,2971.9316,0.0,2.23682,19.72,42.806454,2026-09-06 12:19:00+00:00
2026-09-06 11:20:00+00:00,12.0,15.51544,12.61,17.881666,2799.98,2949.2798,0.0,2.9444172,21.05,46.650215,2026-09-06 12:20:00+00:00
2026-09-06 11:21:00+00:00,16.27,15.333393,17.7,17.790874,2944.32,2970.9255,0.24,0.0,68.12,49.515625,2026-09-06 12:21:00+00:00
2026-09-06 11:22:00+00:00,16.35,15.462095,21.39,17.710667,3160.33,3004.0469,0.03,0.0,20.15,44.155666,2026-09-06 12:22:00+00:00
2026-09-06 11:23:00+00:00,14.51,15.14109,13.02,17.513445,2997.44,2935.121,0.0,0.0,56.69,42.246235,2026-09-06 12:23:00+00:00
2026-09-06 11:24:00+00:00,13.2,15.484012,21.03,17.215828,2852.01,2984.7095,0.0,0.0,19.74,46.792805,2026-09-06 12:24:00+00:00
2026-09-06 11:25:00+00:00,16.47,15.256513,17.04,17.664324,2693.34,3033.4226,0.63,0.5451737,20.26,50.89681,2026-09-06 12:25:00+00:00
2026-09-06 11:26:00+00:00,18.12,15.5753975,18.54,18.199465,2738.43,2920.889,1.42,0.0,82.11,44.91896,2026-09-06 12:26:00+00:00
2026-09-06 11:27:00+00:00,15.33,15.729981,17.06,18.002768,3178.57,2925.453,1.1,0.0,19.94,46.826164,2026-09-06 12:27:00+00:00
2026-09-06 11:28:00+00:00,16.78,15.533009,18.97,17.773993,2712.5,2946.421,0.0,0.0,21.09,40.11106,2026-09-06 12:28:00+00:00
2026-09-06 11:29:00+00:00,20.68,16.355555,20.35,18.630575,2841.21,2973.7815,0.3,0.0,19.85,44.182762,2026-09-06 12:29:00+00:00
2026-09-06 11:30:00+00:00,14.04,15.449132,12.14,17.258354,2928.37,2965.046,0.0,0.0,20.43,48.807903,2026-09-06 12:30:00+00:00
2026-09-06 11:31:00+00:00,16.75,15.458042,21.41,17.139101,3059.14,2977.131,0.66,0.0,19.98,45.301395,2026-09-06 12:31:00+00:00
2026-09-06 11:32:00+00:00,14.79,15.441128,14.59,17.436218,2799.5,2995.7883,0.0,0.0,20.81,44.03215,2026-09-06 12:32:00+00:00
2026-09-06 11:33:00+00:00,13.07,15.338055,15.02,17.716324,2820.9,2946.9937,1.21,0.0,21.1,51.826435,2026-09-06 12:33:00+00:00
2026-09-06 11:34:00+00:00,14.98,15.346078,17.4,17.101196,2875.27,2921.449,0.0,0.0,67.63,41.817284,2026-09-06 12:34:00+00:00
2026-09-06 11:35:00+00:00,18.96,15.283354,17.58,16.858727,2880.16,2832.2283,0.0,0.53262854,71.04,42.331577,2026-09-06 12:35:00+00:00
2026-09-06 11:36:00+00:00,14.2,15.348752,14.13,17.658916,2763.58,2880.9265,0.0,0.0,55.65,44.85789,2026-09-06 12:36:00+00:00
2026-09-06 11:37:00+00:00,16.43,15.223119,20.57,17.179157,2652.07,2896.4385,0.0,0.0,80.97,40.107887,2026-09-06 12:37:00+00:00
2026-09-06 11:38:00+00:00,13.12,15.37364,15.76,17.489977,2856.7,2896.7917,0.0,0.0,72.47,46.898624,2026-09-06 12:38:00+00:00
2026-09-06 11:39:00+00:00,16.97,14.827639,19.6,17.308474,3015.03,2857.7322,0.0,0.0,65.04,45.6308,2026-09-06 12:39:00+00:00
2026-09-06 11:40:00+00:00,14.67,15.376264,15.88,17.564152,2885.83,2862.8438,0.15,0.0,19.93,43.317604,2026-09-06 12:40:00+00:00
2026-09-06 11:41:00+00:00,16.25,15.446174,18.45,17.925577,3005.93,2827.3633,0.0,0.0,20.58,43.699825,2026-09-06 12:41:00+00:00
2026-09-06 11:42:00+00:00,17.03,15.0437,22.24,17.394037,3180.13,2836.2285,0.0,0.0,20.87,44.93984,2026-09-06 12:42:00+00:00
2026-09-06 11:43:00+00:00,15.0,15.265866,12.34,17.68647,3033.04,2866.265,0.34,0.0,21.06,43.930832,2026-09-06 12:43:00+00:00
2026-09-06 11:44:00+00:00,14.68,16.03913,19.49,18.890432,2978.81,2891.6902,0.0,0.0,82.06,46.65325,2026-09-06 12:44:00+00:00
2026-09-06 11:45:00+00:00,13.66,15.656334,13.34,17.304625,2659.17,2938.8945,0.16,1.2631643,20.36,42.016773,2026-09-06 12:45:00+00:00
2026-09-06 11:46:00+00:00,14.69,16.078484,12.88,18.751583,2695.5,2870.201,0.02,0.0,20.49,47.756058,2026-09-06 12:46:00+00:00
2026-09-06 11:47:00+00:00,17.03,15.629504,16.48,17.670527,2944.82,2866.9397,0.01,0.0,20.57,43.95773,2026-09-06 12:47:00+00:00
2026-09-06 11:48:00+00:00,11.75,16.227495,10.6,19.029957,2595.64,2845.3325,0.43,0.0,20.73,48.22425,2026-09-06 12:48:00+00:00
2026-09-06 11:49:00+00:00,18.12,15.310936,24.22,18.366608,2831.14,2862.6262,0.0,0.0,73.72,39.284554,2026-09-06 12:49:00+00:00
2026-09-06 11:50:00+00:00,11.21,16.375256,11.49,18.024487,2773.36,2881.1858,0.0,0.0,19.98,40.272976,2026-09-06 12:50:00+00:00
2026-09-06 11:51:00+00:00,14.17,15.056848,15.11,17.203539,2667.48,2887.8625,0.49,0.0,75.05,44.82323,2026-09-06 12:51:00+00:00
2026-09-06 11:52:00+00:00,15.74,15.002811,18.03,17.452518,3147.31,2916.7488,0.0,0.0,19.99,45.13052,2026-09-06 12:52:00+00:00
2026-09-06 11:53:00+00:00,17.04,15.2820635,20.0,17.192041,2904.03,2875.7297,1.08,0.0,20.89,38.836884,2026-09-06 12:53:00+00:00
2026-09-06 11:54:00+00:00,15.52,15.7145815,20.93,17.228037,2960.13,2809.2375,0.0,0.0,20.21,41.48637,2026-09-06 12:54:00+00:00
2026-09-06 11:55:00+00:00,13.49,15.389246,16.31,17.510101,2713.06,2810.4268,0.0,0.0,20.7,46.174084,2026-09-06 12:55:00+00:00
2026-09-06 11:56:00+00:00,16.07,15.379555,16.26,18.19154,2685.89,2760.2305,0.0,0.0,74.84,43.175827,2026-09-06 12:56:00+00:00
2026-09-06 11:57:00+00:00,14.3,15.391835,16.15,17.812937,2986.07,2811.5232,1.83,0.0,67.0,38.75829,2026-09-06 12:57:00+00:00
2026-09-06 11:58:00+00:00,13.46,16.134325,16.97,17.941954,2500.33,2806.6958,0.0,0.0,19.99,41.91053,2026-09-06 12:58:00+00:00
2026-09-06 11:59:00+00:00,12.48,16.04774,14.82,17.791637,2899.36,2749.8884,0.0,0.19056916,21.07,42.557484,2026-09-06 12:59:00+00:00
2026-09-06 12:00:00+00:00,12.55,15.807406,15.92,18.006433,3008.88,2880.6658,0.0,0.0,87.15,49.027378,2026-09-06 13:00:00+00:00
2026-09-06 12:01:00+00:00,12.57,15.387378,13.56,16.984507,2928.17,2886.8953,0.0,0.0,20.93,41.314896,2026-09-06 13:01:00+00:00
2026-09-06 12:02:00+00:00,16.33,15.724595,19.56,17.648447,3187.13,2882.8965,0.62,0.0,20.56,41.500225,2026-09-06 13:02:00+00:00
2026-09-06 12:03:00+00:00,12.32,15.126837,13.67,17.437235,2781.24,2842.9834,0.0,0.0,20.94,41.629135,2026-09-06 13:03:00+00:00
2026-09-06 12:04:00+00:00,18.13,15.897481,26.49,17.93113,2738.75,2885.6821,0.77,0.0,20.89,42.55065,2026-09-06 13:04:00+00:00
2026-09-06 12:05:00+00:00,16.35,15.757824,19.33,17.010809,2956.65,2825.8267,0.0,0.0,19.79,43.982716,2026-09-06 13:05:00+00:00
2026-09-06 12:06:00+00:00,12.5,15.552751,16.13,17.195126,2675.0,2806.0867,0.0,0.0,20.16,44.786743,2026-09-06 13:06:00+00:00
2026-09-06 12:07:00+00:00,13.25,15.497634,17.91,17.435307,2958.01,2812.4443,0.0,2.919308,79.17,52.588627,2026-09-06 13:07:00+00:00
2026-09-06 12:08:00+00:00,16.03,15.36977,15.76,17.202051,3176.73,2863.726,0.0,3.349634,19.65,44.352524,2026-09-06 13:08:00+00:00
2026-09-06 12:09:00+00:00,14.12,15.213151,16.07,16.771423,2832.77,2883.864,0.0,0.0,19.67,45.141376,2026-09-06 13:09:00+00:00
2026-09-06 12:10:00+00:00,14.66,14.900049,14.44,17.929308,2731.52,2839.6682,1.09,0.0,80.43,44.55923,2026-09-06 13:10:00+00:00
2026-09-06 12:11:00+00:00,13.72,15.759115,16.33,18.35916,3032.43,2848.105,0.38,0.0,65.33,45.961117,2026-09-06 13:11:00+00:00
2026-09-06 12:12:00+00:00,10.64,15.360385,10.6,17.799532,2770.68,2818.3867,0.3,0.0,82.91,39.680817,2026-09-06 13:12:00+00:00
2026-09-06 12:13:00+00:00,18.02,15.079927,24.68,17.336586,2829.96,2796.9534,0.0,0.0,87.91,44.93985,2026-09-06 13:13:00+00:00
2026-09-06 12:14:00+00:00,17.12,15.007746,18.03,17.395987,2623.35,2834.6196,0.34,0.0,20.56,49.013115,2026-09-06 13:14:00+00:00
2026-09-06 12:15:00+00:00,13.51,15.335657,19.96,17.637972,2867.56,2860.6187,0.0,1.2640303,19.66,45.667343,2026-09-06 13:15:00+00:00
2026-09-06 12:16:00+00:00,15.21,15.485788,20.14,17.551636,2810.87,2789.8555,0.0,4.150618,21.1,46.241264,2026-09-06 13:16:00+00:00
2026-09-06 12:17:00+00:00,15.09,15.595509,16.39,18.486902,2693.27,2804.546,0.72,4.2511783,20.46,41.640816,2026-09-06 13:17:00+00:00
2026-09-06 12:18:00+00:00,12.56,15.308919,13.89,16.722786,2790.49,2817.7834,1.27,1.4688964,83.69,39.48067,2026-09-06 13:18:00+00:00
2026-09-06 12:19:00+00:00,9.66,15.503199,11.17,17.487005,2863.3,2714.0347,0.54,0.30945805,21.02,40.467968,2026-09-06 13:19:00+00:00
2026-09-06 12:20:00+00:00,20.38,15.345114,20.78,17.966537,2897.74,2724.305,0.0,0.0,20.06,39.625523,2026-09-06 13:20:00+00:00
2026-09-06 12:21:00+00:00,14.29,15.132624,15.5,18.091772,2780.32,2762.2878,0.5,0.0,20.28,43.968945,2026-09-06 13:21:00+00:00
2026-09-06 12:22:00+00:00,12.34,15.0775795,13.45,17.119041,2700.06,2781.4697,0.0,0.0,59.9,44.55213,2026-09-06 13:22:00+00:00
2026-09-06 12:23:00+00:00,13.74,15.074825,13.51,17.166525,2720.84,2727.8435,0.58,0.0,20.14,43.81852,2026-09-06 13:23:00+00:00
2026-09-06 12:24:00+00:00,16.31,15.796704,14.9,17.380919,2622.25,2722.2932,0.0,0.0,67.09,44.209324,2026-09-06 13:24:00+00:00
2026-09-06 12:25:00+00:00,10.39,15.650157,17.38,18.418123,2746.82,2717.897,0.0,0.0,65.0,42.979443,2026-09-06 13:25:00+00:00
2026-09-06 12:26:00+00:00,16.77,15.064116,19.96,18.124989,2768.46,2730.4526,0.0,0.0,88.38,41.29434,2026-09-06 13:26:00+00:00
2026-09-06 12:27:00+00:00,12.21,15.482022,18.35,18.333168,2513.76,2746.7056,0.0,0.0,88.85,41.292706,2026-09-06 13:27:00+00:00
2026-09-06 12:28:00+00:00,14.77,15.817428,21.58,17.38453,2614.57,2769.4783,0.0,0.0,67.09,42.61892,2026-09-06 13:28:00+00:00
2026-09-06 12:29:00+00:00,21.65,15.823479,23.68,18.479782,2712.34,2693.2769,0.0,0.0,88.01,43.108532,2026-09-06 13:29:00+00:00
2026-09-06 12:30:00+00:00,18.66,15.265136,22.46,18.452463,2765.06,2757.108,0.0,0.7049625,20.79,41.09279,2026-09-06 13:30:00+00:00
2026-09-06 12:31:00+00:00,14.39,15.42434,12.17,17.785368,2800.24,2713.7832,0.0,0.0,80.08,41.245174,2026-09-06 13:31:00+00:00
2026-09-06 12:32:00+00:00,17.76,15.20783,18.63,17.541275,2825.22,2710.3132,0.0,0.0,21.09,39.320496,2026-09-06 13:32:00+00:00
2026-09-06 12:33:00+00:00,16.23,16.142288,15.42,17.867071,2572.16,2725.0122,0.54,0.0,20.67,41.227104,2026-09-06 13:33:00+00:00
2026-09-06 12:34:00+00:00,11.03,18.943666,12.44,18.0707,3025.03,2736.2107,0.0,0.0,72.6,38.943016,2026-09-06 13:34:00+00:00
2026-09-06 12:35:00+00:00,17.63,16.771051,18.17,18.179121,2667.18,2724.9146,0.0,0.0,59.5,42.260914,2026-09-06 13:35:00+00:00
2026-09-06 12:36:00+00:00,13.04,15.177464,11.08,16.242317,2785.93,2735.2788,0.0,0.0,82.86,41.485214,2026-09-06 13:36:00+00:00
2026-09-06 12:37:00+00:00,11.52,15.088667,18.15,16.791588,2793.71,2705.7617,0.0,1.170792,72.43,38.224358,2026-09-06 13:37:00+00:00
2026-09-06 12:38:00+00:00,11.42,15.285188,12.88,17.729342,2712.56,2746.99,0.55,1.2511976,71.81,40.94014,2026-09-06 13:38:00+00:00
2026-09-06 12:39:00+00:00,16.12,14.426708,21.85,16.862532,2649.23,2704.1104,1.01,0.9989222,19.94,37.7258,2026-09-06 13:39:00+00:00
2026-09-06 12:40:00+00:00,19.45,15.207781,24.19,17.636492,2753.92,2713.5771,0.11,0.0,58.44,41.25715,2026-09-06 13:40:00+00:00
2026-09-06 12:41:00+00:00,16.29,15.110296,22.04,17.743773,2631.15,2705.5903,0.0,0.0,20.04,41.0806,2026-09-06 13:41:00+00:00
2026-09-06 12:42:00+00:00,13.31,15.335642,16.69,17.363327,2922.92,2725.8635,0.76,0.0,20.18,43.58131,2026-09-06 13:42:00+00:00
2026-09-06 12:43:00+00:00,16.06,15.657953,18.32,18.059,2856.2,2779.321,0.0,0.0,20.57,39.248825,2026-09-06 13:43:00+00:00
2026-09-06 12:44:00+00:00,16.4,15.337721,18.93,17.758696,3049.4,2744.359,0.81,0.0,66.95,37.091267,2026-09-06 13:44:00+00:00
2026-09-06 12:45:00+00:00,19.65,15.352099,25.29,17.857445,2581.13,2681.6055,0.0,0.0,20.26,41.850872,2026-09-06 13:45:00+00:00
2026-09-06 12:46:00+00:00,15.32,15.535664,22.09,17.984137,2616.96,2725.1326,0.0,0.0,59.74,41.155792,2026-09-06 13:46:00+00:00
2026-09-06 12:47:00+00:00,14.47,15.490674,20.78,17.939457,2823.31,2731.9226,0.0,0.0,64.49,40.569176,2026-09-06 13:47:00+00:00
2026-09-06 12:48:00+00:00,16.02,15.314222,17.24,17.731947,2803.42,2697.079,0.0,0.46734965,20.95,44.250706,2026-09-06 13:48:00+00:00
2026-09-06 12:49:00+00:00,15.61,15.345879,17.04,17.540304,2717.81,2701.4248,0.47,0.0,19.65,38.863297,2026-09-06 13:49:00+00:00
