created_at,pm25_ugm3,pm10_ugm3,co_ugm3,no2_ugm3,o3_ugm3,temperature,humidity
2026-08-30T13:49:00+00:00,11.31,14.87,2682.45,0.42,20.61,38.99,48.4
2026-08-30T13:50:00+00:00,16.18,21.71,2673.63,0.0,73.92,36.95,52.98
2026-08-30T13:51:00+00:00,15.33,17.59,2818.74,0.0,21.04,37.3,52.37
2026-08-30T13:52:00+00:00,13.2,9.97,2548.78,0.43,21.05,38.5,49.88
2026-08-30T13:53:00+00:00,16.7,17.53,2537.62,0.0,80.64,38.24,53.81
2026-08-30T13:54:00+00:00,13.81,18.7,2898.32,0.0,19.87,39.38,49.51
2026-08-30T13:55:00+00:00,18.81,23.18,2836.53,0.26,85.93,38.1,54.01
2026-08-30T13:56:00+00:00,17.89,23.0,2593.85,0.0,86.97,38.89,50.84
2026-08-30T13:57:00+00:00,11.93,10.17,2476.19,0.13,20.4,37.75,57.04
2026-08-30T13:58:00+00:00,13.16,13.91,2619.71,0.0,20.72,38.07,51.44
2026-08-30T13:59:00+00:00,17.01,27.96,2440.41,0.0,86.91,38.25,50.87
2026-08-30T14:00:00+00:00,13.12,17.95,2725.39,0.0,19.96,39.31,51.36
2026-08-30T14:01:00+00:00,14.95,20.08,2414.95,0.0,85.91,37.71,53.35
2026-08-30T14:02:00+00:00,16.57,14.29,2683.37,0.0,57.01,37.55,53.63
2026-08-30T14:03:00+00:00,19.32,21.28,2835.91,0.0,56.92,37.53,58.45
2026-08-30T14:04:00+00:00,10.5,16.52,2584.74,0.0,19.83,36.67,58.24
2026-08-30T14:05:00+00:00,17.63,19.08,2676.09,0.0,85.33,38.04,55.63
2026-08-30T14:06:00+00:00,17.64,21.66,2719.76,0.0,20.64,38.22,52.21
2026-08-30T14:07:00+00:00,15.73,14.24,2582.03,0.0,20.59,38.68,44.41
2026-08-30T14:08:00+00:00,11.35,14.75,2916.99,0.0,20.7,37.26,61.77
2026-08-30T14:09:00+00:00,19.15,23.76,2693.71,0.0,20.63,37.23,51.39
2026-08-30T14:10:00+00:00,11.88,11.97,2847.13,0.0,83.9,38.14,53.24
2026-08-30T14:11:00+00:00,15.3,20.95,2733.59,0.0,62.22,38.33,49.9
2026-08-30T14:12:00+00:00,16.35,18.66,2691.14,0.0,65.9,38.16,47.43
2026-08-30T14:13:00+00:00,12.33,11.1,2774.36,0.01,20.11,37.44,54.05
2026-08-30T14:14:00+00:00,12.96,13.69,2750.34,0.0,21.05,37.64,56.77
2026-08-30T14:15:00+00:00,11.14,19.1,2562.0,0.0,72.26,36.8,53.71
2026-08-30T14:16:00+00:00,12.67,15.5,2692.78,0.92,20.61,38.04,53.74
2026-08-30T14:17:00+00:00,16.01,21.59,2485.77,0.0,59.39,38.97,51.87
2026-08-30T14:18:00+00:00,15.38,20.16,2672.83,0.0,20.43,36.41,56.54
2026-08-30T14:19:00+00:00,16.13,19.59,2638.43,0.0,20.87,36.89,53.67
2026-08-30T14:20:00+00:00,12.9,14.05,2614.02,0.61,73.66,36.88,54.68
2026-08-30T14:21:00+00:00,15.36,14.88,2660.49,0.0,66.74,36.21,66.08
2026-08-30T14:22:00+00:00,8.82,14.15,2665.64,0.0,73.48,37.08,56.64
2026-08-30T14:23:00+00:00,18.68,18.88,2578.62,0.35,21.08,37.86,59.33
2026-08-30T14:24:00+00:00,14.86,13.4,2741.37,0.0,73.91,36.45,61.52
2026-08-30T14:25:00+00:00,16.93,19.55,2711.59,0.85,19.98,37.9,52.02
2026-08-30T14:26:00+00:00,15.43,16.66,2467.91,0.0,73.0,38.12,55.52
2026-08-30T14:27:00+00:00,14.86,11.69,2613.75,0.0,20.78,39.21,51.56
2026-08-30T14:28:00+00:00,17.22,20.76,2516.04,0.0,21.05,38.31,48.69
2026-08-30T14:29:00+00:00,15.24,18.55,2966.75,0.0,19.71,37.82,55.06
2026-08-30T14:30:00+00:00,14.16,17.96,2509.41,0.0,58.46,36.43,57.12
2026-08-30T14:31:00+00:00,14.92,20.15,2397.36,0.0,20.86,37.71,56.24
2026-08-30T14:32:00+00:00,15.83,17.99,2562.72,0.32,76.69,37.59,55.18
2026-08-30T14:33:00+00:00,19.83,25.19,2555.83,0.0,56.95,39.29,49.26
2026-08-30T14:34:00+00:00,11.71,11.19,2875.34,0.0,57.31,37.94,48.49
2026-08-30T14:35:00+00:00,17.74,20.08,2784.62,0.78,61.61,36.94,57.84
2026-08-30T14:36:00+00:00,13.24,17.43,2801.95,0.0,20.36,38.15,52.92
2026-08-30T14:37:00+00:00,20.84,24.37,2864.93,0.0,61.09,36.15,58.19
2026-08-30T14:38:00+00:00,17.15,17.67,2766.41,0.0,20.04,39.34,52.92
2026-08-30T14:39:00+00:00,14.03,10.12,2950.43,0.0,20.31,37.02,53.46
2026-08-30T14:40:00+00:00,16.78,18.08,2496.18,0.0,21.05,37.47,57.67
2026-08-30T14:41:00+00:00,17.28,16.49,2483.4,0.0,65.77,38.67,51.86
2026-08-30T14:42:00+00:00,15.98,22.21,2786.56,0.47,20.13,39.06,55.5
2026-08-30T14:43:00+00:00,15.36,16.86,2660.32,0.51,58.86,37.96,53.18
2026-08-30T14:44:00+00:00,16.3,16.0,2818.05,0.0,79.65,36.84,54.63
2026-08-30T14:45:00+00:00,18.31,19.43,2867.67,0.0,62.92,39.06,47.01
2026-08-30T14:46:00+00:00,13.41,16.28,2649.19,0.45,65.67,37.43,55.71
2026-08-30T14:47:00+00:00,17.6,19.55,3004.02,0.0,21.01,38.49,52.51
2026-08-30T14:48:00+00:00,13.14,12.51,2753.45,0.0,80.82,36.81,53.28
2026-08-30T14:49:00+00:00,16.51,21.92,2712.87,0.0,20.2,37.27,55.39
2026-08-30T14:50:00+00:00,16.58,16.74,2809.67,0.0,56.3,37.71,50.7
2026-08-30T14:51:00+00:00,15.39,16.08,2590.17,0.31,20.47,37.35,52.24
2026-08-30T14:52:00+00:00,12.58,13.73,2646.51,0.0,70.18,38.1,52.11
2026-08-30T14:53:00+00:00,16.57,20.75,2638.78,0.0,62.58,38.45,46.82
2026-08-30T14:54:00+00:00,14.1,12.95,2866.51,0.0,77.16,38.54,51.36
2026-08-30T14:55:00+00:00,15.1,20.4,2558.27,0.95,20.33,36.41,52.12
2026-08-30T14:56:00+00:00,17.05,18.37,2600.08,0.66,72.01,36.52,56.23
2026-08-30T14:57:00+00:00,17.2,17.74,2621.74,0.0,78.86,37.95,54.13
2026-08-30T14:58:00+00:00,10.6,16.22,2749.36,0.0,66.72,36.97,56.99
2026-08-30T14:59:00+00:00,17.54,22.86,2919.8,0.0,20.78,38.32,54.32
2026-08-30T15:00:00+00:00,12.42,14.89,2510.25,0.0,73.4,38.18,56.77
2026-08-30T15:01:00+00:00,11.97,9.33,2457.1,0.0,19.82,38.17,53.45
2026-08-30T15:02:00+00:00,15.34,25.47,2729.86,0.0,52.68,38.4,48.29
2026-08-30T15:03:00+00:00,15.23,19.19,2742.52,0.0,20.06,37.61,54.91
2026-08-30T15:04:00+00:00,13.32,14.58,2489.52,0.0,56.7,36.85,55.58
2026-08-30T15:05:00+00:00,18.28,20.37,2523.43,0.0,54.34,37.7,52.16
2026-08-30T15:06:00+00:00,16.94,17.59,2914.57,1.42,65.14,38.22,50.21
2026-08-30T15:07:00+00:00,14.97,13.85,2663.97,0.0,20.83,37.5,54.13
2026-08-30T15:08:00+00:00,14.88,18.03,2631.8,0.0,20.59,38.14,52.91
2026-08-30T15:09:00+00:00,19.32,23.53,2637.18,0.0,68.93,38.44,48.33
2026-08-30T15:10:00+00:00,16.43,23.36,2855.16,0.0,56.61,38.7,47.43
2026-08-30T15:11:00+00:00,22.68,23.46,2216.81,0.0,20.7,37.47,52.61
2026-08-30T15:12:00+00:00,13.92,21.96,2547.89,0.0,20.25,38.49,50.34
2026-08-30T15:13:00+00:00,11.42,14.68,2659.19,0.0,19.87,37.6,56.01
2026-08-30T15:14:00+00:00,12.2,12.43,2649.63,0.0,69.06,37.44,56.59
2026-08-30T15:15:00+00:00,11.55,14.17,2543.74,0.0,19.74,37.34,57.73
2026-08-30T15:16:00+00:00,13.72,17.03,2755.0,0.28,19.84,39.67,50.92
2026-08-30T15:17:00+00:00,15.13,14.91,2846.41,0.0,20.51,38.3,52.96
2026-08-30T15:18:00+00:00,12.73,11.9,2709.28,0.0,20.78,37.09,64.23
2026-08-30T15:19:00+00:00,17.98,18.64,2810.72,0.0,19.86,37.97,52.05
2026-08-30T15:20:00+00:00,14.38,17.23,2485.17,0.0,74.37,38.0,48.39
2026-08-30T15:21:00+00:00,14.4,15.6,2625.75,0.25,19.66,37.36,53.99
2026-08-30T15:22:00+00:00,15.81,20.37,2766.21,0.23,20.16,37.76,48.88
2026-08-30T15:23:00+00:00,11.17,8.96,2734.23,0.0,72.55,37.28,58.68
2026-08-30T15:24:00+00:00,15.91,20.12,2595.96,0.0,20.56,36.97,54.51
2026-08-30T15:25:00+00:00,15.31,16.04,2880.76,0.0,21.08,36.98,59.56
2026-08-30T15:26:00+00:00,10.89,7.5,3115.45,0.0,71.65,38.69,51.42
2026-08-30T15:27:00+00:00,15.54,18.67,2617.07,0.62,68.12,38.88,50.81
2026-08-30T15:28:00+00:00,15.48,17.3,2615.05,0.43,62.85,37.45,57.25
2026-08-30T15:29:00+00:00,11.25,13.84,2735.98,0.85,59.58,37.23,51.72
2026-08-30T15:30:00+00:00,14.9,17.62,2858.51,0.0,20.12,37.93,51.71
2026-08-30T15:31:00+00:00,12.14,11.27,2694.65,0.4,19.74,36.25,59.7
2026-08-30T15:32:00+00:00,8.56,11.5,2661.4,0.0,21.08,37.82,52.33
2026-08-30T15:33:00+00:00,15.51,14.43,2814.96,0.0,20.05,38.81,49.05
2026-08-30T15:34:00+00:00,10.55,12.65,2573.15,0.0,65.71,39.28,57.01
2026-08-30T15:35:00+00:00,14.92,17.99,2884.54,0.0,20.65,37.19,54.78
2026-08-30T15:36:00+00:00,17.06,21.91,2716.01,0.0,20.01,37.93,52.59
2026-08-30T15:37:00+00:00,19.42,22.48,2752.03,0.0,21.0,37.58,55.99
2026-08-30T15:38:00+00:00,15.99,17.72,2509.69,0.0,65.94,37.49,51.71
2026-08-30T15:39:00+00:00,13.84,16.69,2877.14,0.0,20.61,37.14,53.11
2026-08-30T15:40:00+00:00,14.23,18.23,2528.12,0.0,62.4,35.94,61.38
2026-08-30T15:41:00+00:00,13.2,15.59,2598.44,0.0,20.85,37.27,52.4
2026-08-30T15:42:00+00:00,15.49,17.72,2487.79,0.0,53.62,37.56,62.25
2026-08-30T15:43:00+00:00,12.43,17.97,2920.62,0.0,19.95,38.65,46.68
2026-08-30T15:44:00+00:00,14.22,14.64,2818.29,0.0,19.88,37.48,60.04
2026-08-30T15:45:00+00:00,16.17,19.88,2688.45,0.0,59.69,36.78,59.96
2026-08-30T15:46:00+00:00,17.05,18.78,2890.75,0.13,19.79,36.12,60.47
2026-08-30T15:47:00+00:00,17.6,19.24,2723.6,0.0,19.76,36.89,61.19
2026-08-30T15:48:00+00:00,17.76,19.71,2545.83,0.32,51.39,36.84,54.91
2026-08-30T15:49:00+00:00,19.32,21.79,2589.63,0.62,52.69,37.13,57.7
2026-08-30T15:50:00+00:00,17.97,23.96,2712.38,0.0,20.83,37.11,55.87
2026-08-30T15:51:00+00:00,11.87,19.1,2677.5,0.0,21.08,36.87,54.3
2026-08-30T15:52:00+00:00,12.9,13.73,2484.97,1.08,20.75,36.01,56.53
2026-08-30T15:53:00+00:00,15.39,16.45,2790.46,0.0,20.31,37.56,57.45
2026-08-30T15:54:00+00:00,16.24,21.93,2681.73,0.0,20.27,35.71,60.21
2026-08-30T15:55:00+00:00,15.25,18.81,2827.37,0.0,20.18,37.41,55.92
2026-08-30T15:56:00+00:00,11.99,15.08,2551.75,0.47,20.67,37.59,50.94
2026-08-30T15:57:00+00:00,15.93,18.73,2735.51,0.0,62.73,38.84,48.84
2026-08-30T15:58:00+00:00,15.77,17.12,2744.5,0.0,20.75,37.93,53.55
2026-08-30T15:59:00+00:00,14.57,17.38,2549.32,0.0,50.52,38.24,49.72
2026-08-30T16:00:00+00:00,14.15,12.94,2784.59,0.63,20.44,36.59,60.85
2026-08-30T16:01:00+00:00,15.96,17.45,2842.87,0.13,19.85,37.82,50.63
2026-08-30T16:02:00+00:00,17.4,16.55,2592.53,0.0,53.22,35.75,58.16
2026-08-30T16:03:00+00:00,18.67,26.42,2783.82,0.0,56.39,39.25,50.46
2026-08-30T16:04:00+00:00,20.28,21.03,2924.93,0.0,20.23,36.7,60.75
2026-08-30T16:05:00+00:00,15.31,21.88,2729.94,0.0,19.77,37.31,53.48
2026-08-30T16:06:00+00:00,14.21,19.35,2685.06,0.0,19.96,37.55,53.18
2026-08-30T16:07:00+00:00,14.04,19.1,2557.92,0.0,20.41,35.65,58.8
2026-08-30T16:08:00+00:00,14.13,21.81,3159.83,0.0,50.17,37.31,47.35
2026-08-30T16:09:00+00:00,15.05,14.61,2564.47,0.0,20.4,36.84,57.6
2026-08-30T16:10:00+00:00,9.25,10.46,2991.59,1.44,20.63,36.81,54.54
2026-08-30T16:11:00+00:00,16.37,22.69,2799.07,0.0,43.16,37.06,56.53
2026-08-30T16:12:00+00:00,16.41,18.45,2751.02,0.0,43.28,37.13,58.66
2026-08-30T16:13:00+00:00,20.98,25.54,2753.44,0.22,19.7,36.82,51.08
2026-08-30T16:14:00+00:00,15.07,23.54,2937.33,0.0,20.83,36.52,60.93
2026-08-30T16:15:00+00:00,12.42,12.12,3009.25,0.67,21.13,36.96,54.41
2026-08-30T16:16:00+00:00,14.27,12.55,2775.17,0.27,56.67,37.83,53.2
2026-08-30T16:17:00+00:00,12.6,14.76,2632.34,0.22,19.87,36.38,52.05
2026-08-30T16:18:00+00:00,13.39,16.57,2720.25,0.0,20.32,37.19,53.55
2026-08-30T16:19:00+00:00,14.2,15.46,2680.6,0.0,20.99,37.4,52.19
2026-08-30T16:20:00+00:00,16.28,20.01,2649.93,0.0,20.96,36.18,56.45
2026-08-30T16:21:00+00:00,17.38,14.68,2792.31,0.0,20.21,37.87,54.47
2026-08-30T16:22:00+00:00,18.27,22.3,2903.87,0.0,20.9,37.23,52.32
2026-08-30T16:23:00+00:00,9.19,8.2,2655.13,0.0,20.1,36.58,56.77
2026-08-30T16:24:00+00:00,16.57,18.48,2743.53,0.22,20.18,36.48,61.16
2026-08-30T16:25:00+00:00,13.27,11.94,2874.59,0.0,20.63,35.83,59.79
2026-08-30T16:26:00+00:00,10.51,8.65,2638.69,0.0,42.76,38.08,53.44
2026-08-30T16:27:00+00:00,15.3,15.9,3171.69,0.0,20.45,34.56,64.69
2026-08-30T16:28:00+00:00,17.08,19.74,2872.15,0.0,21.11,37.21,58.72
2026-08-30T16:29:00+00:00,9.61,8.9,2649.08,0.0,20.37,36.97,55.76
2026-08-30T16:30:00+00:00,15.41,12.88,2742.53,0.0,19.91,36.2,60.8
2026-08-30T16:31:00+00:00,16.16,14.89,2841.75,0.0,48.26,37.19,52.39
2026-08-30T16:32:00+00:00,11.83,16.31,2494.77,0.0,19.95,38.62,51.69
2026-08-30T16:33:00+00:00,13.2,14.47,2816.61,0.0,52.14,37.84,50.33
2026-08-30T16:34:00+00:00,16.04,17.81,2760.85,0.0,49.75,36.3,57.74
2026-08-30T16:35:00+00:00,19.49,21.5,2811.67,0.0,20.37,36.69,55.11
2026-08-30T16:36:00+00:00,19.9,27.08,2851.73,0.0,20.1,36.33,57.27
2026-08-30T16:37:00+00:00,15.97,16.25,2909.52,0.0,53.31,36.86,59.44
2026-08-30T16:38:00+00:00,13.23,17.45,2776.57,0.0,52.0,36.48,54.81
2026-08-30T16:39:00+00:00,19.9,23.38,2782.59,0.0,20.01,35.46,60.55
2026-08-30T16:40:00+00:00,12.35,12.93,2690.75,0.0,48.13,36.67,61.17
2026-08-30T16:41:00+00:00,11.88,16.55,2706.65,0.0,38.6,37.19,53.34
2026-08-30T16:42:00+00:00,14.4,17.45,2779.93,0.0,52.33,35.61,58.02
2026-08-30T16:43:00+00:00,17.5,22.3,2735.65,0.0,20.08,37.55,59.72
2026-08-30T16:44:00+00:00,15.65,18.58,2931.54,0.26,20.79,36.25,56.73
2026-08-30T16:45:00+00:00,14.31,20.75,2576.21,0.0,20.73,36.98,61.72
2026-08-30T16:46:00+00:00,19.26,22.89,2758.09,0.0,42.35,36.33,58.84
2026-08-30T16:47:00+00:00,10.73,11.86,2748.23,0.0,19.79,36.83,55.23
2026-08-30T16:48:00+00:00,13.59,14.83,2760.46,0.0,38.99,37.81,56.43
2026-08-30T16:49:00+00:00,19.07,21.91,2899.78,0.71,36.89,36.33,62.09
2026-08-30T16:50:00+00:00,17.37,18.76,2673.87,0.48,40.84,36.08,62.52
2026-08-30T16:51:00+00:00,19.4,20.02,2837.7,0.0,42.99,36.26,54.35
2026-08-30T16:52:00+00:00,15.57,16.06,2683.57,0.0,48.46,36.35,51.02
2026-08-30T16:53:00+00:00,11.21,9.09,2750.32,0.0,20.68,37.71,56.25
2026-08-30T16:54:00+00:00,14.01,21.7,2768.69,0.0,19.97,36.63,54.66
2026-08-30T16:55:00+00:00,11.42,13.71,2713.99,0.63,37.2,36.02,56.4
2026-08-30T16:56:00+00:00,13.87,15.82,2667.0,0.32,40.41,35.94,60.79
2026-08-30T16:57:00+00:00,15.15,16.87,2821.94,0.0,20.77,36.06,62.12
2026-08-30T16:58:00+00:00,14.91,17.99,2882.35,0.0,47.56,35.51,62.03
2026-08-30T16:59:00+00:00,15.36,17.84,3112.72,0.2,40.78,36.53,54.3
2026-08-30T17:00:00+00:00,18.23,23.97,3035.91,0.0,44.44,35.42,58.19
2026-08-30T17:01:00+00:00,19.32,20.58,2946.84,0.0,20.76,38.13,53.78
2026-08-30T17:02:00+00:00,18.94,21.26,2837.31,0.0,38.91,37.18,55.32
2026-08-30T17:03:00+00:00,16.76,19.37,2875.61,0.0,20.47,37.3,57.71
2026-08-30T17:04:00+00:00,11.65,15.24,2699.87,0.14,20.81,35.41,61.75
2026-08-30T17:05:00+00:00,13.03,11.36,3052.39,0.0,20.6,37.05,54.38
2026-08-30T17:06:00+00:00,12.1,10.28,2899.98,0.0,19.78,37.97,52.15
2026-08-30T17:07:00+00:00,19.9,24.25,2975.59,0.0,35.06,37.85,54.1
2026-08-30T17:08:00+00:00,17.77,18.07,2856.19,0.0,40.47,35.31,56.59
2026-08-30T17:09:00+00:00,12.42,13.58,2870.71,0.0,20.83,34.22,60.68
2026-08-30T17:10:00+00:00,17.22,21.95,2754.84,0.0,36.25,36.69,55.06
2026-08-30T17:11:00+00:00,8.0,7.77,2861.7,0.0,20.5,37.19,54.26
2026-08-30T17:12:00+00:00,18.44,19.58,2838.94,0.0,19.96,36.31,54.19
2026-08-30T17:13:00+00:00,14.35,21.31,2832.54,0.23,41.62,35.1,63.02
2026-08-30T17:14:00+00:00,10.78,11.57,2776.7,0.0,20.4,37.87,50.51
2026-08-30T17:15:00+00:00,19.36,20.23,3014.55,0.0,19.7,36.82,57.82
2026-08-30T17:16:00+00:00,13.81,16.26,3235.83,0.0,37.07,35.76,59.78
2026-08-30T17:17:00+00:00,12.77,11.02,2873.39,0.0,20.18,36.62,56.29
2026-08-30T17:18:00+00:00,13.55,14.79,2854.1,0.0,19.88,36.03,61.32
2026-08-30T17:19:00+00:00,12.27,13.28,2843.69,0.0,40.67,36.55,54.97
2026-08-30T17:20:00+00:00,17.16,16.0,2887.63,0.0,20.81,36.59,55.16
2026-08-30T17:21:00+00:00,14.67,15.7,2920.54,0.0,36.17,37.86,53.09
2026-08-30T17:22:00+00:00,17.11,16.38,2668.74,0.0,20.61,34.7,60.57
2026-08-30T17:23:00+00:00,9.05,7.5,2818.79,0.0,33.73,37.32,45.85
2026-08-30T17:24:00+00:00,17.7,21.17,3009.48,0.0,20.59,35.04,62.58
2026-08-30T17:25:00+00:00,17.59,18.94,2705.69,1.55,20.37,37.95,53.52
2026-08-30T17:26:00+00:00,18.13,22.01,2820.26,0.0,19.93,37.59,54.53
2026-08-30T17:27:00+00:00,20.83,24.32,3057.75,0.67,40.59,36.51,62.79
2026-08-30T17:28:00+00:00,12.89,11.62,2888.66,0.0,20.68,36.24,58.53
2026-08-30T17:29:00+00:00,20.54,26.81,2835.62,1.14,40.1,37.04,53.6
2026-08-30T17:30:00+00:00,13.91,16.13,2947.55,1.08,20.11,34.36,67.42
2026-08-30T17:31:00+00:00,16.1,16.99,2737.96,0.0,32.42,36.11,56.85
2026-08-30T17:32:00+00:00,15.03,18.44,2778.02,0.0,34.51,36.59,54.66
2026-08-30T17:33:00+00:00,10.38,9.63,3091.16,0.0,19.83,34.7,64.91
2026-08-30T17:34:00+00:00,19.63,23.44,2855.02,0.0,33.62,36.72,55.38
2026-08-30T17:35:00+00:00,19.23,21.1,3088.54,0.0,20.06,35.73,57.67
2026-08-30T17:36:00+00:00,18.69,19.65,2872.45,0.0,36.94,36.04,54.45
2026-08-30T17:37:00+00:00,13.41,20.83,2992.79,0.0,30.45,33.09,64.28
2026-08-30T17:38:00+00:00,18.77,18.93,2906.42,0.0,20.35,37.14,54.65
2026-08-30T17:39:00+00:00,13.96,15.9,2832.35,0.0,20.18,35.97,60.82
2026-08-30T17:40:00+00:00,15.25,16.72,3004.49,0.0,19.88,36.67,56.23
2026-08-30T17:41:00+00:00,14.49,15.43,2854.94,0.22,19.8,35.04,61.6
2026-08-30T17:42:00+00:00,16.52,17.32,3018.59,0.41,20.19,36.9,55.61
2026-08-30T17:43:00+00:00,17.2,13.25,2989.87,0.0,32.72,35.29,63.31
2026-08-30T17:44:00+00:00,21.11,22.88,3037.76,1.01,36.03,36.04,59.53
2026-08-30T17:45:00+00:00,13.26,19.5,2856.52,0.0,31.55,35.94,58.42
2026-08-30T17:46:00+00:00,12.05,18.39,2964.4,0.0,20.69,36.04,54.59
2026-08-30T17:47:00+00:00,18.04,17.27,2973.19,0.65,20.59,35.49,60.84
2026-08-30T17:48:00+00:00,18.86,22.66,3117.24,0.0,20.62,37.94,55.07
2026-08-30T17:49:00+00:00,15.43,17.51,2800.82,0.0,28.51,34.73,55.78
2026-08-30T17:50:00+00:00,16.49,21.84,3224.46,0.43,20.21,36.94,57.3
2026-08-30T17:51:00+00:00,14.39,12.46,3225.66,0.0,20.53,34.76,67.33
2026-08-30T17:52:00+00:00,16.2,20.59,2902.44,0.0,30.81,38.14,56.64
2026-08-30T17:53:00+00:00,19.73,23.68,3031.38,0.0,19.87,35.75,58.26
2026-08-30T17:54:00+00:00,13.85,19.42,3269.67,0.0,28.43,34.99,66.13
2026-08-30T17:55:00+00:00,15.75,16.95,3044.03,0.0,20.11,35.25,57.69
2026-08-30T17:56:00+00:00,15.53,18.93,2973.93,0.0,20.28,36.02,56.52
2026-08-30T17:57:00+00:00,15.22,19.47,2836.96,1.32,20.15,35.26,63.76
2026-08-30T17:58:00+00:00,14.33,20.32,3121.49,0.28,20.88,35.1,59.9
2026-08-30T17:59:00+00:00,15.21,17.44,3171.21,0.0,29.53,35.69,56.74
2026-08-30T18:00:00+00:00,14.52,18.92,3013.06,0.0,20.2,35.61,60.58
2026-08-30T18:01:00+00:00,17.14,18.97,3088.99,0.73,20.57,35.94,66.62
2026-08-30T18:02:00+00:00,16.66,18.14,3042.28,0.0,32.54,35.26,58.6
2026-08-30T18:03:00+00:00,17.68,21.55,3131.17,0.0,21.13,36.2,57.43
2026-08-30T18:04:00+00:00,15.7,21.59,3119.78,0.27,30.23,34.02,64.47
2026-08-30T18:05:00+00:00,14.26,16.18,3101.4,0.0,20.91,35.83,57.01
2026-08-30T18:06:00+00:00,15.71,19.38,3089.31,0.0,30.16,35.39,62.2
2026-08-30T18:07:00+00:00,18.45,21.55,2974.4,0.58,20.23,35.54,55.57
2026-08-30T18:08:00+00:00,16.88,15.01,2895.12,0.0,28.51,36.82,59.47
2026-08-30T18:09:00+00:00,17.93,22.02,3146.65,0.0,19.8,34.81,62.18
2026-08-30T18:10:00+00:00,13.67,15.05,2941.48,0.0,20.78,34.42,63.71
2026-08-30T18:11:00+00:00,11.87,16.39,3147.78,0.0,27.98,37.46,54.67
2026-08-30T18:12:00+00:00,15.89,16.76,3217.53,0.6,27.04,35.56,58.12
2026-08-30T18:13:00+00:00,14.49,17.08,2896.09,0.17,20.42,34.2,62.17
2026-08-30T18:14:00+00:00,11.24,13.49,3155.97,0.0,28.39,34.76,59.1
2026-08-30T18:15:00+00:00,14.28,27.62,2980.51,0.0,26.85,35.46,59.27
2026-08-30T18:16:00+00:00,17.46,22.77,2974.51,0.87,19.69,33.77,65.14
2026-08-30T18:17:00+00:00,13.76,12.76,3169.76,0.0,19.86,35.14,61.91
2026-08-30T18:18:00+00:00,14.57,14.87,3029.83,0.6,26.94,35.67,61.55
2026-08-30T18:19:00+00:00,20.69,19.02,3222.64,0.94,28.9,34.29,65.89
2026-08-30T18:20:00+00:00,12.47,15.63,3327.06,0.0,27.94,35.63,61.11
2026-08-30T18:21:00+00:00,14.34,11.98,3232.19,1.15,20.1,34.9,63.98
2026-08-30T18:22:00+00:00,13.66,10.81,2991.19,0.0,20.77,34.54,62.43
2026-08-30T18:23:00+00:00,9.0,10.68,3103.59,0.0,25.12,35.02,57.88
2026-08-30T18:24:00+00:00,15.6,16.48,3318.74,0.0,25.55,36.43,58.06
2026-08-30T18:25:00+00:00,16.24,22.9,2896.68,0.22,20.64,35.32,55.25
2026-08-30T18:26:00+00:00,17.16,17.75,2943.82,0.19,20.5,35.15,60.58
2026-08-30T18:27:00+00:00,13.83,19.14,2902.64,0.0,19.77,37.42,63.29
2026-08-30T18:28:00+00:00,16.44,18.97,3164.14,0.0,26.07,35.56,56.67
2026-08-30T18:29:00+00:00,13.94,21.31,3208.77,0.35,26.8,35.84,58.35
2026-08-30T18:30:00+00:00,16.43,18.78,3112.76,0.0,21.02,35.14,60.07
2026-08-30T18:31:00+00:00,14.35,17.75,2904.32,0.0,20.58,34.65,57.9
2026-08-30T18:32:00+00:00,13.31,16.03,3291.84,0.68,20.81,36.53,56.55
2026-08-30T18:33:00+00:00,17.88,20.27,3314.62,0.56,19.8,35.86,62.13
2026-08-30T18:34:00+00:00,16.74,17.87,3551.08,0.0,20.21,34.53,57.94
2026-08-30T18:35:00+00:00,16.51,20.78,3009.97,0.0,19.85,35.38,59.47
2026-08-30T18:36:00+00:00,12.24,14.25,3243.75,0.0,23.77,33.96,64.58
2026-08-30T18:37:00+00:00,15.25,12.69,3139.03,0.0,19.68,35.04,60.01
2026-08-30T18:38:00+00:00,11.44,12.76,3054.35,0.19,24.05,34.95,61.5
2026-08-30T18:39:00+00:00,17.16,23.54,2885.93,0.0,19.85,35.34,60.15
2026-08-30T18:40:00+00:00,16.37,20.02,3064.43,0.0,24.4,34.26,61.1
2026-08-30T18:41:00+00:00,15.58,17.99,3043.24,0.0,24.08,36.15,59.82
2026-08-30T18:42:00+00:00,17.66,19.21,3159.51,0.0,19.69,38.18,54.13
2026-08-30T18:43:00+00:00,15.1,17.08,3253.46,0.0,22.83,33.07,64.78
2026-08-30T18:44:00+00:00,14.81,17.24,3214.59,0.0,20.52,36.67,57.05
2026-08-30T18:45:00+00:00,14.2,14.74,3201.57,0.0,23.84,34.94,58.71
2026-08-30T18:46:00+00:00,16.35,21.27,3186.2,0.0,19.9,36.26,59.85
2026-08-30T18:47:00+00:00,18.75,22.65,3245.98,0.5,22.79,34.46,65.35
2026-08-30T18:48:00+00:00,16.81,23.93,3540.59,0.19,20.6,34.91,64.15
2026-08-30T18:49:00+00:00,15.32,19.49,3173.12,0.54,22.38,36.39,56.55
2026-08-30T18:50:00+00:00,17.78,19.79,3196.37,0.0,19.82,36.18,57.35
2026-08-30T18:51:00+00:00,16.11,17.38,3172.19,0.0,21.75,37.17,45.27
2026-08-30T18:52:00+00:00,10.39,10.3,3206.18,0.83,20.34,35.1,59.76
2026-08-30T18:53:00+00:00,16.21,27.48,3156.66,0.16,22.11,34.59,54.75
2026-08-30T18:54:00+00:00,12.21,15.38,3037.78,0.0,22.21,36.49,58.14
2026-08-30T18:55:00+00:00,17.6,19.6,3410.51,0.0,20.44,33.93,60.68
2026-08-30T18:56:00+00:00,13.21,16.13,2954.07,0.0,22.21,34.13,60.31
2026-08-30T18:57:00+00:00,15.85,17.09,3184.31,0.0,20.66,35.5,62.58
2026-08-30T18:58:00+00:00,13.55,13.02,3229.13,0.0,21.77,34.36,60.05
2026-08-30T18:59:00+00:00,13.47,18.59,3183.84,0.0,21.93,34.52,57.89
2026-08-30T19:00:00+00:00,19.11,21.1,3262.2,0.0,19.81,37.03,56.6
2026-08-30T19:01:00+00:00,20.51,31.87,3167.34,0.0,21.46,35.69,57.74
2026-08-30T19:02:00+00:00,15.58,16.01,3229.33,0.67,20.3,34.66,61.06
2026-08-30T19:03:00+00:00,11.9,13.66,3206.96,0.35,20.47,35.34,66.04
2026-08-30T19:04:00+00:00,16.93,16.69,3323.81,0.0,19.64,34.46,60.36
2026-08-30T19:05:00+00:00,13.22,9.99,3285.97,0.37,20.59,34.41,61.32
2026-08-30T19:06:00+00:00,19.13,26.44,3269.98,0.0,20.58,34.18,65.57
2026-08-30T19:07:00+00:00,16.28,19.85,3289.69,0.05,20.5,33.36,64.62
2026-08-30T19:08:00+00:00,19.19,17.86,3265.86,0.57,21.01,35.43,60.77
2026-08-30T19:09:00+00:00,13.82,11.29,3365.59,0.17,20.67,35.49,62.01
2026-08-30T19:10:00+00:00,16.65,17.3,3372.57,0.0,20.79,34.87,60.26
2026-08-30T19:11:00+00:00,15.28,14.67,3275.36,0.24,19.95,34.65,61.03
2026-08-30T19:12:00+00:00,11.14,13.16,3479.04,1.04,19.95,36.37,54.42
2026-08-30T19:13:00+00:00,16.63,19.17,3189.47,0.0,20.17,34.48,66.83
2026-08-30T19:14:00+00:00,16.34,18.21,3173.26,0.61,21.13,33.95,62.12
2026-08-30T19:15:00+00:00,16.43,16.01,3303.21,0.0,20.27,35.37,54.74
2026-08-30T19:16:00+00:00,14.4,16.87,3256.25,0.0,19.71,35.84,62.73
2026-08-30T19:17:00+00:00,12.2,12.44,3376.66,0.0,19.63,35.79,58.2
2026-08-30T19:18:00+00:00,10.36,9.15,3169.04,0.0,19.8,34.16,59.06
2026-08-30T19:19:00+00:00,14.54,16.21,3452.88,1.21,19.63,35.23,66.44
2026-08-30T19:20:00+00:00,15.42,18.51,3267.31,0.0,19.69,34.22,60.2
2026-08-30T19:21:00+00:00,13.12,13.75,3017.77,0.0,20.55,34.1,65.58
2026-08-30T19:22:00+00:00,10.58,9.92,3074.83,0.0,19.75,34.27,64.3
2026-08-30T19:23:00+00:00,10.07,10.4,3153.28,0.0,19.63,34.64,63.92
2026-08-30T19:24:00+00:00,15.1,17.28,3181.07,0.0,19.63,35.65,58.86
2026-08-30T19:25:00+00:00,14.09,22.68,3442.96,0.81,20.82,34.48,65.88
2026-08-30T19:26:00+00:00,12.86,13.61,3526.19,0.0,19.63,34.21,62.85
2026-08-30T19:27:00+00:00,13.89,17.44,3123.72,0.9,20.52,36.78,53.27
2026-08-30T19:28:00+00:00,12.51,22.86,3367.74,0.0,19.63,34.96,65.2
2026-08-30T19:29:00+00:00,13.34,20.28,3235.72,0.0,21.04,34.75,61.56
2026-08-30T19:30:00+00:00,14.71,15.62,3160.9,0.82,19.73,33.34,67.42
2026-08-30T19:31:00+00:00,15.23,14.55,3401.54,0.11,20.52,33.11,59.7
2026-08-30T19:32:00+00:00,13.78,20.74,3402.44,0.0,19.63,33.84,60.46
2026-08-30T19:33:00+00:00,14.79,17.53,3299.61,0.0,19.63,33.95,63.61
2026-08-30T19:34:00+00:00,11.46,16.89,3331.97,0.66,20.51,34.48,61.39
2026-08-30T19:35:00+00:00,18.17,21.46,3257.25,0.0,19.63,34.14,64.56
2026-08-30T19:36:00+00:00,15.79,16.39,3008.44,0.81,20.7,33.92,64.57
2026-08-30T19:37:00+00:00,12.33,15.82,3180.49,1.15,19.63,34.49,59.17
2026-08-30T19:38:00+00:00,19.32,30.77,3073.58,0.0,20.71,35.5,61.15
2026-08-30T19:39:00+00:00,15.44,18.73,3339.01,1.32,20.12,33.98,71.72
2026-08-30T19:40:00+00:00,12.79,13.23,3271.72,0.0,19.63,33.85,68.13
2026-08-30T19:41:00+00:00,14.51,19.24,3251.59,0.0,20.21,33.44,67.35
2026-08-30T19:42:00+00:00,16.11,19.57,3272.86,0.0,19.63,35.29,61.75
2026-08-30T19:43:00+00:00,19.11,15.78,3320.83,0.0,20.99,33.97,63.71
2026-08-30T19:44:00+00:00,16.91,17.98,3321.18,0.29,20.62,34.84,62.03
2026-08-30T19:45:00+00:00,16.04,15.93,3365.5,0.0,20.64,34.3,62.85
2026-08-30T19:46:00+00:00,13.41,15.68,3256.13,0.0,20.09,34.55,62.32
2026-08-30T19:47:00+00:00,12.69,13.51,3471.97,0.0,19.63,34.37,59.2
2026-08-30T19:48:00+00:00,16.25,16.37,3242.99,0.0,19.63,34.67,61.65
2026-08-30T19:49:00+00:00,15.39,14.74,3270.68,0.0,20.57,33.82,61.27
2026-08-30T19:50:00+00:00,9.81,12.5,3189.23,0.0,20.26,35.62,57.6
2026-08-30T19:51:00+00:00,18.57,17.09,3285.67,0.34,19.63,34.66,60.57
2026-08-30T19:52:00+00:00,19.75,21.07,3360.26,0.0,19.63,33.24,64.25
2026-08-30T19:53:00+00:00,12.34,12.05,3181.38,0.0,19.63,34.79,61.62
2026-08-30T19:54:00+00:00,20.13,20.95,3187.63,0.6,20.58,34.41,67.36
2026-08-30T19:55:00+00:00,12.83,12.25,3404.79,0.0,20.1,34.89,60.89
2026-08-30T19:56:00+00:00,14.93,17.0,3214.57,0.25,20.42,32.37,71.72
2026-08-30T19:57:00+00:00,13.78,16.58,3250.52,0.0,21.12,34.52,61.77
2026-08-30T19:58:00+00:00,15.44,20.7,3378.34,0.28,19.63,34.15,63.75
2026-08-30T19:59:00+00:00,12.99,11.12,3123.36,0.0,19.63,34.02,58.98
2026-08-30T20:00:00+00:00,17.38,20.75,3380.32,0.34,20.47,34.65,62.79
2026-08-30T20:01:00+00:00,12.34,16.62,3021.87,0.0,19.87,34.2,56.57
2026-08-30T20:02:00+00:00,14.35,17.25,3110.86,0.0,19.63,34.37,61.61
2026-08-30T20:03:00+00:00,10.09,12.92,3421.55,0.0,20.32,34.49,59.0
2026-08-30T20:04:00+00:00,13.85,12.86,3258.43,0.46,19.63,33.79,67.97
2026-08-30T20:05:00+00:00,16.04,17.11,2943.94,0.39,19.63,33.59,59.35
2026-08-30T20:06:00+00:00,18.35,25.64,3324.13,0.0,20.78,35.6,63.42
2026-08-30T20:07:00+00:00,13.23,14.38,3548.43,0.08,19.63,32.73,66.93
2026-08-30T20:08:00+00:00,20.59,24.27,3310.32,0.0,19.76,33.69,62.88
2026-08-30T20:09:00+00:00,18.11,20.99,3217.65,1.6,20.53,34.68,59.15
2026-08-30T20:10:00+00:00,16.01,14.55,3202.25,0.0,19.63,33.63,68.48
2026-08-30T20:11:00+00:00,20.27,23.98,3239.64,0.61,19.63,34.22,59.83
2026-08-30T20:12:00+00:00,13.13,15.52,3282.45,0.0,19.65,34.12,58.05
2026-08-30T20:13:00+00:00,16.8,19.33,3220.91,0.52,19.63,33.36,61.28
2026-08-30T20:14:00+00:00,18.5,16.86,3386.24,1.26,19.63,33.14,62.65
2026-08-30T20:15:00+00:00,15.71,18.67,3200.11,0.0,19.75,34.63,61.16
2026-08-30T20:16:00+00:00,10.51,12.49,3202.46,0.0,20.14,34.91,61.95
2026-08-30T20:17:00+00:00,15.45,16.31,3247.34,0.77,19.63,33.66,68.42
2026-08-30T20:18:00+00:00,15.0,16.13,3396.54,0.0,19.63,32.34,68.38
2026-08-30T20:19:00+00:00,16.31,17.85,3206.78,0.0,19.7,34.93,63.75
2026-08-30T20:20:00+00:00,14.98,15.65,3394.22,0.0,19.63,33.83,62.11
2026-08-30T20:21:00+00:00,13.53,18.72,3352.7,0.0,19.63,34.71,62.12
2026-08-30T20:22:00+00:00,12.84,12.78,3397.37,0.0,20.58,34.98,63.28
2026-08-30T20:23:00+00:00,15.24,15.92,3285.76,0.0,19.63,34.49,64.17
2026-08-30T20:24:00+00:00,20.57,23.41,3294.18,0.0,20.2,34.27,59.85
2026-08-30T20:25:00+00:00,13.75,15.64,3372.36,0.0,19.63,34.0,64.47
2026-08-30T20:26:00+00:00,13.79,10.92,3073.87,0.0,19.96,34.95,62.66
2026-08-30T20:27:00+00:00,15.92,18.76,3560.51,0.0,20.33,35.0,56.25
2026-08-30T20:28:00+00:00,14.35,18.66,3495.67,0.49,20.45,33.35,68.97
2026-08-30T20:29:00+00:00,15.02,20.75,3342.33,0.0,19.63,33.45,62.02
2026-08-30T20:30:00+00:00,14.25,15.26,3147.51,0.0,19.63,33.17,67.15
2026-08-30T20:31:00+00:00,13.15,11.67,3207.62,0.0,20.51,33.79,63.62
2026-08-30T20:32:00+00:00,19.5,19.16,3006.11,0.99,20.64,33.69,66.67
2026-08-30T20:33:00+00:00,14.67,14.86,3461.16,0.0,19.8,33.92,60.27
2026-08-30T20:34:00+00:00,13.2,12.32,3174.25,0.0,20.87,33.44,63.47
2026-08-30T20:35:00+00:00,16.29,19.87,3134.93,0.0,20.98,33.86,60.45
2026-08-30T20:36:00+00:00,20.79,23.52,3214.15,0.0,19.63,34.32,62.54
2026-08-30T20:37:00+00:00,12.21,13.19,3046.76,0.67,20.64,34.11,59.86
2026-08-30T20:38:00+00:00,13.93,12.35,3365.68,0.0,20.29,33.4,67.05
2026-08-30T20:39:00+00:00,13.47,18.68,3539.31,0.0,19.99,33.98,66.09
2026-08-30T20:40:00+00:00,15.07,15.45,3374.73,0.0,19.63,33.2,62.98
2026-08-30T20:41:00+00:00,14.27,16.55,3333.4,0.0,20.53,34.33,62.39
2026-08-30T20:42:00+00:00,14.51,15.97,3506.14,0.64,19.63,33.08,63.26
2026-08-30T20:43:00+00:00,13.45,15.4,3141.39,0.75,19.63,34.01,68.19
2026-08-30T20:44:00+00:00,13.48,15.63,3275.78,0.0,20.66,33.41,64.15
2026-08-30T20:45:00+00:00,22.85,28.0,3150.21,0.0,20.39,34.28,59.67
2026-08-30T20:46:00+00:00,16.76,23.24,3408.92,0.0,20.55,33.62,62.8
2026-08-30T20:47:00+00:00,14.91,15.96,3222.41,0.0,20.34,34.12,64.2
2026-08-30T20:48:00+00:00,11.49,12.09,3302.19,0.0,19.63,33.99,64.52
2026-08-30T20:49:00+00:00,15.03,14.15,3465.32,0.0,19.63,32.68,66.61
2026-08-30T20:50:00+00:00,11.63,13.08,3448.37,0.0,20.88,32.84,66.36
2026-08-30T20:51:00+00:00,11.03,9.69,3293.01,0.0,19.88,34.44,60.89
2026-08-30T20:52:00+00:00,17.82,23.01,3191.43,0.01,19.63,33.71,70.61
2026-08-30T20:53:00+00:00,18.09,18.97,3098.42,0.3,19.63,33.71,67.15
2026-08-30T20:54:00+00:00,11.44,17.72,3322.26,0.0,20.17,31.85,68.32
2026-08-30T20:55:00+00:00,15.23,20.15,3335.65,0.0,19.63,33.01,68.45
2026-08-30T20:56:00+00:00,9.79,17.69,3115.68,0.0,19.92,33.64,66.58
2026-08-30T20:57:00+00:00,16.31,18.63,3371.98,0.79,19.63,33.57,63.41
2026-08-30T20:58:00+00:00,14.4,11.44,3281.62,0.0,19.63,32.07,64.94
2026-08-30T20:59:00+00:00,14.84,12.62,3036.04,0.0,19.63,34.34,63.58
2026-08-30T21:00:00+00:00,13.41,16.03,3159.84,0.36,19.96,33.54,63.06
2026-08-30T21:01:00+00:00,12.34,9.55,3263.27,0.0,20.87,34.11,67.84
2026-08-30T21:02:00+00:00,15.55,13.95,3299.08,0.0,19.63,33.33,71.79
2026-08-30T21:03:00+00:00,12.42,17.05,3236.86,0.52,19.63,34.23,67.61
2026-08-30T21:04:00+00:00,9.02,11.44,3202.32,0.0,19.63,33.65,64.36
2026-08-30T21:05:00+00:00,12.75,11.54,3331.42,0.0,19.76,33.14,61.2
2026-08-30T21:06:00+00:00,13.06,13.28,3154.89,0.0,19.63,34.44,59.43
2026-08-30T21:07:00+00:00,14.03,16.18,3011.39,0.0,19.63,33.67,63.96
2026-08-30T21:08:00+00:00,14.11,19.1,3164.32,1.03,21.05,33.51,66.74
2026-08-30T21:09:00+00:00,13.47,13.12,3110.7,0.0,19.63,34.87,60.06
2026-08-30T21:10:00+00:00,13.95,18.01,3109.7,0.0,20.58,33.53,68.84
2026-08-30T21:11:00+00:00,19.82,22.81,2981.22,0.0,19.77,34.99,58.02
2026-08-30T21:12:00+00:00,14.47,18.66,3206.3,0.0,19.63,34.42,59.45
2026-08-30T21:13:00+00:00,14.56,18.68,3398.28,0.9,20.2,33.73,64.02
2026-08-30T21:14:00+00:00,14.76,21.59,3141.86,0.0,19.63,33.0,67.43
2026-08-30T21:15:00+00:00,15.44,15.8,2908.5,0.0,21.13,34.71,58.56
2026-08-30T21:16:00+00:00,8.83,12.86,3117.3,0.0,19.63,32.79,61.03
2026-08-30T21:17:00+00:00,16.93,18.59,3068.67,0.0,20.08,33.46,66.79
2026-08-30T21:18:00+00:00,14.47,12.36,3266.1,0.0,20.28,34.79,62.53
2026-08-30T21:19:00+00:00,14.36,16.15,3319.5,0.0,20.16,33.22,62.84
2026-08-30T21:20:00+00:00,12.02,9.65,3150.59,0.0,19.63,33.56,68.02
2026-08-30T21:21:00+00:00,19.13,20.04,3310.98,0.0,20.06,32.77,69.36
2026-08-30T21:22:00+00:00,13.82,12.0,3269.2,0.0,20.91,33.19,64.34
2026-08-30T21:23:00+00:00,15.91,17.49,3122.06,0.96,20.4,33.12,63.69
2026-08-30T21:24:00+00:00,13.26,16.13,3016.72,0.0,20.13,34.61,64.7
2026-08-30T21:25:00+00:00,18.6,22.61,3085.96,0.0,19.63,34.81,57.6
2026-08-30T21:26:00+00:00,14.89,13.61,3113.07,0.0,19.63,32.8,65.5
2026-08-30T21:27:00+00:00,17.0,24.11,3249.26,0.62,20.43,33.46,63.62
2026-08-30T21:28:00+00:00,16.01,20.62,3091.4,0.0,19.96,32.59,66.07
2026-08-30T21:29:00+00:00,18.75,29.85,2939.4,0.11,19.63,31.93,62.84
2026-08-30T21:30:00+00:00,10.76,11.51,3180.49,0.0,19.63,33.82,58.73
2026-08-30T21:31:00+00:00,11.46,9.44,2904.58,0.0,20.38,31.93,70.17
2026-08-30T21:32:00+00:00,17.39,18.83,2936.88,0.0,20.42,33.29,59.85
2026-08-30T21:33:00+00:00,18.49,22.14,3356.08,0.0,19.63,31.92,67.36
2026-08-30T21:34:00+00:00,18.45,17.83,3132.06,0.08,19.63,33.4,65.31
2026-08-30T21:35:00+00:00,17.67,18.74,3254.84,1.54,20.17,33.85,63.23
2026-08-30T21:36:00+00:00,13.29,14.17,3013.55,0.0,19.63,34.03,58.93
2026-08-30T21:37:00+00:00,14.03,15.19,3212.95,0.89,20.35,34.6,65.85
2026-08-30T21:38:00+00:00,15.34,21.62,3088.49,0.0,20.17,33.23,67.1
2026-08-30T21:39:00+00:00,16.11,18.67,3424.71,0.0,19.63,31.57,71.26
2026-08-30T21:40:00+00:00,13.93,13.84,3132.34,0.59,20.78,32.99,66.34
2026-08-30T21:41:00+00:00,16.57,18.93,3239.62,0.0,19.63,32.11,69.66
2026-08-30T21:42:00+00:00,15.01,14.73,3177.54,0.28,19.63,32.31,65.24
2026-08-30T21:43:00+00:00,11.19,8.47,3066.66,0.91,19.63,33.04,69.43
2026-08-30T21:44:00+00:00,20.93,20.87,2903.15,0.0,19.63,33.08,57.78
2026-08-30T21:45:00+00:00,15.96,20.41,2853.42,0.0,20.65,31.86,71.98
2026-08-30T21:46:00+00:00,15.89,16.98,3278.86,0.0,19.63,32.83,57.62
2026-08-30T21:47:00+00:00,13.68,17.0,2902.65,0.0,19.63,33.92,55.09
2026-08-30T21:48:00+00:00,12.33,14.01,3171.71,0.25,20.31,35.42,53.29
2026-08-30T21:49:00+00:00,15.8,14.96,2992.21,0.0,19.63,33.05,66.15
2026-08-30T21:50:00+00:00,12.37,13.22,3028.25,0.0,19.68,32.71,65.02
2026-08-30T21:51:00+00:00,16.82,17.17,3062.82,0.0,19.95,33.86,62.58
2026-08-30T21:52:00+00:00,13.77,15.67,3036.33,0.0,19.63,33.11,65.03
2026-08-30T21:53:00+00:00,16.56,23.67,3064.39,0.8,20.31,33.22,66.19
2026-08-30T21:54:00+00:00,13.74,13.8,3034.98,0.0,20.08,34.66,59.75
2026-08-30T21:55:00+00:00,12.15,18.3,3361.53,0.75,20.62,32.84,62.55
2026-08-30T21:56:00+00:00,9.25,7.5,3060.42,0.17,20.2,34.29,63.78
2026-08-30T21:57:00+00:00,15.55,18.37,3187.43,0.0,20.98,35.09,60.12
2026-08-30T21:58:00+00:00,16.88,19.57,3032.44,0.0,19.63,31.94,70.58
2026-08-30T21:59:00+00:00,16.27,13.01,3050.94,0.0,20.29,34.5,59.32
2026-08-30T22:00:00+00:00,13.54,13.47,2902.77,0.0,19.63,32.91,67.4
2026-08-30T22:01:00+00:00,16.39,15.31,2761.3,0.61,19.63,33.46,66.14
2026-08-30T22:02:00+00:00,12.62,13.14,3229.46,0.0,21.1,34.38,62.28
2026-08-30T22:03:00+00:00,14.5,18.02,2881.79,0.0,19.76,33.17,64.09
2026-08-30T22:04:00+00:00,17.66,20.72,2754.77,0.0,19.63,34.61,65.02
2026-08-30T22:05:00+00:00,16.33,19.31,2973.99,0.0,20.97,33.99,62.82
2026-08-30T22:06:00+00:00,16.99,16.85,3057.78,1.06,20.48,33.41,63.99
2026-08-30T22:07:00+00:00,19.03,18.0,3125.05,0.0,19.93,32.73,67.85
2026-08-30T22:08:00+00:00,14.38,24.27,2870.86,0.22,20.98,33.53,64.19
2026-08-30T22:09:00+00:00,14.42,14.91,2890.03,0.0,19.63,33.94,65.57
2026-08-30T22:10:00+00:00,13.36,17.2,3034.5,0.0,20.66,35.07,62.64
2026-08-30T22:11:00+00:00,9.59,12.19,2894.29,0.0,19.63,32.41,65.74
2026-08-30T22:12:00+00:00,14.89,18.74,2831.7,0.0,21.09,32.35,68.15
2026-08-30T22:13:00+00:00,17.97,16.69,3013.03,0.0,20.18,33.44,70.83
2026-08-30T22:14:00+00:00,14.33,14.01,2993.16,0.0,20.62,32.61,64.75
2026-08-30T22:15:00+00:00,15.03,16.45,2981.19,0.0,19.63,32.24,67.32
2026-08-30T22:16:00+00:00,15.68,16.01,3027.15,0.0,19.63,33.79,62.32
2026-08-30T22:17:00+00:00,15.12,19.62,2730.17,0.22,19.63,33.58,64.79
2026-08-30T22:18:00+00:00,17.62,23.87,3029.17,0.0,20.65,33.27,64.74
2026-08-30T22:19:00+00:00,17.2,17.46,3103.25,0.0,19.63,33.37,65.95
2026-08-30T22:20:00+00:00,16.75,26.62,2697.44,0.0,19.77,33.48,67.32
2026-08-30T22:21:00+00:00,9.89,7.92,2894.2,0.0,20.82,34.35,57.63
2026-08-30T22:22:00+00:00,14.38,17.14,2873.99,0.32,20.87,33.99,65.87
2026-08-30T22:23:00+00:00,11.36,13.01,2882.42,0.0,19.63,33.79,64.97
2026-08-30T22:24:00+00:00,14.28,20.36,2935.46,0.34,20.09,32.55,65.15
2026-08-30T22:25:00+00:00,14.23,19.53,3269.93,0.0,20.78,33.71,65.57
2026-08-30T22:26:00+00:00,15.29,18.44,2981.51,0.0,19.71,33.28,67.35
2026-08-30T22:27:00+00:00,13.25,9.76,2801.28,0.0,20.65,33.7,65.7
2026-08-30T22:28:00+00:00,15.66,21.17,2835.94,211.29,19.98,34.52,63.4
2026-08-30T22:29:00+00:00,15.13,14.18,2829.52,223.46,20.52,32.64,65.33
2026-08-30T22:30:00+00:00,12.57,15.73,2996.83,221.03,19.84,32.14,70.7
2026-08-30T22:31:00+00:00,13.6,14.78,2842.32,222.05,20.81,32.24,64.28
2026-08-30T22:32:00+00:00,15.7,15.83,2712.46,214.54,19.7,35.2,61.34
2026-08-30T22:33:00+00:00,14.99,17.1,2898.97,242.03,20.55,34.88,65.49
2026-08-30T22:34:00+00:00,14.4,15.08,3098.64,208.09,19.93,32.92,69.1
2026-08-30T22:35:00+00:00,15.37,21.44,3111.26,214.04,19.63,32.43,66.98
2026-08-30T22:36:00+00:00,15.83,17.01,2764.13,196.33,19.81,33.42,65.41
2026-08-30T22:37:00+00:00,16.37,18.01,3145.55,232.28,19.63,34.26,56.67
2026-08-30T22:38:00+00:00,15.33,14.93,2825.58,235.79,19.74,31.13,77.01
2026-08-30T22:39:00+00:00,13.84,16.95,2854.26,206.25,20.8,33.8,65.45
2026-08-30T22:40:00+00:00,14.39,15.57,2865.77,219.84,20.98,32.26,70.78
2026-08-30T22:41:00+00:00,15.11,19.76,2877.95,192.07,19.63,32.01,69.96
2026-08-30T22:42:00+00:00,17.0,19.52,2984.1,0.0,19.63,32.85,68.87
2026-08-30T22:43:00+00:00,14.21,14.75,2614.88,0.0,19.84,32.32,69.91
2026-08-30T22:44:00+00:00,15.72,16.73,2910.45,0.96,20.91,33.01,66.36
2026-08-30T22:45:00+00:00,18.25,21.42,2809.26,0.0,19.63,33.58,60.76
2026-08-30T22:46:00+00:00,13.09,21.05,2596.32,0.0,19.63,33.22,63.12
2026-08-30T22:47:00+00:00,13.04,15.0,2949.41,0.3,20.09,34.44,59.23
2026-08-30T22:48:00+00:00,12.7,17.41,2678.57,0.0,20.02,34.04,63.82
2026-08-30T22:49:00+00:00,16.44,20.05,2796.64,0.88,19.63,33.28,65.19
2026-08-30T22:50:00+00:00,17.5,21.0,2899.24,0.0,20.12,33.31,62.56
2026-08-30T22:51:00+00:00,14.53,16.99,2805.02,0.0,19.63,33.93,62.51
2026-08-30T22:52:00+00:00,15.13,14.68,2680.51,0.0,20.34,32.15,67.72
2026-08-30T22:53:00+00:00,21.6,20.4,2712.78,0.0,19.63,33.86,65.07
2026-08-30T22:54:00+00:00,20.89,23.9,2915.93,0.0,20.24,32.59,67.01
2026-08-30T22:55:00+00:00,15.43,16.87,2825.22,0.84,20.27,33.58,67.73
2026-08-30T22:56:00+00:00,15.03,15.69,2996.78,0.0,19.83,33.63,66.45
2026-08-30T22:57:00+00:00,17.05,19.79,3075.26,0.0,20.42,32.44,60.58
2026-08-30T22:58:00+00:00,14.87,14.09,2874.56,0.0,20.36,33.18,67.35
2026-08-30T22:59:00+00:00,18.27,21.61,2956.52,0.0,21.05,33.2,62.56
2026-08-30T23:00:00+00:00,19.41,19.29,2951.77,0.0,20.39,33.37,64.35
2026-08-30T23:01:00+00:00,10.57,12.88,3033.97,0.08,19.63,33.18,67.47
2026-08-30T23:02:00+00:00,11.82,14.56,3028.86,0.53,20.51,33.91,61.39
2026-08-30T23:03:00+00:00,14.04,16.92,2721.84,0.0,20.63,33.82,66.1
2026-08-30T23:04:00+00:00,16.2,11.84,2762.79,0.0,19.63,33.01,68.6
2026-08-30T23:05:00+00:00,13.17,12.45,2888.74,0.0,20.54,31.51,74.64
2026-08-30T23:06:00+00:00,20.14,20.32,2875.59,0.0,20.46,33.06,66.35
2026-08-30T23:07:00+00:00,12.28,16.67,2670.71,0.0,19.63,34.33,58.36
2026-08-30T23:08:00+00:00,10.61,9.92,2798.61,0.19,20.03,33.03,64.03
2026-08-30T23:09:00+00:00,15.22,17.75,2708.58,0.0,21.09,33.58,62.74
2026-08-30T23:10:00+00:00,13.55,14.62,2873.57,0.0,20.89,32.83,66.5
2026-08-30T23:11:00+00:00,16.62,18.07,2789.88,0.0,20.32,32.64,63.14
2026-08-30T23:12:00+00:00,16.9,22.55,2829.19,0.0,20.94,32.34,67.36
2026-08-30T23:13:00+00:00,14.21,20.28,2819.85,0.0,20.13,32.77,66.39
2026-08-30T23:14:00+00:00,19.24,21.6,2384.84,0.61,19.63,34.2,64.63
2026-08-30T23:15:00+00:00,18.49,18.66,2674.95,0.11,20.48,32.79,69.09
2026-08-30T23:16:00+00:00,13.64,15.42,2951.52,0.0,20.94,32.99,63.18
2026-08-30T23:17:00+00:00,12.85,14.19,3066.3,0.0,19.63,33.14,69.73
2026-08-30T23:18:00+00:00,12.99,14.86,2527.36,0.0,20.47,33.77,71.11
2026-08-30T23:19:00+00:00,17.27,21.47,2800.62,0.0,19.7,32.78,64.41
2026-08-30T23:20:00+00:00,10.48,14.66,2831.25,0.21,20.9,31.19,74.71
2026-08-30T23:21:00+00:00,17.83,15.86,2855.45,0.0,21.04,31.11,66.22
2026-08-30T23:22:00+00:00,16.18,17.83,2949.6,0.0,20.14,31.74,67.36
2026-08-30T23:23:00+00:00,15.4,15.43,2895.92,0.0,20.65,34.68,59.51
2026-08-30T23:24:00+00:00,20.19,23.25,2900.49,0.0,19.63,33.07,61.79
2026-08-30T23:25:00+00:00,16.93,14.12,2855.61,0.0,20.79,31.98,68.48
2026-08-30T23:26:00+00:00,14.62,18.73,2950.48,0.0,20.6,34.6,65.76
2026-08-30T23:27:00+00:00,11.24,15.69,2723.42,0.0,19.69,33.58,63.55
2026-08-30T23:28:00+00:00,12.66,15.05,3053.28,0.0,20.13,35.29,58.05
2026-08-30T23:29:00+00:00,16.21,17.13,2790.87,0.0,20.15,31.38,65.71
2026-08-30T23:30:00+00:00,18.19,23.91,2840.58,0.0,20.36,31.66,69.25
2026-08-30T23:31:00+00:00,14.36,15.06,2606.95,0.3,19.9,33.43,66.99
2026-08-30T23:32:00+00:00,17.16,22.79,2970.1,0.03,20.36,34.04,66.25
2026-08-30T23:33:00+00:00,15.99,15.01,2749.24,0.26,19.63,33.22,64.54
2026-08-30T23:34:00+00:00,15.36,15.62,2741.0,0.0,20.64,32.98,65.39
2026-08-30T23:35:00+00:00,15.75,17.45,2760.47,0.2,21.09,31.7,68.54
2026-08-30T23:36:00+00:00,15.66,15.18,2690.13,0.0,19.91,32.15,68.11
2026-08-30T23:37:00+00:00,15.38,23.62,2566.34,0.0,19.63,33.21,64.7
2026-08-30T23:38:00+00:00,14.75,18.26,2986.62,0.13,20.55,32.78,62.49
2026-08-30T23:39:00+00:00,19.58,23.19,2656.81,0.0,20.24,32.33,64.45
2026-08-30T23:40:00+00:00,18.77,18.24,2679.8,0.0,19.63,35.34,61.09
2026-08-30T23:41:00+00:00,23.13,26.01,2841.03,0.0,20.24,32.95,63.0
2026-08-30T23:42:00+00:00,18.13,22.21,2705.0,0.0,21.02,33.27,67.53
2026-08-30T23:43:00+00:00,17.18,22.49,2613.72,0.0,19.63,33.69,63.31
2026-08-30T23:44:00+00:00,12.49,14.87,2676.39,0.0,21.04,33.63,63.09
2026-08-30T23:45:00+00:00,8.52,12.55,2887.38,0.56,19.63,32.68,67.61
2026-08-30T23:46:00+00:00,14.44,13.23,2763.12,0.0,19.63,31.99,70.91
2026-08-30T23:47:00+00:00,14.82,20.28,2548.76,0.0,19.63,33.28,65.85
2026-08-30T23:48:00+00:00,13.82,15.2,2670.74,0.43,20.95,31.61,67.76
2026-08-30T23:49:00+00:00,17.77,20.8,2897.18,0.0,19.65,32.22,70.73
2026-08-30T23:50:00+00:00,14.83,17.97,2618.64,0.0,20.64,33.51,65.52
2026-08-30T23:51:00+00:00,16.65,24.52,2448.4,0.0,19.94,32.45,64.83
2026-08-30T23:52:00+00:00,15.04,17.37,2808.2,0.0,19.63,32.96,70.7
2026-08-30T23:53:00+00:00,17.39,19.65,3037.1,0.0,20.44,33.07,63.25
2026-08-30T23:54:00+00:00,15.47,17.29,2557.66,0.0,20.84,32.16,66.0
2026-08-30T23:55:00+00:00,14.54,17.49,2858.64,0.0,21.1,33.89,62.53
2026-08-30T23:56:00+00:00,13.39,15.79,2815.51,0.35,19.63,33.67,59.77
2026-08-30T23:57:00+00:00,14.03,18.25,2789.62,0.0,21.03,32.75,60.84
2026-08-30T23:58:00+00:00,11.13,9.59,2783.99,0.0,20.32,32.79,65.71
2026-08-30T23:59:00+00:00,14.88,13.64,2996.67,0.45,19.63,34.02,61.9
2026-08-31T00:00:00+00:00,21.6,24.69,2554.32,0.0,19.63,32.58,61.52
2026-08-31T00:01:00+00:00,8.53,9.34,2554.97,0.0,19.63,32.61,59.49
2026-08-31T00:02:00+00:00,10.65,11.72,2619.4,0.0,19.7,30.81,70.51
2026-08-31T00:03:00+00:00,13.98,14.68,2539.26,0.07,20.91,32.61,63.99
2026-08-31T00:04:00+00:00,23.21,29.12,2579.49,0.0,20.49,32.53,72.84
2026-08-31T00:05:00+00:00,8.0,9.35,2660.49,0.0,19.63,30.93,72.03
2026-08-31T00:06:00+00:00,20.49,20.1,2723.54,0.64,21.04,32.95,68.89
2026-08-31T00:07:00+00:00,17.25,17.73,2516.5,0.8,20.77,34.55,64.5
2026-08-31T00:08:00+00:00,8.0,8.8,2761.34,0.0,20.1,33.42,71.56
2026-08-31T00:09:00+00:00,26.75,31.21,2784.91,0.34,20.53,33.15,70.39
2026-08-31T00:10:00+00:00,8.0,12.67,2725.89,0.44,19.63,33.65,63.78
2026-08-31T00:11:00+00:00,15.98,14.31,2626.67,0.57,21.08,31.87,69.63
2026-08-31T00:12:00+00:00,22.15,24.68,2572.87,0.0,19.63,33.54,67.16
2026-08-31T00:13:00+00:00,9.98,8.05,2635.17,0.0,20.98,32.37,70.2
2026-08-31T00:14:00+00:00,17.55,19.24,2893.45,0.0,19.63,33.26,61.72
2026-08-31T00:15:00+00:00,12.6,18.24,2762.74,0.0,19.63,32.38,65.23
2026-08-31T00:16:00+00:00,16.0,20.76,2584.46,0.0,19.63,33.8,60.91
2026-08-31T00:17:00+00:00,8.13,9.65,2645.82,0.0,19.87,32.55,65.36
2026-08-31T00:18:00+00:00,10.17,13.83,2469.96,0.57,19.74,32.44,63.15
2026-08-31T00:19:00+00:00,12.22,12.83,3027.47,0.0,20.16,33.11,72.95
2026-08-31T00:20:00+00:00,15.41,19.73,2719.77,0.0,19.82,32.74,63.37
2026-08-31T00:21:00+00:00,23.75,24.04,2757.95,0.0,19.63,34.53,60.51
2026-08-31T00:22:00+00:00,19.89,19.63,2632.75,0.0,20.84,32.84,69.92
2026-08-31T00:23:00+00:00,12.43,12.12,2772.6,0.0,20.78,31.93,72.23
2026-08-31T00:24:00+00:00,16.66,20.45,2787.35,0.0,20.58,32.44,69.66
2026-08-31T00:25:00+00:00,15.85,17.4,2608.68,0.0,19.63,32.03,67.74
2026-08-31T00:26:00+00:00,26.8,30.01,2686.94,0.0,20.69,32.8,63.3
2026-08-31T00:27:00+00:00,8.0,9.78,2854.53,0.76,19.63,33.45,62.69
2026-08-31T00:28:00+00:00,8.0,7.5,2765.49,0.0,20.45,32.44,65.37
2026-08-31T00:29:00+00:00,12.48,11.18,2919.57,0.0,20.41,31.85,71.32
2026-08-31T00:30:00+00:00,27.49,37.63,2430.25,0.05,19.63,32.69,63.41
2026-08-31T00:31:00+00:00,8.0,9.96,2642.55,0.0,20.47,32.08,67.42
2026-08-31T00:32:00+00:00,16.37,20.91,2632.54,0.66,19.63,32.29,72.16
2026-08-31T00:33:00+00:00,15.87,18.35,2643.57,0.98,19.63,32.63,66.72
2026-08-31T00:34:00+00:00,8.0,10.24,2544.74,0.0,20.1,31.97,70.07
2026-08-31T00:35:00+00:00,9.64,15.97,2783.34,0.0,19.88,32.96,69.69
2026-08-31T00:36:00+00:00,19.36,30.1,2611.04,0.0,20.19,33.24,68.29
2026-08-31T00:37:00+00:00,25.18,32.56,2887.72,0.0,19.92,33.5,68.12
2026-08-31T00:38:00+00:00,27.49,29.4,2874.38,0.87,19.63,32.69,66.91
2026-08-31T00:39:00+00:00,16.86,20.77,2462.84,0.0,19.67,34.86,64.22
2026-08-31T00:40:00+00:00,20.24,23.27,2759.53,0.0,19.7,32.15,67.58
2026-08-31T00:41:00+00:00,16.72,18.69,2735.46,0.0,19.63,33.59,63.77
2026-08-31T00:42:00+00:00,17.94,21.86,2622.23,0.05,19.63,32.71,73.53
2026-08-31T00:43:00+00:00,8.52,8.04,2859.67,0.0,20.63,33.03,70.13
2026-08-31T00:44:00+00:00,8.0,11.91,2602.97,0.33,19.76,31.92,69.96
2026-08-31T00:45:00+00:00,14.39,16.78,2572.96,0.0,19.63,33.89,55.57
2026-08-31T00:46:00+00:00,12.75,15.1,2641.38,0.48,19.92,32.29,65.15
2026-08-31T00:47:00+00:00,16.67,20.42,2689.31,0.0,20.98,32.78,66.27
2026-08-31T00:48:00+00:00,19.23,24.8,2831.09,0.0,19.63,32.16,66.07
2026-08-31T00:49:00+00:00,21.19,23.1,2566.27,0.0,20.25,34.07,67.48
2026-08-31T00:50:00+00:00,10.69,15.05,2462.52,0.78,19.92,33.75,60.91
2026-08-31T00:51:00+00:00,13.39,19.38,2501.9,0.0,20.97,31.69,63.47
2026-08-31T00:52:00+00:00,13.8,15.61,2574.88,0.0,19.63,34.25,67.84
2026-08-31T00:53:00+00:00,15.87,18.02,2928.35,0.0,19.95,33.29,62.85
2026-08-31T00:54:00+00:00,13.12,10.82,2715.29,0.0,19.63,32.5,74.04
2026-08-31T00:55:00+00:00,8.0,7.72,2432.25,0.0,20.64,33.25,63.82
2026-08-31T00:56:00+00:00,29.63,29.22,2756.04,0.0,21.11,32.27,63.71
2026-08-31T00:57:00+00:00,8.0,7.5,2656.44,0.0,20.76,33.6,64.64
2026-08-31T00:58:00+00:00,13.86,18.38,2495.32,0.8,20.4,33.78,63.85
2026-08-31T00:59:00+00:00,8.0,15.33,2530.49,0.89,19.73,33.94,61.58
2026-08-31T01:00:00+00:00,19.93,19.91,2605.05,0.07,20.75,33.18,66.17
2026-08-31T01:01:00+00:00,15.81,16.93,2558.23,0.0,19.64,31.23,71.51
2026-08-31T01:02:00+00:00,18.86,22.74,2733.02,0.0,20.87,32.17,67.82
2026-08-31T01:03:00+00:00,16.24,16.13,2478.55,0.0,19.63,32.7,69.23
2026-08-31T01:04:00+00:00,15.65,16.33,2583.46,0.92,20.32,34.39,59.71
2026-08-31T01:05:00+00:00,19.32,21.66,2728.22,0.49,19.63,31.56,70.28
2026-08-31T01:06:00+00:00,18.2,19.1,2707.19,0.0,20.63,32.19,67.26
2026-08-31T01:07:00+00:00,20.44,23.12,2702.78,0.0,20.05,31.85,68.14
2026-08-31T01:08:00+00:00,10.12,10.35,2399.2,0.0,20.82,31.4,68.1
2026-08-31T01:09:00+00:00,22.46,22.09,2364.1,0.0,19.63,34.6,57.04
2026-08-31T01:10:00+00:00,16.87,20.41,2748.19,0.0,20.11,34.07,62.84
2026-08-31T01:11:00+00:00,10.46,9.65,2684.46,0.28,19.63,33.35,65.18
2026-08-31T01:12:00+00:00,11.3,12.25,2593.48,0.95,20.12,32.36,67.9
2026-08-31T01:13:00+00:00,10.97,14.07,2573.22,0.0,21.02,33.12,66.76
2026-08-31T01:14:00+00:00,13.12,13.22,2486.06,0.0,19.8,33.45,63.6
2026-08-31T01:15:00+00:00,8.0,10.89,2668.35,0.0,20.4,32.81,67.13
2026-08-31T01:16:00+00:00,8.0,9.17,2594.91,0.0,20.47,32.41,65.78
2026-08-31T01:17:00+00:00,23.31,27.9,2644.36,0.26,19.63,32.78,60.48
2026-08-31T01:18:00+00:00,10.07,7.66,2384.46,0.49,19.63,33.6,63.83
2026-08-31T01:19:00+00:00,15.28,21.22,2497.83,0.0,19.63,31.86,67.99
2026-08-31T01:20:00+00:00,20.78,21.63,2779.55,0.0,19.63,34.09,59.66
2026-08-31T01:21:00+00:00,11.5,13.34,2493.23,0.0,20.65,33.9,64.31
2026-08-31T01:22:00+00:00,8.0,11.1,2594.4,0.0,19.63,33.97,54.25
2026-08-31T01:23:00+00:00,18.24,18.09,2763.81,0.0,20.11,32.28,65.52
2026-08-31T01:24:00+00:00,9.7,12.2,2585.51,0.94,20.65,32.28,69.99
2026-08-31T01:25:00+00:00,16.85,18.78,2567.98,0.56,19.79,34.97,61.05
2026-08-31T01:26:00+00:00,13.59,14.11,2393.73,0.0,19.63,31.24,72.22
2026-08-31T01:27:00+00:00,21.42,28.11,2432.7,0.55,19.63,32.96,68.16
2026-08-31T01:28:00+00:00,8.01,9.09,2696.39,0.0,19.68,32.7,64.96
2026-08-31T01:29:00+00:00,16.85,19.78,2385.07,0.0,19.63,32.31,66.35
2026-08-31T01:30:00+00:00,17.74,18.11,2340.88,0.0,19.63,32.91,62.91
2026-08-31T01:31:00+00:00,8.0,8.6,2706.56,0.65,20.89,33.21,68.75
2026-08-31T01:32:00+00:00,15.59,17.56,2428.73,1.24,20.38,34.72,62.39
2026-08-31T01:33:00+00:00,19.45,23.36,2507.29,0.0,19.63,33.59,65.75
2026-08-31T01:34:00+00:00,16.14,16.72,2707.36,0.17,19.63,33.2,65.55
2026-08-31T01:35:00+00:00,21.96,23.37,2656.36,0.6,19.63,33.9,67.69
2026-08-31T01:36:00+00:00,8.12,10.76,2739.49,0.0,20.22,32.08,70.11
2026-08-31T01:37:00+00:00,21.7,23.24,2860.93,0.86,19.68,33.24,65.9
2026-08-31T01:38:00+00:00,8.33,12.14,2748.54,0.0,19.63,31.92,66.77
2026-08-31T01:39:00+00:00,13.79,19.98,2612.42,0.0,19.63,32.59,69.04
2026-08-31T01:40:00+00:00,8.0,13.83,2520.58,0.12,20.83,32.11,66.71
2026-08-31T01:41:00+00:00,15.38,20.52,2607.55,0.04,21.08,33.89,55.72
2026-08-31T01:42:00+00:00,13.6,11.2,2564.94,0.0,19.81,33.25,67.92
2026-08-31T01:43:00+00:00,11.56,11.64,2613.3,0.01,20.56,32.39,65.46
2026-08-31T01:44:00+00:00,16.98,17.34,2602.66,0.0,20.36,32.79,71.33
2026-08-31T01:45:00+00:00,12.25,12.49,2803.01,0.0,20.3,34.01,68.47
2026-08-31T01:46:00+00:00,16.19,16.64,2634.31,0.42,19.63,33.19,67.01
2026-08-31T01:47:00+00:00,13.94,14.77,2774.11,0.0,20.15,34.3,60.07
2026-08-31T01:48:00+00:00,17.42,22.54,2760.65,0.23,19.7,33.1,70.41
2026-08-31T01:49:00+00:00,20.0,24.9,2744.3,1.23,19.63,33.65,65.56
2026-08-31T01:50:00+00:00,14.7,13.83,2372.34,0.01,19.63,32.82,64.76
2026-08-31T01:51:00+00:00,16.28,17.23,2720.63,0.0,19.63,32.79,68.77
2026-08-31T01:52:00+00:00,22.04,26.35,2610.22,0.0,20.6,31.34,69.65
2026-08-31T01:53:00+00:00,23.45,32.64,3055.96,0.0,20.36,32.92,64.13
2026-08-31T01:54:00+00:00,12.72,14.6,2737.92,1.16,20.59,34.58,64.22
2026-08-31T01:55:00+00:00,25.71,25.98,2730.54,0.0,19.63,33.39,67.86
2026-08-31T01:56:00+00:00,11.22,12.95,2825.12,0.0,19.63,34.11,59.81
2026-08-31T01:57:00+00:00,14.43,13.18,2718.33,0.0,20.09,32.72,68.62
2026-08-31T01:58:00+00:00,25.45,28.14,2623.51,0.0,19.63,32.96,64.88
2026-08-31T01:59:00+00:00,17.19,20.37,2652.34,0.0,19.63,32.7,68.57
2026-08-31T02:00:00+00:00,17.03,17.98,2421.99,0.0,19.63,32.27,69.35
2026-08-31T02:01:00+00:00,18.13,19.8,2993.51,0.22,20.85,33.51,67.48
2026-08-31T02:02:00+00:00,12.18,15.76,2528.74,0.54,19.76,33.61,64.54
2026-08-31T02:03:00+00:00,12.42,20.14,2632.49,0.0,20.1,32.25,76.09
2026-08-31T02:04:00+00:00,14.7,20.56,2925.42,0.6,19.63,33.79,68.28
2026-08-31T02:05:00+00:00,8.0,7.5,2563.4,0.0,19.63,33.18,74.16
2026-08-31T02:06:00+00:00,16.99,18.33,2699.37,0.0,19.63,32.75,63.5
2026-08-31T02:07:00+00:00,16.65,20.88,2625.06,0.0,19.63,33.32,59.33
2026-08-31T02:08:00+00:00,15.65,16.26,2894.54,0.0,19.63,33.02,70.03
2026-08-31T02:09:00+00:00,15.49,19.6,2642.77,0.0,20.43,34.09,70.5
2026-08-31T02:10:00+00:00,15.26,17.74,2365.33,0.0,19.63,33.64,70.33
2026-08-31T02:11:00+00:00,18.53,16.4,2516.26,0.33,19.63,32.95,66.33
2026-08-31T02:12:00+00:00,8.0,9.35,2675.96,0.0,19.63,33.28,59.48
2026-08-31T02:13:00+00:00,21.46,25.75,2654.43,0.2,20.73,33.62,61.09
2026-08-31T02:14:00+00:00,19.24,22.19,2832.24,0.0,19.81,30.87,72.05
2026-08-31T02:15:00+00:00,19.61,23.23,2407.78,0.0,19.63,33.13,66.6
2026-08-31T02:16:00+00:00,12.3,16.9,2676.2,0.0,20.59,33.61,65.14
2026-08-31T02:17:00+00:00,14.75,21.35,2420.17,0.0,19.63,32.8,72.39
2026-08-31T02:18:00+00:00,23.9,24.5,2597.08,0.0,20.87,32.8,64.92
2026-08-31T02:19:00+00:00,20.27,20.51,2916.7,0.0,19.77,33.68,67.02
2026-08-31T02:20:00+00:00,11.92,13.31,2485.95,0.0,19.63,34.21,65.12
2026-08-31T02:21:00+00:00,12.46,13.28,2777.58,0.93,20.34,32.59,64.66
2026-08-31T02:22:00+00:00,20.26,18.14,2784.02,1.07,19.63,30.25,72.59
2026-08-31T02:23:00+00:00,21.63,31.14,2450.24,0.0,20.56,34.06,60.25
2026-08-31T02:24:00+00:00,22.18,22.47,2730.32,1.13,19.63,32.96,67.53
2026-08-31T02:25:00+00:00,20.45,25.89,2722.84,0.0,19.63,32.39,65.7
2026-08-31T02:26:00+00:00,20.6,21.22,2682.71,0.0,19.63,33.19,63.5
2026-08-31T02:27:00+00:00,20.54,21.56,2635.65,0.0,19.63,33.57,64.08
2026-08-31T02:28:00+00:00,17.53,22.28,2808.98,0.19,19.63,32.98,65.45
2026-08-31T02:29:00+00:00,9.03,12.61,2460.44,0.0,20.78,33.1,62.64
2026-08-31T02:30:00+00:00,8.64,12.35,2712.56,0.0,20.57,33.6,62.75
2026-08-31T02:31:00+00:00,18.31,17.57,2810.34,0.0,19.63,35.17,65.83
2026-08-31T02:32:00+00:00,23.88,32.26,2287.08,0.91,20.53,32.42,67.35
2026-08-31T02:33:00+00:00,8.0,9.04,2319.69,0.0,19.63,32.72,71.35
2026-08-31T02:34:00+00:00,18.61,23.43,2650.14,0.0,19.72,33.15,61.65
2026-08-31T02:35:00+00:00,11.48,8.36,2710.71,0.51,19.63,32.66,67.48
2026-08-31T02:36:00+00:00,14.37,21.08,2473.3,0.0,19.63,33.4,63.82
2026-08-31T02:37:00+00:00,18.76,20.18,2643.78,0.0,21.02,33.32,64.13
2026-08-31T02:38:00+00:00,13.66,19.17,2668.79,1.24,20.44,33.56,67.71
2026-08-31T02:39:00+00:00,17.75,23.06,2735.67,0.0,19.63,32.18,63.42
2026-08-31T02:40:00+00:00,11.51,9.26,2583.74,0.0,20.66,33.28,59.89
2026-08-31T02:41:00+00:00,12.28,17.63,2680.54,0.29,19.85,32.46,64.16
2026-08-31T02:42:00+00:00,20.45,20.4,2588.29,0.0,19.63,31.42,74.2
2026-08-31T02:43:00+00:00,15.82,21.55,2768.81,0.0,20.7,34.26,62.03
2026-08-31T02:44:00+00:00,10.11,9.85,2617.34,0.15,19.82,31.69,72.99
2026-08-31T02:45:00+00:00,13.32,12.15,2805.94,0.0,20.03,33.2,66.38
2026-08-31T02:46:00+00:00,18.34,20.72,2706.74,0.0,20.1,33.09,64.55
2026-08-31T02:47:00+00:00,16.53,17.58,2787.3,0.0,19.63,33.19,65.17
2026-08-31T02:48:00+00:00,13.1,13.57,2343.88,0.1,20.72,32.0,71.35
2026-08-31T02:49:00+00:00,17.98,25.29,2793.57,0.0,20.72,34.06,65.14
2026-08-31T02:50:00+00:00,18.84,19.32,2412.43,0.0,19.63,33.92,64.35
2026-08-31T02:51:00+00:00,12.81,16.11,2918.46,0.59,19.63,32.71,64.44
2026-08-31T02:52:00+00:00,11.43,11.35,2584.97,0.0,19.63,31.95,72.08
2026-08-31T02:53:00+00:00,20.03,20.39,2507.57,0.56,19.67,35.0,68.64
2026-08-31T02:54:00+00:00,16.87,20.72,2620.75,0.0,21.04,33.87,64.51
2026-08-31T02:55:00+00:00,19.79,28.4,2841.03,0.0,20.96,32.46,69.72
2026-08-31T02:56:00+00:00,12.77,12.52,2878.77,0.0,19.8,32.32,65.31
2026-08-31T02:57:00+00:00,21.02,26.16,2590.78,0.38,19.63,34.83,58.21
2026-08-31T02:58:00+00:00,14.01,17.5,2624.45,0.0,19.66,32.49,76.63
2026-08-31T02:59:00+00:00,9.23,14.68,2637.4,0.0,19.63,32.65,70.19
2026-08-31T03:00:00+00:00,11.52,13.8,2631.88,0.0,19.63,32.29,68.95
2026-08-31T03:01:00+00:00,21.26,23.19,2607.5,0.0,19.63,32.29,68.81
2026-08-31T03:02:00+00:00,19.85,19.63,2736.77,0.0,20.15,32.99,62.31
2026-08-31T03:03:00+00:00,15.69,13.11,2763.55,0.0,20.58,32.72,68.58
2026-08-31T03:04:00+00:00,13.52,19.89,2604.82,0.0,20.51,34.25,63.59
2026-08-31T03:05:00+00:00,8.0,7.5,2380.36,0.0,19.75,33.06,67.28
2026-08-31T03:06:00+00:00,22.12,24.34,2830.62,0.0,19.63,33.38,62.13
2026-08-31T03:07:00+00:00,14.65,17.63,2700.32,0.0,19.63,33.23,63.14
2026-08-31T03:08:00+00:00,22.63,27.3,2576.89,0.01,20.31,33.48,65.6
2026-08-31T03:09:00+00:00,15.91,21.88,2557.67,0.55,20.87,33.83,66.45
2026-08-31T03:10:00+00:00,11.37,10.86,2634.41,0.0,19.63,32.54,66.96
2026-08-31T03:11:00+00:00,13.01,17.46,2690.02,0.0,19.65,33.45,65.54
2026-08-31T03:12:00+00:00,11.41,11.64,2702.42,0.0,19.63,31.74,69.91
2026-08-31T03:13:00+00:00,15.22,9.99,2908.71,0.0,19.63,31.92,72.11
2026-08-31T03:14:00+00:00,15.61,13.87,2644.75,0.04,19.63,33.86,65.31
2026-08-31T03:15:00+00:00,18.14,23.37,2832.4,0.0,20.52,33.69,64.55
2026-08-31T03:16:00+00:00,22.98,26.9,2540.51,0.07,20.71,32.95,63.89
2026-08-31T03:17:00+00:00,17.32,12.92,2761.72,0.0,19.63,34.81,65.0
2026-08-31T03:18:00+00:00,13.19,17.09,2790.62,0.0,20.55,31.98,68.84
2026-08-31T03:19:00+00:00,12.75,17.04,2505.4,0.0,19.63,32.44,62.6
2026-08-31T03:20:00+00:00,10.51,11.41,2494.46,0.0,20.01,32.7,69.53
2026-08-31T03:21:00+00:00,21.71,24.95,2593.95,0.0,19.63,31.8,62.92
2026-08-31T03:22:00+00:00,15.72,16.51,2563.9,0.0,21.05,35.06,61.47
2026-08-31T03:23:00+00:00,11.89,15.74,2862.39,0.0,20.55,33.16,65.78
2026-08-31T03:24:00+00:00,15.99,19.41,2409.27,0.0,19.63,32.78,68.47
2026-08-31T03:25:00+00:00,17.07,19.51,2618.87,0.0,19.63,32.46,67.06
2026-08-31T03:26:00+00:00,13.53,14.99,2608.39,0.0,19.63,33.56,64.06
2026-08-31T03:27:00+00:00,17.68,16.44,2584.36,0.0,19.63,31.26,68.18
2026-08-31T03:28:00+00:00,17.74,19.2,2624.68,0.0,20.14,31.15,66.73
2026-08-31T03:29:00+00:00,10.92,17.18,2706.81,0.0,19.63,32.68,68.4
2026-08-31T03:30:00+00:00,13.98,13.26,2686.18,0.0,20.09,32.28,70.04
2026-08-31T03:31:00+00:00,8.0,10.05,2512.81,0.0,20.9,32.4,72.22
2026-08-31T03:32:00+00:00,17.03,21.36,2629.43,0.0,19.63,34.01,62.62
2026-08-31T03:33:00+00:00,17.77,19.27,2615.93,0.0,19.63,33.1,63.13
2026-08-31T03:34:00+00:00,11.41,11.36,2665.62,0.0,19.63,32.28,64.92
2026-08-31T03:35:00+00:00,13.87,16.76,2760.82,0.0,20.5,32.68,63.06
2026-08-31T03:36:00+00:00,12.21,13.52,2571.38,0.0,19.63,33.48,68.4
2026-08-31T03:37:00+00:00,18.83,20.53,2724.1,0.0,19.63,31.73,69.37
2026-08-31T03:38:00+00:00,16.29,15.45,2749.27,0.0,20.97,32.61,70.52
2026-08-31T03:39:00+00:00,20.37,23.16,2501.37,1.11,19.63,33.58,63.18
2026-08-31T03:40:00+00:00,13.22,17.52,2506.14,0.0,19.63,32.72,67.07
2026-08-31T03:41:00+00:00,16.41,18.66,2613.3,0.0,19.63,33.69,65.89
2026-08-31T03:42:00+00:00,14.94,13.82,2661.77,0.0,20.52,33.25,71.9
2026-08-31T03:43:00+00:00,19.37,20.69,2852.39,0.0,20.21,33.51,69.92
2026-08-31T03:44:00+00:00,12.28,13.22,2839.39,0.0,19.94,33.74,64.24
2026-08-31T03:45:00+00:00,18.32,24.18,2515.62,0.75,20.87,34.08,65.2
2026-08-31T03:46:00+00:00,8.51,7.5,2904.86,0.84,19.63,32.11,67.16
2026-08-31T03:47:00+00:00,18.87,22.85,2752.08,0.0,19.88,32.47,65.16
2026-08-31T03:48:00+00:00,14.54,15.67,2713.17,0.0,20.68,33.34,64.54
2026-08-31T03:49:00+00:00,12.17,13.19,2564.87,0.0,19.63,32.53,69.49
2026-08-31T03:50:00+00:00,15.59,16.46,2697.55,0.58,20.31,31.81,67.91
2026-08-31T03:51:00+00:00,13.01,13.82,2981.35,0.0,19.7,30.81,69.55
2026-08-31T03:52:00+00:00,12.49,13.55,2681.3,0.52,20.92,32.76,63.7
2026-08-31T03:53:00+00:00,8.57,14.58,2730.88,0.0,19.63,33.94,61.49
2026-08-31T03:54:00+00:00,17.46,16.95,3033.83,0.0,20.51,32.4,66.78
2026-08-31T03:55:00+00:00,9.43,9.18,2588.23,0.0,19.63,32.98,67.73
2026-08-31T03:56:00+00:00,13.47,16.52,2777.42,0.0,19.63,32.56,62.1
2026-08-31T03:57:00+00:00,16.44,18.42,2640.47,0.16,19.63,33.73,62.15
2026-08-31T03:58:00+00:00,20.96,21.32,2485.82,0.57,19.63,33.46,63.64
2026-08-31T03:59:00+00:00,11.49,16.33,2960.29,0.0,19.63,34.4,58.92
2026-08-31T04:00:00+00:00,13.19,19.86,2963.85,0.0,19.63,33.06,67.38
2026-08-31T04:01:00+00:00,21.74,22.98,2422.77,0.0,20.63,33.5,63.04
2026-08-31T04:02:00+00:00,22.14,23.0,2812.02,0.0,19.63,34.08,67.11
2026-08-31T04:03:00+00:00,8.48,8.06,2713.01,0.0,20.06,34.32,59.73
2026-08-31T04:04:00+00:00,10.49,11.71,2542.12,0.0,20.55,32.73,68.21
2026-08-31T04:05:00+00:00,14.52,15.88,2590.46,0.0,20.45,33.99,65.92
2026-08-31T04:06:00+00:00,17.49,21.16,2721.4,0.0,20.57,33.95,64.52
2026-08-31T04:07:00+00:00,12.83,16.0,2691.62,0.0,20.0,33.94,62.26
2026-08-31T04:08:00+00:00,15.28,14.68,2541.97,0.0,20.81,31.75,72.16
2026-08-31T04:09:00+00:00,16.45,19.4,2819.8,0.0,20.3,31.76,72.23
2026-08-31T04:10:00+00:00,12.01,20.3,2521.61,0.0,21.03,32.69,68.58
2026-08-31T04:11:00+00:00,19.08,24.79,2776.41,0.0,19.63,33.47,64.19
2026-08-31T04:12:00+00:00,8.33,9.35,2685.1,0.0,20.02,33.05,66.59
2026-08-31T04:13:00+00:00,14.68,25.26,2755.68,0.0,19.63,34.07,60.06
2026-08-31T04:14:00+00:00,18.9,21.57,2596.66,0.0,19.63,32.99,68.48
2026-08-31T04:15:00+00:00,17.29,18.07,2538.05,0.24,19.63,33.7,60.28
2026-08-31T04:16:00+00:00,8.2,12.5,2913.0,0.0,19.79,33.43,66.97
2026-08-31T04:17:00+00:00,15.89,12.85,2848.45,0.0,19.63,33.46,69.06
2026-08-31T04:18:00+00:00,19.15,25.06,2856.71,0.0,19.88,32.26,68.57
2026-08-31T04:19:00+00:00,11.83,16.57,2753.62,0.0,20.64,35.54,58.65
2026-08-31T04:20:00+00:00,14.28,20.7,2555.9,0.0,21.03,34.03,63.09
2026-08-31T04:21:00+00:00,10.61,12.55,2548.4,0.61,19.63,32.33,69.99
2026-08-31T04:22:00+00:00,14.67,21.34,2573.23,0.25,19.63,33.1,72.05
2026-08-31T04:23:00+00:00,14.66,13.09,2430.99,0.0,19.89,33.26,72.02
2026-08-31T04:24:00+00:00,17.21,19.58,2825.92,0.0,19.63,31.92,69.04
2026-08-31T04:25:00+00:00,11.68,12.27,2840.23,0.0,21.12,33.27,63.75
2026-08-31T04:26:00+00:00,22.13,22.85,2821.37,0.12,20.47,33.46,68.04
2026-08-31T04:27:00+00:00,16.74,18.42,2961.12,1.06,19.63,31.81,69.5
2026-08-31T04:28:00+00:00,11.75,16.78,2728.52,0.0,19.63,33.65,62.21
2026-08-31T04:29:00+00:00,13.97,10.1,2453.24,0.0,19.63,33.94,64.1
2026-08-31T04:30:00+00:00,15.45,19.25,2542.72,0.0,20.86,33.3,64.73
2026-08-31T04:31:00+00:00,13.35,14.87,2775.83,0.0,19.77,33.44,69.95
2026-08-31T04:32:00+00:00,14.61,18.49,2280.86,0.0,19.94,32.77,63.84
2026-08-31T04:33:00+00:00,11.03,15.28,2607.0,0.0,20.55,32.94,64.27
2026-08-31T04:34:00+00:00,13.66,17.79,2753.92,0.0,19.63,34.73,58.84
2026-08-31T04:35:00+00:00,13.88,16.33,2518.32,0.41,20.32,32.99,61.73
2026-08-31T04:36:00+00:00,13.63,15.16,2605.14,0.27,20.4,33.89,64.57
2026-08-31T04:37:00+00:00,16.78,19.96,2673.86,0.99,20.88,33.32,64.61
2026-08-31T04:38:00+00:00,20.36,22.74,2831.09,0.0,19.63,33.39,64.7
2026-08-31T04:39:00+00:00,15.15,13.26,2707.05,0.0,20.81,34.58,60.39
2026-08-31T04:40:00+00:00,19.29,19.95,2853.06,0.0,20.86,33.46,63.86
2026-08-31T04:41:00+00:00,15.32,21.26,2814.54,0.0,20.7,33.18,63.5
2026-08-31T04:42:00+00:00,17.18,21.55,2726.57,0.0,19.63,32.89,66.14
2026-08-31T04:43:00+00:00,16.95,19.16,2613.15,0.0,19.63,33.81,69.92
2026-08-31T04:44:00+00:00,8.0,10.42,2905.18,0.0,19.63,33.38,67.53
2026-08-31T04:45:00+00:00,10.54,10.52,2712.84,0.03,19.71,34.24,60.11
2026-08-31T04:46:00+00:00,12.2,14.53,2804.11,0.0,19.63,34.05,58.17
2026-08-31T04:47:00+00:00,13.84,16.3,2480.73,0.0,20.71,33.13,64.15
2026-08-31T04:48:00+00:00,17.81,23.82,2728.76,0.0,20.11,33.53,61.51
2026-08-31T04:49:00+00:00,19.03,20.91,2892.33,0.0,19.63,31.75,68.22
2026-08-31T04:50:00+00:00,20.97,20.82,2474.25,0.0,19.63,34.1,60.93
2026-08-31T04:51:00+00:00,15.02,23.84,2782.09,0.0,20.19,32.96,65.42
2026-08-31T04:52:00+00:00,15.73,20.74,2835.08,0.0,19.63,34.06,71.17
2026-08-31T04:53:00+00:00,21.91,23.26,2370.53,0.0,19.64,34.05,64.74
2026-08-31T04:54:00+00:00,12.7,15.97,2764.56,0.0,19.96,32.48,66.69
2026-08-31T04:55:00+00:00,20.92,24.6,2709.92,0.0,19.63,34.2,64.45
2026-08-31T04:56:00+00:00,21.13,25.95,2512.02,0.01,19.63,33.21,65.79
2026-08-31T04:57:00+00:00,17.23,21.78,2536.57,0.0,19.63,33.92,66.87
2026-08-31T04:58:00+00:00,12.45,16.14,2656.48,0.0,19.63,34.26,62.45
2026-08-31T04:59:00+00:00,13.89,15.5,2656.9,0.0,19.63,34.84,64.39
2026-08-31T05:00:00+00:00,12.12,15.83,2755.42,0.0,21.07,33.4,64.59
2026-08-31T05:01:00+00:00,10.68,10.61,2699.91,1.03,20.36,33.35,67.11
2026-08-31T05:02:00+00:00,10.49,11.77,2593.99,0.0,20.7,34.51,66.8
2026-08-31T05:03:00+00:00,11.89,10.96,2846.29,0.0,21.11,34.81,62.97
2026-08-31T05:04:00+00:00,16.13,19.97,2693.7,0.0,19.63,33.43,61.5
2026-08-31T05:05:00+00:00,21.48,23.9,2635.14,0.0,19.63,33.68,62.32
2026-08-31T05:06:00+00:00,19.48,25.13,2337.09,0.35,19.63,34.39,63.35
2026-08-31T05:07:00+00:00,16.12,19.07,2532.68,0.0,19.63,33.78,65.65
2026-08-31T05:08:00+00:00,8.9,12.29,2499.8,0.19,20.96,33.13,70.4
2026-08-31T05:09:00+00:00,18.99,21.2,2715.17,0.63,21.08,35.68,58.54
2026-08-31T05:10:00+00:00,16.27,17.6,2869.11,0.0,21.1,33.32,71.13
2026-08-31T05:11:00+00:00,14.89,18.54,2883.28,0.82,19.63,33.32,64.79
2026-08-31T05:12:00+00:00,12.47,20.73,2796.24,0.0,19.76,32.61,64.24
2026-08-31T05:13:00+00:00,15.67,16.56,2857.08,0.0,19.9,34.18,66.88
2026-08-31T05:14:00+00:00,14.32,15.64,2839.64,0.0,19.63,33.23,66.55
2026-08-31T05:15:00+00:00,17.43,24.76,3011.89,0.94,21.09,33.18,71.8
2026-08-31T05:16:00+00:00,15.28,16.74,2458.38,0.0,19.63,33.25,65.92
2026-08-31T05:17:00+00:00,15.0,19.98,2808.99,0.0,20.44,32.97,73.03
2026-08-31T05:18:00+00:00,17.07,18.68,2712.67,0.0,20.49,33.06,67.17
2026-08-31T05:19:00+00:00,13.08,11.21,2429.11,0.0,20.72,33.0,69.24
2026-08-31T05:20:00+00:00,16.28,18.44,2470.77,0.0,19.63,32.97,67.22
2026-08-31T05:21:00+00:00,13.84,13.88,2766.66,0.28,19.63,34.34,64.97
2026-08-31T05:22:00+00:00,10.36,14.3,2809.3,0.0,19.63,34.59,61.07
2026-08-31T05:23:00+00:00,23.25,24.16,2754.31,0.0,20.58,33.6,61.96
2026-08-31T05:24:00+00:00,22.32,23.77,2818.13,0.0,20.62,34.12,61.77
2026-08-31T05:25:00+00:00,14.89,19.22,2670.49,0.76,19.63,34.39,67.06
2026-08-31T05:26:00+00:00,14.45,15.49,2769.66,0.15,19.63,34.81,59.59
2026-08-31T05:27:00+00:00,19.2,19.48,2639.53,0.0,20.38,33.7,63.18
2026-08-31T05:28:00+00:00,14.06,17.1,2629.58,0.0,19.63,31.63,72.66
2026-08-31T05:29:00+00:00,16.67,23.28,2797.54,0.0,20.22,33.7,60.87
2026-08-31T05:30:00+00:00,12.32,17.5,2974.17,0.46,19.91,33.87,68.02
2026-08-31T05:31:00+00:00,18.03,19.5,2606.2,0.0,19.64,34.34,64.08
2026-08-31T05:32:00+00:00,12.01,14.96,2689.97,0.11,21.12,33.59,67.16
2026-08-31T05:33:00+00:00,14.58,17.49,2847.48,0.0,19.63,32.65,67.26
2026-08-31T05:34:00+00:00,13.72,13.43,2761.76,0.51,19.63,34.46,57.92
2026-08-31T05:35:00+00:00,10.02,14.4,2906.06,0.0,19.81,32.53,65.5
2026-08-31T05:36:00+00:00,15.5,21.53,2646.04,0.41,20.72,34.84,60.88
2026-08-31T05:37:00+00:00,15.41,15.03,2575.95,0.0,20.91,35.23,58.77
2026-08-31T05:38:00+00:00,13.94,17.61,2761.62,0.0,19.67,33.88,68.6
2026-08-31T05:39:00+00:00,13.09,15.14,2500.73,0.0,19.63,34.69,63.46
2026-08-31T05:40:00+00:00,16.29,18.02,2756.66,0.68,19.63,35.21,64.15
2026-08-31T05:41:00+00:00,12.72,9.8,2879.32,0.0,19.67,32.33,61.64
2026-08-31T05:42:00+00:00,18.96,21.56,2578.0,0.18,20.89,34.28,63.44
2026-08-31T05:43:00+00:00,10.33,12.21,2673.64,1.0,19.83,33.64,56.81
2026-08-31T05:44:00+00:00,13.61,17.16,2922.45,0.62,20.35,32.53,64.03
2026-08-31T05:45:00+00:00,12.59,15.69,2870.73,0.46,19.82,35.09,60.23
2026-08-31T05:46:00+00:00,12.95,19.67,2722.61,0.0,19.63,34.58,67.37
2026-08-31T05:47:00+00:00,16.06,19.03,2611.01,0.0,19.63,33.42,63.03
2026-08-31T05:48:00+00:00,12.3,17.95,2583.48,0.0,19.91,31.8,65.95
2026-08-31T05:49:00+00:00,17.94,18.02,2689.56,0.0,19.63,34.52,60.1
2026-08-31T05:50:00+00:00,13.66,13.33,2601.38,0.0,19.9,35.52,55.39
2026-08-31T05:51:00+00:00,16.4,18.3,2742.42,0.0,19.63,34.97,58.2
2026-08-31T05:52:00+00:00,15.15,14.78,2506.59,0.6,19.63,33.81,61.34
2026-08-31T05:53:00+00:00,16.5,22.06,2798.86,0.0,20.31,35.3,57.39
2026-08-31T05:54:00+00:00,17.73,22.14,2683.83,0.89,20.12,35.11,55.32
2026-08-31T05:55:00+00:00,16.49,20.66,2538.1,0.0,19.63,34.01,63.12
2026-08-31T05:56:00+00:00,16.54,17.78,2698.23,0.0,20.86,33.38,70.06
2026-08-31T05:57:00+00:00,16.99,21.65,2820.23,0.0,19.63,33.77,61.7
2026-08-31T05:58:00+00:00,12.29,16.57,2659.56,0.0,20.12,33.37,64.78
2026-08-31T05:59:00+00:00,16.43,18.74,2549.92,0.01,19.63,34.29,63.14
2026-08-31T06:00:00+00:00,10.73,13.56,2869.51,0.0,19.63,34.5,61.74
2026-08-31T06:01:00+00:00,15.48,16.01,2667.21,1.06,20.23,33.21,65.64
2026-08-31T06:02:00+00:00,12.46,17.5,2674.65,0.0,19.63,32.76,69.44
2026-08-31T06:03:00+00:00,17.73,20.04,2746.71,0.0,20.75,32.53,67.08
2026-08-31T06:04:00+00:00,15.21,13.31,2749.9,0.0,20.64,34.66,57.73
2026-08-31T06:05:00+00:00,8.33,10.32,2724.93,0.0,20.58,33.0,68.88
2026-08-31T06:06:00+00:00,10.69,14.63,2414.0,0.0,19.63,33.16,65.11
2026-08-31T06:07:00+00:00,18.32,17.0,2542.86,0.0,19.63,34.46,64.69
2026-08-31T06:08:00+00:00,11.63,9.76,2603.62,0.37,20.78,33.69,60.8
2026-08-31T06:09:00+00:00,10.97,15.56,2799.19,0.0,21.06,33.35,66.53
2026-08-31T06:10:00+00:00,16.47,29.75,2879.81,0.0,20.07,35.07,60.86
2026-08-31T06:11:00+00:00,15.0,12.72,2736.27,0.0,19.79,33.66,64.97
2026-08-31T06:12:00+00:00,11.42,10.9,2881.04,0.0,20.93,35.63,65.98
2026-08-31T06:13:00+00:00,12.05,17.33,2735.12,0.0,20.07,32.43,65.65
2026-08-31T06:14:00+00:00,13.02,20.17,2883.48,0.0,19.63,34.12,65.85
2026-08-31T06:15:00+00:00,16.08,19.93,2861.21,0.0,20.08,34.37,62.85
2026-08-31T06:16:00+00:00,13.39,14.19,2723.27,0.96,19.63,33.35,64.95
2026-08-31T06:17:00+00:00,17.84,24.65,2825.95,0.0,20.13,33.73,63.3
2026-08-31T06:18:00+00:00,19.67,18.07,2768.11,0.0,20.04,33.41,61.89
2026-08-31T06:19:00+00:00,17.82,21.35,2535.88,0.12,20.55,33.62,64.7
2026-08-31T06:20:00+00:00,17.89,20.08,2723.75,0.0,19.63,33.43,70.32
2026-08-31T06:21:00+00:00,12.05,14.78,2817.8,0.51,19.63,34.96,62.72
2026-08-31T06:22:00+00:00,12.73,13.13,2759.77,0.21,20.66,33.75,65.46
2026-08-31T06:23:00+00:00,17.37,16.09,2861.31,0.7,20.2,33.17,68.42
2026-08-31T06:24:00+00:00,11.63,14.17,2930.0,0.0,19.69,33.78,67.83
2026-08-31T06:25:00+00:00,17.47,23.4,2779.77,0.0,20.05,34.54,66.8
2026-08-31T06:26:00+00:00,15.71,18.17,2625.91,0.0,20.52,34.11,64.16
2026-08-31T06:27:00+00:00,18.54,22.7,2676.32,0.74,21.08,34.04,68.19
2026-08-31T06:28:00+00:00,14.6,16.08,2599.56,0.0,20.0,33.95,67.02
2026-08-31T06:29:00+00:00,21.53,21.22,2714.37,0.08,20.11,33.1,64.57
2026-08-31T06:30:00+00:00,10.5,15.06,2729.06,0.0,19.63,35.46,60.22
2026-08-31T06:31:00+00:00,14.97,16.12,2857.32,0.0,20.43,34.74,56.73
2026-08-31T06:32:00+00:00,18.76,24.24,2483.64,0.31,20.15,33.51,64.12
2026-08-31T06:33:00+00:00,18.47,20.98,2589.38,0.68,20.13,33.35,67.0
2026-08-31T06:34:00+00:00,17.82,21.13,2564.67,0.0,20.26,34.1,63.42
2026-08-31T06:35:00+00:00,14.39,20.31,2589.88,0.0,19.63,36.1,58.98
2026-08-31T06:36:00+00:00,20.34,25.53,2906.53,0.0,19.79,34.76,58.41
2026-08-31T06:37:00+00:00,14.45,14.31,2586.26,0.0,19.63,35.55,59.29
2026-08-31T06:38:00+00:00,15.27,14.48,2742.14,1.24,20.9,34.55,63.62
2026-08-31T06:39:00+00:00,10.87,12.99,2858.72,0.0,20.45,34.03,58.67
2026-08-31T06:40:00+00:00,15.24,20.55,2820.95,0.0,19.63,33.89,64.0
2026-08-31T06:41:00+00:00,13.8,18.94,2694.07,0.0,19.64,34.09,62.07
2026-08-31T06:42:00+00:00,11.85,8.47,2867.76,0.11,20.33,33.7,60.01
2026-08-31T06:43:00+00:00,17.88,19.94,2649.65,0.0,19.78,34.23,58.7
2026-08-31T06:44:00+00:00,16.85,22.31,2714.07,1.32,19.63,34.21,60.68
2026-08-31T06:45:00+00:00,16.02,17.51,2555.97,0.69,20.55,31.87,73.19
2026-08-31T06:46:00+00:00,9.48,10.76,2869.87,0.31,21.01,34.32,57.66
2026-08-31T06:47:00+00:00,15.86,16.91,2659.0,0.0,20.17,35.8,61.25
2026-08-31T06:48:00+00:00,14.94,14.21,2856.92,0.0,19.67,33.15,64.19
2026-08-31T06:49:00+00:00,15.09,20.32,2648.58,0.0,19.8,35.76,60.2
2026-08-31T06:50:00+00:00,11.38,15.44,2786.63,0.0,20.95,33.45,69.3
2026-08-31T06:51:00+00:00,19.71,24.84,2745.37,0.0,20.07,32.09,69.28
2026-08-31T06:52:00+00:00,21.03,21.86,2726.15,0.0,19.63,33.85,63.35
2026-08-31T06:53:00+00:00,14.93,17.6,2883.1,0.31,21.04,34.25,63.15
2026-08-31T06:54:00+00:00,19.39,20.91,2712.9,0.0,19.63,34.05,64.36
2026-08-31T06:55:00+00:00,14.48,15.2,2820.88,0.0,20.71,33.0,66.37
2026-08-31T06:56:00+00:00,18.84,22.32,2771.96,0.09,19.63,34.07,61.0
2026-08-31T06:57:00+00:00,18.42,21.47,2773.26,0.0,20.9,35.05,60.9
2026-08-31T06:58:00+00:00,18.8,23.31,2795.0,0.46,19.63,34.3,61.62
2026-08-31T06:59:00+00:00,16.72,19.7,2554.26,0.0,20.12,35.07,62.04
2026-08-31T07:00:00+00:00,14.76,15.96,2851.17,0.0,20.66,32.03,72.42
2026-08-31T07:01:00+00:00,13.56,13.39,2703.95,0.35,20.32,35.64,60.02
2026-08-31T07:02:00+00:00,18.54,16.34,2793.75,0.0,19.63,35.78,54.59
2026-08-31T07:03:00+00:00,18.98,20.13,2840.26,0.34,19.63,35.1,68.24
2026-08-31T07:04:00+00:00,13.62,16.43,2793.63,0.0,20.31,35.06,63.64
2026-08-31T07:05:00+00:00,19.29,19.88,2835.35,0.0,20.33,33.95,65.07
2026-08-31T07:06:00+00:00,8.0,7.5,2844.77,0.61,20.72,35.36,56.4
2026-08-31T07:07:00+00:00,13.58,13.53,2823.48,0.0,19.63,34.04,62.3
2026-08-31T07:08:00+00:00,12.96,14.35,2900.33,0.72,20.41,33.53,61.95
2026-08-31T07:09:00+00:00,19.38,22.95,2724.46,1.08,19.68,34.22,61.9
2026-08-31T07:10:00+00:00,20.49,24.68,2536.15,0.0,19.63,34.86,62.41
2026-08-31T07:11:00+00:00,13.55,14.64,2827.76,0.0,20.58,34.58,56.65
2026-08-31T07:12:00+00:00,16.25,15.85,3048.83,0.31,20.43,34.27,62.09
2026-08-31T07:13:00+00:00,15.87,14.8,2936.93,0.0,19.63,32.65,67.98
2026-08-31T07:14:00+00:00,17.52,16.03,2859.82,0.0,20.83,33.05,64.57
2026-08-31T07:15:00+00:00,19.53,19.22,2947.76,0.0,19.63,34.56,59.08
2026-08-31T07:16:00+00:00,14.29,18.93,2822.85,0.0,19.63,36.36,54.61
2026-08-31T07:17:00+00:00,14.37,19.85,2909.34,0.0,19.63,35.33,64.79
2026-08-31T07:18:00+00:00,15.54,13.9,2945.3,1.28,21.0,34.54,58.56
2026-08-31T07:19:00+00:00,14.77,15.98,3003.5,0.0,20.78,34.43,64.28
2026-08-31T07:20:00+00:00,17.79,21.85,3026.0,0.0,19.63,34.72,61.87
2026-08-31T07:21:00+00:00,13.91,15.92,2713.18,0.35,19.63,33.9,65.44
2026-08-31T07:22:00+00:00,15.2,18.96,2768.93,0.0,20.63,34.78,61.87
2026-08-31T07:23:00+00:00,20.12,22.64,2758.02,0.48,19.63,35.03,59.33
2026-08-31T07:24:00+00:00,9.87,15.45,2897.56,0.0,19.63,36.13,58.84
2026-08-31T07:25:00+00:00,17.08,14.93,3066.74,0.19,20.22,34.19,61.21
2026-08-31T07:26:00+00:00,12.19,19.22,2930.18,0.62,19.92,33.68,62.75
2026-08-31T07:27:00+00:00,14.21,20.28,2768.58,0.0,19.95,34.74,56.79
2026-08-31T07:28:00+00:00,17.86,21.1,3017.52,0.0,19.72,34.12,67.09
2026-08-31T07:29:00+00:00,16.32,15.91,2891.55,0.0,19.9,32.51,71.24
2026-08-31T07:30:00+00:00,15.48,11.85,2841.0,0.67,20.96,37.55,56.82
2026-08-31T07:31:00+00:00,14.55,19.74,2917.41,0.0,19.99,33.75,60.53
2026-08-31T07:32:00+00:00,17.56,18.75,2858.46,0.97,19.63,33.37,65.18
2026-08-31T07:33:00+00:00,14.35,17.58,2954.77,0.0,19.88,33.99,61.22
2026-08-31T07:34:00+00:00,15.08,17.98,2759.42,0.0,19.63,34.78,61.48
2026-08-31T07:35:00+00:00,13.2,13.94,2964.97,0.0,19.63,34.77,62.96
2026-08-31T07:36:00+00:00,17.95,18.94,2754.16,0.0,19.63,34.2,68.12
2026-08-31T07:37:00+00:00,12.07,14.24,2786.8,0.89,19.63,33.96,67.32
2026-08-31T07:38:00+00:00,16.03,15.95,2926.95,0.0,20.0,33.87,61.73
2026-08-31T07:39:00+00:00,15.53,14.01,2913.6,0.0,19.63,35.5,60.87
2026-08-31T07:40:00+00:00,13.7,16.36,3121.26,0.0,19.67,33.91,62.53
2026-08-31T07:41:00+00:00,16.69,15.21,2878.47,0.0,20.11,34.27,62.07
2026-08-31T07:42:00+00:00,17.76,23.85,3168.58,0.0,19.63,35.1,61.29
2026-08-31T07:43:00+00:00,14.12,20.14,3051.16,0.0,19.98,35.13,62.38
2026-08-31T07:44:00+00:00,13.08,15.64,3122.37,0.0,20.42,34.99,62.56
2026-08-31T07:45:00+00:00,11.33,16.05,3158.44,0.0,20.19,36.17,58.41
2026-08-31T07:46:00+00:00,13.25,11.85,2856.85,0.02,19.69,34.62,63.67
2026-08-31T07:47:00+00:00,15.23,15.37,2966.79,0.0,19.63,36.29,54.34
2026-08-31T07:48:00+00:00,11.62,14.61,2895.05,0.35,20.89,33.53,70.72
2026-08-31T07:49:00+00:00,17.81,22.58,3173.57,0.0,19.92,33.97,65.53
2026-08-31T07:50:00+00:00,19.38,24.84,2865.05,0.0,20.25,36.78,56.73
2026-08-31T07:51:00+00:00,20.02,22.63,2941.13,0.0,20.17,36.5,54.98
2026-08-31T07:52:00+00:00,15.64,16.96,2928.25,0.0,20.58,33.44,64.99
2026-08-31T07:53:00+00:00,14.14,17.01,2991.45,0.0,20.21,34.66,65.59
2026-08-31T07:54:00+00:00,14.92,19.47,2932.14,0.0,20.46,34.78,61.34
2026-08-31T07:55:00+00:00,16.55,16.16,2891.03,0.0,20.43,34.65,64.88
2026-08-31T07:56:00+00:00,16.03,21.86,3003.39,0.0,20.26,36.12,54.35
2026-08-31T07:57:00+00:00,19.09,25.25,2946.61,0.0,20.34,34.34,58.8
2026-08-31T07:58:00+00:00,16.13,19.02,3415.98,1.06,21.02,35.07,58.74
2026-08-31T07:59:00+00:00,17.95,16.1,3010.17,0.0,21.16,33.82,63.62
2026-08-31T08:00:00+00:00,11.16,8.42,3075.79,0.0,20.4,33.48,60.82
2026-08-31T08:01:00+00:00,18.98,23.93,3190.93,0.0,21.71,33.9,62.8
2026-08-31T08:02:00+00:00,12.03,13.75,2764.63,0.0,21.64,33.55,64.35
2026-08-31T08:03:00+00:00,19.77,17.43,3172.96,0.0,20.51,35.59,60.39
2026-08-31T08:04:00+00:00,14.78,14.63,3199.38,0.0,19.9,33.59,60.35
2026-08-31T08:05:00+00:00,12.27,12.67,2862.68,0.0,21.45,34.18,58.51
2026-08-31T08:06:00+00:00,12.19,14.1,2923.67,0.0,22.41,35.66,60.01
2026-08-31T08:07:00+00:00,16.13,16.99,2691.93,0.0,20.58,36.1,58.78
2026-08-31T08:08:00+00:00,13.59,10.53,3118.63,0.63,22.33,34.05,70.49
2026-08-31T08:09:00+00:00,14.15,13.8,3036.73,0.0,21.83,35.89,52.84
2026-08-31T08:10:00+00:00,12.65,9.38,3029.55,0.0,22.82,36.46,55.16
2026-08-31T08:11:00+00:00,14.05,16.89,3264.2,0.35,23.46,34.22,63.4
2026-08-31T08:12:00+00:00,18.31,19.96,2898.26,0.0,22.13,34.79,60.52
2026-08-31T08:13:00+00:00,13.11,15.12,3166.84,0.0,23.62,34.47,61.74
2026-08-31T08:14:00+00:00,16.5,17.38,3087.45,0.0,20.06,35.69,60.3
2026-08-31T08:15:00+00:00,21.35,25.43,3263.54,0.0,24.2,34.09,61.88
2026-08-31T08:16:00+00:00,13.38,13.19,3237.4,0.0,23.87,34.06,65.37
2026-08-31T08:17:00+00:00,15.07,23.29,3047.99,0.0,20.42,35.51,64.21
2026-08-31T08:18:00+00:00,14.66,20.31,3282.93,0.0,22.61,34.88,56.7
2026-08-31T08:19:00+00:00,20.29,21.16,3019.08,0.0,20.64,34.53,66.74
2026-08-31T08:20:00+00:00,16.83,15.23,3044.24,0.0,24.65,34.84,67.72
2026-08-31T08:21:00+00:00,15.28,14.97,3252.87,0.0,23.8,34.25,63.88
2026-08-31T08:22:00+00:00,16.81,21.05,3149.18,0.23,20.6,35.08,68.8
2026-08-31T08:23:00+00:00,13.52,14.28,3280.53,0.0,20.32,34.29,64.45
2026-08-31T08:24:00+00:00,10.06,9.45,3415.29,163.8,23.06,35.32,58.93
2026-08-31T08:25:00+00:00,12.94,9.97,3135.64,133.61,24.26,34.83,66.59
2026-08-31T08:26:00+00:00,16.02,15.35,3271.65,148.74,20.63,36.47,57.79
2026-08-31T08:27:00+00:00,17.46,20.36,3213.65,122.86,25.7,35.54,60.3
2026-08-31T08:28:00+00:00,15.66,18.04,3059.54,145.51,24.72,34.89,57.89
2026-08-31T08:29:00+00:00,11.54,17.15,3054.59,130.97,20.71,33.75,64.73
2026-08-31T08:30:00+00:00,19.44,25.26,3233.84,148.14,25.27,35.47,58.88
2026-08-31T08:31:00+00:00,20.41,20.94,3201.4,128.33,20.13,36.78,55.73
2026-08-31T08:32:00+00:00,13.4,17.62,3349.78,128.39,24.97,32.66,66.52
2026-08-31T08:33:00+00:00,17.78,18.82,3265.85,0.84,20.22,36.24,59.44
2026-08-31T08:34:00+00:00,14.02,16.51,3264.83,0.31,20.43,35.28,62.97
2026-08-31T08:35:00+00:00,15.42,18.19,3161.11,0.0,26.19,34.57,59.39
2026-08-31T08:36:00+00:00,19.28,21.25,3292.35,0.28,25.06,35.68,59.21
2026-08-31T08:37:00+00:00,14.62,14.41,2974.56,0.0,20.11,34.99,64.01
2026-08-31T08:38:00+00:00,13.7,18.73,2835.73,0.0,20.16,35.29,61.54
2026-08-31T08:39:00+00:00,12.14,11.97,3466.19,0.0,26.31,35.26,61.51
2026-08-31T08:40:00+00:00,14.05,17.03,3221.45,0.0,25.02,35.17,59.89
2026-08-31T08:41:00+00:00,14.05,15.4,3221.34,0.95,20.19,35.08,65.55
2026-08-31T08:42:00+00:00,17.01,16.7,3516.63,0.0,29.09,34.7,62.75
2026-08-31T08:43:00+00:00,12.65,15.64,3148.14,0.45,20.34,35.85,58.15
2026-08-31T08:44:00+00:00,16.99,23.6,3049.49,0.0,25.78,34.62,63.38
2026-08-31T08:45:00+00:00,17.68,19.5,3244.73,0.0,29.6,34.68,61.08
2026-08-31T08:46:00+00:00,16.16,17.08,3138.03,0.0,20.08,36.86,53.77
2026-08-31T08:47:00+00:00,14.92,23.78,3092.85,0.7,28.29,36.31,59.0
2026-08-31T08:48:00+00:00,12.45,19.64,3247.04,0.0,21.04,34.05,65.76
2026-08-31T08:49:00+00:00,16.02,15.3,3437.17,0.0,27.28,36.74,59.11
2026-08-31T08:50:00+00:00,12.1,11.31,3305.34,0.0,19.87,35.68,57.15
2026-08-31T08:51:00+00:00,17.88,16.65,3384.96,0.0,20.42,35.56,63.24
2026-08-31T08:52:00+00:00,12.55,12.88,3290.71,0.75,20.87,34.43,62.78
2026-08-31T08:53:00+00:00,11.31,10.9,3099.6,0.0,26.77,35.01,58.24
2026-08-31T08:54:00+00:00,18.17,27.42,3356.79,0.16,20.97,34.82,59.19
2026-08-31T08:55:00+00:00,16.35,20.96,3059.42,0.0,19.71,34.51,53.69
2026-08-31T08:56:00+00:00,13.68,14.83,3414.2,0.0,30.16,35.55,57.49
2026-08-31T08:57:00+00:00,17.16,17.3,3673.62,0.0,30.98,37.13,53.25
2026-08-31T08:58:00+00:00,17.16,17.72,3319.86,0.0,28.82,35.41,56.55
2026-08-31T08:59:00+00:00,19.24,16.87,3360.26,0.0,20.9,34.22,63.92
2026-08-31T09:00:00+00:00,8.91,13.65,3561.49,0.0,28.69,35.78,55.69
2026-08-31T09:01:00+00:00,18.21,15.53,3365.19,0.0,31.17,35.32,56.56
2026-08-31T09:02:00+00:00,12.73,13.41,3353.6,0.0,32.2,34.93,52.07
2026-08-31T09:03:00+00:00,12.66,20.19,3280.29,0.0,28.5,35.83,58.09
2026-08-31T09:04:00+00:00,15.47,14.78,3521.18,0.43,32.43,34.38,63.08
2026-08-31T09:05:00+00:00,15.04,19.43,3635.94,0.0,28.52,35.73,55.35
2026-08-31T09:06:00+00:00,14.79,17.46,3330.76,0.0,20.89,35.21,63.74
2026-08-31T09:07:00+00:00,14.63,21.71,3533.21,0.0,19.86,35.85,52.44
2026-08-31T09:08:00+00:00,16.34,20.57,3409.49,0.0,31.55,37.37,53.87
2026-08-31T09:09:00+00:00,19.83,20.56,3311.74,0.0,20.3,35.22,62.3
2026-08-31T09:10:00+00:00,14.19,12.44,3288.23,0.0,20.37,36.65,57.91
2026-08-31T09:11:00+00:00,15.82,15.45,3318.52,0.0,20.23,35.9,59.39
2026-08-31T09:12:00+00:00,12.12,13.9,3456.66,0.0,29.54,34.95,58.14
2026-08-31T09:13:00+00:00,14.42,16.79,3401.14,0.0,32.52,34.87,62.12
2026-08-31T09:14:00+00:00,14.71,16.26,3163.32,0.0,19.99,36.03,59.21
2026-08-31T09:15:00+00:00,13.82,11.76,3506.79,0.0,20.7,35.55,60.26
2026-08-31T09:16:00+00:00,17.06,18.81,3709.64,0.0,20.23,36.06,57.96
2026-08-31T09:17:00+00:00,13.95,13.95,3169.23,0.0,20.07,34.76,63.21
2026-08-31T09:18:00+00:00,16.91,13.42,3438.43,0.0,32.19,34.7,65.08
2026-08-31T09:19:00+00:00,13.83,15.77,3463.91,0.0,20.86,35.76,61.33
2026-08-31T09:20:00+00:00,19.25,24.5,3153.67,0.0,20.72,34.95,64.45
2026-08-31T09:21:00+00:00,16.48,22.22,3323.85,0.04,34.35,34.89,67.01
2026-08-31T09:22:00+00:00,15.92,15.27,3353.62,0.0,34.89,35.75,61.0
2026-08-31T09:23:00+00:00,11.86,10.6,3599.26,0.0,19.82,35.29,59.83
2026-08-31T09:24:00+00:00,17.41,13.39,2964.97,0.0,20.51,35.33,66.18
2026-08-31T09:25:00+00:00,12.38,13.2,3403.86,0.0,20.56,36.34,58.56
2026-08-31T09:26:00+00:00,14.59,15.1,3771.94,0.0,30.98,37.24,55.0
2026-08-31T09:27:00+00:00,16.4,14.81,3208.31,0.0,39.32,35.62,58.99
2026-08-31T09:28:00+00:00,13.04,11.2,3400.15,0.0,20.76,36.62,57.66
2026-08-31T09:29:00+00:00,16.89,21.9,3357.9,0.0,20.94,36.05,58.56
2026-08-31T09:30:00+00:00,12.72,15.07,3351.83,0.0,20.51,36.6,53.44
2026-08-31T09:31:00+00:00,15.51,18.87,3638.72,0.0,20.13,36.17,56.8
2026-08-31T09:32:00+00:00,16.73,17.61,3373.15,0.31,31.73,35.07,61.75
2026-08-31T09:33:00+00:00,16.9,18.82,3250.32,0.0,20.92,35.21,61.29
2026-08-31T09:34:00+00:00,14.33,13.97,3483.83,1.1,38.97,35.47,61.12
2026-08-31T09:35:00+00:00,10.14,16.35,3455.83,0.98,20.06,36.38,59.03
2026-08-31T09:36:00+00:00,15.93,20.48,3411.48,0.0,34.26,35.19,57.73
2026-08-31T09:37:00+00:00,17.73,20.97,3209.94,0.0,20.9,35.7,64.05
2026-08-31T09:38:00+00:00,19.73,25.52,3402.86,0.0,33.69,36.26,50.32
2026-08-31T09:39:00+00:00,17.85,17.72,3724.24,0.05,39.58,37.68,49.82
2026-08-31T09:40:00+00:00,19.3,19.04,3597.29,0.0,20.38,36.61,52.58
2026-08-31T09:41:00+00:00,10.95,9.62,3507.19,0.0,34.87,35.14,63.04
2026-08-31T09:42:00+00:00,18.92,21.96,3462.68,0.0,39.24,37.81,51.83
2026-08-31T09:43:00+00:00,16.23,20.39,3532.73,0.0,40.93,34.6,59.84
2026-08-31T09:44:00+00:00,16.48,14.61,3406.76,1.2,20.63,36.34,60.13
2026-08-31T09:45:00+00:00,14.01,13.53,3543.91,0.0,20.79,36.86,56.48
2026-08-31T09:46:00+00:00,14.88,15.22,3519.33,0.0,20.82,35.65,64.61
2026-08-31T09:47:00+00:00,18.46,19.47,3383.43,0.0,40.06,36.03,57.2
2026-08-31T09:48:00+00:00,17.05,21.4,3456.46,0.0,21.06,36.09,55.67
2026-08-31T09:49:00+00:00,12.03,7.85,3414.71,0.0,19.72,35.55,62.43
2026-08-31T09:50:00+00:00,8.0,7.5,3795.0,0.88,19.81,35.56,61.14
2026-08-31T09:51:00+00:00,12.18,15.03,3359.39,0.6,21.01,34.8,61.35
2026-08-31T09:52:00+00:00,16.41,16.91,3652.54,0.0,42.01,36.18,58.75
2026-08-31T09:53:00+00:00,15.1,19.27,3565.65,0.13,41.44,34.91,54.42
2026-08-31T09:54:00+00:00,16.41,18.47,3580.69,0.0,45.84,35.29,60.78
2026-08-31T09:55:00+00:00,15.36,13.46,3603.1,0.0,20.92,37.92,51.85
2026-08-31T09:56:00+00:00,14.33,12.84,3289.88,0.0,20.53,36.05,53.88
2026-08-31T09:57:00+00:00,19.0,23.46,3186.96,0.51,19.65,35.97,60.9
2026-08-31T09:58:00+00:00,11.93,13.98,3369.45,0.0,20.0,35.29,55.19
2026-08-31T09:59:00+00:00,15.49,17.39,3930.0,0.0,41.37,35.32,58.02
2026-08-31T10:00:00+00:00,13.0,15.47,3717.74,0.0,36.86,36.18,56.4
2026-08-31T10:01:00+00:00,15.45,14.21,3462.8,0.38,48.23,36.98,55.5
2026-08-31T10:02:00+00:00,17.53,21.97,3500.06,0.0,20.13,35.22,59.0
2026-08-31T10:03:00+00:00,15.27,18.75,3535.01,0.16,39.64,34.58,61.22
2026-08-31T10:04:00+00:00,17.99,17.14,3464.93,0.0,20.47,35.62,65.32
2026-08-31T10:05:00+00:00,12.76,14.98,3321.84,0.0,42.75,35.39,65.28
2026-08-31T10:06:00+00:00,15.22,16.34,3483.46,0.0,40.8,35.88,59.38
2026-08-31T10:07:00+00:00,15.23,16.67,3160.13,0.65,45.36,36.22,55.49
2026-08-31T10:08:00+00:00,15.7,18.79,3629.58,0.0,46.05,35.7,57.71
2026-08-31T10:09:00+00:00,15.78,22.43,3627.42,0.0,39.52,35.22,61.75
2026-08-31T10:10:00+00:00,16.11,13.22,3323.8,0.0,37.4,37.03,54.23
2026-08-31T10:11:00+00:00,14.24,12.49,3297.73,0.52,47.13,36.18,56.69
2026-08-31T10:12:00+00:00,17.31,25.39,3610.83,0.43,21.01,38.59,50.31
2026-08-31T10:13:00+00:00,13.96,21.41,3383.87,0.0,46.94,35.0,57.98
2026-08-31T10:14:00+00:00,18.56,21.18,3445.76,0.0,38.12,35.15,61.64
2026-08-31T10:15:00+00:00,18.82,21.83,3409.82,0.5,20.44,36.03,57.52
2026-08-31T10:16:00+00:00,16.66,16.84,3365.53,0.0,20.99,35.33,58.36
2026-08-31T10:17:00+00:00,17.65,12.81,3346.7,0.0,39.32,36.76,60.56
2026-08-31T10:18:00+00:00,11.4,10.67,3421.09,0.0,20.3,36.54,54.76
2026-08-31T10:19:00+00:00,13.58,15.41,3735.85,0.0,47.48,36.32,60.61
2026-08-31T10:20:00+00:00,16.73,21.97,3535.93,0.0,20.21,38.0,50.44
2026-08-31T10:21:00+00:00,11.16,10.73,3576.52,0.0,19.83,37.15,57.27
2026-08-31T10:22:00+00:00,13.6,18.41,3765.78,0.0,20.95,35.16,64.67
2026-08-31T10:23:00+00:00,13.5,18.96,3172.3,0.0,49.66,34.96,60.15
2026-08-31T10:24:00+00:00,17.85,16.08,3410.8,0.32,41.03,37.41,59.08
2026-08-31T10:25:00+00:00,23.03,28.14,3689.45,0.0,21.04,36.01,54.36
2026-08-31T10:26:00+00:00,11.82,18.64,3793.45,0.0,43.67,38.18,54.48
2026-08-31T10:27:00+00:00,14.18,16.02,3826.62,0.0,50.98,38.07,50.47
2026-08-31T10:28:00+00:00,17.13,20.17,3268.62,0.0,45.03,36.85,56.98
2026-08-31T10:29:00+00:00,14.91,17.99,3309.46,0.26,41.4,35.83,59.35
2026-08-31T10:30:00+00:00,11.68,13.25,3415.7,0.0,20.27,36.42,60.46
2026-08-31T10:31:00+00:00,17.41,20.53,3544.07,0.0,44.19,36.31,59.92
2026-08-31T10:32:00+00:00,11.53,10.37,3525.88,0.73,47.99,35.39,60.22
2026-08-31T10:33:00+00:00,13.96,11.97,3398.66,0.0,20.21,35.17,57.34
2026-08-31T10:34:00+00:00,13.43,15.35,3500.35,0.0,21.0,35.43,58.84
2026-08-31T10:35:00+00:00,15.65,17.64,3288.91,0.0,20.67,35.51,59.9
2026-08-31T10:36:00+00:00,19.19,20.44,3508.96,0.23,20.86,36.32,52.8
2026-08-31T10:37:00+00:00,13.34,12.09,3060.31,0.0,51.53,35.94,58.02
2026-08-31T10:38:00+00:00,12.62,13.71,3902.25,0.0,44.49,36.88,56.85
2026-08-31T10:39:00+00:00,17.29,21.5,3264.11,0.43,20.23,36.53,57.63
2026-08-31T10:40:00+00:00,18.4,19.56,3398.37,0.0,20.7,35.43,64.63
2026-08-31T10:41:00+00:00,14.44,17.31,3615.74,0.75,21.05,35.21,64.64
2026-08-31T10:42:00+00:00,13.89,14.6,3438.64,0.0,42.17,36.43,55.61
2026-08-31T10:43:00+00:00,15.87,19.55,3559.17,0.62,42.74,36.49,55.55
2026-08-31T10:44:00+00:00,15.94,19.83,2890.59,0.0,19.8,37.22,62.16
2026-08-31T10:45:00+00:00,12.47,17.78,3368.43,0.0,46.28,37.92,52.05
2026-08-31T10:46:00+00:00,15.73,16.31,3219.63,0.0,60.61,36.37,60.37
2026-08-31T10:47:00+00:00,17.87,19.8,3196.39,0.0,50.47,35.72,56.38
2026-08-31T10:48:00+00:00,24.63,26.34,3437.74,0.0,20.35,37.44,51.79
2026-08-31T10:49:00+00:00,14.58,18.92,3176.83,0.0,21.02,36.98,57.2
2026-08-31T10:50:00+00:00,16.05,18.89,3300.76,0.89,20.55,36.14,53.99
2026-08-31T10:51:00+00:00,8.75,11.16,3422.0,0.0,20.74,36.9,56.6
2026-08-31T10:52:00+00:00,15.57,23.03,3400.63,0.0,50.78,35.59,56.11
2026-08-31T10:53:00+00:00,13.59,14.92,3238.96,0.0,20.59,35.94,62.56
2026-08-31T10:54:00+00:00,18.05,22.24,3395.38,0.0,20.6,36.95,50.2
2026-08-31T10:55:00+00:00,15.53,16.53,3727.34,0.22,20.21,36.68,54.84
2026-08-31T10:56:00+00:00,12.37,17.22,3324.08,0.0,55.6,37.65,51.04
2026-08-31T10:57:00+00:00,15.65,18.78,3181.17,0.0,54.59,37.47,50.66
2026-08-31T10:58:00+00:00,11.68,10.96,3675.24,0.0,63.76,36.17,57.5
2026-08-31T10:59:00+00:00,19.74,24.27,3466.65,0.0,20.94,36.44,46.97
2026-08-31T11:00:00+00:00,15.18,17.48,3292.45,0.0,20.05,38.18,50.04
2026-08-31T11:01:00+00:00,14.09,16.32,3322.84,0.0,49.36,37.32,55.4
2026-08-31T11:02:00+00:00,18.37,21.92,3184.94,1.31,56.9,37.66,52.12
2026-08-31T11:03:00+00:00,15.37,18.01,3059.47,0.0,63.14,36.87,57.83
2026-08-31T11:04:00+00:00,14.13,15.7,3461.99,0.0,45.68,37.52,55.29
2026-08-31T11:05:00+00:00,15.27,18.67,3265.87,0.47,48.9,36.4,58.18
2026-08-31T11:06:00+00:00,17.13,21.8,3097.47,0.0,20.4,35.86,57.98
2026-08-31T11:07:00+00:00,13.52,18.19,3284.43,1.04,19.68,37.6,52.04
2026-08-31T11:08:00+00:00,21.27,20.41,3541.41,0.0,57.34,35.29,59.05
2026-08-31T11:09:00+00:00,16.12,14.79,3400.18,0.07,55.72,36.02,59.36
2026-08-31T11:10:00+00:00,13.27,14.25,3388.93,0.0,53.77,37.19,55.54
2026-08-31T11:11:00+00:00,11.99,12.54,2933.97,0.0,20.31,37.65,51.11
2026-08-31T11:12:00+00:00,17.1,22.87,3369.81,0.0,20.36,37.11,52.51
2026-08-31T11:13:00+00:00,14.3,17.13,3363.53,0.41,49.01,36.48,56.79
2026-08-31T11:14:00+00:00,18.48,22.46,3082.83,0.45,20.54,36.89,53.88
2026-08-31T11:15:00+00:00,14.9,17.83,3269.93,0.37,20.0,37.27,53.91
2026-08-31T11:16:00+00:00,17.26,21.39,3372.07,0.0,20.8,36.7,53.74
2026-08-31T11:17:00+00:00,15.27,16.18,3339.24,0.0,19.7,37.51,54.49
2026-08-31T11:18:00+00:00,10.75,13.67,3304.76,0.0,20.8,37.34,54.81
2026-08-31T11:19:00+00:00,16.75,16.45,3031.24,0.0,20.76,37.07,52.31
2026-08-31T11:20:00+00:00,17.69,18.96,3309.09,0.38,20.91,36.34,57.65
2026-08-31T11:21:00+00:00,14.67,17.23,3390.58,0.0,21.06,38.34,55.59
2026-08-31T11:22:00+00:00,10.5,18.08,2848.33,0.67,20.48,37.21,49.65
2026-08-31T11:23:00+00:00,11.68,13.47,3075.38,0.0,65.3,37.48,57.45
2026-08-31T11:24:00+00:00,14.97,18.45,3463.65,0.0,20.05,37.43,55.87
2026-08-31T11:25:00+00:00,11.32,12.04,3348.77,0.0,53.7,35.43,62.8
2026-08-31T11:26:00+00:00,14.27,21.28,3041.13,0.0,19.78,37.07,62.73
2026-08-31T11:27:00+00:00,15.95,15.9,3048.13,0.0,70.69,36.67,54.68
2026-08-31T11:28:00+00:00,19.42,23.81,3237.48,0.0,20.43,36.03,62.52
2026-08-31T11:29:00+00:00,16.42,19.95,3163.75,0.0,20.55,36.47,56.58
2026-08-31T11:30:00+00:00,18.45,20.12,3071.21,0.0,69.31,38.16,50.7
2026-08-31T11:31:00+00:00,14.43,19.01,3289.11,0.0,56.39,38.54,53.61
2026-08-31T11:32:00+00:00,16.13,15.5,3382.12,0.66,19.77,35.91,54.44
2026-08-31T11:33:00+00:00,18.51,22.05,3409.61,0.0,60.18,38.96,51.17
2026-08-31T11:34:00+00:00,15.28,19.74,3181.93,0.7,20.28,38.58,52.33
2026-08-31T11:35:00+00:00,19.66,21.81,3250.19,0.0,66.87,38.48,53.45
2026-08-31T11:36:00+00:00,13.12,16.24,3133.21,0.0,53.09,38.6,52.34
2026-08-31T11:37:00+00:00,12.48,14.84,3014.97,0.0,19.92,36.48,52.39
2026-08-31T11:38:00+00:00,13.74,12.3,3175.76,0.0,71.97,37.85,53.73
2026-08-31T11:39:00+00:00,17.85,17.58,3242.83,0.0,64.64,36.67,55.52
2026-08-31T11:40:00+00:00,18.85,25.87,3261.22,0.17,20.27,38.52,53.81
2026-08-31T11:41:00+00:00,15.84,18.78,3308.29,0.0,20.28,36.41,59.11
2026-08-31T11:42:00+00:00,17.24,19.11,2869.89,0.0,74.69,35.89,53.26
2026-08-31T11:43:00+00:00,12.21,13.25,3352.48,0.63,20.84,36.61,56.34
2026-08-31T11:44:00+00:00,14.29,19.33,3088.94,0.0,20.5,36.37,54.26
2026-08-31T11:45:00+00:00,21.04,28.44,3213.04,0.0,20.14,37.09,52.57
2026-08-31T11:46:00+00:00,12.34,17.0,3154.17,0.0,68.38,36.06,62.66
2026-08-31T11:47:00+00:00,15.45,19.89,3268.23,0.0,19.84,36.88,49.63
2026-08-31T11:48:00+00:00,15.94,16.13,2967.12,0.0,20.94,38.3,52.19
2026-08-31T11:49:00+00:00,13.26,12.58,2904.25,0.0,19.66,37.46,53.87
2026-08-31T11:50:00+00:00,19.44,18.2,3166.69,0.0,20.16,36.64,58.92
2026-08-31T11:51:00+00:00,13.58,13.64,3012.52,0.0,19.79,39.46,52.58
2026-08-31T11:52:00+00:00,15.78,14.22,3038.97,0.0,20.64,38.08,50.91
2026-08-31T11:53:00+00:00,15.42,21.02,2961.22,0.0,69.43,39.0,48.32
2026-08-31T11:54:00+00:00,15.95,15.77,3341.93,0.0,52.13,39.19,50.75
2026-08-31T11:55:00+00:00,10.77,15.26,3018.75,1.08,19.68,37.7,51.23
2026-08-31T11:56:00+00:00,13.83,12.58,3115.68,0.0,19.68,37.97,50.38
2026-08-31T11:57:00+00:00,15.26,20.67,2716.79,0.0,67.9,36.23,57.56
2026-08-31T11:58:00+00:00,17.13,22.08,2774.4,0.0,20.6,36.8,53.26
2026-08-31T11:59:00+00:00,12.51,11.79,3195.87,0.0,78.44,38.73,51.55
2026-08-31T12:00:00+00:00,12.41,17.21,3269.79,0.0,63.59,37.73,54.11
2026-08-31T12:01:00+00:00,18.58,16.04,3119.59,0.27,19.91,38.22,50.5
2026-08-31T12:02:00+00:00,15.14,18.49,2963.3,0.0,19.77,38.53,52.44
2026-08-31T12:03:00+00:00,15.65,13.32,3205.25,0.0,67.19,38.7,49.98
2026-08-31T12:04:00+00:00,15.48,22.32,2909.93,0.28,74.75,37.92,52.96
2026-08-31T12:05:00+00:00,13.89,18.8,2642.9,0.0,80.03,38.14,53.57
2026-08-31T12:06:00+00:00,13.63,23.29,2862.02,0.0,76.01,37.77,54.25
2026-08-31T12:07:00+00:00,17.54,19.86,2961.2,0.0,19.72,37.47,54.78
2026-08-31T12:08:00+00:00,19.4,19.18,2933.33,0.0,21.11,37.0,60.54
2026-08-31T12:09:00+00:00,17.41,24.67,3054.25,0.0,53.74,38.83,48.38
2026-08-31T12:10:00+00:00,14.04,15.16,2959.12,0.0,19.82,37.05,51.56
2026-08-31T12:11:00+00:00,17.73,14.67,3077.85,0.0,20.48,38.58,55.62
2026-08-31T12:12:00+00:00,16.28,20.8,3138.47,0.0,19.92,37.11,55.67
2026-08-31T12:13:00+00:00,14.76,16.22,2674.99,0.0,20.2,37.51,54.98
2026-08-31T12:14:00+00:00,19.5,24.5,2700.01,0.81,20.29,38.1,55.0
2026-08-31T12:15:00+00:00,12.1,12.27,2942.94,0.0,81.58,36.7,54.79
2026-08-31T12:16:00+00:00,16.2,18.16,2845.13,0.0,67.5,38.41,50.27
2026-08-31T12:17:00+00:00,14.86,24.02,2846.39,0.27,58.69,37.5,55.42
2026-08-31T12:18:00+00:00,12.36,12.7,2712.25,0.0,57.58,37.03,50.09
2026-08-31T12:19:00+00:00,14.65,17.16,2943.82,0.0,73.1,38.59,55.01
2026-08-31T12:20:00+00:00,12.47,14.67,3235.03,0.0,19.66,36.07,60.32
2026-08-31T12:21:00+00:00,15.64,23.88,2873.22,0.0,74.7,37.89,55.21
2026-08-31T12:22:00+00:00,14.39,18.66,3091.7,0.0,76.33,37.57,51.05
2026-08-31T12:23:00+00:00,15.7,15.17,2713.63,0.0,20.72,36.83,56.87
2026-08-31T12:24:00+00:00,15.33,14.58,2864.94,0.06,20.44,37.62,51.44
2026-08-31T12:25:00+00:00,14.52,14.63,2877.02,0.64,81.1,37.68,59.13
2026-08-31T12:26:00+00:00,14.24,18.41,3072.46,0.0,55.87,38.64,48.97
2026-08-31T12:27:00+00:00,16.18,13.94,2939.98,0.0,20.74,37.36,56.21
2026-08-31T12:28:00+00:00,17.41,21.08,2890.41,0.0,68.16,37.04,54.26
2026-08-31T12:29:00+00:00,14.74,21.76,2897.9,0.0,20.63,38.77,48.14
2026-08-31T12:30:00+00:00,16.35,18.96,2903.98,0.0,20.44,36.35,56.74
2026-08-31T12:31:00+00:00,14.85,16.58,2884.81,0.39,20.78,37.09,51.09
2026-08-31T12:32:00+00:00,10.98,12.08,2828.94,0.05,20.52,34.87,63.13
2026-08-31T12:33:00+00:00,14.73,16.43,2974.8,0.0,20.18,38.49,51.08
2026-08-31T12:34:00+00:00,14.08,18.63,2577.51,0.7,19.66,36.85,56.78
2026-08-31T12:35:00+00:00,18.31,25.63,2644.6,0.0,19.95,37.57,48.85
2026-08-31T12:36:00+00:00,16.61,19.63,2702.74,0.0,79.61,37.74,56.16
2026-08-31T12:37:00+00:00,18.38,16.64,2736.77,0.0,20.15,37.15,51.26
2026-08-31T12:38:00+00:00,14.12,12.1,2629.74,0.54,20.85,37.43,54.8
2026-08-31T12:39:00+00:00,15.53,21.32,3041.74,0.0,20.43,38.08,57.87
2026-08-31T12:40:00+00:00,14.01,16.63,2971.47,0.0,81.33,37.19,59.47
2026-08-31T12:41:00+00:00,14.96,12.18,2897.47,0.0,20.18,38.1,50.0
2026-08-31T12:42:00+00:00,9.36,10.92,2993.72,0.0,21.04,39.06,53.57
2026-08-31T12:43:00+00:00,15.82,17.14,2928.61,0.0,81.42,38.36,49.82
2026-08-31T12:44:00+00:00,17.15,13.42,2812.52,0.0,76.15,37.64,52.75
2026-08-31T12:45:00+00:00,14.26,12.14,2824.08,0.0,20.8,37.58,57.56
2026-08-31T12:46:00+00:00,17.25,18.47,2831.72,0.43,20.95,38.64,49.38
2026-08-31T12:47:00+00:00,15.6,16.51,2911.85,0.0,20.26,38.52,55.06
2026-08-31T12:48:00+00:00,15.92,14.83,2792.4,0.0,76.18,37.31,54.66
2026-08-31T12:49:00+00:00,14.79,14.94,2993.46,1.19,73.52,37.63,54.0
2026-08-31T12:50:00+00:00,17.62,18.18,2712.67,0.0,19.89,39.77,46.75
2026-08-31T12:51:00+00:00,16.18,17.01,2884.11,0.0,70.34,37.3,54.66
2026-08-31T12:52:00+00:00,14.45,12.14,2789.27,0.67,19.96,38.2,51.47
2026-08-31T12:53:00+00:00,16.46,22.37,2701.06,0.0,74.25,37.45,51.74
2026-08-31T12:54:00+00:00,12.78,13.95,2992.54,0.21,20.13,38.48,51.22
2026-08-31T12:55:00+00:00,16.61,20.35,2571.54,0.03,66.59,38.23,56.21
2026-08-31T12:56:00+00:00,15.16,19.08,2553.12,0.0,64.78,36.47,57.03
2026-08-31T12:57:00+00:00,17.0,20.54,2823.19,0.0,20.52,38.98,54.11
2026-08-31T12:58:00+00:00,12.9,15.22,2584.75,0.0,20.48,38.86,49.03
2026-08-31T12:59:00+00:00,18.29,24.01,2810.49,0.0,20.72,39.05,50.01
2026-08-31T13:00:00+00:00,18.69,19.37,2715.56,0.48,77.08,38.56,49.64
2026-08-31T13:01:00+00:00,14.24,24.16,2764.27,0.0,62.67,37.53,47.69
2026-08-31T13:02:00+00:00,15.94,18.06,3006.55,0.0,20.9,38.04,56.57
2026-08-31T13:03:00+00:00,11.69,16.62,2732.85,0.62,20.81,38.31,50.4
2026-08-31T13:04:00+00:00,13.14,15.94,2565.01,0.0,86.93,37.76,53.57
2026-08-31T13:05:00+00:00,14.21,13.36,2967.71,0.0,58.31,38.38,51.45
2026-08-31T13:06:00+00:00,16.11,16.07,2695.49,0.0,74.67,38.87,55.99
2026-08-31T13:07:00+00:00,12.51,12.72,2831.82,0.0,64.38,36.83,55.1
2026-08-31T13:08:00+00:00,18.14,23.07,3061.44,0.0,59.67,37.32,56.97
2026-08-31T13:09:00+00:00,13.69,16.4,2833.23,0.0,20.24,37.46,51.44
2026-08-31T13:10:00+00:00,13.56,18.65,2445.17,0.0,72.58,37.64,51.99
2026-08-31T13:11:00+00:00,17.44,18.41,2864.03,0.0,19.78,38.29,52.63
2026-08-31T13:12:00+00:00,16.65,18.37,3030.1,0.0,20.03,35.6,58.04
2026-08-31T13:13:00+00:00,20.04,23.84,2705.5,0.0,20.53,38.7,57.6
2026-08-31T13:14:00+00:00,17.01,14.63,2705.6,0.0,20.67,38.29,54.16
2026-08-31T13:15:00+00:00,13.94,18.23,2933.12,0.0,62.45,39.7,46.14
2026-08-31T13:16:00+00:00,11.22,12.81,2873.32,0.0,20.93,37.33,58.83
2026-08-31T13:17:00+00:00,18.92,24.55,2707.47,0.0,19.86,35.67,62.09
2026-08-31T13:18:00+00:00,18.54,16.67,2798.24,1.5,71.79,36.33,61.36
2026-08-31T13:19:00+00:00,20.99,25.18,2707.12,0.0,20.09,38.52,54.78
2026-08-31T13:20:00+00:00,16.4,18.6,2871.92,0.0,86.06,36.38,58.35
2026-08-31T13:21:00+00:00,13.11,13.4,2655.77,0.0,20.37,38.68,47.31
2026-08-31T13:22:00+00:00,10.93,10.01,2710.64,0.0,19.93,39.23,48.57
2026-08-31T13:23:00+00:00,11.36,8.32,2808.61,0.6,19.96,39.51,52.48
2026-08-31T13:24:00+00:00,17.72,25.44,2770.99,0.0,19.71,38.07,52.92
2026-08-31T13:25:00+00:00,20.53,23.63,2781.56,0.0,87.84,37.69,53.05
2026-08-31T13:26:00+00:00,16.05,14.88,2640.22,0.0,73.7,37.69,56.93
2026-08-31T13:27:00+00:00,14.52,16.89,2509.31,0.0,87.33,37.95,48.95
2026-08-31T13:28:00+00:00,18.58,25.15,2897.28,0.0,19.83,36.98,55.74
2026-08-31T13:29:00+00:00,16.59,19.45,2725.92,0.64,79.03,36.17,60.87
2026-08-31T13:30:00+00:00,15.67,21.82,2765.93,0.0,19.94,37.46,62.36
2026-08-31T13:31:00+00:00,14.09,15.7,2728.17,0.0,88.71,37.46,51.91
2026-08-31T13:32:00+00:00,13.72,13.87,2720.11,0.0,19.86,38.15,54.55
2026-08-31T13:33:00+00:00,19.58,23.5,2778.6,0.0,77.23,38.48,53.14
2026-08-31T13:34:00+00:00,15.81,18.68,2865.13,0.0,20.09,37.36,52.13
2026-08-31T13:35:00+00:00,14.21,14.44,2786.74,0.31,20.13,38.1,50.58
2026-08-31T13:36:00+00:00,18.06,21.8,2912.93,0.0,62.25,38.76,54.5
2026-08-31T13:37:00+00:00,16.82,19.43,3157.83,0.0,63.97,37.12,57.2
2026-08-31T13:38:00+00:00,13.25,12.9,2739.3,0.0,20.55,37.46,52.94
2026-08-31T13:39:00+00:00,19.52,19.78,2681.9,0.0,73.79,38.39,54.26
2026-08-31T13:40:00+00:00,17.64,16.34,2692.57,0.0,20.19,37.69,53.45
2026-08-31T13:41:00+00:00,16.08,19.93,2881.16,0.0,74.74,36.7,56.74
2026-08-31T13:42:00+00:00,13.68,15.35,2467.23,0.42,20.45,37.28,51.12
2026-08-31T13:43:00+00:00,19.18,17.64,2858.25,0.0,82.82,39.05,51.23
2026-08-31T13:44:00+00:00,17.56,19.03,2530.68,0.0,76.62,36.5,58.58
2026-08-31T13:45:00+00:00,17.14,17.52,2589.73,0.48,86.89,37.55,53.63
2026-08-31T13:46:00+00:00,17.85,17.74,2655.07,2.12,20.62,38.96,46.84
2026-08-31T13:47:00+00:00,9.0,12.62,2699.61,0.0,20.03,40.12,48.51
2026-08-31T13:48:00+00:00,17.03,16.34,2970.06,0.0,20.58,39.42,50.42
2026-08-31T13:49:00+00:00,14.72,16.17,2685.51,0.0,20.43,37.73,51.47
2026-08-31T13:50:00+00:00,9.26,15.29,2766.76,0.0,77.03,36.86,53.58
2026-08-31T13:51:00+00:00,20.38,24.05,2682.09,0.0,86.99,37.95,51.65
2026-08-31T13:52:00+00:00,18.38,21.07,2595.25,0.0,20.06,38.02,59.82
2026-08-31T13:53:00+00:00,13.03,13.37,2893.65,0.08,20.8,38.55,51.91
2026-08-31T13:54:00+00:00,10.01,9.32,2420.83,0.0,71.92,38.21,62.09
2026-08-31T13:55:00+00:00,19.26,21.2,2782.2,0.0,20.56,38.82,47.59
2026-08-31T13:56:00+00:00,16.48,20.25,2716.65,0.0,20.47,39.41,52.96
2026-08-31T13:57:00+00:00,11.93,14.64,2629.98,0.19,75.34,38.52,50.33
2026-08-31T13:58:00+00:00,17.9,22.83,2713.6,0.0,80.1,35.35,58.88
2026-08-31T13:59:00+00:00,19.84,19.61,2745.06,0.09,20.51,38.18,54.7
2026-08-31T14:00:00+00:00,14.71,13.89,2624.72,0.0,82.6,38.06,48.3
2026-08-31T14:01:00+00:00,14.65,21.02,2535.34,1.28,85.82,37.84,53.23
2026-08-31T14:02:00+00:00,8.0,8.8,2643.53,0.0,76.12,38.55,52.41
2026-08-31T14:03:00+00:00,12.94,12.31,2622.19,1.24,80.81,37.59,49.3
2026-08-31T14:04:00+00:00,16.72,16.02,2801.01,0.0,74.14,38.22,54.08
2026-08-31T14:05:00+00:00,13.47,16.59,2861.84,0.54,66.11,37.85,53.97
2026-08-31T14:06:00+00:00,12.95,19.61,2833.11,0.0,83.88,38.37,45.27
2026-08-31T14:07:00+00:00,18.0,18.68,2633.4,0.0,19.92,39.23,48.65
2026-08-31T14:08:00+00:00,15.61,22.23,2685.67,0.0,71.44,37.4,54.67
2026-08-31T14:09:00+00:00,17.99,18.63,2641.93,0.0,20.28,37.83,55.71
2026-08-31T14:10:00+00:00,15.22,23.12,2767.39,0.0,86.74,39.76,46.29
2026-08-31T14:11:00+00:00,15.55,20.56,2681.81,0.0,19.73,37.74,53.89
2026-08-31T14:12:00+00:00,13.4,14.53,2570.55,0.25,66.35,37.12,62.76
2026-08-31T14:13:00+00:00,13.75,17.51,2725.16,0.0,19.69,37.99,52.93
2026-08-31T14:14:00+00:00,17.29,21.18,2510.94,0.0,20.23,36.98,59.75
2026-08-31T14:15:00+00:00,15.14,18.95,2877.55,0.0,19.68,37.6,51.67
2026-08-31T14:16:00+00:00,19.81,19.56,2647.76,0.31,19.66,36.65,53.05
2026-08-31T14:17:00+00:00,11.4,14.77,2614.03,0.0,85.69,37.88,51.87
2026-08-31T14:18:00+00:00,12.26,18.3,2603.79,0.0,65.5,37.11,57.02
2026-08-31T14:19:00+00:00,17.1,22.05,2549.65,0.0,20.77,37.53,48.59
2026-08-31T14:20:00+00:00,19.5,23.37,2733.97,1.07,20.24,37.44,57.62
2026-08-31T14:21:00+00:00,12.28,12.07,2693.69,0.0,20.22,35.51,56.92
2026-08-31T14:22:00+00:00,16.32,16.44,2721.38,0.0,57.41,38.22,55.55
2026-08-31T14:23:00+00:00,15.27,17.01,2548.06,0.0,73.6,36.31,54.62
2026-08-31T14:24:00+00:00,10.25,12.33,2734.18,0.0,75.65,38.41,54.21
2026-08-31T14:25:00+00:00,14.64,21.09,2838.89,0.0,20.38,37.63,57.85
2026-08-31T14:26:00+00:00,20.19,19.48,2638.45,0.0,20.61,38.28,51.31
2026-08-31T14:27:00+00:00,16.76,18.38,2829.04,0.0,20.85,38.98,49.33
2026-08-31T14:28:00+00:00,12.86,11.31,2504.9,0.0,84.49,37.98,45.58
2026-08-31T14:29:00+00:00,13.19,13.1,2709.34,0.0,19.87,38.07,54.55
2026-08-31T14:30:00+00:00,17.44,17.91,2886.38,0.0,83.35,37.23,53.79
2026-08-31T14:31:00+00:00,13.27,16.78,2551.25,1.52,20.27,36.43,53.02
2026-08-31T14:32:00+00:00,15.8,16.92,2708.73,0.0,62.63,37.4,56.42
2026-08-31T14:33:00+00:00,12.98,19.56,2571.41,0.0,19.86,38.2,56.77
2026-08-31T14:34:00+00:00,15.1,18.96,2648.75,0.68,66.59,36.89,57.41
2026-08-31T14:35:00+00:00,13.57,13.87,2516.96,0.0,74.82,37.14,56.96
2026-08-31T14:36:00+00:00,13.97,12.01,2879.69,0.0,21.01,38.59,52.59
2026-08-31T14:37:00+00:00,16.35,17.83,2529.76,0.0,76.3,36.73,52.67
2026-08-31T14:38:00+00:00,15.68,17.95,2579.22,0.23,70.5,36.53,56.53
2026-08-31T14:39:00+00:00,14.58,13.21,2534.63,0.0,58.59,36.45,56.49
2026-08-31T14:40:00+00:00,17.76,21.11,2560.06,0.0,77.8,37.14,60.81
2026-08-31T14:41:00+00:00,11.99,12.4,2457.08,0.0,20.35,37.83,47.63
2026-08-31T14:42:00+00:00,16.98,23.19,2754.37,0.97,65.45,37.41,49.66
2026-08-31T14:43:00+00:00,16.28,16.98,2568.67,0.0,56.0,37.26,52.67
2026-08-31T14:44:00+00:00,8.0,8.34,2717.11,0.0,20.23,38.98,50.9
2026-08-31T14:45:00+00:00,15.22,15.84,2845.82,0.57,72.11,38.7,56.46
2026-08-31T14:46:00+00:00,13.77,18.42,2770.7,0.69,20.87,38.05,52.42
2026-08-31T14:47:00+00:00,18.29,24.71,2803.39,0.0,73.35,37.93,53.29
2026-08-31T14:48:00+00:00,10.95,14.61,2525.65,1.3,20.77,35.8,57.03
2026-08-31T14:49:00+00:00,14.51,16.33,2797.0,0.0,21.04,37.0,60.69
2026-08-31T14:50:00+00:00,11.05,15.7,2658.62,0.83,20.62,38.11,49.25
2026-08-31T14:51:00+00:00,13.93,19.57,2918.44,0.0,19.67,36.92,53.24
2026-08-31T14:52:00+00:00,14.54,19.22,2728.29,0.0,76.95,37.76,58.14
2026-08-31T14:53:00+00:00,16.81,20.12,2545.59,0.0,70.93,37.83,53.14
2026-08-31T14:54:00+00:00,16.95,16.0,2768.66,0.0,76.82,38.75,49.26
2026-08-31T14:55:00+00:00,16.04,15.06,2552.91,0.0,20.01,36.17,58.62
2026-08-31T14:56:00+00:00,16.4,20.98,2643.16,0.0,64.32,36.5,56.42
2026-08-31T14:57:00+00:00,8.43,12.11,2707.28,0.0,56.2,40.31,46.51
2026-08-31T14:58:00+00:00,13.51,17.14,2649.2,0.82,66.76,36.27,55.28
2026-08-31T14:59:00+00:00,19.81,20.2,2694.84,0.0,19.68,37.36,53.78
2026-08-31T15:00:00+00:00,11.57,16.8,2775.08,0.0,20.6,36.98,54.95
2026-08-31T15:01:00+00:00,13.6,18.91,2831.28,0.0,20.95,37.31,51.38
2026-08-31T15:02:00+00:00,16.61,17.67,2909.94,0.02,77.17,36.59,56.11
2026-08-31T15:03:00+00:00,18.2,23.33,2622.4,0.0,19.86,37.76,58.09
2026-08-31T15:04:00+00:00,15.6,19.81,2697.36,0.0,20.94,36.8,56.47
2026-08-31T15:05:00+00:00,15.49,14.26,2682.56,0.0,20.75,36.57,59.16
2026-08-31T15:06:00+00:00,18.73,23.75,2758.06,0.0,20.13,37.23,57.39
2026-08-31T15:07:00+00:00,17.3,16.26,2753.64,0.5,71.53,38.26,50.99
2026-08-31T15:08:00+00:00,14.87,21.09,2801.3,0.0,20.81,37.26,60.82
2026-08-31T15:09:00+00:00,10.31,9.19,2544.48,0.13,52.97,36.44,56.22
2026-08-31T15:10:00+00:00,10.57,11.86,2872.51,0.0,20.25,36.7,53.74
2026-08-31T15:11:00+00:00,18.28,24.85,2542.5,0.76,20.46,39.43,51.35
2026-08-31T15:12:00+00:00,19.84,19.07,2639.23,0.0,20.32,39.69,48.52
2026-08-31T15:13:00+00:00,14.62,12.71,2812.76,0.0,56.84,39.23,52.94
2026-08-31T15:14:00+00:00,11.81,11.66,2861.36,0.0,21.03,37.18,61.08
2026-08-31T15:15:00+00:00,16.07,23.15,2589.23,0.34,20.82,37.1,52.43
2026-08-31T15:16:00+00:00,16.89,18.83,2934.68,0.0,70.33,37.01,64.59
2026-08-31T15:17:00+00:00,16.82,25.01,2687.35,0.0,20.35,37.12,58.83
2026-08-31T15:18:00+00:00,17.57,18.16,2635.15,0.0,52.9,37.51,49.43
2026-08-31T15:19:00+00:00,10.07,9.29,2591.43,0.4,19.88,37.18,59.1
2026-08-31T15:20:00+00:00,10.5,9.59,2801.06,0.13,20.85,37.82,54.71
2026-08-31T15:21:00+00:00,14.27,22.87,2914.16,0.0,20.08,38.32,57.68
2026-08-31T15:22:00+00:00,18.72,21.91,2569.52,0.5,19.87,37.78,44.82
2026-08-31T15:23:00+00:00,12.83,11.29,2714.61,0.0,58.26,36.93,56.32
2026-08-31T15:24:00+00:00,16.95,22.79,2879.32,0.94,73.36,36.58,61.56
2026-08-31T15:25:00+00:00,13.14,13.33,2630.26,0.0,55.16,36.77,58.46
2026-08-31T15:26:00+00:00,10.63,9.74,2696.14,0.0,20.9,37.81,50.58
2026-08-31T15:27:00+00:00,17.55,22.37,2709.01,0.56,62.06,36.88,54.43
2026-08-31T15:28:00+00:00,16.53,14.17,2546.56,0.0,21.0,37.45,51.11
2026-08-31T15:29:00+00:00,12.28,14.62,2653.73,0.0,60.18,37.08,57.17
2026-08-31T15:30:00+00:00,14.49,14.23,2763.97,0.3,20.83,37.11,56.68
2026-08-31T15:31:00+00:00,12.64,16.74,2942.72,0.3,20.58,37.3,52.8
2026-08-31T15:32:00+00:00,23.11,24.55,2802.85,0.51,55.1,37.29,59.38
2026-08-31T15:33:00+00:00,14.28,15.54,2751.83,0.0,20.42,37.79,50.33
2026-08-31T15:34:00+00:00,10.8,12.1,2946.53,0.0,20.8,37.16,54.4
2026-08-31T15:35:00+00:00,8.9,12.95,2722.66,0.0,52.22,36.46,57.54
2026-08-31T15:36:00+00:00,16.75,21.8,2683.49,0.0,20.88,38.94,49.97
2026-08-31T15:37:00+00:00,14.31,21.2,2929.23,0.0,20.32,37.05,53.37
2026-08-31T15:38:00+00:00,12.76,11.14,2777.84,1.24,20.33,36.94,57.12
2026-08-31T15:39:00+00:00,18.37,17.89,2705.53,0.0,20.69,38.11,48.6
2026-08-31T15:40:00+00:00,12.79,22.16,2491.45,0.38,51.87,36.72,57.68
2026-08-31T15:41:00+00:00,16.45,17.12,2876.11,0.0,21.03,38.36,50.71
2026-08-31T15:42:00+00:00,9.69,12.42,2497.17,0.0,57.19,38.11,57.24
2026-08-31T15:43:00+00:00,12.26,16.26,2688.45,0.0,20.47,37.75,54.81
2026-08-31T15:44:00+00:00,14.71,9.47,2645.44,0.0,20.28,37.87,58.23
2026-08-31T15:45:00+00:00,16.03,18.09,2579.12,0.0,56.94,36.85,55.96
2026-08-31T15:46:00+00:00,11.64,13.27,2456.5,0.0,47.07,37.74,49.15
2026-08-31T15:47:00+00:00,12.0,14.09,2690.27,0.0,20.06,38.42,47.75
2026-08-31T15:48:00+00:00,15.01,14.58,2563.8,0.0,46.05,38.08,53.43
2026-08-31T15:49:00+00:00,20.11,22.28,2774.13,1.4,21.0,36.34,57.96
2026-08-31T15:50:00+00:00,14.84,18.64,2205.36,0.0,56.16,37.89,52.73
2026-08-31T15:51:00+00:00,16.57,18.46,2703.0,0.0,19.84,38.03,54.27
2026-08-31T15:52:00+00:00,14.22,11.02,2467.23,0.0,19.94,37.01,56.31
2026-08-31T15:53:00+00:00,10.59,9.42,2717.77,0.0,20.36,38.18,46.06
2026-08-31T15:54:00+00:00,18.79,21.61,2634.52,0.0,64.08,37.91,51.07
2026-08-31T15:55:00+00:00,14.1,14.81,2813.16,0.0,54.47,38.54,55.66
2026-08-31T15:56:00+00:00,12.97,16.59,2723.55,0.0,64.05,37.79,56.48
2026-08-31T15:57:00+00:00,13.1,17.44,2582.52,0.67,20.28,38.35,49.79
2026-08-31T15:58:00+00:00,12.2,15.78,2832.74,0.0,57.3,38.34,52.14
2026-08-31T15:59:00+00:00,19.1,17.45,2754.64,0.0,19.93,36.47,54.54
2026-08-31T16:00:00+00:00,15.38,20.13,2691.72,0.0,63.6,37.94,51.04
2026-08-31T16:01:00+00:00,14.53,18.12,2839.36,0.0,52.06,39.66,48.01
2026-08-31T16:02:00+00:00,19.46,20.68,2722.42,0.0,55.23,38.62,49.78
2026-08-31T16:03:00+00:00,16.03,12.74,2558.58,0.0,62.21,37.57,52.53
2026-08-31T16:04:00+00:00,19.99,20.82,2630.91,0.0,20.46,37.2,59.9
2026-08-31T16:05:00+00:00,12.54,13.06,2844.41,0.82,54.0,34.7,61.46
2026-08-31T16:06:00+00:00,15.58,16.25,2818.7,0.0,56.09,36.46,58.91
2026-08-31T16:07:00+00:00,22.91,25.71,2518.23,0.35,19.95,38.13,54.78
2026-08-31T16:08:00+00:00,14.75,21.03,2635.73,0.87,20.85,38.58,52.86
2026-08-31T16:09:00+00:00,10.91,12.66,2563.68,0.02,50.12,36.75,52.15
2026-08-31T16:10:00+00:00,11.29,9.13,2851.02,0.0,20.92,36.98,57.85
2026-08-31T16:11:00+00:00,14.26,17.82,2486.81,0.0,49.75,37.95,51.11
2026-08-31T16:12:00+00:00,12.0,13.4,2914.28,0.0,55.89,36.77,61.74
2026-08-31T16:13:00+00:00,18.0,24.85,2661.58,1.32,58.76,37.17,54.33
2026-08-31T16:14:00+00:00,16.22,21.22,2583.5,0.0,60.56,37.43,49.71
2026-08-31T16:15:00+00:00,13.8,11.81,2717.21,0.52,55.6,37.28,53.58
2026-08-31T16:16:00+00:00,11.05,11.71,2528.39,0.42,47.11,36.12,55.64
2026-08-31T16:17:00+00:00,13.2,13.28,2413.39,0.63,20.24,37.23,54.8
2026-08-31T16:18:00+00:00,13.99,13.82,2839.16,0.0,20.48,36.03,62.58
2026-08-31T16:19:00+00:00,17.28,17.42,2610.09,0.0,20.02,36.45,55.51
2026-08-31T16:20:00+00:00,14.3,17.23,2850.48,0.0,42.78,37.5,53.79
2026-08-31T16:21:00+00:00,13.91,10.63,2800.66,0.0,20.84,36.72,57.54
2026-08-31T16:22:00+00:00,14.42,23.19,2760.34,0.0,48.27,36.27,59.54
2026-08-31T16:23:00+00:00,15.95,18.49,2871.96,0.0,20.75,37.62,54.05
2026-08-31T16:24:00+00:00,16.58,18.97,2769.05,0.0,46.42,35.56,59.92
2026-08-31T16:25:00+00:00,15.27,19.55,2852.55,0.0,56.49,37.81,58.95
2026-08-31T16:26:00+00:00,13.16,16.31,2647.15,0.0,20.77,35.88,62.07
2026-08-31T16:27:00+00:00,20.05,23.45,3016.11,0.0,56.62,36.81,54.53
2026-08-31T16:28:00+00:00,14.14,17.3,2766.88,0.0,20.78,36.64,55.39
2026-08-31T16:29:00+00:00,14.19,18.38,2935.05,0.0,19.7,37.13,55.26
2026-08-31T16:30:00+00:00,12.7,14.02,2915.11,0.0,20.68,37.02,54.34
2026-08-31T16:31:00+00:00,11.87,10.74,2810.27,0.0,41.16,35.48,57.05
2026-08-31T16:32:00+00:00,17.35,18.72,2790.86,0.0,21.03,37.14,59.16
2026-08-31T16:33:00+00:00,9.31,7.5,2886.04,0.45,42.64,36.9,56.25
2026-08-31T16:34:00+00:00,14.07,15.52,2926.87,0.0,54.23,36.82,58.99
2026-08-31T16:35:00+00:00,18.02,17.4,2905.6,0.13,41.97,36.33,60.79
2026-08-31T16:36:00+00:00,13.0,12.47,2943.85,0.0,20.32,36.98,58.57
2026-08-31T16:37:00+00:00,14.96,18.62,3063.41,0.0,40.68,38.41,49.34
2026-08-31T16:38:00+00:00,13.45,20.52,2779.05,0.0,44.18,37.41,51.22
2026-08-31T16:39:00+00:00,18.82,20.9,2850.6,0.0,47.39,38.75,55.3
2026-08-31T16:40:00+00:00,18.5,18.29,2823.59,0.0,20.2,35.99,55.6
2026-08-31T16:41:00+00:00,11.92,13.51,2783.92,0.0,20.78,35.09,64.08
2026-08-31T16:42:00+00:00,16.53,16.86,2751.56,0.0,20.53,36.2,56.61
2026-08-31T16:43:00+00:00,14.94,17.19,2785.79,0.0,19.97,37.34,56.31
2026-08-31T16:44:00+00:00,18.64,20.94,2821.17,0.0,39.06,37.06,49.0
2026-08-31T16:45:00+00:00,19.11,16.14,3161.3,0.0,46.56,36.08,58.52
2026-08-31T16:46:00+00:00,17.22,21.16,2859.96,0.0,45.64,38.27,48.28
2026-08-31T16:47:00+00:00,15.22,16.69,2826.1,1.03,40.16,36.39,56.46
2026-08-31T16:48:00+00:00,11.06,9.0,2567.86,0.0,20.2,35.85,64.45
2026-08-31T16:49:00+00:00,16.73,23.16,2771.54,0.0,45.39,37.4,56.02
2026-08-31T16:50:00+00:00,17.34,18.76,2614.72,0.0,19.69,35.93,56.91
2026-08-31T16:51:00+00:00,15.16,12.53,2766.45,0.99,20.85,36.3,63.34
2026-08-31T16:52:00+00:00,16.16,20.2,2759.11,0.0,20.68,36.36,62.41
2026-08-31T16:53:00+00:00,13.95,18.78,2885.82,1.08,19.98,37.03,51.37
2026-08-31T16:54:00+00:00,16.55,13.22,2833.29,0.0,49.17,35.92,60.14
2026-08-31T16:55:00+00:00,14.2,18.37,3094.81,0.0,36.57,36.89,60.6
2026-08-31T16:56:00+00:00,15.71,17.97,3040.58,0.0,20.93,35.6,62.63
2026-08-31T16:57:00+00:00,13.92,13.61,2812.72,0.0,20.77,36.91,56.29
2026-08-31T16:58:00+00:00,14.62,18.44,2812.12,0.0,48.29,37.72,56.66
2026-08-31T16:59:00+00:00,15.45,17.18,3059.47,0.0,40.13,36.83,53.89
2026-08-31T17:00:00+00:00,22.0,27.27,2819.31,0.0,20.93,35.78,54.88
2026-08-31T17:01:00+00:00,12.75,17.48,2963.02,0.0,21.05,35.17,62.51
2026-08-31T17:02:00+00:00,10.1,17.72,3259.5,0.0,35.35,36.44,57.29
2026-08-31T17:03:00+00:00,14.82,18.16,2882.86,0.0,20.53,38.02,48.8
2026-08-31T17:04:00+00:00,13.23,15.33,2914.85,0.0,19.85,37.69,53.15
2026-08-31T17:05:00+00:00,15.77,25.09,2929.77,0.66,45.3,36.05,60.24
2026-08-31T17:06:00+00:00,16.79,18.37,2894.3,0.0,37.66,35.88,56.79
2026-08-31T17:07:00+00:00,17.11,17.01,2803.12,0.0,20.18,37.05,52.7
2026-08-31T17:08:00+00:00,11.49,14.26,2686.97,0.0,20.83,37.1,60.04
2026-08-31T17:09:00+00:00,13.8,15.13,2922.82,0.53,20.91,35.71,57.36
2026-08-31T17:10:00+00:00,16.32,17.99,2960.29,0.0,41.14,36.24,61.47
2026-08-31T17:11:00+00:00,13.38,13.38,2948.59,0.2,37.85,37.17,52.68
2026-08-31T17:12:00+00:00,13.57,12.16,2879.63,0.0,44.19,36.85,53.86
2026-08-31T17:13:00+00:00,13.82,14.2,2956.18,0.77,20.38,37.86,50.97
2026-08-31T17:14:00+00:00,19.4,29.49,2772.82,0.0,39.48,36.54,59.63
2026-08-31T17:15:00+00:00,14.89,10.68,3095.74,0.47,20.34,37.3,54.05
2026-08-31T17:16:00+00:00,14.39,12.4,3013.3,0.0,20.39,36.1,55.28
2026-08-31T17:17:00+00:00,15.92,21.08,3105.45,0.0,40.77,36.6,59.63
2026-08-31T17:18:00+00:00,9.01,11.8,2867.46,0.54,35.82,35.9,58.88
2026-08-31T17:19:00+00:00,15.29,17.99,2987.1,0.0,20.05,36.15,54.74
2026-08-31T17:20:00+00:00,13.58,12.88,2816.96,0.0,20.3,36.71,54.47
2026-08-31T17:21:00+00:00,13.53,14.27,2939.71,0.0,36.4,37.7,54.58
2026-08-31T17:22:00+00:00,13.13,22.55,3067.33,0.15,19.84,36.34,55.66
2026-08-31T17:23:00+00:00,15.49,18.45,2723.8,0.0,34.98,36.13,55.21
2026-08-31T17:24:00+00:00,13.92,14.4,2945.61,0.0,20.21,34.4,61.92
2026-08-31T17:25:00+00:00,17.1,19.18,2902.17,0.15,20.28,36.44,59.19
2026-08-31T17:26:00+00:00,15.53,17.7,2868.7,0.0,32.4,34.94,66.83
2026-08-31T17:27:00+00:00,15.54,17.25,2999.51,0.0,20.7,35.48,61.2
2026-08-31T17:28:00+00:00,15.08,13.81,3241.9,0.0,32.66,35.34,59.41
2026-08-31T17:29:00+00:00,18.46,23.35,2984.32,0.79,20.93,35.54,57.0
2026-08-31T17:30:00+00:00,16.88,19.93,2867.54,1.18,20.3,36.65,56.15
2026-08-31T17:31:00+00:00,16.59,18.96,2823.23,0.0,19.67,36.18,55.47
2026-08-31T17:32:00+00:00,13.07,11.09,2821.14,0.66,37.54,35.57,58.05
2026-08-31T17:33:00+00:00,17.94,24.48,2862.66,0.52,20.83,36.72,61.34
2026-08-31T17:34:00+00:00,13.51,18.31,3007.46,0.8,19.9,35.0,59.54
2026-08-31T17:35:00+00:00,14.65,15.04,2864.83,0.26,20.06,36.29,52.68
2026-08-31T17:36:00+00:00,16.33,22.91,2671.23,0.35,20.59,35.36,63.05
2026-08-31T17:37:00+00:00,11.48,14.93,3177.26,0.0,20.31,34.51,64.1
2026-08-31T17:38:00+00:00,17.02,17.74,2786.69,0.0,38.2,35.95,57.2
2026-08-31T17:39:00+00:00,17.72,22.11,2693.81,0.0,20.16,36.23,56.74
2026-08-31T17:40:00+00:00,17.58,19.31,2785.73,0.0,33.47,35.59,58.54
2026-08-31T17:41:00+00:00,17.04,15.62,3101.42,0.0,33.65,35.69,58.95
2026-08-31T17:42:00+00:00,11.64,16.3,2903.25,0.0,19.67,33.89,68.57
2026-08-31T17:43:00+00:00,14.2,15.58,2876.46,0.0,34.42,36.65,58.66
2026-08-31T17:44:00+00:00,12.09,8.26,2957.68,0.0,35.69,36.63,55.05
2026-08-31T17:45:00+00:00,11.37,13.54,3056.75,0.0,19.83,35.02,64.41
2026-08-31T17:46:00+00:00,12.4,11.67,3157.44,0.19,31.75,35.47,59.87
2026-08-31T17:47:00+00:00,14.51,16.42,2923.77,0.0,20.19,35.64,57.26
2026-08-31T17:48:00+00:00,11.22,13.6,3032.32,0.03,29.55,36.15,59.0
2026-08-31T17:49:00+00:00,16.61,19.91,2680.33,0.0,20.29,38.29,49.15
2026-08-31T17:50:00+00:00,13.85,14.3,3076.37,0.0,20.08,34.89,62.48
2026-08-31T17:51:00+00:00,14.03,21.11,3000.13,1.32,20.73,36.32,61.09
2026-08-31T17:52:00+00:00,13.98,18.68,2687.22,0.0,20.77,36.13,64.59
2026-08-31T17:53:00+00:00,15.79,17.48,2856.24,0.0,27.92,36.16,54.39
2026-08-31T17:54:00+00:00,13.91,16.81,2950.05,0.0,19.77,35.77,57.99
2026-08-31T17:55:00+00:00,10.72,16.44,3174.35,0.07,28.74,36.64,62.01
2026-08-31T17:56:00+00:00,17.96,15.61,2966.82,0.0,27.94,36.49,54.98
2026-08-31T17:57:00+00:00,16.04,16.32,2947.45,0.06,20.78,36.26,58.47
2026-08-31T17:58:00+00:00,16.89,14.11,3028.99,0.55,20.73,36.21,61.28
2026-08-31T17:59:00+00:00,14.73,12.75,3073.64,0.0,20.85,35.21,63.04
2026-08-31T18:00:00+00:00,16.29,21.46,2845.55,0.0,19.81,35.41,61.63
2026-08-31T18:01:00+00:00,18.26,24.94,2879.87,0.0,20.57,36.71,51.92
2026-08-31T18:02:00+00:00,14.26,17.78,2971.75,0.0,32.75,35.34,60.53
2026-08-31T18:03:00+00:00,12.1,18.39,3094.22,1.44,29.87,37.13,54.44
2026-08-31T18:04:00+00:00,15.29,20.75,3168.22,0.33,31.18,36.63,55.83
2026-08-31T18:05:00+00:00,17.06,19.19,3091.9,0.0,20.31,33.85,60.98
2026-08-31T18:06:00+00:00,16.91,21.03,3298.86,0.35,28.9,35.34,61.49
2026-08-31T18:07:00+00:00,15.17,20.31,3176.35,0.0,20.47,36.56,59.05
2026-08-31T18:08:00+00:00,14.36,18.99,2972.04,0.73,27.98,37.3,55.12
2026-08-31T18:09:00+00:00,11.95,11.24,2996.47,0.0,20.34,36.33,60.02
2026-08-31T18:10:00+00:00,12.04,11.91,2887.43,0.0,28.01,36.4,57.98
2026-08-31T18:11:00+00:00,12.47,16.01,3089.78,0.63,29.89,35.21,55.48
2026-08-31T18:12:00+00:00,9.3,8.29,3028.1,0.0,20.23,33.39,62.46
2026-08-31T18:13:00+00:00,15.02,20.29,3190.2,0.0,20.7,34.25,66.92
2026-08-31T18:14:00+00:00,16.73,15.14,2964.31,1.49,27.52,35.55,53.23
2026-08-31T18:15:00+00:00,14.29,16.19,3114.77,0.0,20.43,33.55,69.21
2026-08-31T18:16:00+00:00,17.84,17.05,3361.44,0.0,19.7,36.0,58.9
2026-08-31T18:17:00+00:00,16.7,18.3,2931.8,0.9,27.65,35.98,59.51
2026-08-31T18:18:00+00:00,14.78,16.18,2986.6,0.36,19.65,35.35,61.83
2026-08-31T18:19:00+00:00,15.16,22.46,3354.37,0.0,28.56,35.75,59.77
2026-08-31T18:20:00+00:00,12.49,11.43,3237.5,0.0,25.05,35.48,58.57
2026-08-31T18:21:00+00:00,17.59,20.41,3072.88,0.0,26.73,36.81,52.86
2026-08-31T18:22:00+00:00,13.36,14.45,2930.94,1.01,28.06,34.2,62.61
2026-08-31T18:23:00+00:00,12.08,11.88,3263.7,0.0,20.25,33.7,63.56
2026-08-31T18:24:00+00:00,13.81,15.93,3066.48,0.12,20.77,35.97,63.21
2026-08-31T18:25:00+00:00,10.67,9.53,3245.4,0.0,24.58,35.12,60.28
2026-08-31T18:26:00+00:00,16.42,20.96,2920.35,0.0,21.05,36.18,62.31
2026-08-31T18:27:00+00:00,11.13,15.11,3111.69,0.0,19.76,35.05,63.53
2026-08-31T18:28:00+00:00,14.2,14.85,2795.04,0.0,26.19,35.49,55.75
2026-08-31T18:29:00+00:00,19.86,23.68,3019.61,0.0,20.89,34.53,63.8
2026-08-31T18:30:00+00:00,15.26,21.34,3344.02,0.0,23.98,34.71,63.01
2026-08-31T18:31:00+00:00,16.54,15.76,3214.68,0.0,26.14,34.65,60.29
2026-08-31T18:32:00+00:00,10.3,8.59,3201.84,0.0,20.51,35.99,58.95
2026-08-31T18:33:00+00:00,17.14,19.19,3152.25,0.0,19.82,34.26,56.24
2026-08-31T18:34:00+00:00,14.43,22.4,3284.34,0.0,20.43,35.88,57.71
2026-08-31T18:35:00+00:00,15.62,15.71,2892.14,0.56,20.64,36.03,57.03
2026-08-31T18:36:00+00:00,12.17,16.88,3180.36,0.0,20.82,35.14,61.96
2026-08-31T18:37:00+00:00,18.64,16.85,3154.77,0.95,25.35,35.32,57.05
2026-08-31T18:38:00+00:00,10.01,9.96,3325.43,0.0,20.9,34.53,63.77
2026-08-31T18:39:00+00:00,20.3,23.92,3191.47,0.85,22.82,34.85,62.17
2026-08-31T18:40:00+00:00,13.68,16.55,3090.32,0.0,23.98,34.42,65.39
2026-08-31T18:41:00+00:00,13.46,16.36,3077.23,0.0,20.32,36.52,55.36
2026-08-31T18:42:00+00:00,16.67,20.55,3163.57,0.13,22.95,34.15,65.75
2026-08-31T18:43:00+00:00,15.94,16.93,3214.62,0.55,23.5,35.94,61.09
2026-08-31T18:44:00+00:00,13.85,18.5,3175.15,0.17,23.97,33.57,64.83
2026-08-31T18:45:00+00:00,15.11,19.29,3390.58,0.0,23.45,34.84,60.65
2026-08-31T18:46:00+00:00,18.63,20.72,3185.94,0.0,23.23,37.17,53.93
2026-08-31T18:47:00+00:00,18.23,21.85,3188.31,0.85,22.08,32.64,68.76
2026-08-31T18:48:00+00:00,14.31,17.04,2993.51,0.0,20.59,33.76,64.57
2026-08-31T18:49:00+00:00,14.44,13.09,3185.6,0.0,20.0,34.02,68.01
2026-08-31T18:50:00+00:00,17.66,18.16,3259.74,0.0,19.93,35.9,60.05
2026-08-31T18:51:00+00:00,15.79,15.95,2985.59,0.0,20.16,34.97,59.82
2026-08-31T18:52:00+00:00,11.02,7.5,2974.2,0.82,20.38,35.48,59.16
2026-08-31T18:53:00+00:00,10.3,14.45,3005.49,0.0,22.42,35.13,58.86
2026-08-31T18:54:00+00:00,10.25,13.78,3217.47,0.0,22.61,34.93,57.78
2026-08-31T18:55:00+00:00,9.47,14.09,3121.33,0.0,20.31,34.11,70.53
2026-08-31T18:56:00+00:00,18.51,26.44,3335.68,0.25,20.36,34.27,61.12
2026-08-31T18:57:00+00:00,12.87,20.87,3050.64,1.09,20.15,34.73,59.84
2026-08-31T18:58:00+00:00,12.42,10.92,3193.51,0.05,20.21,36.18,58.23
2026-08-31T18:59:00+00:00,20.65,22.34,3261.69,0.0,20.51,34.34,66.88
2026-08-31T19:00:00+00:00,15.21,9.53,3100.58,0.24,19.71,35.63,58.46
2026-08-31T19:01:00+00:00,16.77,18.71,3466.74,0.38,20.37,34.93,61.3
2026-08-31T19:02:00+00:00,15.2,10.54,3182.98,0.0,20.86,34.11,60.96
2026-08-31T19:03:00+00:00,20.35,18.64,3234.29,0.0,20.66,35.93,58.88
2026-08-31T19:04:00+00:00,18.04,19.94,3003.81,0.24,20.08,33.93,60.12
2026-08-31T19:05:00+00:00,10.63,15.8,3354.35,0.0,20.91,35.42,55.23
2026-08-31T19:06:00+00:00,13.01,15.35,3393.78,0.0,20.57,33.81,63.46
2026-08-31T19:07:00+00:00,16.86,19.18,2986.93,0.0,20.81,35.01,64.41
2026-08-31T19:08:00+00:00,15.56,17.21,3269.88,0.0,20.86,31.35,71.45
2026-08-31T19:09:00+00:00,14.61,16.73,3207.47,0.71,20.32,34.85,64.5
2026-08-31T19:10:00+00:00,14.11,14.71,3232.19,0.0,20.18,34.9,69.91
2026-08-31T19:11:00+00:00,18.69,22.7,3225.3,0.0,20.14,35.67,57.45
2026-08-31T19:12:00+00:00,11.46,15.46,3263.12,0.0,19.85,33.9,64.49
2026-08-31T19:13:00+00:00,17.24,19.49,3460.03,0.0,19.65,33.54,63.5
2026-08-31T19:14:00+00:00,12.66,18.57,3309.89,0.0,20.22,34.25,63.71
2026-08-31T19:15:00+00:00,18.69,19.81,3141.85,0.0,19.63,33.89,61.63
2026-08-31T19:16:00+00:00,17.67,22.63,3211.56,1.1,19.63,33.19,61.53
2026-08-31T19:17:00+00:00,15.54,16.16,2961.28,0.0,21.02,34.29,62.8
2026-08-31T19:18:00+00:00,13.36,14.34,3088.99,0.0,19.63,34.61,60.64
2026-08-31T19:19:00+00:00,17.53,23.25,3361.03,0.0,19.71,35.83,60.92
2026-08-31T19:20:00+00:00,17.71,20.12,3374.9,0.0,20.53,35.32,62.57
2026-08-31T19:21:00+00:00,17.35,22.2,3520.58,0.75,19.63,34.32,61.81
2026-08-31T19:22:00+00:00,17.61,22.5,3189.69,0.41,19.63,34.38,58.33
2026-08-31T19:23:00+00:00,12.67,11.86,3366.93,0.0,19.63,34.92,64.66
2026-08-31T19:24:00+00:00,14.83,14.14,3344.25,0.0,20.19,33.81,65.67
2026-08-31T19:25:00+00:00,10.52,15.56,3158.91,0.0,20.87,35.37,60.83
2026-08-31T19:26:00+00:00,12.35,19.84,3391.83,0.0,20.86,33.91,66.67
2026-08-31T19:27:00+00:00,13.7,13.79,3220.04,0.34,19.63,34.75,62.37
2026-08-31T19:28:00+00:00,15.53,18.04,3348.28,0.0,20.9,34.86,62.32
2026-08-31T19:29:00+00:00,15.3,15.06,3268.69,0.0,21.12,35.12,57.0
2026-08-31T19:30:00+00:00,15.84,17.21,3027.58,0.12,20.38,33.41,66.03
2026-08-31T19:31:00+00:00,13.5,19.38,3263.9,0.0,20.39,35.69,55.6
2026-08-31T19:32:00+00:00,12.76,15.03,3332.14,0.0,20.85,33.33,65.46
2026-08-31T19:33:00+00:00,18.83,20.43,3351.54,0.0,20.16,35.29,59.08
2026-08-31T19:34:00+00:00,10.9,17.27,3305.52,0.0,19.63,32.51,61.99
2026-08-31T19:35:00+00:00,17.2,26.54,3447.86,0.0,19.81,33.06,64.13
2026-08-31T19:36:00+00:00,11.55,13.42,3332.6,0.0,21.03,35.43,60.19
2026-08-31T19:37:00+00:00,21.03,25.82,3329.72,0.0,19.64,34.2,62.48
2026-08-31T19:38:00+00:00,17.55,26.17,3348.66,0.38,19.63,33.51,64.52
2026-08-31T19:39:00+00:00,15.5,13.67,3212.89,0.23,19.63,33.66,64.63
2026-08-31T19:40:00+00:00,12.82,14.39,3487.0,0.0,19.63,35.7,60.36
2026-08-31T19:41:00+00:00,17.41,22.76,3424.57,0.0,19.75,34.64,66.25
2026-08-31T19:42:00+00:00,16.36,17.39,3239.81,0.0,20.97,34.28,62.69
2026-08-31T19:43:00+00:00,12.53,11.66,3343.13,0.49,20.3,35.32,60.31
2026-08-31T19:44:00+00:00,16.52,16.9,3153.8,0.0,20.63,34.93,63.6
2026-08-31T19:45:00+00:00,19.39,24.77,3314.1,0.57,19.63,34.49,62.79
2026-08-31T19:46:00+00:00,15.35,19.73,3501.85,0.0,19.63,33.34,63.96
2026-08-31T19:47:00+00:00,17.94,17.49,3354.26,0.0,19.9,35.19,60.97
2026-08-31T19:48:00+00:00,19.02,18.3,3099.85,0.0,19.63,35.59,65.68
2026-08-31T19:49:00+00:00,14.2,14.85,3184.97,0.0,21.0,34.08,59.84
2026-08-31T19:50:00+00:00,15.74,19.54,3436.51,1.25,20.83,35.28,61.26
2026-08-31T19:51:00+00:00,13.84,14.67,3290.84,0.0,19.63,34.08,64.16
2026-08-31T19:52:00+00:00,11.31,9.52,3488.3,0.0,20.68,33.79,63.75
2026-08-31T19:53:00+00:00,15.41,15.44,3601.09,0.0,19.63,35.12,56.97
2026-08-31T19:54:00+00:00,18.1,19.57,3365.34,0.26,20.22,35.32,64.87
2026-08-31T19:55:00+00:00,18.02,19.45,3077.09,0.0,20.83,33.43,64.34
2026-08-31T19:56:00+00:00,9.81,16.8,3323.96,0.0,20.14,34.88,59.59
2026-08-31T19:57:00+00:00,18.49,19.7,3426.36,0.0,21.1,33.07,68.55
2026-08-31T19:58:00+00:00,19.4,21.0,3284.11,0.0,19.63,33.91,62.99
2026-08-31T19:59:00+00:00,13.45,14.98,3358.11,0.0,20.33,34.73,60.31
2026-08-31T20:00:00+00:00,18.16,22.16,3390.22,0.34,20.03,34.57,59.19
2026-08-31T20:01:00+00:00,18.24,21.45,3423.17,1.09,19.63,34.21,62.06
2026-08-31T20:02:00+00:00,15.35,19.35,3228.15,0.3,20.47,34.58,63.31
2026-08-31T20:03:00+00:00,13.59,14.45,3186.13,0.0,19.63,33.26,65.37
2026-08-31T20:04:00+00:00,12.3,15.55,3075.09,0.0,21.1,34.31,60.98
2026-08-31T20:05:00+00:00,15.27,17.39,3203.02,0.28,20.34,34.8,57.43
2026-08-31T20:06:00+00:00,17.23,18.01,3295.69,0.67,20.84,33.28,64.96
2026-08-31T20:07:00+00:00,13.06,16.49,3083.0,0.0,19.89,33.74,67.4
2026-08-31T20:08:00+00:00,16.18,15.87,3361.45,0.21,19.63,33.84,66.42
2026-08-31T20:09:00+00:00,11.47,12.72,3364.51,0.0,20.95,34.19,68.39
2026-08-31T20:10:00+00:00,17.99,18.76,3268.67,0.0,19.87,32.71,67.37
2026-08-31T20:11:00+00:00,12.65,20.6,3263.73,0.0,19.97,33.48,64.49
2026-08-31T20:12:00+00:00,17.83,17.28,3352.67,0.0,21.12,33.63,60.7
2026-08-31T20:13:00+00:00,14.65,13.91,3339.03,0.0,19.63,35.15,62.1
2026-08-31T20:14:00+00:00,12.24,12.74,3056.25,0.48,19.63,34.07,56.21
2026-08-31T20:15:00+00:00,12.21,8.09,3536.54,0.0,21.0,34.3,57.92
2026-08-31T20:16:00+00:00,12.4,16.63,3237.16,0.0,20.13,34.91,62.57
2026-08-31T20:17:00+00:00,17.62,18.47,3154.86,0.0,19.63,34.69,64.63
2026-08-31T20:18:00+00:00,12.84,16.9,3457.83,0.0,20.21,34.66,61.41
2026-08-31T20:19:00+00:00,18.43,21.74,3449.09,0.0,19.63,34.02,62.38
2026-08-31T20:20:00+00:00,17.03,21.49,3240.61,0.14,20.19,34.4,64.49
2026-08-31T20:21:00+00:00,11.33,14.44,2977.24,0.12,19.63,32.95,64.76
2026-08-31T20:22:00+00:00,13.68,18.26,3110.0,0.0,20.02,32.85,70.48
2026-08-31T20:23:00+00:00,10.83,17.77,3167.2,0.0,19.63,33.07,65.31
2026-08-31T20:24:00+00:00,13.92,16.93,3232.88,0.65,19.63,35.1,60.8
2026-08-31T20:25:00+00:00,11.89,12.9,3122.97,0.0,21.01,33.72,68.52
2026-08-31T20:26:00+00:00,17.21,17.14,3198.36,0.0,19.99,34.6,63.88
2026-08-31T20:27:00+00:00,16.72,17.82,3169.3,0.46,19.63,33.17,65.36
2026-08-31T20:28:00+00:00,16.49,21.68,3140.4,0.0,20.35,34.06,59.69
2026-08-31T20:29:00+00:00,16.48,26.89,3488.97,0.0,19.98,34.97,62.38
2026-08-31T20:30:00+00:00,12.43,15.39,3272.93,0.46,19.63,34.15,65.96
2026-08-31T20:31:00+00:00,17.49,18.98,3212.49,0.0,20.83,35.25,56.22
2026-08-31T20:32:00+00:00,13.06,14.05,3251.69,0.15,19.81,33.4,59.96
2026-08-31T20:33:00+00:00,13.35,16.26,3295.36,0.44,19.63,34.98,57.49
2026-08-31T20:34:00+00:00,16.82,19.26,3112.86,0.39,20.91,34.29,60.53
2026-08-31T20:35:00+00:00,20.11,21.06,3175.86,0.99,19.63,34.35,64.38
2026-08-31T20:36:00+00:00,10.93,11.09,3271.81,0.0,20.68,34.07,60.55
2026-08-31T20:37:00+00:00,15.1,22.96,3121.73,0.78,20.49,34.77,61.51
2026-08-31T20:38:00+00:00,19.29,19.89,3425.48,0.12,19.63,35.7,59.86
2026-08-31T20:39:00+00:00,20.34,31.14,3301.34,0.0,19.63,34.91,59.23
2026-08-31T20:40:00+00:00,17.36,25.86,3159.63,0.0,19.63,34.12,55.52
2026-08-31T20:41:00+00:00,15.83,18.08,3198.65,0.0,21.04,34.8,64.69
2026-08-31T20:42:00+00:00,13.44,15.72,3233.32,0.0,20.07,33.91,65.78
2026-08-31T20:43:00+00:00,18.07,23.07,2939.57,0.0,20.31,34.46,61.25
2026-08-31T20:44:00+00:00,15.15,13.99,3230.71,0.0,19.87,32.8,66.82
2026-08-31T20:45:00+00:00,13.9,13.34,3388.24,0.0,19.63,35.53,56.82
2026-08-31T20:46:00+00:00,9.11,12.35,3146.17,0.61,20.0,32.92,68.48
2026-08-31T20:47:00+00:00,15.88,23.96,3294.87,0.0,19.63,33.01,62.64
2026-08-31T20:48:00+00:00,12.14,14.46,3072.73,0.5,19.63,33.16,65.93
2026-08-31T20:49:00+00:00,8.0,12.32,3193.7,0.0,19.63,35.1,62.36
2026-08-31T20:50:00+00:00,14.19,19.97,3279.61,0.0,19.63,33.65,62.13
2026-08-31T20:51:00+00:00,18.24,19.05,3006.14,0.0,20.25,34.26,59.66
2026-08-31T20:52:00+00:00,13.88,13.41,3492.26,0.0,20.84,35.84,58.28
2026-08-31T20:53:00+00:00,12.11,13.38,3367.12,0.0,19.63,33.25,65.78
2026-08-31T20:54:00+00:00,17.81,20.35,3218.36,0.0,19.63,34.3,59.31
2026-08-31T20:55:00+00:00,18.81,21.88,3464.59,0.0,20.15,33.4,67.84
2026-08-31T20:56:00+00:00,14.6,15.72,3411.14,0.0,19.72,33.84,61.19
2026-08-31T20:57:00+00:00,14.28,16.23,3186.58,0.0,20.11,34.38,60.56
2026-08-31T20:58:00+00:00,13.16,16.99,3726.78,0.0,19.63,33.37,66.18
2026-08-31T20:59:00+00:00,18.06,16.3,3327.58,0.0,20.42,33.41,59.49
2026-08-31T21:00:00+00:00,18.89,16.95,3182.11,0.0,20.15,33.72,63.23
2026-08-31T21:01:00+00:00,12.1,11.96,3066.0,0.69,19.97,34.33,68.91
2026-08-31T21:02:00+00:00,16.76,17.53,2943.79,0.0,19.63,33.29,65.88
2026-08-31T21:03:00+00:00,19.54,18.83,2954.22,0.0,19.63,33.82,64.41
2026-08-31T21:04:00+00:00,13.63,15.33,3384.84,0.0,20.22,33.43,67.69
2026-08-31T21:05:00+00:00,14.15,16.36,3153.49,0.79,19.63,34.58,58.39
2026-08-31T21:06:00+00:00,14.63,14.95,3457.83,0.0,20.55,35.69,55.71
2026-08-31T21:07:00+00:00,15.51,21.32,3140.68,0.0,20.22,34.64,61.85
2026-08-31T21:08:00+00:00,12.96,16.41,3411.84,0.79,20.11,33.83,57.04
2026-08-31T21:09:00+00:00,15.71,13.03,3325.77,0.0,21.02,33.11,61.07
2026-08-31T21:10:00+00:00,10.22,13.76,3219.48,0.36,19.63,34.27,62.57
2026-08-31T21:11:00+00:00,15.28,12.68,3323.97,0.0,20.81,33.16,67.08
2026-08-31T21:12:00+00:00,13.08,13.27,3330.95,0.0,20.76,33.94,61.79
2026-08-31T21:13:00+00:00,15.31,15.17,3056.78,0.0,19.63,33.23,70.25
2026-08-31T21:14:00+00:00,14.27,24.36,3121.22,0.0,19.63,33.44,67.87
2026-08-31T21:15:00+00:00,19.04,21.47,3196.15,0.05,19.89,34.7,62.49
2026-08-31T21:16:00+00:00,13.23,18.11,3194.03,0.0,19.63,33.9,61.12
2026-08-31T21:17:00+00:00,17.85,17.34,2876.29,0.42,19.79,34.06,63.31
2026-08-31T21:18:00+00:00,11.41,13.28,3285.78,0.0,19.66,32.39,70.73
2026-08-31T21:19:00+00:00,14.48,14.29,3333.52,0.0,20.88,32.98,65.32
2026-08-31T21:20:00+00:00,16.95,19.04,3228.28,0.0,19.63,32.74,68.88
2026-08-31T21:21:00+00:00,14.34,17.78,3175.94,0.0,20.72,34.15,68.8
2026-08-31T21:22:00+00:00,16.13,17.54,3268.12,0.0,20.21,33.64,63.6
2026-08-31T21:23:00+00:00,12.35,14.48,2938.34,0.0,19.63,31.5,69.52
2026-08-31T21:24:00+00:00,13.95,11.15,3188.69,0.0,20.78,34.05,64.99
2026-08-31T21:25:00+00:00,13.68,15.78,3203.98,0.0,20.37,33.41,60.96
2026-08-31T21:26:00+00:00,18.35,19.46,3133.59,0.0,20.33,32.29,68.52
2026-08-31T21:27:00+00:00,19.98,22.28,3437.19,0.0,20.76,33.08,66.84
2026-08-31T21:28:00+00:00,14.87,22.3,3091.27,0.0,19.87,34.51,61.7
2026-08-31T21:29:00+00:00,16.75,19.0,2976.87,0.0,19.63,34.69,62.79
2026-08-31T21:30:00+00:00,13.11,11.92,3078.63,0.32,20.51,33.26,62.68
2026-08-31T21:31:00+00:00,12.98,15.14,2959.69,0.0,20.82,33.97,63.91
2026-08-31T21:32:00+00:00,14.88,18.49,3414.0,0.0,20.83,34.16,59.64
2026-08-31T21:33:00+00:00,17.43,17.83,3603.33,0.0,19.63,33.3,62.43
2026-08-31T21:34:00+00:00,14.76,17.91,3443.56,0.0,19.94,30.99,69.06
2026-08-31T21:35:00+00:00,13.62,10.82,2994.91,0.0,19.63,33.78,63.28
2026-08-31T21:36:00+00:00,12.57,13.76,2956.6,0.64,21.08,33.44,58.21
2026-08-31T21:37:00+00:00,16.81,17.15,3003.34,0.0,19.63,32.79,65.61
2026-08-31T21:38:00+00:00,8.85,9.17,2948.1,0.0,20.37,33.71,61.79
2026-08-31T21:39:00+00:00,20.57,21.22,3254.44,0.18,20.15,33.58,62.19
2026-08-31T21:40:00+00:00,21.81,26.05,3206.27,1.11,19.66,36.09,61.81
2026-08-31T21:41:00+00:00,20.76,21.43,2948.77,0.91,19.63,34.82,61.39
2026-08-31T21:42:00+00:00,12.79,12.26,3056.03,0.0,20.82,32.43,66.04
2026-08-31T21:43:00+00:00,14.71,15.96,3326.8,0.0,19.63,32.33,67.56
2026-08-31T21:44:00+00:00,11.2,15.49,3091.48,0.0,19.63,33.21,61.14
2026-08-31T21:45:00+00:00,14.07,15.64,2987.65,0.0,19.63,35.09,59.25
2026-08-31T21:46:00+00:00,19.39,21.32,3182.27,0.0,19.63,32.25,65.61
2026-08-31T21:47:00+00:00,13.21,12.44,3032.97,0.0,20.26,32.36,72.29
2026-08-31T21:48:00+00:00,13.71,15.03,3221.05,0.78,19.63,33.65,61.88
2026-08-31T21:49:00+00:00,12.35,13.54,3094.05,0.0,19.63,32.96,68.87
2026-08-31T21:50:00+00:00,11.79,14.58,2755.85,0.0,19.63,33.17,67.97
2026-08-31T21:51:00+00:00,13.28,13.9,2835.1,0.0,19.63,34.6,60.18
2026-08-31T21:52:00+00:00,11.69,10.94,3072.41,0.0,19.63,34.08,58.49
2026-08-31T21:53:00+00:00,16.8,18.28,2968.09,0.0,20.31,33.62,60.0
2026-08-31T21:54:00+00:00,10.57,11.58,2950.76,0.0,20.27,31.93,62.92
2026-08-31T21:55:00+00:00,15.22,20.21,3107.97,0.51,20.35,33.43,62.88
2026-08-31T21:56:00+00:00,14.99,22.35,2923.32,0.0,20.14,33.6,65.16
2026-08-31T21:57:00+00:00,19.2,20.03,3103.05,0.0,20.39,35.05,59.06
2026-08-31T21:58:00+00:00,11.71,17.28,3279.28,0.0,19.63,33.66,63.51
2026-08-31T21:59:00+00:00,11.83,15.17,2917.79,0.0,20.63,32.96,74.8
2026-08-31T22:00:00+00:00,13.61,16.44,3238.23,0.0,19.63,33.19,63.85
2026-08-31T22:01:00+00:00,13.8,20.47,3161.13,0.0,19.63,32.42,65.0
2026-08-31T22:02:00+00:00,19.18,19.67,2881.77,0.08,20.26,33.88,64.39
2026-08-31T22:03:00+00:00,16.27,17.66,3273.02,0.0,19.63,33.14,72.73
2026-08-31T22:04:00+00:00,12.29,12.34,3206.9,0.0,19.63,33.42,65.76
2026-08-31T22:05:00+00:00,13.7,16.23,3116.14,0.0,20.36,32.69,67.59
2026-08-31T22:06:00+00:00,12.97,16.44,2911.51,0.86,20.81,32.55,70.96
2026-08-31T22:07:00+00:00,15.6,14.65,3116.61,0.0,21.04,34.73,60.95
2026-08-31T22:08:00+00:00,17.15,17.54,3163.63,0.0,19.94,32.78,66.13
2026-08-31T22:09:00+00:00,16.31,15.49,2891.35,0.0,20.55,32.52,64.11
2026-08-31T22:10:00+00:00,16.96,20.14,2970.41,0.0,21.12,33.34,65.66
2026-08-31T22:11:00+00:00,16.28,21.79,3153.15,0.0,21.0,33.77,65.27
2026-08-31T22:12:00+00:00,19.2,21.96,3149.32,0.0,20.08,32.1,65.72
2026-08-31T22:13:00+00:00,18.81,22.31,2947.16,0.56,19.63,33.77,64.36
2026-08-31T22:14:00+00:00,16.39,19.31,3096.82,0.0,19.89,33.44,62.81
2026-08-31T22:15:00+00:00,16.22,20.5,2905.09,0.0,21.11,33.19,65.64
2026-08-31T22:16:00+00:00,12.67,13.86,3059.48,0.0,19.63,32.6,73.87
2026-08-31T22:17:00+00:00,17.76,22.6,3083.09,0.0,19.63,34.34,63.65
2026-08-31T22:18:00+00:00,16.27,14.55,2974.58,0.0,19.63,33.73,61.01
2026-08-31T22:19:00+00:00,14.38,14.35,2868.42,0.0,19.63,33.42,70.4
2026-08-31T22:20:00+00:00,9.4,12.77,3031.26,0.0,19.96,32.97,69.75
2026-08-31T22:21:00+00:00,15.07,15.6,2938.27,0.0,19.63,33.43,65.9
2026-08-31T22:22:00+00:00,12.93,11.09,2969.36,0.66,20.29,33.15,62.88
2026-08-31T22:23:00+00:00,15.35,19.11,2941.7,0.0,19.63,33.94,66.51
2026-08-31T22:24:00+00:00,15.99,20.12,3019.57,0.0,19.63,33.14,66.71
2026-08-31T22:25:00+00:00,15.96,24.8,2967.37,0.0,20.06,33.62,64.17
2026-08-31T22:26:00+00:00,14.66,18.67,2784.42,0.0,19.98,32.08,74.47
2026-08-31T22:27:00+00:00,9.25,10.12,2850.08,0.0,20.73,33.06,68.07
2026-08-31T22:28:00+00:00,10.93,13.09,3065.06,0.0,19.63,33.11,63.63
2026-08-31T22:29:00+00:00,17.42,15.58,2969.73,0.0,19.63,31.75,67.54
2026-08-31T22:30:00+00:00,15.01,14.65,2840.15,0.0,20.41,33.77,62.32
2026-08-31T22:31:00+00:00,13.56,14.51,3020.32,0.0,19.63,31.76,68.69
2026-08-31T22:32:00+00:00,15.57,16.32,3015.81,0.92,20.41,34.69,56.36
2026-08-31T22:33:00+00:00,19.31,22.04,3032.36,0.0,19.63,33.92,69.08
2026-08-31T22:34:00+00:00,14.36,15.37,3094.35,0.66,21.07,32.5,65.86
2026-08-31T22:35:00+00:00,17.21,20.25,3003.9,0.0,20.19,33.68,67.77
2026-08-31T22:36:00+00:00,17.48,16.73,2868.18,0.36,19.63,33.17,61.22
2026-08-31T22:37:00+00:00,18.1,18.93,2960.72,0.02,20.06,33.09,62.16
2026-08-31T22:38:00+00:00,15.68,20.56,3125.28,0.0,20.05,32.73,64.29
2026-08-31T22:39:00+00:00,14.8,14.59,2869.59,0.0,19.63,32.93,68.28
2026-08-31T22:40:00+00:00,16.58,17.54,2874.1,0.0,20.73,33.19,66.6
2026-08-31T22:41:00+00:00,16.34,21.78,2844.92,0.56,20.68,35.06,64.0
2026-08-31T22:42:00+00:00,12.1,13.83,2719.79,0.0,19.81,33.26,62.86
2026-08-31T22:43:00+00:00,13.79,12.88,3001.82,0.53,19.63,32.7,68.37
2026-08-31T22:44:00+00:00,13.67,17.14,2907.96,0.0,19.63,32.88,68.59
2026-08-31T22:45:00+00:00,14.28,9.32,2898.14,0.21,20.88,34.01,63.79
2026-08-31T22:46:00+00:00,13.05,19.62,2732.12,0.0,19.63,34.66,60.82
2026-08-31T22:47:00+00:00,16.87,17.98,2935.11,0.0,20.98,33.76,65.84
2026-08-31T22:48:00+00:00,17.12,19.81,2667.18,0.0,19.63,33.61,68.89
2026-08-31T22:49:00+00:00,19.05,24.16,3124.21,0.0,19.64,34.87,58.09
2026-08-31T22:50:00+00:00,16.04,19.66,2964.33,0.0,19.63,34.26,62.76
2026-08-31T22:51:00+00:00,12.63,17.81,3044.15,0.0,19.63,32.27,68.19
2026-08-31T22:52:00+00:00,15.61,16.49,2717.1,0.0,19.63,32.31,64.87
2026-08-31T22:53:00+00:00,15.86,20.65,2954.62,0.0,19.65,33.12,66.57
2026-08-31T22:54:00+00:00,14.44,13.51,2936.07,0.0,20.44,34.34,58.06
2026-08-31T22:55:00+00:00,11.39,7.5,2896.97,0.0,19.63,33.85,60.74
2026-08-31T22:56:00+00:00,16.16,16.81,2994.84,0.92,19.63,34.5,66.82
2026-08-31T22:57:00+00:00,17.8,18.22,3092.15,0.28,19.63,31.31,67.04
2026-08-31T22:58:00+00:00,21.15,21.37,3016.71,0.0,19.63,33.18,61.72
2026-08-31T22:59:00+00:00,15.02,15.13,2922.7,0.0,19.63,33.37,65.19
2026-08-31T23:00:00+00:00,19.94,20.09,2789.67,0.0,19.98,32.0,69.48
2026-08-31T23:01:00+00:00,13.22,12.23,2852.12,0.0,19.63,31.48,68.47
2026-08-31T23:02:00+00:00,17.12,14.07,2904.06,0.0,19.63,32.36,68.81
2026-08-31T23:03:00+00:00,20.34,22.39,2763.29,0.0,20.82,33.12,70.8
2026-08-31T23:04:00+00:00,13.61,11.55,3027.77,0.0,19.63,33.31,67.28
2026-08-31T23:05:00+00:00,14.25,14.36,3121.75,0.0,20.2,34.56,60.22
2026-08-31T23:06:00+00:00,14.39,21.68,3155.04,0.0,20.46,33.49,60.87
2026-08-31T23:07:00+00:00,14.29,14.31,2699.94,0.62,20.69,33.89,56.14
2026-08-31T23:08:00+00:00,16.68,16.9,2874.2,0.0,19.76,32.78,68.04
2026-08-31T23:09:00+00:00,16.47,24.22,2526.12,0.0,20.72,33.31,64.15
2026-08-31T23:10:00+00:00,13.09,14.79,2865.73,1.31,19.63,31.97,63.01
2026-08-31T23:11:00+00:00,13.37,11.76,2907.95,0.0,19.63,33.92,65.49
2026-08-31T23:12:00+00:00,16.15,18.77,2675.28,0.0,21.04,34.02,62.6
2026-08-31T23:13:00+00:00,12.76,15.69,3125.66,0.72,20.07,32.44,71.81
2026-08-31T23:14:00+00:00,17.47,19.62,3010.36,0.63,19.98,33.74,60.48
2026-08-31T23:15:00+00:00,14.1,14.32,3003.94,0.16,20.9,34.38,59.27
2026-08-31T23:16:00+00:00,17.45,22.29,2800.44,0.76,19.63,33.53,65.93
2026-08-31T23:17:00+00:00,12.73,14.26,2716.87,0.0,19.63,33.08,63.64
2026-08-31T23:18:00+00:00,15.22,16.67,2703.7,0.0,20.77,32.62,67.18
2026-08-31T23:19:00+00:00,13.02,14.98,2860.1,0.0,19.63,31.76,68.73
2026-08-31T23:20:00+00:00,11.45,10.94,2755.81,0.0,20.3,33.53,67.12
2026-08-31T23:21:00+00:00,17.17,22.03,2987.11,0.0,19.63,33.14,63.81
2026-08-31T23:22:00+00:00,15.17,20.93,2692.65,0.71,19.63,32.69,67.92
2026-08-31T23:23:00+00:00,14.73,19.84,2536.44,0.0,19.81,33.38,64.72
2026-08-31T23:24:00+00:00,13.96,15.8,2869.85,0.05,20.35,32.63,70.28
2026-08-31T23:25:00+00:00,11.7,14.18,2924.44,0.0,20.78,34.94,57.95
2026-08-31T23:26:00+00:00,12.87,16.61,2959.71,0.0,19.63,32.83,67.64
2026-08-31T23:27:00+00:00,17.48,17.69,2834.11,0.0,19.63,32.72,72.18
2026-08-31T23:28:00+00:00,18.13,18.26,2706.07,0.0,19.63,31.1,71.14
2026-08-31T23:29:00+00:00,12.28,13.82,2572.25,0.0,19.63,33.54,63.04
2026-08-31T23:30:00+00:00,19.66,18.52,2753.67,0.0,19.93,31.88,63.31
2026-08-31T23:31:00+00:00,15.04,17.08,2469.83,0.0,20.11,33.18,65.83
2026-08-31T23:32:00+00:00,12.85,9.57,2917.55,0.0,21.0,32.77,69.96
2026-08-31T23:33:00+00:00,14.01,17.07,2787.44,0.0,20.25,32.53,64.06
2026-08-31T23:34:00+00:00,15.15,16.29,3211.71,0.0,19.63,33.34,63.18
2026-08-31T23:35:00+00:00,13.54,16.64,2586.55,0.38,19.83,33.01,60.6
2026-08-31T23:36:00+00:00,18.41,25.8,2814.62,0.5,19.63,34.37,63.15
2026-08-31T23:37:00+00:00,12.68,9.74,2944.37,0.0,20.67,32.91,65.79
2026-08-31T23:38:00+00:00,17.28,21.14,2711.63,0.0,19.63,32.24,68.79
2026-08-31T23:39:00+00:00,12.4,11.78,3069.55,0.02,20.38,32.73,64.73
2026-08-31T23:40:00+00:00,13.06,14.71,2993.87,0.23,19.63,33.76,63.21
2026-08-31T23:41:00+00:00,17.65,18.89,2772.82,1.19,19.66,32.61,70.8
2026-08-31T23:42:00+00:00,11.26,10.47,2776.62,0.0,19.63,32.55,67.94
2026-08-31T23:43:00+00:00,19.98,26.2,2626.05,0.0,19.63,31.45,68.65
2026-08-31T23:44:00+00:00,14.8,15.36,2628.2,0.35,20.01,32.7,69.6
2026-08-31T23:45:00+00:00,13.59,19.9,2696.43,0.0,19.63,32.45,65.66
2026-08-31T23:46:00+00:00,10.73,7.5,2943.98,0.0,20.62,31.62,73.48
2026-08-31T23:47:00+00:00,15.13,14.15,2590.39,0.0,19.63,32.33,68.88
2026-08-31T23:48:00+00:00,13.23,12.13,2498.2,0.0,20.32,30.96,74.64
2026-08-31T23:49:00+00:00,17.63,21.78,2894.78,0.0,19.63,34.51,62.58
2026-08-31T23:50:00+00:00,20.52,25.83,2829.53,0.0,19.63,33.14,62.29
2026-08-31T23:51:00+00:00,17.06,19.09,2853.33,0.0,19.63,34.57,63.18
2026-08-31T23:52:00+00:00,15.57,17.37,2412.37,0.0,19.63,34.06,67.41
2026-08-31T23:53:00+00:00,20.35,19.18,2685.83,0.0,20.69,32.42,68.03
2026-08-31T23:54:00+00:00,16.61,22.5,2583.49,0.2,20.55,34.16,63.8
2026-08-31T23:55:00+00:00,15.07,18.03,2847.17,0.0,19.97,31.34,70.46
2026-08-31T23:56:00+00:00,16.3,16.61,2801.73,0.0,20.54,32.67,67.98
2026-08-31T23:57:00+00:00,16.48,17.55,2929.3,0.0,19.63,33.51,64.9
2026-08-31T23:58:00+00:00,18.43,18.42,2700.11,0.0,20.6,33.7,69.36
2026-08-31T23:59:00+00:00,14.07,14.58,2843.44,0.86,19.63,34.19,69.93
2026-09-01T00:00:00+00:00,25.57,25.78,2429.81,0.0,19.63,33.76,63.61
2026-09-01T00:01:00+00:00,10.66,14.27,2730.18,0.0,19.63,32.7,69.68
2026-09-01T00:02:00+00:00,8.0,10.32,2723.62,0.0,20.33,31.7,66.35
2026-09-01T00:03:00+00:00,18.53,21.02,2760.08,0.0,19.63,32.98,62.96
2026-09-01T00:04:00+00:00,8.0,7.5,2779.51,0.0,20.4,32.14,69.79
2026-09-01T00:05:00+00:00,16.27,16.65,2738.81,0.0,20.23,32.35,68.51
2026-09-01T00:06:00+00:00,12.87,18.03,2533.63,0.0,19.7,32.67,65.82
2026-09-01T00:07:00+00:00,15.21,22.41,2547.97,0.0,20.31,32.88,70.33
2026-09-01T00:08:00+00:00,8.0,14.62,2831.76,0.0,21.11,32.24,69.0
2026-09-01T00:09:00+00:00,22.93,22.41,2945.07,0.12,19.63,32.84,67.2
2026-09-01T00:10:00+00:00,8.0,16.01,2648.62,0.0,20.53,33.47,70.64
2026-09-01T00:11:00+00:00,11.38,13.07,2755.28,0.0,20.95,34.45,59.82
2026-09-01T00:12:00+00:00,17.58,19.08,2466.44,0.1,19.75,31.2,70.71
2026-09-01T00:13:00+00:00,16.91,21.64,2630.09,0.0,21.09,32.75,68.33
2026-09-01T00:14:00+00:00,19.89,19.87,2757.08,0.0,20.07,32.67,66.77
2026-09-01T00:15:00+00:00,8.71,8.06,2793.98,0.39,19.63,33.96,69.22
2026-09-01T00:16:00+00:00,16.07,16.41,2683.61,0.0,19.63,33.92,66.78
2026-09-01T00:17:00+00:00,18.16,15.13,2491.47,0.0,19.63,32.36,66.58
2026-09-01T00:18:00+00:00,12.31,16.04,2669.15,0.0,21.06,30.43,74.5
2026-09-01T00:19:00+00:00,8.0,11.77,2726.33,0.0,19.77,32.53,65.64
2026-09-01T00:20:00+00:00,21.02,28.5,2746.67,0.0,20.61,32.59,63.81
2026-09-01T00:21:00+00:00,9.02,7.86,2838.63,0.0,20.92,34.11,60.82
2026-09-01T00:22:00+00:00,8.0,10.29,2720.88,0.0,19.63,32.25,69.49
2026-09-01T00:23:00+00:00,22.03,24.47,2869.92,0.45,20.44,32.89,56.97
2026-09-01T00:24:00+00:00,11.41,14.16,2608.15,0.0,20.48,31.68,70.75
2026-09-01T00:25:00+00:00,12.06,13.65,2564.75,0.0,20.91,32.95,63.57
2026-09-01T00:26:00+00:00,20.19,20.33,2710.58,0.0,19.9,33.38,63.96
2026-09-01T00:27:00+00:00,9.65,7.5,2778.67,0.74,20.33,33.6,66.18
2026-09-01T00:28:00+00:00,9.02,11.96,2792.53,0.0,20.7,33.27,62.18
2026-09-01T00:29:00+00:00,8.2,13.92,2671.52,0.0,19.63,31.78,70.33
2026-09-01T00:30:00+00:00,14.41,17.46,2782.69,0.76,20.9,31.27,69.29
2026-09-01T00:31:00+00:00,10.39,15.12,2599.53,0.1,21.09,33.52,64.27
2026-09-01T00:32:00+00:00,18.28,21.74,2575.07,0.0,19.63,32.93,64.0
2026-09-01T00:33:00+00:00,14.2,15.0,2453.5,0.0,19.63,32.68,65.13
2026-09-01T00:34:00+00:00,17.5,15.39,2542.73,0.53,19.63,33.46,66.72
2026-09-01T00:35:00+00:00,19.26,23.34,2622.23,0.45,19.63,33.29,68.18
2026-09-01T00:36:00+00:00,8.0,13.89,2496.99,0.0,19.63,33.41,68.8
2026-09-01T00:37:00+00:00,8.0,9.39,2706.09,0.0,19.63,32.04,71.25
2026-09-01T00:38:00+00:00,19.46,20.53,2713.45,0.0,20.47,32.12,67.84
2026-09-01T00:39:00+00:00,11.36,12.78,2885.25,0.65,19.63,32.35,71.38
2026-09-01T00:40:00+00:00,8.0,10.41,2549.96,0.0,19.63,33.97,63.58
2026-09-01T00:41:00+00:00,19.28,23.19,2680.59,0.0,20.97,33.72,60.39
2026-09-01T00:42:00+00:00,18.3,22.71,2951.27,1.51,20.72,32.85,72.08
2026-09-01T00:43:00+00:00,17.02,25.21,2586.76,0.0,19.63,32.81,66.99
2026-09-01T00:44:00+00:00,16.02,17.42,2444.56,0.0,20.03,31.94,67.55
2026-09-01T00:45:00+00:00,19.35,19.17,2480.27,0.0,19.88,32.4,60.84
2026-09-01T00:46:00+00:00,8.0,12.37,2554.22,0.0,20.28,31.63,71.41
2026-09-01T00:47:00+00:00,23.9,26.86,2702.11,0.0,20.23,32.38,68.76
2026-09-01T00:48:00+00:00,16.86,19.19,2668.1,0.0,19.63,32.87,68.14
2026-09-01T00:49:00+00:00,8.13,7.5,2563.84,0.0,19.63,32.16,73.3
2026-09-01T00:50:00+00:00,15.29,14.39,2297.11,0.0,19.63,34.0,66.48
2026-09-01T00:51:00+00:00,10.72,10.85,2565.62,0.0,19.63,32.79,69.13
2026-09-01T00:52:00+00:00,18.87,15.54,2611.09,0.39,19.63,32.82,67.87
2026-09-01T00:53:00+00:00,18.83,20.41,2586.22,0.49,19.63,32.69,61.06
2026-09-01T00:54:00+00:00,31.32,34.06,2658.93,0.04,19.63,32.25,70.81
2026-09-01T00:55:00+00:00,28.42,33.93,2822.59,0.0,19.63,33.76,58.79
2026-09-01T00:56:00+00:00,16.09,18.28,2679.59,0.0,20.49,33.1,69.66
2026-09-01T00:57:00+00:00,17.71,15.03,2730.23,0.84,20.48,32.06,67.28
2026-09-01T00:58:00+00:00,23.67,26.2,2794.38,0.0,20.79,31.71,71.59
2026-09-01T00:59:00+00:00,8.0,8.61,2715.01,0.0,20.59,31.25,71.08
2026-09-01T01:00:00+00:00,8.0,9.04,2564.52,0.0,20.19,33.12,65.32
2026-09-01T01:01:00+00:00,16.7,10.85,2627.75,0.0,20.01,33.28,61.83
2026-09-01T01:02:00+00:00,18.18,22.16,2658.98,0.0,20.05,32.07,71.95
2026-09-01T01:03:00+00:00,12.4,17.25,2782.07,0.0,19.63,33.8,62.58
2026-09-01T01:04:00+00:00,23.22,25.43,2797.83,0.0,19.63,32.5,65.89
2026-09-01T01:05:00+00:00,18.65,17.24,2770.77,0.0,19.63,32.71,68.71
2026-09-01T01:06:00+00:00,23.59,28.75,2462.24,0.74,20.98,33.46,64.64
2026-09-01T01:07:00+00:00,19.72,21.1,2516.66,0.0,19.63,32.88,64.27
2026-09-01T01:08:00+00:00,23.69,25.25,2587.22,0.0,21.09,30.7,68.35
2026-09-01T01:09:00+00:00,20.73,25.22,2753.16,0.0,19.63,32.75,66.58
2026-09-01T01:10:00+00:00,14.19,10.49,2706.09,0.0,20.87,32.18,70.4
2026-09-01T01:11:00+00:00,16.83,17.2,2754.67,0.0,20.31,32.51,64.14
2026-09-01T01:12:00+00:00,16.26,12.96,2692.12,0.0,20.0,32.28,66.25
2026-09-01T01:13:00+00:00,13.53,16.29,2770.33,0.0,20.94,32.53,70.82
2026-09-01T01:14:00+00:00,11.17,14.23,2469.7,0.0,20.23,33.76,65.1
2026-09-01T01:15:00+00:00,9.79,10.18,2746.48,0.0,20.48,31.89,65.79
2026-09-01T01:16:00+00:00,15.12,13.15,2623.09,0.0,19.63,31.79,68.95
2026-09-01T01:17:00+00:00,15.04,9.81,2802.34,1.14,20.98,31.3,70.16
2026-09-01T01:18:00+00:00,20.35,23.44,2906.66,0.0,20.44,33.72,65.7
2026-09-01T01:19:00+00:00,9.2,13.09,2600.64,0.0,19.79,33.63,62.66
2026-09-01T01:20:00+00:00,15.01,20.71,2595.06,0.85,19.63,32.17,67.7
2026-09-01T01:21:00+00:00,8.0,8.65,2756.94,0.0,20.89,30.5,72.0
2026-09-01T01:22:00+00:00,8.0,9.97,2633.52,0.0,19.63,33.14,64.24
2026-09-01T01:23:00+00:00,13.49,17.84,3015.51,0.0,20.36,32.04,68.42
2026-09-01T01:24:00+00:00,10.78,12.96,2665.92,0.0,20.03,31.51,73.85
2026-09-01T01:25:00+00:00,23.02,27.92,2601.87,0.0,20.76,34.9,59.95
2026-09-01T01:26:00+00:00,11.51,12.78,2500.02,0.91,19.63,33.45,66.58
2026-09-01T01:27:00+00:00,22.49,28.34,2692.96,0.58,19.96,32.53,65.71
2026-09-01T01:28:00+00:00,21.22,25.41,2652.21,0.0,19.63,31.89,69.06
2026-09-01T01:29:00+00:00,14.87,15.27,2663.79,0.0,19.63,32.34,64.21
2026-09-01T01:30:00+00:00,21.43,24.81,2606.77,0.0,19.66,32.26,70.53
2026-09-01T01:31:00+00:00,14.36,14.21,2698.39,0.0,19.63,33.34,65.67
2026-09-01T01:32:00+00:00,8.0,17.26,2765.57,0.0,20.92,32.67,64.73
2026-09-01T01:33:00+00:00,9.41,8.57,2396.61,0.0,19.63,32.23,70.86
2026-09-01T01:34:00+00:00,15.65,19.7,2454.56,0.0,19.63,31.57,70.21
2026-09-01T01:35:00+00:00,24.39,26.76,2579.29,0.0,20.21,32.31,68.97
2026-09-01T01:36:00+00:00,13.89,16.5,2574.03,0.0,19.92,33.76,64.25
2026-09-01T01:37:00+00:00,18.69,19.65,2668.92,0.0,19.63,34.06,60.01
2026-09-01T01:38:00+00:00,8.0,7.5,2639.39,0.0,20.13,31.89,67.6
2026-09-01T01:39:00+00:00,8.51,7.5,2613.29,0.0,19.63,32.81,65.32
2026-09-01T01:40:00+00:00,18.19,21.82,2288.7,0.0,19.63,30.74,69.23
2026-09-01T01:41:00+00:00,17.31,17.75,2715.28,0.0,19.95,33.6,67.03
2026-09-01T01:42:00+00:00,14.49,17.03,2590.91,0.49,20.93,34.64,63.23
2026-09-01T01:43:00+00:00,18.16,17.82,2772.15,0.7,19.92,32.69,65.83
2026-09-01T01:44:00+00:00,17.32,21.95,2629.13,0.04,19.85,31.31,69.57
2026-09-01T01:45:00+00:00,19.31,17.88,2652.17,0.0,20.12,33.11,68.09
2026-09-01T01:46:00+00:00,14.51,12.4,2700.37,0.0,19.63,32.72,71.94
2026-09-01T01:47:00+00:00,10.6,15.7,2543.29,0.57,19.63,32.44,69.31
2026-09-01T01:48:00+00:00,20.7,21.02,2608.16,0.0,19.81,32.83,66.63
2026-09-01T01:49:00+00:00,8.0,10.01,2549.44,0.49,19.63,33.15,66.76
2026-09-01T01:50:00+00:00,16.75,17.86,2715.83,0.75,19.63,33.71,62.81
2026-09-01T01:51:00+00:00,8.0,9.07,2509.0,0.0,20.95,33.7,61.39
2026-09-01T01:52:00+00:00,8.32,8.75,2852.29,0.0,20.07,34.36,68.5
2026-09-01T01:53:00+00:00,26.55,32.97,2434.37,0.0,19.63,32.32,70.51
2026-09-01T01:54:00+00:00,17.56,15.63,2887.9,0.15,19.63,32.56,65.53
2026-09-01T01:55:00+00:00,11.84,14.75,2678.56,1.0,19.91,33.0,66.65
2026-09-01T01:56:00+00:00,14.11,12.38,2841.31,0.0,19.63,33.34,70.76
2026-09-01T01:57:00+00:00,16.3,24.91,2588.4,0.21,20.02,33.83,61.19
2026-09-01T01:58:00+00:00,28.74,36.53,2605.54,0.0,19.66,32.69,61.34
2026-09-01T01:59:00+00:00,15.82,18.72,2509.77,0.05,19.63,32.69,61.8
2026-09-01T02:00:00+00:00,20.84,21.42,2549.84,0.51,20.97,32.47,66.99
2026-09-01T02:01:00+00:00,12.66,18.79,2476.11,0.7,20.37,33.73,66.08
2026-09-01T02:02:00+00:00,8.94,12.09,3072.71,0.0,19.63,32.97,71.22
2026-09-01T02:03:00+00:00,21.59,23.02,2486.09,0.0,19.7,32.36,63.84
2026-09-01T02:04:00+00:00,14.42,21.18,2696.49,0.0,21.06,33.12,62.5
2026-09-01T02:05:00+00:00,15.59,20.11,2861.32,0.0,20.01,33.54,65.18
2026-09-01T02:06:00+00:00,8.0,8.6,2728.64,0.0,19.63,33.41,67.8
2026-09-01T02:07:00+00:00,11.1,15.14,2876.15,0.0,20.23,31.76,68.37
2026-09-01T02:08:00+00:00,12.8,16.42,2571.08,0.0,19.63,33.63,66.12
2026-09-01T02:09:00+00:00,13.8,17.29,2634.31,0.0,19.63,33.13,62.52
2026-09-01T02:10:00+00:00,16.69,17.75,2564.04,0.04,19.63,33.09,55.95
2026-09-01T02:11:00+00:00,8.0,8.27,2591.88,0.32,19.63,34.08,62.57
2026-09-01T02:12:00+00:00,12.69,12.58,2662.64,0.0,20.01,33.3,64.68
2026-09-01T02:13:00+00:00,16.3,20.28,2482.46,0.0,21.0,32.52,63.86
2026-09-01T02:14:00+00:00,14.93,19.79,2545.69,0.06,20.47,32.48,71.63
2026-09-01T02:15:00+00:00,16.29,14.47,2944.22,1.6,19.63,33.32,62.31
2026-09-01T02:16:00+00:00,18.01,18.98,2818.54,0.0,20.96,33.71,64.17
2026-09-01T02:17:00+00:00,18.25,16.18,2606.9,0.0,19.63,33.11,64.21
2026-09-01T02:18:00+00:00,8.66,7.5,2511.05,0.0,20.68,32.39,66.31
2026-09-01T02:19:00+00:00,20.69,24.23,2888.69,0.0,20.48,32.69,64.58
2026-09-01T02:20:00+00:00,19.37,19.34,2691.55,0.0,20.05,32.87,68.97
2026-09-01T02:21:00+00:00,8.81,7.85,2467.58,0.0,19.98,32.86,64.36
2026-09-01T02:22:00+00:00,21.07,25.29,2595.85,0.0,20.19,32.78,67.95
2026-09-01T02:23:00+00:00,11.56,12.92,2647.79,0.0,19.63,33.3,61.38
2026-09-01T02:24:00+00:00,20.44,24.71,2506.89,0.0,19.63,33.17,62.63
2026-09-01T02:25:00+00:00,14.93,13.33,2635.5,0.95,19.63,31.85,69.41
2026-09-01T02:26:00+00:00,17.07,17.31,2703.39,0.0,19.63,31.07,69.76
2026-09-01T02:27:00+00:00,12.5,15.58,2761.0,0.0,20.23,34.04,62.73
2026-09-01T02:28:00+00:00,11.93,14.48,2475.9,0.45,20.48,33.04,69.18
2026-09-01T02:29:00+00:00,14.51,16.44,2700.11,0.0,19.63,32.03,66.0
2026-09-01T02:30:00+00:00,14.52,17.35,2694.61,0.0,19.74,32.8,65.2
2026-09-01T02:31:00+00:00,20.47,23.14,2531.34,0.0,19.63,31.99,69.07
2026-09-01T02:32:00+00:00,11.4,12.07,2712.5,0.0,20.08,31.62,67.78
2026-09-01T02:33:00+00:00,15.93,20.84,2412.03,0.0,20.78,32.34,67.46
2026-09-01T02:34:00+00:00,10.16,12.33,2485.52,0.0,20.04,32.84,63.02
2026-09-01T02:35:00+00:00,11.99,15.02,2777.77,0.29,21.1,34.61,62.53
2026-09-01T02:36:00+00:00,11.02,14.79,2637.22,0.0,19.63,31.78,65.16
2026-09-01T02:37:00+00:00,8.0,9.16,2682.6,0.0,20.24,31.79,71.85
2026-09-01T02:38:00+00:00,15.7,18.03,2664.8,0.55,19.63,32.02,66.2
2026-09-01T02:39:00+00:00,18.27,17.5,2726.98,0.0,19.7,32.78,66.37
2026-09-01T02:40:00+00:00,16.33,17.36,2857.37,0.0,19.63,32.24,69.84
2026-09-01T02:41:00+00:00,23.63,29.4,2547.65,0.0,20.67,32.84,64.84
2026-09-01T02:42:00+00:00,8.2,9.47,2775.99,0.94,20.46,32.54,67.08
2026-09-01T02:43:00+00:00,15.42,16.42,2773.0,0.0,19.63,33.26,67.82
2026-09-01T02:44:00+00:00,18.48,21.33,2537.98,0.83,20.74,31.87,71.32
2026-09-01T02:45:00+00:00,9.43,14.14,2603.73,0.0,20.85,32.97,67.95
2026-09-01T02:46:00+00:00,27.79,31.58,2654.32,1.03,20.64,33.67,61.64
2026-09-01T02:47:00+00:00,15.81,15.45,2537.9,0.67,19.78,34.38,60.83
2026-09-01T02:48:00+00:00,19.44,20.92,2632.78,0.0,20.66,33.02,66.5
2026-09-01T02:49:00+00:00,25.43,26.5,2662.84,0.34,19.91,31.75,64.81
2026-09-01T02:50:00+00:00,18.72,24.77,2449.1,0.0,19.63,34.19,65.67
2026-09-01T02:51:00+00:00,9.49,12.17,2429.76,0.12,19.63,34.77,61.96
2026-09-01T02:52:00+00:00,12.84,14.18,2483.04,0.0,20.82,32.97,65.54
2026-09-01T02:53:00+00:00,8.61,13.28,2895.18,0.0,20.12,33.35,61.43
2026-09-01T02:54:00+00:00,8.94,7.5,2699.8,0.0,19.63,33.64,63.24
2026-09-01T02:55:00+00:00,22.54,26.18,2624.92,0.0,19.63,33.38,65.02
2026-09-01T02:56:00+00:00,11.71,9.04,2686.54,0.0,19.63,32.99,67.12
2026-09-01T02:57:00+00:00,9.34,12.4,2603.51,0.0,20.74,34.63,64.67
2026-09-01T02:58:00+00:00,23.63,24.88,2578.86,0.77,20.92,33.25,65.62
2026-09-01T02:59:00+00:00,8.95,14.35,2790.44,0.0,20.56,33.42,66.29
2026-09-01T03:00:00+00:00,18.54,16.38,2681.47,0.0,19.63,31.75,68.67
2026-09-01T03:01:00+00:00,14.64,12.99,2847.75,0.0,19.63,31.79,76.64
2026-09-01T03:02:00+00:00,13.67,19.06,2489.83,0.0,19.63,34.37,64.56
2026-09-01T03:03:00+00:00,8.83,10.35,2918.85,0.0,20.07,33.89,61.93
2026-09-01T03:04:00+00:00,16.12,19.28,2319.08,0.0,19.97,33.05,65.89
2026-09-01T03:05:00+00:00,21.56,25.66,2684.15,1.04,20.88,32.06,69.22
2026-09-01T03:06:00+00:00,22.82,22.73,2983.71,0.0,19.76,33.61,66.97
2026-09-01T03:07:00+00:00,12.23,14.31,2581.27,0.0,19.63,33.58,61.82
2026-09-01T03:08:00+00:00,19.45,23.28,2515.25,0.0,19.63,32.45,69.56
2026-09-01T03:09:00+00:00,22.67,26.04,2628.87,0.0,19.63,33.55,65.02
2026-09-01T03:10:00+00:00,13.65,15.03,2456.27,0.0,19.63,32.09,69.73
2026-09-01T03:11:00+00:00,21.93,25.21,2571.48,0.05,19.63,32.02,71.2
2026-09-01T03:12:00+00:00,23.3,26.2,2729.6,0.91,19.63,33.06,66.16
2026-09-01T03:13:00+00:00,8.0,8.08,2334.89,0.02,20.22,33.15,68.14
2026-09-01T03:14:00+00:00,12.08,10.61,2498.92,0.0,19.63,33.18,64.83
2026-09-01T03:15:00+00:00,17.55,20.15,2703.77,0.39,20.9,31.78,72.29
2026-09-01T03:16:00+00:00,9.83,12.15,2541.41,0.0,19.67,33.43,61.86
2026-09-01T03:17:00+00:00,14.22,12.67,2548.32,0.0,19.63,31.86,67.89
2026-09-01T03:18:00+00:00,10.39,13.4,2794.03,0.0,20.24,33.24,64.09
2026-09-01T03:19:00+00:00,13.53,12.0,2626.05,0.51,19.63,32.08,67.29
2026-09-01T03:20:00+00:00,11.2,13.98,2447.07,0.0,20.04,32.03,62.02
2026-09-01T03:21:00+00:00,18.32,24.18,2507.26,0.0,20.76,34.08,67.71
2026-09-01T03:22:00+00:00,15.72,18.04,2694.46,0.0,19.65,32.84,70.37
2026-09-01T03:23:00+00:00,24.02,28.31,6387.18,0.0,20.77,31.96,69.9
2026-09-01T03:24:00+00:00,8.0,9.95,6964.84,0.56,20.5,32.21,66.83
2026-09-01T03:25:00+00:00,8.0,9.96,6974.06,0.0,19.63,32.41,68.1
2026-09-01T03:26:00+00:00,14.97,11.89,6674.9,0.0,19.63,32.26,66.55
2026-09-01T03:27:00+00:00,11.24,12.06,6935.39,0.0,19.63,33.25,56.93
2026-09-01T03:28:00+00:00,16.49,19.42,7030.91,0.97,21.06,31.49,73.21
2026-09-01T03:29:00+00:00,18.33,18.18,6419.87,0.0,19.63,34.94,65.46
2026-09-01T03:30:00+00:00,10.56,13.84,5940.82,0.0,19.63,32.84,64.14
2026-09-01T03:31:00+00:00,15.17,15.47,6747.63,0.0,20.69,32.78,65.42
2026-09-01T03:32:00+00:00,18.97,18.76,6480.71,0.0,19.63,32.12,68.88
2026-09-01T03:33:00+00:00,12.43,16.24,7004.26,0.0,20.67,31.94,66.7
2026-09-01T03:34:00+00:00,15.62,22.05,6852.31,0.0,19.63,32.43,64.0
2026-09-01T03:35:00+00:00,9.72,11.58,6438.95,0.0,21.11,32.55,63.5
2026-09-01T03:36:00+00:00,12.41,13.74,6535.86,0.0,20.57,34.12,60.61
2026-09-01T03:37:00+00:00,10.71,14.52,6861.25,0.0,19.63,31.74,70.68
2026-09-01T03:38:00+00:00,18.41,23.8,6528.12,0.0,19.63,34.36,62.21
2026-09-01T03:39:00+00:00,8.0,10.2,6862.96,0.0,20.26,33.01,66.4
2026-09-01T03:40:00+00:00,11.53,13.57,6671.09,0.0,20.72,32.11,67.3
2026-09-01T03:41:00+00:00,18.79,19.14,6803.82,0.0,20.19,33.3,64.08
2026-09-01T03:42:00+00:00,11.55,12.35,6455.19,0.0,19.99,33.47,65.73
2026-09-01T03:43:00+00:00,18.93,21.18,2600.42,0.0,19.63,34.74,60.84
2026-09-01T03:44:00+00:00,18.08,17.34,2769.49,0.0,20.33,32.63,61.95
2026-09-01T03:45:00+00:00,14.38,16.73,2388.65,0.0,21.07,33.47,64.87
2026-09-01T03:46:00+00:00,14.3,16.99,2784.22,0.0,19.63,32.68,67.65
2026-09-01T03:47:00+00:00,12.51,13.93,2600.78,0.0,19.63,31.51,70.91
2026-09-01T03:48:00+00:00,14.91,18.41,2720.5,0.0,20.03,32.95,65.32
2026-09-01T03:49:00+00:00,13.95,19.66,2648.93,0.0,20.82,32.54,66.42
2026-09-01T03:50:00+00:00,19.26,20.45,2630.74,0.24,19.79,33.25,64.86
2026-09-01T03:51:00+00:00,18.23,18.0,2511.78,0.0,19.89,33.48,66.83
2026-09-01T03:52:00+00:00,16.71,22.38,2384.9,0.96,19.63,33.84,65.51
2026-09-01T03:53:00+00:00,21.91,22.25,2641.67,0.0,19.85,33.22,65.3
2026-09-01T03:54:00+00:00,16.8,21.91,2569.14,0.95,20.59,33.81,60.58
2026-09-01T03:55:00+00:00,18.05,20.85,2492.59,0.0,20.98,30.93,69.57
2026-09-01T03:56:00+00:00,15.21,15.98,2807.22,0.84,21.09,33.56,59.46
2026-09-01T03:57:00+00:00,12.64,11.7,2775.19,0.0,21.05,32.77,67.95
2026-09-01T03:58:00+00:00,14.9,15.63,2744.84,0.16,19.63,32.44,69.74
2026-09-01T03:59:00+00:00,14.03,17.58,2730.45,0.0,19.63,32.83,64.76
2026-09-01T04:00:00+00:00,11.76,17.04,2553.81,0.0,19.63,33.63,62.83
2026-09-01T04:01:00+00:00,15.6,15.38,2754.21,0.0,20.4,34.06,63.1
2026-09-01T04:02:00+00:00,11.96,15.79,2787.46,0.0,20.58,32.36,71.67
2026-09-01T04:03:00+00:00,10.13,16.73,2674.96,0.0,19.63,33.0,67.38
2026-09-01T04:04:00+00:00,18.19,16.95,2703.01,0.0,20.6,32.6,66.05
2026-09-01T04:05:00+00:00,8.9,13.57,2797.0,0.0,20.24,34.83,69.43
2026-09-01T04:06:00+00:00,19.09,22.49,2822.27,0.0,19.63,33.92,61.84
2026-09-01T04:07:00+00:00,16.84,18.61,2506.42,0.57,20.33,34.04,62.89
2026-09-01T04:08:00+00:00,15.7,14.4,2621.94,0.55,20.51,33.98,63.76
2026-09-01T04:09:00+00:00,20.02,25.04,2602.14,0.7,19.74,33.06,61.52
2026-09-01T04:10:00+00:00,10.37,13.45,2705.12,0.0,19.63,34.04,63.03
2026-09-01T04:11:00+00:00,14.0,14.52,2760.2,0.0,19.81,33.81,66.58
2026-09-01T04:12:00+00:00,21.32,16.49,2568.77,0.0,19.81,34.66,60.58
2026-09-01T04:13:00+00:00,12.79,16.52,2495.65,0.0,20.55,33.44,64.13
2026-09-01T04:14:00+00:00,9.3,8.66,2586.12,0.0,19.63,33.05,69.84
2026-09-01T04:15:00+00:00,13.16,14.83,2681.5,0.17,19.63,33.73,62.35
2026-09-01T04:16:00+00:00,11.8,14.82,2553.16,0.0,19.63,31.52,68.0
2026-09-01T04:17:00+00:00,15.93,13.77,2647.64,0.0,20.4,33.94,65.32
2026-09-01T04:18:00+00:00,15.12,14.71,2583.85,0.22,19.76,32.97,61.9
2026-09-01T04:19:00+00:00,9.21,12.3,2475.94,0.0,19.63,35.03,59.9
2026-09-01T04:20:00+00:00,8.0,7.5,2396.4,0.0,20.51,33.18,63.88
2026-09-01T04:21:00+00:00,16.2,20.89,2548.1,0.0,19.63,33.67,64.62
2026-09-01T04:22:00+00:00,12.47,12.14,2691.99,0.55,19.9,31.84,63.44
2026-09-01T04:23:00+00:00,12.22,11.74,2807.71,0.0,19.63,34.12,64.9
2026-09-01T04:24:00+00:00,12.32,15.49,2680.45,0.0,19.63,32.01,74.21
2026-09-01T04:25:00+00:00,19.79,16.9,2711.29,0.0,21.06,34.25,58.64
2026-09-01T04:26:00+00:00,13.48,17.23,2801.95,0.35,19.64,33.14,69.9
2026-09-01T04:27:00+00:00,11.61,10.28,2655.95,0.0,19.76,32.25,74.08
2026-09-01T04:28:00+00:00,18.05,17.52,2685.66,0.0,19.63,33.2,66.66
2026-09-01T04:29:00+00:00,15.14,15.9,2601.64,0.0,19.63,32.58,66.02
2026-09-01T04:30:00+00:00,13.27,12.2,2472.85,0.94,20.07,32.98,66.5
2026-09-01T04:31:00+00:00,14.42,17.8,2628.57,0.4,19.96,32.34,65.64
2026-09-01T04:32:00+00:00,18.23,19.85,2634.91,0.0,19.63,34.73,62.92
2026-09-01T04:33:00+00:00,20.87,21.27,2602.89,0.0,19.63,33.84,61.51
2026-09-01T04:34:00+00:00,10.27,13.28,2618.3,0.0,19.63,33.33,62.22
2026-09-01T04:35:00+00:00,19.46,21.87,2796.52,0.0,19.63,32.17,73.97
2026-09-01T04:36:00+00:00,14.5,16.46,2491.08,0.0,19.63,33.92,62.44
2026-09-01T04:37:00+00:00,16.69,20.32,2644.0,0.0,20.16,32.14,61.81
2026-09-01T04:38:00+00:00,19.15,21.88,2734.59,0.0,19.63,32.7,71.65
2026-09-01T04:39:00+00:00,18.06,20.75,2650.58,0.0,19.63,32.07,70.25
2026-09-01T04:40:00+00:00,18.46,17.01,2733.61,0.0,19.63,33.09,66.54
2026-09-01T04:41:00+00:00,18.18,25.08,2734.71,0.0,20.01,32.18,69.47
2026-09-01T04:42:00+00:00,68.83,78.2,2486.08,0.0,20.85,32.29,68.88
2026-09-01T04:43:00+00:00,67.15,73.57,2295.64,0.0,19.63,34.59,59.63
2026-09-01T04:44:00+00:00,73.78,80.48,2572.13,0.0,19.63,32.7,68.13
2026-09-01T04:45:00+00:00,64.92,71.3,2849.86,0.0,19.63,33.11,62.94
2026-09-01T04:46:00+00:00,65.86,70.42,2824.97,0.08,19.63,33.6,58.92
2026-09-01T04:47:00+00:00,66.54,69.35,2398.11,0.0,19.63,33.65,65.91
2026-09-01T04:48:00+00:00,75.08,78.42,2709.57,0.0,19.63,33.78,62.16
2026-09-01T04:49:00+00:00,69.59,79.1,2845.0,0.0,19.63,32.26,70.83
2026-09-01T04:50:00+00:00,80.6,91.55,2721.1,0.0,19.63,30.95,74.58
2026-09-01T04:51:00+00:00,72.04,84.54,2580.11,0.0,21.13,33.55,62.68
2026-09-01T04:52:00+00:00,62.3,66.94,2782.45,0.38,19.63,33.73,65.25
2026-09-01T04:53:00+00:00,63.26,65.34,2686.92,0.0,20.23,33.19,68.16
2026-09-01T04:54:00+00:00,72.43,78.41,2759.11,0.0,19.63,33.12,69.55
2026-09-01T04:55:00+00:00,75.11,75.84,2804.07,0.19,20.84,35.47,63.05
2026-09-01T04:56:00+00:00,74.43,80.6,2470.46,0.0,20.62,32.19,69.89
2026-09-01T04:57:00+00:00,78.7,85.73,2617.7,0.85,19.63,33.89,66.59
2026-09-01T04:58:00+00:00,71.64,74.84,2451.87,0.0,20.77,33.35,71.18
2026-09-01T04:59:00+00:00,78.51,85.52,2605.38,0.0,21.06,32.91,70.92
2026-09-01T05:00:00+00:00,81.38,87.38,2710.38,0.0,20.73,33.5,69.83
2026-09-01T05:01:00+00:00,69.77,77.14,2849.34,0.0,19.63,34.02,69.09
2026-09-01T05:02:00+00:00,84.23,99.77,2739.04,0.0,19.63,34.68,67.7
2026-09-01T05:03:00+00:00,69.33,70.86,2707.14,0.0,20.03,34.67,60.07
2026-09-01T05:04:00+00:00,82.62,83.5,2597.13,0.0,19.63,34.87,56.53
2026-09-01T05:05:00+00:00,73.04,85.12,2221.46,0.0,19.63,33.41,67.59
2026-09-01T05:06:00+00:00,76.63,83.4,2682.81,0.0,20.93,31.94,70.49
2026-09-01T05:07:00+00:00,78.9,82.06,2650.36,0.0,21.0,32.19,63.98
2026-09-01T05:08:00+00:00,67.52,74.91,2608.43,0.0,19.94,33.13,67.77
2026-09-01T05:09:00+00:00,11.01,7.5,2698.44,0.37,19.63,35.15,63.2
2026-09-01T05:10:00+00:00,10.31,9.13,2647.64,0.0,19.63,33.91,65.92
2026-09-01T05:11:00+00:00,22.01,32.38,2857.78,0.0,19.63,34.06,63.95
2026-09-01T05:12:00+00:00,13.37,19.93,2748.35,0.0,19.63,33.98,62.44
2026-09-01T05:13:00+00:00,16.91,17.5,2687.97,0.0,21.1,33.5,62.61
2026-09-01T05:14:00+00:00,14.26,16.7,2560.85,0.0,20.63,33.87,62.12
2026-09-01T05:15:00+00:00,14.87,16.62,2566.49,0.0,19.9,34.01,66.88
2026-09-01T05:16:00+00:00,13.12,20.97,2689.33,0.0,20.46,33.44,60.87
2026-09-01T05:17:00+00:00,17.08,24.61,2538.11,0.0,19.88,33.23,68.63
2026-09-01T05:18:00+00:00,10.9,14.6,2537.16,1.26,19.63,32.5,70.59
2026-09-01T05:19:00+00:00,17.7,18.23,2688.04,0.0,20.9,32.73,63.35
2026-09-01T05:20:00+00:00,10.88,14.93,2924.02,0.0,20.24,32.6,63.39
2026-09-01T05:21:00+00:00,12.72,11.73,2551.51,0.0,19.63,33.0,59.82
2026-09-01T05:22:00+00:00,16.65,20.74,2769.48,0.0,21.07,32.13,65.61
2026-09-01T05:23:00+00:00,16.42,17.64,2795.95,0.0,20.95,32.32,67.02
2026-09-01T05:24:00+00:00,11.89,12.33,2643.43,0.42,19.63,33.45,64.79
2026-09-01T05:25:00+00:00,13.14,18.84,2284.29,0.0,20.46,33.47,65.35
2026-09-01T05:26:00+00:00,16.13,14.01,2647.9,0.0,21.04,32.02,70.56
2026-09-01T05:27:00+00:00,17.79,18.78,2795.31,0.0,20.87,32.43,68.39
2026-09-01T05:28:00+00:00,11.77,13.46,2538.43,0.0,20.86,33.79,61.62
2026-09-01T05:29:00+00:00,17.65,23.16,2941.9,0.0,19.66,33.19,65.65
2026-09-01T05:30:00+00:00,13.13,13.91,2572.44,0.0,19.63,34.53,67.02
2026-09-01T05:31:00+00:00,16.88,20.67,2638.47,0.27,20.04,32.05,70.97
2026-09-01T05:32:00+00:00,13.28,13.74,2671.55,0.0,19.68,34.23,54.52
2026-09-01T05:33:00+00:00,15.08,18.38,2472.73,0.0,20.44,34.45,62.15
2026-09-01T05:34:00+00:00,21.49,24.69,2873.96,0.0,20.82,33.43,69.37
2026-09-01T05:35:00+00:00,14.56,14.97,2932.34,0.46,19.9,35.29,61.2
2026-09-01T05:36:00+00:00,13.47,11.7,2839.42,0.0,20.72,34.66,62.39
2026-09-01T05:37:00+00:00,16.01,24.66,2755.37,0.39,19.95,34.27,61.81
2026-09-01T05:38:00+00:00,13.34,16.99,2673.27,0.0,20.75,31.95,67.56
2026-09-01T05:39:00+00:00,14.32,20.22,2781.27,0.0,19.71,35.39,58.49
2026-09-01T05:40:00+00:00,13.84,11.53,2728.34,0.44,21.06,34.56,65.4
2026-09-01T05:41:00+00:00,18.63,23.2,2313.66,0.0,20.24,34.52,58.04
2026-09-01T05:42:00+00:00,16.35,14.03,2527.34,0.57,19.63,34.28,61.63
2026-09-01T05:43:00+00:00,17.75,20.39,2495.82,0.0,19.63,31.91,68.08
2026-09-01T05:44:00+00:00,14.78,14.2,2446.01,0.0,19.63,32.13,65.56
2026-09-01T05:45:00+00:00,16.3,17.25,2585.98,0.0,20.25,33.98,61.21
2026-09-01T05:46:00+00:00,13.3,12.38,2633.51,0.0,19.85,32.49,69.95
2026-09-01T05:47:00+00:00,12.1,16.95,2505.73,0.0,20.1,33.47,63.11
2026-09-01T05:48:00+00:00,14.62,15.92,2664.31,0.0,20.57,33.88,68.48
2026-09-01T05:49:00+00:00,16.58,19.41,2597.48,0.48,19.85,33.46,66.08
2026-09-01T05:50:00+00:00,13.83,12.62,2694.61,0.12,19.63,33.38,68.87
2026-09-01T05:51:00+00:00,17.99,20.01,2596.83,0.0,21.1,34.05,63.98
2026-09-01T05:52:00+00:00,14.76,17.32,2804.01,0.0,19.63,33.09,67.62
2026-09-01T05:53:00+00:00,11.2,17.54,2325.05,0.76,19.63,32.69,65.1
2026-09-01T05:54:00+00:00,14.79,13.61,2799.49,0.0,19.9,34.06,64.82
2026-09-01T05:55:00+00:00,14.91,15.14,2738.63,0.38,21.02,32.35,66.48
2026-09-01T05:56:00+00:00,14.86,16.21,2738.33,0.0,19.63,34.65,63.0
2026-09-01T05:57:00+00:00,16.61,17.72,2797.47,0.0,19.63,33.58,65.79
2026-09-01T05:58:00+00:00,10.2,14.3,2501.05,0.0,19.63,33.71,57.67
2026-09-01T05:59:00+00:00,17.15,18.9,2859.53,0.41,20.81,32.59,69.42
2026-09-01T06:00:00+00:00,15.81,19.88,2918.91,0.0,19.63,33.79,66.43
2026-09-01T06:01:00+00:00,13.7,14.81,2622.92,0.0,19.77,34.73,57.77
2026-09-01T06:02:00+00:00,17.84,17.12,2774.29,0.0,19.63,33.76,62.23
2026-09-01T06:03:00+00:00,15.77,20.67,2589.67,0.0,20.14,34.44,60.48
2026-09-01T06:04:00+00:00,14.04,18.58,2806.12,0.0,19.63,34.18,63.51
2026-09-01T06:05:00+00:00,18.48,20.69,2753.99,0.0,19.63,34.71,58.54
2026-09-01T06:06:00+00:00,14.52,14.3,2780.52,0.0,19.63,33.82,62.45
2026-09-01T06:07:00+00:00,11.56,12.26,2763.79,0.0,19.63,32.8,62.7
2026-09-01T06:08:00+00:00,10.45,10.17,2559.41,0.0,20.1,35.12,56.13
2026-09-01T06:09:00+00:00,17.67,20.16,2686.19,0.0,21.02,34.7,61.94
2026-09-01T06:10:00+00:00,12.12,12.59,2758.85,0.0,19.63,34.25,62.46
2026-09-01T06:11:00+00:00,19.69,20.48,2672.4,0.56,19.63,34.02,63.53
2026-09-01T06:12:00+00:00,16.68,17.65,2739.34,0.0,19.91,34.14,61.34
2026-09-01T06:13:00+00:00,15.42,18.57,2634.83,0.0,19.63,32.14,70.08
2026-09-01T06:14:00+00:00,18.1,20.5,2601.26,0.0,19.63,32.52,70.01
2026-09-01T06:15:00+00:00,14.26,16.58,2733.6,0.0,19.63,32.61,63.39
2026-09-01T06:16:00+00:00,8.59,8.29,2758.98,0.0,19.63,33.46,61.86
2026-09-01T06:17:00+00:00,19.33,19.68,2488.74,0.0,20.17,32.55,65.56
2026-09-01T06:18:00+00:00,12.12,10.36,2897.94,0.39,20.57,34.22,63.22
2026-09-01T06:19:00+00:00,13.32,11.48,2616.77,0.0,19.63,34.91,61.37
2026-09-01T06:20:00+00:00,17.45,20.3,2690.24,0.0,19.63,32.85,65.77
2026-09-01T06:21:00+00:00,19.57,24.54,2622.6,0.0,20.91,33.3,63.55
2026-09-01T06:22:00+00:00,17.02,19.86,2727.85,0.0,20.15,34.72,61.49
2026-09-01T06:23:00+00:00,15.93,20.03,3018.26,0.92,19.63,33.48,63.68
2026-09-01T06:24:00+00:00,12.23,13.49,2720.32,0.0,19.79,33.21,67.54
2026-09-01T06:25:00+00:00,17.51,21.02,2741.98,0.0,19.63,34.79,60.18
2026-09-01T06:26:00+00:00,14.41,14.5,2761.34,0.0,19.63,34.09,56.63
2026-09-01T06:27:00+00:00,16.51,18.95,2607.88,0.68,19.63,34.59,58.65
2026-09-01T06:28:00+00:00,18.99,18.73,2841.57,0.42,19.63,33.13,65.68
2026-09-01T06:29:00+00:00,10.22,10.53,2645.99,0.65,19.63,34.76,60.96
2026-09-01T06:30:00+00:00,17.56,21.98,2703.69,0.0,20.37,35.65,59.43
2026-09-01T06:31:00+00:00,17.76,23.17,3083.59,0.0,19.97,35.18,56.26
2026-09-01T06:32:00+00:00,12.84,17.84,2530.47,0.0,20.71,33.39,63.45
2026-09-01T06:33:00+00:00,15.2,17.46,2634.19,0.0,19.63,33.7,63.33
2026-09-01T06:34:00+00:00,17.63,19.59,2902.06,0.0,20.8,34.53,68.38
2026-09-01T06:35:00+00:00,12.32,17.54,2953.64,0.0,19.63,34.59,58.6
2026-09-01T06:36:00+00:00,13.82,22.98,2603.12,0.0,19.63,33.26,63.93
2026-09-01T06:37:00+00:00,13.22,20.24,2774.73,0.38,19.87,33.2,64.44
2026-09-01T06:38:00+00:00,11.38,15.58,2750.89,0.0,19.82,34.38,67.13
2026-09-01T06:39:00+00:00,14.2,20.08,2765.82,0.0,19.63,34.32,66.52
2026-09-01T06:40:00+00:00,15.36,18.65,2661.88,0.0,20.81,33.53,60.28
2026-09-01T06:41:00+00:00,16.33,16.71,2825.71,0.0,19.63,34.72,64.32
2026-09-01T06:42:00+00:00,13.42,15.09,2747.21,0.0,19.63,33.71,67.58
2026-09-01T06:43:00+00:00,17.78,22.58,2746.44,0.0,20.57,35.48,60.06
2026-09-01T06:44:00+00:00,11.38,16.23,2807.69,0.0,21.11,34.14,67.84
2026-09-01T06:45:00+00:00,17.32,18.64,2605.98,0.0,19.63,34.42,65.43
2026-09-01T06:46:00+00:00,16.76,22.47,2672.89,0.0,19.63,33.58,66.21
2026-09-01T06:47:00+00:00,16.67,21.99,3034.36,0.0,19.63,34.99,58.16
2026-09-01T06:48:00+00:00,13.77,15.94,2658.66,0.0,20.9,33.29,60.96
2026-09-01T06:49:00+00:00,15.37,15.03,2757.58,0.27,20.41,35.07,62.09
2026-09-01T06:50:00+00:00,18.7,20.69,2544.26,0.36,19.75,34.52,61.55
2026-09-01T06:51:00+00:00,14.31,14.24,2830.95,0.0,19.81,36.54,56.58
2026-09-01T06:52:00+00:00,14.34,17.24,3034.83,0.0,19.63,34.22,65.84
2026-09-01T06:53:00+00:00,15.6,19.36,2823.38,0.0,20.17,34.16,68.69
2026-09-01T06:54:00+00:00,18.4,18.51,2662.64,0.0,19.63,35.05,58.86
2026-09-01T06:55:00+00:00,14.15,16.5,2635.9,0.0,19.63,34.78,60.56
2026-09-01T06:56:00+00:00,13.67,16.0,2865.16,0.0,19.93,33.1,62.05
2026-09-01T06:57:00+00:00,17.44,18.97,2803.76,0.0,20.01,32.47,67.27
2026-09-01T06:58:00+00:00,14.17,15.95,2943.27,0.0,20.85,34.86,65.77
2026-09-01T06:59:00+00:00,15.91,18.17,2868.18,0.0,20.17,33.45,66.09
2026-09-01T07:00:00+00:00,15.56,17.42,2735.75,0.57,19.96,33.5,67.89
2026-09-01T07:01:00+00:00,14.59,19.4,2608.17,0.0,19.63,33.87,57.73
2026-09-01T07:02:00+00:00,18.27,17.9,2792.97,0.0,20.94,33.88,68.31
2026-09-01T07:03:00+00:00,13.99,19.8,2740.91,1.11,20.97,32.49,71.94
2026-09-01T07:04:00+00:00,14.93,26.78,2871.67,0.0,21.03,31.75,72.48
2026-09-01T07:05:00+00:00,17.22,17.5,2695.33,0.0,19.63,34.29,60.15
2026-09-01T07:06:00+00:00,14.67,20.2,2686.57,0.0,20.6,33.89,68.52
2026-09-01T07:07:00+00:00,20.8,23.0,2863.14,0.0,19.63,33.59,69.44
2026-09-01T07:08:00+00:00,15.05,15.82,2867.99,0.0,20.75,36.34,51.84
2026-09-01T07:09:00+00:00,13.38,18.89,2603.93,0.0,19.63,35.73,60.72
2026-09-01T07:10:00+00:00,15.33,22.26,2622.84,0.0,19.63,35.16,58.49
2026-09-01T07:11:00+00:00,16.71,17.69,2630.68,0.95,19.63,33.96,64.83
2026-09-01T07:12:00+00:00,15.55,17.01,2951.89,0.0,20.11,32.12,69.51
2026-09-01T07:13:00+00:00,18.83,20.56,2652.99,1.18,19.63,32.92,66.73
2026-09-01T07:14:00+00:00,13.67,17.81,2829.37,0.0,19.63,32.7,68.33
2026-09-01T07:15:00+00:00,16.26,19.1,2988.35,0.0,19.63,34.62,58.66
2026-09-01T07:16:00+00:00,12.72,12.44,2684.32,0.0,19.83,33.41,61.6
2026-09-01T07:17:00+00:00,14.48,15.96,2883.47,0.0,19.81,34.02,59.68
2026-09-01T07:18:00+00:00,9.52,13.04,2896.21,0.0,20.81,35.2,58.65
2026-09-01T07:19:00+00:00,12.41,11.31,2902.09,0.0,19.83,35.56,58.59
2026-09-01T07:20:00+00:00,14.04,19.85,2915.89,0.0,19.87,34.15,67.85
2026-09-01T07:21:00+00:00,10.39,12.13,2619.49,0.0,19.95,34.95,60.52
2026-09-01T07:22:00+00:00,16.48,19.11,2945.95,0.0,20.42,32.79,68.31
2026-09-01T07:23:00+00:00,16.1,21.62,2889.95,0.0,19.63,32.52,67.39
2026-09-01T07:24:00+00:00,22.02,24.48,2734.59,0.0,19.63,33.41,63.85
2026-09-01T07:25:00+00:00,16.71,13.88,2958.53,0.0,19.63,34.95,63.93
2026-09-01T07:26:00+00:00,13.04,13.76,3175.44,0.0,19.63,35.58,57.97
2026-09-01T07:27:00+00:00,15.44,15.48,2976.43,0.0,19.63,36.0,60.03
2026-09-01T07:28:00+00:00,15.46,15.61,3248.68,0.0,19.63,34.89,58.13
2026-09-01T07:29:00+00:00,15.48,22.04,2734.37,0.66,21.02,33.51,68.72
2026-09-01T07:30:00+00:00,17.52,18.12,2770.58,0.0,19.63,33.26,66.68
2026-09-01T07:31:00+00:00,12.16,13.32,2707.29,0.57,19.65,34.53,59.88
2026-09-01T07:32:00+00:00,19.27,18.06,2983.14,0.0,20.0,34.48,58.84
2026-09-01T07:33:00+00:00,13.02,15.35,2867.47,0.0,19.8,35.5,58.19
2026-09-01T07:34:00+00:00,10.15,11.02,3088.19,0.0,19.63,34.03,69.26
2026-09-01T07:35:00+00:00,13.98,15.76,2779.82,0.07,19.66,35.92,61.65
2026-09-01T07:36:00+00:00,14.93,16.23,3031.39,0.0,19.63,34.99,59.12
2026-09-01T07:37:00+00:00,14.24,14.18,2987.59,0.57,19.63,33.6,67.81
2026-09-01T07:38:00+00:00,15.24,20.71,2917.79,0.0,19.93,35.39,61.35
2026-09-01T07:39:00+00:00,17.48,18.39,3034.64,0.0,20.68,34.89,57.11
2026-09-01T07:40:00+00:00,13.28,14.51,2902.5,0.55,19.63,33.01,61.3
2026-09-01T07:41:00+00:00,19.03,23.69,2948.04,0.0,20.87,33.73,66.95
2026-09-01T07:42:00+00:00,13.44,13.91,2990.0,0.0,20.1,35.47,60.11
2026-09-01T07:43:00+00:00,14.91,14.68,3038.63,0.62,19.63,35.67,57.46
2026-09-01T07:44:00+00:00,12.46,7.81,3018.0,0.0,20.65,34.45,64.86
2026-09-01T07:45:00+00:00,16.57,14.54,2897.71,0.0,20.81,35.01,64.38
2026-09-01T07:46:00+00:00,14.32,15.38,2866.18,0.0,21.04,34.48,58.15
2026-09-01T07:47:00+00:00,12.28,20.88,2870.93,0.0,19.84,36.28,57.36
2026-09-01T07:48:00+00:00,15.81,15.62,3050.49,0.0,19.79,33.88,61.23
2026-09-01T07:49:00+00:00,11.73,11.57,2864.47,0.0,20.02,34.3,64.84
2026-09-01T07:50:00+00:00,11.05,11.11,3013.7,0.0,20.08,35.09,58.27
2026-09-01T07:51:00+00:00,15.49,16.14,3172.31,0.0,20.07,35.26,60.18
2026-09-01T07:52:00+00:00,20.06,25.03,3119.65,0.0,19.95,36.05,59.48
2026-09-01T07:53:00+00:00,15.65,19.11,3110.34,0.0,20.52,34.79,65.67
2026-09-01T07:54:00+00:00,13.93,16.24,2737.24,0.0,20.77,33.88,68.83
2026-09-01T07:55:00+00:00,16.1,17.44,2795.86,0.0,20.26,33.97,60.55
2026-09-01T07:56:00+00:00,14.16,19.25,2916.5,0.0,20.65,32.98,68.73
2026-09-01T07:57:00+00:00,15.02,15.12,3062.22,0.3,20.2,35.38,57.09
2026-09-01T07:58:00+00:00,13.92,18.13,2995.51,0.65,20.74,34.39,58.98
2026-09-01T07:59:00+00:00,18.54,22.5,3010.8,0.0,20.99,34.07,60.59
2026-09-01T08:00:00+00:00,14.28,12.08,2903.49,0.0,19.73,34.5,62.79
2026-09-01T08:01:00+00:00,12.13,15.24,3014.29,0.0,21.61,33.63,59.76
2026-09-01T08:02:00+00:00,15.54,16.75,3208.15,0.43,19.88,34.48,51.75
2026-09-01T08:03:00+00:00,16.56,15.78,3260.34,0.69,22.24,34.93,56.38
2026-09-01T08:04:00+00:00,17.93,22.27,2950.84,0.0,20.08,34.84,59.07
2026-09-01T08:05:00+00:00,13.56,20.27,3298.24,0.0,20.94,33.77,64.65
2026-09-01T08:06:00+00:00,14.9,14.19,3001.4,0.0,19.94,36.7,57.08
2026-09-01T08:07:00+00:00,17.89,25.34,2959.55,0.0,19.84,33.57,68.4
2026-09-01T08:08:00+00:00,14.59,15.43,2962.87,0.0,19.75,35.0,63.62
2026-09-01T08:09:00+00:00,13.18,12.16,3229.66,0.0,22.13,35.88,61.11
2026-09-01T08:10:00+00:00,17.39,18.73,2951.11,0.0,22.89,35.12,57.1
2026-09-01T08:11:00+00:00,16.99,14.21,3145.84,0.56,21.81,36.2,53.42
2026-09-01T08:12:00+00:00,16.87,16.74,3126.71,0.0,20.7,34.21,62.74
2026-09-01T08:13:00+00:00,15.87,18.9,3110.51,0.0,20.69,33.86,68.76
2026-09-01T08:14:00+00:00,16.26,19.09,2992.82,0.24,20.09,35.03,66.07
2026-09-01T08:15:00+00:00,13.71,14.09,3071.08,0.0,19.93,33.39,63.13
2026-09-01T08:16:00+00:00,14.42,14.98,2939.56,0.0,20.94,34.4,63.21
2026-09-01T08:17:00+00:00,16.24,22.31,2939.62,0.0,20.47,34.5,54.4
2026-09-01T08:18:00+00:00,11.99,9.9,3252.41,0.0,20.54,37.08,56.52
2026-09-01T08:19:00+00:00,12.1,10.19,3254.09,0.0,22.92,33.95,65.03
2026-09-01T08:20:00+00:00,14.27,13.65,3399.15,0.0,20.61,33.16,68.07
2026-09-01T08:21:00+00:00,18.45,23.25,2743.51,0.18,20.16,36.12,55.54
2026-09-01T08:22:00+00:00,10.09,14.37,3104.99,0.0,20.78,35.92,59.98
2026-09-01T08:23:00+00:00,11.06,11.06,3020.48,0.0,24.66,34.05,63.04
2026-09-01T08:24:00+00:00,15.14,17.47,2935.6,0.93,23.95,33.13,67.93
2026-09-01T08:25:00+00:00,16.06,18.77,3000.57,0.0,19.99,34.39,62.8
2026-09-01T08:26:00+00:00,20.75,19.21,3157.27,0.0,25.82,34.44,63.4
2026-09-01T08:27:00+00:00,16.26,19.05,3143.79,0.41,23.42,35.21,56.12
2026-09-01T08:28:00+00:00,11.25,11.65,3398.85,0.39,20.55,35.43,59.45
2026-09-01T08:29:00+00:00,16.99,17.99,3201.02,0.0,20.62,35.4,60.12
2026-09-01T08:30:00+00:00,16.5,17.07,2950.38,0.0,20.2,35.08,61.2
2026-09-01T08:31:00+00:00,12.44,13.22,3109.26,0.0,23.78,35.98,57.28
2026-09-01T08:32:00+00:00,16.12,21.38,3140.99,0.0,20.26,35.57,58.73
2026-09-01T08:33:00+00:00,13.84,15.06,3596.4,0.0,27.37,33.18,63.02
2026-09-01T08:34:00+00:00,14.48,14.69,3387.82,0.33,26.39,33.99,67.99
2026-09-01T08:35:00+00:00,11.15,10.27,3432.41,0.0,20.32,34.6,65.1
2026-09-01T08:36:00+00:00,16.48,18.98,2911.07,0.0,24.61,35.39,54.98
2026-09-01T08:37:00+00:00,12.78,16.49,3436.28,1.04,20.6,36.14,57.96
2026-09-01T08:38:00+00:00,17.9,16.39,3078.19,1.68,26.67,35.95,58.55
2026-09-01T08:39:00+00:00,13.93,14.35,3511.02,0.0,26.0,36.59,57.61
2026-09-01T08:40:00+00:00,12.53,17.6,3555.56,0.0,19.79,33.69,58.45
2026-09-01T08:41:00+00:00,17.77,23.1,3480.13,0.0,20.96,34.76,59.14
2026-09-01T08:42:00+00:00,13.81,15.61,3442.02,0.0,20.38,36.57,57.73
2026-09-01T08:43:00+00:00,15.41,20.33,3086.4,0.0,26.78,34.46,62.04
2026-09-01T08:44:00+00:00,12.04,11.47,3212.65,0.0,25.52,36.22,56.81
2026-09-01T08:45:00+00:00,17.43,14.33,3324.98,0.0,20.78,34.61,65.95
2026-09-01T08:46:00+00:00,17.11,16.84,3474.07,1.06,19.65,34.34,63.58
2026-09-01T08:47:00+00:00,16.75,18.16,3158.34,0.96,19.76,34.39,64.92
2026-09-01T08:48:00+00:00,13.14,16.04,3322.84,0.0,20.88,35.67,57.92
2026-09-01T08:49:00+00:00,20.0,23.1,3270.52,0.0,27.67,35.84,61.39
2026-09-01T08:50:00+00:00,15.5,19.92,3319.73,0.0,19.79,35.83,64.89
2026-09-01T08:51:00+00:00,15.71,14.51,3191.69,0.0,20.72,35.49,61.57
2026-09-01T08:52:00+00:00,17.79,16.91,3177.41,0.0,26.25,35.17,61.47
2026-09-01T08:53:00+00:00,12.58,17.73,2998.62,0.0,19.67,34.63,56.16
2026-09-01T08:54:00+00:00,14.29,17.52,3355.37,0.05,19.98,35.78,64.38
2026-09-01T08:55:00+00:00,21.57,24.92,3383.63,0.0,27.54,35.8,54.99
2026-09-01T08:56:00+00:00,13.73,14.98,3321.23,0.22,20.82,34.96,56.32
2026-09-01T08:57:00+00:00,13.82,16.24,3092.09,0.36,31.1,35.63,60.94
2026-09-01T08:58:00+00:00,14.09,14.26,3182.51,0.0,28.72,35.6,56.86
2026-09-01T08:59:00+00:00,11.15,7.5,3317.31,0.0,19.75,36.38,59.02
2026-09-01T09:00:00+00:00,16.16,19.34,3410.74,1.17,20.81,35.17,63.82
2026-09-01T09:01:00+00:00,18.76,19.29,3473.84,0.0,19.73,36.31,65.58
2026-09-01T09:02:00+00:00,18.74,21.86,3542.95,0.37,27.58,35.34,61.92
2026-09-01T09:03:00+00:00,16.93,16.53,3317.45,0.0,19.82,35.85,61.42
2026-09-01T09:04:00+00:00,17.44,21.62,3553.9,0.0,31.16,36.18,58.5
2026-09-01T09:05:00+00:00,14.49,12.92,3105.8,0.0,29.05,34.59,63.57
2026-09-01T09:06:00+00:00,16.96,26.18,3258.15,0.0,30.97,36.26,59.08
2026-09-01T09:07:00+00:00,15.4,16.88,3523.2,0.0,31.23,35.34,56.02
2026-09-01T09:08:00+00:00,11.89,10.38,3404.52,0.0,19.89,37.83,54.67
2026-09-01T09:09:00+00:00,15.58,13.78,3336.41,0.14,19.83,35.72,54.95
2026-09-01T09:10:00+00:00,13.4,13.76,3398.55,0.0,20.9,36.75,58.6
2026-09-01T09:11:00+00:00,15.48,18.92,3459.19,0.0,35.72,34.42,63.27
2026-09-01T09:12:00+00:00,13.57,14.55,3589.65,0.0,19.78,34.54,66.99
2026-09-01T09:13:00+00:00,15.69,17.84,3526.41,0.0,34.16,35.93,59.42
2026-09-01T09:14:00+00:00,17.25,24.22,3317.59,0.0,35.74,35.54,65.69
2026-09-01T09:15:00+00:00,13.58,15.96,3503.58,0.0,21.06,34.25,64.1
2026-09-01T09:16:00+00:00,11.66,19.08,3256.62,0.0,19.78,35.36,58.74
2026-09-01T09:17:00+00:00,13.34,13.12,3299.62,0.0,20.0,35.91,57.41
2026-09-01T09:18:00+00:00,13.07,10.04,3257.15,0.0,29.74,35.78,63.85
2026-09-01T09:19:00+00:00,16.93,22.92,3422.76,0.0,20.01,36.99,57.22
2026-09-01T09:20:00+00:00,15.21,14.08,3490.15,0.58,20.52,35.77,58.16
2026-09-01T09:21:00+00:00,12.9,15.51,3419.36,0.0,20.75,35.5,61.23
2026-09-01T09:22:00+00:00,19.02,19.4,3479.52,0.57,19.99,35.0,59.05
2026-09-01T09:23:00+00:00,16.52,21.72,3241.52,0.0,32.64,35.58,59.28
2026-09-01T09:24:00+00:00,16.48,17.75,3360.11,0.0,20.86,35.06,61.94
2026-09-01T09:25:00+00:00,16.96,21.73,3283.21,0.0,20.58,36.52,55.53
2026-09-01T09:26:00+00:00,13.45,18.76,3242.02,0.0,30.4,34.18,65.89
2026-09-01T09:27:00+00:00,16.99,16.76,3465.32,0.0,20.06,38.06,50.26
2026-09-01T09:28:00+00:00,17.64,17.78,3388.8,0.0,34.17,35.39,61.14
2026-09-01T09:29:00+00:00,16.11,22.7,3703.5,0.19,37.65,33.53,69.35
2026-09-01T09:30:00+00:00,17.75,20.58,3501.25,0.0,38.66,34.48,64.84
2026-09-01T09:31:00+00:00,15.79,19.45,3625.87,0.48,33.37,35.03,58.32
2026-09-01T09:32:00+00:00,13.48,15.49,3824.96,0.89,39.02,36.93,57.15
2026-09-01T09:33:00+00:00,16.29,17.21,3336.04,0.0,34.26,33.65,61.51
2026-09-01T09:34:00+00:00,14.4,19.99,3214.85,0.58,21.12,35.44,55.6
2026-09-01T09:35:00+00:00,21.68,22.74,3468.56,0.0,36.03,34.86,59.07
2026-09-01T09:36:00+00:00,12.1,17.32,3365.49,1.07,39.51,36.39,61.95
2026-09-01T09:37:00+00:00,11.37,10.77,3728.96,0.81,36.14,35.5,58.6
2026-09-01T09:38:00+00:00,14.32,17.8,2991.49,0.0,20.84,36.34,58.53
2026-09-01T09:39:00+00:00,11.22,15.06,3660.06,0.0,37.68,36.03,57.24
2026-09-01T09:40:00+00:00,13.77,12.92,3397.2,0.53,20.28,36.04,59.26
2026-09-01T09:41:00+00:00,12.97,15.97,3360.01,0.0,20.56,35.81,60.75
2026-09-01T09:42:00+00:00,15.13,16.02,3402.43,0.0,19.8,35.77,61.02
2026-09-01T09:43:00+00:00,12.27,12.66,3494.72,0.0,36.03,36.58,56.71
2026-09-01T09:44:00+00:00,16.33,17.38,3216.22,0.01,33.18,36.17,56.87
2026-09-01T09:45:00+00:00,12.1,21.67,3517.77,0.0,20.1,34.28,61.84
2026-09-01T09:46:00+00:00,14.67,22.42,3473.5,0.0,19.97,34.39,59.87
2026-09-01T09:47:00+00:00,12.16,16.25,3817.46,0.17,33.96,35.76,53.86
2026-09-01T09:48:00+00:00,16.91,15.34,3633.26,0.0,20.8,37.25,52.94
2026-09-01T09:49:00+00:00,13.15,11.65,3386.77,0.0,44.61,36.23,56.12
2026-09-01T09:50:00+00:00,11.83,11.37,3529.66,0.0,20.94,36.68,58.97
2026-09-01T09:51:00+00:00,16.01,19.22,3497.41,0.0,21.07,36.06,52.5
2026-09-01T09:52:00+00:00,19.04,22.98,3656.76,0.0,36.65,35.47,59.39
2026-09-01T09:53:00+00:00,20.66,21.64,3581.64,0.68,20.36,35.29,55.16
2026-09-01T09:54:00+00:00,15.31,21.23,3663.54,0.0,19.92,34.24,61.95
2026-09-01T09:55:00+00:00,21.25,21.58,3596.56,0.0,20.25,37.12,53.46
2026-09-01T09:56:00+00:00,13.72,13.18,3684.77,0.16,40.19,36.58,57.52
2026-09-01T09:57:00+00:00,18.95,21.62,3590.56,0.0,43.09,34.67,54.51
2026-09-01T09:58:00+00:00,19.57,17.39,3515.48,0.23,45.58,36.56,50.99
2026-09-01T09:59:00+00:00,16.63,18.04,3283.23,0.0,40.73,36.42,61.43
2026-09-01T10:00:00+00:00,18.73,27.06,3495.44,1.07,48.01,36.72,54.23
2026-09-01T10:01:00+00:00,17.95,18.8,3321.83,0.0,43.37,35.21,56.7
2026-09-01T10:02:00+00:00,15.23,20.93,3218.21,1.05,19.72,37.43,54.35
2026-09-01T10:03:00+00:00,15.61,16.96,3529.7,0.86,21.05,34.82,58.97
2026-09-01T10:04:00+00:00,12.11,13.81,3522.08,0.0,19.81,35.9,58.95
2026-09-01T10:05:00+00:00,16.89,17.85,3600.6,0.0,20.35,37.21,61.3
2026-09-01T10:06:00+00:00,8.97,15.91,3292.45,0.0,20.58,35.97,57.08
2026-09-01T10:07:00+00:00,15.81,17.23,3789.77,0.92,45.3,36.61,56.23
2026-09-01T10:08:00+00:00,15.52,15.55,3371.04,0.0,20.08,37.7,51.89
2026-09-01T10:09:00+00:00,14.74,13.97,3707.0,0.0,47.76,36.86,51.57
2026-09-01T10:10:00+00:00,17.79,18.54,3572.04,0.0,20.24,36.53,56.21
2026-09-01T10:11:00+00:00,13.08,14.3,3562.31,0.0,20.1,35.51,62.82
2026-09-01T10:12:00+00:00,14.59,16.72,3552.32,0.0,19.75,35.55,65.88
2026-09-01T10:13:00+00:00,15.96,17.34,3949.25,0.0,39.48,36.4,56.89
2026-09-01T10:14:00+00:00,15.5,15.01,3316.07,0.0,20.07,36.01,56.84
2026-09-01T10:15:00+00:00,13.47,24.07,3548.45,0.0,41.15,35.64,56.31
2026-09-01T10:16:00+00:00,17.53,21.76,3423.81,0.0,20.08,36.98,52.67
2026-09-01T10:17:00+00:00,18.24,21.51,3318.72,0.0,42.15,35.42,65.28
2026-09-01T10:18:00+00:00,15.0,18.79,3644.32,0.0,38.56,35.21,61.27
2026-09-01T10:19:00+00:00,16.9,19.39,3780.71,0.0,43.05,36.87,54.98
2026-09-01T10:20:00+00:00,15.97,18.76,3272.54,0.0,20.94,38.46,49.33
2026-09-01T10:21:00+00:00,19.56,20.88,3367.9,0.0,50.97,37.04,55.7
2026-09-01T10:22:00+00:00,14.79,18.82,3795.39,0.44,20.63,37.16,56.55
2026-09-01T10:23:00+00:00,14.65,16.72,3250.95,0.0,45.92,37.44,53.05
2026-09-01T10:24:00+00:00,14.08,18.38,3282.1,0.0,51.61,37.51,55.36
2026-09-01T10:25:00+00:00,21.59,21.79,3608.57,0.55,39.17,36.75,58.85
2026-09-01T10:26:00+00:00,12.63,14.68,3518.33,0.67,51.81,36.49,60.19
2026-09-01T10:27:00+00:00,12.82,19.91,3447.05,0.0,49.43,35.13,59.86
2026-09-01T10:28:00+00:00,16.14,18.94,3285.13,0.06,20.44,36.79,57.36
2026-09-01T10:29:00+00:00,15.13,17.81,3472.17,0.0,20.34,37.06,53.16
2026-09-01T10:30:00+00:00,13.41,18.88,3323.83,0.0,19.69,36.39,50.61
2026-09-01T10:31:00+00:00,9.85,12.4,3487.05,0.0,55.62,34.95,57.55
2026-09-01T10:32:00+00:00,13.22,15.3,3768.89,0.0,44.35,34.47,64.42
2026-09-01T10:33:00+00:00,15.62,12.19,3314.46,0.0,20.39,36.78,59.47
2026-09-01T10:34:00+00:00,20.72,26.99,3800.73,0.45,20.19,35.65,58.36
2026-09-01T10:35:00+00:00,14.73,18.63,3426.8,0.57,20.5,38.76,50.69
2026-09-01T10:36:00+00:00,13.37,11.44,3520.02,0.0,21.03,36.82,60.81
2026-09-01T10:37:00+00:00,14.84,15.38,3431.17,0.0,53.39,36.46,58.37
2026-09-01T10:38:00+00:00,17.28,20.39,3680.13,0.0,19.7,36.02,60.48
2026-09-01T10:39:00+00:00,17.34,16.34,3401.64,0.0,57.62,36.19,52.93
2026-09-01T10:40:00+00:00,18.65,24.94,3330.33,0.0,53.96,35.79,57.51
2026-09-01T10:41:00+00:00,17.29,23.91,3607.45,0.0,48.79,36.59,53.64
2026-09-01T10:42:00+00:00,21.11,21.12,3477.32,0.0,55.56,36.84,54.46
2026-09-01T10:43:00+00:00,14.02,15.45,3420.76,0.0,20.92,37.72,54.61
2026-09-01T10:44:00+00:00,18.03,25.76,3118.04,0.0,20.38,37.32,51.15
2026-09-01T10:45:00+00:00,15.54,16.02,3460.6,0.0,19.73,36.32,60.44
2026-09-01T10:46:00+00:00,15.28,16.96,3498.55,0.0,54.12,36.51,60.59
2026-09-01T10:47:00+00:00,14.66,13.55,3404.56,0.8,20.01,37.96,50.15
2026-09-01T10:48:00+00:00,14.14,17.55,3430.23,0.0,59.79,36.02,55.92
2026-09-01T10:49:00+00:00,11.83,9.41,3357.0,0.0,59.59,36.06,60.24
2026-09-01T10:50:00+00:00,14.33,14.0,3320.39,0.19,20.89,35.77,59.99
2026-09-01T10:51:00+00:00,18.57,22.4,3239.21,0.0,58.25,36.82,62.51
2026-09-01T10:52:00+00:00,17.93,16.67,3355.38,0.0,20.48,35.4,57.51
2026-09-01T10:53:00+00:00,19.11,26.52,3507.65,0.2,20.83,36.28,53.89
2026-09-01T10:54:00+00:00,10.41,10.79,3342.41,0.0,47.6,37.98,53.85
2026-09-01T10:55:00+00:00,19.59,25.29,3289.8,0.32,54.35,36.75,53.34
2026-09-01T10:56:00+00:00,15.1,23.57,3304.53,0.0,19.84,36.52,55.3
2026-09-01T10:57:00+00:00,18.76,24.59,3157.88,0.0,20.93,37.91,56.2
2026-09-01T10:58:00+00:00,19.75,24.63,3476.73,0.0,20.0,35.99,62.19
2026-09-01T10:59:00+00:00,13.05,18.45,3373.18,0.0,49.77,37.0,54.16
2026-09-01T11:00:00+00:00,15.17,15.06,3500.33,0.36,20.7,36.05,57.92
2026-09-01T11:01:00+00:00,16.52,18.83,3542.69,0.0,53.18,37.47,55.02
2026-09-01T11:02:00+00:00,12.55,17.14,3256.49,0.67,63.56,36.59,54.94
2026-09-01T11:03:00+00:00,11.61,18.35,3215.9,0.15,50.92,36.97,57.15
2026-09-01T11:04:00+00:00,15.46,22.32,3398.48,0.0,49.84,35.13,64.56
2026-09-01T11:05:00+00:00,20.6,29.48,3302.92,0.0,20.79,36.03,59.87
2026-09-01T11:06:00+00:00,16.39,21.03,3300.75,0.0,59.59,36.48,61.13
2026-09-01T11:07:00+00:00,14.23,11.61,3415.07,0.0,20.7,37.53,51.02
2026-09-01T11:08:00+00:00,18.87,26.42,3284.33,0.0,56.82,37.86,55.09
2026-09-01T11:09:00+00:00,15.01,16.32,3435.72,0.0,66.29,36.37,55.16
2026-09-01T11:10:00+00:00,18.5,18.96,3127.54,0.28,19.84,35.94,57.89
2026-09-01T11:11:00+00:00,16.03,17.8,3130.62,0.24,52.85,36.1,58.77
2026-09-01T11:12:00+00:00,17.58,18.14,3398.45,0.0,56.57,35.68,58.88
2026-09-01T11:13:00+00:00,17.39,19.96,3402.85,0.0,20.55,37.1,53.84
2026-09-01T11:14:00+00:00,17.93,21.28,3673.91,0.0,62.41,37.07,54.56
2026-09-01T11:15:00+00:00,14.0,15.94,3354.2,0.0,20.58,37.88,51.8
2026-09-01T11:16:00+00:00,17.46,18.44,3210.32,0.0,59.94,37.59,56.2
2026-09-01T11:17:00+00:00,16.99,18.51,3310.08,0.34,19.68,37.07,55.97
2026-09-01T11:18:00+00:00,9.73,13.86,3478.74,0.0,19.81,36.07,62.08
2026-09-01T11:19:00+00:00,12.03,15.98,3179.95,0.0,20.24,37.59,50.99
2026-09-01T11:20:00+00:00,18.0,21.91,3412.2,0.34,60.02,37.56,47.84
2026-09-01T11:21:00+00:00,14.82,14.85,3413.98,0.0,20.36,38.15,53.22
2026-09-01T11:22:00+00:00,17.58,20.15,3168.13,0.0,50.02,35.31,61.0
2026-09-01T11:23:00+00:00,15.29,23.39,3322.81,0.0,20.15,36.03,62.05
2026-09-01T11:24:00+00:00,12.23,10.71,3537.41,0.0,53.09,36.4,53.81
2026-09-01T11:25:00+00:00,17.93,20.49,3220.47,0.0,20.89,37.05,55.75
2026-09-01T11:26:00+00:00,11.42,15.19,3380.64,0.0,56.09,39.59,45.76
2026-09-01T11:27:00+00:00,18.8,23.71,3238.6,0.6,48.2,36.24,59.77
2026-09-01T11:28:00+00:00,13.16,15.98,3188.07,0.04,67.68,37.83,51.67
2026-09-01T11:29:00+00:00,14.87,16.41,3100.56,0.0,20.72,37.64,53.34
2026-09-01T11:30:00+00:00,14.95,16.03,3295.12,0.0,60.72,37.03,55.9
2026-09-01T11:31:00+00:00,19.26,20.35,3110.32,0.0,20.37,37.52,54.5
2026-09-01T11:32:00+00:00,14.45,11.08,3140.74,0.0,19.68,38.98,50.35
2026-09-01T11:33:00+00:00,10.66,12.05,3340.69,0.0,20.02,38.0,50.32
2026-09-01T11:34:00+00:00,15.02,16.09,3245.71,0.0,21.03,36.66,62.08
2026-09-01T11:35:00+00:00,9.37,18.44,3328.83,0.0,20.24,37.18,51.67
2026-09-01T11:36:00+00:00,15.62,17.49,3020.31,0.0,20.19,38.19,53.73
2026-09-01T11:37:00+00:00,12.81,11.31,3289.97,0.0,53.63,36.74,54.92
2026-09-01T11:38:00+00:00,16.03,26.21,3115.46,0.0,72.86,38.63,56.8
2026-09-01T11:39:00+00:00,17.38,19.38,3071.74,0.0,20.1,37.98,53.31
2026-09-01T11:40:00+00:00,9.71,15.33,3057.06,0.11,20.45,37.88,52.41
2026-09-01T11:41:00+00:00,21.59,24.89,3144.21,0.0,21.12,37.8,56.24
2026-09-01T11:42:00+00:00,10.42,7.5,3310.0,0.0,20.84,36.92,57.21
2026-09-01T11:43:00+00:00,13.98,18.04,3059.27,0.0,72.91,38.66,49.08
2026-09-01T11:44:00+00:00,15.79,19.3,3273.31,0.84,59.99,37.19,56.88
2026-09-01T11:45:00+00:00,12.69,13.09,2975.18,0.0,69.26,37.95,50.83
2026-09-01T11:46:00+00:00,18.66,21.21,2794.31,0.0,74.48,35.91,57.95
2026-09-01T11:47:00+00:00,20.07,25.21,2993.3,0.02,51.67,38.68,52.11
2026-09-01T11:48:00+00:00,16.96,18.73,2969.52,0.56,63.0,36.64,59.94
2026-09-01T11:49:00+00:00,11.99,22.15,3251.7,0.0,20.33,37.52,54.96
2026-09-01T11:50:00+00:00,17.11,20.18,3008.81,0.0,69.38,38.84,45.38
2026-09-01T11:51:00+00:00,16.62,19.71,3152.84,0.0,58.42,37.0,53.39
2026-09-01T11:52:00+00:00,13.66,11.89,3031.21,0.0,19.72,37.94,53.94
2026-09-01T11:53:00+00:00,14.7,15.95,3131.8,0.0,76.49,38.55,48.66
2026-09-01T11:54:00+00:00,21.31,22.72,3183.23,0.0,20.23,37.18,55.74
2026-09-01T11:55:00+00:00,14.22,17.3,3251.11,0.49,20.3,36.89,54.05
2026-09-01T11:56:00+00:00,12.72,20.19,2926.19,0.0,53.6,38.96,49.68
2026-09-01T11:57:00+00:00,17.05,19.13,2896.43,0.0,19.94,38.57,53.97
2026-09-01T11:58:00+00:00,14.4,19.39,3025.88,0.0,65.45,37.18,55.58
2026-09-01T11:59:00+00:00,13.83,14.4,3058.44,0.0,76.95,37.66,55.05
2026-09-01T12:00:00+00:00,13.39,14.71,2887.63,0.0,20.12,37.47,56.75
2026-09-01T12:01:00+00:00,14.37,15.8,2854.09,0.0,20.28,38.05,53.05
2026-09-01T12:02:00+00:00,17.84,21.68,3041.54,0.0,20.92,35.37,53.88
2026-09-01T12:03:00+00:00,17.1,18.3,3289.85,0.79,19.86,36.8,55.21
2026-09-01T12:04:00+00:00,12.62,12.05,2991.26,0.0,73.69,36.88,57.08
2026-09-01T12:05:00+00:00,18.19,17.52,3179.86,0.0,53.18,35.18,57.99
2026-09-01T12:06:00+00:00,18.38,21.43,2958.38,0.0,21.03,36.92,51.82
2026-09-01T12:07:00+00:00,15.04,17.51,2989.84,1.53,71.74,38.42,49.91
2026-09-01T12:08:00+00:00,11.89,12.18,2689.43,0.0,20.64,37.16,58.39
2026-09-01T12:09:00+00:00,13.94,16.91,2925.15,0.87,56.96,37.23,58.48
2026-09-01T12:10:00+00:00,15.43,16.86,3013.97,0.67,20.61,37.43,53.2
2026-09-01T12:11:00+00:00,16.49,20.15,2836.79,0.26,20.91,36.94,60.08
2026-09-01T12:12:00+00:00,16.36,20.87,2971.0,0.0,20.1,36.24,54.4
2026-09-01T12:13:00+00:00,14.68,14.51,2981.88,0.0,19.9,37.58,48.86
2026-09-01T12:14:00+00:00,16.68,19.47,2961.63,0.0,20.54,38.06,56.88
2026-09-01T12:15:00+00:00,18.62,21.84,3135.15,0.0,59.6,37.53,54.31
2026-09-01T12:16:00+00:00,19.18,19.3,2866.98,0.0,19.63,38.46,50.29
2026-09-01T12:17:00+00:00,18.55,23.54,3215.53,0.2,63.76,38.37,50.82
2026-09-01T12:18:00+00:00,18.89,22.62,2906.79,0.0,20.03,37.39,53.58
2026-09-01T12:19:00+00:00,13.94,15.95,3024.61,0.0,80.03,36.1,59.01
2026-09-01T12:20:00+00:00,11.9,13.07,3042.92,0.0,21.04,37.01,57.8
2026-09-01T12:21:00+00:00,17.72,24.01,3162.45,0.0,21.01,38.02,56.26
2026-09-01T12:22:00+00:00,15.55,15.28,3059.54,0.0,74.03,38.71,48.82
2026-09-01T12:23:00+00:00,10.51,15.05,2935.25,0.0,20.73,37.39,54.65
2026-09-01T12:24:00+00:00,15.15,16.28,2670.94,0.0,80.8,37.4,53.61
2026-09-01T12:25:00+00:00,14.59,15.21,2638.57,0.0,82.58,34.89,64.11
2026-09-01T12:26:00+00:00,14.96,11.63,2939.08,0.0,80.35,37.27,53.83
2026-09-01T12:27:00+00:00,17.98,19.72,2975.37,0.21,20.67,35.91,60.15
2026-09-01T12:28:00+00:00,10.91,10.66,2805.16,0.0,82.69,36.62,56.84
2026-09-01T12:29:00+00:00,11.45,13.25,2773.96,0.76,83.55,37.06,54.02
2026-09-01T12:30:00+00:00,16.11,18.31,2695.91,0.0,58.22,37.08,50.58
2026-09-01T12:31:00+00:00,11.29,13.48,2809.44,0.26,60.32,38.42,49.49
2026-09-01T12:32:00+00:00,18.42,19.28,2691.93,0.0,19.69,38.13,52.86
2026-09-01T12:33:00+00:00,12.74,12.27,2930.7,0.0,20.16,37.21,57.72
2026-09-01T12:34:00+00:00,15.14,13.73,2953.84,0.29,59.21,35.28,61.35
2026-09-01T12:35:00+00:00,9.2,15.0,2859.45,0.0,20.21,38.35,51.53
2026-09-01T12:36:00+00:00,12.65,13.56,2780.22,0.0,83.89,36.76,61.92
2026-09-01T12:37:00+00:00,13.01,15.64,2752.93,0.0,19.77,36.22,57.7
2026-09-01T12:38:00+00:00,14.65,17.31,2847.45,0.0,59.1,37.99,51.51
2026-09-01T12:39:00+00:00,17.28,20.06,2897.17,0.0,20.94,36.65,51.62
2026-09-01T12:40:00+00:00,13.36,19.35,2935.96,0.0,19.67,38.77,49.27
2026-09-01T12:41:00+00:00,18.22,22.66,2500.76,0.0,59.74,36.23,53.67
2026-09-01T12:42:00+00:00,15.2,22.24,2773.06,0.68,20.28,35.54,61.05
2026-09-01T12:43:00+00:00,15.94,13.4,2909.1,0.0,19.67,37.8,58.26
2026-09-01T12:44:00+00:00,11.43,14.62,2677.95,0.0,69.04,37.91,51.24
2026-09-01T12:45:00+00:00,14.15,17.49,2886.83,0.0,20.74,36.88,59.16
2026-09-01T12:46:00+00:00,8.0,7.5,2933.97,0.0,66.32,36.94,55.53
2026-09-01T12:47:00+00:00,16.29,17.85,2959.09,0.0,80.95,38.2,50.86
2026-09-01T12:48:00+00:00,16.32,19.42,2859.44,0.22,64.93,38.54,45.17
2026-09-01T12:49:00+00:00,14.89,14.08,2905.26,0.84,20.45,37.86,51.83
2026-09-01T12:50:00+00:00,13.82,14.61,2877.78,0.0,20.06,37.38,52.17
2026-09-01T12:51:00+00:00,11.4,16.9,2910.11,0.41,20.23,38.22,52.01
2026-09-01T12:52:00+00:00,14.08,17.5,2774.37,0.0,64.21,37.14,50.87
2026-09-01T12:53:00+00:00,18.86,15.99,2847.56,0.0,20.96,37.19,51.32
2026-09-01T12:54:00+00:00,18.29,21.02,2876.38,0.0,87.12,37.03,57.19
2026-09-01T12:55:00+00:00,12.38,12.71,2699.88,0.0,20.4,37.47,56.73
2026-09-01T12:56:00+00:00,14.2,12.3,2663.2,0.0,79.85,39.41,46.78
2026-09-01T12:57:00+00:00,14.19,15.34,2942.58,0.0,20.44,38.03,51.52
2026-09-01T12:58:00+00:00,13.11,13.13,2808.41,0.0,76.34,37.99,54.71
2026-09-01T12:59:00+00:00,17.02,18.29,2945.15,0.04,81.56,37.58,54.26
2026-09-01T13:00:00+00:00,15.73,16.25,2825.65,0.25,20.26,37.51,54.97
2026-09-01T13:01:00+00:00,13.58,18.46,2913.14,0.0,20.73,38.02,45.99
2026-09-01T13:02:00+00:00,17.31,19.85,2707.22,0.0,20.22,37.5,55.23
2026-09-01T13:03:00+00:00,9.82,7.5,2772.87,0.0,19.96,39.82,47.87
2026-09-01T13:04:00+00:00,12.34,18.59,3095.45,0.0,19.74,37.35,59.63
2026-09-01T13:05:00+00:00,12.24,15.69,2824.35,0.0,77.99,37.58,55.62
2026-09-01T13:06:00+00:00,15.73,23.17,2779.54,0.0,59.1,38.4,46.81
2026-09-01T13:07:00+00:00,14.82,16.03,2829.03,0.0,67.57,39.39,43.24
2026-09-01T13:08:00+00:00,13.84,11.54,2702.44,0.67,19.83,36.78,60.41
2026-09-01T13:09:00+00:00,17.18,18.54,2999.71,0.0,79.24,38.67,45.81
2026-09-01T13:10:00+00:00,21.85,23.61,2742.67,0.0,78.98,39.3,46.29
2026-09-01T13:11:00+00:00,15.57,11.45,2856.57,0.0,85.51,37.3,53.36
2026-09-01T13:12:00+00:00,21.54,24.09,2649.93,0.39,20.32,37.8,51.43
2026-09-01T13:13:00+00:00,17.05,23.74,2782.93,0.69,20.36,37.9,59.83
2026-09-01T13:14:00+00:00,16.11,20.35,2605.81,0.0,20.04,38.06,55.63
2026-09-01T13:15:00+00:00,13.92,18.97,2619.18,0.0,20.42,37.13,57.87
2026-09-01T13:16:00+00:00,17.27,24.14,2657.2,0.0,19.76,38.3,57.47
2026-09-01T13:17:00+00:00,15.61,17.21,2702.41,0.0,87.95,36.59,58.08
2026-09-01T13:18:00+00:00,16.29,17.99,2921.08,0.32,72.74,38.24,53.77
2026-09-01T13:19:00+00:00,13.82,21.05,2983.05,0.0,66.78,38.37,53.69
2026-09-01T13:20:00+00:00,12.59,20.67,2488.69,0.0,86.28,36.36,54.54
2026-09-01T13:21:00+00:00,14.32,17.47,2477.34,0.0,20.37,37.55,52.94
2026-09-01T13:22:00+00:00,12.99,18.52,2913.63,0.0,19.64,38.02,54.64
2026-09-01T13:23:00+00:00,13.26,16.09,2777.68,0.0,19.65,38.08,52.52
2026-09-01T13:24:00+00:00,14.81,14.11,2855.79,0.99,20.0,37.39,57.37
2026-09-01T13:25:00+00:00,12.32,14.99,2554.45,0.0,63.85,38.34,52.91
2026-09-01T13:26:00+00:00,11.0,12.74,2760.02,0.0,19.66,37.06,61.59
2026-09-01T13:27:00+00:00,17.49,16.22,2399.28,0.0,20.67,39.28,44.08
2026-09-01T13:28:00+00:00,14.0,17.43,2812.21,0.0,20.61,36.57,57.74
2026-09-01T13:29:00+00:00,15.89,21.88,2468.2,0.2,20.77,38.25,51.23
2026-09-01T13:30:00+00:00,14.52,15.51,2734.96,0.0,57.68,37.78,53.39
2026-09-01T13:31:00+00:00,16.63,21.3,2509.47,0.0,20.02,38.21,51.22
2026-09-01T13:32:00+00:00,14.29,22.1,2802.15,1.54,63.16,38.3,52.0
2026-09-01T13:33:00+00:00,18.38,20.02,2865.68,0.0,62.55,39.03,45.22
2026-09-01T13:34:00+00:00,14.85,18.28,2755.65,0.0,19.68,39.85,49.48
2026-09-01T13:35:00+00:00,17.34,19.85,2737.36,0.0,72.52,37.34,52.73
2026-09-01T13:36:00+00:00,12.94,15.28,2915.71,0.0,20.22,37.18,56.99
2026-09-01T13:37:00+00:00,17.22,20.61,2842.33,0.0,20.49,39.15,51.93
2026-09-01T13:38:00+00:00,14.01,19.69,2860.8,0.0,20.84,37.59,55.71
2026-09-01T13:39:00+00:00,16.3,15.14,2608.56,0.0,20.87,37.66,56.78
2026-09-01T13:40:00+00:00,18.12,24.12,2803.69,0.7,82.48,38.45,47.56
2026-09-01T13:41:00+00:00,10.3,7.91,2598.1,0.0,19.97,36.65,56.58
2026-09-01T13:42:00+00:00,12.27,15.03,2656.51,0.0,20.01,38.67,53.56
2026-09-01T13:43:00+00:00,16.61,18.82,2527.33,0.0,20.5,37.31,49.68
2026-09-01T13:44:00+00:00,13.63,17.11,2566.64,1.08,19.88,38.62,55.3
2026-09-01T13:45:00+00:00,20.81,21.98,2658.63,1.08,20.77,36.42,63.03
2026-09-01T13:46:00+00:00,15.49,15.38,2471.34,0.0,70.97,38.05,52.34
2026-09-01T13:47:00+00:00,16.25,17.47,2908.08,0.0,20.43,37.83,56.0
2026-09-01T13:48:00+00:00,16.26,16.37,2627.13,0.0,77.35,37.84,56.3
2026-09-01T13:49:00+00:00,19.06,24.01,2739.64,0.0,20.9,38.6,54.99
2026-09-01T13:50:00+00:00,16.5,16.68,2702.72,0.0,81.91,37.31,52.55
2026-09-01T13:51:00+00:00,16.51,20.9,2533.56,0.0,82.09,39.19,51.01
2026-09-01T13:52:00+00:00,13.35,15.31,2909.33,0.0,19.83,40.08,46.3
2026-09-01T13:53:00+00:00,16.42,15.29,2828.22,0.0,81.49,39.6,50.23
2026-09-01T13:54:00+00:00,19.68,22.19,2408.87,0.0,81.85,38.4,50.58
2026-09-01T13:55:00+00:00,10.04,7.62,2820.3,0.0,63.69,38.28,51.6
2026-09-01T13:56:00+00:00,12.88,13.63,2666.34,0.0,76.29,38.2,51.76
2026-09-01T13:57:00+00:00,14.67,13.72,2733.47,0.0,19.97,38.21,53.79
2026-09-01T13:58:00+00:00,16.91,19.1,2847.62,0.42,20.78,38.56,58.64
2026-09-01T13:59:00+00:00,17.28,17.61,2640.84,0.0,20.68,36.84,54.1
2026-09-01T14:00:00+00:00,17.22,18.77,2622.26,0.0,58.11,37.9,57.66
2026-09-01T14:01:00+00:00,18.06,18.45,2746.77,0.0,20.97,39.34,48.96
2026-09-01T14:02:00+00:00,13.41,16.49,2755.41,0.0,20.51,37.92,48.91
2026-09-01T14:03:00+00:00,12.51,14.36,2677.43,0.0,19.77,37.16,52.28
2026-09-01T14:04:00+00:00,15.42,13.57,2451.67,0.0,20.28,38.26,50.59
2026-09-01T14:05:00+00:00,15.11,16.41,2535.47,0.0,19.77,37.48,56.86
2026-09-01T14:06:00+00:00,17.64,20.67,2663.32,0.0,83.84,38.45,48.67
2026-09-01T14:07:00+00:00,15.79,20.24,2802.19,0.3,64.45,37.77,53.8
2026-09-01T14:08:00+00:00,17.39,21.79,2526.13,0.0,66.3,38.55,54.5
2026-09-01T14:09:00+00:00,16.69,20.7,2524.2,0.35,58.92,38.14,49.32
2026-09-01T14:10:00+00:00,16.29,22.25,2764.12,0.0,59.77,37.59,50.3
2026-09-01T14:11:00+00:00,17.26,17.25,2697.51,0.0,20.8,37.07,55.41
2026-09-01T14:12:00+00:00,11.94,12.0,2794.07,0.0,85.65,38.07,47.66
2026-09-01T14:13:00+00:00,14.39,17.54,2457.11,0.0,20.43,36.43,54.43
2026-09-01T14:14:00+00:00,15.09,13.21,2815.41,0.0,20.58,38.71,55.81
2026-09-01T14:15:00+00:00,16.4,14.53,2751.1,0.0,78.28,38.04,54.86
2026-09-01T14:16:00+00:00,15.4,19.81,2566.86,0.0,65.9,37.64,57.41
2026-09-01T14:17:00+00:00,12.49,12.22,2611.37,0.14,19.85,36.44,57.91
2026-09-01T14:18:00+00:00,10.98,12.13,2899.04,0.76,20.08,36.5,59.27
2026-09-01T14:19:00+00:00,11.67,10.5,2816.37,0.0,20.64,37.04,55.63
2026-09-01T14:20:00+00:00,15.17,16.94,2666.73,0.0,72.79,37.09,57.56
2026-09-01T14:21:00+00:00,14.71,26.75,2491.17,0.49,58.85,39.12,50.27
2026-09-01T14:22:00+00:00,19.63,23.47,2820.19,0.0,64.22,37.51,56.47
2026-09-01T14:23:00+00:00,12.7,20.85,2560.89,0.0,20.41,38.02,52.37
2026-09-01T14:24:00+00:00,16.45,20.69,2527.07,0.0,19.71,38.41,51.46
2026-09-01T14:25:00+00:00,15.78,15.3,2472.39,0.5,20.71,38.66,51.29
2026-09-01T14:26:00+00:00,15.12,18.95,2718.58,0.0,80.18,38.45,55.57
2026-09-01T14:27:00+00:00,16.66,15.12,2730.99,0.46,20.16,36.39,59.22
2026-09-01T14:28:00+00:00,18.38,26.65,2635.57,0.0,84.11,38.18,52.5
2026-09-01T14:29:00+00:00,12.94,13.45,2756.98,0.0,20.77,39.22,47.38
2026-09-01T14:30:00+00:00,9.97,8.46,2315.33,0.74,67.25,36.46,58.52
2026-09-01T14:31:00+00:00,22.39,25.89,2906.45,0.0,80.95,37.21,53.73
2026-09-01T14:32:00+00:00,13.76,13.51,2730.39,0.33,20.08,38.71,56.09
2026-09-01T14:33:00+00:00,13.87,18.65,2880.84,0.0,20.7,39.07,45.75
2026-09-01T14:34:00+00:00,16.75,17.64,2829.55,0.0,20.28,37.04,53.94
2026-09-01T14:35:00+00:00,14.94,18.02,2870.8,0.0,19.97,38.22,59.92
2026-09-01T14:36:00+00:00,18.57,21.99,2656.64,0.97,20.69,37.75,50.08
2026-09-01T14:37:00+00:00,15.5,19.51,2483.4,0.0,20.6,37.48,56.7
2026-09-01T14:38:00+00:00,15.72,23.48,2550.46,0.17,20.65,36.55,57.97
2026-09-01T14:39:00+00:00,11.09,14.35,2848.56,0.0,21.12,38.47,48.57
2026-09-01T14:40:00+00:00,15.23,18.75,2812.54,0.44,20.7,38.45,51.21
2026-09-01T14:41:00+00:00,15.41,15.85,3089.54,0.0,72.47,36.37,57.16
2026-09-01T14:42:00+00:00,18.47,18.49,2771.83,1.04,19.76,37.51,53.4
2026-09-01T14:43:00+00:00,16.06,14.66,2567.89,0.0,58.89,37.25,53.26
2026-09-01T14:44:00+00:00,15.1,19.92,2529.23,0.0,77.64,37.69,60.89
2026-09-01T14:45:00+00:00,18.0,19.32,2583.02,0.0,77.03,37.32,57.91
2026-09-01T14:46:00+00:00,16.24,19.25,2807.61,0.0,19.65,37.96,51.75
2026-09-01T14:47:00+00:00,14.24,18.71,2592.76,0.0,20.74,37.56,55.59
2026-09-01T14:48:00+00:00,13.86,17.56,2627.42,0.0,20.09,38.09,50.64
2026-09-01T14:49:00+00:00,19.13,26.37,2612.27,1.3,19.78,37.83,55.32
2026-09-01T14:50:00+00:00,15.67,14.75,2872.21,0.43,19.72,36.78,57.32
2026-09-01T14:51:00+00:00,12.99,14.29,2723.44,0.0,65.94,38.15,51.99
2026-09-01T14:52:00+00:00,14.95,14.4,2654.89,0.0,59.39,36.92,50.87
2026-09-01T14:53:00+00:00,15.8,15.96,2739.63,0.0,78.96,36.83,55.02
2026-09-01T14:54:00+00:00,12.76,14.9,2632.61,1.27,58.96,36.52,56.22
2026-09-01T14:55:00+00:00,15.34,16.68,2601.99,0.0,20.05,38.23,55.27
2026-09-01T14:56:00+00:00,17.41,18.73,2866.01,0.16,63.11,38.44,54.15
2026-09-01T14:57:00+00:00,19.63,19.88,2715.98,0.0,20.82,37.61,54.94
2026-09-01T14:58:00+00:00,20.47,22.41,2725.75,0.0,20.56,36.86,57.03
2026-09-01T14:59:00+00:00,11.24,7.5,2820.81,0.0,20.99,38.69,58.21
2026-09-01T15:00:00+00:00,13.81,12.49,2771.93,0.0,77.46,39.0,55.84
2026-09-01T15:01:00+00:00,13.29,16.38,2481.13,0.0,21.13,36.57,58.68
2026-09-01T15:02:00+00:00,16.4,19.22,2515.71,0.0,20.12,36.92,49.77
2026-09-01T15:03:00+00:00,8.7,8.27,2612.15,0.0,75.67,38.95,52.23
2026-09-01T15:04:00+00:00,19.97,25.81,2572.38,0.08,19.92,35.82,57.35
2026-09-01T15:05:00+00:00,13.63,12.25,2813.02,0.0,20.8,38.96,48.7
2026-09-01T15:06:00+00:00,13.51,18.83,2461.13,0.57,19.82,37.94,53.75
2026-09-01T15:07:00+00:00,15.36,12.29,2636.8,0.0,20.0,36.84,51.53
2026-09-01T15:08:00+00:00,15.29,15.32,2713.93,0.31,67.95,37.69,53.4
2026-09-01T15:09:00+00:00,11.13,13.32,2510.51,0.0,53.34,39.09,50.15
2026-09-01T15:10:00+00:00,11.56,10.23,2746.73,0.0,20.06,37.62,50.94
2026-09-01T15:11:00+00:00,14.3,17.93,2715.72,0.0,52.36,38.36,56.03
2026-09-01T15:12:00+00:00,13.14,17.14,2719.82,0.0,56.92,36.79,53.05
2026-09-01T15:13:00+00:00,20.59,23.68,2680.88,0.35,20.41,38.39,50.27
2026-09-01T15:14:00+00:00,17.65,21.82,2512.16,0.0,52.66,36.55,58.48
2026-09-01T15:15:00+00:00,19.98,19.52,2808.7,0.0,20.08,37.54,56.66
2026-09-01T15:16:00+00:00,15.89,20.29,2910.64,0.0,21.01,37.71,51.68
2026-09-01T15:17:00+00:00,12.23,14.34,2729.62,0.0,20.36,37.08,59.66
2026-09-01T15:18:00+00:00,19.36,24.34,2844.02,0.0,64.38,36.67,51.7
2026-09-01T15:19:00+00:00,15.85,18.98,2645.09,0.0,20.82,38.57,50.15
2026-09-01T15:20:00+00:00,17.32,22.27,2621.89,0.0,68.33,38.1,53.56
2026-09-01T15:21:00+00:00,19.42,18.01,2629.18,0.0,72.63,37.96,54.91
2026-09-01T15:22:00+00:00,15.81,21.47,2508.48,0.61,21.1,36.91,54.42
2026-09-01T15:23:00+00:00,20.03,22.82,2865.58,0.0,72.9,36.15,54.62
2026-09-01T15:24:00+00:00,12.78,13.75,2508.94,0.28,20.37,37.76,54.88
2026-09-01T15:25:00+00:00,14.4,15.06,2739.96,0.0,70.27,38.55,47.08
2026-09-01T15:26:00+00:00,17.55,16.65,2907.52,0.0,67.63,37.12,59.06
2026-09-01T15:27:00+00:00,13.88,17.94,2476.57,0.0,50.43,38.35,50.86
2026-09-01T15:28:00+00:00,15.47,18.75,2672.48,0.0,65.12,38.6,46.64
2026-09-01T15:29:00+00:00,15.25,17.53,2481.37,0.78,58.91,35.79,56.16
2026-09-01T15:30:00+00:00,14.07,14.63,2634.12,0.0,68.71,37.12,58.25
2026-09-01T15:31:00+00:00,16.78,16.46,2732.0,1.25,21.04,38.78,50.7
2026-09-01T15:32:00+00:00,11.64,11.9,2860.03,0.09,54.96,35.97,59.69
2026-09-01T15:33:00+00:00,18.25,20.69,2936.59,0.0,20.5,36.34,60.63
2026-09-01T15:34:00+00:00,14.76,16.5,2837.53,0.41,56.95,37.97,56.84
2026-09-01T15:35:00+00:00,19.82,27.9,2773.24,0.0,20.5,36.82,60.8
2026-09-01T15:36:00+00:00,13.33,15.38,2624.39,0.0,20.87,38.79,43.81
2026-09-01T15:37:00+00:00,15.8,16.98,2618.27,0.0,60.27,36.59,58.88
2026-09-01T15:38:00+00:00,18.19,20.44,2738.88,0.0,63.08,36.96,53.65
2026-09-01T15:39:00+00:00,16.61,21.73,2690.14,0.0,20.38,37.14,59.95
2026-09-01T15:40:00+00:00,14.28,13.02,2660.06,0.23,58.72,38.79,48.65
2026-09-01T15:41:00+00:00,15.94,23.63,2787.35,0.0,20.2,39.38,50.07
2026-09-01T15:42:00+00:00,14.99,19.29,2730.71,0.26,46.97,37.4,52.87
2026-09-01T15:43:00+00:00,11.5,11.92,2775.47,0.0,65.42,37.63,55.91
2026-09-01T15:44:00+00:00,14.2,16.15,2741.27,0.57,20.2,36.05,57.3
2026-09-01T15:45:00+00:00,17.56,22.91,2715.73,0.0,21.04,38.54,53.18
2026-09-01T15:46:00+00:00,15.46,15.4,2716.78,0.0,20.22,37.25,55.5
2026-09-01T15:47:00+00:00,14.98,18.97,2926.45,0.0,52.1,37.22,59.77
2026-09-01T15:48:00+00:00,15.35,19.13,2593.27,0.0,62.41,36.26,62.56
2026-09-01T15:49:00+00:00,18.63,21.46,2582.39,0.0,20.84,36.3,58.5
2026-09-01T15:50:00+00:00,16.85,23.07,2798.33,0.0,20.18,37.44,50.52
2026-09-01T15:51:00+00:00,12.8,20.13,2553.7,0.0,61.87,38.99,53.15
2026-09-01T15:52:00+00:00,16.51,17.57,2872.47,0.0,48.64,38.69,53.73
2026-09-01T15:53:00+00:00,9.5,11.81,2786.15,0.0,50.33,38.68,47.79
2026-09-01T15:54:00+00:00,18.08,15.39,2743.16,0.0,21.0,37.53,54.07
2026-09-01T15:55:00+00:00,12.21,10.9,2710.81,0.0,45.69,37.51,51.44
2026-09-01T15:56:00+00:00,15.98,21.15,2719.27,0.0,51.85,36.71,57.15
2026-09-01T15:57:00+00:00,19.62,23.59,2611.69,0.34,21.13,38.28,49.48
2026-09-01T15:58:00+00:00,13.99,17.19,2650.17,0.0,47.32,37.23,61.0
2026-09-01T15:59:00+00:00,17.14,22.83,2771.53,1.33,21.09,36.22,51.62
2026-09-01T16:00:00+00:00,17.03,16.55,2708.0,0.0,56.86,38.33,53.06
2026-09-01T16:01:00+00:00,15.19,18.99,2736.68,0.0,46.42,37.85,54.88
2026-09-01T16:02:00+00:00,15.71,19.88,2385.47,0.0,62.41,36.58,60.32
2026-09-01T16:03:00+00:00,13.51,17.64,2782.38,0.0,19.97,36.43,62.81
2026-09-01T16:04:00+00:00,17.77,21.09,2554.56,0.0,19.87,35.91,60.49
2026-09-01T16:05:00+00:00,12.61,14.51,2768.34,0.0,59.19,37.99,54.24
2026-09-01T16:06:00+00:00,14.26,20.08,2853.04,0.0,20.23,37.36,60.67
2026-09-01T16:07:00+00:00,13.47,14.48,2548.29,0.0,20.87,37.9,51.38
2026-09-01T16:08:00+00:00,19.36,19.8,2611.64,0.0,20.25,34.35,60.64
2026-09-01T16:09:00+00:00,15.32,17.87,2899.65,0.83,21.11,36.77,59.03
2026-09-01T16:10:00+00:00,12.17,12.38,2905.01,0.0,44.78,37.62,57.28
2026-09-01T16:11:00+00:00,14.34,18.75,2713.11,0.0,20.0,37.3,54.36
2026-09-01T16:12:00+00:00,12.72,16.16,2782.92,0.0,47.36,38.8,49.7
2026-09-01T16:13:00+00:00,18.22,19.02,2516.0,0.21,20.42,36.86,55.07
2026-09-01T16:14:00+00:00,11.98,12.59,2722.34,0.71,57.65,36.07,59.09
2026-09-01T16:15:00+00:00,13.34,14.15,2861.11,0.0,20.78,36.86,56.42
2026-09-01T16:16:00+00:00,16.37,17.19,2830.53,0.0,57.92,37.32,54.28
2026-09-01T16:17:00+00:00,12.12,12.46,2670.78,0.0,20.18,38.35,49.48
2026-09-01T16:18:00+00:00,15.56,17.0,2871.6,0.22,19.8,36.32,58.61
2026-09-01T16:19:00+00:00,19.09,21.47,2854.16,0.0,20.7,37.78,55.22
2026-09-01T16:20:00+00:00,11.86,13.65,2751.77,0.0,21.03,36.3,56.28
2026-09-01T16:21:00+00:00,14.44,20.39,2876.24,0.35,20.47,36.8,56.55
2026-09-01T16:22:00+00:00,12.13,8.35,2696.49,0.0,20.17,38.1,53.12
2026-09-01T16:23:00+00:00,11.6,12.08,2715.77,0.0,55.71,35.54,60.17
2026-09-01T16:24:00+00:00,14.86,19.06,2652.22,0.14,21.01,36.98,54.48
2026-09-01T16:25:00+00:00,17.56,22.74,2853.04,0.0,19.67,36.79,51.99
2026-09-01T16:26:00+00:00,16.99,17.59,3010.84,0.0,54.99,35.89,58.31
2026-09-01T16:27:00+00:00,16.55,17.64,2922.74,0.0,20.37,37.06,57.2
2026-09-01T16:28:00+00:00,17.72,21.51,2997.71,0.0,20.28,35.99,56.9
2026-09-01T16:29:00+00:00,13.64,12.64,2690.29,0.0,19.93,36.73,54.3
2026-09-01T16:30:00+00:00,14.47,20.3,2715.91,0.2,19.98,37.89,51.85
2026-09-01T16:31:00+00:00,13.35,10.1,2935.54,0.0,20.39,36.5,59.47
2026-09-01T16:32:00+00:00,12.94,15.45,2732.74,0.0,20.37,36.87,55.7
2026-09-01T16:33:00+00:00,12.96,14.61,2965.54,0.89,19.84,36.54,58.41
2026-09-01T16:34:00+00:00,17.87,20.38,2899.58,0.0,20.46,36.19,58.65
2026-09-01T16:35:00+00:00,14.76,17.44,2821.18,0.0,44.94,36.8,53.7
2026-09-01T16:36:00+00:00,18.2,20.62,2782.17,0.0,20.74,36.81,54.71
2026-09-01T16:37:00+00:00,14.24,21.72,3076.82,0.0,20.94,35.41,58.05
2026-09-01T16:38:00+00:00,10.04,13.16,2585.65,0.0,39.24,36.03,53.47
2026-09-01T16:39:00+00:00,14.21,20.74,2798.76,0.0,20.49,37.18,57.45
2026-09-01T16:40:00+00:00,18.81,20.59,2677.11,0.0,20.27,35.97,62.08
2026-09-01T16:41:00+00:00,16.77,18.34,2807.58,0.0,46.9,36.22,57.24
2026-09-01T16:42:00+00:00,12.41,11.85,2862.56,0.49,19.9,36.89,58.67
2026-09-01T16:43:00+00:00,15.0,16.4,2796.55,0.0,19.77,37.48,50.13
2026-09-01T16:44:00+00:00,14.5,14.64,2703.7,0.59,44.85,36.16,59.14
2026-09-01T16:45:00+00:00,11.75,17.88,2754.99,0.0,20.41,37.48,53.82
2026-09-01T16:46:00+00:00,18.0,21.07,2653.45,0.0,20.5,35.97,59.5
2026-09-01T16:47:00+00:00,11.81,12.9,2846.62,0.35,44.05,35.74,58.35
2026-09-01T16:48:00+00:00,15.0,12.29,3119.19,1.24,41.89,37.35,55.85
2026-09-01T16:49:00+00:00,18.63,26.69,2817.31,0.0,40.76,36.77,53.75
2026-09-01T16:50:00+00:00,14.97,22.71,2784.09,0.0,20.21,36.46,58.45
2026-09-01T16:51:00+00:00,16.42,20.79,3038.23,0.95,20.04,36.42,56.34
2026-09-01T16:52:00+00:00,17.99,19.37,2774.43,0.0,21.0,37.34,57.76
2026-09-01T16:53:00+00:00,13.15,13.68,2561.57,0.0,20.23,36.12,59.65
2026-09-01T16:54:00+00:00,15.54,24.1,2749.42,0.0,19.64,35.25,63.41
2026-09-01T16:55:00+00:00,15.46,19.02,2674.52,0.0,21.05,37.54,53.39
2026-09-01T16:56:00+00:00,14.58,17.71,2691.62,0.0,20.78,37.48,53.19
2026-09-01T16:57:00+00:00,14.57,16.13,2892.6,0.0,20.91,36.66,55.75
2026-09-01T16:58:00+00:00,15.08,17.6,2796.57,0.0,42.68,36.75,56.42
2026-09-01T16:59:00+00:00,11.27,11.34,2922.84,0.0,39.04,36.53,56.05
2026-09-01T17:00:00+00:00,16.39,18.12,2779.93,0.0,48.16,37.51,54.77
2026-09-01T17:01:00+00:00,16.96,19.15,2768.37,0.0,37.09,37.08,52.74
2026-09-01T17:02:00+00:00,16.63,17.56,2458.06,0.99,20.73,36.99,58.08
2026-09-01T17:03:00+00:00,13.95,20.87,2956.14,0.0,38.38,37.02,50.92
2026-09-01T17:04:00+00:00,14.9,17.63,2860.93,0.0,20.5,37.2,57.92
2026-09-01T17:05:00+00:00,11.96,11.89,2928.61,0.0,20.52,37.42,52.56
2026-09-01T17:06:00+00:00,12.51,14.93,2855.97,0.0,35.9,36.9,51.02
2026-09-01T17:07:00+00:00,16.31,20.54,2906.64,0.0,20.24,35.47,62.09
2026-09-01T17:08:00+00:00,14.43,17.8,2997.26,0.0,20.17,36.17,62.08
2026-09-01T17:09:00+00:00,18.7,27.91,3148.75,0.0,19.84,38.61,57.53
2026-09-01T17:10:00+00:00,16.29,14.94,2840.48,0.0,20.9,37.41,57.0
2026-09-01T17:11:00+00:00,18.1,19.83,3159.9,0.0,21.12,36.53,59.08
2026-09-01T17:12:00+00:00,12.68,13.28,3406.04,0.0,20.72,35.78,57.19
2026-09-01T17:13:00+00:00,11.32,12.28,2923.82,0.0,42.96,35.86,57.78
2026-09-01T17:14:00+00:00,13.99,15.01,2904.37,0.0,20.44,35.95,53.45
2026-09-01T17:15:00+00:00,19.08,18.8,3042.99,0.0,20.38,37.03,56.18
2026-09-01T17:16:00+00:00,12.14,17.62,2997.34,0.0,19.79,35.45,63.64
2026-09-01T17:17:00+00:00,9.98,9.62,3049.18,0.0,20.92,37.19,55.38
2026-09-01T17:18:00+00:00,21.14,21.8,2854.91,0.0,42.57,36.43,57.9
2026-09-01T17:19:00+00:00,12.91,17.73,3023.19,1.28,20.47,38.21,51.25
2026-09-01T17:20:00+00:00,15.34,15.34,3206.98,0.0,38.31,35.9,56.15
2026-09-01T17:21:00+00:00,16.12,19.94,2856.05,0.0,20.63,36.56,58.98
2026-09-01T17:22:00+00:00,11.24,9.78,3007.71,0.0,20.57,36.29,56.97
2026-09-01T17:23:00+00:00,16.11,17.51,2999.28,0.0,20.75,36.82,55.14
2026-09-01T17:24:00+00:00,11.06,11.41,2825.08,0.0,33.25,36.74,53.04
2026-09-01T17:25:00+00:00,16.97,17.04,2838.72,0.0,36.66,34.82,60.06
2026-09-01T17:26:00+00:00,17.29,20.43,2986.11,0.0,19.75,35.35,56.76
2026-09-01T17:27:00+00:00,17.29,20.2,3066.19,0.27,19.93,37.74,51.55
2026-09-01T17:28:00+00:00,14.87,23.07,2695.46,0.0,20.55,35.94,59.91
2026-09-01T17:29:00+00:00,13.23,20.39,2989.86,0.0,38.22,34.22,61.62
2026-09-01T17:30:00+00:00,18.04,22.54,2988.83,0.72,21.03,38.7,50.02
2026-09-01T17:31:00+00:00,11.63,15.66,2736.97,0.0,20.18,35.12,60.36
2026-09-01T17:32:00+00:00,12.78,13.26,3017.45,0.0,20.51,35.31,59.1
2026-09-01T17:33:00+00:00,11.79,16.6,3226.47,0.0,19.99,36.06,55.43
2026-09-01T17:34:00+00:00,11.2,14.15,2782.97,0.0,20.96,35.98,57.36
2026-09-01T17:35:00+00:00,13.03,19.0,2911.76,0.53,33.73,34.74,61.01
2026-09-01T17:36:00+00:00,14.92,18.16,2990.12,0.0,19.91,35.05,60.37
2026-09-01T17:37:00+00:00,15.2,17.33,3085.26,0.0,19.77,37.07,57.48
2026-09-01T17:38:00+00:00,19.0,23.96,2906.75,0.0,20.11,36.76,48.73
2026-09-01T17:39:00+00:00,17.33,18.99,3027.81,0.0,19.68,34.72,61.16
2026-09-01T17:40:00+00:00,14.07,20.46,3030.67,0.0,31.77,37.56,56.0
2026-09-01T17:41:00+00:00,18.36,24.57,2838.39,0.0,20.15,37.0,52.27
2026-09-01T17:42:00+00:00,14.09,16.33,2917.0,0.48,33.88,37.01,56.33
2026-09-01T17:43:00+00:00,14.58,13.44,3047.09,0.0,20.73,36.71,50.77
2026-09-01T17:44:00+00:00,18.87,19.58,2846.54,0.0,20.99,34.85,59.14
2026-09-01T17:45:00+00:00,11.36,12.71,2927.99,0.0,20.02,35.71,60.39
2026-09-01T17:46:00+00:00,16.19,15.93,2802.95,0.0,20.86,34.1,64.12
2026-09-01T17:47:00+00:00,15.67,15.02,3000.0,0.0,35.41,35.81,54.22
2026-09-01T17:48:00+00:00,14.75,19.68,2968.18,0.0,20.24,37.59,59.46
2026-09-01T17:49:00+00:00,16.84,19.83,3308.29,0.0,20.28,35.52,56.91
2026-09-01T17:50:00+00:00,13.83,19.76,2772.32,0.44,21.06,36.44,49.54
2026-09-01T17:51:00+00:00,14.47,22.78,3050.09,0.0,32.36,35.75,56.69
2026-09-01T17:52:00+00:00,17.88,23.11,3092.88,0.7,19.73,35.56,58.67
2026-09-01T17:53:00+00:00,18.11,24.67,3163.57,1.1,33.12,36.67,57.3
2026-09-01T17:54:00+00:00,15.61,14.17,3155.06,0.0,20.01,36.83,50.74
2026-09-01T17:55:00+00:00,12.16,10.28,2998.11,0.58,33.29,36.57,59.32
2026-09-01T17:56:00+00:00,14.37,16.3,2905.19,0.0,19.64,36.78,53.48
2026-09-01T17:57:00+00:00,16.19,17.51,2894.32,0.0,19.82,34.99,61.19
2026-09-01T17:58:00+00:00,15.71,19.5,3031.23,0.0,21.03,36.98,58.28
2026-09-01T17:59:00+00:00,14.41,15.68,3270.85,0.0,29.83,35.07,62.42
2026-09-01T18:00:00+00:00,13.41,16.51,2879.78,0.0,19.72,35.66,59.58
2026-09-01T18:01:00+00:00,14.42,18.66,3188.11,0.0,20.74,35.67,58.18
2026-09-01T18:02:00+00:00,12.43,13.72,3195.02,0.0,19.82,34.66,60.77
2026-09-01T18:03:00+00:00,10.06,11.24,3070.5,0.39,20.51,35.13,61.73
2026-09-01T18:04:00+00:00,14.7,17.47,3302.44,0.0,30.27,35.64,58.81
2026-09-01T18:05:00+00:00,17.93,22.57,3275.76,0.0,29.69,36.67,52.29
2026-09-01T18:06:00+00:00,14.94,15.35,3366.62,0.0,20.33,35.77,58.82
2026-09-01T18:07:00+00:00,20.29,24.41,2958.85,0.18,28.0,35.99,58.74
2026-09-01T18:08:00+00:00,11.33,11.2,2956.14,0.0,20.33,36.48,56.4
2026-09-01T18:09:00+00:00,11.67,13.39,3053.41,0.24,31.14,35.97,61.57
2026-09-01T18:10:00+00:00,15.15,22.87,3025.57,0.29,30.48,35.57,57.64
2026-09-01T18:11:00+00:00,17.27,18.94,2789.0,0.0,21.04,35.0,55.1
2026-09-01T18:12:00+00:00,17.87,25.16,2979.0,0.18,20.73,35.56,55.37
2026-09-01T18:13:00+00:00,18.45,23.33,3097.74,0.0,26.3,35.52,61.02
2026-09-01T18:14:00+00:00,18.51,20.4,2974.83,0.0,20.71,35.49,67.84
2026-09-01T18:15:00+00:00,16.12,18.15,3122.83,0.58,27.99,34.96,58.72
2026-09-01T18:16:00+00:00,9.9,15.77,3214.73,0.61,20.08,35.11,57.54
2026-09-01T18:17:00+00:00,12.45,14.82,3220.75,0.0,20.14,37.07,55.04
2026-09-01T18:18:00+00:00,14.71,20.01,3145.51,0.0,28.51,35.28,58.95
2026-09-01T18:19:00+00:00,14.39,15.19,3333.88,0.56,25.6,35.87,56.11
2026-09-01T18:20:00+00:00,12.76,12.25,2947.58,1.11,26.99,35.65,58.08
2026-09-01T18:21:00+00:00,17.84,20.92,3298.28,0.61,20.62,37.54,51.6
2026-09-01T18:22:00+00:00,17.63,17.34,2767.43,0.0,20.14,36.82,56.94
2026-09-01T18:23:00+00:00,11.51,11.01,2980.25,0.0,20.02,35.51,56.48
2026-09-01T18:24:00+00:00,20.31,23.47,3233.48,0.0,20.34,35.15,58.16
2026-09-01T18:25:00+00:00,14.07,16.02,3174.61,0.08,26.32,35.39,57.64
2026-09-01T18:26:00+00:00,16.56,16.76,3203.64,0.0,20.68,35.95,57.67
2026-09-01T18:27:00+00:00,12.34,10.6,3382.93,0.0,20.1,37.68,51.95
2026-09-01T18:28:00+00:00,12.48,12.19,2948.76,0.8,20.16,36.79,54.2
2026-09-01T18:29:00+00:00,13.42,17.54,3020.93,0.0,19.92,35.41,63.59
2026-09-01T18:30:00+00:00,15.11,16.62,3220.15,1.02,25.59,34.93,58.29
2026-09-01T18:31:00+00:00,10.85,11.45,3155.76,0.0,24.18,37.22,60.12
2026-09-01T18:32:00+00:00,18.66,25.2,3260.27,0.0,26.59,35.33,58.82
2026-09-01T18:33:00+00:00,15.57,19.08,3004.95,0.0,26.05,36.39,51.9
2026-09-01T18:34:00+00:00,16.23,18.62,3362.03,0.0,25.93,33.9,63.48
2026-09-01T18:35:00+00:00,8.44,13.72,3228.21,0.0,25.12,35.71,59.51
2026-09-01T18:36:00+00:00,12.66,14.15,3240.76,0.0,24.0,34.43,68.81
2026-09-01T18:37:00+00:00,14.6,16.5,3160.02,0.09,24.71,34.73,66.03
2026-09-01T18:38:00+00:00,16.67,22.71,3273.72,0.0,22.95,35.84,63.47
2026-09-01T18:39:00+00:00,14.19,14.3,3129.55,0.0,20.05,34.43,60.84
2026-09-01T18:40:00+00:00,16.31,22.55,3146.64,0.0,20.0,35.73,63.54
2026-09-01T18:41:00+00:00,10.5,12.28,3395.08,0.81,24.45,36.29,62.46
2026-09-01T18:42:00+00:00,11.51,13.58,3287.27,0.0,20.07,33.6,63.14
2026-09-01T18:43:00+00:00,17.24,17.09,3138.39,0.0,24.29,34.15,64.9
2026-09-01T18:44:00+00:00,17.16,18.94,3172.99,0.0,23.15,34.17,61.74
2026-09-01T18:45:00+00:00,17.64,21.23,3281.07,0.0,23.51,36.11,68.31
2026-09-01T18:46:00+00:00,18.17,16.96,3340.89,0.0,23.7,33.12,66.21
2026-09-01T18:47:00+00:00,14.46,18.57,3228.08,0.0,22.97,35.25,63.15
2026-09-01T18:48:00+00:00,14.26,16.06,2892.06,0.0,20.83,35.12,58.91
2026-09-01T18:49:00+00:00,12.38,11.26,3050.34,0.0,20.75,34.62,66.71
2026-09-01T18:50:00+00:00,21.57,24.56,3310.68,0.09,20.61,34.78,61.61
2026-09-01T18:51:00+00:00,16.88,19.4,3263.42,0.0,22.82,36.46,61.85
2026-09-01T18:52:00+00:00,13.76,16.75,3408.58,0.0,21.74,34.94,58.92
2026-09-01T18:53:00+00:00,17.79,17.67,3194.7,0.04,21.62,35.17,64.55
2026-09-01T18:54:00+00:00,12.82,17.02,3340.11,0.23,22.71,34.89,64.72
2026-09-01T18:55:00+00:00,19.34,22.06,3252.01,0.0,21.0,33.49,61.41
2026-09-01T18:56:00+00:00,16.55,16.95,3213.63,0.0,21.54,35.3,62.49
2026-09-01T18:57:00+00:00,11.07,13.53,3283.03,0.0,19.95,33.18,59.87
2026-09-01T18:58:00+00:00,14.09,13.77,3213.33,0.0,20.33,34.67,64.48
2026-09-01T18:59:00+00:00,12.62,18.92,3277.22,0.86,20.06,34.17,57.01
2026-09-01T19:00:00+00:00,14.59,18.25,3385.86,0.0,21.22,34.98,66.45
2026-09-01T19:01:00+00:00,16.88,22.36,3429.77,0.0,21.47,34.56,65.57
2026-09-01T19:02:00+00:00,10.39,16.0,3197.58,0.0,21.01,35.67,59.9
2026-09-01T19:03:00+00:00,12.56,10.1,3290.93,0.0,19.98,35.82,56.39
2026-09-01T19:04:00+00:00,13.22,14.02,3094.44,0.0,20.97,36.32,61.44
2026-09-01T19:05:00+00:00,16.02,16.97,3264.07,0.0,20.03,35.9,58.14
2026-09-01T19:06:00+00:00,13.87,13.23,3356.73,0.0,20.43,37.81,54.53
2026-09-01T19:07:00+00:00,22.56,22.37,3189.21,0.0,20.33,35.98,59.62
2026-09-01T19:08:00+00:00,21.06,22.11,3275.79,0.0,20.24,35.06,53.69
2026-09-01T19:09:00+00:00,15.41,17.04,3278.67,0.0,20.22,34.89,55.31
2026-09-01T19:10:00+00:00,20.43,23.74,3220.74,0.0,20.29,35.18,58.86
2026-09-01T19:11:00+00:00,14.42,20.34,3091.75,0.0,19.99,36.38,53.78
2026-09-01T19:12:00+00:00,15.96,17.26,3305.37,0.0,20.73,34.3,63.86
2026-09-01T19:13:00+00:00,14.24,12.5,3154.09,0.0,19.86,34.14,66.08
2026-09-01T19:14:00+00:00,15.8,17.54,3289.55,0.0,20.72,34.42,63.16
2026-09-01T19:15:00+00:00,14.91,17.51,3329.11,0.0,20.43,34.34,63.01
2026-09-01T19:16:00+00:00,16.5,15.23,3334.56,0.0,21.07,34.55,61.56
2026-09-01T19:17:00+00:00,17.65,17.39,3295.44,0.0,19.63,35.71,55.99
2026-09-01T19:18:00+00:00,16.12,17.39,3389.24,0.06,21.13,35.07,61.84
2026-09-01T19:19:00+00:00,17.72,20.39,3193.78,0.29,19.63,35.52,53.37
2026-09-01T19:20:00+00:00,17.73,16.9,3233.38,0.0,19.63,33.14,70.25
2026-09-01T19:21:00+00:00,15.54,14.26,3162.27,0.0,20.39,34.13,66.14
2026-09-01T19:22:00+00:00,16.87,15.82,3294.31,0.84,20.15,35.4,58.73
2026-09-01T19:23:00+00:00,17.71,13.4,3572.19,0.0,19.63,33.86,61.16
2026-09-01T19:24:00+00:00,15.51,18.45,3119.34,0.0,19.63,34.14,58.88
2026-09-01T19:25:00+00:00,13.52,19.39,3321.75,0.0,20.8,33.14,66.92
2026-09-01T19:26:00+00:00,18.42,20.44,2927.69,0.32,19.63,34.3,62.01
2026-09-01T19:27:00+00:00,17.45,19.88,3101.38,0.0,19.63,35.75,56.21
2026-09-01T19:28:00+00:00,17.0,24.07,3200.42,0.0,19.63,33.18,65.76
2026-09-01T19:29:00+00:00,13.4,17.31,3282.59,0.0,19.63,36.25,60.6
2026-09-01T19:30:00+00:00,16.61,19.02,3485.68,0.0,19.63,35.4,57.11
2026-09-01T19:31:00+00:00,18.96,23.32,3440.81,1.08,20.68,33.88,63.95
2026-09-01T19:32:00+00:00,16.81,15.12,3030.12,0.0,20.88,34.93,59.86
2026-09-01T19:33:00+00:00,12.6,16.73,3406.73,0.76,20.7,34.9,54.01
2026-09-01T19:34:00+00:00,18.07,22.06,3273.03,0.0,19.63,36.49,59.49
2026-09-01T19:35:00+00:00,14.45,18.93,3388.61,0.0,19.63,33.6,66.53
2026-09-01T19:36:00+00:00,15.16,14.66,3473.31,0.0,20.59,35.02,59.32
2026-09-01T19:37:00+00:00,13.98,16.53,3470.99,0.0,20.43,34.47,62.2
2026-09-01T19:38:00+00:00,12.95,17.08,3019.83,0.67,19.63,34.94,55.03
2026-09-01T19:39:00+00:00,21.85,20.74,3550.54,0.0,19.63,33.5,60.72
2026-09-01T19:40:00+00:00,14.43,16.26,3499.99,0.0,19.63,34.96,60.43
2026-09-01T19:41:00+00:00,11.88,15.08,3461.55,0.0,19.63,34.3,59.3
2026-09-01T19:42:00+00:00,13.79,15.45,2978.63,0.0,20.39,33.34,66.01
2026-09-01T19:43:00+00:00,12.88,11.44,3381.02,0.0,20.14,33.1,62.75
2026-09-01T19:44:00+00:00,12.35,15.07,3362.72,0.48,20.61,36.04,59.53
2026-09-01T19:45:00+00:00,13.63,10.76,3355.38,0.0,19.71,33.81,72.71
2026-09-01T19:46:00+00:00,8.0,10.7,3611.0,0.7,19.63,33.88,63.18
2026-09-01T19:47:00+00:00,18.31,23.33,3337.19,0.0,19.8,32.68,67.63
2026-09-01T19:48:00+00:00,14.3,12.69,3412.68,0.0,20.84,32.59,73.82
2026-09-01T19:49:00+00:00,15.58,15.46,3335.71,0.0,19.63,33.91,63.39
2026-09-01T19:50:00+00:00,13.02,11.47,3409.33,0.0,20.05,32.49,64.45
2026-09-01T19:51:00+00:00,15.64,19.36,3374.06,0.0,20.99,33.96,63.04
2026-09-01T19:52:00+00:00,16.08,15.02,3318.72,0.0,20.5,34.09,64.02
2026-09-01T19:53:00+00:00,12.76,12.95,3755.32,0.0,19.63,34.35,63.63
2026-09-01T19:54:00+00:00,10.37,19.95,3034.99,0.83,19.72,35.09,63.45
2026-09-01T19:55:00+00:00,19.03,24.6,3293.55,0.0,20.36,33.77,64.0
2026-09-01T19:56:00+00:00,14.73,17.29,3339.45,1.62,19.63,33.9,59.95
2026-09-01T19:57:00+00:00,16.61,16.41,2949.01,0.0,19.63,33.83,57.21
2026-09-01T19:58:00+00:00,14.42,16.09,3308.02,0.0,19.63,34.97,62.33
2026-09-01T19:59:00+00:00,15.49,14.44,3349.21,0.67,19.63,34.2,62.46
2026-09-01T20:00:00+00:00,11.18,13.07,3257.98,0.0,19.79,32.6,68.44
2026-09-01T20:01:00+00:00,13.51,14.29,3184.08,0.42,20.89,34.47,62.89
2026-09-01T20:02:00+00:00,14.4,19.9,2986.1,0.0,20.57,34.25,57.71
2026-09-01T20:03:00+00:00,14.76,18.12,3303.57,0.0,19.63,33.5,65.33
2026-09-01T20:04:00+00:00,18.65,20.49,3294.51,0.0,21.1,35.08,58.73
2026-09-01T20:05:00+00:00,15.54,20.24,3317.2,1.44,20.19,32.97,65.31
2026-09-01T20:06:00+00:00,15.79,16.73,3411.72,0.0,19.63,35.27,64.92
2026-09-01T20:07:00+00:00,14.01,13.77,3328.0,0.0,19.92,32.8,66.28
2026-09-01T20:08:00+00:00,13.46,20.71,3216.75,0.0,19.63,34.47,69.58
2026-09-01T20:09:00+00:00,16.95,19.87,2986.07,0.0,20.57,35.15,64.0
2026-09-01T20:10:00+00:00,14.37,17.51,3315.62,1.06,21.02,34.3,66.62
2026-09-01T20:11:00+00:00,19.0,21.06,3671.95,0.0,20.68,33.62,62.69
2026-09-01T20:12:00+00:00,15.09,12.55,3443.08,0.0,19.63,33.94,64.21
2026-09-01T20:13:00+00:00,15.83,19.1,3194.2,0.0,20.49,35.04,59.16
2026-09-01T20:14:00+00:00,16.05,15.36,3122.36,0.0,20.13,34.21,62.76
2026-09-01T20:15:00+00:00,12.33,11.74,3299.5,0.0,19.67,35.82,58.65
2026-09-01T20:16:00+00:00,16.21,22.12,3609.97,0.0,19.63,33.3,70.32
2026-09-01T20:17:00+00:00,17.08,22.61,3235.88,0.22,19.63,35.17,59.04
2026-09-01T20:18:00+00:00,13.86,14.32,3371.2,0.0,19.63,34.52,63.13
2026-09-01T20:19:00+00:00,11.11,15.37,3122.43,0.0,19.63,33.07,62.1
2026-09-01T20:20:00+00:00,18.46,22.26,3381.69,0.12,19.63,35.03,62.38
2026-09-01T20:21:00+00:00,12.49,13.67,3251.24,0.0,19.63,35.35,56.24
2026-09-01T20:22:00+00:00,10.11,11.21,3150.81,0.0,19.63,32.11,61.9
2026-09-01T20:23:00+00:00,13.27,10.54,3459.51,0.0,20.29,34.0,63.08
2026-09-01T20:24:00+00:00,21.83,22.05,3118.01,0.0,19.82,33.17,70.9
2026-09-01T20:25:00+00:00,18.21,21.63,3218.44,0.0,19.96,35.09,64.72
2026-09-01T20:26:00+00:00,13.83,17.1,3310.83,1.05,20.25,35.07,55.4
2026-09-01T20:27:00+00:00,15.67,22.86,3410.03,0.14,19.75,34.93,63.15
2026-09-01T20:28:00+00:00,17.77,25.79,3505.97,0.0,19.63,33.82,61.65
2026-09-01T20:29:00+00:00,19.91,20.56,3203.85,0.0,19.63,33.85,64.22
2026-09-01T20:30:00+00:00,14.65,16.96,3417.05,0.0,20.92,34.97,60.21
2026-09-01T20:31:00+00:00,14.54,12.81,3431.9,0.0,19.63,34.0,64.58
2026-09-01T20:32:00+00:00,16.77,24.81,3094.15,0.0,21.1,33.29,66.97
2026-09-01T20:33:00+00:00,14.96,19.75,3261.25,0.0,21.04,34.14,59.64
2026-09-01T20:34:00+00:00,18.46,22.23,3165.27,0.0,19.63,34.51,62.22
2026-09-01T20:35:00+00:00,13.6,18.11,3147.9,0.34,20.91,34.84,59.84
2026-09-01T20:36:00+00:00,17.35,25.2,3158.12,0.0,21.09,34.1,62.19
2026-09-01T20:37:00+00:00,15.96,17.51,3307.04,0.0,21.07,32.75,66.13
2026-09-01T20:38:00+00:00,19.12,21.92,3483.14,0.0,19.63,33.92,68.62
2026-09-01T20:39:00+00:00,10.19,8.6,3142.07,0.64,19.63,33.52,66.39
2026-09-01T20:40:00+00:00,20.41,22.71,3412.1,0.0,20.61,34.4,68.55
2026-09-01T20:41:00+00:00,16.79,14.29,3136.43,0.0,19.63,34.6,60.88
2026-09-01T20:42:00+00:00,17.84,24.07,3349.08,0.0,19.63,33.95,65.3
2026-09-01T20:43:00+00:00,14.68,17.78,3059.81,0.0,19.63,34.66,64.75
2026-09-01T20:44:00+00:00,14.04,16.25,3126.64,0.0,19.98,32.55,60.27
2026-09-01T20:45:00+00:00,12.06,18.58,3011.65,0.0,19.63,33.04,66.28
2026-09-01T20:46:00+00:00,15.55,17.56,3263.71,0.0,19.63,33.82,62.62
2026-09-01T20:47:00+00:00,14.77,14.78,3320.05,0.0,20.22,34.88,70.06
2026-09-01T20:48:00+00:00,17.78,20.19,3155.94,0.0,21.05,33.16,61.85
2026-09-01T20:49:00+00:00,13.53,13.75,3184.57,0.0,19.63,33.64,62.45
2026-09-01T20:50:00+00:00,17.8,18.27,3398.97,0.0,19.63,34.36,63.58
2026-09-01T20:51:00+00:00,17.76,19.45,3203.88,0.0,19.63,32.18,70.65
2026-09-01T20:52:00+00:00,13.54,13.52,3309.56,0.0,20.92,33.86,60.22
2026-09-01T20:53:00+00:00,15.93,19.65,3061.07,0.16,20.95,33.67,67.78
2026-09-01T20:54:00+00:00,15.42,17.66,3027.3,0.0,20.75,33.64,63.67
2026-09-01T20:55:00+00:00,15.27,17.64,3168.49,0.0,19.63,34.26,60.08
2026-09-01T20:56:00+00:00,10.8,18.46,3441.16,0.0,20.34,33.69,70.17
2026-09-01T20:57:00+00:00,16.95,19.25,2962.78,0.0,19.76,35.22,58.14
2026-09-01T20:58:00+00:00,15.89,17.36,3036.98,0.0,20.89,33.21,62.58
2026-09-01T20:59:00+00:00,18.23,20.41,3197.28,0.0,19.63,34.16,64.98
2026-09-01T21:00:00+00:00,14.06,16.65,3134.81,0.39,19.63,33.79,64.23
2026-09-01T21:01:00+00:00,21.26,23.56,3476.98,0.0,20.48,36.46,59.36
2026-09-01T21:02:00+00:00,19.85,21.27,3473.5,0.0,20.57,31.99,70.72
2026-09-01T21:03:00+00:00,13.74,14.21,3007.66,0.0,20.53,35.58,54.29
2026-09-01T21:04:00+00:00,13.58,17.64,3156.94,0.15,19.7,34.68,63.23
2026-09-01T21:05:00+00:00,15.77,14.88,3364.27,0.0,19.63,33.07,60.29
2026-09-01T21:06:00+00:00,17.84,20.1,2970.72,0.0,19.63,34.31,63.3
2026-09-01T21:07:00+00:00,13.29,12.74,3269.27,0.0,19.93,32.09,66.01
2026-09-01T21:08:00+00:00,17.48,26.03,3205.51,0.0,20.15,34.07,65.26
2026-09-01T21:09:00+00:00,13.95,19.44,3273.24,0.0,20.48,33.16,62.0
2026-09-01T21:10:00+00:00,14.26,17.27,3460.4,0.0,19.63,31.79,62.16
2026-09-01T21:11:00+00:00,12.44,16.75,3348.53,0.6,19.63,33.52,64.83
2026-09-01T21:12:00+00:00,11.76,17.57,3222.73,0.25,20.56,33.34,66.6
2026-09-01T21:13:00+00:00,19.3,19.95,3328.43,0.0,20.58,32.9,63.81
2026-09-01T21:14:00+00:00,20.85,25.68,3071.28,0.0,20.12,35.1,61.6
2026-09-01T21:15:00+00:00,12.34,17.61,3020.61,0.0,19.8,32.8,70.61
2026-09-01T21:16:00+00:00,12.68,15.28,3167.35,0.0,19.63,32.76,67.99
2026-09-01T21:17:00+00:00,14.88,20.42,3241.55,0.46,20.22,32.43,74.84
2026-09-01T21:18:00+00:00,13.12,14.92,3178.15,0.0,20.14,34.33,63.64
2026-09-01T21:19:00+00:00,13.87,16.52,3185.04,0.64,20.42,31.92,71.23
2026-09-01T21:20:00+00:00,10.84,9.24,3147.12,0.0,19.63,33.06,71.22
2026-09-01T21:21:00+00:00,15.52,23.89,3044.4,0.0,19.63,33.31,69.28
2026-09-01T21:22:00+00:00,11.07,13.2,3038.11,1.2,19.63,32.8,65.76
2026-09-01T21:23:00+00:00,17.72,22.09,3369.02,0.0,19.63,33.53,68.81
2026-09-01T21:24:00+00:00,16.28,19.49,3395.4,0.0,20.15,32.31,62.36
2026-09-01T21:25:00+00:00,16.48,18.81,2922.76,0.0,19.64,34.12,63.16
2026-09-01T21:26:00+00:00,14.8,15.99,3113.71,0.58,19.63,34.52,61.28
2026-09-01T21:27:00+00:00,14.68,17.34,3162.24,0.0,20.98,33.52,61.88
2026-09-01T21:28:00+00:00,13.96,16.63,2932.83,0.0,19.63,34.01,60.91
2026-09-01T21:29:00+00:00,14.85,18.15,3060.21,0.0,19.63,33.5,67.97
2026-09-01T21:30:00+00:00,13.37,14.1,2991.03,0.0,19.66,34.33,61.6
2026-09-01T21:31:00+00:00,16.96,23.06,3111.74,0.37,20.26,33.14,68.71
2026-09-01T21:32:00+00:00,14.35,20.58,3186.23,0.0,19.63,34.72,62.29
2026-09-01T21:33:00+00:00,14.87,17.27,3194.28,0.0,20.97,33.4,65.83
2026-09-01T21:34:00+00:00,13.01,12.97,3137.04,0.0,19.89,31.75,71.22
2026-09-01T21:35:00+00:00,11.84,18.45,3433.3,0.0,19.63,33.42,69.84
2026-09-01T21:36:00+00:00,14.54,18.13,3079.7,0.0,19.7,34.18,64.96
2026-09-01T21:37:00+00:00,14.69,19.15,3288.47,0.0,20.8,33.49,66.36
2026-09-01T21:38:00+00:00,16.33,16.0,2971.84,0.94,20.13,33.8,57.94
2026-09-01T21:39:00+00:00,13.82,16.67,3154.88,0.0,19.63,33.39,65.74
2026-09-01T21:40:00+00:00,16.47,14.58,3289.66,0.0,19.63,31.6,66.83
2026-09-01T21:41:00+00:00,11.3,17.46,3028.15,0.0,20.93,33.6,66.94
2026-09-01T21:42:00+00:00,15.85,16.71,3069.98,0.0,20.46,34.53,63.78
2026-09-01T21:43:00+00:00,18.3,22.79,3103.1,0.0,19.63,32.01,68.19
2026-09-01T21:44:00+00:00,15.63,18.95,2984.06,0.6,19.63,35.35,61.0
2026-09-01T21:45:00+00:00,14.48,19.95,3008.04,0.0,20.34,33.28,64.04
2026-09-01T21:46:00+00:00,14.76,17.4,3324.12,0.0,19.79,33.16,61.43
2026-09-01T21:47:00+00:00,17.12,21.82,3268.99,0.0,19.89,34.07,59.96
2026-09-01T21:48:00+00:00,17.05,21.4,3159.84,0.0,19.63,34.23,59.26
2026-09-01T21:49:00+00:00,19.46,21.75,3025.16,0.0,19.87,32.69,68.26
2026-09-01T21:50:00+00:00,14.9,15.21,3064.14,0.0,20.01,32.95,65.43
2026-09-01T21:51:00+00:00,15.33,16.08,3235.6,0.94,20.01,34.32,64.95
2026-09-01T21:52:00+00:00,11.31,15.16,3124.51,0.0,19.63,32.2,66.53
2026-09-01T21:53:00+00:00,9.55,9.46,2857.33,0.0,19.63,33.62,64.7
2026-09-01T21:54:00+00:00,12.16,15.04,3032.26,0.0,19.63,33.47,59.66
2026-09-01T21:55:00+00:00,16.33,20.88,3143.56,0.04,20.68,34.13,61.26
2026-09-01T21:56:00+00:00,13.22,15.21,2962.07,0.0,20.68,34.53,57.89
2026-09-01T21:57:00+00:00,12.58,14.44,3029.91,0.0,19.63,32.53,68.08
2026-09-01T21:58:00+00:00,14.79,22.21,3227.06,0.0,20.68,34.54,64.43
2026-09-01T21:59:00+00:00,15.7,14.4,3302.28,0.0,20.09,32.35,67.52
2026-09-01T22:00:00+00:00,13.16,14.84,2926.72,0.0,20.98,34.24,59.43
2026-09-01T22:01:00+00:00,13.96,14.43,3040.16,0.0,19.63,33.98,61.44
2026-09-01T22:02:00+00:00,12.28,13.11,3065.07,0.0,19.98,34.21,62.01
2026-09-01T22:03:00+00:00,10.1,14.34,3277.18,0.0,19.63,33.19,66.18
2026-09-01T22:04:00+00:00,18.63,21.5,2922.07,0.37,19.63,32.21,67.12
2026-09-01T22:05:00+00:00,10.84,13.63,2960.66,0.0,19.68,33.41,66.18
2026-09-01T22:06:00+00:00,16.56,24.61,3091.77,0.0,19.63,34.43,63.35
2026-09-01T22:07:00+00:00,17.26,18.04,3295.17,0.0,19.77,33.84,61.52
2026-09-01T22:08:00+00:00,14.5,13.18,3034.35,0.0,21.06,32.27,64.7
2026-09-01T22:09:00+00:00,15.17,16.95,2906.6,0.38,19.82,33.79,64.6
2026-09-01T22:10:00+00:00,17.3,23.31,3112.1,0.0,19.63,32.58,64.49
2026-09-01T22:11:00+00:00,13.82,20.49,3253.39,0.0,20.69,32.03,70.66
2026-09-01T22:12:00+00:00,14.33,14.76,3006.04,0.0,20.57,34.1,59.45
2026-09-01T22:13:00+00:00,12.34,16.44,2895.91,0.0,19.84,32.86,62.72
2026-09-01T22:14:00+00:00,17.85,24.93,2888.55,0.0,20.54,31.64,67.73
2026-09-01T22:15:00+00:00,11.0,16.41,3099.9,0.0,20.91,34.28,63.22
2026-09-01T22:16:00+00:00,11.9,17.42,3003.94,0.0,19.71,34.59,61.55
2026-09-01T22:17:00+00:00,15.04,18.1,3093.83,0.0,19.63,33.37,63.76
2026-09-01T22:18:00+00:00,17.97,22.24,2910.57,0.0,20.19,32.86,63.61
2026-09-01T22:19:00+00:00,16.9,23.64,3033.03,0.0,20.18,32.93,64.73
2026-09-01T22:20:00+00:00,17.35,20.86,3099.02,0.6,20.94,33.47,66.25
2026-09-01T22:21:00+00:00,19.62,17.42,2950.68,0.0,19.8,32.5,67.55
2026-09-01T22:22:00+00:00,17.53,18.23,3094.34,0.0,20.56,32.96,67.11
2026-09-01T22:23:00+00:00,17.09,20.22,2904.56,0.0,20.1,31.83,70.07
2026-09-01T22:24:00+00:00,17.77,21.16,2635.44,0.22,20.13,34.7,61.22
2026-09-01T22:25:00+00:00,17.32,18.31,3073.17,0.0,19.63,34.39,61.41
2026-09-01T22:26:00+00:00,10.86,10.75,3106.48,0.0,19.63,31.27,68.38
2026-09-01T22:27:00+00:00,19.12,26.0,2635.06,0.0,20.76,33.07,65.76
2026-09-01T22:28:00+00:00,16.21,16.25,2963.93,0.83,19.63,32.35,62.33
2026-09-01T22:29:00+00:00,20.28,22.72,3080.24,0.0,20.59,33.23,64.33
2026-09-01T22:30:00+00:00,15.76,13.53,2989.6,0.0,20.49,34.79,65.1
2026-09-01T22:31:00+00:00,13.07,16.04,2748.82,0.0,20.93,33.53,62.8
2026-09-01T22:32:00+00:00,11.67,13.02,3173.06,1.1,20.65,32.69,65.73
2026-09-01T22:33:00+00:00,21.91,28.28,2890.73,0.0,19.63,34.91,59.87
2026-09-01T22:34:00+00:00,15.85,18.47,2948.45,0.0,19.63,33.62,59.07
2026-09-01T22:35:00+00:00,13.36,15.28,2716.18,0.0,19.63,33.54,67.13
2026-09-01T22:36:00+00:00,16.69,24.1,2905.89,0.0,19.95,34.02,66.31
2026-09-01T22:37:00+00:00,16.38,12.35,3162.79,0.0,19.82,32.87,68.78
2026-09-01T22:38:00+00:00,15.42,19.54,2825.21,0.0,20.99,32.34,62.24
2026-09-01T22:39:00+00:00,12.42,11.91,3074.06,0.0,19.91,34.2,62.7
2026-09-01T22:40:00+00:00,14.62,15.29,2764.57,0.0,20.04,34.13,58.82
2026-09-01T22:41:00+00:00,12.0,16.0,2885.26,0.0,19.63,33.64,67.12
2026-09-01T22:42:00+00:00,10.67,13.45,3052.55,0.0,21.01,33.36,65.19
2026-09-01T22:43:00+00:00,12.7,14.35,2818.6,0.0,19.63,33.58,62.18
2026-09-01T22:44:00+00:00,14.39,21.01,2653.38,0.0,19.63,32.5,66.89
2026-09-01T22:45:00+00:00,13.2,14.61,2884.89,0.0,19.63,32.17,70.85
2026-09-01T22:46:00+00:00,15.13,15.54,3135.76,0.0,20.2,32.86,67.14
2026-09-01T22:47:00+00:00,19.85,25.68,2766.24,0.44,20.07,32.92,72.23
2026-09-01T22:48:00+00:00,15.42,18.81,3129.69,0.41,20.37,34.36,64.07
2026-09-01T22:49:00+00:00,13.04,12.52,2704.38,0.0,20.46,33.88,62.31
2026-09-01T22:50:00+00:00,18.61,23.1,2860.95,0.0,21.0,34.1,61.03
2026-09-01T22:51:00+00:00,16.22,20.79,2723.38,0.0,19.63,34.5,64.59
2026-09-01T22:52:00+00:00,17.91,21.98,2893.29,0.0,19.63,33.33,62.89
2026-09-01T22:53:00+00:00,17.75,21.31,2883.08,0.0,19.63,33.67,61.44
2026-09-01T22:54:00+00:00,15.64,19.41,2872.03,0.0,20.91,33.33,71.14
2026-09-01T22:55:00+00:00,13.58,10.58,2613.84,0.0,20.81,33.38,66.73
2026-09-01T22:56:00+00:00,17.39,16.5,2889.78,0.0,20.08,33.17,68.35
2026-09-01T22:57:00+00:00,16.59,28.08,3013.52,0.0,19.63,33.1,62.35
2026-09-01T22:58:00+00:00,14.22,21.54,2885.26,0.0,20.64,32.48,64.95
2026-09-01T22:59:00+00:00,15.42,16.47,2840.36,0.0,19.63,32.82,64.05
2026-09-01T23:00:00+00:00,15.44,15.87,2729.61,0.0,19.86,33.01,68.96
2026-09-01T23:01:00+00:00,14.31,15.85,2774.06,0.57,19.63,33.24,63.1
2026-09-01T23:02:00+00:00,18.21,13.97,2857.28,0.97,19.88,31.04,68.56
2026-09-01T23:03:00+00:00,17.03,12.5,2713.25,0.0,19.63,32.82,66.28
2026-09-01T23:04:00+00:00,15.78,19.78,2750.3,0.0,20.32,32.4,62.49
2026-09-01T23:05:00+00:00,15.36,19.55,2662.97,0.0,19.63,34.79,62.62
2026-09-01T23:06:00+00:00,15.96,19.05,2758.69,0.0,20.37,32.71,67.13
2026-09-01T23:07:00+00:00,11.21,14.67,2754.25,0.81,19.63,32.89,63.96
2026-09-01T23:08:00+00:00,12.55,15.95,2835.05,1.17,19.63,32.14,71.7
2026-09-01T23:09:00+00:00,15.75,18.22,2985.36,0.3,19.63,32.36,69.63
2026-09-01T23:10:00+00:00,14.82,14.46,3104.86,0.0,19.63,33.72,63.96
2026-09-01T23:11:00+00:00,13.74,13.02,3031.59,0.0,20.66,33.84,59.78
2026-09-01T23:12:00+00:00,11.12,13.19,2904.45,0.0,20.93,32.86,60.24
2026-09-01T23:13:00+00:00,14.25,15.98,2704.99,0.19,19.63,34.37,57.9
2026-09-01T23:14:00+00:00,16.27,21.34,2732.8,0.0,19.63,32.91,68.77
2026-09-01T23:15:00+00:00,13.98,15.59,2542.3,0.0,19.71,33.78,61.41
2026-09-01T23:16:00+00:00,21.03,22.05,2898.7,0.26,19.63,32.44,68.2
2026-09-01T23:17:00+00:00,18.46,15.81,3036.09,0.0,19.63,33.87,65.75
2026-09-01T23:18:00+00:00,15.09,17.17,2569.6,0.0,20.11,32.28,68.07
2026-09-01T23:19:00+00:00,16.86,16.5,2635.32,0.0,19.63,33.23,57.89
2026-09-01T23:20:00+00:00,12.47,18.64,2620.93,0.0,19.63,32.57,64.28
2026-09-01T23:21:00+00:00,18.06,17.8,3009.17,0.0,19.63,32.62,68.34
2026-09-01T23:22:00+00:00,13.09,14.55,2700.72,0.64,20.49,32.11,67.03
2026-09-01T23:23:00+00:00,14.01,12.79,2857.05,0.0,21.13,33.89,66.15
2026-09-01T23:24:00+00:00,18.27,21.88,2930.79,0.0,19.74,34.04,66.43
2026-09-01T23:25:00+00:00,16.09,17.18,2605.89,0.71,20.65,34.2,61.93
2026-09-01T23:26:00+00:00,15.17,12.18,2918.0,0.45,19.85,32.64,73.27
2026-09-01T23:27:00+00:00,15.44,14.66,2667.13,0.73,19.63,33.09,67.2
2026-09-01T23:28:00+00:00,16.3,17.27,2650.77,0.0,20.41,32.66,64.51
2026-09-01T23:29:00+00:00,13.73,15.25,2676.75,0.0,19.65,32.51,66.26
2026-09-01T23:30:00+00:00,18.72,20.16,2827.62,0.26,19.63,32.38,64.02
2026-09-01T23:31:00+00:00,14.12,18.15,2761.97,0.0,19.63,32.33,74.83
2026-09-01T23:32:00+00:00,13.51,16.98,2931.0,0.0,20.7,32.03,68.15
2026-09-01T23:33:00+00:00,15.73,17.17,2859.91,0.0,19.63,32.1,69.9
2026-09-01T23:34:00+00:00,13.77,16.88,2862.37,0.0,20.15,34.43,63.33
2026-09-01T23:35:00+00:00,20.71,23.82,2764.97,0.2,20.62,32.67,65.39
2026-09-01T23:36:00+00:00,14.56,18.41,2794.96,0.0,19.63,32.53,73.22
2026-09-01T23:37:00+00:00,17.6,21.15,2605.12,0.77,19.63,33.71,63.21
2026-09-01T23:38:00+00:00,17.32,21.68,2696.98,0.0,21.12,33.68,60.36
2026-09-01T23:39:00+00:00,16.83,21.49,2740.55,0.54,20.21,33.42,67.38
2026-09-01T23:40:00+00:00,19.33,24.14,2796.99,0.0,19.63,33.27,62.29
2026-09-01T23:41:00+00:00,14.59,12.31,2714.6,0.0,20.94,33.68,68.91
2026-09-01T23:42:00+00:00,15.65,14.33,2575.08,0.0,19.67,32.84,64.83
2026-09-01T23:43:00+00:00,12.77,16.0,2885.21,0.0,20.19,34.81,55.77
2026-09-01T23:44:00+00:00,19.8,22.85,2565.44,0.0,19.96,32.46,69.39
2026-09-01T23:45:00+00:00,19.0,20.24,2702.23,0.0,19.63,33.02,57.45
2026-09-01T23:46:00+00:00,19.35,19.22,2634.08,0.0,19.63,33.59,65.67
2026-09-01T23:47:00+00:00,18.02,21.16,2848.84,0.0,20.67,33.0,64.43
2026-09-01T23:48:00+00:00,15.25,24.26,2981.13,1.18,20.57,32.0,68.66
2026-09-01T23:49:00+00:00,13.81,19.76,2662.86,0.0,19.63,30.77,75.25
2026-09-01T23:50:00+00:00,13.85,9.54,2516.57,0.42,19.63,33.55,68.84
2026-09-01T23:51:00+00:00,12.4,18.13,3016.98,0.0,19.74,32.08,74.8
2026-09-01T23:52:00+00:00,13.93,18.77,2774.7,0.0,20.43,32.29,66.3
2026-09-01T23:53:00+00:00,16.2,18.59,3087.54,0.0,19.63,32.33,70.71
2026-09-01T23:54:00+00:00,11.8,19.22,2836.47,1.16,20.6,32.93,70.11
2026-09-01T23:55:00+00:00,13.82,14.05,2593.45,0.0,20.99,32.94,66.21
2026-09-01T23:56:00+00:00,15.39,13.48,2908.63,0.85,19.63,34.0,65.74
2026-09-01T23:57:00+00:00,13.55,19.37,2752.82,0.0,20.72,31.55,69.07
2026-09-01T23:58:00+00:00,10.64,9.8,2752.15,0.0,20.5,33.86,63.79
2026-09-01T23:59:00+00:00,13.34,14.18,2941.63,0.0,19.63,33.4,62.89
2026-09-02T00:00:00+00:00,8.0,9.54,2615.34,0.0,19.63,31.45,67.61
2026-09-02T00:01:00+00:00,17.84,19.77,2781.65,0.0,19.63,31.96,75.46
2026-09-02T00:02:00+00:00,21.77,26.05,2648.78,1.07,20.43,32.02,73.71
2026-09-02T00:03:00+00:00,8.54,10.3,2627.39,0.0,20.7,31.9,69.69
2026-09-02T00:04:00+00:00,20.18,21.88,2808.32,0.0,19.63,33.07,61.6
2026-09-02T00:05:00+00:00,8.0,8.6,2579.03,0.0,19.74,32.8,65.89
2026-09-02T00:06:00+00:00,9.06,11.49,2513.89,0.0,19.63,32.91,65.95
2026-09-02T00:07:00+00:00,8.0,12.72,2704.95,0.0,19.63,34.41,61.34
2026-09-02T00:08:00+00:00,12.5,12.49,2588.38,0.0,20.79,32.8,61.67
2026-09-02T00:09:00+00:00,17.54,19.35,2586.44,0.0,19.63,31.82,63.47
2026-09-02T00:10:00+00:00,16.24,20.65,2666.83,0.93,21.02,34.18,62.9
2026-09-02T00:11:00+00:00,13.57,13.36,2624.8,0.0,19.63,34.65,59.76
2026-09-02T00:12:00+00:00,17.13,16.06,2410.29,0.0,19.63,33.94,64.53
2026-09-02T00:13:00+00:00,8.0,10.91,2665.48,0.0,19.84,33.09,64.16
2026-09-02T00:14:00+00:00,8.0,15.31,2696.02,0.0,19.63,33.34,66.37
2026-09-02T00:15:00+00:00,12.56,13.15,2868.35,0.0,19.63,31.38,70.39
2026-09-02T00:16:00+00:00,18.1,20.76,2871.6,0.0,19.63,33.98,61.44
2026-09-02T00:17:00+00:00,28.59,29.2,2339.87,0.33,19.63,32.63,67.73
2026-09-02T00:18:00+00:00,17.85,15.8,2606.21,0.0,20.03,32.07,71.0
2026-09-02T00:19:00+00:00,22.59,23.23,2564.97,0.0,21.12,33.73,66.09
2026-09-02T00:20:00+00:00,8.86,12.94,2561.68,0.0,19.63,34.23,66.54
2026-09-02T00:21:00+00:00,8.3,10.19,2575.88,0.0,19.63,33.08,67.17
2026-09-02T00:22:00+00:00,17.2,18.04,2803.26,0.0,19.63,31.55,71.31
2026-09-02T00:23:00+00:00,11.74,10.1,2804.52,0.0,19.63,31.14,75.26
2026-09-02T00:24:00+00:00,13.49,15.92,2965.97,0.0,20.72,33.15,68.55
2026-09-02T00:25:00+00:00,28.26,32.8,2577.89,0.61,19.63,34.06,58.71
2026-09-02T00:26:00+00:00,10.26,13.09,2692.27,1.43,21.04,32.66,60.77
2026-09-02T00:27:00+00:00,8.0,7.5,2627.53,0.71,19.89,30.29,73.99
2026-09-02T00:28:00+00:00,10.43,8.16,2690.45,0.0,20.83,32.47,69.67
2026-09-02T00:29:00+00:00,21.09,23.88,2672.12,0.0,20.52,32.08,70.56
2026-09-02T00:30:00+00:00,9.71,7.87,2556.54,0.0,19.63,33.16,66.18
2026-09-02T00:31:00+00:00,9.12,13.4,2710.61,0.0,19.63,32.91,64.65
2026-09-02T00:32:00+00:00,18.33,20.72,2740.79,0.31,19.63,30.99,70.55
2026-09-02T00:33:00+00:00,8.0,9.61,2664.43,0.0,19.63,32.48,68.08
2026-09-02T00:34:00+00:00,8.0,15.67,2668.62,0.0,19.63,33.47,67.29
2026-09-02T00:35:00+00:00,8.0,7.61,2765.33,0.0,19.63,32.75,70.52
2026-09-02T00:36:00+00:00,15.57,14.39,2771.28,0.0,19.63,31.84,67.77
2026-09-02T00:37:00+00:00,29.21,35.32,2657.34,0.0,19.63,30.88,73.9
2026-09-02T00:38:00+00:00,16.25,19.61,2567.18,0.0,19.63,34.24,62.25
2026-09-02T00:39:00+00:00,16.24,19.34,2554.67,0.0,20.35,31.79,66.53
2026-09-02T00:40:00+00:00,10.32,10.65,2671.9,1.1,19.79,32.88,68.73
2026-09-02T00:41:00+00:00,8.0,9.85,2549.96,0.94,20.49,33.88,68.23
2026-09-02T00:42:00+00:00,14.35,12.98,2606.39,0.0,19.63,33.27,63.9
2026-09-02T00:43:00+00:00,13.23,17.53,2494.15,0.0,20.67,33.79,60.36
2026-09-02T00:44:00+00:00,19.85,23.49,2650.42,0.0,19.63,33.31,68.0
2026-09-02T00:45:00+00:00,11.68,10.84,2503.87,0.0,20.64,32.69,64.53
2026-09-02T00:46:00+00:00,17.52,16.73,2597.41,0.44,19.63,33.33,64.29
2026-09-02T00:47:00+00:00,10.86,10.65,2568.74,0.0,20.61,34.69,65.16
2026-09-02T00:48:00+00:00,18.01,22.93,2758.15,0.0,19.97,32.97,62.47
2026-09-02T00:49:00+00:00,11.26,13.4,2391.63,0.26,20.12,31.35,65.28
2026-09-02T00:50:00+00:00,19.0,20.42,2640.31,0.0,19.79,32.52,66.28
2026-09-02T00:51:00+00:00,11.96,10.46,2788.06,0.35,19.63,32.6,63.77
2026-09-02T00:52:00+00:00,25.82,36.9,2834.08,0.0,19.63,33.93,60.03
2026-09-02T00:53:00+00:00,8.0,11.66,2490.45,0.6,20.96,31.99,67.42
2026-09-02T00:54:00+00:00,8.0,9.36,2579.56,0.0,20.87,33.13,66.35
2026-09-02T00:55:00+00:00,8.0,8.57,2606.95,0.0,19.75,32.04,69.32
2026-09-02T00:56:00+00:00,8.0,10.02,2601.0,0.0,20.84,32.06,66.82
2026-09-02T00:57:00+00:00,23.88,28.06,2501.39,0.9,20.62,32.49,66.74
2026-09-02T00:58:00+00:00,18.8,18.93,2409.86,0.0,19.63,33.95,64.54
2026-09-02T00:59:00+00:00,8.0,12.12,2824.18,0.0,21.06,33.4,66.09
2026-09-02T01:00:00+00:00,13.35,20.04,2731.24,0.72,19.8,33.41,71.63
2026-09-02T01:01:00+00:00,13.09,16.16,2811.13,0.6,20.6,29.85,78.4
2026-09-02T01:02:00+00:00,10.4,13.8,2675.33,0.0,19.91,33.48,68.69
2026-09-02T01:03:00+00:00,11.17,18.43,2547.37,0.0,20.93,33.96,64.23
2026-09-02T01:04:00+00:00,15.08,16.48,2790.42,0.0,19.63,32.06,73.18
2026-09-02T01:05:00+00:00,27.39,32.57,2611.09,0.0,19.63,32.66,65.4
2026-09-02T01:06:00+00:00,14.61,13.24,2899.13,0.0,19.63,32.46,70.04
2026-09-02T01:07:00+00:00,26.37,27.51,2473.67,0.0,21.07,32.71,65.89
2026-09-02T01:08:00+00:00,24.86,23.02,2934.86,0.0,19.67,32.59,58.91
2026-09-02T01:09:00+00:00,14.89,18.23,2671.91,0.0,19.63,31.39,67.65
2026-09-02T01:10:00+00:00,15.53,12.71,2585.58,0.46,19.72,33.88,64.09
2026-09-02T01:11:00+00:00,35.18,41.58,2692.38,0.0,20.15,32.34,67.21
2026-09-02T01:12:00+00:00,13.4,13.23,2901.15,0.0,20.23,34.0,64.84
2026-09-02T01:13:00+00:00,11.3,19.74,2683.4,0.0,20.74,32.95,70.17
2026-09-02T01:14:00+00:00,12.99,18.96,2529.39,0.0,19.74,34.11,67.65
2026-09-02T01:15:00+00:00,10.56,17.15,2755.43,0.0,19.63,31.58,72.98
2026-09-02T01:16:00+00:00,26.25,30.71,2794.31,0.0,19.63,33.6,65.06
2026-09-02T01:17:00+00:00,15.17,17.93,2717.63,1.15,19.63,31.48,66.37
2026-09-02T01:18:00+00:00,19.8,24.18,2563.9,0.0,19.63,32.28,68.61
2026-09-02T01:19:00+00:00,20.09,25.71,2677.53,0.0,19.72,34.25,64.26
2026-09-02T01:20:00+00:00,9.22,10.76,2402.95,0.0,20.89,33.26,67.81
2026-09-02T01:21:00+00:00,18.21,20.89,2727.23,0.0,20.36,34.84,61.29
2026-09-02T01:22:00+00:00,20.92,21.96,2687.22,0.0,19.64,32.75,69.46
2026-09-02T01:23:00+00:00,8.51,9.67,2626.79,0.89,19.63,31.82,69.93
2026-09-02T01:24:00+00:00,9.63,9.36,2754.21,0.0,19.86,34.46,63.96
2026-09-02T01:25:00+00:00,19.4,24.74,2505.44,0.7,19.69,33.56,61.92
2026-09-02T01:26:00+00:00,22.31,26.13,2438.39,0.0,20.22,32.8,63.33
2026-09-02T01:27:00+00:00,10.6,14.49,2308.08,0.0,20.35,30.73,73.68
2026-09-02T01:28:00+00:00,9.05,7.5,2929.53,0.0,21.05,31.51,69.91
2026-09-02T01:29:00+00:00,14.59,19.46,2338.11,0.0,20.08,34.32,64.23
2026-09-02T01:30:00+00:00,18.03,21.26,2811.95,0.02,19.63,32.29,67.48
2026-09-02T01:31:00+00:00,15.22,21.67,2866.51,0.0,19.63,33.85,62.32
2026-09-02T01:32:00+00:00,14.03,13.16,2484.61,0.0,20.59,34.71,58.9
2026-09-02T01:33:00+00:00,22.47,25.62,2626.81,0.0,20.3,33.14,64.32
2026-09-02T01:34:00+00:00,10.73,8.84,2418.91,0.0,20.64,32.43,70.64
2026-09-02T01:35:00+00:00,8.0,7.5,2866.62,1.24,19.63,34.07,65.16
2026-09-02T01:36:00+00:00,23.8,27.91,2517.3,0.0,20.42,32.57,59.92
2026-09-02T01:37:00+00:00,9.81,15.14,2454.38,0.0,20.06,32.05,68.16
2026-09-02T01:38:00+00:00,10.06,9.39,2719.5,0.0,20.8,33.27,66.67
2026-09-02T01:39:00+00:00,12.98,12.66,2628.84,0.03,19.87,34.05,61.78
2026-09-02T01:40:00+00:00,11.75,10.76,2662.49,0.0,19.63,33.24,61.99
2026-09-02T01:41:00+00:00,8.72,12.07,2660.12,0.0,20.12,32.83,66.17
2026-09-02T01:42:00+00:00,18.6,17.66,2643.48,0.0,20.78,31.86,69.78
2026-09-02T01:43:00+00:00,23.72,33.57,2563.84,0.64,19.63,33.05,63.91
2026-09-02T01:44:00+00:00,25.79,28.22,2715.86,0.0,20.33,31.45,71.99
2026-09-02T01:45:00+00:00,8.2,10.23,2762.22,0.75,20.15,33.02,65.12
2026-09-02T01:46:00+00:00,16.21,14.04,2652.83,0.0,19.85,34.1,63.43
2026-09-02T01:47:00+00:00,15.67,15.14,2744.09,0.46,19.63,32.78,61.46
2026-09-02T01:48:00+00:00,10.49,11.59,2746.37,0.0,19.63,33.44,65.52
2026-09-02T01:49:00+00:00,11.19,20.06,2378.42,0.0,19.63,31.62,65.85
2026-09-02T01:50:00+00:00,16.99,22.47,2561.2,0.0,20.58,33.25,67.28
2026-09-02T01:51:00+00:00,21.24,24.13,2784.69,0.0,19.7,32.28,65.97
2026-09-02T01:52:00+00:00,15.7,13.63,2846.1,0.73,20.13,32.46,63.66
2026-09-02T01:53:00+00:00,8.0,7.59,2641.09,0.0,19.64,31.75,63.83
2026-09-02T01:54:00+00:00,15.83,16.96,2611.58,0.0,20.61,32.34,62.76
2026-09-02T01:55:00+00:00,11.23,12.18,2567.09,0.0,19.63,33.25,67.97
2026-09-02T01:56:00+00:00,22.07,24.61,2773.84,0.0,19.63,33.4,68.55
2026-09-02T01:57:00+00:00,8.24,11.85,2713.57,0.66,19.63,34.45,59.65
2026-09-02T01:58:00+00:00,15.48,15.23,2652.8,0.0,19.79,31.14,72.48
2026-09-02T01:59:00+00:00,18.92,23.71,2674.66,0.0,20.83,31.58,71.69
2026-09-02T02:00:00+00:00,8.0,14.22,2705.0,0.53,21.11,33.78,64.12
2026-09-02T02:01:00+00:00,12.63,16.27,2905.89,0.0,19.63,31.49,73.09
2026-09-02T02:02:00+00:00,14.98,15.65,2405.71,0.0,19.93,34.01,62.6
2026-09-02T02:03:00+00:00,8.94,7.53,2821.31,0.0,19.63,32.99,69.01
2026-09-02T02:04:00+00:00,21.11,24.32,2583.2,0.11,19.63,33.35,69.42
2026-09-02T02:05:00+00:00,15.91,20.48,2619.45,0.0,20.11,34.34,63.14
2026-09-02T02:06:00+00:00,24.19,30.33,2768.06,0.0,20.11,34.14,63.8
2026-09-02T02:07:00+00:00,17.03,17.35,2437.38,0.38,19.63,32.71,66.15
2026-09-02T02:08:00+00:00,14.34,14.11,2698.81,0.0,20.28,33.11,65.22
2026-09-02T02:09:00+00:00,23.98,25.19,2488.47,0.0,19.63,31.95,64.7
2026-09-02T02:10:00+00:00,10.79,10.94,2631.75,0.0,19.63,33.01,63.85
2026-09-02T02:11:00+00:00,20.48,24.79,2636.94,0.0,19.83,33.44,62.54
2026-09-02T02:12:00+00:00,25.31,31.44,2592.49,0.0,19.71,35.67,55.78
2026-09-02T02:13:00+00:00,9.3,10.5,2737.28,0.44,20.2,33.15,66.01
2026-09-02T02:14:00+00:00,10.55,11.48,2586.41,0.0,19.63,33.49,61.03
2026-09-02T02:15:00+00:00,16.67,24.0,2610.98,0.6,19.63,32.23,65.85
2026-09-02T02:16:00+00:00,11.77,17.22,2776.36,0.0,20.21,32.64,67.45
2026-09-02T02:17:00+00:00,15.65,16.6,2794.65,0.0,19.63,33.64,63.72
2026-09-02T02:18:00+00:00,16.27,17.31,2713.23,0.0,20.11,33.85,62.24
2026-09-02T02:19:00+00:00,23.47,29.99,2725.19,0.31,19.63,34.53,61.68
2026-09-02T02:20:00+00:00,12.62,12.2,2654.95,0.0,20.49,33.11,68.17
2026-09-02T02:21:00+00:00,17.91,24.73,2735.43,0.0,20.2,34.55,63.17
2026-09-02T02:22:00+00:00,16.11,20.07,2283.62,0.0,21.05,33.3,60.64
2026-09-02T02:23:00+00:00,10.93,11.75,2658.15,0.0,20.19,32.22,72.41
2026-09-02T02:24:00+00:00,13.22,19.21,2715.23,0.0,20.34,34.13,63.76
2026-09-02T02:25:00+00:00,13.65,17.32,2304.32,0.16,20.72,31.96,67.67
2026-09-02T02:26:00+00:00,8.04,14.82,2769.69,1.38,21.05,32.83,66.43
2026-09-02T02:27:00+00:00,19.89,17.56,2586.97,0.0,19.63,33.35,65.81
2026-09-02T02:28:00+00:00,23.66,24.15,2542.64,0.0,19.86,32.14,66.53
2026-09-02T02:29:00+00:00,13.64,16.73,2592.18,0.0,19.63,33.26,63.84
2026-09-02T02:30:00+00:00,12.48,14.26,2376.6,0.14,19.63,33.54,65.46
2026-09-02T02:31:00+00:00,21.41,23.01,2841.4,0.0,19.63,32.82,68.74
2026-09-02T02:32:00+00:00,10.92,15.48,2619.8,0.0,19.86,32.92,70.41
2026-09-02T02:33:00+00:00,16.02,16.77,2736.11,0.47,19.63,33.98,62.3
2026-09-02T02:34:00+00:00,14.87,17.22,2514.89,0.0,19.63,33.0,67.16
2026-09-02T02:35:00+00:00,12.8,15.38,2669.77,0.0,20.24,32.52,68.22
2026-09-02T02:36:00+00:00,12.18,11.04,2647.49,0.47,20.24,33.38,63.31
2026-09-02T02:37:00+00:00,21.45,24.62,2332.89,0.0,20.67,34.35,54.26
2026-09-02T02:38:00+00:00,17.59,21.48,3081.17,0.0,19.63,31.97,68.87
2026-09-02T02:39:00+00:00,11.08,14.43,2612.41,0.8,19.84,32.1,70.14
2026-09-02T02:40:00+00:00,14.68,19.14,2697.39,0.0,20.58,32.69,66.23
2026-09-02T02:41:00+00:00,16.32,18.37,2714.64,0.0,19.63,32.0,72.4
2026-09-02T02:42:00+00:00,15.84,21.73,2572.54,0.0,19.63,32.58,64.97
2026-09-02T02:43:00+00:00,19.99,20.05,2580.46,0.03,19.63,32.12,68.5
2026-09-02T02:44:00+00:00,17.95,26.79,2637.08,0.0,20.87,34.14,65.85
2026-09-02T02:45:00+00:00,8.21,11.84,2517.17,0.18,20.92,32.83,69.3
2026-09-02T02:46:00+00:00,14.33,15.15,2819.1,0.0,20.98,32.2,64.38
2026-09-02T02:47:00+00:00,8.0,14.81,2423.52,1.13,19.63,34.77,60.21
2026-09-02T02:48:00+00:00,9.34,10.15,2786.07,0.0,19.63,33.07,64.79
2026-09-02T02:49:00+00:00,8.0,7.5,2738.61,0.45,19.63,32.23,69.74
2026-09-02T02:50:00+00:00,12.73,15.04,2528.1,0.0,20.37,33.43,61.58
2026-09-02T02:51:00+00:00,16.14,22.06,2546.14,0.0,20.02,33.09,61.18
2026-09-02T02:52:00+00:00,16.16,19.51,2608.92,0.0,19.74,32.76,60.28
2026-09-02T02:53:00+00:00,19.26,21.87,2675.04,0.0,19.63,32.37,65.06
2026-09-02T02:54:00+00:00,21.74,22.08,2675.93,0.0,20.23,32.65,68.09
2026-09-02T02:55:00+00:00,13.61,14.62,2525.74,0.54,20.58,31.89,64.42
2026-09-02T02:56:00+00:00,15.3,16.15,2846.65,0.0,20.49,32.97,71.21
2026-09-02T02:57:00+00:00,19.19,22.35,2753.06,0.0,19.63,32.74,63.0
2026-09-02T02:58:00+00:00,13.66,14.44,2535.68,0.0,20.02,32.48,68.6
2026-09-02T02:59:00+00:00,12.23,15.97,2501.59,1.03,20.19,32.57,69.57
2026-09-02T03:00:00+00:00,9.95,9.39,2346.1,0.0,19.63,30.9,67.51
2026-09-02T03:01:00+00:00,11.9,16.92,2629.03,0.63,20.96,33.25,70.47
2026-09-02T03:02:00+00:00,14.08,15.14,2532.84,0.0,19.63,33.87,58.86
2026-09-02T03:03:00+00:00,20.58,22.1,2485.52,1.14,19.63,32.92,60.01
2026-09-02T03:04:00+00:00,26.68,28.93,2534.61,0.0,20.43,35.15,57.32
2026-09-02T03:05:00+00:00,21.52,23.62,2813.48,0.57,19.63,34.48,64.61
2026-09-02T03:06:00+00:00,14.99,15.56,2732.57,0.0,19.8,34.3,58.87
2026-09-02T03:07:00+00:00,13.41,14.47,2618.54,0.0,20.06,32.56,62.22
2026-09-02T03:08:00+00:00,22.43,27.21,2609.05,0.92,20.14,33.68,60.7
2026-09-02T03:09:00+00:00,22.24,30.26,2707.32,0.0,19.63,31.76,71.31
2026-09-02T03:10:00+00:00,8.0,7.97,2953.3,0.0,19.65,32.21,70.29
2026-09-02T03:11:00+00:00,12.04,14.78,2985.02,0.0,20.38,32.68,61.98
2026-09-02T03:12:00+00:00,19.08,23.85,2794.6,0.0,19.63,33.08,66.27
2026-09-02T03:13:00+00:00,19.52,19.01,2607.08,0.0,19.63,31.1,68.82
2026-09-02T03:14:00+00:00,18.23,18.3,2564.8,1.68,20.82,33.9,59.78
2026-09-02T03:15:00+00:00,18.54,18.12,2553.45,0.79,19.63,33.06,66.58
2026-09-02T03:16:00+00:00,13.33,13.41,2568.39,0.0,21.09,34.33,68.44
2026-09-02T03:17:00+00:00,8.0,11.61,2780.57,0.0,19.63,33.42,67.53
2026-09-02T03:18:00+00:00,14.95,16.66,2837.83,0.5,20.17,33.15,69.32
2026-09-02T03:19:00+00:00,22.07,25.13,3016.81,0.0,19.63,32.94,67.05
2026-09-02T03:20:00+00:00,12.97,11.06,2376.97,0.58,19.83,33.4,64.1
2026-09-02T03:21:00+00:00,23.84,26.28,2804.42,0.46,19.63,34.21,65.16
2026-09-02T03:22:00+00:00,15.99,19.1,2454.65,0.0,20.29,34.55,61.57
2026-09-02T03:23:00+00:00,17.58,16.3,2807.02,0.16,19.63,32.98,60.7
2026-09-02T03:24:00+00:00,8.33,10.54,2496.75,0.53,19.63,32.83,70.09
2026-09-02T03:25:00+00:00,10.48,13.92,2562.36,0.17,19.63,33.96,71.25
2026-09-02T03:26:00+00:00,8.0,9.37,2698.41,0.0,20.54,33.86,67.24
2026-09-02T03:27:00+00:00,18.95,25.51,2432.81,0.0,19.63,33.21,67.21
2026-09-02T03:28:00+00:00,8.98,9.59,2740.88,0.0,19.89,33.5,62.99
2026-09-02T03:29:00+00:00,11.93,13.55,2819.85,0.0,20.99,32.5,66.58
2026-09-02T03:30:00+00:00,9.25,14.31,2682.21,0.0,20.67,32.77,64.05
2026-09-02T03:31:00+00:00,16.7,18.31,2834.08,0.0,19.63,34.43,59.0
2026-09-02T03:32:00+00:00,10.67,12.43,2980.28,1.25,19.63,32.56,68.51
2026-09-02T03:33:00+00:00,15.39,14.41,2739.52,0.0,20.24,34.7,60.53
2026-09-02T03:34:00+00:00,13.62,16.6,2713.19,0.0,19.63,32.03,68.88
2026-09-02T03:35:00+00:00,16.34,15.58,2573.8,0.0,19.63,33.1,66.79
2026-09-02T03:36:00+00:00,12.77,16.3,2788.67,0.18,20.62,33.2,68.45
2026-09-02T03:37:00+00:00,14.7,15.05,2600.61,0.57,19.93,31.51,69.72
2026-09-02T03:38:00+00:00,18.36,25.39,2737.61,0.02,19.63,31.35,70.14
2026-09-02T03:39:00+00:00,16.57,18.35,2674.84,0.74,19.8,33.32,66.7
2026-09-02T03:40:00+00:00,11.79,13.44,2874.77,0.0,20.55,32.55,64.13
2026-09-02T03:41:00+00:00,14.41,16.7,2644.07,0.17,20.76,32.1,67.25
2026-09-02T03:42:00+00:00,18.46,22.39,3027.88,0.0,19.63,34.26,60.41
2026-09-02T03:43:00+00:00,20.16,20.62,2684.03,0.0,21.09,34.75,61.61
2026-09-02T03:44:00+00:00,11.43,11.59,2600.05,0.0,20.78,33.55,65.0
2026-09-02T03:45:00+00:00,14.56,17.53,2647.0,0.0,19.63,33.62,65.37
2026-09-02T03:46:00+00:00,12.93,14.35,2576.03,0.26,19.63,32.62,63.52
2026-09-02T03:47:00+00:00,8.0,7.5,2505.02,0.0,19.63,32.45,70.53
2026-09-02T03:48:00+00:00,15.4,24.11,2471.84,0.0,19.86,32.87,67.44
2026-09-02T03:49:00+00:00,12.16,13.1,2757.84,0.0,20.14,33.85,59.95
2026-09-02T03:50:00+00:00,15.81,17.92,2592.71,1.22,19.63,33.01,69.09
2026-09-02T03:51:00+00:00,12.77,13.99,2902.76,0.0,19.63,32.43,68.2
2026-09-02T03:52:00+00:00,9.66,7.5,2484.08,0.0,20.55,34.41,62.11
2026-09-02T03:53:00+00:00,12.93,17.6,2715.22,0.81,19.63,33.09,66.16
2026-09-02T03:54:00+00:00,70.68,74.52,2602.98,0.0,20.88,32.25,67.57
2026-09-02T03:55:00+00:00,61.04,65.18,2486.99,0.0,20.36,32.8,63.13
2026-09-02T03:56:00+00:00,63.68,72.63,2764.72,0.0,20.64,31.65,70.47
2026-09-02T03:57:00+00:00,67.67,71.19,2900.38,0.0,20.0,31.95,72.7
2026-09-02T03:58:00+00:00,63.41,68.99,2599.44,1.28,19.87,34.34,60.52
2026-09-02T03:59:00+00:00,62.13,67.66,2724.84,0.0,19.63,33.74,64.41
2026-09-02T04:00:00+00:00,71.7,78.59,2551.3,0.0,19.63,31.8,72.99
2026-09-02T04:01:00+00:00,62.69,69.16,2586.7,0.0,19.93,32.76,64.36
2026-09-02T04:02:00+00:00,66.78,79.36,2431.81,0.0,21.09,33.88,59.54
2026-09-02T04:03:00+00:00,66.66,72.31,2608.08,0.0,19.87,32.84,63.92
2026-09-02T04:04:00+00:00,62.95,65.0,2270.49,1.03,19.63,32.9,69.43
2026-09-02T04:05:00+00:00,70.42,81.09,2761.56,0.46,19.63,34.07,68.73
2026-09-02T04:06:00+00:00,60.4,67.07,2666.52,0.0,19.63,33.79,60.23
2026-09-02T04:07:00+00:00,73.55,76.81,2672.72,0.0,19.96,33.5,63.94
2026-09-02T04:08:00+00:00,67.46,70.28,2753.94,0.0,20.45,33.3,65.27
2026-09-02T04:09:00+00:00,70.42,77.94,2778.45,0.0,19.63,32.92,71.73
2026-09-02T04:10:00+00:00,73.78,77.34,2750.44,0.78,19.63,32.83,66.7
2026-09-02T04:11:00+00:00,71.84,85.01,2781.09,0.0,19.63,33.55,60.55
2026-09-02T04:12:00+00:00,66.49,74.91,3151.56,0.0,19.63,32.55,61.97
2026-09-02T04:13:00+00:00,65.49,72.19,2759.08,0.0,19.66,32.82,69.12
2026-09-02T04:14:00+00:00,62.67,64.66,2661.51,0.0,19.83,33.47,68.22
2026-09-02T04:15:00+00:00,62.95,70.7,2639.78,0.0,20.66,32.02,68.09
2026-09-02T04:16:00+00:00,64.26,67.45,2641.52,0.0,20.32,34.61,63.58
2026-09-02T04:17:00+00:00,75.25,89.76,2534.79,0.0,19.63,33.62,61.68
2026-09-02T04:18:00+00:00,70.0,80.51,2792.79,0.0,21.09,33.94,62.28
2026-09-02T04:19:00+00:00,73.33,86.93,2651.4,0.0,19.63,32.46,69.95
2026-09-02T04:20:00+00:00,71.49,77.46,2664.04,0.47,19.63,34.59,63.18
2026-09-02T04:21:00+00:00,74.46,83.39,2640.97,0.67,19.63,32.26,72.17
2026-09-02T04:22:00+00:00,79.27,89.25,2797.63,0.0,19.63,32.88,62.53
2026-09-02T04:23:00+00:00,71.05,75.36,2661.05,0.0,19.95,33.87,58.16
2026-09-02T04:24:00+00:00,67.88,73.55,2786.46,0.0,19.63,33.23,64.12
2026-09-02T04:25:00+00:00,19.9,19.97,2743.96,0.6,20.78,32.97,63.41
2026-09-02T04:26:00+00:00,14.38,15.29,2792.28,0.75,20.0,33.68,68.71
2026-09-02T04:27:00+00:00,8.85,11.96,2581.81,0.0,19.63,33.54,65.61
2026-09-02T04:28:00+00:00,14.33,13.29,2528.32,0.0,20.88,32.89,60.45
2026-09-02T04:29:00+00:00,17.5,21.84,2541.63,0.21,19.63,33.34,64.85
2026-09-02T04:30:00+00:00,12.0,12.06,2567.22,0.0,19.63,33.79,70.2
2026-09-02T04:31:00+00:00,22.64,28.69,2701.25,0.0,20.05,32.41,66.23
2026-09-02T04:32:00+00:00,13.41,20.2,2796.41,0.0,19.8,35.41,61.63
2026-09-02T04:33:00+00:00,18.94,21.23,2590.61,0.0,21.13,34.37,65.52
2026-09-02T04:34:00+00:00,17.6,23.94,2714.04,0.0,19.63,34.11,66.08
2026-09-02T04:35:00+00:00,9.3,7.5,2745.14,0.0,20.55,33.09,62.51
2026-09-02T04:36:00+00:00,11.24,14.56,2622.09,0.0,19.63,34.41,65.0
2026-09-02T04:37:00+00:00,17.16,19.79,2554.62,0.0,19.63,31.87,68.77
2026-09-02T04:38:00+00:00,9.65,12.18,2928.68,0.75,19.63,33.47,61.42
2026-09-02T04:39:00+00:00,19.49,20.85,2639.44,0.0,19.63,32.87,62.04
2026-09-02T04:40:00+00:00,13.55,11.03,2511.54,0.0,19.63,32.97,68.43
2026-09-02T04:41:00+00:00,12.57,16.48,2498.15,0.0,19.63,36.64,56.26
2026-09-02T04:42:00+00:00,11.29,12.36,2565.88,0.16,20.33,33.66,62.82
2026-09-02T04:43:00+00:00,13.2,15.5,2780.7,0.0,20.34,36.46,55.0
2026-09-02T04:44:00+00:00,13.15,18.33,2494.86,0.0,19.63,32.93,66.44
2026-09-02T04:45:00+00:00,14.97,19.44,2766.24,0.0,19.93,32.99,66.58
2026-09-02T04:46:00+00:00,16.7,21.53,2652.98,0.0,19.63,33.88,63.22
2026-09-02T04:47:00+00:00,15.25,14.97,2497.54,0.35,19.86,34.68,59.93
2026-09-02T04:48:00+00:00,11.37,10.64,2827.21,0.6,20.69,34.15,61.5
2026-09-02T04:49:00+00:00,15.58,15.49,2752.62,1.01,20.25,33.31,69.72
2026-09-02T04:50:00+00:00,13.42,18.43,2714.18,0.0,19.76,31.77,72.15
2026-09-02T04:51:00+00:00,14.76,14.14,2764.44,0.0,19.63,34.53,64.63
2026-09-02T04:52:00+00:00,14.11,15.77,2771.68,0.0,19.66,35.5,64.13
2026-09-02T04:53:00+00:00,20.88,24.41,2687.15,0.0,20.27,32.76,63.08
2026-09-02T04:54:00+00:00,16.64,19.48,2471.64,0.0,19.63,33.01,63.99
2026-09-02T04:55:00+00:00,16.48,19.99,2699.87,0.0,19.63,33.49,65.15
2026-09-02T04:56:00+00:00,19.47,21.37,2680.19,0.0,20.83,33.62,68.1
2026-09-02T04:57:00+00:00,17.69,14.82,2589.78,0.06,20.79,32.88,70.17
2026-09-02T04:58:00+00:00,11.67,10.9,2631.57,0.0,20.17,33.41,64.42
2026-09-02T04:59:00+00:00,15.85,18.46,2593.72,0.0,20.69,35.02,59.74
2026-09-02T05:00:00+00:00,15.88,18.78,2853.09,0.27,19.82,33.9,66.67
2026-09-02T05:01:00+00:00,20.06,17.3,2663.4,0.0,19.83,32.32,63.98
2026-09-02T05:02:00+00:00,18.33,22.22,2755.64,0.0,20.08,33.13,66.45
2026-09-02T05:03:00+00:00,17.88,15.97,2771.53,0.0,19.63,34.97,60.44
2026-09-02T05:04:00+00:00,15.8,20.52,2679.35,1.31,20.4,33.22,62.87
2026-09-02T05:05:00+00:00,18.07,20.76,2796.5,0.53,19.63,32.94,58.98
2026-09-02T05:06:00+00:00,9.33,11.92,2481.12,0.0,20.34,35.0,63.72
2026-09-02T05:07:00+00:00,12.58,16.91,2753.86,0.0,19.63,32.58,65.25
2026-09-02T05:08:00+00:00,14.98,14.33,2654.19,0.0,19.63,32.89,67.7
2026-09-02T05:09:00+00:00,11.85,16.22,2488.48,0.0,20.74,33.28,57.32
2026-09-02T05:10:00+00:00,19.53,16.85,2813.13,0.0,19.63,33.02,70.42
2026-09-02T05:11:00+00:00,16.95,19.28,2645.2,0.0,20.09,32.88,65.3
2026-09-02T05:12:00+00:00,14.62,16.67,2895.08,0.0,20.74,33.47,58.28
2026-09-02T05:13:00+00:00,8.53,9.79,2797.07,0.0,19.63,34.7,63.9
2026-09-02T05:14:00+00:00,14.63,16.12,2920.41,0.0,20.88,32.53,65.42
2026-09-02T05:15:00+00:00,20.19,23.37,2679.42,0.0,20.29,32.49,72.56
2026-09-02T05:16:00+00:00,12.63,12.92,2737.02,0.0,19.63,33.76,64.41
2026-09-02T05:17:00+00:00,18.32,17.96,2859.33,1.23,20.83,32.66,67.06
2026-09-02T05:18:00+00:00,21.65,23.94,2526.2,0.0,20.64,34.8,64.29
2026-09-02T05:19:00+00:00,18.69,16.42,2414.25,0.89,20.29,32.9,68.32
2026-09-02T05:20:00+00:00,10.14,13.74,2549.27,0.0,19.63,32.78,63.93
2026-09-02T05:21:00+00:00,14.6,18.59,2666.35,0.0,20.66,34.52,60.13
2026-09-02T05:22:00+00:00,13.16,14.6,2729.32,0.0,20.47,33.39,63.61
2026-09-02T05:23:00+00:00,14.13,13.17,2739.24,0.0,19.63,32.83,68.17
2026-09-02T05:24:00+00:00,16.88,21.45,2688.82,0.0,19.87,33.4,71.36
2026-09-02T05:25:00+00:00,13.73,13.54,2421.65,0.0,19.63,34.22,63.57
2026-09-02T05:26:00+00:00,18.23,19.43,2725.76,0.0,20.87,33.5,64.04
2026-09-02T05:27:00+00:00,17.26,16.84,2632.41,0.0,20.37,32.71,69.7
2026-09-02T05:28:00+00:00,15.78,16.17,2454.81,0.0,19.63,34.63,60.24
2026-09-02T05:29:00+00:00,17.2,17.28,2711.36,0.0,20.52,34.8,54.52
2026-09-02T05:30:00+00:00,16.4,19.01,2566.73,0.0,19.63,30.41,77.69
2026-09-02T05:31:00+00:00,13.15,10.59,2695.59,0.0,21.1,34.02,69.21
2026-09-02T05:32:00+00:00,13.49,16.09,2617.93,0.0,20.45,32.07,75.14
2026-09-02T05:33:00+00:00,19.77,24.13,2382.11,0.29,19.63,32.05,70.43
2026-09-02T05:34:00+00:00,14.76,19.43,2714.92,0.0,20.63,33.18,66.96
2026-09-02T05:35:00+00:00,10.49,9.31,2559.54,0.0,20.4,32.93,65.73
2026-09-02T05:36:00+00:00,11.37,12.06,2733.82,0.81,20.41,33.23,66.8
2026-09-02T05:37:00+00:00,19.15,25.25,2509.47,0.0,21.13,35.75,59.12
2026-09-02T05:38:00+00:00,16.27,17.83,2846.11,0.0,19.63,33.37,66.09
2026-09-02T05:39:00+00:00,19.66,19.36,2726.14,0.0,20.28,32.99,69.77
2026-09-02T05:40:00+00:00,17.98,20.46,2846.82,0.0,20.31,34.6,56.55
2026-09-02T05:41:00+00:00,10.17,16.78,2483.45,0.0,19.63,34.95,60.62
2026-09-02T05:42:00+00:00,17.33,18.85,2673.28,0.0,19.63,30.83,73.62
2026-09-02T05:43:00+00:00,13.56,17.66,2434.2,0.0,19.76,32.72,72.59
2026-09-02T05:44:00+00:00,10.2,8.76,2509.28,0.0,20.64,34.31,68.01
2026-09-02T05:45:00+00:00,13.58,14.85,2840.94,1.35,21.09,32.68,63.93
2026-09-02T05:46:00+00:00,20.0,22.53,2339.38,0.0,19.63,34.45,62.78
2026-09-02T05:47:00+00:00,18.1,22.53,2728.38,0.0,19.63,33.73,66.14
2026-09-02T05:48:00+00:00,17.41,19.68,2635.78,0.0,20.36,33.8,62.7
2026-09-02T05:49:00+00:00,14.58,15.55,2839.47,0.0,19.63,33.86,63.28
2026-09-02T05:50:00+00:00,9.69,12.68,2664.36,0.0,19.63,33.87,65.39
2026-09-02T05:51:00+00:00,10.41,14.32,2617.63,0.0,19.65,33.93,60.97
2026-09-02T05:52:00+00:00,14.48,22.01,2872.89,0.0,20.03,32.99,65.07
2026-09-02T05:53:00+00:00,15.89,20.73,2698.95,0.0,19.63,34.24,67.15
2026-09-02T05:54:00+00:00,14.34,14.82,2652.52,0.0,19.63,32.81,62.45
2026-09-02T05:55:00+00:00,19.19,19.64,2568.67,0.02,19.63,31.98,65.09
2026-09-02T05:56:00+00:00,16.91,20.97,2616.96,0.4,19.63,33.87,63.88
2026-09-02T05:57:00+00:00,9.64,8.8,2811.16,0.0,19.63,33.35,65.27
2026-09-02T05:58:00+00:00,9.52,12.34,2776.29,0.0,19.63,34.84,60.26
2026-09-02T05:59:00+00:00,16.96,20.34,2685.84,0.04,20.43,33.01,66.28
2026-09-02T06:00:00+00:00,16.4,15.57,2836.87,0.0,19.79,33.38,70.08
2026-09-02T06:01:00+00:00,13.4,14.42,2624.13,0.0,20.15,32.15,68.1
2026-09-02T06:02:00+00:00,13.56,21.06,2442.15,0.58,20.62,34.81,55.63
2026-09-02T06:03:00+00:00,17.31,20.17,2793.02,0.0,20.88,33.35,63.72
2026-09-02T06:04:00+00:00,12.32,17.72,2679.54,0.0,19.63,34.36,60.87
2026-09-02T06:05:00+00:00,17.55,24.55,2657.26,0.0,19.63,33.91,63.36
2026-09-02T06:06:00+00:00,14.5,18.15,2389.94,0.0,20.93,33.87,60.24
2026-09-02T06:07:00+00:00,16.92,16.35,2679.67,0.0,19.63,35.28,59.05
2026-09-02T06:08:00+00:00,15.54,17.75,2576.64,0.51,20.62,34.19,62.73
2026-09-02T06:09:00+00:00,13.41,17.07,2927.87,0.05,20.27,33.23,61.08
2026-09-02T06:10:00+00:00,12.07,10.11,2859.63,0.0,19.63,32.98,66.51
2026-09-02T06:11:00+00:00,20.2,18.99,2361.42,0.44,19.63,32.88,67.1
2026-09-02T06:12:00+00:00,21.35,23.42,2966.67,0.0,21.05,33.39,65.68
2026-09-02T06:13:00+00:00,18.42,16.57,2377.22,0.0,19.63,33.48,64.16
2026-09-02T06:14:00+00:00,16.36,20.1,2781.66,0.33,19.67,34.2,62.88
2026-09-02T06:15:00+00:00,10.56,14.62,2736.87,0.04,19.63,34.23,66.2
2026-09-02T06:16:00+00:00,14.6,16.06,2656.36,0.0,19.63,33.19,71.58
2026-09-02T06:17:00+00:00,20.08,24.85,2861.54,0.0,19.63,33.76,62.7
2026-09-02T06:18:00+00:00,17.51,20.27,2695.29,0.0,21.11,34.14,64.69
2026-09-02T06:19:00+00:00,13.85,15.66,2972.89,0.0,19.63,34.66,59.5
2026-09-02T06:20:00+00:00,14.56,11.49,2655.85,1.05,19.63,34.8,61.26
2026-09-02T06:21:00+00:00,15.78,17.24,2724.38,0.46,21.11,33.14,65.33
2026-09-02T06:22:00+00:00,19.65,21.48,2769.69,0.19,20.24,33.44,64.51
2026-09-02T06:23:00+00:00,15.53,16.47,2700.08,0.57,21.0,33.33,64.33
2026-09-02T06:24:00+00:00,11.93,12.38,2912.0,0.0,20.95,33.92,62.42
2026-09-02T06:25:00+00:00,17.07,18.94,2688.38,0.0,19.63,34.84,59.97
2026-09-02T06:26:00+00:00,13.9,17.35,2803.34,0.0,20.03,32.21,66.31
2026-09-02T06:27:00+00:00,16.76,21.33,2505.95,0.0,19.63,35.33,60.49
2026-09-02T06:28:00+00:00,15.89,21.66,2701.44,0.0,19.72,34.01,69.51
2026-09-02T06:29:00+00:00,17.38,18.87,3002.43,0.0,19.63,35.71,59.22
2026-09-02T06:30:00+00:00,16.13,15.97,2705.37,0.0,19.63,34.03,64.44
2026-09-02T06:31:00+00:00,16.26,19.48,2756.49,0.89,20.89,33.34,62.54
2026-09-02T06:32:00+00:00,12.32,14.99,2832.86,0.0,19.63,34.09,64.0
2026-09-02T06:33:00+00:00,10.35,8.2,2719.42,0.0,20.9,33.78,60.9
2026-09-02T06:34:00+00:00,12.4,10.27,2845.62,0.78,19.63,34.56,58.11
2026-09-02T06:35:00+00:00,10.11,9.54,2699.18,1.09,19.63,32.83,66.38
2026-09-02T06:36:00+00:00,13.38,12.38,2840.73,0.38,20.55,32.88,66.9
2026-09-02T06:37:00+00:00,19.98,23.59,2933.21,0.0,20.05,35.31,62.57
2026-09-02T06:38:00+00:00,17.57,23.16,2741.78,0.0,19.63,33.23,61.72
2026-09-02T06:39:00+00:00,20.16,20.77,2575.16,0.0,20.61,32.65,60.52
2026-09-02T06:40:00+00:00,13.44,16.72,3060.38,0.0,20.96,33.17,65.15
2026-09-02T06:41:00+00:00,13.45,20.49,2592.42,0.0,20.91,34.1,59.97
2026-09-02T06:42:00+00:00,14.07,23.9,2661.73,0.0,19.72,33.45,68.32
2026-09-02T06:43:00+00:00,16.89,20.32,2587.79,0.0,19.99,34.38,65.91
2026-09-02T06:44:00+00:00,15.06,19.18,2577.27,0.0,21.04,36.42,55.62
2026-09-02T06:45:00+00:00,17.69,22.69,2936.68,0.0,19.63,34.06,64.36
2026-09-02T06:46:00+00:00,18.61,22.0,2852.33,0.0,19.63,34.27,66.47
2026-09-02T06:47:00+00:00,8.46,14.13,2928.33,0.0,21.08,33.96,65.31
2026-09-02T06:48:00+00:00,15.41,17.26,2839.23,0.0,19.63,33.51,67.21
2026-09-02T06:49:00+00:00,13.41,14.05,2797.68,0.31,19.63,35.0,64.58
2026-09-02T06:50:00+00:00,14.35,17.95,2647.94,0.34,19.63,33.98,60.85
2026-09-02T06:51:00+00:00,20.22,23.26,2892.37,0.0,20.84,34.69,64.74
2026-09-02T06:52:00+00:00,15.21,17.3,2796.64,0.39,19.63,32.86,67.34
2026-09-02T06:53:00+00:00,17.35,18.72,2796.9,0.01,19.63,34.29,59.43
2026-09-02T06:54:00+00:00,16.44,20.35,2596.64,0.0,20.08,33.5,65.83
2026-09-02T06:55:00+00:00,15.29,18.94,2721.64,0.0,20.93,33.89,57.08
2026-09-02T06:56:00+00:00,15.08,22.06,2750.97,0.0,19.63,32.92,66.11
2026-09-02T06:57:00+00:00,15.13,13.5,2890.05,0.69,19.63,34.78,60.38
2026-09-02T06:58:00+00:00,20.27,25.96,2762.11,0.0,19.63,35.79,59.85
2026-09-02T06:59:00+00:00,19.8,24.0,2553.45,0.91,19.7,34.9,62.85
2026-09-02T07:00:00+00:00,17.35,16.48,2993.33,0.32,19.63,33.3,63.71
2026-09-02T07:01:00+00:00,15.69,17.49,2760.66,0.13,20.85,34.35,59.41
2026-09-02T07:02:00+00:00,19.39,22.05,2783.93,0.0,19.63,33.68,66.32
2026-09-02T07:03:00+00:00,15.54,23.91,3060.93,0.0,20.53,35.01,64.79
2026-09-02T07:04:00+00:00,16.16,23.27,2698.54,0.0,20.81,33.24,62.63
2026-09-02T07:05:00+00:00,17.66,20.9,2924.38,0.0,19.65,31.95,70.0
2026-09-02T07:06:00+00:00,12.39,13.25,2884.95,0.0,19.63,33.75,63.47
2026-09-02T07:07:00+00:00,13.73,13.53,2970.75,0.0,20.82,34.43,60.88
2026-09-02T07:08:00+00:00,11.69,14.42,2588.92,0.0,20.96,34.1,58.94
2026-09-02T07:09:00+00:00,14.87,21.87,2646.01,0.0,19.69,34.94,63.31
2026-09-02T07:10:00+00:00,13.69,18.46,2875.0,0.0,20.71,35.11,58.7
2026-09-02T07:11:00+00:00,18.4,25.58,2714.31,0.0,19.63,32.91,66.73
2026-09-02T07:12:00+00:00,10.59,13.18,2596.91,0.0,19.63,32.77,66.25
2026-09-02T07:13:00+00:00,14.48,14.54,2880.42,0.0,20.21,35.48,62.29
2026-09-02T07:14:00+00:00,20.47,23.26,2579.24,0.0,20.35,34.84,60.71
2026-09-02T07:15:00+00:00,17.1,23.8,3086.81,0.0,19.63,34.34,60.0
2026-09-02T07:16:00+00:00,15.99,20.91,2942.05,0.29,19.66,33.07,60.77
2026-09-02T07:17:00+00:00,12.74,11.45,2597.42,0.0,19.89,34.52,60.64
2026-09-02T07:18:00+00:00,18.56,18.53,2820.13,0.61,20.17,34.74,61.55
2026-09-02T07:19:00+00:00,16.88,16.82,2586.38,0.0,19.63,34.5,62.68
2026-09-02T07:20:00+00:00,15.26,18.05,2832.5,0.0,20.33,35.48,64.34
2026-09-02T07:21:00+00:00,17.81,21.08,3005.31,0.0,19.85,34.8,62.56
2026-09-02T07:22:00+00:00,17.07,21.26,3101.1,0.45,19.63,33.8,61.6
2026-09-02T07:23:00+00:00,15.62,19.75,2928.63,0.07,20.72,32.44,64.74
2026-09-02T07:24:00+00:00,13.88,21.3,3025.87,0.19,19.63,34.92,65.81
2026-09-02T07:25:00+00:00,16.43,19.66,3159.57,0.0,19.63,34.96,61.82
2026-09-02T07:26:00+00:00,10.53,13.88,3033.81,0.0,19.63,33.62,61.39
2026-09-02T07:27:00+00:00,17.72,17.51,2886.26,0.47,20.26,33.87,66.03
2026-09-02T07:28:00+00:00,12.84,17.77,2959.15,0.85,19.63,33.75,66.29
2026-09-02T07:29:00+00:00,13.31,16.67,2688.51,0.0,21.04,36.02,57.98
2026-09-02T07:30:00+00:00,14.48,20.56,3008.4,0.0,20.11,34.63,59.54
2026-09-02T07:31:00+00:00,20.33,24.2,2747.72,0.0,20.9,35.16,61.22
2026-09-02T07:32:00+00:00,15.32,24.03,2806.62,0.0,20.28,34.55,60.16
2026-09-02T07:33:00+00:00,14.14,12.66,2811.08,0.0,19.63,35.63,62.06
2026-09-02T07:34:00+00:00,15.32,18.3,3048.18,0.37,20.54,35.6,60.4
2026-09-02T07:35:00+00:00,11.09,11.13,2911.61,0.0,19.63,34.13,65.49
2026-09-02T07:36:00+00:00,15.98,14.16,2970.07,0.0,20.79,34.35,67.97
2026-09-02T07:37:00+00:00,12.0,12.24,2814.69,0.0,19.63,36.62,54.82
2026-09-02T07:38:00+00:00,11.21,12.65,2794.99,0.0,19.63,35.34,62.23
2026-09-02T07:39:00+00:00,13.37,14.43,2832.84,0.35,19.63,34.05,63.4
2026-09-02T07:40:00+00:00,15.49,12.33,2921.13,0.0,19.63,35.1,58.52
2026-09-02T07:41:00+00:00,14.43,15.59,3160.43,0.0,20.09,33.76,64.71
2026-09-02T07:42:00+00:00,15.54,16.33,3035.14,0.0,20.08,35.29,59.2
2026-09-02T07:43:00+00:00,15.3,17.62,3189.95,0.0,19.99,33.95,67.86
2026-09-02T07:44:00+00:00,17.64,23.27,2536.1,0.0,19.63,34.21,66.82
2026-09-02T07:45:00+00:00,17.52,18.6,2855.82,0.0,19.91,33.33,68.09
2026-09-02T07:46:00+00:00,17.83,17.59,2801.29,0.0,19.68,34.83,57.47
2026-09-02T07:47:00+00:00,12.83,15.81,3380.39,0.0,19.79,33.87,63.12
2026-09-02T07:48:00+00:00,16.0,15.68,3091.76,0.79,19.85,34.89,62.63
2026-09-02T07:49:00+00:00,16.52,20.64,3090.24,0.0,19.94,35.21,57.59
2026-09-02T07:50:00+00:00,15.0,16.51,2587.04,0.0,20.86,34.6,60.18
2026-09-02T07:51:00+00:00,16.18,20.31,2878.76,0.07,20.14,35.35,58.25
2026-09-02T07:52:00+00:00,14.99,14.64,2967.9,0.4,20.92,33.85,66.74
2026-09-02T07:53:00+00:00,17.48,22.45,2958.57,0.0,20.47,35.52,57.45
2026-09-02T07:54:00+00:00,12.03,18.62,2957.18,0.13,20.89,32.71,65.05
2026-09-02T07:55:00+00:00,17.51,19.78,2986.54,0.46,20.36,34.97,67.02
2026-09-02T07:56:00+00:00,13.19,12.37,3081.55,0.0,20.69,34.93,65.76
2026-09-02T07:57:00+00:00,12.82,12.64,2981.2,0.0,20.17,33.2,68.8
2026-09-02T07:58:00+00:00,17.2,21.71,2918.83,0.0,20.41,34.39,59.11
2026-09-02T07:59:00+00:00,14.33,20.48,3174.99,0.0,21.44,35.84,58.87
2026-09-02T08:00:00+00:00,19.39,25.91,2872.28,0.0,21.45,35.12,65.32
2026-09-02T08:01:00+00:00,18.08,19.12,2881.84,0.0,20.67,34.73,64.43
2026-09-02T08:02:00+00:00,14.52,17.83,3167.37,0.0,20.59,34.0,63.29
2026-09-02T08:03:00+00:00,16.77,16.82,3032.51,0.63,21.31,34.75,63.41
2026-09-02T08:04:00+00:00,14.15,20.93,3299.3,0.0,19.97,37.08,55.12
2026-09-02T08:05:00+00:00,13.11,14.18,3000.95,0.0,21.13,34.15,68.96
2026-09-02T08:06:00+00:00,19.06,22.11,3127.65,0.0,22.39,34.18,64.58
2026-09-02T08:07:00+00:00,14.86,17.87,3114.4,0.0,22.88,34.94,60.01
2026-09-02T08:08:00+00:00,11.72,15.63,3154.71,0.4,20.65,34.85,64.9
2026-09-02T08:09:00+00:00,16.42,22.25,3273.66,0.56,22.58,35.25,60.01
2026-09-02T08:10:00+00:00,16.4,27.25,3166.9,0.0,21.89,33.97,66.28
2026-09-02T08:11:00+00:00,13.26,14.6,2865.8,0.0,20.98,34.75,65.76
2026-09-02T08:12:00+00:00,8.74,10.2,3002.32,0.0,22.69,34.61,58.55
2026-09-02T08:13:00+00:00,14.31,15.93,3281.63,0.0,23.65,33.86,64.71
2026-09-02T08:14:00+00:00,14.44,20.55,3009.47,0.0,20.26,34.39,66.16
2026-09-02T08:15:00+00:00,18.06,26.73,2969.02,0.0,19.79,33.0,61.49
2026-09-02T08:16:00+00:00,13.31,13.39,2963.68,0.0,22.5,33.16,67.73
2026-09-02T08:17:00+00:00,17.76,19.72,3333.54,0.04,23.47,35.3,59.07
2026-09-02T08:18:00+00:00,15.21,17.95,3160.6,0.0,19.87,33.83,68.32
2026-09-02T08:19:00+00:00,19.4,19.89,3323.31,0.0,19.9,34.64,66.77
2026-09-02T08:20:00+00:00,13.54,22.16,2829.7,0.0,20.15,36.09,61.56
2026-09-02T08:21:00+00:00,16.18,18.45,3307.51,1.13,24.12,35.79,61.43
2026-09-02T08:22:00+00:00,17.59,21.65,3318.64,0.15,25.04,32.49,69.4
2026-09-02T08:23:00+00:00,17.37,20.86,3071.39,0.0,20.87,35.5,59.09
2026-09-02T08:24:00+00:00,16.44,18.22,3340.29,0.6,20.78,35.43,61.19
2026-09-02T08:25:00+00:00,17.24,18.72,3123.02,0.0,20.39,35.21,61.55
2026-09-02T08:26:00+00:00,15.54,17.4,3093.42,0.0,20.97,35.33,59.56
2026-09-02T08:27:00+00:00,15.77,15.95,3128.26,0.0,20.87,33.53,69.86
2026-09-02T08:28:00+00:00,13.18,12.96,3392.02,0.44,23.51,35.21,57.33
2026-09-02T08:29:00+00:00,19.77,14.26,3428.63,0.0,20.82,35.53,59.38
2026-09-02T08:30:00+00:00,15.27,13.42,2882.57,0.0,26.49,32.66,71.0
2026-09-02T08:31:00+00:00,15.05,17.89,3316.23,0.63,19.72,34.84,57.93
2026-09-02T08:32:00+00:00,12.65,14.21,3225.09,0.0,20.48,34.8,57.6
2026-09-02T08:33:00+00:00,10.29,7.5,3151.69,0.0,26.75,35.63,55.45
2026-09-02T08:34:00+00:00,15.48,16.33,3027.61,0.0,25.0,33.6,68.94
2026-09-02T08:35:00+00:00,15.56,17.82,3465.17,0.0,27.21,36.79,58.6
2026-09-02T08:36:00+00:00,20.77,21.51,3283.04,0.0,19.64,36.06,58.06
2026-09-02T08:37:00+00:00,16.87,16.79,3387.54,0.0,28.18,36.03,62.27
2026-09-02T08:38:00+00:00,15.04,15.22,3242.21,0.0,24.62,34.55,66.87
2026-09-02T08:39:00+00:00,13.36,17.23,3299.41,0.0,19.95,36.67,58.78
2026-09-02T08:40:00+00:00,12.77,14.35,3363.05,0.0,26.83,35.66,60.41
2026-09-02T08:41:00+00:00,16.46,17.68,3123.94,0.0,20.75,35.63,66.04
2026-09-02T08:42:00+00:00,18.61,22.74,3167.38,0.0,26.16,34.79,56.48
2026-09-02T08:43:00+00:00,18.16,23.21,3414.36,0.0,19.82,34.25,65.99
2026-09-02T08:44:00+00:00,17.12,21.75,3352.06,0.41,26.46,34.46,64.87
2026-09-02T08:45:00+00:00,15.2,18.54,3295.52,0.13,19.7,35.0,67.63
2026-09-02T08:46:00+00:00,13.45,14.89,3505.81,0.0,27.56,36.13,61.04
2026-09-02T08:47:00+00:00,14.86,16.79,3379.12,0.58,20.43,35.33,54.57
2026-09-02T08:48:00+00:00,13.95,12.37,3170.61,0.0,27.01,33.64,61.67
2026-09-02T08:49:00+00:00,15.67,17.74,3431.53,0.64,30.47,36.26,60.93
2026-09-02T08:50:00+00:00,14.09,16.82,3150.58,0.0,29.65,36.38,55.37
2026-09-02T08:51:00+00:00,18.28,23.75,3301.13,0.0,20.49,34.95,65.03
2026-09-02T08:52:00+00:00,11.89,16.37,3355.96,0.0,20.53,35.04,60.8
2026-09-02T08:53:00+00:00,18.59,19.83,3438.39,0.0,28.05,35.63,58.48
2026-09-02T08:54:00+00:00,16.2,17.52,3471.78,0.0,20.88,36.87,56.61
2026-09-02T08:55:00+00:00,15.54,18.06,3443.09,0.0,21.08,35.89,59.18
2026-09-02T08:56:00+00:00,12.7,12.36,3360.15,0.0,31.17,34.65,61.09
2026-09-02T08:57:00+00:00,10.05,11.25,3244.23,0.0,21.04,35.12,58.37
2026-09-02T08:58:00+00:00,12.42,16.89,3220.88,0.0,19.73,35.91,56.86
2026-09-02T08:59:00+00:00,14.18,19.82,3173.29,0.51,31.21,35.68,57.44
2026-09-02T09:00:00+00:00,18.38,21.28,3559.05,0.0,30.13,35.16,59.76
2026-09-02T09:01:00+00:00,18.56,22.8,3453.73,0.0,20.7,36.02,61.98
2026-09-02T09:02:00+00:00,13.99,17.8,3229.21,0.3,20.99,36.02,54.69
2026-09-02T09:03:00+00:00,17.85,23.99,3282.3,0.0,20.75,35.91,59.84
2026-09-02T09:04:00+00:00,10.66,11.25,3383.51,0.0,19.8,36.12,54.06
2026-09-02T09:05:00+00:00,11.22,11.46,3072.44,0.0,20.96,34.37,60.87
2026-09-02T09:06:00+00:00,19.36,24.09,3366.73,0.19,28.87,33.08,64.99
2026-09-02T09:07:00+00:00,15.51,18.89,3551.26,0.09,19.71,35.82,58.05
2026-09-02T09:08:00+00:00,14.6,13.51,3385.2,0.0,20.15,34.7,61.78
2026-09-02T09:09:00+00:00,20.19,20.87,3255.92,0.0,20.05,36.13,60.63
2026-09-02T09:10:00+00:00,17.66,21.43,3526.76,0.0,29.62,35.82,58.68
2026-09-02T09:11:00+00:00,13.76,14.69,3201.67,0.0,31.03,34.94,63.06
2026-09-02T09:12:00+00:00,20.84,26.44,3484.51,0.0,21.08,34.58,59.68
2026-09-02T09:13:00+00:00,15.41,18.76,3390.75,0.0,20.99,34.3,64.46
2026-09-02T09:14:00+00:00,14.41,15.8,3583.6,0.0,29.47,36.02,57.24
2026-09-02T09:15:00+00:00,12.56,16.49,3486.89,0.6,36.03,36.74,56.83
2026-09-02T09:16:00+00:00,17.68,23.71,3388.08,0.0,20.03,34.38,58.55
2026-09-02T09:17:00+00:00,15.5,19.0,3605.11,0.0,35.06,35.82,56.22
2026-09-02T09:18:00+00:00,14.0,19.61,3299.71,0.0,19.64,36.26,55.36
2026-09-02T09:19:00+00:00,16.54,20.6,3643.81,0.0,31.3,35.22,57.5
2026-09-02T09:20:00+00:00,15.07,12.54,3182.17,0.0,36.17,36.28,57.97
2026-09-02T09:21:00+00:00,16.78,21.37,3134.63,0.0,20.59,34.26,59.09
2026-09-02T09:22:00+00:00,17.19,24.3,3504.84,0.0,37.01,34.94,64.32
2026-09-02T09:23:00+00:00,18.33,16.96,3370.32,0.0,20.52,35.97,56.02
2026-09-02T09:24:00+00:00,14.67,17.38,3467.96,0.61,19.83,35.5,58.4
2026-09-02T09:25:00+00:00,15.89,16.29,3262.42,0.0,20.5,35.8,59.45
2026-09-02T09:26:00+00:00,12.52,12.01,3051.18,1.29,31.63,35.28,60.84
2026-09-02T09:27:00+00:00,13.5,18.15,3600.63,0.0,33.41,36.35,58.17
2026-09-02T09:28:00+00:00,17.29,17.45,3257.08,0.0,37.99,35.95,55.89
2026-09-02T09:29:00+00:00,11.5,10.14,3721.84,0.0,20.65,36.98,59.49
2026-09-02T09:30:00+00:00,15.58,20.2,3485.35,0.0,39.75,35.56,59.37
2026-09-02T09:31:00+00:00,15.09,12.87,3621.25,0.0,37.42,36.34,57.11
2026-09-02T09:32:00+00:00,14.73,17.86,3296.62,0.0,21.08,36.12,58.33
2026-09-02T09:33:00+00:00,16.22,20.56,3420.8,0.0,20.68,35.34,60.53
2026-09-02T09:34:00+00:00,15.8,15.7,3280.14,0.0,19.64,38.27,51.61
2026-09-02T09:35:00+00:00,16.67,22.43,3313.85,0.0,20.83,35.57,59.14
2026-09-02T09:36:00+00:00,13.73,16.14,3199.55,0.0,39.14,34.71,66.86
2026-09-02T09:37:00+00:00,14.75,14.57,3761.82,0.0,20.32,34.65,63.28
2026-09-02T09:38:00+00:00,16.96,21.49,3611.86,0.3,38.91,35.23,53.43
2026-09-02T09:39:00+00:00,14.0,17.09,3266.27,0.0,21.09,35.53,61.45
2026-09-02T09:40:00+00:00,12.44,13.49,3366.16,0.0,35.82,36.31,59.53
2026-09-02T09:41:00+00:00,16.2,17.34,3678.56,0.0,33.36,35.73,62.48
2026-09-02T09:42:00+00:00,8.34,10.08,3665.55,0.0,20.4,34.26,61.82
2026-09-02T09:43:00+00:00,14.06,19.32,3702.45,0.0,20.35,36.99,57.74
2026-09-02T09:44:00+00:00,18.15,19.09,3388.08,0.47,20.44,35.05,59.41
2026-09-02T09:45:00+00:00,12.89,13.37,3470.17,0.0,20.12,36.32,56.58
2026-09-02T09:46:00+00:00,14.57,16.99,3621.93,0.0,19.79,35.95,62.35
2026-09-02T09:47:00+00:00,14.65,22.48,3754.0,0.0,20.44,35.99,57.44
2026-09-02T09:48:00+00:00,17.58,20.28,3326.97,1.03,20.42,36.67,58.34
2026-09-02T09:49:00+00:00,17.44,18.2,3488.4,0.0,19.93,35.37,60.38
2026-09-02T09:50:00+00:00,11.57,13.51,3484.42,0.44,19.94,36.12,59.42
2026-09-02T09:51:00+00:00,17.35,21.76,3803.49,0.62,37.88,37.07,50.73
2026-09-02T09:52:00+00:00,11.95,14.16,3433.25,0.0,41.17,34.55,62.41
2026-09-02T09:53:00+00:00,12.51,13.8,3579.56,0.58,41.27,35.54,61.07
2026-09-02T09:54:00+00:00,15.45,15.01,3723.74,0.0,20.79,36.71,55.48
2026-09-02T09:55:00+00:00,14.45,17.89,3444.81,1.06,19.97,36.57,52.27
2026-09-02T09:56:00+00:00,17.21,21.48,3591.82,0.36,39.55,34.78,62.01
2026-09-02T09:57:00+00:00,16.27,16.45,3370.46,0.34,20.56,35.8,59.97
2026-09-02T09:58:00+00:00,17.27,16.5,3360.16,0.76,45.82,36.49,53.68
2026-09-02T09:59:00+00:00,14.67,15.76,3559.29,0.0,36.85,37.09,54.78
2026-09-02T10:00:00+00:00,8.46,7.5,3490.49,0.0,20.47,37.3,51.7
2026-09-02T10:01:00+00:00,13.85,16.71,3312.35,0.0,45.13,38.42,45.83
2026-09-02T10:02:00+00:00,10.94,14.71,3626.79,0.0,42.0,35.05,59.47
2026-09-02T10:03:00+00:00,18.65,20.47,3642.04,0.52,19.68,36.24,59.0
2026-09-02T10:04:00+00:00,13.07,14.19,3271.61,0.0,41.43,37.03,56.61
2026-09-02T10:05:00+00:00,14.31,17.72,3412.92,0.0,20.22,37.46,52.84
2026-09-02T10:06:00+00:00,15.13,17.01,3588.07,0.0,20.78,36.59,57.01
2026-09-02T10:07:00+00:00,15.9,20.85,3674.39,0.0,46.65,36.4,55.67
2026-09-02T10:08:00+00:00,16.49,17.99,3531.83,0.0,20.22,36.71,54.89
2026-09-02T10:09:00+00:00,14.2,19.16,3520.35,0.0,20.51,35.62,52.66
2026-09-02T10:10:00+00:00,12.97,16.06,3443.57,0.0,19.8,35.39,59.58
2026-09-02T10:11:00+00:00,14.94,16.53,3534.7,0.64,21.12,36.97,60.3
2026-09-02T10:12:00+00:00,13.25,13.38,3599.65,0.0,20.45,36.93,57.04
2026-09-02T10:13:00+00:00,17.1,18.87,3598.35,0.0,49.79,38.61,53.71
2026-09-02T10:14:00+00:00,19.41,17.38,3117.97,0.19,20.23,36.01,57.34
2026-09-02T10:15:00+00:00,16.84,19.26,3694.92,0.0,20.97,35.98,53.03
2026-09-02T10:16:00+00:00,16.31,17.62,3490.32,0.0,40.08,37.47,53.07
2026-09-02T10:17:00+00:00,19.11,22.08,3678.3,0.0,39.2,35.78,60.42
2026-09-02T10:18:00+00:00,13.67,11.31,3383.28,0.0,20.69,36.65,57.82
2026-09-02T10:19:00+00:00,18.36,16.54,3884.91,0.0,20.16,36.04,61.14
2026-09-02T10:20:00+00:00,14.49,18.07,3799.96,0.0,21.11,36.67,54.49
2026-09-02T10:21:00+00:00,12.95,15.81,3261.0,0.91,43.33,37.94,51.52
2026-09-02T10:22:00+00:00,13.83,16.28,3519.67,0.96,20.24,35.74,63.38
2026-09-02T10:23:00+00:00,19.91,20.93,3449.66,0.0,45.49,36.23,55.96
2026-09-02T10:24:00+00:00,15.32,18.44,3408.14,0.46,39.01,35.63,58.09
2026-09-02T10:25:00+00:00,15.9,19.11,3289.36,0.0,48.15,37.36,59.8
2026-09-02T10:26:00+00:00,13.39,12.35,3297.2,1.19,19.84,37.09,57.39
2026-09-02T10:27:00+00:00,18.18,23.58,3594.68,0.0,20.7,38.29,55.99
2026-09-02T10:28:00+00:00,19.87,23.85,3423.38,0.0,20.58,35.62,57.91
2026-09-02T10:29:00+00:00,13.12,12.91,3200.53,1.31,56.17,37.72,53.2
2026-09-02T10:30:00+00:00,16.34,24.96,3209.53,0.0,19.96,35.92,55.94
2026-09-02T10:31:00+00:00,15.43,17.02,3326.79,0.0,20.79,36.67,57.3
2026-09-02T10:32:00+00:00,14.32,14.26,3680.29,0.0,20.72,37.52,50.19
2026-09-02T10:33:00+00:00,14.49,13.13,3515.96,0.0,50.48,36.14,57.02
2026-09-02T10:34:00+00:00,12.79,17.43,3750.93,0.0,20.48,37.84,54.8
2026-09-02T10:35:00+00:00,15.72,18.59,3411.37,0.1,20.85,36.9,54.52
2026-09-02T10:36:00+00:00,17.18,18.67,3587.06,0.0,40.71,37.48,54.09
2026-09-02T10:37:00+00:00,17.58,23.37,3639.74,0.09,53.63,36.19,54.12
2026-09-02T10:38:00+00:00,16.26,19.85,3140.47,0.0,48.28,35.88,60.2
2026-09-02T10:39:00+00:00,20.28,19.79,3344.45,0.0,20.68,36.82,51.65
2026-09-02T10:40:00+00:00,19.15,20.38,3373.92,0.0,20.16,37.81,49.49
2026-09-02T10:41:00+00:00,14.89,24.07,3527.39,0.22,56.47,37.11,53.61
2026-09-02T10:42:00+00:00,14.36,13.28,3614.07,0.0,20.63,36.35,56.12
2026-09-02T10:43:00+00:00,17.23,19.53,3354.54,0.0,20.07,37.07,54.54
2026-09-02T10:44:00+00:00,15.38,14.55,3503.45,0.0,58.92,35.29,56.21
2026-09-02T10:45:00+00:00,15.86,18.3,3504.61,0.0,20.97,36.39,57.52
2026-09-02T10:46:00+00:00,15.93,15.62,3328.33,0.0,20.8,36.72,56.16
2026-09-02T10:47:00+00:00,18.48,21.29,3455.79,0.0,21.04,38.25,50.36
2026-09-02T10:48:00+00:00,15.73,20.72,3331.95,0.09,20.53,36.11,59.85
2026-09-02T10:49:00+00:00,9.39,8.06,3543.9,0.0,48.73,36.79,56.7
2026-09-02T10:50:00+00:00,18.57,22.32,3224.38,0.0,19.94,36.75,54.92
2026-09-02T10:51:00+00:00,14.23,16.6,3296.52,0.0,46.41,37.66,56.73
2026-09-02T10:52:00+00:00,18.06,22.67,3394.51,0.0,61.09,36.94,55.14
2026-09-02T10:53:00+00:00,17.84,21.33,3648.75,0.0,52.28,35.89,58.03
2026-09-02T10:54:00+00:00,12.26,10.88,3136.55,0.0,59.13,35.73,59.54
2026-09-02T10:55:00+00:00,16.49,21.89,3266.04,0.0,20.0,37.03,55.18
2026-09-02T10:56:00+00:00,14.98,12.83,3307.39,0.9,57.06,35.93,59.84
2026-09-02T10:57:00+00:00,12.56,14.53,3694.94,0.0,20.14,36.65,56.04
2026-09-02T10:58:00+00:00,10.38,12.35,3169.79,0.56,20.02,37.86,51.8
2026-09-02T10:59:00+00:00,18.2,22.34,3331.93,0.0,20.78,36.29,63.96
2026-09-02T11:00:00+00:00,12.81,13.14,3562.33,0.0,46.17,37.44,47.79
2026-09-02T11:01:00+00:00,15.92,16.15,3174.23,0.29,63.84,36.5,56.77
2026-09-02T11:02:00+00:00,14.89,19.76,3196.23,0.0,20.22,36.41,57.23
2026-09-02T11:03:00+00:00,15.22,12.76,3291.59,0.0,20.37,36.42,61.09
2026-09-02T11:04:00+00:00,15.18,17.79,3377.84,0.0,20.87,36.75,48.94
2026-09-02T11:05:00+00:00,15.04,19.25,3312.44,0.0,20.33,36.49,58.31
2026-09-02T11:06:00+00:00,16.87,17.66,3413.7,0.0,53.76,38.19,50.25
2026-09-02T11:07:00+00:00,12.91,15.17,3653.2,0.47,46.98,36.38,53.33
2026-09-02T11:08:00+00:00,18.72,19.08,3392.09,0.86,20.4,36.92,54.52
2026-09-02T11:09:00+00:00,13.11,15.64,3025.2,0.0,61.57,36.86,60.4
2026-09-02T11:10:00+00:00,16.72,14.4,3449.36,0.0,46.28,37.31,48.72
2026-09-02T11:11:00+00:00,15.96,21.94,3369.91,0.0,20.84,36.81,54.48
2026-09-02T11:12:00+00:00,16.6,16.73,3204.04,0.0,20.92,38.06,53.94
2026-09-02T11:13:00+00:00,18.92,19.16,3046.94,0.0,21.12,36.34,56.18
2026-09-02T11:14:00+00:00,11.23,14.19,3304.91,0.0,53.75,37.42,60.12
2026-09-02T11:15:00+00:00,14.73,14.41,3291.92,0.0,47.02,34.94,59.67
2026-09-02T11:16:00+00:00,14.07,13.95,3204.49,0.0,20.75,37.51,59.3
2026-09-02T11:17:00+00:00,17.98,23.2,3308.81,0.0,20.56,34.0,62.22
2026-09-02T11:18:00+00:00,17.31,20.01,2960.25,0.25,53.71,36.87,55.15
2026-09-02T11:19:00+00:00,18.23,19.79,3106.94,0.0,54.89,36.49,59.58
2026-09-02T11:20:00+00:00,17.23,18.27,3113.81,0.0,20.37,35.88,58.68
2026-09-02T11:21:00+00:00,13.94,14.42,2948.21,0.0,20.28,35.26,66.22
2026-09-02T11:22:00+00:00,16.54,13.03,2894.09,0.38,51.18,36.85,51.2
2026-09-02T11:23:00+00:00,17.15,17.66,3276.79,0.0,20.88,36.03,58.01
2026-09-02T11:24:00+00:00,18.29,19.66,2979.9,0.21,19.97,37.6,53.15
2026-09-02T11:25:00+00:00,13.6,18.18,3231.21,0.87,69.05,36.31,55.8
2026-09-02T11:26:00+00:00,17.0,23.02,3010.01,0.57,19.68,38.61,50.33
2026-09-02T11:27:00+00:00,14.31,15.51,3355.09,0.0,55.1,37.09,56.91
2026-09-02T11:28:00+00:00,14.91,11.03,3170.6,0.0,55.22,39.43,45.98
2026-09-02T11:29:00+00:00,20.21,17.57,3052.91,0.0,20.77,36.43,55.42
2026-09-02T11:30:00+00:00,16.72,23.16,3222.25,1.95,20.88,36.46,59.23
2026-09-02T11:31:00+00:00,17.54,21.28,3178.92,0.0,19.86,37.33,53.6
2026-09-02T11:32:00+00:00,17.7,22.82,3136.96,0.0,20.6,38.46,47.73
2026-09-02T11:33:00+00:00,15.84,15.71,3330.08,0.0,68.42,37.4,55.8
2026-09-02T11:34:00+00:00,12.03,10.68,3163.26,0.0,49.56,39.09,49.63
2026-09-02T11:35:00+00:00,12.9,12.16,2856.32,0.0,63.35,35.98,54.57
2026-09-02T11:36:00+00:00,17.05,17.55,3158.28,0.0,20.19,36.81,58.45
2026-09-02T11:37:00+00:00,17.54,17.66,2814.91,0.91,20.77,36.76,53.95
2026-09-02T11:38:00+00:00,17.23,18.88,3094.32,0.89,56.36,37.75,54.13
2026-09-02T11:39:00+00:00,19.6,26.53,3075.78,0.0,73.52,37.27,53.17
2026-09-02T11:40:00+00:00,17.0,19.19,3245.98,0.74,20.66,38.2,52.3
2026-09-02T11:41:00+00:00,16.79,18.36,3173.37,0.0,20.46,35.77,61.12
2026-09-02T11:42:00+00:00,13.45,21.0,3077.27,0.0,20.92,39.85,51.8
2026-09-02T11:43:00+00:00,16.35,19.28,2972.89,0.0,67.11,37.15,57.59
2026-09-02T11:44:00+00:00,16.92,18.55,3320.57,0.0,55.83,38.08,46.71
2026-09-02T11:45:00+00:00,20.34,20.98,3136.26,0.0,56.97,37.86,49.67
2026-09-02T11:46:00+00:00,14.09,10.78,2969.8,0.0,70.61,36.52,60.2
2026-09-02T11:47:00+00:00,14.98,16.85,3002.54,0.0,20.66,36.75,60.08
2026-09-02T11:48:00+00:00,17.1,17.78,3105.0,0.86,20.23,37.88,59.34
2026-09-02T11:49:00+00:00,13.95,16.24,3169.18,0.0,19.75,38.49,52.44
2026-09-02T11:50:00+00:00,12.23,13.42,3076.07,0.0,20.74,38.56,56.17
2026-09-02T11:51:00+00:00,15.46,21.49,3277.33,0.0,20.99,39.36,45.5
2026-09-02T11:52:00+00:00,21.17,25.1,3046.4,0.0,20.78,36.77,54.55
2026-09-02T11:53:00+00:00,12.02,11.79,2949.94,0.09,21.1,37.76,54.57
2026-09-02T11:54:00+00:00,14.55,19.67,3233.91,0.0,75.4,39.07,51.09
2026-09-02T11:55:00+00:00,17.63,24.3,3213.41,0.0,54.57,37.87,53.04
2026-09-02T11:56:00+00:00,18.89,21.61,3093.53,0.0,56.51,37.68,49.87
2026-09-02T11:57:00+00:00,18.6,20.26,3047.62,0.0,20.93,36.89,51.97
2026-09-02T11:58:00+00:00,16.54,20.74,3242.46,0.0,20.76,37.62,55.84
2026-09-02T11:59:00+00:00,14.59,22.79,3161.5,0.0,19.86,35.64,59.01
2026-09-02T12:00:00+00:00,13.32,19.81,3373.28,0.35,19.64,36.9,54.65
2026-09-02T12:01:00+00:00,19.5,19.37,2985.47,0.0,20.72,37.5,61.17
2026-09-02T12:02:00+00:00,11.94,12.7,3040.52,0.0,61.49,39.63,55.56
2026-09-02T12:03:00+00:00,15.64,21.13,2945.26,0.0,60.18,36.86,57.63
2026-09-02T12:04:00+00:00,16.38,18.09,2672.99,0.0,20.35,38.19,49.88
2026-09-02T12:05:00+00:00,14.61,19.15,3177.89,0.0,64.94,36.49,61.36
2026-09-02T12:06:00+00:00,18.73,20.42,3062.48,0.15,21.09,38.59,52.09
2026-09-02T12:07:00+00:00,17.14,17.79,2969.9,0.28,20.95,37.17,56.83
2026-09-02T12:08:00+00:00,12.77,13.25,3186.77,0.0,20.02,38.51,46.81
2026-09-02T12:09:00+00:00,17.44,17.93,2907.31,0.35,76.25,38.69,49.49
2026-09-02T12:10:00+00:00,16.43,21.91,2838.51,0.36,21.12,36.48,56.26
2026-09-02T12:11:00+00:00,13.62,19.54,2795.64,1.26,20.32,37.66,50.17
2026-09-02T12:12:00+00:00,15.87,17.74,3028.34,0.0,63.05,38.21,54.85
2026-09-02T12:13:00+00:00,15.14,13.05,2923.17,0.0,20.56,37.23,55.14
2026-09-02T12:14:00+00:00,14.46,16.68,2908.77,0.0,59.28,38.54,46.82
2026-09-02T12:15:00+00:00,14.83,22.32,2973.73,0.0,78.7,36.85,54.29
2026-09-02T12:16:00+00:00,10.46,11.91,3084.56,0.0,57.52,37.58,52.88
2026-09-02T12:17:00+00:00,17.18,20.26,3033.68,0.0,77.39,36.97,58.33
2026-09-02T12:18:00+00:00,19.13,19.09,3005.78,0.0,57.53,37.55,52.03
2026-09-02T12:19:00+00:00,11.32,13.69,3049.72,0.0,71.33,38.42,50.85
2026-09-02T12:20:00+00:00,19.26,20.27,3043.46,0.0,58.34,39.13,50.41
2026-09-02T12:21:00+00:00,11.53,13.66,2795.18,0.0,20.29,37.91,52.45
2026-09-02T12:22:00+00:00,11.49,9.27,2982.57,0.28,19.96,38.75,49.87
2026-09-02T12:23:00+00:00,15.81,16.04,2975.33,0.0,20.57,35.64,61.88
2026-09-02T12:24:00+00:00,14.24,10.83,2981.11,0.2,20.03,36.88,53.6
2026-09-02T12:25:00+00:00,18.8,26.56,2982.65,0.0,63.66,37.33,51.83
2026-09-02T12:26:00+00:00,16.88,21.41,3211.02,0.59,20.12,38.35,52.38
2026-09-02T12:27:00+00:00,16.38,16.68,2824.01,0.52,19.93,37.4,51.06
2026-09-02T12:28:00+00:00,13.58,18.12,2950.99,0.48,19.83,38.59,49.72
2026-09-02T12:29:00+00:00,18.33,18.67,2795.96,0.94,83.1,37.26,52.42
2026-09-02T12:30:00+00:00,18.07,20.73,2842.81,0.0,20.68,38.98,49.38
2026-09-02T12:31:00+00:00,10.14,13.48,2973.9,0.0,19.77,37.14,60.75
2026-09-02T12:32:00+00:00,13.47,10.21,2817.25,0.23,69.82,37.59,56.55
2026-09-02T12:33:00+00:00,15.98,20.71,2991.52,0.0,69.29,37.7,54.87
2026-09-02T12:34:00+00:00,14.33,15.6,2677.43,0.0,20.31,37.8,51.23
2026-09-02T12:35:00+00:00,13.52,16.41,3091.23,0.0,69.8,37.51,50.67
2026-09-02T12:36:00+00:00,13.11,16.2,2699.7,0.0,20.83,37.72,53.68
2026-09-02T12:37:00+00:00,16.64,16.29,2819.34,0.61,20.86,38.13,54.22
2026-09-02T12:38:00+00:00,16.0,18.16,2771.87,0.52,20.03,38.06,52.52
2026-09-02T12:39:00+00:00,15.97,18.42,2809.46,0.0,20.14,38.9,50.0
2026-09-02T12:40:00+00:00,12.6,18.25,2801.14,0.0,20.97,38.65,61.12
2026-09-02T12:41:00+00:00,21.32,23.45,3019.14,0.0,20.72,38.32,50.05
2026-09-02T12:42:00+00:00,17.24,13.26,2877.64,0.0,58.71,38.68,54.9
2026-09-02T12:43:00+00:00,17.85,21.58,3108.19,0.82,64.02,37.68,54.36
2026-09-02T12:44:00+00:00,12.05,14.41,2936.17,0.85,19.68,36.99,55.5
2026-09-02T12:45:00+00:00,17.08,15.53,2626.28,0.0,20.21,36.37,57.4
2026-09-02T12:46:00+00:00,17.99,21.23,2613.92,0.0,62.17,38.29,55.62
2026-09-02T12:47:00+00:00,11.54,18.51,2845.45,0.0,20.99,37.92,50.01
2026-09-02T12:48:00+00:00,14.04,16.31,2925.6,0.0,19.82,37.95,54.13
2026-09-02T12:49:00+00:00,16.84,26.22,2786.19,0.0,20.72,39.79,45.94
2026-09-02T12:50:00+00:00,18.15,25.53,2581.5,0.0,20.87,39.28,54.02
2026-09-02T12:51:00+00:00,11.89,15.83,2764.42,0.0,21.08,38.71,53.27
2026-09-02T12:52:00+00:00,18.46,18.64,2986.78,0.19,73.6,37.16,55.06
2026-09-02T12:53:00+00:00,12.33,14.13,2957.61,0.0,81.13,37.7,53.74
2026-09-02T12:54:00+00:00,16.88,22.43,2746.05,0.54,20.16,38.67,49.73
2026-09-02T12:55:00+00:00,17.33,20.4,2875.37,0.0,67.9,38.78,55.02
2026-09-02T12:56:00+00:00,14.1,14.17,2607.89,0.23,20.74,39.7,47.18
2026-09-02T12:57:00+00:00,16.82,17.79,2759.76,0.0,20.12,37.95,54.68
2026-09-02T12:58:00+00:00,16.11,19.09,2788.5,0.17,19.69,37.17,57.5
2026-09-02T12:59:00+00:00,18.81,23.03,2880.87,0.0,60.33,38.53,53.9
2026-09-02T13:00:00+00:00,14.71,14.42,2948.66,0.0,20.37,37.14,50.64
2026-09-02T13:01:00+00:00,19.61,25.16,2724.33,0.82,84.43,37.62,53.05
2026-09-02T13:02:00+00:00,21.36,21.88,2799.86,0.0,20.96,37.55,58.19
2026-09-02T13:03:00+00:00,15.44,16.57,2865.48,0.0,20.18,37.92,53.39
2026-09-02T13:04:00+00:00,17.7,17.34,2900.49,0.0,19.87,37.43,55.94
2026-09-02T13:05:00+00:00,16.04,19.2,2902.51,0.0,20.29,37.8,53.16
2026-09-02T13:06:00+00:00,17.3,18.16,2743.37,0.0,80.59,38.29,55.83
2026-09-02T13:07:00+00:00,14.91,17.82,2510.76,0.0,20.47,38.39,55.44
2026-09-02T13:08:00+00:00,14.33,14.67,2769.06,0.0,67.15,38.83,55.01
2026-09-02T13:09:00+00:00,16.03,20.53,2727.81,1.09,84.0,38.48,49.26
2026-09-02T13:10:00+00:00,13.74,13.88,2549.7,1.08,20.66,38.95,47.2
2026-09-02T13:11:00+00:00,17.05,20.65,2770.15,0.0,73.61,38.89,51.45
2026-09-02T13:12:00+00:00,18.07,17.88,2933.98,0.0,88.42,37.86,58.53
2026-09-02T13:13:00+00:00,18.02,18.51,2854.93,0.34,19.95,37.28,54.04
2026-09-02T13:14:00+00:00,15.65,18.57,2720.69,0.0,19.75,36.56,59.76
2026-09-02T13:15:00+00:00,15.15,14.34,2752.54,0.0,19.9,37.67,56.16
2026-09-02T13:16:00+00:00,17.11,18.33,2927.78,0.0,20.17,36.79,54.73
2026-09-02T13:17:00+00:00,12.25,14.15,2565.02,0.0,20.96,39.51,53.14
2026-09-02T13:18:00+00:00,17.22,21.06,2917.41,0.0,20.43,37.82,51.16
2026-09-02T13:19:00+00:00,11.81,9.36,2797.2,0.0,57.76,39.54,45.22
2026-09-02T13:20:00+00:00,13.47,18.33,2627.53,0.0,59.71,36.74,61.25
2026-09-02T13:21:00+00:00,16.46,20.45,2704.67,0.0,20.25,37.47,47.54
2026-09-02T13:22:00+00:00,12.53,13.0,2759.46,0.0,20.48,38.65,46.13
2026-09-02T13:23:00+00:00,13.26,15.82,2702.53,0.0,81.52,39.3,47.36
2026-09-02T13:24:00+00:00,13.62,16.13,2820.72,0.0,20.08,37.43,53.48
2026-09-02T13:25:00+00:00,13.4,22.55,2897.77,0.0,86.71,37.71,53.27
2026-09-02T13:26:00+00:00,15.13,16.84,2691.49,0.0,79.23,37.38,61.24
2026-09-02T13:27:00+00:00,18.78,19.91,2608.29,0.0,85.93,37.76,52.49
2026-09-02T13:28:00+00:00,13.88,8.16,2682.3,0.0,20.77,37.42,54.02
2026-09-02T13:29:00+00:00,10.78,12.76,2734.3,0.18,21.13,37.05,54.01
2026-09-02T13:30:00+00:00,21.31,24.85,2481.36,0.0,19.71,38.74,49.94
2026-09-02T13:31:00+00:00,11.18,11.69,2614.41,0.0,59.94,37.49,47.98
2026-09-02T13:32:00+00:00,14.82,14.65,2758.8,0.0,20.29,38.35,51.76
2026-09-02T13:33:00+00:00,15.27,16.31,2780.43,1.1,20.43,37.19,57.18
2026-09-02T13:34:00+00:00,17.49,22.14,2818.36,0.32,74.61,38.33,54.29
2026-09-02T13:35:00+00:00,10.48,11.11,2897.03,0.4,60.64,36.01,59.15
2026-09-02T13:36:00+00:00,16.7,14.43,2761.9,0.0,20.9,37.83,50.35
2026-09-02T13:37:00+00:00,22.9,26.72,2863.77,0.0,73.47,37.44,52.79
2026-09-02T13:38:00+00:00,16.93,17.63,2625.69,0.45,20.6,37.56,56.83
2026-09-02T13:39:00+00:00,14.13,15.29,2718.13,0.0,65.22,37.55,48.67
2026-09-02T13:40:00+00:00,15.8,25.06,2761.16,0.0,20.48,39.33,54.35
2026-09-02T13:41:00+00:00,10.73,14.32,2671.11,0.65,20.64,37.1,52.4
2026-09-02T13:42:00+00:00,15.29,15.4,2532.13,0.49,20.12,38.79,48.26
2026-09-02T13:43:00+00:00,14.75,21.04,2451.67,0.0,81.44,38.69,50.6
2026-09-02T13:44:00+00:00,11.71,10.94,2585.15,0.0,73.34,38.1,56.34
2026-09-02T13:45:00+00:00,17.32,14.65,2713.11,0.0,60.48,37.61,54.5
2026-09-02T13:46:00+00:00,17.16,14.6,2568.6,0.0,19.78,36.05,54.85
2026-09-02T13:47:00+00:00,17.69,18.37,2689.05,0.0,77.2,37.04,52.11
2026-09-02T13:48:00+00:00,13.86,18.61,2423.11,0.72,20.19,37.19,55.35
2026-09-02T13:49:00+00:00,16.16,17.45,2420.06,0.0,82.21,38.63,49.52
2026-09-02T13:50:00+00:00,14.76,16.5,2910.46,0.0,20.77,37.08,57.56
2026-09-02T13:51:00+00:00,18.31,16.3,2828.75,0.0,74.43,37.66,53.28
2026-09-02T13:52:00+00:00,13.42,13.34,3016.66,0.0,19.82,37.62,51.52
2026-09-02T13:53:00+00:00,19.29,24.61,2861.14,0.0,20.29,38.69,48.33
2026-09-02T13:54:00+00:00,17.88,22.22,2858.81,0.48,20.17,37.5,55.82
2026-09-02T13:55:00+00:00,14.86,15.4,2891.59,0.83,20.35,38.32,46.09
2026-09-02T13:56:00+00:00,8.99,9.8,2678.19,0.18,19.76,38.07,54.71
2026-09-02T13:57:00+00:00,16.85,19.8,2836.29,0.74,20.5,38.03,52.03
2026-09-02T13:58:00+00:00,15.31,13.88,2631.57,0.0,83.78,37.6,53.61
2026-09-02T13:59:00+00:00,13.73,14.78,2413.33,0.0,19.89,37.29,55.96
2026-09-02T14:00:00+00:00,19.58,20.89,2803.83,0.0,86.69,39.43,47.97
2026-09-02T14:01:00+00:00,19.65,22.52,2501.53,0.0,86.12,37.7,55.5
2026-09-02T14:02:00+00:00,11.58,15.33,2690.9,0.0,19.75,37.8,57.96
2026-09-02T14:03:00+00:00,19.17,24.44,2568.35,0.0,20.61,38.82,43.55
2026-09-02T14:04:00+00:00,10.48,9.44,2766.94,0.0,20.04,37.53,50.51
2026-09-02T14:05:00+00:00,13.41,18.55,2727.21,0.0,58.63,38.98,55.07
2026-09-02T14:06:00+00:00,15.8,18.1,2669.21,0.0,64.83,37.8,53.68
2026-09-02T14:07:00+00:00,13.96,18.18,2811.78,0.0,20.77,38.03,53.01
2026-09-02T14:08:00+00:00,15.31,19.64,2934.96,0.0,20.78,38.16,51.85
2026-09-02T14:09:00+00:00,18.81,25.14,2729.86,0.0,21.07,36.82,55.15
2026-09-02T14:10:00+00:00,14.71,19.15,2601.13,0.0,77.34,37.69,50.19
2026-09-02T14:11:00+00:00,16.38,20.71,2472.75,0.59,81.43,38.14,48.61
2026-09-02T14:12:00+00:00,15.73,16.86,2906.49,0.0,69.79,36.21,58.86
2026-09-02T14:13:00+00:00,16.06,15.85,2454.32,0.48,19.66,37.82,49.36
2026-09-02T14:14:00+00:00,13.53,12.01,2582.8,0.67,81.45,38.18,54.84
2026-09-02T14:15:00+00:00,12.02,12.62,2581.53,0.0,75.62,37.96,48.97
2026-09-02T14:16:00+00:00,18.14,17.85,2850.6,0.7,20.7,38.84,49.77
2026-09-02T14:17:00+00:00,14.94,17.88,2605.68,0.0,60.99,37.22,50.65
2026-09-02T14:18:00+00:00,13.27,13.45,2758.27,0.2,59.95,37.76,53.93
2026-09-02T14:19:00+00:00,15.43,18.1,2610.69,0.89,83.87,38.36,54.09
2026-09-02T14:20:00+00:00,14.71,17.15,2813.38,0.1,20.61,39.78,47.61
2026-09-02T14:21:00+00:00,19.68,21.79,2788.09,0.0,85.17,36.6,54.76
2026-09-02T14:22:00+00:00,15.82,14.79,2659.71,0.0,69.28,37.61,51.58
2026-09-02T14:23:00+00:00,20.19,22.35,2574.58,0.0,21.05,38.14,54.04
2026-09-02T14:24:00+00:00,17.72,23.91,2633.35,0.0,21.1,39.63,48.73
2026-09-02T14:25:00+00:00,15.4,17.56,2809.59,0.0,75.84,35.73,60.38
2026-09-02T14:26:00+00:00,11.84,16.1,2724.94,1.33,58.42,38.52,50.94
2026-09-02T14:27:00+00:00,17.98,19.29,2359.61,0.17,20.54,39.86,50.54
2026-09-02T14:28:00+00:00,10.18,11.76,2679.51,0.0,19.78,38.91,48.09
2026-09-02T14:29:00+00:00,16.6,19.02,2638.9,0.0,20.83,37.9,55.23
2026-09-02T14:30:00+00:00,15.86,18.58,2839.19,0.0,62.97,36.17,57.96
2026-09-02T14:31:00+00:00,16.96,18.81,2617.82,0.38,78.72,37.97,55.4
2026-09-02T14:32:00+00:00,13.0,11.78,2572.57,0.0,20.43,36.47,51.59
2026-09-02T14:33:00+00:00,11.36,7.97,2715.47,0.51,20.86,36.96,54.49
2026-09-02T14:34:00+00:00,19.21,22.88,2644.74,0.0,83.15,39.47,49.49
2026-09-02T14:35:00+00:00,13.12,20.95,2755.14,0.0,19.69,37.67,58.45
2026-09-02T14:36:00+00:00,11.66,11.63,2992.88,0.0,21.01,36.46,60.13
2026-09-02T14:37:00+00:00,13.04,13.64,2872.83,0.0,20.77,38.82,51.06
2026-09-02T14:38:00+00:00,14.67,16.9,2664.84,0.0,20.82,38.24,54.69
2026-09-02T14:39:00+00:00,11.18,16.46,2707.6,0.0,20.51,37.34,55.29
2026-09-02T14:40:00+00:00,18.37,21.11,2673.26,0.0,20.4,37.35,55.91
2026-09-02T14:41:00+00:00,16.31,22.94,2636.79,0.0,71.54,37.44,58.45
2026-09-02T14:42:00+00:00,15.44,21.06,2660.8,0.0,64.94,38.71,50.56
2026-09-02T14:43:00+00:00,13.15,15.71,2520.28,0.43,20.97,37.94,48.16
2026-09-02T14:44:00+00:00,18.0,19.05,2457.32,0.0,81.55,38.52,53.77
2026-09-02T14:45:00+00:00,11.98,12.21,2564.65,0.0,19.91,37.36,48.17
2026-09-02T14:46:00+00:00,17.89,18.59,2554.92,0.0,19.79,36.89,56.04
2026-09-02T14:47:00+00:00,12.19,13.45,2906.41,0.01,19.72,38.07,49.62
2026-09-02T14:48:00+00:00,13.05,15.54,2633.97,0.0,77.25,36.89,53.53
2026-09-02T14:49:00+00:00,16.24,17.33,2695.34,0.0,20.74,38.81,47.36
2026-09-02T14:50:00+00:00,13.1,17.78,2431.42,0.0,20.97,38.89,52.34
2026-09-02T14:51:00+00:00,13.75,16.84,2901.23,0.0,75.2,37.8,58.34
2026-09-02T14:52:00+00:00,13.87,17.83,2834.03,0.0,19.99,39.99,52.1
2026-09-02T14:53:00+00:00,19.35,18.78,2869.87,1.33,68.43,36.91,54.53
2026-09-02T14:54:00+00:00,13.58,16.81,2606.36,0.0,20.09,38.03,48.59
2026-09-02T14:55:00+00:00,16.45,22.3,3035.89,0.0,20.52,38.75,45.49
2026-09-02T14:56:00+00:00,16.29,18.77,2551.88,0.0,68.35,39.64,53.37
2026-09-02T14:57:00+00:00,15.42,16.87,2562.02,0.0,19.79,38.17,51.65
2026-09-02T14:58:00+00:00,15.93,16.62,2420.75,0.0,53.2,37.58,52.43
2026-09-02T14:59:00+00:00,17.14,19.29,2798.6,0.0,53.69,36.13,56.3
2026-09-02T15:00:00+00:00,16.85,17.02,2368.77,0.0,61.06,37.91,52.81
2026-09-02T15:01:00+00:00,14.42,16.86,2725.41,0.76,21.1,38.05,53.01
2026-09-02T15:02:00+00:00,14.59,18.31,2869.66,0.0,72.53,38.14,53.85
2026-09-02T15:03:00+00:00,13.77,11.71,2572.9,0.88,19.98,38.94,49.76
2026-09-02T15:04:00+00:00,13.69,13.76,2777.01,0.0,77.41,39.01,46.46
2026-09-02T15:05:00+00:00,15.52,13.12,2773.16,0.0,69.9,36.91,55.74
2026-09-02T15:06:00+00:00,13.74,13.48,2729.83,0.0,20.14,37.87,56.06
2026-09-02T15:07:00+00:00,12.24,13.34,2520.24,0.0,62.94,38.92,49.87
2026-09-02T15:08:00+00:00,15.59,19.1,2623.01,0.0,68.9,37.19,56.02
2026-09-02T15:09:00+00:00,14.25,12.4,3084.56,0.0,20.29,37.4,55.01
2026-09-02T15:10:00+00:00,19.25,23.98,2767.3,0.0,20.19,38.33,52.34
2026-09-02T15:11:00+00:00,16.69,20.2,2487.28,0.0,76.1,38.58,52.15
2026-09-02T15:12:00+00:00,16.22,22.0,2847.63,0.29,72.29,39.3,44.33
2026-09-02T15:13:00+00:00,12.79,16.96,2573.77,0.97,20.79,37.25,52.13
2026-09-02T15:14:00+00:00,16.32,22.12,2569.3,0.0,20.5,37.19,51.83
2026-09-02T15:15:00+00:00,15.92,24.6,2493.69,0.63,20.47,37.76,54.82
2026-09-02T15:16:00+00:00,8.25,12.27,2652.3,0.0,69.68,38.03,53.58
2026-09-02T15:17:00+00:00,18.24,18.89,2646.35,0.08,20.01,37.57,59.61
2026-09-02T15:18:00+00:00,13.85,18.17,2466.85,0.0,20.94,38.25,56.71
2026-09-02T15:19:00+00:00,13.14,15.97,2629.49,0.06,20.37,35.97,54.08
2026-09-02T15:20:00+00:00,14.6,19.29,2804.79,0.0,20.6,38.41,49.98
2026-09-02T15:21:00+00:00,12.07,16.44,2805.72,0.0,65.1,38.08,57.82
2026-09-02T15:22:00+00:00,14.83,25.21,2989.53,0.24,69.51,38.43,47.42
2026-09-02T15:23:00+00:00,15.76,16.61,2506.3,0.0,20.04,37.94,48.98
2026-09-02T15:24:00+00:00,13.28,13.96,2790.73,0.0,55.42,36.96,60.98
2026-09-02T15:25:00+00:00,15.92,16.86,2726.93,0.69,72.63,37.42,53.67
2026-09-02T15:26:00+00:00,14.02,16.81,2642.44,0.38,20.96,37.3,52.04
2026-09-02T15:27:00+00:00,16.9,21.77,2614.28,0.0,20.92,37.41,52.46
2026-09-02T15:28:00+00:00,18.98,24.06,2453.4,0.36,53.65,37.52,56.9
2026-09-02T15:29:00+00:00,20.94,22.61,2639.66,0.0,21.06,37.05,55.16
2026-09-02T15:30:00+00:00,15.79,13.02,2859.6,0.35,63.29,37.16,57.04
2026-09-02T15:31:00+00:00,15.2,16.83,2856.61,0.0,55.57,37.4,58.73
2026-09-02T15:32:00+00:00,16.76,23.31,2648.56,0.0,20.37,36.95,57.0
2026-09-02T15:33:00+00:00,14.45,12.52,2724.9,0.08,20.95,36.01,58.69
2026-09-02T15:34:00+00:00,15.55,18.14,2542.94,0.0,64.67,37.41,58.54
2026-09-02T15:35:00+00:00,12.66,13.89,2695.1,0.18,20.97,38.14,54.88
2026-09-02T15:36:00+00:00,18.0,21.87,2549.71,0.0,20.71,38.32,56.02
2026-09-02T15:37:00+00:00,18.86,23.45,2925.88,0.52,20.17,37.38,56.31
2026-09-02T15:38:00+00:00,12.18,14.74,2613.61,0.0,20.32,37.72,52.48
2026-09-02T15:39:00+00:00,19.59,27.25,2604.53,0.0,20.32,38.64,56.94
2026-09-02T15:40:00+00:00,10.46,12.4,2776.8,0.46,69.84,35.82,57.49
2026-09-02T15:41:00+00:00,15.21,19.08,2628.86,0.0,21.0,36.59,54.03
2026-09-02T15:42:00+00:00,15.8,15.34,2617.52,0.0,59.51,37.85,54.73
2026-09-02T15:43:00+00:00,16.75,22.33,2661.82,0.0,21.09,38.04,51.27
2026-09-02T15:44:00+00:00,11.54,8.61,2859.15,0.0,65.79,37.53,55.72
2026-09-02T15:45:00+00:00,14.73,14.05,2641.2,0.0,49.23,37.03,57.7
2026-09-02T15:46:00+00:00,12.05,13.96,2721.1,0.2,20.86,36.59,51.26
2026-09-02T15:47:00+00:00,20.13,22.06,2530.12,0.0,50.81,36.72,62.88
2026-09-02T15:48:00+00:00,14.73,16.48,2726.06,0.49,46.99,38.22,56.09
2026-09-02T15:49:00+00:00,12.68,12.65,2750.67,0.0,20.93,37.28,59.65
2026-09-02T15:50:00+00:00,15.24,18.88,2790.73,0.0,19.75,37.2,53.46
2026-09-02T15:51:00+00:00,13.95,14.53,2731.76,0.0,19.68,37.04,54.54
2026-09-02T15:52:00+00:00,13.23,16.53,2953.27,0.95,21.11,38.13,52.33
2026-09-02T15:53:00+00:00,20.61,25.46,2962.2,0.0,19.86,36.19,53.89
2026-09-02T15:54:00+00:00,12.1,9.66,2692.46,0.3,19.8,36.38,55.7
2026-09-02T15:55:00+00:00,9.45,16.59,2701.0,0.0,49.53,37.91,55.13
2026-09-02T15:56:00+00:00,17.4,14.74,2710.19,0.0,52.58,38.34,58.25
2026-09-02T15:57:00+00:00,12.77,14.29,2612.94,0.0,46.55,39.03,49.44
2026-09-02T15:58:00+00:00,14.16,11.68,2813.46,0.0,20.57,37.35,54.74
2026-09-02T15:59:00+00:00,19.15,20.42,2858.8,0.0,20.89,37.26,51.93
2026-09-02T16:00:00+00:00,10.24,16.52,2691.04,0.0,20.15,38.88,59.22
2026-09-02T16:01:00+00:00,13.31,13.06,2619.56,0.0,20.95,37.57,55.9
2026-09-02T16:02:00+00:00,18.6,21.45,2690.59,0.0,20.47,35.94,61.49
2026-09-02T16:03:00+00:00,15.05,20.93,2702.1,0.13,21.02,36.79,56.29
2026-09-02T16:04:00+00:00,15.63,18.74,2793.35,0.0,43.86,37.59,48.72
2026-09-02T16:05:00+00:00,16.68,20.89,2585.54,0.0,21.05,37.67,53.69
2026-09-02T16:06:00+00:00,16.85,27.0,2725.76,0.26,20.53,37.41,50.91
2026-09-02T16:07:00+00:00,15.89,19.76,3163.76,0.0,44.42,37.5,58.74
2026-09-02T16:08:00+00:00,15.23,16.06,2498.95,0.0,20.29,36.71,58.52
2026-09-02T16:09:00+00:00,11.3,15.25,2862.72,0.0,59.17,38.15,54.79
2026-09-02T16:10:00+00:00,15.6,17.93,2664.98,0.41,19.68,36.53,57.01
2026-09-02T16:11:00+00:00,19.57,20.62,2726.05,0.0,58.48,36.93,53.72
2026-09-02T16:12:00+00:00,16.95,20.06,2688.84,0.0,19.93,35.62,59.75
2026-09-02T16:13:00+00:00,18.37,23.74,2589.56,0.0,19.88,36.94,56.43
2026-09-02T16:14:00+00:00,15.15,15.8,2857.65,0.46,19.9,35.44,56.37
2026-09-02T16:15:00+00:00,16.13,18.96,2935.49,0.0,53.02,36.39,59.76
2026-09-02T16:16:00+00:00,14.43,18.15,2858.9,0.0,41.98,36.84,56.44
2026-09-02T16:17:00+00:00,14.22,15.94,2791.06,0.0,20.82,35.93,58.27
2026-09-02T16:18:00+00:00,15.8,14.43,2847.51,0.54,20.16,37.15,49.39
2026-09-02T16:19:00+00:00,18.13,20.38,2635.39,0.0,48.96,35.39,58.45
2026-09-02T16:20:00+00:00,14.22,15.93,2991.95,0.0,20.45,36.36,57.79
2026-09-02T16:21:00+00:00,18.0,21.53,2920.85,0.0,20.57,37.56,53.25
2026-09-02T16:22:00+00:00,19.17,19.64,2846.75,0.27,56.6,37.22,54.18
2026-09-02T16:23:00+00:00,18.58,24.87,2841.01,0.0,50.44,35.28,62.21
2026-09-02T16:24:00+00:00,19.86,20.05,2774.1,0.0,20.76,35.62,57.36
2026-09-02T16:25:00+00:00,16.31,18.42,2615.28,0.77,20.8,37.64,56.27
2026-09-02T16:26:00+00:00,17.65,22.43,2903.83,0.0,19.86,37.39,53.22
2026-09-02T16:27:00+00:00,14.61,14.24,2625.6,0.0,45.11,36.98,57.58
2026-09-02T16:28:00+00:00,14.31,13.3,2803.54,0.0,57.01,36.59,55.53
2026-09-02T16:29:00+00:00,13.9,16.03,2770.03,0.0,20.15,36.3,57.8
2026-09-02T16:30:00+00:00,15.74,16.08,2970.72,0.0,50.68,36.4,58.95
2026-09-02T16:31:00+00:00,17.03,18.09,2751.34,0.0,42.14,37.17,52.29
2026-09-02T16:32:00+00:00,16.41,19.63,2556.07,0.0,55.29,37.1,53.6
2026-09-02T16:33:00+00:00,9.33,11.14,2956.78,0.0,20.22,36.49,60.69
2026-09-02T16:34:00+00:00,11.15,10.2,2684.75,0.0,19.82,38.51,51.22
2026-09-02T16:35:00+00:00,18.82,20.76,2757.08,0.66,52.41,38.3,51.82
2026-09-02T16:36:00+00:00,16.84,24.87,2784.83,0.0,40.66,35.6,62.63
2026-09-02T16:37:00+00:00,10.79,15.48,3078.15,0.58,43.32,36.19,59.52
2026-09-02T16:38:00+00:00,13.88,18.59,2811.15,0.0,44.27,37.88,50.3
2026-09-02T16:39:00+00:00,21.02,23.16,3115.16,0.0,20.17,38.73,52.95
2026-09-02T16:40:00+00:00,12.78,17.64,2953.7,0.0,19.65,36.44,54.97
2026-09-02T16:41:00+00:00,15.01,10.97,3008.78,0.0,21.07,37.44,53.23
2026-09-02T16:42:00+00:00,13.26,13.04,2635.26,0.0,48.81,36.82,53.33
2026-09-02T16:43:00+00:00,20.08,22.71,2913.27,0.0,20.41,36.32,59.22
2026-09-02T16:44:00+00:00,12.4,12.25,2706.18,0.0,20.49,36.53,52.13
2026-09-02T16:45:00+00:00,18.73,23.25,2819.09,0.0,20.91,37.11,55.18
2026-09-02T16:46:00+00:00,11.95,14.03,2795.32,0.0,20.45,37.96,54.8
2026-09-02T16:47:00+00:00,12.47,15.85,2906.48,0.0,19.74,34.97,62.41
2026-09-02T16:48:00+00:00,16.38,18.39,2908.64,0.91,20.94,37.22,58.93
2026-09-02T16:49:00+00:00,13.27,12.43,2818.9,0.0,20.4,36.31,54.14
2026-09-02T16:50:00+00:00,16.04,17.84,2912.64,0.0,45.33,35.88,57.74
2026-09-02T16:51:00+00:00,14.2,17.34,2780.79,0.0,20.59,37.49,54.66
2026-09-02T16:52:00+00:00,16.51,15.07,3069.02,0.95,20.08,37.17,54.8
2026-09-02T16:53:00+00:00,12.89,11.48,2834.01,0.58,20.77,37.05,60.75
2026-09-02T16:54:00+00:00,14.61,17.47,2702.71,0.04,19.78,38.06,58.0
2026-09-02T16:55:00+00:00,15.5,16.61,2808.6,0.0,38.78,36.13,61.22
2026-09-02T16:56:00+00:00,16.81,24.3,2924.27,0.0,20.29,36.32,56.57
2026-09-02T16:57:00+00:00,16.81,20.59,2971.11,0.6,20.33,36.86,54.98
2026-09-02T16:58:00+00:00,16.84,18.18,2824.02,0.0,20.65,37.3,52.1
2026-09-02T16:59:00+00:00,14.2,18.89,2796.39,0.0,39.54,37.48,56.14
2026-09-02T17:00:00+00:00,15.15,18.94,2889.9,0.0,20.58,37.48,52.77
2026-09-02T17:01:00+00:00,15.46,22.07,2861.16,0.0,47.44,37.61,50.77
2026-09-02T17:02:00+00:00,10.95,15.66,2764.32,0.0,19.91,36.51,57.95
2026-09-02T17:03:00+00:00,16.34,26.13,2887.26,0.0,20.54,37.59,52.04
2026-09-02T17:04:00+00:00,10.99,12.39,2887.57,0.0,38.28,34.94,62.11
2026-09-02T17:05:00+00:00,18.39,23.37,2624.62,0.0,21.02,36.14,62.8
2026-09-02T17:06:00+00:00,13.96,17.81,2540.98,0.51,37.49,34.91,55.75
2026-09-02T17:07:00+00:00,16.98,18.27,2852.98,0.61,45.8,37.47,55.9
2026-09-02T17:08:00+00:00,11.02,13.07,2966.24,0.0,45.33,37.09,49.94
2026-09-02T17:09:00+00:00,19.43,22.72,2692.11,0.17,20.91,37.26,48.39
2026-09-02T17:10:00+00:00,18.6,22.7,2623.26,0.66,20.88,37.04,55.02
2026-09-02T17:11:00+00:00,8.62,7.86,2764.45,0.95,20.79,37.2,59.29
2026-09-02T17:12:00+00:00,19.45,21.87,3054.21,0.0,38.62,35.13,60.07
2026-09-02T17:13:00+00:00,18.26,17.55,2855.09,0.0,19.95,36.73,58.94
2026-09-02T17:14:00+00:00,16.28,15.46,3130.99,0.95,21.12,36.92,55.0
2026-09-02T17:15:00+00:00,15.98,18.86,2904.71,0.0,20.24,38.67,53.44
2026-09-02T17:16:00+00:00,15.96,17.46,3057.09,0.41,20.02,36.38,59.31
2026-09-02T17:17:00+00:00,16.15,19.52,2647.77,0.0,35.41,35.45,59.22
2026-09-02T17:18:00+00:00,13.65,14.41,2858.26,0.0,19.89,35.34,53.23
2026-09-02T17:19:00+00:00,13.44,17.04,3012.78,0.05,20.99,35.62,60.82
2026-09-02T17:20:00+00:00,17.68,21.56,2829.17,0.0,20.95,36.18,58.44
2026-09-02T17:21:00+00:00,14.42,12.84,2748.82,0.53,38.95,37.4,58.18
2026-09-02T17:22:00+00:00,19.01,21.6,2758.84,0.0,35.06,38.05,54.63
2026-09-02T17:23:00+00:00,19.14,24.02,2794.99,0.33,20.94,34.6,59.15
2026-09-02T17:24:00+00:00,15.39,15.87,3148.52,0.11,37.08,37.15,57.22
2026-09-02T17:25:00+00:00,12.78,14.71,2986.47,0.0,21.02,36.07,56.9
2026-09-02T17:26:00+00:00,12.68,17.83,2828.22,0.0,41.05,36.88,51.98
2026-09-02T17:27:00+00:00,12.42,14.69,3176.44,0.0,36.76,35.55,64.28
2026-09-02T17:28:00+00:00,15.08,18.5,2773.36,0.0,20.58,35.48,58.92
2026-09-02T17:29:00+00:00,11.72,12.5,2931.67,0.0,32.42,36.2,58.42
2026-09-02T17:30:00+00:00,13.79,16.19,2803.53,0.0,35.93,34.58,58.59
2026-09-02T17:31:00+00:00,20.94,20.35,3179.02,0.0,33.31,35.03,52.76
2026-09-02T17:32:00+00:00,17.99,19.49,3055.51,0.0,19.94,36.41,63.02
2026-09-02T17:33:00+00:00,12.24,13.73,2915.65,0.0,20.0,35.95,55.81
2026-09-02T17:34:00+00:00,16.41,17.85,2952.61,0.0,19.98,34.26,67.31
2026-09-02T17:35:00+00:00,10.21,8.84,3003.13,0.0,21.05,34.99,57.94
2026-09-02T17:36:00+00:00,15.5,20.25,3041.24,0.0,31.68,36.21,50.29
2026-09-02T17:37:00+00:00,14.35,12.42,3078.26,0.0,20.05,36.42,58.28
2026-09-02T17:38:00+00:00,15.03,14.15,2914.5,0.0,20.18,37.15,56.59
2026-09-02T17:39:00+00:00,14.46,16.71,2973.67,0.0,19.84,36.46,55.31
2026-09-02T17:40:00+00:00,17.77,21.31,3043.41,0.0,20.94,36.51,51.4
2026-09-02T17:41:00+00:00,13.67,19.05,3150.83,0.0,35.68,35.95,51.42
2026-09-02T17:42:00+00:00,15.13,13.87,2901.45,0.13,32.53,35.13,59.24
2026-09-02T17:43:00+00:00,17.6,17.34,2935.18,0.01,20.96,35.03,57.73
2026-09-02T17:44:00+00:00,12.38,14.23,3290.7,0.0,19.82,35.3,64.8
2026-09-02T17:45:00+00:00,18.83,19.54,2990.6,0.0,35.24,35.9,55.04
2026-09-02T17:46:00+00:00,18.97,24.11,3227.0,0.0,21.12,36.29,58.19
2026-09-02T17:47:00+00:00,15.85,16.54,3156.53,0.0,20.06,35.67,59.21
2026-09-02T17:48:00+00:00,13.08,11.01,2862.03,0.92,19.85,36.93,49.28
2026-09-02T17:49:00+00:00,17.05,21.96,2866.25,0.0,21.06,34.68,65.01
2026-09-02T17:50:00+00:00,19.3,26.76,2803.59,0.0,30.13,34.9,60.88
2026-09-02T17:51:00+00:00,12.06,16.04,2978.3,0.0,31.47,35.6,63.49
2026-09-02T17:52:00+00:00,14.69,19.74,3114.35,0.0,20.54,35.37,66.13
2026-09-02T17:53:00+00:00,16.12,19.33,3008.1,0.0,20.84,36.39,49.7
2026-09-02T17:54:00+00:00,15.29,15.29,3017.4,0.0,20.18,36.26,59.34
2026-09-02T17:55:00+00:00,20.08,21.69,3050.45,0.0,30.55,36.73,59.73
2026-09-02T17:56:00+00:00,18.07,17.17,3194.59,0.22,20.41,35.63,60.79
2026-09-02T17:57:00+00:00,11.14,8.75,3115.44,0.0,28.17,35.41,57.81
2026-09-02T17:58:00+00:00,10.17,13.41,2863.86,0.0,20.34,36.01,60.76
2026-09-02T17:59:00+00:00,15.01,19.92,3253.59,0.0,20.54,37.07,53.76
2026-09-02T18:00:00+00:00,16.82,17.46,2962.51,0.28,31.86,34.94,61.04
2026-09-02T18:01:00+00:00,17.72,19.54,3069.27,0.32,20.99,35.38,64.96
2026-09-02T18:02:00+00:00,14.45,15.78,3022.12,0.0,21.02,36.1,55.62
2026-09-02T18:03:00+00:00,14.54,17.74,3033.8,0.0,30.9,35.14,59.48
2026-09-02T18:04:00+00:00,14.74,17.9,3242.65,1.38,27.89,36.08,55.48
2026-09-02T18:05:00+00:00,10.81,10.32,3008.3,0.82,21.03,34.65,61.22
2026-09-02T18:06:00+00:00,18.03,17.76,3143.21,0.0,30.8,36.37,55.58
2026-09-02T18:07:00+00:00,10.23,12.18,3053.97,0.49,21.08,34.25,62.15
2026-09-02T18:08:00+00:00,17.26,14.44,3068.89,0.0,20.66,36.48,56.33
2026-09-02T18:09:00+00:00,13.56,16.07,2747.01,0.0,26.98,36.36,53.02
2026-09-02T18:10:00+00:00,19.34,20.3,2860.3,0.85,20.72,34.83,65.63
2026-09-02T18:11:00+00:00,16.57,18.59,3096.51,0.26,26.9,36.34,57.24
2026-09-02T18:12:00+00:00,16.6,17.48,3224.7,0.0,19.72,35.42,55.54
2026-09-02T18:13:00+00:00,14.73,18.95,3018.98,0.0,28.78,37.13,57.18
2026-09-02T18:14:00+00:00,16.18,14.98,2921.82,0.0,20.18,35.35,59.43
2026-09-02T18:15:00+00:00,12.06,11.67,3054.18,0.0,25.96,35.97,55.3
2026-09-02T18:16:00+00:00,17.79,20.96,2992.51,0.21,25.94,35.19,58.83
2026-09-02T18:17:00+00:00,13.4,14.89,3162.14,0.0,27.94,35.18,54.55
2026-09-02T18:18:00+00:00,19.18,24.3,3142.76,0.0,25.5,35.24,55.64
2026-09-02T18:19:00+00:00,16.57,23.05,2966.03,0.0,20.58,36.1,54.58
2026-09-02T18:20:00+00:00,15.18,15.94,3237.63,0.0,25.73,36.13,55.32
2026-09-02T18:21:00+00:00,14.17,17.39,3341.23,0.0,20.78,35.53,58.27
2026-09-02T18:22:00+00:00,13.58,16.27,2975.99,0.0,19.77,35.27,60.33
2026-09-02T18:23:00+00:00,12.53,14.78,3141.12,0.0,20.63,35.76,58.96
2026-09-02T18:24:00+00:00,14.52,19.82,3103.78,0.0,21.11,36.14,53.37
2026-09-02T18:25:00+00:00,13.47,10.86,2955.66,0.0,27.12,36.14,55.59
2026-09-02T18:26:00+00:00,19.65,18.25,3074.49,0.0,25.08,35.69,59.21
2026-09-02T18:27:00+00:00,12.18,11.36,3363.61,0.0,20.45,34.36,59.49
2026-09-02T18:28:00+00:00,14.62,14.22,3063.78,0.9,20.9,35.57,63.8
2026-09-02T18:29:00+00:00,15.02,17.24,3113.34,0.0,26.42,33.24,64.69
2026-09-02T18:30:00+00:00,12.95,18.02,3170.21,0.0,24.46,34.99,61.91
2026-09-02T18:31:00+00:00,11.98,17.39,3238.53,0.0,25.56,33.63,64.16
2026-09-02T18:32:00+00:00,12.79,10.59,3299.17,0.78,20.97,35.01,55.22
2026-09-02T18:33:00+00:00,17.74,20.41,3190.38,0.0,25.1,35.11,60.97
2026-09-02T18:34:00+00:00,10.38,13.21,3174.64,0.35,23.46,34.67,60.28
2026-09-02T18:35:00+00:00,17.92,23.71,3284.21,0.0,20.58,35.05,58.38
2026-09-02T18:36:00+00:00,15.87,17.88,3149.12,0.56,19.7,33.85,66.08
2026-09-02T18:37:00+00:00,13.07,14.34,3280.62,1.23,24.77,34.48,61.76
2026-09-02T18:38:00+00:00,14.2,14.9,3113.32,0.0,20.13,34.77,56.38
2026-09-02T18:39:00+00:00,19.94,21.82,3216.8,0.0,23.33,34.56,64.49
2026-09-02T18:40:00+00:00,13.96,14.78,3030.24,0.0,24.49,35.61,62.75
2026-09-02T18:41:00+00:00,13.32,11.35,2749.87,0.0,20.07,35.99,55.69
2026-09-02T18:42:00+00:00,15.95,17.29,3153.8,1.11,19.96,34.71,64.2
2026-09-02T18:43:00+00:00,14.09,17.88,3140.79,1.09,23.44,34.75,63.19
2026-09-02T18:44:00+00:00,16.58,19.89,3238.86,0.0,24.45,36.44,63.95
2026-09-02T18:45:00+00:00,20.02,22.62,2996.45,0.0,23.78,35.86,56.54
2026-09-02T18:46:00+00:00,14.79,17.74,3252.01,0.22,19.85,36.75,61.8
2026-09-02T18:47:00+00:00,13.91,9.43,3107.72,0.0,20.55,34.55,62.76
2026-09-02T18:48:00+00:00,15.46,18.91,3141.77,0.0,19.76,34.6,62.37
2026-09-02T18:49:00+00:00,16.38,18.04,3318.57,0.0,22.57,34.24,68.92
2026-09-02T18:50:00+00:00,18.23,24.08,3231.78,0.0,20.53,36.99,55.18
2026-09-02T18:51:00+00:00,14.3,15.43,3308.58,1.9,19.86,36.49,54.75
2026-09-02T18:52:00+00:00,15.54,22.08,3047.77,0.32,21.8,35.51,56.66
2026-09-02T18:53:00+00:00,11.47,9.81,2922.72,0.0,19.75,34.96,61.98
2026-09-02T18:54:00+00:00,17.13,23.71,3488.59,0.0,22.48,34.61,63.12
2026-09-02T18:55:00+00:00,12.82,15.9,3169.08,0.0,21.89,34.92,54.27
2026-09-02T18:56:00+00:00,14.03,18.57,2978.28,0.0,21.77,35.0,60.02
2026-09-02T18:57:00+00:00,11.85,14.68,3169.6,0.0,20.92,35.34,59.33
2026-09-02T18:58:00+00:00,11.9,22.11,3144.14,0.0,20.3,34.89,64.34
2026-09-02T18:59:00+00:00,11.1,19.15,3346.29,0.49,21.43,35.39,58.17
2026-09-02T19:00:00+00:00,17.3,18.97,3243.22,0.6,21.06,34.44,59.63
2026-09-02T19:01:00+00:00,16.36,20.89,3215.78,0.0,21.23,36.4,60.49
2026-09-02T19:02:00+00:00,15.25,15.15,3453.83,1.17,20.07,34.76,60.01
2026-09-02T19:03:00+00:00,20.9,22.6,3122.78,0.03,20.58,35.13,58.75
2026-09-02T19:04:00+00:00,12.37,12.31,2897.39,0.25,20.5,35.74,59.37
2026-09-02T19:05:00+00:00,18.44,19.6,3122.88,0.0,20.89,34.23,56.61
2026-09-02T19:06:00+00:00,10.83,11.95,3187.53,0.0,20.32,34.25,66.63
2026-09-02T19:07:00+00:00,14.09,14.38,3132.45,1.0,20.27,34.87,58.18
2026-09-02T19:08:00+00:00,12.56,13.16,3346.66,0.0,20.42,34.2,61.25
2026-09-02T19:09:00+00:00,17.11,19.37,3439.87,1.04,20.11,34.26,61.27
2026-09-02T19:10:00+00:00,13.12,15.51,3109.08,0.0,20.0,34.82,60.5
2026-09-02T19:11:00+00:00,14.86,14.01,3189.72,0.0,20.53,34.39,58.33
2026-09-02T19:12:00+00:00,13.02,10.18,3253.15,0.0,19.86,35.93,63.3
2026-09-02T19:13:00+00:00,15.99,18.98,3114.08,0.0,20.52,35.71,52.7
2026-09-02T19:14:00+00:00,16.72,14.38,3039.37,0.0,19.68,34.03,64.28
2026-09-02T19:15:00+00:00,12.33,13.61,3318.0,0.0,20.41,33.7,56.03
2026-09-02T19:16:00+00:00,15.54,15.23,3115.58,0.04,20.03,34.6,56.82
2026-09-02T19:17:00+00:00,15.11,14.17,3450.25,0.0,19.63,34.61,63.6
2026-09-02T19:18:00+00:00,13.36,14.14,3048.12,0.0,19.68,33.49,68.48
2026-09-02T19:19:00+00:00,14.5,16.78,3375.62,0.0,20.66,35.22,65.06
2026-09-02T19:20:00+00:00,17.55,22.39,3262.44,0.0,19.64,36.4,51.85
2026-09-02T19:21:00+00:00,15.76,21.03,3148.09,0.67,19.63,34.06,61.67
2026-09-02T19:22:00+00:00,11.64,16.13,3442.93,0.0,19.63,34.33,62.67
2026-09-02T19:23:00+00:00,13.84,14.98,3292.85,0.0,19.63,34.13,65.94
2026-09-02T19:24:00+00:00,17.82,17.23,3348.67,0.0,19.75,34.91,64.89
2026-09-02T19:25:00+00:00,13.69,18.18,3414.07,1.49,20.99,33.73,61.88
2026-09-02T19:26:00+00:00,11.33,17.12,3232.3,0.0,19.63,34.33,63.97
2026-09-02T19:27:00+00:00,15.42,22.04,3137.06,0.14,19.63,36.74,57.89
2026-09-02T19:28:00+00:00,14.43,15.73,3558.86,0.0,19.63,35.8,58.97
2026-09-02T19:29:00+00:00,14.23,18.32,3397.16,0.0,20.72,35.99,57.04
2026-09-02T19:30:00+00:00,12.66,13.72,3082.01,0.8,19.63,35.62,59.78
2026-09-02T19:31:00+00:00,17.09,17.59,3279.91,0.0,19.88,35.3,59.41
2026-09-02T19:32:00+00:00,14.25,16.51,3132.77,0.0,19.63,35.06,57.83
2026-09-02T19:33:00+00:00,16.15,17.36,3127.18,0.0,20.0,34.38,54.46
2026-09-02T19:34:00+00:00,13.71,18.77,3425.29,0.0,19.99,34.27,65.12
2026-09-02T19:35:00+00:00,16.19,17.86,3202.67,0.25,20.36,33.24,64.52
2026-09-02T19:36:00+00:00,17.63,22.61,3181.51,0.0,20.71,33.61,69.2
2026-09-02T19:37:00+00:00,13.47,12.84,3461.39,0.0,19.63,35.22,57.65
2026-09-02T19:38:00+00:00,12.76,16.24,3360.34,0.0,19.86,34.62,62.04
2026-09-02T19:39:00+00:00,16.03,16.01,3386.36,0.0,20.79,35.41,61.61
2026-09-02T19:40:00+00:00,11.37,9.38,3370.1,0.72,19.78,34.8,60.39
2026-09-02T19:41:00+00:00,16.46,20.61,3176.08,0.0,20.04,34.61,65.38
2026-09-02T19:42:00+00:00,15.34,20.13,3245.25,0.0,20.61,34.15,62.89
2026-09-02T19:43:00+00:00,15.09,19.98,3229.54,0.73,20.35,34.34,62.63
2026-09-02T19:44:00+00:00,15.15,18.03,3524.77,0.0,19.78,33.88,63.36
2026-09-02T19:45:00+00:00,14.82,22.84,3274.13,0.0,19.63,34.31,60.44
2026-09-02T19:46:00+00:00,10.16,10.78,3222.39,0.0,20.31,35.92,60.05
2026-09-02T19:47:00+00:00,16.32,19.49,3419.91,0.0,20.66,33.14,67.93
2026-09-02T19:48:00+00:00,13.07,15.21,3404.2,0.0,20.53,34.18,62.42
2026-09-02T19:49:00+00:00,12.72,12.58,3184.3,0.0,20.31,34.11,64.05
2026-09-02T19:50:00+00:00,18.4,18.83,3061.88,0.0,19.63,35.85,63.81
2026-09-02T19:51:00+00:00,23.99,28.38,3357.0,0.0,19.63,35.1,56.05
2026-09-02T19:52:00+00:00,18.08,22.12,3377.84,0.0,20.42,36.26,57.7
2026-09-02T19:53:00+00:00,12.59,16.39,3570.95,0.0,20.78,34.48,60.29
2026-09-02T19:54:00+00:00,17.79,19.15,3379.33,0.0,20.22,35.93,62.03
2026-09-02T19:55:00+00:00,15.5,18.74,3382.77,0.0,19.63,34.02,66.11
2026-09-02T19:56:00+00:00,18.98,23.56,3186.48,0.0,19.63,33.86,63.7
2026-09-02T19:57:00+00:00,16.52,17.5,3367.45,0.0,20.74,33.62,59.93
2026-09-02T19:58:00+00:00,15.69,17.96,3264.91,0.0,19.63,33.23,62.35
2026-09-02T19:59:00+00:00,17.67,18.91,3424.39,0.0,19.63,34.89,54.88
2026-09-02T20:00:00+00:00,14.58,16.81,3328.67,0.0,20.24,33.21,63.48
2026-09-02T20:01:00+00:00,15.38,15.06,3334.94,1.0,20.59,34.72,62.48
2026-09-02T20:02:00+00:00,11.91,15.09,3522.64,0.0,20.33,34.96,60.94
2026-09-02T20:03:00+00:00,15.57,17.55,3442.48,0.0,21.02,34.45,64.56
2026-09-02T20:04:00+00:00,14.46,13.76,3341.56,0.0,19.63,33.81,65.1
2026-09-02T20:05:00+00:00,16.76,20.43,3314.38,0.19,19.63,33.71,64.29
2026-09-02T20:06:00+00:00,15.04,19.26,3564.29,0.0,19.63,34.96,65.27
2026-09-02T20:07:00+00:00,14.62,14.02,3309.02,0.0,19.63,33.57,61.67
2026-09-02T20:08:00+00:00,14.83,16.64,3202.47,0.0,20.27,33.93,67.17
2026-09-02T20:09:00+00:00,14.09,19.9,3310.69,0.0,19.91,35.24,63.69
2026-09-02T20:10:00+00:00,17.63,21.69,3310.35,0.0,19.63,34.74,60.27
2026-09-02T20:11:00+00:00,15.26,22.87,3597.84,0.0,19.63,34.72,64.19
2026-09-02T20:12:00+00:00,16.99,19.5,3284.24,0.0,19.9,33.95,60.72
2026-09-02T20:13:00+00:00,9.75,13.15,3275.82,0.0,20.57,35.12,60.66
2026-09-02T20:14:00+00:00,14.09,16.59,3384.48,0.0,20.05,34.44,54.92
2026-09-02T20:15:00+00:00,12.24,14.44,3572.18,0.0,19.65,34.83,61.88
2026-09-02T20:16:00+00:00,16.33,19.73,3200.69,0.0,19.95,34.83,64.06
2026-09-02T20:17:00+00:00,17.57,20.24,3183.73,0.0,19.63,34.48,61.38
2026-09-02T20:18:00+00:00,16.04,14.64,3214.24,0.21,19.63,33.55,70.79
2026-09-02T20:19:00+00:00,13.45,13.53,3415.51,0.0,20.34,33.79,64.52
2026-09-02T20:20:00+00:00,13.87,11.58,3392.73,0.0,19.63,34.49,64.37
2026-09-02T20:21:00+00:00,14.29,17.54,3153.5,0.0,20.6,35.56,60.87
2026-09-02T20:22:00+00:00,14.79,17.32,3313.08,0.0,19.63,32.71,63.73
2026-09-02T20:23:00+00:00,17.56,19.74,3174.8,0.0,19.71,34.7,62.31
2026-09-02T20:24:00+00:00,17.55,15.81,3341.29,0.79,19.63,34.38,63.73
2026-09-02T20:25:00+00:00,15.55,17.54,3487.08,0.0,19.63,33.74,64.97
2026-09-02T20:26:00+00:00,16.68,20.25,3422.31,0.0,19.63,32.84,63.39
2026-09-02T20:27:00+00:00,12.37,13.93,3636.32,0.0,19.63,34.18,58.92
2026-09-02T20:28:00+00:00,15.41,14.13,3578.7,0.0,19.63,35.26,64.78
2026-09-02T20:29:00+00:00,14.86,12.01,3437.74,0.0,21.06,34.19,61.04
2026-09-02T20:30:00+00:00,19.29,18.94,3218.44,0.0,20.15,33.65,60.3
2026-09-02T20:31:00+00:00,18.41,25.8,3358.67,0.0,20.62,33.67,65.1
2026-09-02T20:32:00+00:00,14.32,14.85,3240.63,0.0,19.63,35.39,65.15
2026-09-02T20:33:00+00:00,19.75,23.16,3178.25,0.0,19.63,34.47,64.13
2026-09-02T20:34:00+00:00,14.6,18.54,3097.94,0.0,19.63,33.63,67.15
2026-09-02T20:35:00+00:00,12.44,13.69,3420.19,0.0,20.4,33.37,65.89
2026-09-02T20:36:00+00:00,12.27,11.85,3194.29,0.0,20.83,34.49,62.89
2026-09-02T20:37:00+00:00,14.64,14.72,3358.36,0.01,20.04,33.59,64.07
2026-09-02T20:38:00+00:00,14.67,23.56,3328.97,0.0,20.61,34.64,60.52
2026-09-02T20:39:00+00:00,17.53,22.52,3312.0,0.0,19.63,34.27,63.96
2026-09-02T20:40:00+00:00,15.1,19.57,3314.86,0.47,19.63,33.26,63.81
2026-09-02T20:41:00+00:00,18.23,21.47,3390.51,0.0,19.63,33.36,62.71
2026-09-02T20:42:00+00:00,17.07,21.64,3070.2,0.0,20.35,33.13,65.41
2026-09-02T20:43:00+00:00,16.32,20.29,3468.11,0.0,20.73,32.93,63.3
2026-09-02T20:44:00+00:00,16.15,17.49,3040.06,0.0,19.63,34.45,61.92
2026-09-02T20:45:00+00:00,21.52,28.72,3295.89,0.0,20.27,35.98,58.43
2026-09-02T20:46:00+00:00,13.42,13.73,3398.09,1.02,21.13,35.62,60.68
2026-09-02T20:47:00+00:00,18.56,17.7,3183.14,0.0,19.63,33.91,60.75
2026-09-02T20:48:00+00:00,13.84,10.84,3204.09,0.0,19.63,32.28,61.77
2026-09-02T20:49:00+00:00,11.35,14.79,3060.91,0.0,19.63,33.8,57.06
2026-09-02T20:50:00+00:00,12.74,13.66,3426.48,0.94,20.24,35.2,61.88
2026-09-02T20:51:00+00:00,17.31,18.85,3500.04,0.89,19.63,32.97,64.46
2026-09-02T20:52:00+00:00,16.37,17.58,3265.22,0.0,20.59,33.67,70.41
2026-09-02T20:53:00+00:00,19.39,23.18,3412.37,0.0,19.63,32.8,66.83
2026-09-02T20:54:00+00:00,14.66,23.52,3411.77,0.0,19.74,32.01,67.4
2026-09-02T20:55:00+00:00,19.42,24.48,3248.35,0.0,20.28,35.62,59.37
2026-09-02T20:56:00+00:00,17.15,19.04,2996.93,1.36,19.63,33.89,63.48
2026-09-02T20:57:00+00:00,18.17,20.64,3256.33,0.12,19.63,33.69,67.35
2026-09-02T20:58:00+00:00,17.15,23.53,3349.9,0.0,19.63,35.14,55.82
2026-09-02T20:59:00+00:00,17.56,17.72,3367.52,0.0,19.63,33.75,60.97
2026-09-02T21:00:00+00:00,13.9,18.34,3022.02,0.0,19.63,32.72,64.81
2026-09-02T21:01:00+00:00,16.24,19.98,3319.86,0.0,20.94,34.15,60.53
2026-09-02T21:02:00+00:00,15.9,18.84,3251.66,0.0,21.09,32.91,62.54
2026-09-02T21:03:00+00:00,21.11,20.01,3224.03,0.0,19.99,33.02,68.03
2026-09-02T21:04:00+00:00,16.29,19.45,3155.12,0.0,19.9,31.88,69.26
2026-09-02T21:05:00+00:00,18.84,22.32,3011.22,0.0,19.63,34.37,57.3
2026-09-02T21:06:00+00:00,17.89,20.51,2780.39,0.59,20.62,33.48,65.79
2026-09-02T21:07:00+00:00,16.35,21.48,3165.68,0.0,19.63,33.52,67.0
2026-09-02T21:08:00+00:00,14.6,14.46,3149.98,1.12,20.29,32.7,69.61
2026-09-02T21:09:00+00:00,15.8,20.91,3310.01,0.45,20.42,33.35,59.98
2026-09-02T21:10:00+00:00,13.72,16.39,3184.5,0.0,19.63,34.27,65.03
2026-09-02T21:11:00+00:00,8.8,7.5,3145.98,0.0,20.16,32.57,70.34
2026-09-02T21:12:00+00:00,14.49,17.29,3091.29,0.0,19.63,34.88,56.06
2026-09-02T21:13:00+00:00,14.14,15.51,3087.45,0.0,20.54,32.76,69.1
2026-09-02T21:14:00+00:00,15.38,14.4,3232.83,1.19,20.97,33.95,66.94
2026-09-02T21:15:00+00:00,15.28,21.32,3292.32,0.0,19.83,33.58,63.69
2026-09-02T21:16:00+00:00,14.82,15.06,3116.12,0.0,20.87,34.05,67.2
2026-09-02T21:17:00+00:00,17.8,17.93,3330.27,0.0,19.63,33.79,68.74
2026-09-02T21:18:00+00:00,19.35,19.68,3269.2,0.0,19.63,32.84,65.36
2026-09-02T21:19:00+00:00,16.05,21.29,3551.84,0.0,19.7,32.64,67.68
2026-09-02T21:20:00+00:00,16.37,17.64,3204.75,0.0,20.36,33.8,62.39
2026-09-02T21:21:00+00:00,18.15,23.03,3101.66,0.0,19.64,33.87,63.41
2026-09-02T21:22:00+00:00,12.76,17.76,3209.27,0.24,19.85,34.1,61.7
2026-09-02T21:23:00+00:00,14.91,17.96,2916.07,0.0,19.63,33.57,69.96
2026-09-02T21:24:00+00:00,11.29,15.64,3395.23,0.57,21.09,33.52,66.85
2026-09-02T21:25:00+00:00,17.83,20.27,3262.88,0.29,20.43,34.23,66.71
2026-09-02T21:26:00+00:00,12.29,11.91,3264.47,0.0,19.63,33.75,64.66
2026-09-02T21:27:00+00:00,14.88,20.79,3306.17,0.0,21.08,33.96,63.82
2026-09-02T21:28:00+00:00,19.37,22.95,3285.03,0.75,19.63,33.47,68.3
2026-09-02T21:29:00+00:00,10.37,12.65,2985.32,0.0,19.81,32.85,65.9
2026-09-02T21:30:00+00:00,12.26,17.8,3238.89,0.0,20.6,32.59,72.57
2026-09-02T21:31:00+00:00,12.09,15.6,3003.58,0.0,19.63,33.91,63.01
2026-09-02T21:32:00+00:00,11.52,12.97,3074.45,0.68,21.01,33.26,65.47
2026-09-02T21:33:00+00:00,12.57,12.72,3224.9,0.0,21.11,34.38,65.32
2026-09-02T21:34:00+00:00,16.63,19.55,3226.8,0.0,19.63,34.13,62.42
2026-09-02T21:35:00+00:00,13.92,16.57,3247.94,0.69,19.63,32.85,65.7
2026-09-02T21:36:00+00:00,14.69,20.17,3124.38,0.0,19.63,33.2,63.11
2026-09-02T21:37:00+00:00,13.16,12.66,3005.05,0.59,20.52,33.05,65.19
2026-09-02T21:38:00+00:00,19.21,22.26,3255.99,0.0,20.72,33.27,64.65
2026-09-02T21:39:00+00:00,14.13,14.64,3446.37,0.0,19.63,33.22,67.05
2026-09-02T21:40:00+00:00,15.03,17.39,3241.78,0.0,20.64,33.05,65.45
2026-09-02T21:41:00+00:00,15.11,19.79,3044.87,0.54,20.35,34.53,63.48
2026-09-02T21:42:00+00:00,19.09,22.58,3154.14,0.04,19.66,31.94,70.75
2026-09-02T21:43:00+00:00,17.74,18.37,3140.68,0.39,19.63,33.41,70.54
2026-09-02T21:44:00+00:00,14.14,11.31,2894.99,0.55,20.81,34.25,64.21
2026-09-02T21:45:00+00:00,13.04,18.6,2992.49,0.0,19.63,33.35,65.54
2026-09-02T21:46:00+00:00,15.52,18.43,3093.49,0.59,19.63,33.95,62.39
2026-09-02T21:47:00+00:00,15.83,19.05,2919.38,0.0,20.75,35.14,57.38
2026-09-02T21:48:00+00:00,10.7,11.68,3175.1,0.0,20.49,33.26,67.01
2026-09-02T21:49:00+00:00,18.52,20.13,3085.62,0.56,19.63,34.46,62.44
2026-09-02T21:50:00+00:00,10.57,11.04,3148.06,0.0,19.63,33.52,60.51
2026-09-02T21:51:00+00:00,10.59,12.73,2875.23,0.0,20.06,33.71,63.12
2026-09-02T21:52:00+00:00,19.41,22.25,2927.22,0.0,20.94,34.04,63.14
2026-09-02T21:53:00+00:00,17.66,16.52,2933.51,0.0,19.81,33.09,69.71
2026-09-02T21:54:00+00:00,20.16,30.32,3121.85,0.0,20.92,33.27,66.4
2026-09-02T21:55:00+00:00,16.52,20.09,2865.45,0.58,20.46,33.25,67.26
2026-09-02T21:56:00+00:00,18.05,23.71,3063.24,0.0,19.63,33.07,71.56
2026-09-02T21:57:00+00:00,13.66,13.75,2829.3,0.02,19.63,32.08,65.08
2026-09-02T21:58:00+00:00,13.37,17.99,2934.55,0.0,20.05,34.77,63.59
2026-09-02T21:59:00+00:00,16.47,17.0,2787.64,0.0,19.63,33.96,58.81
2026-09-02T22:00:00+00:00,13.15,16.17,3023.7,0.0,20.26,32.35,68.86
2026-09-02T22:01:00+00:00,15.0,15.76,2973.58,1.37,19.63,32.38,65.58
2026-09-02T22:02:00+00:00,16.84,19.61,2807.51,0.0,19.63,32.96,68.06
2026-09-02T22:03:00+00:00,14.5,13.51,2910.61,0.0,19.63,32.83,64.1
2026-09-02T22:04:00+00:00,15.46,18.81,2944.4,0.37,19.63,34.08,57.84
2026-09-02T22:05:00+00:00,17.92,15.26,2870.48,0.05,19.63,33.02,56.16
2026-09-02T22:06:00+00:00,15.7,16.88,3030.86,0.25,19.63,33.18,59.99
2026-09-02T22:07:00+00:00,16.86,23.18,3127.7,0.0,19.75,32.31,69.12
2026-09-02T22:08:00+00:00,13.8,13.59,3027.66,0.0,19.63,32.34,64.96
2026-09-02T22:09:00+00:00,9.88,13.51,3104.21,0.0,19.63,31.62,72.61
2026-09-02T22:10:00+00:00,12.88,14.41,3244.23,0.0,19.63,33.07,61.79
2026-09-02T22:11:00+00:00,16.61,13.31,2924.48,0.0,19.63,32.83,64.91
2026-09-02T22:12:00+00:00,14.18,13.71,2951.16,0.18,20.37,35.3,63.2
2026-09-02T22:13:00+00:00,16.38,17.14,2992.12,0.78,19.63,34.04,60.14
2026-09-02T22:14:00+00:00,13.43,18.16,3250.06,0.0,19.63,33.98,63.48
2026-09-02T22:15:00+00:00,16.85,19.59,3198.94,221.3,19.63,32.01,61.43
2026-09-02T22:16:00+00:00,14.2,13.86,3013.05,222.86,20.18,33.34,63.83
2026-09-02T22:17:00+00:00,15.19,16.45,2829.99,225.72,19.8,34.21,57.64
2026-09-02T22:18:00+00:00,15.75,17.21,3138.07,224.67,19.63,34.51,61.07
2026-09-02T22:19:00+00:00,8.45,9.64,3081.3,221.2,19.63,32.19,73.93
2026-09-02T22:20:00+00:00,11.72,11.2,2938.48,212.32,19.63,32.93,63.52
2026-09-02T22:21:00+00:00,20.52,26.94,2758.65,192.64,19.63,30.95,66.91
2026-09-02T22:22:00+00:00,13.74,12.31,3226.98,214.55,19.75,31.42,69.63
2026-09-02T22:23:00+00:00,20.1,19.7,2743.03,198.04,20.91,33.14,64.8
2026-09-02T22:24:00+00:00,22.1,21.25,3150.69,173.21,19.63,34.31,60.27
2026-09-02T22:25:00+00:00,13.73,13.26,2910.43,0.0,19.63,33.83,54.61
2026-09-02T22:26:00+00:00,15.85,20.63,3085.38,0.03,19.63,32.67,69.47
2026-09-02T22:27:00+00:00,14.23,18.23,2888.98,0.0,19.63,32.8,67.62
2026-09-02T22:28:00+00:00,16.08,14.58,2873.99,0.0,19.67,31.84,67.6
2026-09-02T22:29:00+00:00,15.41,22.89,2534.16,1.85,19.63,32.54,64.59
2026-09-02T22:30:00+00:00,8.63,10.43,2715.78,0.0,20.39,33.06,70.64
2026-09-02T22:31:00+00:00,17.88,19.28,2928.5,0.48,20.89,34.13,63.55
2026-09-02T22:32:00+00:00,18.64,27.5,3024.29,0.0,20.96,33.46,59.23
2026-09-02T22:33:00+00:00,19.21,14.85,2999.25,0.66,19.63,35.21,60.87
2026-09-02T22:34:00+00:00,17.15,21.24,2777.92,0.0,20.74,32.97,70.13
2026-09-02T22:35:00+00:00,14.37,19.23,2923.87,0.0,19.76,32.15,73.16
2026-09-02T22:36:00+00:00,15.18,19.6,2923.45,0.0,20.45,30.73,73.96
2026-09-02T22:37:00+00:00,17.81,22.19,2810.42,0.0,20.35,32.81,63.05
2026-09-02T22:38:00+00:00,22.32,21.24,2988.05,0.0,20.64,31.83,69.44
2026-09-02T22:39:00+00:00,14.29,14.28,2870.97,0.0,19.63,33.07,60.89
2026-09-02T22:40:00+00:00,14.32,18.57,2940.89,0.0,20.46,33.25,66.06
2026-09-02T22:41:00+00:00,17.42,24.55,2990.66,0.0,21.03,33.98,60.14
2026-09-02T22:42:00+00:00,15.26,17.34,2943.98,0.0,19.63,32.91,62.86
2026-09-02T22:43:00+00:00,16.74,20.07,2949.66,0.0,19.72,32.58,62.83
2026-09-02T22:44:00+00:00,15.75,15.15,2575.89,0.49,19.63,33.39,61.21
2026-09-02T22:45:00+00:00,11.99,9.91,3022.03,0.0,20.6,33.54,65.47
2026-09-02T22:46:00+00:00,16.8,24.83,2751.3,0.16,19.63,33.83,65.73
2026-09-02T22:47:00+00:00,14.91,11.18,2712.11,0.0,20.73,32.99,63.62
2026-09-02T22:48:00+00:00,16.29,12.9,2695.63,0.0,20.8,32.67,64.3
2026-09-02T22:49:00+00:00,16.04,21.75,2742.8,0.0,21.03,32.28,70.33
2026-09-02T22:50:00+00:00,16.28,19.25,2767.97,0.0,19.7,33.71,63.29
2026-09-02T22:51:00+00:00,17.43,20.19,2908.83,0.0,19.63,32.21,66.32
2026-09-02T22:52:00+00:00,12.16,12.78,2907.15,0.0,20.83,32.81,65.73
2026-09-02T22:53:00+00:00,15.18,17.03,3024.36,0.0,19.63,32.28,66.48
2026-09-02T22:54:00+00:00,17.37,22.01,3015.13,0.56,19.63,33.82,64.25
2026-09-02T22:55:00+00:00,15.48,18.82,3109.99,0.0,20.11,33.17,64.32
2026-09-02T22:56:00+00:00,13.6,19.52,2739.01,0.0,19.63,32.15,66.88
2026-09-02T22:57:00+00:00,12.2,14.93,2850.97,0.0,19.81,33.18,62.92
2026-09-02T22:58:00+00:00,15.9,18.23,2523.98,0.48,19.75,34.03,61.5
2026-09-02T22:59:00+00:00,13.11,17.04,2774.76,0.29,20.84,33.08,69.14
2026-09-02T23:00:00+00:00,13.72,13.53,2655.65,0.09,19.63,34.2,61.29
2026-09-02T23:01:00+00:00,16.48,17.67,2882.69,0.0,20.11,32.01,69.88
2026-09-02T23:02:00+00:00,15.83,17.44,2779.3,0.0,19.63,32.93,70.28
2026-09-02T23:03:00+00:00,15.57,15.58,2732.76,0.0,19.63,33.06,64.32
2026-09-02T23:04:00+00:00,13.67,13.28,2709.04,0.0,20.23,32.86,69.18
2026-09-02T23:05:00+00:00,12.27,12.44,2795.0,0.0,20.92,30.54,73.67
2026-09-02T23:06:00+00:00,8.0,8.26,2765.48,0.0,20.84,33.35,63.06
2026-09-02T23:07:00+00:00,15.46,18.56,2929.16,0.69,19.63,32.83,62.61
2026-09-02T23:08:00+00:00,11.42,13.53,2888.28,0.0,20.3,32.29,71.63
2026-09-02T23:09:00+00:00,11.67,10.27,2978.62,0.0,19.63,33.23,70.89
2026-09-02T23:10:00+00:00,13.88,16.92,2649.23,0.0,21.02,32.56,64.45
2026-09-02T23:11:00+00:00,15.68,16.74,2746.3,1.21,20.81,32.73,71.7
2026-09-02T23:12:00+00:00,9.16,12.43,2760.69,0.0,20.12,33.03,71.49
2026-09-02T23:13:00+00:00,13.51,14.61,2819.5,0.0,19.63,33.69,60.12
2026-09-02T23:14:00+00:00,11.05,10.27,2762.4,0.0,20.67,33.64,62.92
2026-09-02T23:15:00+00:00,18.58,22.61,2683.22,0.0,20.88,34.43,57.62
2026-09-02T23:16:00+00:00,11.78,14.55,2731.31,0.32,19.81,33.99,65.31
2026-09-02T23:17:00+00:00,10.95,13.16,2808.33,0.06,19.63,32.21,65.17
2026-09-02T23:18:00+00:00,16.38,24.45,2885.83,0.0,20.51,32.83,68.55
2026-09-02T23:19:00+00:00,14.44,10.34,2940.87,0.0,19.63,33.91,62.65
2026-09-02T23:20:00+00:00,17.62,18.75,2839.47,0.27,19.63,33.22,63.01
2026-09-02T23:21:00+00:00,12.95,15.19,2950.4,0.63,20.33,32.91,71.27
2026-09-02T23:22:00+00:00,19.47,24.39,2900.83,0.38,19.63,32.54,69.18
2026-09-02T23:23:00+00:00,12.86,14.02,2710.3,0.0,19.63,32.79,65.43
2026-09-02T23:24:00+00:00,13.31,14.38,2822.18,0.49,19.63,32.8,66.59
2026-09-02T23:25:00+00:00,14.37,14.0,2641.92,0.08,19.77,33.12,65.45
2026-09-02T23:26:00+00:00,13.75,16.9,2867.6,0.43,19.63,33.53,67.25
2026-09-02T23:27:00+00:00,18.91,25.55,3082.0,0.0,20.1,33.14,67.53
2026-09-02T23:28:00+00:00,17.57,16.67,2860.16,0.88,19.64,32.28,64.19
2026-09-02T23:29:00+00:00,18.29,21.98,2667.04,0.65,20.11,35.11,62.34
2026-09-02T23:30:00+00:00,18.14,21.91,2918.1,0.0,19.63,33.71,70.05
2026-09-02T23:31:00+00:00,17.62,21.2,2998.42,0.0,19.63,33.52,62.4
2026-09-02T23:32:00+00:00,16.61,15.41,2543.56,0.32,19.63,32.8,69.45
2026-09-02T23:33:00+00:00,13.64,16.45,2846.75,0.0,20.51,31.45,71.75
2026-09-02T23:34:00+00:00,15.41,19.89,2775.53,0.0,19.81,33.32,68.71
2026-09-02T23:35:00+00:00,20.44,22.15,2535.26,0.0,19.66,33.74,66.43
2026-09-02T23:36:00+00:00,18.7,21.83,2657.55,0.0,21.08,33.25,69.87
2026-09-02T23:37:00+00:00,15.65,18.06,2760.35,0.17,19.63,32.29,68.05
2026-09-02T23:38:00+00:00,16.14,18.28,2661.25,0.0,19.85,32.18,75.33
2026-09-02T23:39:00+00:00,12.99,15.2,2729.01,0.0,20.07,33.37,67.0
2026-09-02T23:40:00+00:00,16.2,17.06,2939.41,0.0,20.17,33.41,67.15
2026-09-02T23:41:00+00:00,16.92,15.51,2818.16,0.32,19.63,32.59,65.85
2026-09-02T23:42:00+00:00,14.91,23.9,2651.15,0.19,20.78,34.11,59.43
2026-09-02T23:43:00+00:00,13.14,11.16,2730.17,0.0,19.63,32.9,68.0
2026-09-02T23:44:00+00:00,15.5,17.65,2972.18,0.0,20.26,31.37,71.67
2026-09-02T23:45:00+00:00,18.99,20.67,2712.92,0.22,19.63,34.5,62.22
2026-09-02T23:46:00+00:00,14.35,17.7,2968.75,0.0,19.63,34.46,62.18
2026-09-02T23:47:00+00:00,13.96,18.18,2771.99,0.0,19.63,32.38,69.37
2026-09-02T23:48:00+00:00,12.33,12.53,2739.27,0.0,20.26,33.52,70.33
2026-09-02T23:49:00+00:00,20.71,22.69,2547.58,0.0,19.63,32.08,68.88
2026-09-02T23:50:00+00:00,15.94,17.66,2734.16,0.0,19.63,31.68,69.97
2026-09-02T23:51:00+00:00,19.06,17.16,2459.47,0.0,19.63,32.74,67.64
2026-09-02T23:52:00+00:00,9.98,11.17,2870.93,0.0,19.63,34.6,61.5
2026-09-02T23:53:00+00:00,12.97,20.78,2885.55,0.0,19.63,32.55,63.01
2026-09-02T23:54:00+00:00,14.25,14.7,2796.06,0.99,20.44,33.02,69.1
2026-09-02T23:55:00+00:00,15.75,20.89,2846.08,0.0,20.47,31.93,72.59
2026-09-02T23:56:00+00:00,18.17,23.06,2752.73,0.0,19.63,31.67,67.69
2026-09-02T23:57:00+00:00,15.52,15.53,2905.07,0.0,19.63,33.94,63.35
2026-09-02T23:58:00+00:00,14.43,19.8,2721.33,0.93,20.43,34.29,62.45
2026-09-02T23:59:00+00:00,16.69,21.91,2466.94,0.0,19.63,32.52,63.36
2026-09-03T00:00:00+00:00,24.45,33.62,2707.38,0.57,19.63,33.08,67.2
2026-09-03T00:01:00+00:00,8.0,7.5,2666.75,0.0,19.63,33.58,67.77
2026-09-03T00:02:00+00:00,18.86,19.72,2765.77,0.0,19.63,33.62,62.24
2026-09-03T00:03:00+00:00,20.74,22.04,2636.02,0.0,20.02,32.14,73.67
2026-09-03T00:04:00+00:00,19.51,19.55,2688.03,0.0,20.61,35.31,63.63
2026-09-03T00:05:00+00:00,11.68,15.53,2496.31,0.52,19.63,32.75,62.64
2026-09-03T00:06:00+00:00,10.43,18.4,2636.68,0.0,20.46,32.97,69.39
2026-09-03T00:07:00+00:00,24.98,36.35,2705.47,0.0,19.93,34.39,63.27
2026-09-03T00:08:00+00:00,9.11,10.32,2534.72,0.0,20.71,32.25,68.33
2026-09-03T00:09:00+00:00,8.0,9.54,2888.3,0.0,19.63,32.6,71.39
2026-09-03T00:10:00+00:00,18.25,17.32,2786.93,0.0,19.63,32.44,69.83
2026-09-03T00:11:00+00:00,12.86,15.38,2562.09,0.0,20.4,33.25,72.66
2026-09-03T00:12:00+00:00,16.31,14.9,2452.87,0.0,19.63,32.99,62.23
2026-09-03T00:13:00+00:00,8.96,12.08,2551.29,0.0,20.64,34.23,65.0
2026-09-03T00:14:00+00:00,8.89,14.95,2623.15,0.26,19.63,33.26,63.02
2026-09-03T00:15:00+00:00,22.78,24.79,2525.45,0.0,19.63,31.95,64.65
2026-09-03T00:16:00+00:00,21.26,24.85,2940.7,0.51,19.63,33.47,68.89
2026-09-03T00:17:00+00:00,14.35,15.45,2636.47,0.0,19.63,33.25,61.48
2026-09-03T00:18:00+00:00,17.91,17.55,2490.69,0.0,19.63,31.34,70.33
2026-09-03T00:19:00+00:00,13.6,12.64,2654.67,0.46,20.41,33.37,62.98
2026-09-03T00:20:00+00:00,17.34,22.95,2503.94,0.0,20.82,32.64,69.31
2026-09-03T00:21:00+00:00,13.77,12.76,2772.03,0.0,19.84,33.07,69.95
2026-09-03T00:22:00+00:00,12.96,19.66,2779.28,0.0,19.63,31.51,69.01
2026-09-03T00:23:00+00:00,20.37,20.75,2619.17,0.3,19.63,33.11,62.04
2026-09-03T00:24:00+00:00,12.09,19.94,2691.49,0.0,20.32,32.23,67.1
2026-09-03T00:25:00+00:00,16.37,18.51,2682.17,0.0,19.63,33.98,66.66
2026-09-03T00:26:00+00:00,9.04,7.5,2664.66,0.0,19.63,33.88,63.43
2026-09-03T00:27:00+00:00,16.09,19.77,2430.49,0.04,19.63,32.81,70.85
2026-09-03T00:28:00+00:00,17.53,16.61,2535.2,0.12,20.89,31.47,70.38
2026-09-03T00:29:00+00:00,15.41,16.05,2742.0,0.65,19.63,31.2,69.25
2026-09-03T00:30:00+00:00,8.0,9.66,2664.32,0.0,19.63,31.6,69.26
2026-09-03T00:31:00+00:00,13.64,27.14,2450.8,0.58,19.63,32.33,68.32
2026-09-03T00:32:00+00:00,17.15,21.7,2723.74,0.0,21.05,31.64,72.02
2026-09-03T00:33:00+00:00,18.81,20.75,2905.94,0.0,19.63,32.11,67.83
2026-09-03T00:34:00+00:00,17.22,18.58,2523.27,0.0,20.62,33.04,63.34
2026-09-03T00:35:00+00:00,23.14,27.52,2716.43,0.0,19.63,32.59,68.39
2026-09-03T00:36:00+00:00,25.22,28.88,2629.94,0.0,19.63,33.34,65.16
2026-09-03T00:37:00+00:00,13.27,15.07,2700.22,0.0,20.95,32.68,62.55
2026-09-03T00:38:00+00:00,27.07,28.21,2750.53,0.0,19.63,31.83,66.21
2026-09-03T00:39:00+00:00,15.48,17.94,2593.05,0.14,20.16,31.18,68.15
2026-09-03T00:40:00+00:00,18.88,18.15,2620.9,0.0,19.63,33.32,59.75
2026-09-03T00:41:00+00:00,8.24,9.93,2697.28,0.42,20.01,34.33,61.17
2026-09-03T00:42:00+00:00,19.31,18.93,2581.71,0.0,19.63,32.6,67.78
2026-09-03T00:43:00+00:00,19.29,18.73,2523.27,0.0,20.54,33.9,62.41
2026-09-03T00:44:00+00:00,9.69,14.19,2408.66,0.0,19.63,29.93,76.12
2026-09-03T00:45:00+00:00,18.27,22.95,2623.65,0.52,19.85,33.87,62.36
2026-09-03T00:46:00+00:00,18.15,23.38,2773.62,0.11,19.63,33.13,70.22
2026-09-03T00:47:00+00:00,13.94,17.27,2686.74,0.0,19.63,31.35,68.24
2026-09-03T00:48:00+00:00,12.74,15.85,2487.64,0.0,20.28,31.91,66.19
2026-09-03T00:49:00+00:00,17.41,18.86,2569.39,0.0,19.63,32.56,69.52
2026-09-03T00:50:00+00:00,8.0,8.03,2689.05,0.0,20.2,33.24,64.75
2026-09-03T00:51:00+00:00,13.97,13.54,2752.41,0.62,20.35,33.02,65.1
2026-09-03T00:52:00+00:00,10.84,16.26,2514.78,0.0,19.63,33.3,66.61
2026-09-03T00:53:00+00:00,9.94,12.18,2607.89,0.0,21.03,32.22,66.69
2026-09-03T00:54:00+00:00,8.0,9.99,2717.13,0.0,21.01,33.15,61.25
2026-09-03T00:55:00+00:00,16.93,22.79,2496.91,0.0,19.63,32.99,67.43
2026-09-03T00:56:00+00:00,11.81,14.27,2888.34,0.0,21.06,33.93,62.9
2026-09-03T00:57:00+00:00,11.52,12.24,2845.73,0.0,20.97,32.78,68.89
2026-09-03T00:58:00+00:00,8.0,11.29,2702.54,0.4,20.57,32.66,66.26
2026-09-03T00:59:00+00:00,20.54,25.45,2608.87,0.0,19.63,31.87,65.04
2026-09-03T01:00:00+00:00,25.64,34.08,2663.87,0.0,20.02,33.59,61.06
2026-09-03T01:01:00+00:00,17.75,18.58,2677.03,0.0,19.63,32.75,67.09
2026-09-03T01:02:00+00:00,13.44,14.67,2528.23,0.0,19.63,32.59,65.96
2026-09-03T01:03:00+00:00,8.19,8.85,2641.08,0.88,19.79,31.78,65.61
2026-09-03T01:04:00+00:00,21.7,27.63,2829.9,0.0,20.98,33.96,62.37
2026-09-03T01:05:00+00:00,8.0,7.5,2735.87,0.0,20.48,33.31,63.9
2026-09-03T01:06:00+00:00,21.55,23.52,2553.16,0.0,19.63,32.36,73.46
2026-09-03T01:07:00+00:00,8.0,14.06,2638.6,0.44,19.86,34.8,61.74
2026-09-03T01:08:00+00:00,19.7,21.93,2761.18,0.0,19.95,30.53,76.94
2026-09-03T01:09:00+00:00,8.0,7.57,2550.88,0.0,19.63,32.62,66.03
2026-09-03T01:10:00+00:00,11.11,12.3,2475.39,0.0,19.63,34.04,64.32
2026-09-03T01:11:00+00:00,15.08,18.36,2544.03,0.0,19.63,32.77,68.98
2026-09-03T01:12:00+00:00,23.71,26.46,2746.18,0.0,19.92,33.29,61.22
2026-09-03T01:13:00+00:00,9.33,8.15,2566.58,0.0,20.85,33.63,65.59
2026-09-03T01:14:00+00:00,18.0,17.74,2604.07,0.0,19.63,33.15,67.44
2026-09-03T01:15:00+00:00,18.17,17.53,2605.79,0.0,20.9,31.57,65.12
2026-09-03T01:16:00+00:00,12.37,10.48,2717.63,0.0,20.03,32.2,67.94
2026-09-03T01:17:00+00:00,11.37,10.71,2427.46,0.0,20.55,32.87,66.0
2026-09-03T01:18:00+00:00,21.87,21.0,2840.55,0.0,19.63,32.71,64.23
2026-09-03T01:19:00+00:00,15.44,21.53,2475.93,0.0,19.63,31.29,61.37
2026-09-03T01:20:00+00:00,14.14,15.92,2408.51,0.0,19.63,34.7,60.29
2026-09-03T01:21:00+00:00,13.44,14.91,2550.64,0.0,19.63,33.73,63.75
2026-09-03T01:22:00+00:00,15.16,21.28,2557.35,0.39,20.17,33.31,66.41
2026-09-03T01:23:00+00:00,8.0,12.65,2557.28,0.0,20.99,31.26,74.48
2026-09-03T01:24:00+00:00,11.6,17.59,2634.38,0.0,19.89,32.91,66.92
2026-09-03T01:25:00+00:00,13.92,18.12,2937.77,0.0,20.58,34.11,66.88
2026-09-03T01:26:00+00:00,17.5,21.21,2585.98,0.24,20.45,33.36,61.47
2026-09-03T01:27:00+00:00,9.44,11.67,2830.95,0.0,19.63,33.19,67.62
2026-09-03T01:28:00+00:00,23.4,30.56,2459.34,0.0,19.63,33.12,66.65
2026-09-03T01:29:00+00:00,12.46,22.58,2533.82,0.0,20.35,31.37,69.32
2026-09-03T01:30:00+00:00,8.0,7.78,2810.2,0.0,19.63,31.89,70.06
2026-09-03T01:31:00+00:00,21.02,22.19,2625.52,0.0,19.63,32.07,65.84
2026-09-03T01:32:00+00:00,18.32,21.98,2673.88,0.0,21.0,32.43,67.32
2026-09-03T01:33:00+00:00,16.84,21.12,2934.35,0.0,19.63,32.66,67.29
2026-09-03T01:34:00+00:00,8.0,8.44,2700.44,0.0,19.66,32.7,67.92
2026-09-03T01:35:00+00:00,9.72,12.74,2769.87,0.0,20.44,33.41,69.21
2026-09-03T01:36:00+00:00,12.77,14.58,2396.05,0.0,19.82,31.78,71.67
2026-09-03T01:37:00+00:00,26.24,26.85,2619.73,1.53,19.63,31.78,68.11
2026-09-03T01:38:00+00:00,11.21,17.1,2711.47,0.0,19.63,31.65,67.59
2026-09-03T01:39:00+00:00,19.06,28.12,2527.23,0.0,19.63,32.16,62.89
2026-09-03T01:40:00+00:00,21.57,23.4,2550.7,0.0,20.02,34.08,65.5
2026-09-03T01:41:00+00:00,16.25,20.62,2831.59,0.0,19.63,32.02,71.51
2026-09-03T01:42:00+00:00,8.0,8.04,2566.53,0.0,19.8,32.37,68.75
2026-09-03T01:43:00+00:00,12.11,10.41,2598.91,0.0,19.95,32.39,65.56
2026-09-03T01:44:00+00:00,11.04,7.5,2818.5,0.0,20.84,33.82,67.66
2026-09-03T01:45:00+00:00,25.57,26.65,2618.85,0.0,19.63,32.79,65.53
2026-09-03T01:46:00+00:00,15.87,23.45,2680.68,0.7,20.8,33.31,70.74
2026-09-03T01:47:00+00:00,8.0,14.24,2585.41,0.0,20.98,32.41,64.53
2026-09-03T01:48:00+00:00,17.97,23.01,2847.51,0.3,19.63,32.26,63.63
2026-09-03T01:49:00+00:00,18.3,20.28,2606.92,0.0,19.63,31.79,65.11
2026-09-03T01:50:00+00:00,24.22,29.13,2623.13,0.0,19.65,31.97,69.0
2026-09-03T01:51:00+00:00,15.27,16.55,2853.5,0.0,19.63,33.59,65.45
2026-09-03T01:52:00+00:00,8.0,7.5,2558.9,0.0,20.21,32.63,66.33
2026-09-03T01:53:00+00:00,12.36,12.41,2543.49,0.0,19.63,33.77,63.07
2026-09-03T01:54:00+00:00,24.52,29.62,2598.56,0.0,19.63,33.94,64.22
2026-09-03T01:55:00+00:00,10.81,10.37,2673.68,0.0,20.29,33.12,67.66
2026-09-03T01:56:00+00:00,11.76,9.16,2620.08,0.0,20.38,32.98,60.88
2026-09-03T01:57:00+00:00,13.97,19.81,2705.8,0.0,19.63,35.05,62.16
2026-09-03T01:58:00+00:00,11.66,14.76,2720.44,0.97,20.98,32.96,68.19
2026-09-03T01:59:00+00:00,15.06,17.54,2471.27,0.0,19.63,31.11,68.09
2026-09-03T02:00:00+00:00,17.73,20.29,2586.57,0.0,19.63,32.98,67.32
2026-09-03T02:01:00+00:00,25.33,26.93,2563.77,1.15,19.63,31.83,68.41
2026-09-03T02:02:00+00:00,19.52,24.79,2659.73,0.0,19.63,32.47,68.07
2026-09-03T02:03:00+00:00,13.1,12.59,2630.97,0.08,19.63,32.23,68.07
2026-09-03T02:04:00+00:00,17.48,20.56,2485.71,0.0,20.99,32.06,67.71
2026-09-03T02:05:00+00:00,8.0,10.77,2829.31,0.24,20.04,33.01,65.46
2026-09-03T02:06:00+00:00,16.9,22.29,2641.89,0.0,19.63,32.45,72.39
2026-09-03T02:07:00+00:00,12.14,15.24,2806.5,0.0,21.04,33.58,68.13
2026-09-03T02:08:00+00:00,8.0,9.79,2559.69,0.0,19.63,33.73,71.62
2026-09-03T02:09:00+00:00,15.9,20.36,2617.5,0.0,19.63,33.4,61.45
2026-09-03T02:10:00+00:00,14.59,11.7,2803.36,1.07,19.63,33.24,64.8
2026-09-03T02:11:00+00:00,8.0,9.15,2746.35,0.0,20.68,32.54,67.44
2026-09-03T02:12:00+00:00,16.5,18.84,2716.84,0.0,19.63,35.04,58.93
2026-09-03T02:13:00+00:00,28.41,33.21,2861.77,0.0,19.63,32.13,73.91
2026-09-03T02:14:00+00:00,25.82,32.18,2854.91,0.0,19.91,31.09,66.4
2026-09-03T02:15:00+00:00,11.74,12.79,2735.47,0.52,20.52,33.25,67.45
2026-09-03T02:16:00+00:00,15.18,14.93,2644.48,1.22,20.03,33.92,60.22
2026-09-03T02:17:00+00:00,12.05,12.44,2526.99,0.45,19.63,32.98,70.94
2026-09-03T02:18:00+00:00,13.86,15.33,2896.28,0.0,19.63,33.91,61.45
2026-09-03T02:19:00+00:00,16.13,15.91,2630.55,0.0,20.55,33.44,62.4
2026-09-03T02:20:00+00:00,13.21,10.07,2623.91,0.0,19.63,33.44,66.21
2026-09-03T02:21:00+00:00,15.19,15.06,2612.83,0.23,19.63,32.12,69.1
2026-09-03T02:22:00+00:00,13.11,15.76,2526.29,0.0,19.63,33.46,65.66
2026-09-03T02:23:00+00:00,19.83,23.7,2769.64,0.0,19.63,31.55,69.47
2026-09-03T02:24:00+00:00,13.87,16.68,2413.14,0.0,20.05,32.4,66.58
2026-09-03T02:25:00+00:00,24.78,31.69,2728.76,0.0,19.65,32.75,72.99
2026-09-03T02:26:00+00:00,12.62,19.04,2715.23,0.0,19.63,33.47,65.24
2026-09-03T02:27:00+00:00,8.0,12.92,2621.05,0.0,20.3,33.03,68.88
2026-09-03T02:28:00+00:00,18.5,21.36,2524.74,0.0,19.83,33.96,63.93
2026-09-03T02:29:00+00:00,23.94,27.55,2451.23,0.0,20.71,33.29,68.58
2026-09-03T02:30:00+00:00,16.65,18.07,2202.84,0.46,20.81,32.56,66.37
2026-09-03T02:31:00+00:00,12.33,14.63,2642.45,0.0,20.06,31.65,66.78
2026-09-03T02:32:00+00:00,17.13,16.31,2788.74,0.0,19.63,32.32,67.26
2026-09-03T02:33:00+00:00,12.86,16.23,2780.16,0.0,19.63,31.34,72.41
2026-09-03T02:34:00+00:00,12.96,14.62,2428.83,0.39,20.82,33.11,64.84
2026-09-03T02:35:00+00:00,18.2,19.31,2841.49,0.0,19.63,33.63,63.99
2026-09-03T02:36:00+00:00,27.82,31.87,2463.25,0.0,20.65,32.33,70.02
2026-09-03T02:37:00+00:00,11.59,16.14,2601.45,0.0,21.07,33.9,59.25
2026-09-03T02:38:00+00:00,16.92,20.16,2828.81,0.17,20.65,31.82,73.11
2026-09-03T02:39:00+00:00,8.0,11.11,2540.6,0.0,20.66,33.04,68.68
2026-09-03T02:40:00+00:00,15.82,15.3,2595.89,0.0,19.63,33.32,63.64
2026-09-03T02:41:00+00:00,16.87,19.64,2667.36,0.0,19.63,32.87,64.5
2026-09-03T02:42:00+00:00,19.06,20.09,2735.77,0.0,20.19,32.49,72.84
2026-09-03T02:43:00+00:00,13.1,12.88,2713.35,0.0,21.1,32.16,64.89
2026-09-03T02:44:00+00:00,14.9,15.75,2476.75,0.31,19.63,34.79,60.13
2026-09-03T02:45:00+00:00,17.63,20.62,2510.12,0.0,19.63,31.52,71.47
2026-09-03T02:46:00+00:00,15.13,17.71,2716.58,0.18,20.74,32.78,64.95
2026-09-03T02:47:00+00:00,15.21,15.68,2663.78,0.0,20.31,32.79,66.63
2026-09-03T02:48:00+00:00,13.59,16.19,2589.08,0.0,19.63,31.75,71.94
2026-09-03T02:49:00+00:00,17.67,18.95,2717.42,0.0,19.87,32.5,73.51
2026-09-03T02:50:00+00:00,16.91,17.92,2757.84,1.07,19.73,32.57,64.56
2026-09-03T02:51:00+00:00,8.0,7.7,2759.72,0.0,19.63,34.37,63.94
2026-09-03T02:52:00+00:00,12.18,13.78,2706.91,0.31,20.88,35.14,61.57
2026-09-03T02:53:00+00:00,22.46,27.9,2814.42,0.0,20.58,32.12,76.26
2026-09-03T02:54:00+00:00,11.21,13.04,2566.97,0.0,19.63,32.96,65.66
2026-09-03T02:55:00+00:00,14.17,16.36,2769.59,0.93,19.98,32.37,73.81
2026-09-03T02:56:00+00:00,24.92,29.7,2655.36,0.0,19.94,32.28,67.43
2026-09-03T02:57:00+00:00,16.5,19.63,2433.63,0.0,19.63,33.03,61.62
2026-09-03T02:58:00+00:00,19.46,24.95,2503.03,0.0,20.28,32.22,69.1
2026-09-03T02:59:00+00:00,12.94,16.88,2519.22,0.0,20.61,31.5,71.53
2026-09-03T03:00:00+00:00,14.43,15.29,2739.11,0.0,19.63,33.16,60.95
2026-09-03T03:01:00+00:00,8.0,9.92,2585.83,0.0,19.63,34.04,62.22
2026-09-03T03:02:00+00:00,10.0,7.5,2797.16,0.24,20.63,31.91,70.59
2026-09-03T03:03:00+00:00,13.18,15.78,2407.34,0.0,19.63,32.77,64.78
2026-09-03T03:04:00+00:00,8.0,13.6,2578.31,0.0,20.26,32.81,67.37
2026-09-03T03:05:00+00:00,19.94,19.2,2557.3,0.67,19.63,33.14,61.19
2026-09-03T03:06:00+00:00,9.64,11.65,2659.82,0.14,20.43,32.34,69.22
2026-09-03T03:07:00+00:00,18.72,19.17,2686.82,0.0,20.82,33.53,60.11
2026-09-03T03:08:00+00:00,10.52,14.65,5244.68,0.0,19.63,33.84,66.13
2026-09-03T03:09:00+00:00,18.92,17.07,5770.27,0.0,19.93,33.31,65.1
2026-09-03T03:10:00+00:00,17.08,22.03,5445.75,0.0,20.82,33.14,72.52
2026-09-03T03:11:00+00:00,23.1,25.94,5403.79,0.0,19.63,34.0,64.65
2026-09-03T03:12:00+00:00,8.97,12.47,5445.97,0.54,19.63,34.26,63.2
2026-09-03T03:13:00+00:00,21.35,27.17,5627.31,0.0,20.6,35.19,61.14
2026-09-03T03:14:00+00:00,8.92,8.3,5102.51,0.0,19.63,32.08,67.29
2026-09-03T03:15:00+00:00,16.17,17.1,5625.18,0.0,19.63,32.29,68.14
2026-09-03T03:16:00+00:00,17.82,18.05,5103.9,0.0,19.63,33.71,64.43
2026-09-03T03:17:00+00:00,14.4,15.93,5394.31,0.39,19.63,32.47,70.09
2026-09-03T03:18:00+00:00,16.89,15.52,5536.86,0.0,20.55,33.14,68.84
2026-09-03T03:19:00+00:00,21.69,26.68,5565.76,0.0,21.07,34.23,60.82
2026-09-03T03:20:00+00:00,10.19,11.84,5426.13,0.18,19.82,33.43,68.18
2026-09-03T03:21:00+00:00,13.31,17.4,5736.53,0.0,19.63,31.75,74.42
2026-09-03T03:22:00+00:00,21.62,19.55,5369.14,0.47,19.63,33.79,65.75
2026-09-03T03:23:00+00:00,29.19,34.74,5293.95,0.0,19.63,33.71,64.84
2026-09-03T03:24:00+00:00,8.0,8.11,2487.05,0.0,19.63,33.39,64.28
2026-09-03T03:25:00+00:00,17.9,23.48,2563.75,0.21,20.58,34.06,60.82
2026-09-03T03:26:00+00:00,23.51,28.68,2560.92,1.5,19.63,30.24,70.86
2026-09-03T03:27:00+00:00,16.5,24.58,2655.41,0.86,19.79,32.0,70.06
2026-09-03T03:28:00+00:00,18.66,18.15,2759.54,0.0,20.21,32.77,62.46
2026-09-03T03:29:00+00:00,16.99,20.31,2743.93,0.0,20.62,34.03,65.84
2026-09-03T03:30:00+00:00,8.54,8.73,2651.35,0.0,19.63,32.28,69.8
2026-09-03T03:31:00+00:00,16.51,16.32,2681.78,0.0,20.1,33.52,59.83
2026-09-03T03:32:00+00:00,20.34,21.16,2822.96,0.63,19.63,34.08,63.0
2026-09-03T03:33:00+00:00,16.26,21.74,2544.33,0.0,19.63,33.88,66.06
2026-09-03T03:34:00+00:00,11.56,10.95,2691.18,0.0,20.65,31.58,70.61
2026-09-03T03:35:00+00:00,16.65,21.01,2448.72,0.33,19.63,32.83,66.08
2026-09-03T03:36:00+00:00,13.86,14.94,2478.76,0.0,20.54,33.19,66.33
2026-09-03T03:37:00+00:00,16.86,12.46,2602.55,0.0,19.63,33.13,67.36
2026-09-03T03:38:00+00:00,13.35,10.48,2747.67,0.0,21.01,32.6,67.4
2026-09-03T03:39:00+00:00,17.05,22.93,2783.51,0.0,19.63,33.91,58.93
2026-09-03T03:40:00+00:00,15.43,16.06,2856.92,0.0,20.83,31.41,69.53
2026-09-03T03:41:00+00:00,19.39,19.94,2836.51,1.11,19.63,33.31,64.4
2026-09-03T03:42:00+00:00,12.96,11.1,2450.33,0.0,19.63,32.46,65.39
2026-09-03T03:43:00+00:00,17.78,21.86,2453.49,0.0,19.63,32.71,67.27
2026-09-03T03:44:00+00:00,11.8,10.93,2441.67,0.0,20.36,32.63,67.23
2026-09-03T03:45:00+00:00,15.04,17.34,2769.2,0.0,19.63,34.57,65.03
2026-09-03T03:46:00+00:00,18.58,22.46,2424.79,0.0,19.63,33.04,69.92
2026-09-03T03:47:00+00:00,21.12,31.54,2510.33,0.0,19.63,32.24,64.98
2026-09-03T03:48:00+00:00,12.33,11.06,2814.16,0.0,19.63,32.7,56.94
2026-09-03T03:49:00+00:00,21.71,23.77,2695.0,1.03,19.63,32.96,69.22
2026-09-03T03:50:00+00:00,15.35,20.06,2474.37,0.0,19.63,33.37,63.93
2026-09-03T03:51:00+00:00,16.93,21.07,2619.76,0.11,20.87,34.48,60.88
2026-09-03T03:52:00+00:00,8.0,7.5,3005.61,0.0,19.63,32.37,66.91
2026-09-03T03:53:00+00:00,12.58,16.92,2391.24,0.0,20.67,32.1,66.06
2026-09-03T03:54:00+00:00,13.6,16.48,2615.28,0.0,21.04,31.9,66.01
2026-09-03T03:55:00+00:00,12.29,8.45,2854.19,0.0,19.98,31.74,68.34
2026-09-03T03:56:00+00:00,20.26,22.43,2607.56,1.04,20.05,33.03,67.06
2026-09-03T03:57:00+00:00,16.06,15.57,2605.07,0.0,19.63,32.87,66.09
2026-09-03T03:58:00+00:00,21.56,22.89,2813.49,0.0,19.63,33.39,59.54
2026-09-03T03:59:00+00:00,14.41,14.39,2677.24,0.0,21.02,33.67,61.85
2026-09-03T04:00:00+00:00,13.88,19.76,2710.77,0.05,19.63,33.13,61.28
2026-09-03T04:01:00+00:00,13.72,19.55,2667.08,0.13,19.63,32.97,63.28
2026-09-03T04:02:00+00:00,15.97,19.89,2807.56,0.0,20.26,32.72,70.83
2026-09-03T04:03:00+00:00,16.97,20.76,2557.7,0.0,19.63,33.29,60.15
2026-09-03T04:04:00+00:00,20.52,22.16,7087.78,0.0,19.63,32.0,67.21
2026-09-03T04:05:00+00:00,18.45,17.4,6625.39,0.0,20.79,33.66,61.84
2026-09-03T04:06:00+00:00,16.59,15.59,6877.28,0.0,19.63,33.76,60.68
2026-09-03T04:07:00+00:00,15.25,10.92,6998.26,0.0,19.63,32.0,69.97
2026-09-03T04:08:00+00:00,20.42,23.44,6620.75,0.0,20.3,33.54,63.17
2026-09-03T04:09:00+00:00,10.51,11.92,6594.71,0.34,20.86,32.58,67.16
2026-09-03T04:10:00+00:00,13.65,13.31,7008.88,0.0,20.07,32.42,69.69
2026-09-03T04:11:00+00:00,8.0,9.5,6693.62,0.0,19.63,32.87,64.23
2026-09-03T04:12:00+00:00,11.11,10.64,6395.66,0.62,19.63,32.78,69.9
2026-09-03T04:13:00+00:00,14.22,10.28,7202.43,0.0,20.33,35.0,62.01
2026-09-03T04:14:00+00:00,13.41,15.54,6632.78,1.05,19.63,33.02,64.01
2026-09-03T04:15:00+00:00,14.43,14.54,6817.07,0.0,19.63,33.35,66.01
2026-09-03T04:16:00+00:00,12.2,16.46,6627.67,0.0,20.12,32.67,71.29
2026-09-03T04:17:00+00:00,16.62,21.63,6379.12,0.08,19.63,31.74,69.2
2026-09-03T04:18:00+00:00,13.2,13.31,6316.08,0.0,19.63,31.92,63.95
2026-09-03T04:19:00+00:00,14.04,19.3,6557.24,0.0,19.63,33.83,61.02
2026-09-03T04:20:00+00:00,14.67,19.66,6464.6,0.0,19.63,33.02,66.43
2026-09-03T04:21:00+00:00,20.69,21.56,6963.54,0.0,20.82,32.95,65.31
2026-09-03T04:22:00+00:00,16.79,14.72,7308.76,0.0,19.63,34.08,61.37
2026-09-03T04:23:00+00:00,15.15,20.14,6682.87,0.0,20.9,31.37,75.6
2026-09-03T04:24:00+00:00,10.51,9.26,6855.23,1.25,19.65,32.23,70.73
2026-09-03T04:25:00+00:00,15.36,16.49,2886.22,0.0,19.63,33.37,66.13
2026-09-03T04:26:00+00:00,12.89,14.28,2666.87,0.0,19.66,32.26,63.12
2026-09-03T04:27:00+00:00,10.78,14.35,2749.76,0.0,19.63,33.63,62.83
2026-09-03T04:28:00+00:00,15.7,22.63,2614.72,0.0,19.96,33.73,68.28
2026-09-03T04:29:00+00:00,19.1,23.34,2564.48,0.0,20.75,31.47,72.43
2026-09-03T04:30:00+00:00,16.73,19.87,2748.05,0.48,20.78,31.85,69.79
2026-09-03T04:31:00+00:00,15.82,20.74,2810.94,0.0,20.42,33.76,60.64
2026-09-03T04:32:00+00:00,9.65,10.42,2620.63,0.49,20.7,33.53,66.41
2026-09-03T04:33:00+00:00,14.22,16.86,2624.44,0.0,19.63,33.53,66.4
2026-09-03T04:34:00+00:00,16.85,16.83,2788.85,0.33,19.63,32.37,70.19
2026-09-03T04:35:00+00:00,17.6,25.33,2653.08,0.0,19.63,34.67,64.65
2026-09-03T04:36:00+00:00,25.04,24.15,2605.49,0.0,19.63,32.39,73.41
2026-09-03T04:37:00+00:00,16.45,15.24,2768.91,0.07,21.04,31.84,65.16
2026-09-03T04:38:00+00:00,16.93,23.29,2522.63,0.0,19.87,33.35,63.6
2026-09-03T04:39:00+00:00,11.87,14.9,2534.8,0.0,21.12,33.65,59.57
2026-09-03T04:40:00+00:00,16.49,17.69,2898.98,0.77,19.63,33.55,63.01
2026-09-03T04:41:00+00:00,12.16,9.75,2470.18,0.0,19.98,32.23,64.0
2026-09-03T04:42:00+00:00,16.17,16.61,2475.83,0.0,19.63,32.95,61.2
2026-09-03T04:43:00+00:00,13.78,14.15,2511.73,0.0,19.74,33.07,70.26
2026-09-03T04:44:00+00:00,14.33,12.83,2660.28,0.0,19.63,31.77,71.56
2026-09-03T04:45:00+00:00,14.63,16.08,2754.03,0.0,20.76,32.36,69.21
2026-09-03T04:46:00+00:00,12.87,12.13,3012.63,0.53,19.77,33.89,63.97
2026-09-03T04:47:00+00:00,16.17,20.24,2675.84,0.66,20.69,34.2,62.62
2026-09-03T04:48:00+00:00,20.51,28.27,2660.31,0.0,19.63,34.4,60.02
2026-09-03T04:49:00+00:00,20.42,20.74,2789.6,0.0,19.63,34.13,63.44
2026-09-03T04:50:00+00:00,16.32,15.2,2748.71,0.76,19.63,33.56,65.05
2026-09-03T04:51:00+00:00,20.43,27.14,2774.44,0.0,20.67,32.93,66.86
2026-09-03T04:52:00+00:00,14.1,17.38,2501.06,0.0,20.81,31.75,72.79
2026-09-03T04:53:00+00:00,14.91,23.3,2555.82,0.0,20.82,33.81,62.39
2026-09-03T04:54:00+00:00,17.05,18.41,2496.31,0.0,20.51,34.51,60.57
2026-09-03T04:55:00+00:00,12.44,18.01,2478.07,0.66,19.87,32.61,66.78
2026-09-03T04:56:00+00:00,20.75,25.62,2805.77,0.0,19.63,33.28,62.32
2026-09-03T04:57:00+00:00,19.05,21.68,2865.64,0.0,19.63,35.74,57.33
2026-09-03T04:58:00+00:00,18.17,23.4,2490.82,0.0,19.63,33.89,64.64
2026-09-03T04:59:00+00:00,11.27,12.07,2815.46,0.0,19.91,32.56,70.88
2026-09-03T05:00:00+00:00,16.19,16.03,2618.92,0.76,19.63,34.84,64.33
2026-09-03T05:01:00+00:00,17.24,17.65,2752.66,0.0,19.63,33.67,68.61
2026-09-03T05:02:00+00:00,14.74,17.86,2757.82,0.0,19.63,31.92,66.06
2026-09-03T05:03:00+00:00,19.59,18.07,2518.2,0.0,20.63,33.8,59.2
2026-09-03T05:04:00+00:00,13.75,18.69,2703.69,0.0,19.63,34.84,61.01
2026-09-03T05:05:00+00:00,18.36,20.89,2752.31,0.0,20.62,33.1,65.84
2026-09-03T05:06:00+00:00,17.38,16.41,2572.49,0.0,19.63,34.57,61.72
2026-09-03T05:07:00+00:00,11.59,13.76,2865.11,0.0,19.68,34.41,63.74
2026-09-03T05:08:00+00:00,17.68,19.67,2818.13,0.0,19.63,34.63,62.96
2026-09-03T05:09:00+00:00,17.5,16.8,2622.7,0.0,20.3,32.98,65.42
2026-09-03T05:10:00+00:00,16.41,12.49,2519.03,0.15,19.63,32.57,75.84
2026-09-03T05:11:00+00:00,17.71,15.58,2599.36,0.17,20.65,34.04,63.84
2026-09-03T05:12:00+00:00,14.39,14.17,2533.7,0.0,20.22,32.08,64.36
2026-09-03T05:13:00+00:00,17.59,17.02,2687.27,0.2,19.89,32.94,67.77
2026-09-03T05:14:00+00:00,20.17,23.1,2714.99,0.35,20.92,32.76,66.39
2026-09-03T05:15:00+00:00,16.05,19.68,2588.27,0.0,19.63,32.87,64.99
2026-09-03T05:16:00+00:00,15.2,14.7,2637.54,0.0,20.32,33.43,60.78
2026-09-03T05:17:00+00:00,16.75,20.38,2765.29,0.4,19.63,34.17,61.12
2026-09-03T05:18:00+00:00,8.0,7.5,2462.2,0.87,20.76,32.73,63.63
2026-09-03T05:19:00+00:00,12.77,12.42,2614.73,0.65,20.32,35.5,59.1
2026-09-03T05:20:00+00:00,10.71,9.8,2793.87,0.0,20.18,33.94,65.24
2026-09-03T05:21:00+00:00,14.78,16.13,2726.25,0.0,20.95,33.89,65.07
2026-09-03T05:22:00+00:00,9.77,7.5,2754.99,0.0,19.63,33.12,65.35
2026-09-03T05:23:00+00:00,16.49,17.13,2434.48,0.0,19.63,34.45,59.28
2026-09-03T05:24:00+00:00,12.91,17.64,2607.77,0.0,19.63,34.52,62.0
2026-09-03T05:25:00+00:00,17.31,16.79,2580.66,0.0,19.63,34.4,63.56
2026-09-03T05:26:00+00:00,11.01,10.45,2744.47,0.0,19.63,33.67,60.62
2026-09-03T05:27:00+00:00,16.37,15.61,2757.02,0.0,20.41,32.91,69.15
2026-09-03T05:28:00+00:00,14.13,14.85,2955.25,0.0,19.63,32.21,64.65
2026-09-03T05:29:00+00:00,13.53,18.69,2546.65,0.0,19.63,34.67,63.4
2026-09-03T05:30:00+00:00,17.89,20.21,2599.63,0.0,19.63,33.97,63.59
2026-09-03T05:31:00+00:00,16.44,17.37,2613.06,0.0,20.15,34.43,66.43
2026-09-03T05:32:00+00:00,13.62,20.27,2778.09,0.0,20.38,33.33,68.34
2026-09-03T05:33:00+00:00,14.31,16.29,2578.89,1.08,19.63,33.16,67.25
2026-09-03T05:34:00+00:00,18.24,17.4,2730.3,0.0,19.63,34.76,55.86
2026-09-03T05:35:00+00:00,18.48,26.1,2639.46,0.0,20.7,34.81,64.29
2026-09-03T05:36:00+00:00,23.76,24.31,2735.78,0.0,19.63,33.97,61.94
2026-09-03T05:37:00+00:00,16.66,22.03,2708.54,0.0,19.63,32.66,72.37
2026-09-03T05:38:00+00:00,17.55,15.95,2490.7,0.0,19.63,33.88,61.84
2026-09-03T05:39:00+00:00,8.22,7.5,2594.99,0.0,19.63,33.74,65.35
2026-09-03T05:40:00+00:00,19.7,19.29,2711.04,0.0,20.03,33.98,66.82
2026-09-03T05:41:00+00:00,14.52,21.83,2857.49,0.0,19.63,33.71,62.66
2026-09-03T05:42:00+00:00,14.14,14.79,2690.22,0.1,19.63,33.13,61.18
2026-09-03T05:43:00+00:00,17.88,19.16,2583.54,0.59,19.63,34.51,63.18
2026-09-03T05:44:00+00:00,11.84,12.2,2744.45,0.0,19.63,34.28,60.68
2026-09-03T05:45:00+00:00,15.11,13.8,2930.58,1.19,19.63,33.17,65.8
2026-09-03T05:46:00+00:00,15.1,22.18,2798.65,0.0,20.66,33.32,63.72
2026-09-03T05:47:00+00:00,20.49,25.85,2671.18,0.35,19.63,33.76,60.28
2026-09-03T05:48:00+00:00,18.35,21.78,2590.84,0.63,20.55,33.65,66.47
2026-09-03T05:49:00+00:00,15.65,19.01,2535.2,1.11,19.63,34.78,63.14
2026-09-03T05:50:00+00:00,12.84,15.58,2633.17,0.0,21.1,34.03,58.32
2026-09-03T05:51:00+00:00,16.66,20.09,2643.69,0.26,20.71,32.74,69.68
2026-09-03T05:52:00+00:00,16.23,23.47,2808.49,0.0,19.65,32.89,67.89
2026-09-03T05:53:00+00:00,10.12,12.11,2699.06,0.23,19.63,33.24,74.3
2026-09-03T05:54:00+00:00,11.26,14.14,2809.51,0.14,21.07,33.76,56.78
2026-09-03T05:55:00+00:00,13.25,16.01,2810.85,0.0,20.49,33.06,61.91
2026-09-03T05:56:00+00:00,18.45,19.34,2718.54,0.0,19.63,34.46,66.36
2026-09-03T05:57:00+00:00,9.01,8.14,3157.44,0.0,20.63,36.26,58.24
2026-09-03T05:58:00+00:00,11.26,15.33,2751.48,0.0,20.81,33.03,65.51
2026-09-03T05:59:00+00:00,11.88,13.15,2598.71,0.61,19.63,33.52,67.64
2026-09-03T06:00:00+00:00,14.39,13.22,2606.67,0.0,20.18,35.13,57.08
2026-09-03T06:01:00+00:00,16.03,16.48,2598.71,0.0,19.63,34.27,66.13
2026-09-03T06:02:00+00:00,11.04,16.83,2773.25,0.4,19.63,32.79,63.87
2026-09-03T06:03:00+00:00,15.9,14.4,2725.05,0.0,19.63,33.86,66.66
2026-09-03T06:04:00+00:00,10.23,14.5,2731.68,0.0,19.63,34.92,61.36
2026-09-03T06:05:00+00:00,16.15,18.67,2453.24,0.0,20.04,33.21,64.99
2026-09-03T06:06:00+00:00,17.3,21.38,2710.21,1.02,20.7,33.09,68.33
2026-09-03T06:07:00+00:00,11.28,11.47,2569.31,0.0,19.77,34.39,60.87
2026-09-03T06:08:00+00:00,15.79,14.57,2365.08,0.0,19.63,33.0,68.22
2026-09-03T06:09:00+00:00,13.1,23.4,2713.55,0.0,20.66,35.15,64.83
2026-09-03T06:10:00+00:00,20.8,27.81,2421.1,0.33,19.63,33.5,59.64
2026-09-03T06:11:00+00:00,21.1,23.43,2677.78,0.0,20.61,34.62,59.55
2026-09-03T06:12:00+00:00,11.33,13.36,2793.17,0.0,19.63,33.62,70.04
2026-09-03T06:13:00+00:00,14.66,16.01,2676.05,0.0,19.91,35.03,58.03
2026-09-03T06:14:00+00:00,12.62,15.28,2626.73,1.02,19.71,34.71,59.66
2026-09-03T06:15:00+00:00,12.96,14.75,2753.08,0.0,19.63,34.66,63.2
2026-09-03T06:16:00+00:00,18.66,23.18,2799.7,0.0,19.63,33.33,64.83
2026-09-03T06:17:00+00:00,14.53,16.45,2622.08,0.0,19.63,32.37,67.86
2026-09-03T06:18:00+00:00,15.66,16.14,2901.5,0.0,21.09,35.26,61.23
2026-09-03T06:19:00+00:00,15.0,16.77,2518.99,0.84,20.85,33.98,64.26
2026-09-03T06:20:00+00:00,14.16,20.27,2623.32,0.19,21.07,33.42,64.22
2026-09-03T06:21:00+00:00,13.86,15.03,2692.4,0.0,21.08,33.74,58.26
2026-09-03T06:22:00+00:00,15.16,19.09,2614.21,0.0,20.25,34.16,65.8
2026-09-03T06:23:00+00:00,16.5,16.37,2854.1,0.0,21.04,34.03,66.0
2026-09-03T06:24:00+00:00,15.93,22.04,2907.19,0.0,19.63,34.96,63.46
2026-09-03T06:25:00+00:00,15.45,16.61,2829.03,0.0,21.1,32.1,66.82
2026-09-03T06:26:00+00:00,17.93,18.17,2524.82,0.0,19.63,34.31,62.8
2026-09-03T06:27:00+00:00,20.43,24.72,2966.94,0.0,19.63,33.75,70.95
2026-09-03T06:28:00+00:00,16.66,16.75,2860.64,0.0,19.73,35.7,66.68
2026-09-03T06:29:00+00:00,14.28,15.16,2779.14,0.97,19.63,34.0,61.6
2026-09-03T06:30:00+00:00,14.66,12.42,2859.21,0.0,19.73,33.89,66.79
2026-09-03T06:31:00+00:00,12.81,12.56,2748.1,0.0,19.63,34.22,66.18
2026-09-03T06:32:00+00:00,9.93,13.89,2718.12,0.0,19.63,34.21,62.88
2026-09-03T06:33:00+00:00,11.11,14.97,2761.74,0.0,20.71,34.2,59.74
2026-09-03T06:34:00+00:00,13.64,12.77,2446.0,0.0,19.63,33.12,61.03
2026-09-03T06:35:00+00:00,12.51,16.2,2648.65,0.78,19.63,34.45,60.27
2026-09-03T06:36:00+00:00,14.75,13.57,2850.72,0.0,19.79,34.47,63.98
2026-09-03T06:37:00+00:00,22.02,27.65,2724.87,0.38,21.08,33.39,63.99
2026-09-03T06:38:00+00:00,15.91,17.89,2758.78,0.0,20.45,34.78,62.04
2026-09-03T06:39:00+00:00,12.87,16.72,2915.54,0.29,20.79,33.48,66.84
2026-09-03T06:40:00+00:00,15.99,21.32,2830.85,0.0,19.63,32.66,70.3
2026-09-03T06:41:00+00:00,18.78,19.16,2985.34,0.0,20.66,35.14,62.77
2026-09-03T06:42:00+00:00,18.51,19.24,2865.99,0.27,19.63,33.83,64.17
2026-09-03T06:43:00+00:00,17.24,22.35,2639.78,0.0,19.63,34.61,63.11
2026-09-03T06:44:00+00:00,11.37,11.94,2861.95,0.0,20.31,33.94,66.2
2026-09-03T06:45:00+00:00,18.46,23.91,2598.88,0.0,19.63,36.17,64.08
2026-09-03T06:46:00+00:00,13.33,15.93,2738.01,0.03,19.63,34.05,70.53
2026-09-03T06:47:00+00:00,19.51,20.95,2634.87,0.0,20.31,34.45,64.83
2026-09-03T06:48:00+00:00,15.72,17.87,3075.55,0.0,19.63,32.49,68.64
2026-09-03T06:49:00+00:00,16.15,20.34,2948.79,0.3,19.63,34.98,65.27
2026-09-03T06:50:00+00:00,17.4,19.39,2835.29,0.0,19.63,33.45,62.96
2026-09-03T06:51:00+00:00,11.98,12.36,2808.79,0.0,20.91,33.44,65.32
2026-09-03T06:52:00+00:00,13.33,18.82,2800.98,0.0,19.63,33.91,57.53
2026-09-03T06:53:00+00:00,13.82,17.86,2879.43,0.0,19.63,35.2,53.72
2026-09-03T06:54:00+00:00,13.61,14.56,2682.76,0.0,19.72,32.81,67.39
2026-09-03T06:55:00+00:00,13.42,16.41,2917.86,0.0,20.11,34.05,66.37
2026-09-03T06:56:00+00:00,13.46,14.17,2851.4,0.16,20.58,34.55,61.14
2026-09-03T06:57:00+00:00,16.61,17.78,2848.52,0.21,20.71,36.32,57.54
2026-09-03T06:58:00+00:00,9.76,16.05,2752.42,0.0,20.6,32.22,68.11
2026-09-03T06:59:00+00:00,13.81,15.0,2709.47,0.0,20.44,33.96,66.89
2026-09-03T07:00:00+00:00,15.33,22.19,2751.3,0.0,19.63,34.04,66.57
2026-09-03T07:01:00+00:00,11.33,13.26,2911.85,0.0,19.63,34.03,65.3
2026-09-03T07:02:00+00:00,12.77,13.23,2868.48,0.18,20.7,33.36,66.6
2026-09-03T07:03:00+00:00,8.86,10.36,2761.33,0.46,20.43,35.23,59.85
2026-09-03T07:04:00+00:00,18.23,19.56,2855.36,0.0,19.63,33.47,59.18
2026-09-03T07:05:00+00:00,9.35,9.83,2933.38,0.0,19.63,34.0,60.12
2026-09-03T07:06:00+00:00,18.45,15.21,2678.26,0.55,20.43,34.53,63.53
2026-09-03T07:07:00+00:00,14.66,16.49,3345.13,0.0,19.63,34.4,58.27
2026-09-03T07:08:00+00:00,12.72,10.18,2822.54,0.0,20.76,33.08,65.17
2026-09-03T07:09:00+00:00,13.2,17.94,2778.7,0.0,20.96,31.58,74.13
2026-09-03T07:10:00+00:00,16.51,23.72,2900.05,0.0,20.73,33.89,62.73
2026-09-03T07:11:00+00:00,17.06,23.64,3031.23,0.0,19.63,33.26,61.34
2026-09-03T07:12:00+00:00,15.2,15.04,3059.33,1.12,19.63,34.52,62.83
2026-09-03T07:13:00+00:00,11.65,8.99,2625.29,0.0,19.63,35.09,60.2
2026-09-03T07:14:00+00:00,16.88,18.4,2909.17,0.0,19.63,34.72,66.15
2026-09-03T07:15:00+00:00,17.54,23.84,2927.89,0.0,20.1,33.77,63.33
2026-09-03T07:16:00+00:00,12.16,15.93,2966.63,0.0,19.86,34.93,59.87
2026-09-03T07:17:00+00:00,14.25,18.6,3024.74,0.0,19.74,34.58,67.71
2026-09-03T07:18:00+00:00,9.8,10.38,2792.41,0.0,19.63,35.34,61.4
2026-09-03T07:19:00+00:00,9.73,11.36,2963.07,0.0,19.63,32.18,65.58
2026-09-03T07:20:00+00:00,9.78,12.19,2871.61,0.0,19.89,34.65,59.53
2026-09-03T07:21:00+00:00,15.48,17.53,2808.81,0.0,20.02,34.55,59.79
2026-09-03T07:22:00+00:00,15.48,17.9,2894.56,0.0,19.63,33.88,65.66
2026-09-03T07:23:00+00:00,15.63,21.11,2959.92,0.0,19.86,34.32,62.89
2026-09-03T07:24:00+00:00,15.41,17.46,3071.7,0.91,20.78,35.64,56.11
2026-09-03T07:25:00+00:00,11.19,22.2,3162.88,0.0,19.85,34.21,64.55
2026-09-03T07:26:00+00:00,15.23,15.65,2826.52,0.0,19.63,34.59,58.07
2026-09-03T07:27:00+00:00,17.3,25.07,2944.54,0.55,20.29,33.13,69.39
2026-09-03T07:28:00+00:00,16.87,22.76,2974.96,0.0,19.63,33.78,60.22
2026-09-03T07:29:00+00:00,16.24,18.91,2829.29,0.0,19.63,34.46,68.16
2026-09-03T07:30:00+00:00,14.11,14.31,3071.85,0.0,19.63,34.83,61.58
2026-09-03T07:31:00+00:00,14.63,16.93,2743.28,0.09,19.63,34.82,62.58
2026-09-03T07:32:00+00:00,14.6,16.96,2866.18,0.0,19.63,34.91,60.49
2026-09-03T07:33:00+00:00,16.78,17.18,3069.49,0.0,19.96,33.02,66.58
2026-09-03T07:34:00+00:00,13.16,16.02,2974.35,0.71,20.88,33.8,63.14
2026-09-03T07:35:00+00:00,17.97,19.67,3056.93,0.0,20.16,34.25,67.01
2026-09-03T07:36:00+00:00,16.94,21.47,2557.09,0.0,19.63,33.46,65.3
2026-09-03T07:37:00+00:00,14.98,20.62,3009.04,0.0,20.51,34.15,62.66
2026-09-03T07:38:00+00:00,21.56,28.39,2689.17,0.0,19.63,32.65,64.06
2026-09-03T07:39:00+00:00,16.27,16.24,3103.53,0.0,19.63,31.77,71.59
2026-09-03T07:40:00+00:00,17.36,18.23,2826.89,0.0,21.04,36.19,58.4
2026-09-03T07:41:00+00:00,13.2,10.39,2771.95,0.0,20.65,34.06,63.74
2026-09-03T07:42:00+00:00,15.53,20.1,2834.83,0.0,20.29,35.65,55.46
2026-09-03T07:43:00+00:00,13.35,15.55,3144.79,0.0,19.63,35.38,61.25
2026-09-03T07:44:00+00:00,15.28,14.67,3083.46,0.0,20.52,35.62,63.43
2026-09-03T07:45:00+00:00,15.79,16.46,3031.01,0.0,19.63,35.4,63.9
2026-09-03T07:46:00+00:00,16.04,14.51,2924.01,0.0,20.48,33.41,64.75
2026-09-03T07:47:00+00:00,18.71,22.64,3096.1,0.73,20.43,33.83,67.46
2026-09-03T07:48:00+00:00,12.76,13.66,2932.8,0.0,19.91,34.87,63.35
2026-09-03T07:49:00+00:00,17.47,22.21,2905.38,0.99,20.63,35.01,58.93
2026-09-03T07:50:00+00:00,13.16,16.57,3056.38,0.87,20.01,34.11,61.75
2026-09-03T07:51:00+00:00,16.89,20.09,3207.45,0.0,20.36,33.59,60.83
2026-09-03T07:52:00+00:00,17.5,16.66,2955.43,0.87,19.93,35.91,56.1
2026-09-03T07:53:00+00:00,12.12,15.39,2921.74,0.0,20.59,34.83,59.13
2026-09-03T07:54:00+00:00,13.37,19.52,3103.51,0.0,20.32,34.95,61.71
2026-09-03T07:55:00+00:00,14.21,15.9,2730.1,0.0,20.14,34.48,58.48
2026-09-03T07:56:00+00:00,13.21,18.42,2971.86,0.0,20.6,34.96,61.3
2026-09-03T07:57:00+00:00,15.68,18.52,3209.2,0.61,21.22,34.98,65.21
2026-09-03T07:58:00+00:00,14.88,17.23,3040.91,0.0,21.18,35.95,54.27
2026-09-03T07:59:00+00:00,20.8,18.09,2750.89,0.0,21.01,34.99,52.62
2026-09-03T08:00:00+00:00,15.64,15.04,3094.9,0.06,20.67,33.77,62.57
2026-09-03T08:01:00+00:00,12.47,12.01,3151.48,0.0,20.48,34.66,61.64
2026-09-03T08:02:00+00:00,14.73,21.15,2825.64,0.0,21.93,34.76,61.16
2026-09-03T08:03:00+00:00,12.54,17.01,3354.14,0.0,21.74,34.78,63.27
2026-09-03T08:04:00+00:00,15.94,21.95,3072.58,0.0,21.38,34.11,61.05
2026-09-03T08:05:00+00:00,14.21,19.63,2878.72,0.0,21.54,36.87,52.84
2026-09-03T08:06:00+00:00,14.61,15.54,3194.23,1.63,22.5,34.5,60.63
2026-09-03T08:07:00+00:00,15.16,21.6,2943.31,0.0,20.89,33.82,60.25
2026-09-03T08:08:00+00:00,10.45,14.76,3036.71,0.29,20.3,35.3,55.49
2026-09-03T08:09:00+00:00,11.57,17.29,2794.27,0.0,22.89,34.19,63.18
2026-09-03T08:10:00+00:00,12.65,14.55,3017.24,0.0,20.98,36.21,60.16
2026-09-03T08:11:00+00:00,18.23,12.6,3204.92,0.46,23.5,35.35,60.87
2026-09-03T08:12:00+00:00,16.05,20.17,2986.16,0.0,22.41,33.56,59.18
2026-09-03T08:13:00+00:00,15.36,16.81,2914.18,0.0,20.87,34.93,60.72
2026-09-03T08:14:00+00:00,19.51,19.17,3025.34,0.0,20.46,34.92,65.89
2026-09-03T08:15:00+00:00,13.04,12.61,3173.78,0.0,21.0,34.75,63.05
2026-09-03T08:16:00+00:00,17.44,17.24,3076.27,0.69,20.85,34.81,62.11
2026-09-03T08:17:00+00:00,11.94,12.66,3091.04,0.0,20.65,35.14,64.28
2026-09-03T08:18:00+00:00,15.07,16.05,2962.44,0.0,23.88,34.67,64.98
2026-09-03T08:19:00+00:00,16.02,17.7,3196.48,0.78,20.06,33.63,65.96
2026-09-03T08:20:00+00:00,19.23,22.95,3139.74,0.0,20.21,35.2,63.69
2026-09-03T08:21:00+00:00,13.75,13.85,3133.91,0.0,25.07,34.08,64.24
2026-09-03T08:22:00+00:00,19.32,15.22,3065.44,0.0,21.06,35.9,60.23
2026-09-03T08:23:00+00:00,14.38,16.8,3288.45,0.0,21.1,34.5,61.04
2026-09-03T08:24:00+00:00,17.52,18.82,3186.66,0.0,24.33,35.33,58.44
2026-09-03T08:25:00+00:00,17.03,17.36,2955.76,0.75,20.23,35.46,66.16
2026-09-03T08:26:00+00:00,15.9,18.79,3155.81,0.0,20.51,34.99,59.7
2026-09-03T08:27:00+00:00,15.61,21.9,3367.81,0.0,20.25,35.89,53.4
2026-09-03T08:28:00+00:00,11.31,11.08,3378.28,0.67,20.41,35.9,61.83
2026-09-03T08:29:00+00:00,14.84,22.3,3295.07,0.0,20.31,34.35,59.88
2026-09-03T08:30:00+00:00,19.44,26.1,3194.33,0.0,24.08,34.18,63.2
2026-09-03T08:31:00+00:00,16.45,18.5,3188.83,0.0,25.3,34.39,64.73
2026-09-03T08:32:00+00:00,19.46,19.51,3391.68,0.0,26.47,34.8,62.29
2026-09-03T08:33:00+00:00,17.32,23.22,3196.05,0.0,21.0,33.55,66.52
2026-09-03T08:34:00+00:00,20.2,24.57,3187.26,0.0,20.22,35.72,59.89
2026-09-03T08:35:00+00:00,14.14,23.07,3112.09,0.0,24.89,34.89,59.66
2026-09-03T08:36:00+00:00,15.03,14.05,3187.93,0.0,21.02,35.62,58.78
2026-09-03T08:37:00+00:00,19.06,21.12,3234.26,0.0,25.33,34.84,59.25
2026-09-03T08:38:00+00:00,18.05,19.7,3529.68,0.0,20.36,34.59,61.15
2026-09-03T08:39:00+00:00,13.44,16.71,2915.32,0.0,20.73,35.53,60.13
2026-09-03T08:40:00+00:00,11.15,7.52,3291.76,0.0,20.13,35.63,56.39
2026-09-03T08:41:00+00:00,14.66,14.3,3433.02,0.39,26.42,36.09,60.96
2026-09-03T08:42:00+00:00,10.39,11.72,3046.18,1.15,20.01,34.57,61.31
2026-09-03T08:43:00+00:00,17.7,20.2,3306.48,0.0,20.23,35.06,57.91
2026-09-03T08:44:00+00:00,19.53,25.54,3138.72,0.0,29.56,34.83,62.54
2026-09-03T08:45:00+00:00,16.87,19.38,3416.71,0.0,20.02,33.85,57.89
2026-09-03T08:46:00+00:00,15.75,16.58,3790.96,0.0,26.95,34.8,63.97
2026-09-03T08:47:00+00:00,14.78,24.18,3512.16,0.0,19.8,35.64,61.58
2026-09-03T08:48:00+00:00,14.83,13.18,3435.16,0.05,26.43,34.82,68.32
2026-09-03T08:49:00+00:00,18.71,17.97,3332.96,0.0,27.61,37.01,60.01
2026-09-03T08:50:00+00:00,13.95,18.53,3508.63,0.0,19.8,36.14,59.66
2026-09-03T08:51:00+00:00,16.08,18.65,3282.79,0.0,20.79,34.89,61.25
2026-09-03T08:52:00+00:00,14.66,17.01,3282.17,0.09,20.86,35.25,61.41
2026-09-03T08:53:00+00:00,15.71,23.03,3408.14,1.24,20.43,34.3,58.54
2026-09-03T08:54:00+00:00,12.61,16.87,3084.35,0.0,20.28,34.92,60.8
2026-09-03T08:55:00+00:00,17.99,21.27,3454.15,0.0,20.23,33.44,60.54
2026-09-03T08:56:00+00:00,16.14,19.28,3244.05,0.0,20.28,34.59,56.68
2026-09-03T08:57:00+00:00,16.81,17.52,3424.31,0.24,21.0,35.0,64.75
2026-09-03T08:58:00+00:00,13.97,15.1,3456.73,0.0,28.25,34.15,62.1
2026-09-03T08:59:00+00:00,21.19,24.44,3277.92,0.3,20.5,35.26,58.11
2026-09-03T09:00:00+00:00,17.1,14.98,3533.94,0.0,21.0,35.96,57.89
2026-09-03T09:01:00+00:00,9.78,12.57,3529.92,0.0,19.81,35.49,55.62
2026-09-03T09:02:00+00:00,11.84,9.97,3173.58,0.84,20.71,36.56,52.99
2026-09-03T09:03:00+00:00,13.6,15.13,3539.18,0.26,27.52,32.95,60.53
2026-09-03T09:04:00+00:00,19.88,20.88,3662.81,0.0,20.06,33.11,62.14
2026-09-03T09:05:00+00:00,12.77,12.91,3362.69,0.0,20.78,34.63,57.96
2026-09-03T09:06:00+00:00,13.67,13.74,3490.98,0.0,20.16,36.71,57.6
2026-09-03T09:07:00+00:00,18.51,16.39,3609.06,0.0,19.94,36.2,52.88
2026-09-03T09:08:00+00:00,13.65,16.23,3325.55,0.13,32.81,35.57,59.6
2026-09-03T09:09:00+00:00,19.04,20.05,3528.51,0.0,19.75,36.12,57.77
2026-09-03T09:10:00+00:00,14.22,16.49,3345.63,0.0,20.5,34.57,64.73
2026-09-03T09:11:00+00:00,12.1,14.88,3385.61,1.11,19.63,35.0,62.55
2026-09-03T09:12:00+00:00,14.25,20.87,3169.52,0.0,20.98,36.81,58.75
2026-09-03T09:13:00+00:00,11.29,10.62,3478.22,0.0,20.74,35.74,58.09
2026-09-03T09:14:00+00:00,15.71,17.21,3224.35,0.82,33.41,34.43,54.69
2026-09-03T09:15:00+00:00,17.01,19.39,3296.15,0.13,20.67,35.51,61.16
2026-09-03T09:16:00+00:00,12.03,14.7,3494.3,0.0,30.85,36.26,54.77
2026-09-03T09:17:00+00:00,14.78,20.0,3298.32,0.0,20.43,35.69,54.32
2026-09-03T09:18:00+00:00,16.49,16.52,3336.11,0.0,21.01,35.74,59.55
2026-09-03T09:19:00+00:00,15.87,17.77,3325.26,0.28,33.99,36.36,53.48
2026-09-03T09:20:00+00:00,19.16,23.29,3490.44,0.0,20.97,34.82,62.2
2026-09-03T09:21:00+00:00,18.61,16.29,3270.35,0.0,36.59,34.51,59.42
2026-09-03T09:22:00+00:00,15.95,14.43,3800.56,0.27,21.09,35.56,56.43
2026-09-03T09:23:00+00:00,11.75,16.93,3587.58,0.0,20.27,34.41,60.46
2026-09-03T09:24:00+00:00,18.16,22.34,3528.45,0.0,20.0,36.74,55.2
2026-09-03T09:25:00+00:00,15.94,18.27,3398.37,0.0,35.85,35.61,62.28
2026-09-03T09:26:00+00:00,15.59,20.44,3580.9,0.0,38.04,35.98,57.74
2026-09-03T09:27:00+00:00,14.2,16.58,3297.93,1.08,20.46,35.69,58.36
2026-09-03T09:28:00+00:00,14.34,17.51,3440.25,0.0,33.51,36.1,60.62
2026-09-03T09:29:00+00:00,15.49,14.68,3399.9,0.0,20.78,35.3,61.25
2026-09-03T09:30:00+00:00,17.48,19.76,3540.26,0.0,20.69,36.45,61.17
2026-09-03T09:31:00+00:00,13.36,12.4,3407.46,0.0,21.04,35.03,60.69
2026-09-03T09:32:00+00:00,17.42,18.86,3341.82,0.0,32.72,36.82,56.29
2026-09-03T09:33:00+00:00,14.24,15.52,3537.28,0.0,36.6,35.68,65.92
2026-09-03T09:34:00+00:00,14.07,20.08,3499.29,0.0,32.57,35.81,55.34
2026-09-03T09:35:00+00:00,16.08,17.05,3523.29,0.0,20.4,35.64,55.06
2026-09-03T09:36:00+00:00,12.79,14.09,3469.21,0.11,33.62,36.83,58.53
2026-09-03T09:37:00+00:00,14.63,18.99,3507.7,0.0,34.36,35.35,59.62
2026-09-03T09:38:00+00:00,14.59,19.42,3544.14,0.0,20.85,35.39,61.2
2026-09-03T09:39:00+00:00,11.57,14.11,3635.16,0.7,20.67,35.42,55.67
2026-09-03T09:40:00+00:00,18.75,21.24,3723.06,0.0,41.56,36.33,57.17
2026-09-03T09:41:00+00:00,13.85,16.29,3566.98,0.0,21.04,37.37,57.99
2026-09-03T09:42:00+00:00,16.06,17.11,3585.06,0.0,20.87,37.83,53.66
2026-09-03T09:43:00+00:00,11.61,14.24,3628.56,0.0,20.46,35.65,56.73
2026-09-03T09:44:00+00:00,10.42,7.5,3478.36,1.04,34.27,36.38,55.64
2026-09-03T09:45:00+00:00,12.93,17.59,3363.61,0.0,40.59,36.83,56.44
2026-09-03T09:46:00+00:00,19.58,16.1,3377.35,0.72,34.16,35.95,62.79
2026-09-03T09:47:00+00:00,13.65,19.12,3534.03,1.11,37.45,37.57,52.07
2026-09-03T09:48:00+00:00,15.8,18.07,3643.61,0.0,19.83,37.21,55.45
2026-09-03T09:49:00+00:00,16.85,20.56,3478.94,0.01,20.0,37.09,59.04
2026-09-03T09:50:00+00:00,16.88,17.7,3483.37,0.0,45.18,36.33,54.56
2026-09-03T09:51:00+00:00,11.95,19.51,3558.13,0.0,45.54,35.68,61.22
2026-09-03T09:52:00+00:00,18.74,17.28,3211.18,0.0,36.61,38.11,53.44
2026-09-03T09:53:00+00:00,13.54,16.8,3443.42,0.0,39.77,36.36,61.01
2026-09-03T09:54:00+00:00,14.71,13.97,3623.14,0.67,19.68,36.48,59.07
2026-09-03T09:55:00+00:00,12.7,12.5,3603.94,0.0,19.86,37.15,59.56
2026-09-03T09:56:00+00:00,12.3,18.25,3289.61,0.0,39.58,37.61,49.73
2026-09-03T09:57:00+00:00,12.8,15.84,3591.37,0.0,21.0,34.89,59.21
2026-09-03T09:58:00+00:00,14.33,17.09,3470.32,0.27,37.25,36.46,58.87
2026-09-03T09:59:00+00:00,22.49,22.76,3218.4,0.03,20.46,36.65,56.71
2026-09-03T10:00:00+00:00,9.79,9.15,3311.97,0.0,20.72,36.36,53.49
2026-09-03T10:01:00+00:00,10.35,11.39,3289.69,0.48,36.1,37.1,55.44
2026-09-03T10:02:00+00:00,15.3,13.47,3352.29,0.0,20.21,35.31,60.09
2026-09-03T10:03:00+00:00,13.13,16.46,3042.73,0.0,19.72,35.28,63.04
2026-09-03T10:04:00+00:00,10.85,11.91,3536.94,0.0,40.87,35.64,61.9
2026-09-03T10:05:00+00:00,12.19,15.65,3328.78,0.09,20.29,36.69,53.07
2026-09-03T10:06:00+00:00,14.87,25.12,3778.11,0.0,20.37,36.27,64.52
2026-09-03T10:07:00+00:00,16.98,16.63,3566.9,0.0,19.9,36.24,58.24
2026-09-03T10:08:00+00:00,16.86,21.3,3596.12,0.0,19.81,37.02,55.56
2026-09-03T10:09:00+00:00,15.5,17.94,3607.01,0.0,20.68,35.36,61.78
2026-09-03T10:10:00+00:00,11.78,14.39,3921.71,0.0,39.05,36.6,52.64
2026-09-03T10:11:00+00:00,16.58,21.86,3366.84,0.0,20.51,34.27,62.56
2026-09-03T10:12:00+00:00,15.37,14.82,3488.41,0.0,37.56,37.55,51.15
2026-09-03T10:13:00+00:00,15.53,16.91,3466.4,0.0,49.75,37.29,57.02
2026-09-03T10:14:00+00:00,17.09,16.33,3558.92,0.0,51.17,35.91,58.6
2026-09-03T10:15:00+00:00,14.08,17.25,3238.43,0.0,39.16,35.08,59.93
2026-09-03T10:16:00+00:00,14.78,15.24,3446.74,0.0,20.02,36.69,59.69
2026-09-03T10:17:00+00:00,13.68,15.65,3828.53,0.0,45.17,37.51,60.12
2026-09-03T10:18:00+00:00,10.03,15.28,3487.99,0.0,20.97,36.34,57.63
2026-09-03T10:19:00+00:00,11.65,13.65,3353.05,0.0,19.99,37.38,51.07
2026-09-03T10:20:00+00:00,13.72,14.38,3458.91,0.0,20.44,34.86,58.77
2026-09-03T10:21:00+00:00,14.47,22.23,3506.48,0.0,20.96,35.6,61.63
2026-09-03T10:22:00+00:00,15.1,16.0,3349.68,0.02,42.03,37.03,52.73
2026-09-03T10:23:00+00:00,19.11,20.47,3564.95,0.49,54.22,37.51,55.45
2026-09-03T10:24:00+00:00,20.04,31.53,3677.28,0.0,42.32,37.58,53.36
2026-09-03T10:25:00+00:00,18.02,22.92,3647.24,0.0,21.07,35.27,61.49
2026-09-03T10:26:00+00:00,15.65,14.47,3293.68,0.0,20.83,36.22,61.91
2026-09-03T10:27:00+00:00,15.67,17.41,3355.47,0.0,44.22,36.98,51.35
2026-09-03T10:28:00+00:00,17.78,17.78,3659.5,0.0,19.68,35.7,58.6
2026-09-03T10:29:00+00:00,20.65,26.04,3244.71,0.0,49.1,36.49,56.97
2026-09-03T10:30:00+00:00,20.45,21.18,3395.65,0.77,42.46,35.94,57.71
2026-09-03T10:31:00+00:00,15.61,15.54,3539.8,0.0,54.45,36.31,53.75
2026-09-03T10:32:00+00:00,12.8,20.87,3102.22,0.0,20.23,36.92,55.18
2026-09-03T10:33:00+00:00,19.02,19.86,3539.74,0.0,43.75,34.62,58.15
2026-09-03T10:34:00+00:00,18.34,20.19,3607.75,0.0,47.03,38.4,56.0
2026-09-03T10:35:00+00:00,15.88,19.61,3737.7,0.0,20.52,36.04,58.25
2026-09-03T10:36:00+00:00,17.39,19.18,3430.08,0.0,20.99,36.9,50.78
2026-09-03T10:37:00+00:00,16.96,21.14,3249.82,0.0,20.06,37.41,55.17
2026-09-03T10:38:00+00:00,13.89,15.04,3713.63,0.0,52.1,35.34,62.58
2026-09-03T10:39:00+00:00,13.3,19.87,3495.14,0.37,44.69,34.82,59.92
2026-09-03T10:40:00+00:00,14.25,14.63,3317.35,0.0,50.69,35.85,59.25
2026-09-03T10:41:00+00:00,12.14,17.62,3044.17,0.0,47.82,37.03,55.57
2026-09-03T10:42:00+00:00,14.35,18.39,3208.34,0.0,20.64,36.57,62.73
2026-09-03T10:43:00+00:00,15.93,24.51,3534.78,0.0,54.76,35.45,59.97
2026-09-03T10:44:00+00:00,10.56,14.6,3363.61,0.0,20.34,37.83,49.89
2026-09-03T10:45:00+00:00,17.75,18.29,3362.39,0.17,60.01,36.92,53.4
2026-09-03T10:46:00+00:00,16.89,23.62,3558.33,0.0,19.73,35.88,60.79
2026-09-03T10:47:00+00:00,14.01,12.61,3526.11,0.0,20.64,36.44,58.61
2026-09-03T10:48:00+00:00,12.56,22.59,3233.14,0.0,19.69,37.07,55.75
2026-09-03T10:49:00+00:00,14.35,19.13,3483.9,0.19,44.3,36.91,51.94
2026-09-03T10:50:00+00:00,11.66,12.71,3376.95,0.0,20.47,36.58,55.5
2026-09-03T10:51:00+00:00,15.64,19.68,3769.49,0.0,21.1,37.24,56.72
2026-09-03T10:52:00+00:00,13.06,17.71,3639.59,0.0,43.5,38.16,47.34
2026-09-03T10:53:00+00:00,18.66,26.0,3658.82,0.0,56.1,37.74,54.88
2026-09-03T10:54:00+00:00,12.27,14.54,3405.8,0.0,44.5,35.97,57.93
2026-09-03T10:55:00+00:00,12.9,13.66,3485.49,0.0,20.9,37.0,52.48
2026-09-03T10:56:00+00:00,16.09,18.6,3406.22,0.22,54.46,37.93,48.25
2026-09-03T10:57:00+00:00,13.78,15.66,3325.21,0.0,48.04,37.83,51.34
2026-09-03T10:58:00+00:00,15.37,20.84,3303.92,0.0,61.74,37.64,53.49
2026-09-03T10:59:00+00:00,12.99,13.02,3336.27,0.54,19.65,36.0,55.98
2026-09-03T11:00:00+00:00,15.08,15.45,3550.28,0.14,56.06,36.67,55.49
2026-09-03T11:01:00+00:00,15.26,18.53,3220.64,0.0,64.77,39.14,53.26
2026-09-03T11:02:00+00:00,17.94,19.46,3404.48,0.0,54.16,38.31,48.12
2026-09-03T11:03:00+00:00,12.95,12.88,3577.12,0.91,48.36,37.66,55.11
2026-09-03T11:04:00+00:00,15.29,15.01,3163.65,0.08,61.18,36.79,59.92
2026-09-03T11:05:00+00:00,17.86,18.59,3384.42,0.91,20.85,35.56,56.91
2026-09-03T11:06:00+00:00,17.23,18.43,3306.81,0.0,20.13,36.91,53.52
2026-09-03T11:07:00+00:00,18.53,19.34,3298.0,0.0,65.96,37.39,53.49
2026-09-03T11:08:00+00:00,18.11,18.86,3284.53,0.0,64.14,37.23,63.01
2026-09-03T11:09:00+00:00,19.74,20.87,3453.81,0.78,19.79,36.84,55.59
2026-09-03T11:10:00+00:00,12.7,15.15,3431.12,0.0,52.51,37.9,47.12
2026-09-03T11:11:00+00:00,12.64,11.68,3348.19,0.0,20.8,35.92,58.24
2026-09-03T11:12:00+00:00,16.81,23.57,3445.11,0.0,67.73,36.6,52.62
2026-09-03T11:13:00+00:00,17.33,19.91,3327.84,0.27,53.73,37.43,55.03
2026-09-03T11:14:00+00:00,18.09,17.08,3105.18,0.0,20.76,36.78,56.54
2026-09-03T11:15:00+00:00,17.57,20.54,3375.47,0.0,49.11,36.86,55.25
2026-09-03T11:16:00+00:00,17.98,15.96,3477.71,0.13,19.83,37.51,57.25
2026-09-03T11:17:00+00:00,12.88,15.88,3355.29,0.0,20.88,38.11,51.35
2026-09-03T11:18:00+00:00,14.74,17.47,2874.12,0.0,61.94,38.52,46.05
2026-09-03T11:19:00+00:00,14.68,16.83,3352.97,0.69,20.67,37.65,57.23
2026-09-03T11:20:00+00:00,18.72,24.23,3219.14,0.38,58.93,35.72,57.25
2026-09-03T11:21:00+00:00,18.04,13.87,2861.38,0.13,20.29,37.04,54.47
2026-09-03T11:22:00+00:00,19.05,25.55,3008.06,1.35,57.28,37.47,54.47
2026-09-03T11:23:00+00:00,13.22,18.96,3290.44,1.39,58.47,35.44,59.14
2026-09-03T11:24:00+00:00,13.51,16.5,3049.44,0.23,66.09,37.82,50.56
2026-09-03T11:25:00+00:00,12.97,17.9,2996.91,0.0,19.71,38.3,48.48
2026-09-03T11:26:00+00:00,15.87,20.13,3111.16,0.08,20.97,36.99,56.15
2026-09-03T11:27:00+00:00,15.85,19.29,3467.31,0.07,20.23,38.25,48.17
2026-09-03T11:28:00+00:00,13.07,15.41,3051.0,0.0,20.24,36.1,58.62
2026-09-03T11:29:00+00:00,15.46,21.27,3124.57,0.0,62.31,35.01,62.25
2026-09-03T11:30:00+00:00,16.56,18.76,3165.51,0.0,57.07,37.32,53.88
2026-09-03T11:31:00+00:00,13.15,11.97,3212.77,0.58,65.7,37.5,53.65
2026-09-03T11:32:00+00:00,16.52,19.1,2968.06,0.0,52.3,36.81,60.81
2026-09-03T11:33:00+00:00,12.07,13.09,3014.52,0.0,20.23,36.65,52.1
2026-09-03T11:34:00+00:00,16.4,17.79,3224.48,0.0,20.23,37.42,51.32
2026-09-03T11:35:00+00:00,11.16,9.84,3177.04,0.0,19.8,38.59,51.89
2026-09-03T11:36:00+00:00,16.52,21.98,2996.45,0.0,55.49,37.87,51.82
2026-09-03T11:37:00+00:00,14.5,13.11,2972.92,0.0,59.6,37.08,54.98
2026-09-03T11:38:00+00:00,16.98,23.25,3313.56,0.0,54.49,38.2,58.73
2026-09-03T11:39:00+00:00,15.74,16.3,3327.42,0.6,20.32,37.17,58.24
2026-09-03T11:40:00+00:00,11.37,12.46,3155.09,0.0,20.44,36.8,61.82
2026-09-03T11:41:00+00:00,15.81,15.78,3360.51,0.02,20.22,36.83,56.05
2026-09-03T11:42:00+00:00,16.92,19.68,3269.3,0.0,52.25,37.27,53.61
2026-09-03T11:43:00+00:00,15.48,16.27,3201.71,0.12,19.94,38.13,49.51
2026-09-03T11:44:00+00:00,17.52,22.64,2854.88,1.02,63.92,37.91,51.39
2026-09-03T11:45:00+00:00,12.79,16.52,3017.4,0.82,20.26,37.75,48.33
2026-09-03T11:46:00+00:00,15.93,21.08,3190.69,0.0,20.04,35.7,60.6
2026-09-03T11:47:00+00:00,14.08,14.88,2942.07,0.0,20.9,37.07,52.11
2026-09-03T11:48:00+00:00,15.1,15.97,3025.22,0.0,19.94,38.24,50.8
2026-09-03T11:49:00+00:00,15.81,17.5,2918.04,0.0,57.78,38.61,52.99
2026-09-03T11:50:00+00:00,14.17,15.08,3087.37,0.0,51.25,37.15,53.23
2026-09-03T11:51:00+00:00,17.5,15.68,3195.64,0.28,66.71,36.3,63.05
2026-09-03T11:52:00+00:00,13.87,17.26,3135.08,0.29,73.35,37.14,56.16
2026-09-03T11:53:00+00:00,13.01,14.32,3095.41,0.39,20.73,37.92,44.94
2026-09-03T11:54:00+00:00,18.85,19.01,2872.46,0.0,72.67,37.54,56.72
2026-09-03T11:55:00+00:00,12.35,13.07,2977.79,0.0,57.8,38.3,51.45
2026-09-03T11:56:00+00:00,14.53,13.66,3086.48,0.0,55.43,38.86,49.5
2026-09-03T11:57:00+00:00,17.85,18.46,3053.79,0.0,20.56,36.85,55.41
2026-09-03T11:58:00+00:00,11.85,17.56,3055.83,0.0,65.86,38.8,52.08
2026-09-03T11:59:00+00:00,14.32,16.51,3147.34,0.32,20.56,36.08,57.35
2026-09-03T12:00:00+00:00,14.06,12.35,3079.04,0.0,20.87,38.06,52.55
2026-09-03T12:01:00+00:00,17.22,25.38,2846.22,0.0,20.3,37.77,54.43
2026-09-03T12:02:00+00:00,17.13,24.18,2987.24,0.0,20.14,37.83,53.17
2026-09-03T12:03:00+00:00,16.59,16.6,3171.82,0.0,21.03,36.68,62.55
2026-09-03T12:04:00+00:00,13.89,17.95,3014.92,1.21,61.68,38.15,56.09
2026-09-03T12:05:00+00:00,14.3,16.57,3076.65,0.0,19.74,37.26,50.02
2026-09-03T12:06:00+00:00,12.79,10.26,3111.57,0.0,20.26,38.34,52.72
2026-09-03T12:07:00+00:00,12.25,14.24,3132.75,0.27,20.45,37.48,58.08
2026-09-03T12:08:00+00:00,18.64,19.47,3131.42,0.0,19.83,36.46,59.0
2026-09-03T12:09:00+00:00,16.4,18.55,3091.33,0.0,20.21,37.84,56.9
2026-09-03T12:10:00+00:00,19.96,20.46,3183.98,0.75,70.27,38.12,51.76
2026-09-03T12:11:00+00:00,18.21,19.84,2905.49,0.54,77.02,36.94,56.4
2026-09-03T12:12:00+00:00,12.35,17.01,3102.58,0.0,67.21,38.81,48.27
2026-09-03T12:13:00+00:00,11.2,12.29,3017.41,0.42,19.97,37.8,54.91
2026-09-03T12:14:00+00:00,15.13,15.24,2915.2,0.0,66.78,37.57,51.95
2026-09-03T12:15:00+00:00,15.63,15.84,2711.61,0.12,20.65,37.97,56.03
2026-09-03T12:16:00+00:00,16.25,15.97,3167.64,0.0,63.44,37.1,57.26
2026-09-03T12:17:00+00:00,17.12,14.22,2930.1,0.0,57.82,37.55,51.34
2026-09-03T12:18:00+00:00,14.97,15.32,2904.18,0.0,19.76,38.02,60.57
2026-09-03T12:19:00+00:00,21.23,18.95,2832.75,0.0,71.95,38.28,52.58
2026-09-03T12:20:00+00:00,16.7,16.74,3000.35,0.0,20.65,36.95,53.73
2026-09-03T12:21:00+00:00,16.07,20.28,3166.96,0.0,64.55,38.62,47.34
2026-09-03T12:22:00+00:00,10.07,7.5,3071.44,0.0,57.8,37.52,53.32
2026-09-03T12:23:00+00:00,19.92,24.77,2686.39,0.0,20.82,38.6,49.89
2026-09-03T12:24:00+00:00,14.84,18.82,3171.74,0.0,21.04,35.99,57.46
2026-09-03T12:25:00+00:00,16.8,14.95,2762.01,0.15,19.96,38.22,51.8
2026-09-03T12:26:00+00:00,11.78,10.91,2922.17,0.0,20.82,37.96,54.67
2026-09-03T12:27:00+00:00,15.73,18.25,2911.4,0.0,78.57,39.16,48.44
2026-09-03T12:28:00+00:00,18.19,22.27,2866.18,0.0,20.27,37.58,53.6
2026-09-03T12:29:00+00:00,16.51,17.93,2772.14,0.57,63.52,37.69,50.36
2026-09-03T12:30:00+00:00,12.56,19.0,2953.76,0.0,20.79,36.85,58.47
2026-09-03T12:31:00+00:00,14.44,14.53,2884.22,0.64,20.45,37.96,47.28
2026-09-03T12:32:00+00:00,12.99,15.84,3157.59,0.0,20.1,36.82,57.0
2026-09-03T12:33:00+00:00,18.47,20.4,2991.38,0.0,19.65,37.3,57.87
2026-09-03T12:34:00+00:00,15.47,14.6,3176.15,0.0,64.4,38.06,51.88
2026-09-03T12:35:00+00:00,19.29,24.14,2648.97,0.0,59.95,36.11,55.88
2026-09-03T12:36:00+00:00,16.12,19.97,2570.06,0.78,20.38,38.21,51.36
2026-09-03T12:37:00+00:00,18.27,18.01,2923.82,0.0,20.91,37.4,55.16
2026-09-03T12:38:00+00:00,11.99,13.23,2779.87,0.61,60.99,38.05,53.82
2026-09-03T12:39:00+00:00,13.85,18.06,2953.77,0.0,60.54,37.4,53.02
2026-09-03T12:40:00+00:00,18.74,16.92,2834.98,0.0,74.73,37.46,50.61
2026-09-03T12:41:00+00:00,15.73,20.32,2802.72,0.0,20.45,36.34,62.66
2026-09-03T12:42:00+00:00,14.9,16.14,3082.17,0.55,19.89,38.26,54.66
2026-09-03T12:43:00+00:00,12.52,15.09,2919.15,0.0,75.27,37.2,57.38
2026-09-03T12:44:00+00:00,15.37,21.59,2770.6,0.0,76.11,38.9,59.9
2026-09-03T12:45:00+00:00,16.64,29.9,3091.71,0.0,20.22,37.35,57.45
2026-09-03T12:46:00+00:00,20.27,21.12,2824.51,0.5,20.6,36.53,52.07
2026-09-03T12:47:00+00:00,14.05,19.11,2738.53,0.0,68.43,37.53,58.44
2026-09-03T12:48:00+00:00,14.69,18.67,2842.43,0.0,19.99,35.29,60.07
2026-09-03T12:49:00+00:00,18.51,17.41,3008.51,0.85,20.09,37.02,56.18
2026-09-03T12:50:00+00:00,16.88,17.28,2924.94,0.06,86.89,36.26,52.58
2026-09-03T12:51:00+00:00,16.57,24.95,2890.16,0.0,20.72,37.21,59.28
2026-09-03T12:52:00+00:00,11.94,16.56,2717.56,0.0,19.71,38.2,53.65
2026-09-03T12:53:00+00:00,16.45,17.68,3045.83,0.0,72.06,37.01,54.3
2026-09-03T12:54:00+00:00,14.72,13.49,2758.9,0.0,21.12,39.09,45.23
2026-09-03T12:55:00+00:00,11.99,10.67,2691.73,0.0,19.85,38.19,51.1
2026-09-03T12:56:00+00:00,15.17,15.42,2784.64,0.0,61.72,39.1,49.07
2026-09-03T12:57:00+00:00,16.04,21.46,2766.05,0.11,72.15,37.73,52.24
2026-09-03T12:58:00+00:00,15.09,13.95,2850.35,0.0,79.9,36.18,59.17
2026-09-03T12:59:00+00:00,17.14,20.42,2872.71,1.27,86.53,37.91,52.02
2026-09-03T13:00:00+00:00,10.34,9.29,3099.63,0.09,19.78,37.83,55.77
2026-09-03T13:01:00+00:00,12.21,12.02,2951.52,0.0,20.04,39.87,45.68
2026-09-03T13:02:00+00:00,13.59,17.06,2782.86,0.0,73.89,37.6,56.44
2026-09-03T13:03:00+00:00,11.34,14.85,2908.12,0.0,20.33,36.8,50.57
2026-09-03T13:04:00+00:00,17.15,20.35,2753.08,0.0,59.69,37.19,54.27
2026-09-03T13:05:00+00:00,14.01,18.6,2754.88,0.0,70.19,37.42,54.49
2026-09-03T13:06:00+00:00,22.22,26.44,2727.92,0.0,21.08,38.7,49.46
2026-09-03T13:07:00+00:00,16.41,18.68,2554.54,0.86,20.81,38.19,56.31
2026-09-03T13:08:00+00:00,16.45,19.98,2644.99,1.31,64.98,37.03,59.19
2026-09-03T13:09:00+00:00,15.77,19.81,2793.76,0.72,86.83,37.82,52.17
2026-09-03T13:10:00+00:00,9.53,11.73,2785.15,0.0,20.56,37.89,52.85
2026-09-03T13:11:00+00:00,13.44,11.66,2681.06,0.24,20.65,37.62,51.09
2026-09-03T13:12:00+00:00,14.12,18.51,2791.06,0.0,19.87,39.48,44.4
2026-09-03T13:13:00+00:00,21.4,26.59,2709.36,0.0,20.62,38.6,48.07
2026-09-03T13:14:00+00:00,14.63,14.36,2581.56,0.0,66.26,36.92,56.16
2026-09-03T13:15:00+00:00,18.59,24.33,2707.14,0.13,58.66,37.26,56.28
2026-09-03T13:16:00+00:00,15.01,13.76,2607.61,0.0,20.76,37.89,54.01
2026-09-03T13:17:00+00:00,16.84,21.83,2790.37,0.0,79.26,37.76,54.85
2026-09-03T13:18:00+00:00,16.98,18.56,3051.73,0.0,78.42,38.56,49.44
2026-09-03T13:19:00+00:00,16.55,14.32,2876.19,0.0,20.42,37.38,53.36
2026-09-03T13:20:00+00:00,14.71,19.44,2794.83,0.0,20.12,38.33,54.37
2026-09-03T13:21:00+00:00,12.63,12.62,2365.98,0.0,19.71,37.03,56.27
2026-09-03T13:22:00+00:00,11.34,12.87,2779.31,0.0,79.8,38.67,50.66
2026-09-03T13:23:00+00:00,16.4,16.29,2678.71,0.0,20.82,36.24,55.67
2026-09-03T13:24:00+00:00,14.94,20.74,2854.73,0.54,20.77,36.57,57.21
2026-09-03T13:25:00+00:00,15.58,18.61,2798.69,1.22,20.23,36.62,56.76
2026-09-03T13:26:00+00:00,10.6,11.02,2723.9,0.0,62.13,38.28,53.67
2026-09-03T13:27:00+00:00,15.6,17.46,2727.38,1.1,19.93,38.74,49.04
2026-09-03T13:28:00+00:00,12.11,10.84,3072.62,0.0,69.24,39.03,47.48
2026-09-03T13:29:00+00:00,16.74,21.15,2517.15,0.0,20.94,38.49,54.12
2026-09-03T13:30:00+00:00,16.34,16.16,2871.45,0.0,73.96,36.68,55.15
2026-09-03T13:31:00+00:00,12.76,11.32,2618.4,0.0,20.48,36.52,52.76
2026-09-03T13:32:00+00:00,17.51,18.94,2649.73,0.0,20.21,38.39,46.39
2026-09-03T13:33:00+00:00,21.17,25.12,2651.52,0.0,21.0,37.38,55.19
2026-09-03T13:34:00+00:00,16.65,20.66,2905.35,0.0,21.07,37.67,48.54
2026-09-03T13:35:00+00:00,18.42,21.42,2716.68,0.0,20.76,37.05,56.52
2026-09-03T13:36:00+00:00,20.79,27.18,2886.28,0.0,78.12,37.87,52.42
2026-09-03T13:37:00+00:00,14.18,14.02,2695.25,0.0,20.42,38.86,54.04
2026-09-03T13:38:00+00:00,16.41,17.96,2680.08,0.0,19.69,38.78,47.52
2026-09-03T13:39:00+00:00,12.25,17.62,3107.01,0.0,21.12,37.28,51.29
2026-09-03T13:40:00+00:00,10.97,13.86,2768.91,0.0,65.68,37.98,61.26
2026-09-03T13:41:00+00:00,13.61,15.3,2548.46,0.0,87.32,38.89,56.6
2026-09-03T13:42:00+00:00,13.94,14.74,2608.92,0.0,72.47,37.6,57.65
2026-09-03T13:43:00+00:00,15.03,14.81,2824.59,0.0,20.44,38.62,53.49
2026-09-03T13:44:00+00:00,13.52,9.51,2708.81,0.0,19.83,38.05,45.99
2026-09-03T13:45:00+00:00,11.68,11.97,2742.13,0.51,20.87,38.21,55.19
2026-09-03T13:46:00+00:00,11.57,8.29,2825.0,0.45,20.62,37.98,50.79
2026-09-03T13:47:00+00:00,15.36,18.35,2766.2,0.21,66.37,36.49,51.85
2026-09-03T13:48:00+00:00,15.55,16.59,2869.6,0.03,20.79,38.43,54.4
2026-09-03T13:49:00+00:00,13.78,15.76,2811.47,0.0,74.9,37.97,56.22
2026-09-03T13:50:00+00:00,14.36,18.9,2853.93,0.0,79.36,38.52,50.92
2026-09-03T13:51:00+00:00,10.25,11.49,2852.13,0.0,77.56,37.11,56.09
2026-09-03T13:52:00+00:00,11.43,12.27,2602.16,0.0,85.03,38.39,49.48
2026-09-03T13:53:00+00:00,13.17,15.95,2748.07,0.0,20.43,38.27,56.17
2026-09-03T13:54:00+00:00,12.44,12.42,2803.67,0.0,20.64,36.2,61.71
2026-09-03T13:55:00+00:00,21.33,27.95,2666.35,0.0,20.27,38.55,52.59
2026-09-03T13:56:00+00:00,18.61,20.45,2471.41,0.0,61.57,38.04,55.18
2026-09-03T13:57:00+00:00,10.59,7.5,2708.87,0.0,20.05,38.49,50.16
2026-09-03T13:58:00+00:00,14.35,15.04,2599.08,0.0,20.42,38.46,50.79
2026-09-03T13:59:00+00:00,15.68,19.9,2580.16,0.0,19.95,38.82,56.19
2026-09-03T14:00:00+00:00,9.98,11.98,2641.9,0.0,84.93,38.13,53.81
2026-09-03T14:01:00+00:00,12.97,13.68,2786.43,0.8,19.65,38.08,54.09
2026-09-03T14:02:00+00:00,16.5,26.52,2381.71,0.0,20.62,39.2,45.1
2026-09-03T14:03:00+00:00,14.36,13.96,2566.65,0.0,20.37,39.75,49.18
2026-09-03T14:04:00+00:00,13.63,13.32,2610.27,0.07,79.52,37.11,51.29
2026-09-03T14:05:00+00:00,11.87,9.63,2752.0,0.0,20.05,38.03,52.94
2026-09-03T14:06:00+00:00,18.16,17.91,2823.92,1.1,78.77,38.37,55.24
2026-09-03T14:07:00+00:00,12.45,14.35,2829.96,0.0,20.28,38.91,48.94
2026-09-03T14:08:00+00:00,16.2,16.77,2691.95,0.0,83.77,37.49,56.14
2026-09-03T14:09:00+00:00,16.89,18.76,2738.65,0.45,66.76,37.15,56.63
2026-09-03T14:10:00+00:00,16.85,20.64,2783.45,0.0,66.06,37.81,50.93
2026-09-03T14:11:00+00:00,13.03,16.97,2676.14,0.0,19.79,39.84,50.39
2026-09-03T14:12:00+00:00,19.72,26.33,2542.73,0.01,63.31,37.53,54.68
2026-09-03T14:13:00+00:00,19.31,21.6,2724.47,0.0,82.26,36.67,53.02
2026-09-03T14:14:00+00:00,11.57,13.19,2940.37,0.0,20.4,38.47,50.02
2026-09-03T14:15:00+00:00,14.77,16.75,2712.2,0.0,74.64,37.7,54.55
2026-09-03T14:16:00+00:00,15.92,18.83,2769.68,0.69,20.44,39.74,47.82
2026-09-03T14:17:00+00:00,17.14,19.15,2757.14,0.0,20.42,38.42,54.76
2026-09-03T14:18:00+00:00,14.95,19.56,2611.43,0.0,20.71,35.62,58.3
2026-09-03T14:19:00+00:00,17.57,19.99,2754.91,0.0,20.0,37.98,49.09
2026-09-03T14:20:00+00:00,13.07,15.63,2661.38,0.61,61.02,38.12,51.84
2026-09-03T14:21:00+00:00,13.45,13.16,2838.55,0.0,83.87,40.48,43.24
2026-09-03T14:22:00+00:00,13.51,20.45,2536.52,0.0,19.94,38.05,53.64
2026-09-03T14:23:00+00:00,17.66,21.52,2824.34,0.0,20.78,37.45,49.44
2026-09-03T14:24:00+00:00,14.64,19.0,2891.68,0.28,20.23,36.56,55.1
2026-09-03T14:25:00+00:00,15.08,19.89,2531.83,0.0,20.81,37.8,56.58
2026-09-03T14:26:00+00:00,11.77,19.34,2586.16,0.0,19.8,37.35,51.75
2026-09-03T14:27:00+00:00,16.26,15.02,2773.49,0.0,66.55,37.74,53.68
2026-09-03T14:28:00+00:00,13.15,14.01,2554.66,0.0,20.52,36.98,52.95
2026-09-03T14:29:00+00:00,14.6,14.26,2663.56,0.0,64.04,37.13,54.07
2026-09-03T14:30:00+00:00,11.82,14.52,2615.19,0.83,19.97,37.26,53.39
2026-09-03T14:31:00+00:00,16.72,18.89,2589.96,0.0,65.34,37.5,55.14
2026-09-03T14:32:00+00:00,14.08,12.56,2753.78,0.51,19.76,39.14,47.95
2026-09-03T14:33:00+00:00,13.88,17.73,2314.67,0.0,20.67,37.42,57.65
2026-09-03T14:34:00+00:00,18.81,20.79,2515.79,0.0,67.68,37.97,53.38
2026-09-03T14:35:00+00:00,21.54,18.66,2817.15,0.0,20.12,37.71,58.38
2026-09-03T14:36:00+00:00,13.07,14.24,2558.52,0.61,19.72,36.98,56.14
2026-09-03T14:37:00+00:00,15.04,16.69,2648.8,0.0,58.22,37.75,56.24
2026-09-03T14:38:00+00:00,13.09,14.03,2561.03,0.0,20.86,36.7,47.68
2026-09-03T14:39:00+00:00,15.49,17.61,2870.43,0.0,20.75,36.72,53.82
2026-09-03T14:40:00+00:00,13.21,18.35,2476.77,0.0,20.24,38.62,49.3
2026-09-03T14:41:00+00:00,16.51,18.6,2679.78,0.0,70.4,38.32,50.64
2026-09-03T14:42:00+00:00,18.48,21.46,2520.55,0.16,65.72,38.37,53.3
2026-09-03T14:43:00+00:00,13.72,17.86,2581.4,0.59,53.92,37.88,48.09
2026-09-03T14:44:00+00:00,19.6,16.74,2832.57,0.37,73.05,38.47,59.64
2026-09-03T14:45:00+00:00,14.11,15.35,2634.84,0.53,19.78,37.2,53.69
2026-09-03T14:46:00+00:00,17.01,20.98,2594.24,0.0,54.09,37.88,51.0
2026-09-03T14:47:00+00:00,14.59,17.56,2779.2,0.0,20.03,38.46,53.38
2026-09-03T14:48:00+00:00,15.87,16.17,2772.94,0.0,62.8,36.37,61.24
2026-09-03T14:49:00+00:00,16.91,23.03,2666.84,0.0,59.88,38.3,57.16
2026-09-03T14:50:00+00:00,10.41,12.53,2998.19,0.0,21.01,37.13,59.04
2026-09-03T14:51:00+00:00,10.14,15.72,2840.63,0.0,63.51,37.97,53.77
2026-09-03T14:52:00+00:00,16.09,18.59,2563.77,0.0,64.06,38.97,45.1
2026-09-03T14:53:00+00:00,18.43,22.05,2748.89,0.0,60.17,37.57,55.96
2026-09-03T14:54:00+00:00,14.05,17.44,2323.95,0.0,20.07,37.6,53.76
2026-09-03T14:55:00+00:00,16.72,16.91,2951.2,0.0,20.32,38.42,48.07
2026-09-03T14:56:00+00:00,17.54,21.26,2793.74,0.41,75.38,37.09,56.91
2026-09-03T14:57:00+00:00,20.48,24.07,2767.01,0.0,19.88,38.44,52.92
2026-09-03T14:58:00+00:00,17.58,21.11,2583.68,0.0,61.12,37.83,54.05
2026-09-03T14:59:00+00:00,10.09,9.48,2792.1,0.03,66.69,37.6,56.61
2026-09-03T15:00:00+00:00,14.2,19.47,2717.14,0.0,20.74,37.74,55.82
2026-09-03T15:01:00+00:00,14.25,13.66,2771.09,0.66,20.37,36.36,59.84
2026-09-03T15:02:00+00:00,13.69,14.16,2606.44,0.0,58.04,37.53,47.14
2026-09-03T15:03:00+00:00,15.85,22.56,2817.06,0.0,20.49,36.3,58.63
2026-09-03T15:04:00+00:00,16.39,16.63,2747.41,0.0,20.89,37.23,54.57
2026-09-03T15:05:00+00:00,14.68,24.19,2802.93,0.0,74.36,38.53,58.09
2026-09-03T15:06:00+00:00,14.6,16.59,2836.13,0.0,20.27,39.29,54.79
2026-09-03T15:07:00+00:00,17.54,19.31,2878.06,0.0,62.27,36.48,57.52
2026-09-03T15:08:00+00:00,15.54,19.22,2710.42,0.0,69.45,37.19,56.24
2026-09-03T15:09:00+00:00,13.01,13.09,2741.94,0.0,21.1,37.52,59.57
2026-09-03T15:10:00+00:00,14.66,12.95,2512.75,0.0,73.04,37.75,55.95
2026-09-03T15:11:00+00:00,14.02,15.65,2737.08,0.0,19.87,36.38,65.2
2026-09-03T15:12:00+00:00,12.81,16.18,2567.02,0.0,20.33,40.28,39.77
2026-09-03T15:13:00+00:00,13.5,12.89,2543.71,0.0,65.29,38.16,51.67
2026-09-03T15:14:00+00:00,11.34,13.5,2560.04,0.65,66.03,38.62,48.99
2026-09-03T15:15:00+00:00,14.19,17.72,2720.0,0.0,19.77,38.35,56.68
2026-09-03T15:16:00+00:00,20.25,21.54,2776.56,0.0,62.05,37.85,52.38
2026-09-03T15:17:00+00:00,17.8,18.09,2943.23,0.0,72.4,37.6,50.05
2026-09-03T15:18:00+00:00,18.52,14.37,2638.06,0.0,54.87,36.63,55.51
2026-09-03T15:19:00+00:00,12.22,14.53,2913.43,0.05,55.03,39.24,50.41
2026-09-03T15:20:00+00:00,17.55,24.36,2770.25,0.0,20.34,38.0,55.43
2026-09-03T15:21:00+00:00,12.16,15.95,2799.73,0.0,55.75,38.92,47.14
2026-09-03T15:22:00+00:00,16.32,17.21,2866.07,0.0,19.81,37.16,54.97
2026-09-03T15:23:00+00:00,14.6,13.7,2840.16,0.0,19.86,39.49,48.88
2026-09-03T15:24:00+00:00,13.14,18.21,2854.81,0.0,64.22,38.16,58.41
2026-09-03T15:25:00+00:00,17.55,18.02,2945.89,0.0,50.17,39.5,51.02
2026-09-03T15:26:00+00:00,15.02,14.41,2732.24,0.0,21.02,37.88,51.03
2026-09-03T15:27:00+00:00,15.56,16.09,2675.93,0.0,20.69,37.18,56.82
2026-09-03T15:28:00+00:00,17.67,22.57,2844.17,0.0,21.1,38.24,44.62
2026-09-03T15:29:00+00:00,13.5,16.59,2800.4,0.0,19.65,36.88,62.62
2026-09-03T15:30:00+00:00,18.65,15.28,2699.19,0.0,70.67,36.91,59.08
2026-09-03T15:31:00+00:00,16.86,22.38,2511.78,0.16,52.44,37.29,54.95
2026-09-03T15:32:00+00:00,16.77,20.77,2634.48,0.0,68.02,36.16,52.77
2026-09-03T15:33:00+00:00,18.38,19.39,2696.53,0.09,20.66,37.73,53.37
2026-09-03T15:34:00+00:00,12.21,8.29,2756.67,0.0,20.32,37.65,59.09
2026-09-03T15:35:00+00:00,15.67,16.92,2758.32,0.0,19.93,37.61,55.88
2026-09-03T15:36:00+00:00,13.57,23.01,2733.04,0.0,20.71,37.03,52.71
2026-09-03T15:37:00+00:00,19.19,21.66,2395.36,0.91,20.83,38.4,54.14
2026-09-03T15:38:00+00:00,15.79,16.96,2669.28,0.58,55.72,35.3,64.55
2026-09-03T15:39:00+00:00,13.8,14.35,2535.68,0.0,20.16,37.49,56.15
2026-09-03T15:40:00+00:00,13.91,18.12,2494.04,0.0,64.07,38.18,52.39
2026-09-03T15:41:00+00:00,11.7,18.77,2592.51,0.0,19.64,36.51,59.25
2026-09-03T15:42:00+00:00,16.06,15.53,2630.02,0.0,64.4,38.18,51.27
2026-09-03T15:43:00+00:00,15.0,15.24,2894.28,0.0,65.21,36.68,54.72
2026-09-03T15:44:00+00:00,15.24,18.47,2796.45,0.0,52.99,36.73,51.55
2026-09-03T15:45:00+00:00,14.06,15.11,2946.22,0.0,20.79,36.18,56.79
2026-09-03T15:46:00+00:00,17.66,21.48,2767.65,0.0,66.85,36.32,51.97
2026-09-03T15:47:00+00:00,15.52,17.02,2667.02,0.0,46.52,38.23,47.65
2026-09-03T15:48:00+00:00,12.04,12.95,2609.09,0.0,19.96,38.42,54.3
2026-09-03T15:49:00+00:00,14.89,15.44,2791.18,0.9,51.97,36.57,64.8
2026-09-03T15:50:00+00:00,18.28,20.07,2784.64,1.14,52.91,35.91,58.25
2026-09-03T15:51:00+00:00,13.8,13.69,2898.23,0.0,20.04,37.19,54.0
2026-09-03T15:52:00+00:00,17.82,22.09,2920.9,0.0,57.9,38.03,51.02
2026-09-03T15:53:00+00:00,13.06,19.56,2650.66,0.44,20.61,36.23,58.27
2026-09-03T15:54:00+00:00,13.23,14.41,2691.57,0.0,20.44,36.73,54.54
2026-09-03T15:55:00+00:00,15.65,21.62,2884.11,0.3,49.25,36.29,55.19
2026-09-03T15:56:00+00:00,12.32,14.74,2951.91,0.0,20.42,38.3,51.09
2026-09-03T15:57:00+00:00,13.92,18.22,2945.01,0.0,20.43,37.16,56.69
2026-09-03T15:58:00+00:00,11.08,13.78,2727.05,0.22,47.56,36.23,62.06
2026-09-03T15:59:00+00:00,12.87,18.43,2575.8,0.0,57.56,37.92,47.17
2026-09-03T16:00:00+00:00,12.16,12.72,2733.46,0.0,20.94,36.23,57.96
2026-09-03T16:01:00+00:00,8.83,7.5,2791.18,0.18,21.07,37.76,53.7
2026-09-03T16:02:00+00:00,13.63,12.44,2853.28,0.0,19.82,36.78,57.41
2026-09-03T16:03:00+00:00,16.65,16.36,2649.88,0.0,45.9,37.61,57.21
2026-09-03T16:04:00+00:00,15.77,17.99,2554.35,0.0,20.88,36.73,55.51
2026-09-03T16:05:00+00:00,15.55,17.25,2935.06,0.0,20.31,36.58,57.6
2026-09-03T16:06:00+00:00,17.49,17.71,2889.84,0.29,56.29,37.08,56.35
2026-09-03T16:07:00+00:00,11.69,11.68,2974.51,0.0,20.92,37.95,51.21
2026-09-03T16:08:00+00:00,13.07,17.56,2983.06,0.63,48.01,37.09,50.81
2026-09-03T16:09:00+00:00,16.86,18.0,2691.7,0.5,21.0,36.63,54.65
2026-09-03T16:10:00+00:00,15.84,12.41,2726.39,0.0,51.97,37.07,55.22
2026-09-03T16:11:00+00:00,19.29,24.22,3040.85,0.0,20.66,37.41,58.86
2026-09-03T16:12:00+00:00,13.59,13.46,2971.16,0.0,55.17,38.57,50.52
2026-09-03T16:13:00+00:00,17.71,21.54,2660.49,0.0,51.03,37.66,57.25
2026-09-03T16:14:00+00:00,12.5,16.63,2720.33,0.0,20.13,36.84,56.17
2026-09-03T16:15:00+00:00,12.15,13.17,2594.5,0.0,20.89,38.42,52.67
2026-09-03T16:16:00+00:00,18.98,20.76,2777.29,0.06,49.21,38.87,44.06
2026-09-03T16:17:00+00:00,18.33,18.52,2722.55,0.38,20.18,38.55,48.67
2026-09-03T16:18:00+00:00,13.75,18.28,2812.97,0.0,54.74,37.48,55.58
2026-09-03T16:19:00+00:00,12.4,10.9,2930.99,0.0,20.88,39.05,53.45
2026-09-03T16:20:00+00:00,8.67,8.61,2771.23,0.0,57.9,38.69,44.72
2026-09-03T16:21:00+00:00,12.35,13.69,3036.84,0.0,20.9,36.61,59.63
2026-09-03T16:22:00+00:00,15.28,25.39,2733.31,0.0,49.76,35.47,58.94
2026-09-03T16:23:00+00:00,9.19,9.83,2861.95,0.0,20.09,37.45,58.92
2026-09-03T16:24:00+00:00,14.43,15.94,2979.4,0.0,20.92,38.05,52.54
2026-09-03T16:25:00+00:00,16.24,17.4,2844.32,0.75,20.03,36.09,54.92
2026-09-03T16:26:00+00:00,14.11,13.05,2499.37,0.3,20.3,37.14,58.23
2026-09-03T16:27:00+00:00,16.77,16.8,2761.14,0.98,20.73,38.71,53.56
2026-09-03T16:28:00+00:00,16.26,20.13,2564.26,0.0,20.81,37.22,56.02
2026-09-03T16:29:00+00:00,10.64,11.83,2750.52,0.0,55.41,36.16,55.01
2026-09-03T16:30:00+00:00,16.64,20.26,2747.13,0.0,49.7,37.65,53.46
2026-09-03T16:31:00+00:00,19.55,20.96,2619.17,0.0,40.65,36.74,51.61
2026-09-03T16:32:00+00:00,14.06,18.44,2672.92,0.34,19.89,36.78,54.76
2026-09-03T16:33:00+00:00,15.02,19.81,2981.35,0.03,20.68,36.58,55.61
2026-09-03T16:34:00+00:00,14.08,19.16,2597.09,0.0,52.48,37.55,56.84
2026-09-03T16:35:00+00:00,17.66,27.02,2669.58,0.0,20.43,37.32,47.62
2026-09-03T16:36:00+00:00,18.22,19.51,2944.66,0.0,46.83,36.78,55.83
2026-09-03T16:37:00+00:00,17.07,16.66,2664.4,0.85,20.56,36.91,56.47
2026-09-03T16:38:00+00:00,17.95,17.34,2712.09,0.0,51.85,36.72,54.66
2026-09-03T16:39:00+00:00,14.98,15.57,2825.53,0.0,40.8,36.7,60.58
2026-09-03T16:40:00+00:00,13.97,15.62,3049.98,0.45,20.63,36.17,58.63
2026-09-03T16:41:00+00:00,15.77,16.14,2696.29,0.0,38.17,37.16,58.13
2026-09-03T16:42:00+00:00,18.83,19.0,2916.17,0.0,20.03,37.44,48.47
2026-09-03T16:43:00+00:00,12.62,14.67,2702.27,0.95,52.16,37.54,50.24
2026-09-03T16:44:00+00:00,12.54,16.2,3111.3,0.0,20.27,37.53,53.12
2026-09-03T16:45:00+00:00,16.11,18.71,2870.59,0.0,19.9,38.18,50.49
2026-09-03T16:46:00+00:00,17.61,16.84,2788.84,0.0,20.1,36.56,58.52
2026-09-03T16:47:00+00:00,14.46,21.15,2900.28,0.0,20.82,37.18,53.03
2026-09-03T16:48:00+00:00,13.16,20.09,2784.96,0.0,20.06,37.37,56.06
2026-09-03T16:49:00+00:00,16.2,17.08,3079.47,0.0,20.53,36.26,57.31
2026-09-03T16:50:00+00:00,16.29,15.16,2831.91,1.1,20.13,36.35,55.74
2026-09-03T16:51:00+00:00,15.01,18.12,2897.75,0.34,44.18,35.68,54.75
2026-09-03T16:52:00+00:00,13.86,12.53,3123.73,0.0,50.37,36.44,61.59
2026-09-03T16:53:00+00:00,17.6,25.87,2860.94,0.0,20.0,36.35,52.98
2026-09-03T16:54:00+00:00,15.01,17.1,2743.1,0.0,19.76,37.5,58.12
2026-09-03T16:55:00+00:00,11.86,14.69,2848.89,1.17,38.85,37.17,54.62
2026-09-03T16:56:00+00:00,14.91,15.66,2806.98,0.0,20.27,36.21,54.64
2026-09-03T16:57:00+00:00,18.4,20.72,2739.84,0.59,44.71,37.06,54.97
2026-09-03T16:58:00+00:00,17.91,17.26,2782.96,0.0,19.66,35.93,59.24
2026-09-03T16:59:00+00:00,13.03,14.16,2881.04,0.0,20.73,38.33,54.01
2026-09-03T17:00:00+00:00,14.86,16.05,2866.39,0.0,45.12,36.46,56.56
2026-09-03T17:01:00+00:00,17.32,17.0,2807.7,0.11,19.83,37.74,51.3
2026-09-03T17:02:00+00:00,17.19,17.76,2864.41,0.0,46.91,36.96,52.68
2026-09-03T17:03:00+00:00,16.48,22.82,2764.03,0.0,21.05,35.43,57.79
2026-09-03T17:04:00+00:00,12.74,12.23,2993.98,0.0,39.05,36.28,60.57
2026-09-03T17:05:00+00:00,14.34,17.01,3112.54,0.0,19.89,36.14,61.43
2026-09-03T17:06:00+00:00,15.5,17.61,2727.77,0.0,20.1,36.92,47.99
2026-09-03T17:07:00+00:00,18.52,20.51,2914.76,0.0,20.63,36.3,55.63
2026-09-03T17:08:00+00:00,15.61,22.31,2588.78,0.0,20.54,35.37,62.23
2026-09-03T17:09:00+00:00,15.12,14.98,2886.42,0.0,19.66,36.46,61.16
2026-09-03T17:10:00+00:00,18.14,18.97,2496.7,0.0,36.36,36.74,58.13
2026-09-03T17:11:00+00:00,13.43,20.62,3021.59,0.0,39.52,35.98,61.23
2026-09-03T17:12:00+00:00,16.61,22.26,3031.84,0.0,40.95,35.53,55.97
2026-09-03T17:13:00+00:00,16.19,15.21,2966.5,0.0,42.78,35.59,57.81
2026-09-03T17:14:00+00:00,15.02,15.13,3015.6,0.0,19.81,35.7,62.14
2026-09-03T17:15:00+00:00,22.43,24.33,2805.23,0.0,20.98,36.61,56.86
2026-09-03T17:16:00+00:00,14.6,16.52,2713.45,0.0,20.86,35.61,57.87
2026-09-03T17:17:00+00:00,16.96,19.24,2901.76,0.0,34.37,35.84,57.05
2026-09-03T17:18:00+00:00,15.08,18.12,3213.36,0.0,43.2,35.83,52.86
2026-09-03T17:19:00+00:00,13.13,15.75,2954.92,0.37,21.04,37.47,53.55
2026-09-03T17:20:00+00:00,17.01,19.38,2811.85,0.0,20.25,37.46,52.38
2026-09-03T17:21:00+00:00,9.16,13.17,3024.11,0.09,20.0,36.54,55.9
2026-09-03T17:22:00+00:00,18.54,23.08,3041.63,0.0,20.51,34.86,63.68
2026-09-03T17:23:00+00:00,14.74,15.43,2809.52,0.44,20.12,35.2,58.51
2026-09-03T17:24:00+00:00,16.63,14.5,3025.01,0.0,37.82,35.73,57.81
2026-09-03T17:25:00+00:00,13.15,16.17,3180.16,0.02,21.04,37.23,59.59
2026-09-03T17:26:00+00:00,17.64,25.5,3073.75,0.0,38.72,38.31,50.16
2026-09-03T17:27:00+00:00,14.95,17.76,3068.99,0.0,39.56,38.1,51.12
2026-09-03T17:28:00+00:00,11.4,11.62,3259.7,0.0,20.78,35.42,59.69
2026-09-03T17:29:00+00:00,12.88,13.39,2623.17,0.0,37.61,37.91,56.98
2026-09-03T17:30:00+00:00,14.2,14.16,2890.85,0.0,37.44,34.9,59.21
2026-09-03T17:31:00+00:00,16.36,19.09,2907.52,0.0,36.74,38.32,51.92
2026-09-03T17:32:00+00:00,13.72,17.63,2978.02,0.0,37.61,35.74,60.9
2026-09-03T17:33:00+00:00,13.52,11.52,2951.36,0.0,34.64,35.46,59.64
2026-09-03T17:34:00+00:00,13.52,17.92,2963.46,0.0,38.05,35.23,56.85
2026-09-03T17:35:00+00:00,11.99,9.76,3109.29,0.22,20.81,35.95,54.41
2026-09-03T17:36:00+00:00,9.88,10.01,2808.93,0.37,20.59,36.01,59.27
2026-09-03T17:37:00+00:00,18.96,17.28,3062.88,0.0,20.7,35.59,56.29
2026-09-03T17:38:00+00:00,15.28,16.09,2821.09,0.0,20.03,36.16,55.35
2026-09-03T17:39:00+00:00,16.94,17.74,2968.3,0.0,20.71,35.49,57.03
2026-09-03T17:40:00+00:00,14.69,19.96,3046.29,0.0,20.65,34.46,65.01
2026-09-03T17:41:00+00:00,16.55,19.83,3063.38,0.0,31.01,36.62,47.05
2026-09-03T17:42:00+00:00,18.18,19.31,2953.27,0.3,20.31,35.28,62.28
2026-09-03T17:43:00+00:00,17.65,24.63,3129.26,0.0,20.59,37.18,51.88
2026-09-03T17:44:00+00:00,12.66,14.4,2738.99,0.18,36.28,37.12,51.54
2026-09-03T17:45:00+00:00,15.08,22.2,3007.75,0.51,34.78,37.5,56.62
2026-09-03T17:46:00+00:00,13.79,20.09,3277.22,0.0,29.33,35.98,59.75
2026-09-03T17:47:00+00:00,12.48,12.14,2830.88,1.31,34.36,34.95,59.21
2026-09-03T17:48:00+00:00,12.73,18.89,2852.91,0.0,30.21,36.98,55.61
2026-09-03T17:49:00+00:00,12.01,11.67,3190.94,0.11,19.86,36.57,55.54
2026-09-03T17:50:00+00:00,13.15,17.62,3046.68,0.0,30.81,36.79,50.88
2026-09-03T17:51:00+00:00,18.02,17.21,3180.06,0.8,20.37,35.58,62.06
2026-09-03T17:52:00+00:00,15.66,15.26,3082.98,0.0,28.58,35.1,64.75
2026-09-03T17:53:00+00:00,16.28,18.19,3090.3,0.13,19.92,38.32,52.3
2026-09-03T17:54:00+00:00,15.86,19.23,3138.87,0.0,19.82,35.09,57.28
2026-09-03T17:55:00+00:00,10.75,9.92,3202.97,0.88,19.73,36.46,59.34
2026-09-03T17:56:00+00:00,19.33,25.85,3067.51,0.0,28.42,36.32,58.58
2026-09-03T17:57:00+00:00,15.65,15.84,3123.57,0.53,20.87,36.62,60.86
2026-09-03T17:58:00+00:00,13.07,11.47,3125.48,0.0,28.54,35.21,61.76
2026-09-03T17:59:00+00:00,9.37,11.02,3016.2,0.0,32.99,36.17,58.11
2026-09-03T18:00:00+00:00,12.61,13.45,3303.21,0.0,20.19,36.05,57.97
2026-09-03T18:01:00+00:00,19.05,20.14,3186.63,0.0,31.41,36.09,59.17
2026-09-03T18:02:00+00:00,12.57,11.54,2991.0,0.0,20.01,35.06,60.63
2026-09-03T18:03:00+00:00,13.02,15.65,2974.37,0.0,28.98,35.17,57.18
2026-09-03T18:04:00+00:00,16.1,17.01,3166.04,0.37,27.33,35.45,65.8
2026-09-03T18:05:00+00:00,12.09,13.1,3160.63,0.0,31.89,34.97,62.38
2026-09-03T18:06:00+00:00,15.26,15.74,3065.95,0.8,28.32,35.56,59.29
2026-09-03T18:07:00+00:00,16.12,19.62,2822.98,0.0,20.34,33.75,64.18
2026-09-03T18:08:00+00:00,14.06,16.96,3239.12,0.0,20.14,35.45,59.15
2026-09-03T18:09:00+00:00,19.27,20.94,3036.43,0.0,30.59,35.25,56.5
2026-09-03T18:10:00+00:00,17.09,18.31,3122.5,0.0,20.09,36.88,54.42
2026-09-03T18:11:00+00:00,15.36,15.82,2979.52,0.0,20.81,35.4,52.53
2026-09-03T18:12:00+00:00,16.65,20.19,3053.57,0.0,19.84,35.88,57.18
2026-09-03T18:13:00+00:00,19.23,21.8,3211.81,0.0,27.62,34.92,61.88
2026-09-03T18:14:00+00:00,15.49,15.55,2794.21,0.0,26.47,34.77,63.01
2026-09-03T18:15:00+00:00,10.62,11.59,3254.58,0.0,28.46,36.3,60.23
2026-09-03T18:16:00+00:00,9.81,7.79,3097.55,0.85,28.06,34.65,66.27
2026-09-03T18:17:00+00:00,18.61,22.78,2773.38,0.0,19.95,35.56,56.0
2026-09-03T18:18:00+00:00,14.72,18.89,3012.98,1.0,26.39,35.11,64.72
2026-09-03T18:19:00+00:00,14.45,13.12,3208.69,0.0,20.58,34.95,67.21
2026-09-03T18:20:00+00:00,15.07,17.13,2959.96,0.0,20.09,36.7,57.98
2026-09-03T18:21:00+00:00,17.56,19.66,3148.66,0.0,20.83,36.15,62.07
2026-09-03T18:22:00+00:00,14.07,12.68,3146.71,0.0,19.98,36.21,59.73
2026-09-03T18:23:00+00:00,10.12,18.59,3074.33,0.0,25.94,34.8,63.34
2026-09-03T18:24:00+00:00,17.47,19.37,3056.63,0.0,28.06,35.85,60.28
2026-09-03T18:25:00+00:00,12.42,10.69,3135.86,0.0,19.64,35.68,59.0
2026-09-03T18:26:00+00:00,17.7,21.34,3205.46,0.0,20.75,35.89,58.54
2026-09-03T18:27:00+00:00,16.78,21.4,3243.77,0.48,20.34,35.19,57.41
2026-09-03T18:28:00+00:00,17.61,16.17,3269.11,1.04,20.84,33.9,62.25
2026-09-03T18:29:00+00:00,14.1,16.03,3004.99,0.0,27.18,35.25,58.32
2026-09-03T18:30:00+00:00,10.17,12.62,3158.37,0.0,21.12,34.85,55.79
2026-09-03T18:31:00+00:00,15.5,18.47,3094.51,0.0,21.02,33.56,62.89
2026-09-03T18:32:00+00:00,18.81,22.81,3139.47,0.0,25.56,34.02,64.18
2026-09-03T18:33:00+00:00,15.05,17.67,3229.13,0.0,19.88,37.01,55.67
2026-09-03T18:34:00+00:00,19.92,15.19,3228.67,0.0,23.64,36.24,54.79
2026-09-03T18:35:00+00:00,13.52,16.41,3131.04,0.0,19.67,34.57,60.01
2026-09-03T18:36:00+00:00,14.04,20.14,3119.23,1.01,25.71,33.75,60.55
2026-09-03T18:37:00+00:00,12.72,14.48,3163.66,0.57,19.86,34.93,63.05
2026-09-03T18:38:00+00:00,14.86,16.15,3132.16,0.0,20.24,36.17,55.4
2026-09-03T18:39:00+00:00,18.16,21.95,3241.57,0.4,19.95,35.79,57.7
2026-09-03T18:40:00+00:00,14.34,16.95,3161.06,0.0,20.98,34.26,57.52
2026-09-03T18:41:00+00:00,16.78,18.74,3266.91,0.0,20.75,35.68,61.06
2026-09-03T18:42:00+00:00,14.77,16.64,3375.02,0.0,23.62,36.18,58.88
2026-09-03T18:43:00+00:00,16.76,15.41,3039.69,0.0,23.64,35.6,58.7
2026-09-03T18:44:00+00:00,13.27,18.44,3319.42,0.55,20.68,34.96,58.66
2026-09-03T18:45:00+00:00,14.66,14.85,3319.07,0.86,20.16,36.52,55.53
2026-09-03T18:46:00+00:00,17.13,17.9,2997.98,0.0,22.94,34.67,56.75
2026-09-03T18:47:00+00:00,16.32,19.3,2958.71,0.06,19.89,34.62,60.95
2026-09-03T18:48:00+00:00,15.38,17.81,3262.84,1.19,21.99,36.13,60.4
2026-09-03T18:49:00+00:00,17.07,18.72,2997.94,0.05,19.74,35.99,62.05
2026-09-03T18:50:00+00:00,14.67,17.46,3165.52,0.0,19.73,34.24,63.12
2026-09-03T18:51:00+00:00,15.52,19.49,3273.16,0.0,20.78,35.88,61.57
2026-09-03T18:52:00+00:00,15.37,19.49,3020.37,0.0,20.38,34.96,59.81
2026-09-03T18:53:00+00:00,14.86,19.02,3239.54,0.0,20.45,33.54,63.18
2026-09-03T18:54:00+00:00,16.97,15.07,3394.53,0.0,19.84,35.0,59.15
2026-09-03T18:55:00+00:00,20.54,24.85,2937.47,1.11,20.27,35.49,62.85
2026-09-03T18:56:00+00:00,10.56,11.48,3310.88,0.0,21.95,34.17,64.63
2026-09-03T18:57:00+00:00,9.68,13.14,3377.96,0.0,20.84,35.04,59.53
2026-09-03T18:58:00+00:00,18.49,22.74,3466.32,0.0,21.21,34.21,62.64
2026-09-03T18:59:00+00:00,15.67,16.74,3478.43,0.0,21.06,32.55,70.0
2026-09-03T19:00:00+00:00,11.9,15.17,3362.49,0.33,19.86,34.62,59.83
2026-09-03T19:01:00+00:00,13.04,16.61,3289.57,0.0,20.83,34.44,62.4
2026-09-03T19:02:00+00:00,18.14,18.46,3402.65,0.37,19.86,36.09,60.8
2026-09-03T19:03:00+00:00,19.33,19.75,3245.32,0.0,20.03,34.18,59.65
2026-09-03T19:04:00+00:00,18.76,27.7,3246.69,0.67,20.96,35.72,60.15
2026-09-03T19:05:00+00:00,11.39,13.13,3409.6,0.0,20.54,34.91,64.28
2026-09-03T19:06:00+00:00,11.18,11.42,3361.46,0.0,20.7,35.08,66.51
2026-09-03T19:07:00+00:00,16.01,16.28,3078.8,0.94,20.37,33.35,67.04
2026-09-03T19:08:00+00:00,8.75,9.35,3348.05,0.52,20.58,35.0,60.75
2026-09-03T19:09:00+00:00,11.93,12.52,3336.42,0.47,20.2,34.36,63.62
2026-09-03T19:10:00+00:00,15.05,17.77,3325.14,0.0,20.05,33.53,71.3
2026-09-03T19:11:00+00:00,12.71,9.57,3242.15,0.0,20.17,34.1,68.45
2026-09-03T19:12:00+00:00,11.13,14.52,3178.76,0.0,20.12,34.85,58.41
2026-09-03T19:13:00+00:00,14.47,16.05,3080.71,0.0,19.8,35.41,61.33
2026-09-03T19:14:00+00:00,9.65,8.6,3130.61,0.0,19.68,35.46,62.27
2026-09-03T19:15:00+00:00,13.44,19.34,3302.02,0.0,19.63,36.21,61.05
2026-09-03T19:16:00+00:00,13.1,12.52,3139.49,1.17,19.63,33.9,67.03
2026-09-03T19:17:00+00:00,13.19,13.05,3187.51,0.41,19.9,33.2,63.08
2026-09-03T19:18:00+00:00,12.65,12.52,3439.63,0.0,19.63,34.46,62.69
2026-09-03T19:19:00+00:00,15.86,11.12,3230.67,0.61,20.29,35.97,63.21
2026-09-03T19:20:00+00:00,13.27,10.74,3265.25,0.0,19.65,34.51,60.74
2026-09-03T19:21:00+00:00,8.0,8.23,3287.75,0.0,20.56,35.08,64.38
2026-09-03T19:22:00+00:00,12.41,13.49,3530.56,0.0,19.63,35.75,61.98
2026-09-03T19:23:00+00:00,16.66,17.2,3016.73,0.0,19.63,34.33,66.96
2026-09-03T19:24:00+00:00,15.23,14.13,3425.45,0.29,21.0,34.84,65.57
2026-09-03T19:25:00+00:00,13.37,18.23,3306.95,0.0,19.63,35.18,55.67
2026-09-03T19:26:00+00:00,18.27,23.05,3109.04,0.0,19.76,36.21,55.28
2026-09-03T19:27:00+00:00,15.63,17.96,3159.78,0.0,20.82,35.31,58.36
2026-09-03T19:28:00+00:00,12.62,14.77,3126.74,0.0,19.63,34.01,63.69
2026-09-03T19:29:00+00:00,16.0,15.7,3182.11,0.7,20.68,34.32,65.64
2026-09-03T19:30:00+00:00,15.18,14.77,3183.96,1.02,19.63,33.03,67.07
2026-09-03T19:31:00+00:00,16.75,19.28,3417.89,0.0,19.63,35.03,66.19
2026-09-03T19:32:00+00:00,16.89,18.04,3244.55,0.0,20.63,35.27,59.22
2026-09-03T19:33:00+00:00,13.75,17.24,3009.26,0.0,19.86,34.3,64.92
2026-09-03T19:34:00+00:00,11.73,13.82,3328.15,0.0,19.63,33.74,63.94
2026-09-03T19:35:00+00:00,12.22,13.2,3191.54,0.0,20.23,34.97,60.84
2026-09-03T19:36:00+00:00,11.75,10.51,3183.09,1.11,19.63,34.35,67.04
2026-09-03T19:37:00+00:00,16.07,19.26,3457.61,0.75,20.42,34.41,61.09
2026-09-03T19:38:00+00:00,16.48,20.27,3121.59,0.0,19.63,34.82,62.79
2026-09-03T19:39:00+00:00,12.7,17.96,3436.77,0.72,20.85,33.62,70.63
2026-09-03T19:40:00+00:00,15.11,21.19,3449.59,0.55,19.68,34.0,69.48
2026-09-03T19:41:00+00:00,12.95,12.21,3239.57,0.0,19.63,35.94,61.42
2026-09-03T19:42:00+00:00,14.17,20.19,3181.93,0.0,21.04,35.81,60.34
2026-09-03T19:43:00+00:00,15.37,16.4,3150.46,0.14,20.06,36.25,58.99
2026-09-03T19:44:00+00:00,12.39,12.86,3471.59,0.0,19.63,34.82,64.94
2026-09-03T19:45:00+00:00,17.85,22.0,3144.6,0.0,20.17,34.98,64.99
2026-09-03T19:46:00+00:00,17.73,21.88,3078.46,0.0,19.63,34.27,63.8
2026-09-03T19:47:00+00:00,14.21,17.0,3298.84,0.0,19.63,33.11,63.27
2026-09-03T19:48:00+00:00,14.69,23.01,3087.36,0.0,20.3,34.95,66.54
2026-09-03T19:49:00+00:00,9.45,8.57,3264.92,0.0,21.12,33.56,61.32
2026-09-03T19:50:00+00:00,15.51,14.78,3217.34,0.0,20.14,33.95,63.86
2026-09-03T19:51:00+00:00,10.39,16.56,3187.46,0.0,19.63,34.94,62.05
2026-09-03T19:52:00+00:00,15.02,18.8,3287.57,0.0,19.63,32.4,73.12
2026-09-03T19:53:00+00:00,15.28,20.68,3156.84,0.0,20.28,34.42,67.86
2026-09-03T19:54:00+00:00,13.05,19.53,2947.89,0.0,20.05,33.84,67.49
2026-09-03T19:55:00+00:00,14.81,16.67,3422.53,0.67,19.63,33.5,66.83
2026-09-03T19:56:00+00:00,20.17,22.81,3007.08,0.15,21.07,33.81,64.67
2026-09-03T19:57:00+00:00,13.6,14.88,3523.7,0.0,19.63,34.15,62.07
2026-09-03T19:58:00+00:00,16.3,13.53,3185.19,0.0,19.63,34.83,60.8
2026-09-03T19:59:00+00:00,13.85,18.11,3354.07,0.0,20.41,33.18,63.22
2026-09-03T20:00:00+00:00,15.98,18.67,3254.07,0.0,19.63,34.63,65.42
2026-09-03T20:01:00+00:00,15.48,14.12,3166.01,0.0,19.63,35.14,61.97
2026-09-03T20:02:00+00:00,13.44,12.44,3315.9,0.0,21.1,34.91,62.96
2026-09-03T20:03:00+00:00,12.8,22.2,3470.4,0.0,19.63,34.84,57.09
2026-09-03T20:04:00+00:00,21.83,25.37,3134.35,0.0,20.9,34.4,61.1
2026-09-03T20:05:00+00:00,10.52,10.57,3145.04,0.37,19.63,33.09,66.7
2026-09-03T20:06:00+00:00,12.37,9.3,3406.37,0.0,19.72,34.88,63.04
2026-09-03T20:07:00+00:00,16.23,19.28,3373.08,0.0,20.52,34.27,59.7
2026-09-03T20:08:00+00:00,15.98,16.81,3330.42,1.11,19.72,33.82,61.49
2026-09-03T20:09:00+00:00,16.45,21.46,3459.08,0.0,20.6,34.12,62.16
2026-09-03T20:10:00+00:00,16.26,20.25,3278.73,0.0,19.86,34.74,59.66
2026-09-03T20:11:00+00:00,13.34,16.21,3111.72,0.08,19.78,35.52,63.8
2026-09-03T20:12:00+00:00,14.45,16.85,2995.74,0.0,19.99,34.51,65.67
2026-09-03T20:13:00+00:00,13.84,17.49,3135.16,0.0,20.64,33.77,65.4
2026-09-03T20:14:00+00:00,13.93,13.15,3138.15,0.1,20.08,34.83,69.17
2026-09-03T20:15:00+00:00,9.79,9.06,3312.53,0.0,19.63,35.65,56.68
2026-09-03T20:16:00+00:00,15.42,15.2,3512.42,0.0,20.74,34.76,60.4
2026-09-03T20:17:00+00:00,17.06,18.18,3455.49,0.0,20.07,33.84,63.24
2026-09-03T20:18:00+00:00,16.88,20.23,3249.56,0.0,19.92,34.26,63.82
2026-09-03T20:19:00+00:00,11.61,19.86,3310.29,0.0,19.63,33.78,60.4
2026-09-03T20:20:00+00:00,18.38,22.71,3207.81,0.93,20.31,34.0,60.94
2026-09-03T20:21:00+00:00,17.19,19.86,3344.48,0.8,20.98,33.91,66.33
2026-09-03T20:22:00+00:00,13.35,14.52,3135.62,0.0,19.63,34.68,63.71
2026-09-03T20:23:00+00:00,12.87,23.48,3203.98,0.0,20.52,32.52,63.82
2026-09-03T20:24:00+00:00,15.55,15.02,3464.46,0.58,19.63,33.7,63.54
2026-09-03T20:25:00+00:00,13.0,17.55,3247.17,0.0,20.79,34.33,58.17
2026-09-03T20:26:00+00:00,15.11,18.97,3399.16,0.0,20.91,33.59,59.9
2026-09-03T20:27:00+00:00,15.12,13.65,3219.69,0.0,19.96,34.3,67.45
2026-09-03T20:28:00+00:00,16.46,17.95,3348.06,0.0,20.9,35.19,58.92
2026-09-03T20:29:00+00:00,19.18,19.43,3440.78,0.0,20.62,33.46,66.85
2026-09-03T20:30:00+00:00,16.01,15.48,3399.93,0.82,20.25,33.22,66.1
2026-09-03T20:31:00+00:00,16.34,24.33,3347.42,0.0,20.46,33.52,63.04
2026-09-03T20:32:00+00:00,16.64,20.6,3341.07,0.0,19.63,32.66,69.0
2026-09-03T20:33:00+00:00,19.03,17.62,3353.17,0.0,21.08,34.36,61.17
2026-09-03T20:34:00+00:00,18.27,27.85,3351.79,0.0,19.63,34.43,64.02
2026-09-03T20:35:00+00:00,12.71,14.0,3268.45,0.0,19.63,34.0,60.91
2026-09-03T20:36:00+00:00,16.35,12.3,3368.95,0.0,20.28,34.24,64.05
2026-09-03T20:37:00+00:00,17.95,17.65,3381.54,0.0,19.9,33.08,66.27
2026-09-03T20:38:00+00:00,16.91,10.67,3395.23,0.0,20.13,34.95,60.77
2026-09-03T20:39:00+00:00,11.22,9.59,3332.65,0.0,20.71,33.45,64.75
2026-09-03T20:40:00+00:00,14.45,18.79,3060.73,0.0,20.55,33.78,59.06
2026-09-03T20:41:00+00:00,16.93,17.27,3362.36,0.32,19.63,33.74,64.67
2026-09-03T20:42:00+00:00,18.66,17.03,3306.44,0.0,19.63,32.17,71.48
2026-09-03T20:43:00+00:00,16.42,18.61,3307.48,0.0,19.63,32.88,62.85
2026-09-03T20:44:00+00:00,11.85,9.89,3401.41,1.04,20.69,33.8,63.09
2026-09-03T20:45:00+00:00,21.76,21.83,3048.25,0.77,19.63,32.83,68.97
2026-09-03T20:46:00+00:00,17.03,19.51,3282.32,0.0,19.63,34.41,63.84
2026-09-03T20:47:00+00:00,17.79,19.78,3308.32,0.58,20.43,32.7,70.23
2026-09-03T20:48:00+00:00,15.13,15.4,3055.9,0.0,20.94,34.52,61.13
2026-09-03T20:49:00+00:00,16.44,18.41,3310.23,0.0,20.3,34.02,64.68
2026-09-03T20:50:00+00:00,14.68,17.72,3218.84,0.0,20.45,34.53,61.51
2026-09-03T20:51:00+00:00,13.53,14.82,3332.76,0.0,19.63,33.92,62.16
2026-09-03T20:52:00+00:00,13.54,14.15,3234.18,0.0,19.63,33.42,70.45
2026-09-03T20:53:00+00:00,16.27,16.12,3146.95,0.0,20.77,35.06,59.79
2026-09-03T20:54:00+00:00,14.57,14.5,2974.27,0.0,19.63,34.45,60.29
2026-09-03T20:55:00+00:00,14.78,17.84,3366.83,0.71,20.06,32.9,64.62
2026-09-03T20:56:00+00:00,14.9,11.35,3452.43,0.0,19.63,34.67,63.45
2026-09-03T20:57:00+00:00,14.83,19.26,3104.86,0.0,19.63,33.72,64.72
2026-09-03T20:58:00+00:00,16.5,24.48,3082.29,0.32,20.33,35.07,63.85
2026-09-03T20:59:00+00:00,18.1,17.18,3224.1,0.0,20.51,35.28,61.18
2026-09-03T21:00:00+00:00,11.83,14.07,3219.87,0.0,19.63,32.88,71.95
2026-09-03T21:01:00+00:00,15.95,20.13,3216.8,0.0,21.13,32.67,65.66
2026-09-03T21:02:00+00:00,13.25,11.94,3229.81,0.7,20.44,34.71,60.11
2026-09-03T21:03:00+00:00,16.93,18.74,3389.03,0.06,19.68,33.92,60.46
2026-09-03T21:04:00+00:00,10.83,11.23,3365.78,0.0,19.63,36.06,56.83
2026-09-03T21:05:00+00:00,16.73,21.79,3399.73,0.0,19.63,33.76,62.79
2026-09-03T21:06:00+00:00,11.11,11.04,3238.57,0.0,19.63,33.24,65.22
2026-09-03T21:07:00+00:00,12.1,19.24,3344.51,0.0,19.63,32.71,65.68
2026-09-03T21:08:00+00:00,15.89,14.36,3251.7,0.68,19.63,35.11,58.39
2026-09-03T21:09:00+00:00,14.01,14.13,3235.16,0.0,19.63,32.29,63.46
2026-09-03T21:10:00+00:00,17.3,17.49,3335.42,0.0,19.63,33.36,61.57
2026-09-03T21:11:00+00:00,16.8,17.28,3203.98,0.8,20.38,31.81,66.76
2026-09-03T21:12:00+00:00,13.74,19.66,3100.96,0.0,19.63,35.17,59.57
2026-09-03T21:13:00+00:00,10.53,12.09,2940.27,0.0,20.74,34.61,63.95
2026-09-03T21:14:00+00:00,10.39,10.34,3079.62,0.74,19.63,33.4,65.5
2026-09-03T21:15:00+00:00,15.84,17.65,3029.67,0.0,19.63,33.33,68.01
2026-09-03T21:16:00+00:00,15.67,19.92,3345.92,0.0,19.63,33.9,65.21
2026-09-03T21:17:00+00:00,15.18,17.33,3032.78,0.0,20.59,33.04,66.09
2026-09-03T21:18:00+00:00,11.71,10.12,2947.04,0.0,21.03,32.75,68.42
2026-09-03T21:19:00+00:00,11.14,11.65,3452.96,0.0,21.06,33.53,65.62
2026-09-03T21:20:00+00:00,16.5,21.07,3425.62,0.0,19.63,33.31,68.21
2026-09-03T21:21:00+00:00,15.91,20.32,3125.05,0.0,19.63,31.83,67.35
2026-09-03T21:22:00+00:00,15.02,19.0,3266.97,0.0,20.73,32.83,60.46
2026-09-03T21:23:00+00:00,14.29,12.93,3357.56,0.0,19.63,33.38,70.93
2026-09-03T21:24:00+00:00,13.64,23.0,3020.47,0.0,19.76,34.34,68.41
2026-09-03T21:25:00+00:00,20.49,25.63,3303.53,0.0,19.63,32.23,71.12
2026-09-03T21:26:00+00:00,15.91,17.73,3163.07,0.0,19.69,33.94,62.64
2026-09-03T21:27:00+00:00,14.6,15.41,3152.32,0.0,19.63,34.07,62.42
2026-09-03T21:28:00+00:00,15.89,24.68,3155.12,0.0,19.63,33.01,67.18
2026-09-03T21:29:00+00:00,11.4,11.25,3184.05,0.39,19.94,33.58,62.13
2026-09-03T21:30:00+00:00,15.02,18.86,3335.74,0.0,19.63,33.44,66.09
2026-09-03T21:31:00+00:00,11.58,17.51,3034.01,0.0,20.33,35.02,64.57
2026-09-03T21:32:00+00:00,18.07,18.47,2831.73,0.0,19.63,33.11,68.05
2026-09-03T21:33:00+00:00,14.47,16.31,3260.58,0.0,19.63,32.66,66.31
2026-09-03T21:34:00+00:00,14.66,24.04,3167.5,0.0,19.69,33.04,60.33
2026-09-03T21:35:00+00:00,13.2,17.94,3255.87,0.0,19.63,33.53,63.52
2026-09-03T21:36:00+00:00,13.95,16.17,2999.09,0.45,20.29,34.02,61.64
2026-09-03T21:37:00+00:00,13.72,15.58,3149.37,0.0,19.63,34.88,63.11
2026-09-03T21:38:00+00:00,19.83,22.88,3255.45,0.0,19.63,34.1,63.21
2026-09-03T21:39:00+00:00,11.32,13.51,2996.06,0.93,19.63,34.27,60.95
2026-09-03T21:40:00+00:00,17.65,17.12,2979.81,0.0,19.73,32.63,65.42
2026-09-03T21:41:00+00:00,14.32,16.77,3225.29,0.0,20.46,34.07,62.82
2026-09-03T21:42:00+00:00,17.44,25.75,3055.13,0.0,19.63,33.63,64.89
2026-09-03T21:43:00+00:00,17.1,18.72,3088.71,0.0,20.16,34.04,65.17
2026-09-03T21:44:00+00:00,19.68,24.83,2928.24,0.45,21.0,32.65,67.83
2026-09-03T21:45:00+00:00,15.76,12.66,3273.01,0.0,19.63,32.89,67.78
2026-09-03T21:46:00+00:00,19.07,22.67,3483.25,0.63,19.84,34.59,58.99
2026-09-03T21:47:00+00:00,16.03,15.13,3092.94,0.85,20.7,33.12,62.76
2026-09-03T21:48:00+00:00,16.23,14.31,2885.58,0.0,20.92,33.12,63.02
2026-09-03T21:49:00+00:00,14.23,15.87,2990.73,0.0,19.63,33.69,63.12
2026-09-03T21:50:00+00:00,18.11,19.97,3189.3,1.3,20.35,33.47,64.52
2026-09-03T21:51:00+00:00,16.14,15.02,3195.55,0.0,21.0,33.86,61.39
2026-09-03T21:52:00+00:00,13.09,13.35,2995.97,0.0,20.79,33.43,63.74
2026-09-03T21:53:00+00:00,10.1,12.91,3083.2,0.42,20.74,34.05,66.21
2026-09-03T21:54:00+00:00,14.09,20.79,2976.88,0.83,21.05,32.68,66.74
2026-09-03T21:55:00+00:00,15.59,21.15,3100.85,0.0,19.63,32.47,65.44
2026-09-03T21:56:00+00:00,16.14,19.74,3047.33,0.0,19.63,32.82,66.3
2026-09-03T21:57:00+00:00,9.18,8.43,2789.72,0.0,20.06,33.48,67.25
2026-09-03T21:58:00+00:00,13.79,11.88,3271.65,0.0,19.63,33.82,62.08
2026-09-03T21:59:00+00:00,21.42,22.78,3200.97,1.47,19.63,32.55,63.82
2026-09-03T22:00:00+00:00,15.95,15.12,3258.89,0.0,19.63,31.86,66.44
2026-09-03T22:01:00+00:00,12.89,15.87,2856.87,0.0,21.04,32.81,63.42
2026-09-03T22:02:00+00:00,16.95,18.0,3177.78,0.0,20.85,32.96,68.0
2026-09-03T22:03:00+00:00,13.32,14.83,2998.24,0.0,19.63,33.7,65.11
2026-09-03T22:04:00+00:00,15.32,16.02,3120.08,1.16,20.85,33.43,65.26
2026-09-03T22:05:00+00:00,16.35,19.28,2913.29,0.0,20.2,32.6,64.87
2026-09-03T22:06:00+00:00,14.48,17.81,3243.12,0.0,20.08,33.74,62.11
2026-09-03T22:07:00+00:00,20.75,22.07,2994.07,0.0,19.63,33.72,64.56
2026-09-03T22:08:00+00:00,15.05,14.98,3005.31,1.34,19.65,31.92,69.26
2026-09-03T22:09:00+00:00,13.42,11.85,2922.08,0.0,19.63,34.78,65.51
2026-09-03T22:10:00+00:00,13.56,18.56,3091.1,0.0,20.25,33.5,64.53
2026-09-03T22:11:00+00:00,14.66,17.88,2799.96,0.0,20.28,33.1,70.64
2026-09-03T22:12:00+00:00,15.87,19.3,3079.8,0.11,20.96,34.06,63.19
2026-09-03T22:13:00+00:00,12.5,15.52,2993.23,0.1,19.63,34.6,61.78
2026-09-03T22:14:00+00:00,17.05,17.94,3196.26,0.8,21.03,32.58,67.88
2026-09-03T22:15:00+00:00,11.73,12.69,3075.93,0.28,20.0,33.26,61.19
2026-09-03T22:16:00+00:00,15.53,16.15,2898.19,0.0,19.63,31.35,69.3
2026-09-03T22:17:00+00:00,8.0,8.5,2902.8,0.0,19.63,34.21,58.21
2026-09-03T22:18:00+00:00,15.1,18.15,2999.99,0.31,20.23,31.1,72.04
2026-09-03T22:19:00+00:00,16.05,21.72,2927.86,0.0,19.63,33.38,65.26
2026-09-03T22:20:00+00:00,16.59,18.99,2998.89,0.0,20.01,33.4,62.45
2026-09-03T22:21:00+00:00,19.56,24.05,2597.39,0.0,19.63,33.32,68.02
2026-09-03T22:22:00+00:00,12.67,16.39,3080.65,1.03,21.07,32.79,69.2
2026-09-03T22:23:00+00:00,12.98,10.38,3041.22,0.0,20.17,30.97,73.02
2026-09-03T22:24:00+00:00,12.43,16.41,3009.4,0.0,19.88,34.06,65.72
2026-09-03T22:25:00+00:00,16.29,16.8,3040.79,0.0,19.63,34.55,60.24
2026-09-03T22:26:00+00:00,15.52,14.76,2723.29,0.0,19.63,33.32,63.09
2026-09-03T22:27:00+00:00,16.3,26.08,2937.02,0.0,20.31,33.8,65.17
2026-09-03T22:28:00+00:00,19.46,21.51,2960.74,0.0,20.31,32.3,66.39
2026-09-03T22:29:00+00:00,17.12,18.91,2964.4,0.0,19.63,34.43,65.5
2026-09-03T22:30:00+00:00,17.33,18.77,2891.14,0.22,19.63,33.23,67.16
2026-09-03T22:31:00+00:00,12.92,19.01,3005.82,0.0,19.63,34.26,59.21
2026-09-03T22:32:00+00:00,17.82,23.0,3052.53,1.02,19.63,33.03,70.39
2026-09-03T22:33:00+00:00,20.62,25.91,3188.32,0.75,19.67,33.6,68.09
2026-09-03T22:34:00+00:00,15.51,19.21,3021.97,0.0,21.01,32.97,67.95
2026-09-03T22:35:00+00:00,11.19,13.46,3106.81,0.0,19.63,32.47,63.42
2026-09-03T22:36:00+00:00,16.07,12.89,2896.83,0.0,19.63,31.26,69.91
2026-09-03T22:37:00+00:00,13.74,13.99,2940.77,0.17,19.63,32.56,62.54
2026-09-03T22:38:00+00:00,12.55,13.8,2859.74,0.0,20.96,32.22,72.61
2026-09-03T22:39:00+00:00,12.52,13.04,3115.73,0.0,19.63,34.42,64.41
2026-09-03T22:40:00+00:00,9.16,7.92,2981.03,0.0,19.63,32.77,65.88
2026-09-03T22:41:00+00:00,13.37,17.66,2883.04,0.0,19.97,34.23,64.27
2026-09-03T22:42:00+00:00,18.37,20.04,2745.21,0.28,19.63,34.1,65.14
2026-09-03T22:43:00+00:00,15.18,17.84,2757.03,0.0,19.63,32.91,65.96
2026-09-03T22:44:00+00:00,15.03,15.3,2816.99,0.0,19.63,36.52,51.21
2026-09-03T22:45:00+00:00,15.86,12.52,2916.12,0.0,20.79,30.84,70.55
2026-09-03T22:46:00+00:00,17.5,22.2,2882.14,0.0,19.63,31.19,73.69
2026-09-03T22:47:00+00:00,15.91,16.53,3046.42,0.0,20.05,32.61,67.34
2026-09-03T22:48:00+00:00,13.76,18.73,3123.62,0.65,20.06,32.9,72.06
2026-09-03T22:49:00+00:00,16.45,18.36,2996.1,0.17,19.63,33.23,65.35
2026-09-03T22:50:00+00:00,18.39,19.62,3099.21,0.84,19.63,33.48,66.25
2026-09-03T22:51:00+00:00,16.19,19.68,2825.69,0.0,20.29,31.72,67.19
2026-09-03T22:52:00+00:00,13.02,15.71,2834.89,0.0,20.67,33.24,64.52
2026-09-03T22:53:00+00:00,12.17,12.7,2906.33,0.0,21.0,32.27,60.59
2026-09-03T22:54:00+00:00,14.77,18.51,2818.4,0.0,19.63,33.29,66.72
2026-09-03T22:55:00+00:00,16.1,23.17,2627.44,0.0,20.6,34.7,60.57
2026-09-03T22:56:00+00:00,14.96,15.63,3061.37,0.0,19.63,31.41,69.63
2026-09-03T22:57:00+00:00,16.02,19.61,2879.46,0.0,20.29,32.02,68.59
2026-09-03T22:58:00+00:00,13.35,15.25,2544.18,0.67,20.24,34.54,56.08
2026-09-03T22:59:00+00:00,14.38,18.03,2758.52,0.0,20.0,32.52,64.17
2026-09-03T23:00:00+00:00,20.3,25.33,2974.32,0.0,19.63,33.99,64.66
2026-09-03T23:01:00+00:00,19.74,19.62,2949.02,0.0,19.99,32.95,64.86
2026-09-03T23:02:00+00:00,18.83,18.91,2777.26,0.0,19.65,33.21,68.92
2026-09-03T23:03:00+00:00,13.56,13.63,2780.18,0.0,19.63,33.85,66.99
2026-09-03T23:04:00+00:00,15.34,17.88,2758.05,0.0,20.4,33.09,66.53
2026-09-03T23:05:00+00:00,14.15,17.58,3015.13,0.0,21.08,32.52,69.08
2026-09-03T23:06:00+00:00,11.0,9.16,2859.79,0.0,20.34,32.67,68.0
2026-09-03T23:07:00+00:00,19.35,20.69,2695.89,0.75,20.19,33.8,61.31
2026-09-03T23:08:00+00:00,11.48,11.37,2914.65,0.41,19.63,33.56,64.8
2026-09-03T23:09:00+00:00,16.66,17.06,3052.07,0.0,20.39,32.99,61.03
2026-09-03T23:10:00+00:00,14.18,19.3,2920.86,0.0,19.63,31.73,67.84
2026-09-03T23:11:00+00:00,13.85,14.68,2705.51,0.22,19.63,32.8,70.09
2026-09-03T23:12:00+00:00,17.05,26.05,2750.42,0.0,20.38,33.73,65.43
2026-09-03T23:13:00+00:00,18.29,25.86,2814.25,0.66,20.03,33.32,63.23
2026-09-03T23:14:00+00:00,15.45,14.87,3096.24,0.52,21.07,31.22,72.8
2026-09-03T23:15:00+00:00,14.28,20.11,2746.26,0.0,19.63,34.22,65.39
2026-09-03T23:16:00+00:00,13.24,17.44,2883.13,0.0,20.65,32.64,63.27
2026-09-03T23:17:00+00:00,15.58,18.08,2773.96,0.0,19.63,33.92,62.23
2026-09-03T23:18:00+00:00,13.74,14.33,2902.8,0.0,20.02,31.65,63.08
2026-09-03T23:19:00+00:00,16.09,19.43,2982.46,0.0,19.63,32.4,65.52
2026-09-03T23:20:00+00:00,16.27,16.69,2746.98,0.0,19.63,33.04,64.3
2026-09-03T23:21:00+00:00,16.56,18.99,2475.17,0.0,19.63,32.53,70.64
2026-09-03T23:22:00+00:00,15.7,13.51,2712.12,0.0,21.08,33.44,68.83
2026-09-03T23:23:00+00:00,18.13,15.41,2906.43,0.0,19.92,31.86,66.34
2026-09-03T23:24:00+00:00,15.23,18.26,2920.91,0.35,20.67,32.91,63.92
2026-09-03T23:25:00+00:00,16.72,13.99,2688.31,0.0,19.63,33.24,65.34
2026-09-03T23:26:00+00:00,17.58,20.62,2785.72,0.34,19.63,31.87,72.46
2026-09-03T23:27:00+00:00,12.65,13.96,2688.87,0.0,19.63,32.07,67.81
2026-09-03T23:28:00+00:00,15.87,12.49,2889.17,0.0,19.63,32.93,70.53
2026-09-03T23:29:00+00:00,19.02,21.14,2984.44,1.57,21.06,34.08,60.96
2026-09-03T23:30:00+00:00,18.81,22.73,2963.44,0.0,20.34,33.25,67.91
2026-09-03T23:31:00+00:00,14.1,12.92,2940.42,0.0,20.42,33.76,63.04
2026-09-03T23:32:00+00:00,15.64,22.74,2698.45,0.0,19.63,33.2,65.4
2026-09-03T23:33:00+00:00,21.24,24.58,2726.43,0.0,20.48,31.78,67.67
2026-09-03T23:34:00+00:00,15.48,17.67,2950.35,0.34,20.53,32.69,68.86
2026-09-03T23:35:00+00:00,17.46,21.72,2644.18,0.0,20.77,32.26,68.72
2026-09-03T23:36:00+00:00,14.59,15.77,2632.63,0.0,20.8,33.02,70.42
2026-09-03T23:37:00+00:00,13.7,16.72,2765.19,0.0,20.52,32.32,72.5
2026-09-03T23:38:00+00:00,16.57,21.69,3053.24,0.0,19.63,31.58,65.09
2026-09-03T23:39:00+00:00,14.19,15.03,2644.95,0.0,19.63,33.58,66.93
2026-09-03T23:40:00+00:00,19.07,20.03,2739.06,0.83,19.63,32.21,66.43
2026-09-03T23:41:00+00:00,11.3,10.49,2911.11,0.0,19.63,32.64,68.15
2026-09-03T23:42:00+00:00,16.33,15.61,2788.48,0.0,20.61,33.03,63.54
2026-09-03T23:43:00+00:00,15.64,19.27,2637.34,0.0,19.63,33.22,67.26
2026-09-03T23:44:00+00:00,10.91,15.03,2725.83,0.0,20.6,32.25,63.86
2026-09-03T23:45:00+00:00,15.4,22.05,2780.08,0.0,20.25,31.92,69.75
2026-09-03T23:46:00+00:00,19.57,23.5,2871.8,0.0,20.55,32.24,72.56
2026-09-03T23:47:00+00:00,10.45,11.78,2718.73,0.26,20.55,32.97,61.16
2026-09-03T23:48:00+00:00,14.78,16.39,2696.54,0.0,19.63,33.53,62.91
2026-09-03T23:49:00+00:00,16.41,16.62,2803.07,0.0,19.63,33.58,64.01
2026-09-03T23:50:00+00:00,12.35,12.07,3135.48,0.0,20.8,32.85,59.43
2026-09-03T23:51:00+00:00,13.0,15.46,2485.63,0.0,19.63,33.06,67.31
2026-09-03T23:52:00+00:00,17.36,24.09,2762.49,0.0,19.7,32.49,67.33
2026-09-03T23:53:00+00:00,13.53,16.63,2820.64,0.03,21.11,32.99,66.02
2026-09-03T23:54:00+00:00,16.04,14.69,2632.34,0.0,21.01,33.42,63.47
2026-09-03T23:55:00+00:00,16.25,20.65,2599.09,0.0,20.42,31.14,73.57
2026-09-03T23:56:00+00:00,16.58,16.03,2777.51,0.0,19.63,31.08,73.68
2026-09-03T23:57:00+00:00,17.32,18.82,2733.74,0.0,19.63,33.23,62.0
2026-09-03T23:58:00+00:00,14.04,13.9,2727.2,0.0,20.55,33.94,65.51
2026-09-03T23:59:00+00:00,15.82,17.67,2683.59,0.0,19.63,32.24,67.8
2026-09-04T00:00:00+00:00,8.0,12.98,2759.85,0.0,20.95,34.4,58.44
2026-09-04T00:01:00+00:00,11.58,14.43,2589.48,0.32,20.65,33.9,61.41
2026-09-04T00:02:00+00:00,20.06,22.99,2718.77,0.0,19.63,33.64,62.66
2026-09-04T00:03:00+00:00,21.99,24.16,2702.57,0.13,19.63,31.65,66.14
2026-09-04T00:04:00+00:00,20.8,21.95,2553.39,0.0,19.63,33.13,68.0
2026-09-04T00:05:00+00:00,8.69,14.98,2617.97,0.0,19.63,32.41,65.39
2026-09-04T00:06:00+00:00,24.66,27.46,2639.67,0.0,19.63,32.0,68.67
2026-09-04T00:07:00+00:00,8.0,14.08,2555.92,0.58,20.15,32.5,66.28
2026-09-04T00:08:00+00:00,28.06,25.48,2593.96,0.0,19.63,32.89,71.52
2026-09-04T00:09:00+00:00,11.99,12.61,2638.59,0.0,20.72,32.42,70.68
2026-09-04T00:10:00+00:00,17.3,20.58,2494.56,0.0,20.97,33.5,67.81
2026-09-04T00:11:00+00:00,12.19,14.54,2647.68,0.58,19.63,32.5,70.8
2026-09-04T00:12:00+00:00,12.31,13.16,2641.11,0.0,19.63,33.46,66.24
2026-09-04T00:13:00+00:00,16.74,18.54,2598.77,0.0,19.63,33.2,68.65
2026-09-04T00:14:00+00:00,16.71,14.65,2596.57,0.0,20.01,32.23,67.32
2026-09-04T00:15:00+00:00,18.27,16.18,2713.49,0.0,20.43,33.16,67.0
2026-09-04T00:16:00+00:00,19.13,23.58,2572.46,0.0,19.63,31.94,68.32
2026-09-04T00:17:00+00:00,12.65,13.31,2715.99,0.75,19.63,33.23,61.42
2026-09-04T00:18:00+00:00,15.54,12.45,2759.73,0.0,19.63,32.59,67.1
2026-09-04T00:19:00+00:00,8.13,7.5,2397.07,0.0,20.41,32.74,67.0
2026-09-04T00:20:00+00:00,10.14,18.61,2398.22,0.0,19.63,32.12,67.41
2026-09-04T00:21:00+00:00,21.4,27.55,2725.5,0.0,19.83,32.77,69.52
2026-09-04T00:22:00+00:00,22.79,23.83,2597.15,0.0,19.63,33.29,64.46
2026-09-04T00:23:00+00:00,15.92,16.49,2597.72,0.0,19.63,32.38,67.16
2026-09-04T00:24:00+00:00,11.97,14.39,2620.18,0.0,20.61,33.44,65.82
2026-09-04T00:25:00+00:00,11.67,13.84,2713.9,0.0,19.95,33.24,62.63
2026-09-04T00:26:00+00:00,8.95,17.79,2769.99,0.0,19.63,33.52,60.22
2026-09-04T00:27:00+00:00,13.11,15.92,2426.31,0.37,19.63,31.41,66.66
2026-09-04T00:28:00+00:00,17.49,19.63,2479.06,0.0,19.63,31.88,73.67
2026-09-04T00:29:00+00:00,15.16,16.32,2451.34,0.0,20.43,32.07,60.94
2026-09-04T00:30:00+00:00,16.92,22.18,2461.27,0.09,19.63,32.85,69.2
2026-09-04T00:31:00+00:00,24.6,25.85,2466.19,0.39,19.63,33.61,62.51
2026-09-04T00:32:00+00:00,12.94,15.91,2539.29,0.0,19.63,33.19,59.84
2026-09-04T00:33:00+00:00,10.91,13.03,2583.22,0.0,19.63,32.44,66.48
2026-09-04T00:34:00+00:00,11.33,10.67,2683.09,0.0,19.81,33.06,65.03
2026-09-04T00:35:00+00:00,16.74,23.34,2645.3,0.0,20.12,33.35,67.39
2026-09-04T00:36:00+00:00,14.47,14.81,2426.88,0.0,20.01,33.94,66.89
2026-09-04T00:37:00+00:00,8.0,11.71,2480.29,0.0,20.77,32.89,58.66
2026-09-04T00:38:00+00:00,8.0,10.2,2617.16,0.0,21.06,34.53,60.96
2026-09-04T00:39:00+00:00,26.08,26.05,2542.69,0.0,20.25,30.75,71.45
2026-09-04T00:40:00+00:00,16.77,17.64,2605.13,0.83,20.57,32.58,66.37
2026-09-04T00:41:00+00:00,18.69,28.97,2463.17,0.0,19.69,33.35,69.8
2026-09-04T00:42:00+00:00,8.0,10.06,2526.26,0.0,19.63,32.22,65.84
2026-09-04T00:43:00+00:00,22.03,26.6,2533.56,0.0,19.63,32.3,70.16
2026-09-04T00:44:00+00:00,8.0,13.18,2720.63,0.0,19.63,33.0,70.29
2026-09-04T00:45:00+00:00,14.73,15.42,2665.61,0.0,19.63,33.54,65.04
2026-09-04T00:46:00+00:00,17.51,17.68,2648.26,0.09,20.5,34.28,61.27
2026-09-04T00:47:00+00:00,22.28,19.33,2685.17,0.06,19.75,33.65,58.9
2026-09-04T00:48:00+00:00,11.81,11.63,2469.85,0.0,20.08,32.22,70.9
2026-09-04T00:49:00+00:00,17.4,21.32,2831.41,0.0,20.36,32.93,62.3
2026-09-04T00:50:00+00:00,8.0,7.5,2538.2,0.62,20.96,33.85,64.05
2026-09-04T00:51:00+00:00,16.04,22.61,2612.75,0.0,21.09,32.43,61.11
2026-09-04T00:52:00+00:00,8.0,10.8,2744.32,0.0,19.63,33.39,67.65
2026-09-04T00:53:00+00:00,11.47,15.44,2586.27,0.0,19.63,33.29,63.88
2026-09-04T00:54:00+00:00,20.65,19.42,2579.12,0.0,19.97,32.92,65.79
2026-09-04T00:55:00+00:00,8.6,14.13,2439.46,0.0,19.63,32.51,70.36
2026-09-04T00:56:00+00:00,9.21,11.74,2819.78,0.53,20.22,31.47,68.94
2026-09-04T00:57:00+00:00,19.57,16.61,2479.02,0.0,20.75,33.5,63.35
2026-09-04T00:58:00+00:00,25.41,30.62,2981.91,0.0,19.63,34.04,62.98
2026-09-04T00:59:00+00:00,14.32,18.72,2970.01,0.0,20.5,33.06,69.33
2026-09-04T01:00:00+00:00,9.18,9.06,2644.18,0.0,19.63,33.55,61.56
2026-09-04T01:01:00+00:00,15.58,19.87,2883.0,0.0,20.04,33.77,66.21
2026-09-04T01:02:00+00:00,12.83,14.07,2780.58,0.0,19.63,33.22,60.56
2026-09-04T01:03:00+00:00,26.74,36.6,2760.99,1.06,19.94,32.3,68.36
2026-09-04T01:04:00+00:00,8.7,15.57,2382.59,0.53,19.63,33.0,66.39
2026-09-04T01:05:00+00:00,17.33,22.31,2591.2,0.22,19.63,33.73,66.72
2026-09-04T01:06:00+00:00,15.38,16.86,2647.85,0.0,19.63,31.59,71.52
2026-09-04T01:07:00+00:00,8.0,13.32,2666.15,0.0,19.88,30.89,68.19
2026-09-04T01:08:00+00:00,11.37,13.47,2691.34,0.0,19.96,31.24,65.7
2026-09-04T01:09:00+00:00,15.35,12.7,2836.86,1.44,19.63,31.55,65.71
2026-09-04T01:10:00+00:00,8.0,7.5,2592.0,0.0,19.63,33.65,60.43
2026-09-04T01:11:00+00:00,18.78,22.58,2807.98,0.0,19.63,33.42,68.92
2026-09-04T01:12:00+00:00,24.56,29.93,2761.13,0.0,20.48,32.17,71.1
2026-09-04T01:13:00+00:00,20.96,26.01,2260.07,0.0,20.56,33.33,65.85
2026-09-04T01:14:00+00:00,10.07,9.28,2626.11,0.0,20.97,33.09,64.03
2026-09-04T01:15:00+00:00,8.16,7.62,2436.67,0.94,19.91,33.97,66.37
2026-09-04T01:16:00+00:00,8.0,13.62,2755.19,0.99,19.63,33.85,59.63
2026-09-04T01:17:00+00:00,19.39,30.63,2606.31,0.47,19.89,32.32,67.8
2026-09-04T01:18:00+00:00,17.38,18.49,2645.25,0.84,20.91,31.38,68.77
2026-09-04T01:19:00+00:00,19.75,22.05,2777.64,0.0,19.63,31.88,72.4
2026-09-04T01:20:00+00:00,17.01,22.5,2676.68,0.0,20.11,32.69,64.81
2026-09-04T01:21:00+00:00,19.61,21.77,2539.73,0.34,20.95,34.6,60.97
2026-09-04T01:22:00+00:00,9.87,10.43,2575.52,0.0,20.9,33.17,65.39
2026-09-04T01:23:00+00:00,12.8,10.27,2364.1,0.59,19.63,32.26,69.23
2026-09-04T01:24:00+00:00,9.76,10.33,2647.02,0.33,20.21,33.17,66.49
2026-09-04T01:25:00+00:00,20.37,26.6,2728.18,0.0,19.63,32.32,62.98
2026-09-04T01:26:00+00:00,11.38,17.96,2686.75,0.0,20.5,32.76,67.74
2026-09-04T01:27:00+00:00,21.09,21.98,2695.51,0.51,20.44,32.59,69.74
2026-09-04T01:28:00+00:00,17.19,15.99,2485.84,0.0,19.63,34.96,58.16
2026-09-04T01:29:00+00:00,15.73,21.33,2569.24,0.0,19.63,32.7,62.08
2026-09-04T01:30:00+00:00,11.64,14.55,2849.82,0.65,20.6,33.91,64.01
2026-09-04T01:31:00+00:00,17.71,18.73,2563.89,0.02,19.68,31.89,69.0
2026-09-04T01:32:00+00:00,15.81,20.34,2784.28,0.0,19.63,33.34,57.09
2026-09-04T01:33:00+00:00,9.08,16.93,2931.94,0.0,20.42,32.67,67.75
2026-09-04T01:34:00+00:00,9.12,11.7,2589.31,0.28,19.63,32.81,71.61
2026-09-04T01:35:00+00:00,19.36,19.66,2522.03,0.0,19.63,32.95,68.32
2026-09-04T01:36:00+00:00,8.0,8.88,2789.07,0.0,20.17,32.0,70.24
2026-09-04T01:37:00+00:00,16.45,19.3,2579.36,0.0,19.63,32.76,65.07
2026-09-04T01:38:00+00:00,17.89,17.26,2620.12,0.0,19.63,32.9,67.52
2026-09-04T01:39:00+00:00,17.8,22.22,2637.03,0.0,19.79,32.38,67.49
2026-09-04T01:40:00+00:00,19.12,21.08,2405.49,0.0,19.63,31.51,70.58
2026-09-04T01:41:00+00:00,15.51,16.89,2784.8,0.0,19.63,33.3,65.87
2026-09-04T01:42:00+00:00,11.67,10.78,2766.84,0.0,19.69,33.02,65.8
2026-09-04T01:43:00+00:00,9.88,12.39,2842.41,0.0,19.63,32.9,65.71
2026-09-04T01:44:00+00:00,18.63,20.91,2636.11,0.0,19.63,33.67,65.65
2026-09-04T01:45:00+00:00,9.98,13.7,2650.1,0.0,20.25,32.29,69.65
2026-09-04T01:46:00+00:00,29.53,37.05,3050.01,0.0,20.88,32.94,62.06
2026-09-04T01:47:00+00:00,22.27,23.93,2726.07,0.0,20.45,33.27,60.71
2026-09-04T01:48:00+00:00,15.54,23.29,2801.12,0.0,20.51,33.4,64.51
2026-09-04T01:49:00+00:00,15.72,17.98,2472.8,0.29,19.63,31.93,67.28
2026-09-04T01:50:00+00:00,13.4,17.7,2561.32,0.0,19.96,34.55,56.13
2026-09-04T01:51:00+00:00,21.14,21.52,2669.96,0.23,20.56,32.57,68.82
2026-09-04T01:52:00+00:00,20.3,21.31,2636.81,0.0,19.63,33.84,63.18
2026-09-04T01:53:00+00:00,14.73,20.03,2680.42,0.46,19.63,33.03,65.29
2026-09-04T01:54:00+00:00,13.64,15.2,2555.51,0.0,19.63,33.77,68.51
2026-09-04T01:55:00+00:00,14.76,13.55,2564.94,0.0,19.63,33.2,64.28
2026-09-04T01:56:00+00:00,15.0,15.72,2563.03,0.0,20.0,34.32,62.92
2026-09-04T01:57:00+00:00,10.69,14.82,2437.57,0.51,21.05,32.53,71.27
2026-09-04T01:58:00+00:00,12.97,11.23,2537.02,0.0,19.63,34.33,60.91
2026-09-04T01:59:00+00:00,16.03,17.75,2749.64,0.0,19.63,32.69,64.32
2026-09-04T02:00:00+00:00,8.6,9.73,2620.03,0.0,19.63,32.81,68.11
2026-09-04T02:01:00+00:00,20.99,28.14,2572.64,0.11,19.63,32.93,70.89
2026-09-04T02:02:00+00:00,21.16,25.38,2649.15,0.0,20.81,33.96,62.51
2026-09-04T02:03:00+00:00,8.0,7.5,2675.35,0.48,19.63,32.15,61.86
2026-09-04T02:04:00+00:00,16.27,20.56,2515.24,0.43,19.63,33.22,64.95
2026-09-04T02:05:00+00:00,12.61,9.29,2675.19,0.0,19.63,31.62,67.14
2026-09-04T02:06:00+00:00,15.29,17.62,2682.75,0.0,19.63,33.29,69.31
2026-09-04T02:07:00+00:00,12.2,13.85,2280.12,0.51,19.63,34.35,61.58
2026-09-04T02:08:00+00:00,17.53,21.88,2490.26,0.49,20.99,32.72,62.83
2026-09-04T02:09:00+00:00,15.06,21.34,2606.29,0.0,19.63,33.58,66.47
2026-09-04T02:10:00+00:00,17.53,17.77,2496.42,0.0,19.67,32.38,68.64
2026-09-04T02:11:00+00:00,12.86,17.07,2479.6,0.0,19.95,33.71,69.18
2026-09-04T02:12:00+00:00,21.27,25.22,2657.27,0.0,19.63,31.09,71.54
2026-09-04T02:13:00+00:00,17.45,17.07,2754.92,0.0,20.92,32.92,66.19
2026-09-04T02:14:00+00:00,13.9,17.19,2675.53,0.0,19.63,32.38,68.78
2026-09-04T02:15:00+00:00,8.0,8.51,2630.22,0.0,19.94,34.2,62.87
2026-09-04T02:16:00+00:00,12.32,13.03,2603.08,0.0,19.63,31.75,69.55
2026-09-04T02:17:00+00:00,10.61,11.77,2629.6,0.0,20.46,31.7,71.13
2026-09-04T02:18:00+00:00,19.66,19.04,2701.09,0.0,19.63,34.54,61.09
2026-09-04T02:19:00+00:00,10.26,12.28,2607.86,0.0,19.69,34.69,57.62
2026-09-04T02:20:00+00:00,18.02,21.61,2807.66,0.0,20.51,32.49,68.27
2026-09-04T02:21:00+00:00,14.51,21.09,2644.08,0.0,20.19,33.03,68.67
2026-09-04T02:22:00+00:00,18.63,24.36,2624.72,1.25,19.67,32.31,74.9
2026-09-04T02:23:00+00:00,9.28,10.57,2440.03,0.0,19.63,34.08,56.44
2026-09-04T02:24:00+00:00,12.27,9.61,2712.46,0.0,20.49,32.28,66.21
2026-09-04T02:25:00+00:00,14.22,14.08,2872.24,0.0,21.06,32.06,67.72
2026-09-04T02:26:00+00:00,19.24,24.03,2762.68,0.48,20.66,34.03,63.72
2026-09-04T02:27:00+00:00,12.68,13.6,2623.15,0.0,20.77,33.63,58.72
2026-09-04T02:28:00+00:00,13.5,19.35,2750.12,0.41,19.63,33.39,65.84
2026-09-04T02:29:00+00:00,17.67,21.76,2870.35,0.0,19.63,33.13,62.79
2026-09-04T02:30:00+00:00,20.75,24.12,2558.21,0.0,19.63,33.14,70.42
2026-09-04T02:31:00+00:00,8.0,9.11,2801.44,0.0,19.63,32.06,65.13
2026-09-04T02:32:00+00:00,14.82,18.67,2529.26,0.0,20.35,32.03,66.63
2026-09-04T02:33:00+00:00,12.44,14.34,2658.22,0.0,19.63,32.75,69.18
2026-09-04T02:34:00+00:00,9.77,10.72,2684.06,0.0,19.63,32.2,68.79
2026-09-04T02:35:00+00:00,9.96,14.14,2666.54,0.0,20.1,33.47,60.35
2026-09-04T02:36:00+00:00,24.7,33.13,2411.68,0.0,19.63,32.97,68.37
2026-09-04T02:37:00+00:00,19.71,18.82,2537.56,0.31,19.63,33.07,70.97
2026-09-04T02:38:00+00:00,12.64,14.59,2666.22,0.0,20.08,31.65,74.11
2026-09-04T02:39:00+00:00,18.38,21.23,2559.36,0.0,19.63,31.88,75.33
2026-09-04T02:40:00+00:00,17.01,19.72,2569.58,0.0,19.63,32.86,69.59
2026-09-04T02:41:00+00:00,16.53,16.64,2704.12,0.0,19.63,33.01,67.79
2026-09-04T02:42:00+00:00,20.36,32.77,2662.0,0.0,21.02,32.68,64.45
2026-09-04T02:43:00+00:00,18.69,25.34,2794.63,0.0,19.63,35.06,59.3
2026-09-04T02:44:00+00:00,8.0,9.26,2719.72,0.17,20.85,33.93,65.42
2026-09-04T02:45:00+00:00,11.47,11.91,2561.04,0.0,20.11,33.67,62.0
2026-09-04T02:46:00+00:00,18.11,20.59,2642.95,0.0,19.63,34.07,64.74
2026-09-04T02:47:00+00:00,16.5,19.25,2567.37,0.0,19.63,32.92,61.26
2026-09-04T02:48:00+00:00,13.33,14.51,2726.41,0.0,20.78,33.56,66.17
2026-09-04T02:49:00+00:00,16.47,18.81,2698.9,0.0,19.63,33.4,63.6
2026-09-04T02:50:00+00:00,15.84,15.42,2660.92,0.0,19.63,30.97,70.53
2026-09-04T02:51:00+00:00,17.46,20.99,2747.95,0.0,21.03,32.3,64.72
2026-09-04T02:52:00+00:00,11.23,15.53,2570.59,1.97,20.29,33.41,64.59
2026-09-04T02:53:00+00:00,10.67,10.28,2806.82,0.0,19.63,32.7,63.05
2026-09-04T02:54:00+00:00,20.38,22.27,2982.33,0.0,19.63,34.12,60.98
2026-09-04T02:55:00+00:00,14.41,20.77,2849.62,0.74,19.63,33.58,63.87
2026-09-04T02:56:00+00:00,14.55,17.36,2632.86,0.86,19.63,34.13,62.87
2026-09-04T02:57:00+00:00,17.5,20.97,2638.31,0.0,20.05,34.55,63.92
2026-09-04T02:58:00+00:00,8.57,10.92,2713.97,0.0,20.24,34.27,61.27
2026-09-04T02:59:00+00:00,13.38,19.21,2589.4,0.0,20.11,32.3,60.1
2026-09-04T03:00:00+00:00,21.24,26.6,2648.71,0.86,19.63,32.91,70.11
2026-09-04T03:01:00+00:00,16.66,14.06,2447.2,0.0,20.73,31.96,72.05
2026-09-04T03:02:00+00:00,17.96,20.75,2440.43,0.0,21.12,32.53,63.45
2026-09-04T03:03:00+00:00,11.44,11.84,2573.63,0.0,20.18,35.23,55.39
2026-09-04T03:04:00+00:00,12.38,16.91,2775.58,0.41,19.63,32.69,65.68
2026-09-04T03:05:00+00:00,16.37,17.76,2784.57,0.0,19.63,34.07,64.95
2026-09-04T03:06:00+00:00,19.53,20.74,2724.16,0.72,19.63,32.62,68.37
2026-09-04T03:07:00+00:00,9.83,15.36,2854.24,0.0,19.69,32.09,67.21
2026-09-04T03:08:00+00:00,12.45,14.5,2787.09,0.0,20.18,33.41,63.85
2026-09-04T03:09:00+00:00,15.67,14.14,2558.86,0.0,19.63,33.48,62.78
2026-09-04T03:10:00+00:00,14.03,12.66,2448.03,0.0,19.63,33.17,67.64
2026-09-04T03:11:00+00:00,9.07,8.3,2478.19,0.0,19.78,31.79,69.28
2026-09-04T03:12:00+00:00,12.79,13.71,2457.45,0.0,20.74,32.05,72.83
2026-09-04T03:13:00+00:00,13.47,19.31,2815.97,0.0,19.63,32.29,63.59
2026-09-04T03:14:00+00:00,17.7,19.49,2652.88,0.0,20.49,33.69,63.52
2026-09-04T03:15:00+00:00,16.27,21.36,2593.28,0.0,20.62,33.81,59.91
2026-09-04T03:16:00+00:00,12.34,10.46,2734.48,0.0,20.14,34.16,63.08
2026-09-04T03:17:00+00:00,16.06,20.3,2690.07,0.42,19.63,32.38,66.56
2026-09-04T03:18:00+00:00,28.58,35.4,2454.63,0.0,20.18,31.97,71.5
2026-09-04T03:19:00+00:00,14.35,12.91,2688.95,0.27,20.84,34.68,56.39
2026-09-04T03:20:00+00:00,27.24,32.41,2552.14,0.0,20.97,31.95,69.97
2026-09-04T03:21:00+00:00,19.66,28.06,2431.94,0.34,20.74,32.88,71.42
2026-09-04T03:22:00+00:00,21.27,23.31,2581.02,0.0,21.05,34.45,61.2
2026-09-04T03:23:00+00:00,12.79,9.83,2432.95,0.0,20.17,32.9,68.82
2026-09-04T03:24:00+00:00,14.04,16.22,2746.71,0.0,19.63,32.22,69.02
2026-09-04T03:25:00+00:00,15.36,18.45,2683.99,0.0,19.63,32.18,67.29
2026-09-04T03:26:00+00:00,10.83,14.06,2730.37,1.2,20.14,33.04,65.13
2026-09-04T03:27:00+00:00,13.72,15.27,2590.96,0.0,19.79,33.29,67.54
2026-09-04T03:28:00+00:00,8.0,9.18,2582.01,0.0,20.83,33.79,66.49
2026-09-04T03:29:00+00:00,13.97,12.96,2611.35,0.06,20.98,32.67,67.54
2026-09-04T03:30:00+00:00,15.41,13.55,2671.76,0.0,19.63,32.41,66.3
2026-09-04T03:31:00+00:00,22.67,21.57,2345.53,0.0,19.63,32.61,64.13
2026-09-04T03:32:00+00:00,18.29,15.51,2453.83,0.0,19.63,33.1,62.19
2026-09-04T03:33:00+00:00,13.69,15.92,2403.76,0.0,20.49,33.7,64.59
2026-09-04T03:34:00+00:00,15.77,21.67,2518.84,0.0,20.48,33.43,65.68
2026-09-04T03:35:00+00:00,11.18,16.54,2462.9,0.0,20.18,33.86,61.17
2026-09-04T03:36:00+00:00,14.66,21.56,2562.97,0.0,19.63,34.69,63.11
2026-09-04T03:37:00+00:00,16.47,18.33,2537.41,0.23,19.63,32.55,68.6
2026-09-04T03:38:00+00:00,14.27,23.64,2578.0,0.04,20.41,31.25,69.33
2026-09-04T03:39:00+00:00,18.76,20.4,2736.95,0.0,19.67,33.7,65.46
2026-09-04T03:40:00+00:00,13.57,11.93,2627.63,0.0,20.33,34.58,63.09
2026-09-04T03:41:00+00:00,25.39,27.67,2417.01,0.0,19.63,33.9,67.58
2026-09-04T03:42:00+00:00,13.99,15.68,2455.12,0.0,20.8,31.22,69.6
2026-09-04T03:43:00+00:00,12.58,20.21,2803.53,0.0,19.8,33.32,66.09
2026-09-04T03:44:00+00:00,13.93,15.9,2753.28,0.74,19.73,32.96,65.45
2026-09-04T03:45:00+00:00,16.17,19.89,2543.11,0.0,20.62,32.55,69.3
2026-09-04T03:46:00+00:00,14.06,18.86,2444.7,0.0,20.8,34.01,63.13
2026-09-04T03:47:00+00:00,17.05,18.7,2569.71,0.0,20.21,32.83,64.86
2026-09-04T03:48:00+00:00,11.52,14.8,2573.07,0.0,19.63,33.26,61.28
2026-09-04T03:49:00+00:00,9.52,11.63,2740.09,0.0,21.07,32.94,63.42
2026-09-04T03:50:00+00:00,17.17,20.13,2417.99,0.0,20.51,32.96,68.42
2026-09-04T03:51:00+00:00,16.29,14.2,2496.55,0.0,20.45,31.6,67.68
2026-09-04T03:52:00+00:00,16.69,13.94,2551.71,0.0,20.99,33.74,65.07
2026-09-04T03:53:00+00:00,17.93,18.3,2539.29,0.0,20.09,31.66,71.65
2026-09-04T03:54:00+00:00,12.84,12.09,2737.96,0.0,19.63,32.94,65.47
2026-09-04T03:55:00+00:00,11.22,15.16,2708.25,0.0,20.21,32.13,72.22
2026-09-04T03:56:00+00:00,17.67,19.28,2591.91,0.0,21.13,31.9,71.6
2026-09-04T03:57:00+00:00,15.12,18.87,2688.0,0.0,19.63,32.68,63.71
2026-09-04T03:58:00+00:00,10.94,11.5,2655.51,0.46,19.63,32.56,60.02
2026-09-04T03:59:00+00:00,22.5,21.67,2467.25,0.0,20.37,34.18,58.37
2026-09-04T04:00:00+00:00,14.64,22.38,2757.89,0.0,20.16,32.23,67.15
2026-09-04T04:01:00+00:00,27.53,30.36,2556.79,0.0,19.63,32.34,65.66
2026-09-04T04:02:00+00:00,15.56,20.91,2886.82,0.59,19.63,31.58,69.7
2026-09-04T04:03:00+00:00,10.84,8.12,2809.73,0.0,19.63,34.7,64.73
2026-09-04T04:04:00+00:00,17.33,18.19,2700.51,0.0,20.18,33.73,62.18
2026-09-04T04:05:00+00:00,13.6,14.72,2652.28,0.0,20.65,32.97,66.22
2026-09-04T04:06:00+00:00,17.01,20.67,2825.34,0.0,19.7,33.5,56.37
2026-09-04T04:07:00+00:00,14.92,16.01,2735.05,0.0,20.0,33.57,64.15
2026-09-04T04:08:00+00:00,23.25,28.63,3027.69,0.0,21.1,35.08,58.72
2026-09-04T04:09:00+00:00,13.4,12.95,2680.56,0.0,21.12,33.76,62.54
2026-09-04T04:10:00+00:00,17.5,19.97,2852.92,0.15,20.03,33.38,65.93
2026-09-04T04:11:00+00:00,13.01,11.93,2527.77,0.0,19.63,32.42,66.12
2026-09-04T04:12:00+00:00,12.33,17.78,2488.46,0.98,20.4,33.98,59.96
2026-09-04T04:13:00+00:00,18.18,19.57,2539.94,0.75,20.27,32.18,69.22
2026-09-04T04:14:00+00:00,20.28,17.28,2566.39,0.66,20.72,31.91,72.78
2026-09-04T04:15:00+00:00,18.97,18.35,2563.45,0.62,19.63,33.11,68.08
2026-09-04T04:16:00+00:00,18.07,20.31,2704.87,0.14,19.63,33.08,64.96
2026-09-04T04:17:00+00:00,12.41,19.6,2567.82,0.0,19.63,33.69,63.27
2026-09-04T04:18:00+00:00,8.99,11.69,2719.53,0.01,19.63,31.5,75.25
2026-09-04T04:19:00+00:00,23.13,27.96,2698.02,0.67,19.63,32.51,68.59
2026-09-04T04:20:00+00:00,9.95,9.4,2626.99,0.0,19.63,32.85,66.61
2026-09-04T04:21:00+00:00,20.72,24.62,2855.09,0.0,19.63,31.99,67.09
2026-09-04T04:22:00+00:00,13.01,16.43,2544.48,0.0,19.63,34.61,59.84
2026-09-04T04:23:00+00:00,17.44,19.54,2685.19,0.0,21.13,33.68,61.15
2026-09-04T04:24:00+00:00,13.1,17.13,2518.07,0.28,19.63,33.75,63.56
2026-09-04T04:25:00+00:00,11.91,16.16,2902.45,0.24,19.63,33.21,70.1
2026-09-04T04:26:00+00:00,9.3,12.85,2535.85,0.06,19.63,33.79,61.52
2026-09-04T04:27:00+00:00,14.7,17.5,2607.86,0.0,19.63,32.12,69.28
2026-09-04T04:28:00+00:00,17.75,20.62,2887.5,0.0,19.63,32.54,68.23
2026-09-04T04:29:00+00:00,10.2,13.8,2678.21,0.0,19.7,32.07,69.21
2026-09-04T04:30:00+00:00,17.37,16.44,2686.75,0.1,19.63,34.46,62.49
2026-09-04T04:31:00+00:00,12.85,12.76,2783.92,0.0,20.16,32.2,66.76
2026-09-04T04:32:00+00:00,10.87,15.91,2637.26,0.0,19.63,34.34,57.9
2026-09-04T04:33:00+00:00,17.08,18.71,2814.17,0.0,20.14,33.56,68.3
2026-09-04T04:34:00+00:00,17.49,18.1,2724.14,0.0,19.63,32.81,68.45
2026-09-04T04:35:00+00:00,12.04,17.5,2870.0,0.0,19.75,33.86,67.17
2026-09-04T04:36:00+00:00,19.97,24.39,2735.71,0.0,19.67,33.14,64.32
2026-09-04T04:37:00+00:00,19.17,22.64,2535.17,0.0,20.93,33.21,67.15
2026-09-04T04:38:00+00:00,16.14,23.16,2443.17,0.0,19.82,31.96,69.72
2026-09-04T04:39:00+00:00,14.96,12.37,2575.24,0.0,19.63,33.28,66.88
2026-09-04T04:40:00+00:00,18.52,19.64,2565.42,0.0,19.63,35.09,56.88
2026-09-04T04:41:00+00:00,12.06,14.58,2839.79,0.0,20.1,33.53,63.56
2026-09-04T04:42:00+00:00,17.06,20.87,2643.13,0.0,19.63,33.66,66.26
2026-09-04T04:43:00+00:00,9.39,10.84,2719.94,0.0,19.63,34.39,59.89
2026-09-04T04:44:00+00:00,19.56,17.35,2815.6,0.0,19.63,32.85,69.52
2026-09-04T04:45:00+00:00,16.49,18.06,2594.21,0.0,20.59,32.68,70.88
2026-09-04T04:46:00+00:00,17.51,21.94,2744.37,0.0,20.3,33.01,61.55
2026-09-04T04:47:00+00:00,12.69,19.31,2718.73,0.37,20.82,33.88,66.39
2026-09-04T04:48:00+00:00,8.0,8.13,2548.4,0.41,19.63,32.54,74.16
2026-09-04T04:49:00+00:00,14.5,16.83,2757.89,0.0,19.63,32.39,63.78
2026-09-04T04:50:00+00:00,16.16,15.45,2652.54,0.53,19.63,33.09,66.35
2026-09-04T04:51:00+00:00,15.58,16.64,2453.78,0.0,20.98,33.6,66.62
2026-09-04T04:52:00+00:00,10.96,16.62,2643.78,0.0,20.71,34.63,62.07
2026-09-04T04:53:00+00:00,18.02,19.1,2650.2,0.0,21.05,33.59,67.26
2026-09-04T04:54:00+00:00,12.03,15.57,2857.79,0.0,20.52,33.49,64.62
2026-09-04T04:55:00+00:00,19.13,20.47,2421.46,0.0,19.63,31.89,71.39
2026-09-04T04:56:00+00:00,13.89,15.74,2672.19,0.32,20.72,36.4,53.37
2026-09-04T04:57:00+00:00,19.88,21.03,2648.15,0.53,20.84,33.34,64.99
2026-09-04T04:58:00+00:00,15.19,16.42,2763.48,0.15,19.63,32.06,68.64
2026-09-04T04:59:00+00:00,13.35,11.19,2495.19,0.0,19.63,32.62,62.07
2026-09-04T05:00:00+00:00,10.75,8.29,2912.42,0.17,19.63,32.62,64.41
2026-09-04T05:01:00+00:00,17.35,17.29,2562.36,0.86,19.63,31.98,68.72
2026-09-04T05:02:00+00:00,17.92,22.64,2572.19,0.0,19.63,34.15,63.71
2026-09-04T05:03:00+00:00,14.28,15.05,2652.35,0.94,20.83,34.32,66.33
2026-09-04T05:04:00+00:00,17.87,19.05,2538.0,0.0,19.63,35.27,53.74
2026-09-04T05:05:00+00:00,20.62,22.84,2841.82,0.0,21.07,34.49,60.98
2026-09-04T05:06:00+00:00,16.56,15.16,2876.06,0.0,19.63,32.27,71.01
2026-09-04T05:07:00+00:00,16.27,19.09,2711.45,0.0,19.63,32.75,60.02
2026-09-04T05:08:00+00:00,18.24,23.12,2525.6,0.0,20.31,33.67,67.0
2026-09-04T05:09:00+00:00,13.83,15.19,2691.67,0.0,19.9,33.31,56.88
2026-09-04T05:10:00+00:00,22.0,25.62,2525.41,0.0,20.4,33.52,60.99
2026-09-04T05:11:00+00:00,15.95,17.8,2472.23,0.0,20.45,33.99,59.4
2026-09-04T05:12:00+00:00,14.48,18.97,2763.96,0.0,20.31,34.23,67.41
2026-09-04T05:13:00+00:00,12.36,14.72,2815.21,0.45,20.9,32.1,69.38
2026-09-04T05:14:00+00:00,16.87,22.14,2602.71,0.19,19.63,32.17,75.94
2026-09-04T05:15:00+00:00,19.78,25.37,2624.09,0.0,20.38,33.75,65.45
2026-09-04T05:16:00+00:00,18.15,21.26,2645.07,0.0,20.52,33.4,63.88
2026-09-04T05:17:00+00:00,16.96,19.72,2596.56,0.29,20.29,33.21,66.24
2026-09-04T05:18:00+00:00,13.0,16.11,2841.35,0.0,19.63,31.91,70.09
2026-09-04T05:19:00+00:00,14.65,19.79,2875.36,0.0,21.08,34.14,64.02
2026-09-04T05:20:00+00:00,20.24,25.26,2692.65,0.0,20.79,32.4,66.9
2026-09-04T05:21:00+00:00,14.33,17.45,2553.91,0.68,19.63,31.78,71.25
2026-09-04T05:22:00+00:00,17.77,18.2,2604.0,0.0,19.63,34.68,60.73
2026-09-04T05:23:00+00:00,17.02,18.87,2435.72,0.0,20.62,33.6,65.98
2026-09-04T05:24:00+00:00,14.49,13.2,2691.34,0.0,19.63,34.72,64.17
2026-09-04T05:25:00+00:00,11.86,15.79,2665.12,0.0,20.87,31.26,69.29
2026-09-04T05:26:00+00:00,13.8,16.04,2737.19,0.0,19.97,34.02,63.84
2026-09-04T05:27:00+00:00,16.54,16.18,2519.07,0.33,19.73,35.49,57.53
2026-09-04T05:28:00+00:00,17.43,21.36,2735.18,0.0,21.07,33.41,64.13
2026-09-04T05:29:00+00:00,12.93,15.97,2556.29,0.0,19.63,32.61,68.46
2026-09-04T05:30:00+00:00,15.6,18.59,2584.27,0.0,19.63,33.44,66.96
2026-09-04T05:31:00+00:00,18.08,19.87,2636.42,0.0,19.63,34.12,64.21
2026-09-04T05:32:00+00:00,9.42,13.28,2665.24,0.0,19.63,34.01,63.8
2026-09-04T05:33:00+00:00,18.32,19.94,2726.03,0.55,20.48,34.15,65.41
2026-09-04T05:34:00+00:00,14.01,21.37,2503.16,0.0,19.78,34.55,67.77
2026-09-04T05:35:00+00:00,14.86,12.99,2455.21,0.02,20.91,32.36,63.82
2026-09-04T05:36:00+00:00,13.99,17.63,2517.1,0.76,20.38,32.9,67.45
2026-09-04T05:37:00+00:00,9.54,11.25,2833.04,0.24,19.84,33.01,66.52
2026-09-04T05:38:00+00:00,11.35,13.74,2246.66,0.0,20.16,34.22,59.83
2026-09-04T05:39:00+00:00,16.23,16.24,2507.07,0.0,20.33,32.97,66.89
2026-09-04T05:40:00+00:00,15.45,21.31,2514.8,0.09,20.74,33.67,62.21
2026-09-04T05:41:00+00:00,10.74,14.5,2728.05,0.22,20.53,34.48,62.52
2026-09-04T05:42:00+00:00,11.7,14.71,2531.23,0.0,19.63,33.33,68.34
2026-09-04T05:43:00+00:00,12.01,9.75,2710.67,0.0,19.92,34.49,62.99
2026-09-04T05:44:00+00:00,10.74,12.8,2790.88,0.38,19.63,33.75,62.72
2026-09-04T05:45:00+00:00,13.94,17.93,2688.93,0.0,20.2,35.11,65.72
2026-09-04T05:46:00+00:00,15.52,15.11,2677.93,0.07,20.63,33.48,68.81
2026-09-04T05:47:00+00:00,12.15,14.14,2603.02,0.0,19.63,34.91,65.21
2026-09-04T05:48:00+00:00,18.28,18.02,2737.31,0.0,20.77,32.79,68.82
2026-09-04T05:49:00+00:00,16.71,18.86,2533.24,0.0,20.77,34.02,61.43
2026-09-04T05:50:00+00:00,11.82,13.42,2658.16,0.0,19.63,34.84,65.35
2026-09-04T05:51:00+00:00,16.59,19.4,2601.35,0.0,21.07,31.61,72.2
2026-09-04T05:52:00+00:00,14.08,12.14,2703.33,0.44,19.63,33.71,61.16
2026-09-04T05:53:00+00:00,14.61,17.85,2608.67,0.0,19.63,34.74,64.93
2026-09-04T05:54:00+00:00,13.2,14.18,2733.43,0.91,19.68,32.9,70.8
2026-09-04T05:55:00+00:00,17.8,20.65,2597.51,0.0,19.63,34.99,62.46
2026-09-04T05:56:00+00:00,18.76,20.69,2453.04,0.0,20.49,32.75,69.96
2026-09-04T05:57:00+00:00,15.39,18.96,2601.73,0.0,20.67,34.19,65.97
2026-09-04T05:58:00+00:00,20.66,19.66,2759.46,0.0,19.63,33.3,68.02
2026-09-04T05:59:00+00:00,14.11,15.09,2564.94,0.0,19.63,33.64,58.51
2026-09-04T06:00:00+00:00,13.41,14.9,2771.64,0.0,20.91,33.43,68.19
2026-09-04T06:01:00+00:00,11.09,14.32,2545.95,0.0,19.63,33.89,63.72
2026-09-04T06:02:00+00:00,13.33,18.57,2803.43,0.0,20.29,33.95,64.14
2026-09-04T06:03:00+00:00,18.62,19.21,2715.81,0.66,21.11,34.58,61.34
2026-09-04T06:04:00+00:00,16.51,20.17,2614.02,0.45,20.08,33.94,66.11
2026-09-04T06:05:00+00:00,20.17,23.79,2748.2,0.53,20.25,34.78,60.38
2026-09-04T06:06:00+00:00,21.0,24.56,2602.04,0.23,19.63,34.39,58.17
2026-09-04T06:07:00+00:00,18.59,22.43,2736.46,0.0,19.92,34.0,59.9
2026-09-04T06:08:00+00:00,20.45,23.48,2811.48,0.0,20.63,33.66,65.31
2026-09-04T06:09:00+00:00,8.02,7.5,2523.65,0.0,19.63,34.53,62.43
2026-09-04T06:10:00+00:00,10.84,20.66,2766.47,0.0,19.63,33.63,64.85
2026-09-04T06:11:00+00:00,14.98,20.35,2778.26,0.0,19.63,33.21,71.27
2026-09-04T06:12:00+00:00,16.64,21.12,2652.92,0.0,20.58,33.69,60.56
2026-09-04T06:13:00+00:00,14.68,14.65,2818.2,1.25,20.62,34.99,61.74
2026-09-04T06:14:00+00:00,16.97,20.69,2895.53,0.0,20.41,34.06,66.87
2026-09-04T06:15:00+00:00,15.08,15.99,2680.45,0.0,19.87,34.03,69.92
2026-09-04T06:16:00+00:00,10.71,11.1,2728.28,0.58,20.28,33.0,67.18
2026-09-04T06:17:00+00:00,18.16,25.08,2772.89,0.54,19.63,34.43,62.48
2026-09-04T06:18:00+00:00,13.6,18.65,2827.66,0.34,20.95,33.64,64.22
2026-09-04T06:19:00+00:00,15.31,18.34,2954.71,0.0,19.63,33.88,64.91
2026-09-04T06:20:00+00:00,14.17,24.28,2615.45,0.2,19.63,33.98,64.87
2026-09-04T06:21:00+00:00,16.11,17.98,2278.38,0.0,19.63,33.68,66.3
2026-09-04T06:22:00+00:00,16.9,19.84,2709.55,0.0,19.63,34.09,59.17
2026-09-04T06:23:00+00:00,18.78,24.53,2919.44,0.23,19.63,33.7,67.97
2026-09-04T06:24:00+00:00,16.51,18.74,2763.63,0.0,20.44,33.33,64.85
2026-09-04T06:25:00+00:00,12.76,14.25,2570.84,0.0,20.94,34.24,61.58
2026-09-04T06:26:00+00:00,21.17,26.31,2593.86,0.25,20.97,32.53,67.01
2026-09-04T06:27:00+00:00,16.64,20.49,2531.25,0.0,19.63,34.04,63.14
2026-09-04T06:28:00+00:00,16.23,20.87,2518.72,1.19,21.04,34.78,60.55
2026-09-04T06:29:00+00:00,17.21,17.82,2861.3,0.0,20.76,33.48,65.51
2026-09-04T06:30:00+00:00,16.51,21.85,2618.76,0.0,20.34,33.21,64.46
2026-09-04T06:31:00+00:00,12.95,16.29,2754.54,1.3,20.7,33.76,58.0
2026-09-04T06:32:00+00:00,22.08,19.38,2895.0,0.59,19.79,35.7,61.92
2026-09-04T06:33:00+00:00,16.54,17.19,2907.82,0.0,20.76,32.16,64.67
2026-09-04T06:34:00+00:00,14.14,22.55,2639.25,0.0,20.77,34.35,61.41
2026-09-04T06:35:00+00:00,17.42,20.06,2556.45,0.0,20.57,32.96,68.46
2026-09-04T06:36:00+00:00,18.3,19.14,2741.95,0.22,19.63,33.11,70.01
2026-09-04T06:37:00+00:00,13.0,16.76,2773.01,0.0,20.57,35.51,57.4
2026-09-04T06:38:00+00:00,11.69,14.87,2851.4,0.0,20.31,35.26,60.83
2026-09-04T06:39:00+00:00,19.65,20.66,2854.74,0.0,21.0,34.27,62.43
2026-09-04T06:40:00+00:00,19.29,21.95,2621.09,0.0,19.63,34.14,63.61
2026-09-04T06:41:00+00:00,9.66,12.66,2792.73,0.0,19.63,33.11,66.67
2026-09-04T06:42:00+00:00,17.2,19.51,2556.2,0.0,19.63,34.4,65.1
2026-09-04T06:43:00+00:00,8.0,9.63,2570.18,0.0,20.62,33.98,63.76
2026-09-04T06:44:00+00:00,10.8,13.35,2607.04,0.0,20.64,35.19,57.64
2026-09-04T06:45:00+00:00,14.78,16.38,2834.4,0.3,20.93,36.44,58.56
2026-09-04T06:46:00+00:00,14.38,14.47,2873.58,0.0,19.63,32.18,64.83
2026-09-04T06:47:00+00:00,13.52,18.53,2758.66,0.0,19.63,35.44,60.86
2026-09-04T06:48:00+00:00,15.04,15.56,2797.06,0.0,20.38,35.48,64.97
2026-09-04T06:49:00+00:00,18.27,20.8,2490.5,0.0,20.74,34.57,61.3
2026-09-04T06:50:00+00:00,8.92,9.49,2783.08,0.99,19.69,33.58,69.96
2026-09-04T06:51:00+00:00,21.41,25.45,2838.02,0.0,19.74,33.24,66.42
2026-09-04T06:52:00+00:00,15.1,14.85,3032.58,0.41,20.69,34.37,62.32
2026-09-04T06:53:00+00:00,13.52,14.6,2628.96,0.26,19.85,34.61,61.43
2026-09-04T06:54:00+00:00,15.19,17.55,2859.48,0.0,19.63,35.6,60.91
2026-09-04T06:55:00+00:00,12.47,12.7,2560.85,0.0,20.25,33.82,63.81
2026-09-04T06:56:00+00:00,15.08,20.48,2882.09,0.0,19.82,33.96,62.51
2026-09-04T06:57:00+00:00,15.45,16.72,2915.39,0.0,20.39,34.19,59.74
2026-09-04T06:58:00+00:00,12.83,13.1,2880.76,0.69,19.63,35.5,61.03
2026-09-04T06:59:00+00:00,12.08,17.96,2499.83,0.0,21.03,34.36,64.46
2026-09-04T07:00:00+00:00,11.76,9.64,2799.76,0.0,20.95,33.96,61.25
2026-09-04T07:01:00+00:00,12.77,12.52,3134.34,1.16,19.96,33.77,57.59
2026-09-04T07:02:00+00:00,10.38,10.31,2934.17,0.11,19.63,35.8,58.44
2026-09-04T07:03:00+00:00,17.74,22.1,2843.3,0.0,21.06,34.37,64.27
2026-09-04T07:04:00+00:00,15.91,16.37,2566.59,0.0,20.02,33.95,63.14
2026-09-04T07:05:00+00:00,14.8,17.61,2527.68,0.0,20.87,34.21,59.27
2026-09-04T07:06:00+00:00,14.59,17.52,2749.25,0.0,19.63,34.55,63.68
2026-09-04T07:07:00+00:00,19.07,20.3,2956.41,0.0,19.63,34.8,61.65
2026-09-04T07:08:00+00:00,10.71,13.79,2943.33,0.0,19.63,35.59,59.16
2026-09-04T07:09:00+00:00,13.22,11.32,2640.19,0.0,19.63,32.93,63.92
2026-09-04T07:10:00+00:00,16.49,22.78,3002.49,0.18,19.9,34.15,60.24
2026-09-04T07:11:00+00:00,17.68,18.47,2853.82,1.0,19.63,35.56,57.31
2026-09-04T07:12:00+00:00,17.18,20.56,2847.1,0.0,19.63,35.18,65.15
2026-09-04T07:13:00+00:00,16.87,20.25,2720.75,0.0,19.63,35.08,55.49
2026-09-04T07:14:00+00:00,16.42,18.27,2817.52,0.0,19.63,33.9,59.98
2026-09-04T07:15:00+00:00,15.94,15.64,2699.72,0.0,19.63,34.65,64.92
2026-09-04T07:16:00+00:00,13.38,13.67,3007.95,0.0,19.63,33.76,62.6
2026-09-04T07:17:00+00:00,10.78,13.63,2834.11,0.0,21.04,34.73,59.06
2026-09-04T07:18:00+00:00,17.57,25.76,2736.36,0.0,19.63,34.23,66.03
2026-09-04T07:19:00+00:00,20.26,23.32,2864.42,0.0,19.63,35.02,62.67
2026-09-04T07:20:00+00:00,15.92,14.79,3024.68,0.0,19.63,34.27,61.2
2026-09-04T07:21:00+00:00,10.6,15.78,3137.71,1.26,19.72,33.2,62.28
2026-09-04T07:22:00+00:00,13.71,11.68,2821.56,0.0,19.63,36.73,54.82
2026-09-04T07:23:00+00:00,17.18,15.94,3043.24,0.0,19.63,32.52,62.2
2026-09-04T07:24:00+00:00,11.84,13.61,2755.02,0.0,19.63,33.61,64.93
2026-09-04T07:25:00+00:00,11.4,8.34,2928.73,0.11,20.86,34.43,62.02
2026-09-04T07:26:00+00:00,18.76,17.69,2623.31,0.54,20.79,35.27,62.3
2026-09-04T07:27:00+00:00,20.53,25.6,3080.36,0.07,19.63,34.88,61.64
2026-09-04T07:28:00+00:00,13.39,15.59,2899.93,0.0,20.23,35.1,59.51
2026-09-04T07:29:00+00:00,11.27,11.45,3002.93,0.0,20.72,36.14,56.59
2026-09-04T07:30:00+00:00,16.92,18.64,2746.11,0.0,19.63,32.81,65.27
2026-09-04T07:31:00+00:00,15.63,16.75,2957.36,0.0,19.63,35.01,55.16
2026-09-04T07:32:00+00:00,16.29,16.91,2741.96,0.0,20.78,36.32,56.2
2026-09-04T07:33:00+00:00,17.2,17.95,2977.2,0.16,19.95,32.81,63.26
2026-09-04T07:34:00+00:00,18.38,25.82,2852.66,0.0,20.05,34.41,62.91
2026-09-04T07:35:00+00:00,13.71,15.23,3076.14,0.0,20.96,33.84,60.76
2026-09-04T07:36:00+00:00,14.73,17.02,2965.81,0.0,19.63,33.37,59.58
2026-09-04T07:37:00+00:00,17.06,16.09,3306.15,0.48,20.37,34.17,65.41
2026-09-04T07:38:00+00:00,16.9,23.44,3023.91,0.0,19.63,35.22,57.98
2026-09-04T07:39:00+00:00,24.64,28.21,2876.5,0.0,19.63,35.91,52.71
2026-09-04T07:40:00+00:00,14.34,16.97,2745.08,0.0,19.63,34.16,61.66
2026-09-04T07:41:00+00:00,13.66,15.94,2974.4,0.0,20.37,35.89,59.9
2026-09-04T07:42:00+00:00,12.49,12.39,2917.06,0.0,19.63,34.28,62.9
2026-09-04T07:43:00+00:00,14.17,13.97,2869.95,0.0,20.4,34.2,61.69
2026-09-04T07:44:00+00:00,13.85,15.71,3088.05,0.0,19.95,33.5,68.98
2026-09-04T07:45:00+00:00,17.23,17.9,2917.94,0.0,20.33,33.6,69.3
2026-09-04T07:46:00+00:00,9.2,13.57,2976.01,0.0,19.69,34.04,63.93
2026-09-04T07:47:00+00:00,16.52,16.96,2762.3,0.0,19.73,34.65,64.06
2026-09-04T07:48:00+00:00,16.53,14.96,2783.75,0.0,20.09,34.94,54.76
2026-09-04T07:49:00+00:00,18.66,21.26,3037.34,0.2,20.79,33.55,60.82
2026-09-04T07:50:00+00:00,14.93,17.6,2974.5,0.61,20.03,35.65,60.54
2026-09-04T07:51:00+00:00,13.15,17.9,3061.95,0.29,19.7,34.86,62.76
2026-09-04T07:52:00+00:00,19.45,26.41,3117.61,0.0,20.56,34.17,58.86
2026-09-04T07:53:00+00:00,15.94,21.68,3003.81,0.0,20.65,36.49,61.11
2026-09-04T07:54:00+00:00,14.74,14.98,2668.12,0.0,20.47,34.53,58.72
2026-09-04T07:55:00+00:00,12.99,16.98,3169.2,0.28,20.85,36.1,59.36
2026-09-04T07:56:00+00:00,16.14,15.98,2909.33,0.0,19.91,34.41,64.25
2026-09-04T07:57:00+00:00,17.37,23.13,3151.09,1.91,20.05,33.84,63.55
2026-09-04T07:58:00+00:00,15.29,13.93,2944.05,0.0,20.42,35.73,57.75
2026-09-04T07:59:00+00:00,12.35,14.6,3194.81,0.63,21.61,34.53,61.48
2026-09-04T08:00:00+00:00,18.47,19.53,3136.37,0.0,19.8,33.87,62.11
2026-09-04T08:01:00+00:00,10.37,15.87,3084.43,0.0,20.95,35.87,63.36
2026-09-04T08:02:00+00:00,20.71,23.6,3463.7,0.0,21.02,35.32,56.03
2026-09-04T08:03:00+00:00,15.65,13.43,2912.15,0.0,21.41,34.14,63.73
2026-09-04T08:04:00+00:00,15.11,25.07,2967.61,0.0,21.17,33.75,64.33
2026-09-04T08:05:00+00:00,14.67,20.5,3039.85,0.0,21.76,33.84,66.12
2026-09-04T08:06:00+00:00,16.75,17.99,3036.55,0.0,20.63,34.14,60.2
2026-09-04T08:07:00+00:00,15.18,17.51,3091.37,0.62,21.79,36.26,62.34
2026-09-04T08:08:00+00:00,15.59,16.68,3196.94,0.92,20.29,34.95,56.73
2026-09-04T08:09:00+00:00,14.63,14.25,3198.16,0.0,22.1,33.85,64.03
2026-09-04T08:10:00+00:00,15.58,14.66,3058.26,0.0,20.35,35.83,57.23
2026-09-04T08:11:00+00:00,14.5,15.33,3053.14,0.0,20.29,34.91,59.04
2026-09-04T08:12:00+00:00,15.02,16.9,3160.8,0.36,20.37,35.46,62.62
2026-09-04T08:13:00+00:00,16.37,13.47,3026.54,1.03,19.86,34.89,60.7
2026-09-04T08:14:00+00:00,15.16,15.59,3211.29,1.12,19.73,34.89,63.98
2026-09-04T08:15:00+00:00,22.23,20.03,3097.81,0.0,20.69,34.51,58.93
2026-09-04T08:16:00+00:00,11.78,14.4,3123.52,0.0,22.78,35.07,57.76
2026-09-04T08:17:00+00:00,12.36,12.96,3129.1,0.0,20.82,35.35,60.17
2026-09-04T08:18:00+00:00,14.85,23.02,3042.26,0.0,20.9,32.97,66.33
2026-09-04T08:19:00+00:00,13.77,16.1,3214.85,0.0,23.04,35.59,64.48
2026-09-04T08:20:00+00:00,13.5,18.36,3064.19,0.0,24.46,35.77,61.08
2026-09-04T08:21:00+00:00,12.93,13.82,3161.55,0.25,19.94,36.41,58.55
2026-09-04T08:22:00+00:00,16.67,15.72,3392.17,0.0,20.38,35.71,61.32
2026-09-04T08:23:00+00:00,13.18,14.21,3183.8,0.26,20.27,34.96,57.5
2026-09-04T08:24:00+00:00,16.12,11.45,3437.72,0.02,19.78,32.73,60.68
2026-09-04T08:25:00+00:00,15.97,19.61,3257.27,0.0,24.54,33.51,63.88
2026-09-04T08:26:00+00:00,14.22,14.93,2872.25,0.0,20.22,35.31,60.6
2026-09-04T08:27:00+00:00,15.27,17.07,3334.55,0.68,19.78,35.48,56.98
2026-09-04T08:28:00+00:00,15.97,14.81,3396.35,0.0,20.14,34.61,59.4
2026-09-04T08:29:00+00:00,18.35,22.8,3207.98,1.0,24.61,35.27,62.82
2026-09-04T08:30:00+00:00,13.77,15.73,3189.49,0.0,19.66,35.42,58.96
2026-09-04T08:31:00+00:00,19.91,21.6,3014.15,0.0,20.56,34.3,60.5
2026-09-04T08:32:00+00:00,14.54,15.53,2883.8,1.12,20.28,34.93,63.56
2026-09-04T08:33:00+00:00,13.1,21.6,3179.91,0.21,20.36,33.2,67.5
2026-09-04T08:34:00+00:00,15.33,21.54,3385.89,0.0,26.85,35.25,64.48
2026-09-04T08:35:00+00:00,9.63,8.54,3300.83,0.99,20.57,37.1,57.93
2026-09-04T08:36:00+00:00,15.84,18.92,3020.32,0.0,27.18,34.63,60.76
2026-09-04T08:37:00+00:00,16.0,21.5,2983.63,0.0,20.17,34.9,57.42
2026-09-04T08:38:00+00:00,15.92,15.23,2937.74,0.0,20.54,36.19,52.79
2026-09-04T08:39:00+00:00,18.37,20.88,3390.25,0.0,20.75,36.06,60.45
2026-09-04T08:40:00+00:00,15.32,21.94,2935.97,0.39,28.35,34.5,63.69
2026-09-04T08:41:00+00:00,8.52,7.5,3148.85,0.38,21.02,35.16,56.63
2026-09-04T08:42:00+00:00,20.71,24.41,3257.64,0.0,21.05,34.81,65.17
2026-09-04T08:43:00+00:00,8.3,9.52,3124.72,0.0,20.92,36.32,57.59
2026-09-04T08:44:00+00:00,10.46,10.85,3384.58,0.66,25.49,34.32,60.28
2026-09-04T08:45:00+00:00,12.36,11.31,3313.94,1.18,20.05,35.47,60.91
2026-09-04T08:46:00+00:00,13.35,15.08,3056.66,0.29,20.82,34.8,60.0
2026-09-04T08:47:00+00:00,15.27,20.47,3202.22,0.0,20.16,33.94,60.16
2026-09-04T08:48:00+00:00,19.42,20.96,3276.65,0.0,20.04,37.16,58.86
2026-09-04T08:49:00+00:00,16.81,19.35,3385.27,0.0,29.06,35.34,56.16
2026-09-04T08:50:00+00:00,9.22,14.13,3413.52,0.14,27.71,35.26,63.7
2026-09-04T08:51:00+00:00,10.59,11.1,3212.62,0.0,21.12,34.7,64.14
2026-09-04T08:52:00+00:00,14.48,14.64,3488.67,0.03,21.12,36.58,57.78
2026-09-04T08:53:00+00:00,13.77,17.25,3284.13,0.0,19.74,35.14,54.28
2026-09-04T08:54:00+00:00,16.42,23.83,3260.88,0.0,20.95,35.03,65.69
2026-09-04T08:55:00+00:00,15.33,12.59,3406.78,1.4,19.76,35.54,64.52
2026-09-04T08:56:00+00:00,20.11,20.87,3449.07,0.0,28.36,34.48,64.78
2026-09-04T08:57:00+00:00,16.44,12.26,3677.0,0.26,20.29,33.96,63.43
2026-09-04T08:58:00+00:00,15.92,16.59,3257.11,0.0,19.8,36.03,56.79
2026-09-04T08:59:00+00:00,17.4,22.44,3283.85,0.0,32.69,34.69,58.73
2026-09-04T09:00:00+00:00,14.98,18.17,3131.72,0.0,20.13,35.81,58.31
2026-09-04T09:01:00+00:00,15.36,15.03,3438.53,0.0,33.16,37.35,61.79
2026-09-04T09:02:00+00:00,17.35,18.26,3304.46,0.62,28.86,35.62,58.29
2026-09-04T09:03:00+00:00,14.11,14.4,3191.15,0.0,20.99,38.49,51.27
2026-09-04T09:04:00+00:00,12.85,12.17,3493.1,0.41,33.98,33.74,63.78
2026-09-04T09:05:00+00:00,14.26,18.59,3586.37,0.0,33.05,34.62,57.92
2026-09-04T09:06:00+00:00,16.93,19.45,3297.36,0.0,20.86,36.81,55.85
2026-09-04T09:07:00+00:00,9.29,12.82,3553.08,0.0,31.42,36.23,54.72
2026-09-04T09:08:00+00:00,14.26,20.99,3532.25,0.0,20.69,35.04,59.71
2026-09-04T09:09:00+00:00,16.19,20.04,3370.3,0.56,28.7,35.1,62.32
2026-09-04T09:10:00+00:00,15.1,13.59,3348.13,0.0,33.05,34.99,60.72
2026-09-04T09:11:00+00:00,15.53,19.69,3294.05,0.0,29.1,34.39,56.28
2026-09-04T09:12:00+00:00,16.14,22.87,3351.51,0.34,20.58,35.73,62.05
2026-09-04T09:13:00+00:00,17.4,22.79,3683.29,0.0,20.58,36.37,57.8
2026-09-04T09:14:00+00:00,13.87,12.36,3355.7,0.0,30.38,36.32,56.42
2026-09-04T09:15:00+00:00,16.08,20.15,3783.11,0.0,33.09,36.56,51.16
2026-09-04T09:16:00+00:00,17.0,18.92,3404.5,0.0,35.94,35.68,62.77
2026-09-04T09:17:00+00:00,14.84,18.13,3443.53,0.0,20.02,34.43,66.41
2026-09-04T09:18:00+00:00,14.54,15.68,3390.1,0.0,20.93,35.38,57.54
2026-09-04T09:19:00+00:00,15.96,20.85,3671.75,0.0,20.42,37.88,48.96
2026-09-04T09:20:00+00:00,13.85,16.58,3347.65,0.0,37.01,36.95,53.66
2026-09-04T09:21:00+00:00,14.59,16.39,3606.3,0.0,20.78,34.44,64.57
2026-09-04T09:22:00+00:00,18.43,23.03,3279.96,0.0,33.22,35.3,60.57
2026-09-04T09:23:00+00:00,12.13,17.8,3503.32,0.0,20.34,35.28,55.55
2026-09-04T09:24:00+00:00,16.73,20.44,3419.43,0.0,36.44,36.49,58.54
2026-09-04T09:25:00+00:00,15.97,20.97,3373.55,0.0,20.95,34.09,64.04
2026-09-04T09:26:00+00:00,15.4,21.17,3647.15,0.0,32.16,34.86,62.9
2026-09-04T09:27:00+00:00,15.25,18.99,3236.85,0.39,34.91,35.97,54.95
2026-09-04T09:28:00+00:00,15.61,22.41,3519.61,0.0,20.44,37.14,51.23
2026-09-04T09:29:00+00:00,12.4,17.79,3464.7,0.0,20.01,35.13,60.81
2026-09-04T09:30:00+00:00,14.27,14.31,3420.65,0.0,20.0,35.62,60.74
2026-09-04T09:31:00+00:00,14.91,16.94,3321.49,0.0,40.54,36.13,54.45
2026-09-04T09:32:00+00:00,12.9,16.78,3415.63,0.0,19.73,33.76,65.85
2026-09-04T09:33:00+00:00,15.82,13.42,3532.2,0.0,39.34,35.2,60.51
2026-09-04T09:34:00+00:00,17.41,15.89,3755.96,0.0,20.4,37.28,59.03
2026-09-04T09:35:00+00:00,19.68,23.2,3472.44,0.0,31.93,35.4,53.95
2026-09-04T09:36:00+00:00,18.44,23.08,3265.98,0.0,19.87,36.43,57.8
2026-09-04T09:37:00+00:00,18.57,23.25,3605.94,0.0,35.38,34.55,66.48
2026-09-04T09:38:00+00:00,19.48,23.6,3697.84,0.0,20.3,37.68,51.97
2026-09-04T09:39:00+00:00,17.13,23.26,3336.9,0.0,20.95,36.84,54.76
2026-09-04T09:40:00+00:00,17.46,21.6,3649.26,0.02,20.92,33.99,65.76
2026-09-04T09:41:00+00:00,15.19,16.65,3496.61,0.0,20.2,37.23,57.77
2026-09-04T09:42:00+00:00,15.39,21.17,3402.44,0.0,21.05,35.3,58.96
2026-09-04T09:43:00+00:00,15.1,20.82,3680.96,0.0,35.98,35.47,63.39
2026-09-04T09:44:00+00:00,10.63,9.54,3497.83,0.0,34.02,37.25,57.02
2026-09-04T09:45:00+00:00,14.12,15.25,3584.51,0.0,38.78,35.69,59.78
2026-09-04T09:46:00+00:00,14.82,14.52,3374.82,0.0,34.7,35.02,62.81
2026-09-04T09:47:00+00:00,18.0,17.35,3422.93,0.0,38.22,36.22,58.97
2026-09-04T09:48:00+00:00,15.89,14.66,3651.13,0.0,41.65,37.21,54.27
2026-09-04T09:49:00+00:00,13.45,13.34,3581.77,0.8,19.98,35.14,62.11
2026-09-04T09:50:00+00:00,18.45,16.76,3625.16,0.0,38.1,37.91,54.94
2026-09-04T09:51:00+00:00,16.85,23.55,3249.7,0.0,20.03,37.28,53.12
2026-09-04T09:52:00+00:00,12.67,19.09,3235.71,0.0,41.5,36.8,60.77
2026-09-04T09:53:00+00:00,12.47,12.91,3445.17,0.06,45.2,36.12,57.7
2026-09-04T09:54:00+00:00,13.39,18.94,3613.87,0.0,41.79,35.53,60.7
2026-09-04T09:55:00+00:00,21.29,22.98,3671.39,0.0,20.62,36.3,56.98
2026-09-04T09:56:00+00:00,13.75,17.37,3289.56,0.0,35.78,35.65,61.33
2026-09-04T09:57:00+00:00,15.15,19.64,3547.11,0.0,41.19,36.18,56.73
2026-09-04T09:58:00+00:00,12.83,17.14,3118.34,0.0,20.1,37.74,53.99
2026-09-04T09:59:00+00:00,17.11,21.44,3446.98,0.64,20.17,36.94,60.37
2026-09-04T10:00:00+00:00,12.98,13.43,3513.5,0.0,21.0,34.98,59.32
2026-09-04T10:01:00+00:00,17.46,18.64,3386.61,0.0,39.29,35.19,58.42
2026-09-04T10:02:00+00:00,15.59,17.03,3275.67,0.0,21.06,35.48,61.99
2026-09-04T10:03:00+00:00,16.45,16.99,3266.42,0.0,20.57,36.21,59.11
2026-09-04T10:04:00+00:00,14.97,17.32,3536.99,0.0,19.88,37.36,55.81
2026-09-04T10:05:00+00:00,17.9,19.65,3604.65,0.0,43.87,36.0,58.35
2026-09-04T10:06:00+00:00,14.38,13.49,3346.08,0.0,46.54,35.75,60.85
2026-09-04T10:07:00+00:00,18.09,20.34,3446.6,0.0,45.54,36.21,62.68
2026-09-04T10:08:00+00:00,13.34,18.72,3520.12,0.0,38.16,36.84,56.87
2026-09-04T10:09:00+00:00,13.83,21.01,3476.31,0.0,47.18,35.93,54.34
2026-09-04T10:10:00+00:00,15.28,20.44,3810.04,0.0,21.12,34.81,59.93
2026-09-04T10:11:00+00:00,12.7,14.7,3740.19,0.59,20.82,35.68,58.14
2026-09-04T10:12:00+00:00,18.67,20.57,3526.97,0.07,47.19,37.5,59.0
2026-09-04T10:13:00+00:00,15.98,17.47,3493.24,0.0,20.76,36.65,59.72
2026-09-04T10:14:00+00:00,14.7,18.07,3634.46,0.0,20.55,35.98,56.14
2026-09-04T10:15:00+00:00,15.47,14.99,3772.39,0.0,19.66,36.06,55.11
2026-09-04T10:16:00+00:00,17.18,24.45,3521.87,0.0,52.19,36.19,52.81
2026-09-04T10:17:00+00:00,12.69,14.25,3517.07,0.0,43.48,35.95,60.53
2026-09-04T10:18:00+00:00,12.96,13.94,3696.72,0.0,50.36,34.56,55.19
2026-09-04T10:19:00+00:00,13.73,14.71,3309.31,0.0,20.74,36.71,56.92
2026-09-04T10:20:00+00:00,16.82,20.8,3832.73,0.29,20.99,36.58,61.68
2026-09-04T10:21:00+00:00,18.15,20.74,3563.73,0.0,52.45,36.03,58.75
2026-09-04T10:22:00+00:00,10.17,17.43,3391.19,0.0,20.22,37.9,54.84
2026-09-04T10:23:00+00:00,12.92,13.61,3484.72,0.0,20.8,35.11,61.22
2026-09-04T10:24:00+00:00,13.99,16.15,3673.3,0.38,48.32,36.45,52.86
2026-09-04T10:25:00+00:00,14.57,15.59,3605.72,0.0,20.52,34.62,66.25
2026-09-04T10:26:00+00:00,19.36,20.45,3560.2,0.0,19.68,36.61,54.76
2026-09-04T10:27:00+00:00,15.55,19.17,3856.96,0.25,20.72,37.01,60.17
2026-09-04T10:28:00+00:00,11.44,12.99,3493.6,0.0,46.79,36.53,54.92
2026-09-04T10:29:00+00:00,12.49,17.02,3298.37,0.0,20.81,36.43,56.46
2026-09-04T10:30:00+00:00,12.45,15.35,3283.7,0.0,46.6,35.95,63.98
2026-09-04T10:31:00+00:00,15.78,16.89,3396.76,0.0,46.34,37.41,52.31
2026-09-04T10:32:00+00:00,16.66,25.23,3496.36,0.0,42.03,36.66,48.21
2026-09-04T10:33:00+00:00,12.83,15.52,3548.95,0.0,53.13,36.91,56.91
2026-09-04T10:34:00+00:00,10.62,12.57,3611.57,0.71,57.19,36.55,56.81
2026-09-04T10:35:00+00:00,17.93,18.08,3409.35,0.51,20.37,37.23,50.3
2026-09-04T10:36:00+00:00,12.53,16.59,3287.58,0.0,53.48,37.18,50.09
2026-09-04T10:37:00+00:00,14.95,14.22,3166.14,0.0,42.97,37.2,50.54
2026-09-04T10:38:00+00:00,16.05,16.63,3148.65,0.0,20.81,35.53,61.05
2026-09-04T10:39:00+00:00,14.01,16.44,3485.24,0.0,58.23,36.64,56.72
2026-09-04T10:40:00+00:00,18.19,18.67,3688.77,0.0,49.09,37.38,52.73
2026-09-04T10:41:00+00:00,18.67,17.71,3343.4,0.0,19.88,35.82,64.43
2026-09-04T10:42:00+00:00,14.84,15.06,3646.11,0.0,55.4,34.57,66.94
2026-09-04T10:43:00+00:00,16.8,19.23,3279.75,0.19,20.46,36.7,59.91
2026-09-04T10:44:00+00:00,16.61,22.66,3767.38,0.66,56.93,36.26,57.53
2026-09-04T10:45:00+00:00,13.93,12.11,3449.16,0.0,57.27,38.32,48.72
2026-09-04T10:46:00+00:00,18.63,23.44,3270.56,0.0,20.84,36.32,57.06
2026-09-04T10:47:00+00:00,12.88,15.24,3519.87,0.0,44.15,36.86,51.08
2026-09-04T10:48:00+00:00,11.67,13.51,3522.76,0.0,21.02,37.45,57.08
2026-09-04T10:49:00+00:00,16.2,17.05,3851.21,0.0,58.21,36.56,57.42
2026-09-04T10:50:00+00:00,12.1,14.64,3241.44,0.0,19.86,37.97,52.6
2026-09-04T10:51:00+00:00,16.43,18.78,3556.09,0.0,20.84,36.44,57.8
2026-09-04T10:52:00+00:00,17.2,18.12,3467.86,0.0,19.75,36.32,53.59
2026-09-04T10:53:00+00:00,18.48,25.03,3205.9,0.13,44.22,36.51,56.93
2026-09-04T10:54:00+00:00,17.07,20.37,3471.14,0.0,20.33,36.81,56.78
2026-09-04T10:55:00+00:00,14.84,19.2,3233.38,0.52,20.25,36.17,56.1
2026-09-04T10:56:00+00:00,12.1,16.65,3428.61,0.0,20.15,37.57,51.59
2026-09-04T10:57:00+00:00,16.03,21.45,3196.56,0.0,20.95,36.71,58.92
2026-09-04T10:58:00+00:00,15.96,15.69,3384.69,0.0,20.63,35.22,57.84
2026-09-04T10:59:00+00:00,19.5,26.42,3481.34,0.0,20.06,36.39,57.63
2026-09-04T11:00:00+00:00,15.57,19.19,3404.5,0.0,64.36,36.56,53.76
2026-09-04T11:01:00+00:00,10.64,17.03,3146.38,0.0,51.76,36.67,52.9
2026-09-04T11:02:00+00:00,15.09,13.91,3102.65,0.0,20.56,37.34,59.68
2026-09-04T11:03:00+00:00,13.1,12.18,3447.86,0.0,48.3,36.1,57.11
2026-09-04T11:04:00+00:00,16.28,16.32,3367.19,0.0,46.54,36.88,59.8
2026-09-04T11:05:00+00:00,16.03,18.03,3437.63,0.0,54.85,36.29,54.6
2026-09-04T11:06:00+00:00,17.53,19.21,3251.32,0.0,20.26,37.44,53.11
2026-09-04T11:07:00+00:00,12.23,16.56,3380.31,0.0,19.79,36.59,61.56
2026-09-04T11:08:00+00:00,15.93,15.26,3061.61,0.0,20.82,37.03,54.29
2026-09-04T11:09:00+00:00,15.04,14.26,3218.39,0.0,63.66,37.59,52.78
2026-09-04T11:10:00+00:00,18.57,18.99,3241.64,0.0,53.55,37.21,55.61
2026-09-04T11:11:00+00:00,14.73,15.05,3249.48,0.3,61.07,38.73,50.53
2026-09-04T11:12:00+00:00,12.9,16.53,3224.0,0.0,20.3,37.78,56.96
2026-09-04T11:13:00+00:00,22.99,28.88,3183.69,0.0,62.15,36.5,61.01
2026-09-04T11:14:00+00:00,13.3,17.19,3370.67,0.55,60.42,37.96,54.61
2026-09-04T11:15:00+00:00,18.21,18.06,3414.05,0.09,20.25,36.83,56.22
2026-09-04T11:16:00+00:00,15.58,17.54,3464.39,0.0,20.8,36.33,61.32
2026-09-04T11:17:00+00:00,12.71,11.95,3331.04,0.0,20.55,38.0,50.07
2026-09-04T11:18:00+00:00,14.72,14.92,3124.15,0.0,20.82,35.43,62.3
2026-09-04T11:19:00+00:00,14.53,16.62,3327.88,0.0,62.5,37.14,53.46
2026-09-04T11:20:00+00:00,13.5,13.45,3468.97,0.0,21.12,37.88,52.22
2026-09-04T11:21:00+00:00,14.79,13.73,3239.36,0.0,65.02,36.73,55.01
2026-09-04T11:22:00+00:00,12.58,14.77,3313.65,0.0,20.91,36.96,53.36
2026-09-04T11:23:00+00:00,11.77,16.64,3007.47,0.0,51.62,35.87,63.68
2026-09-04T11:24:00+00:00,15.2,15.47,3045.84,0.0,66.53,36.84,58.58
2026-09-04T11:25:00+00:00,16.82,16.85,3276.76,0.0,19.96,38.15,51.97
2026-09-04T11:26:00+00:00,13.63,9.3,3265.36,0.0,51.45,36.72,53.69
2026-09-04T11:27:00+00:00,15.31,17.47,3239.3,0.0,52.97,36.45,58.25
2026-09-04T11:28:00+00:00,19.64,18.81,3137.23,0.0,19.69,37.15,60.23
2026-09-04T11:29:00+00:00,16.32,17.08,3251.99,0.52,20.79,36.79,57.6
2026-09-04T11:30:00+00:00,13.45,13.92,3258.06,0.0,20.64,38.22,48.7
2026-09-04T11:31:00+00:00,11.46,15.87,2703.83,0.0,69.78,36.09,56.02
2026-09-04T11:32:00+00:00,13.78,18.31,3188.53,0.0,20.56,38.22,54.44
2026-09-04T11:33:00+00:00,12.96,15.8,3101.91,0.75,49.95,37.18,55.45
2026-09-04T11:34:00+00:00,13.35,14.44,3196.63,0.0,19.92,37.22,57.47
2026-09-04T11:35:00+00:00,16.12,17.5,3328.5,0.61,60.23,38.21,56.98
2026-09-04T11:36:00+00:00,19.64,21.05,2974.14,0.0,70.4,36.77,59.72
2026-09-04T11:37:00+00:00,17.4,20.14,2967.96,0.0,73.18,35.64,58.56
2026-09-04T11:38:00+00:00,11.69,13.78,3042.87,0.0,20.33,36.83,53.97
2026-09-04T11:39:00+00:00,11.01,13.82,2899.37,0.32,20.93,36.37,57.29
2026-09-04T11:40:00+00:00,17.17,17.75,3174.89,0.43,20.78,36.72,58.14
2026-09-04T11:41:00+00:00,16.05,13.94,2967.07,0.0,20.35,37.32,58.26
2026-09-04T11:42:00+00:00,18.49,19.7,2907.28,0.0,20.77,36.59,60.18
2026-09-04T11:43:00+00:00,13.6,15.07,3121.9,0.0,20.53,36.23,58.12
2026-09-04T11:44:00+00:00,16.88,20.61,3055.39,0.0,51.46,36.86,51.19
2026-09-04T11:45:00+00:00,12.71,13.61,2980.33,1.11,72.84,36.56,61.52
2026-09-04T11:46:00+00:00,17.6,17.38,3036.41,1.04,19.91,39.03,52.33
2026-09-04T11:47:00+00:00,13.65,14.13,2864.05,0.44,20.04,36.83,58.59
2026-09-04T11:48:00+00:00,18.52,20.01,3123.05,0.0,19.81,36.1,60.35
2026-09-04T11:49:00+00:00,11.63,13.45,3180.7,0.0,20.85,38.56,55.52
2026-09-04T11:50:00+00:00,10.79,11.83,3086.53,0.56,20.1,37.1,56.64
2026-09-04T11:51:00+00:00,14.2,17.65,3347.9,0.0,70.77,37.09,52.97
2026-09-04T11:52:00+00:00,15.37,25.55,2980.28,0.0,20.62,37.29,54.46
2026-09-04T11:53:00+00:00,15.0,16.71,2977.72,0.0,20.15,38.32,54.87
2026-09-04T11:54:00+00:00,16.33,18.95,3012.08,0.8,20.8,36.71,55.36
2026-09-04T11:55:00+00:00,11.02,15.88,2951.84,0.24,21.08,37.52,55.49
2026-09-04T11:56:00+00:00,19.25,23.99,2941.32,0.0,62.81,36.2,53.2
2026-09-04T11:57:00+00:00,13.32,17.8,2814.98,0.0,19.92,36.87,55.48
2026-09-04T11:58:00+00:00,12.74,17.24,3146.14,0.0,20.22,37.38,53.69
2026-09-04T11:59:00+00:00,15.95,21.49,3171.68,0.32,74.32,37.02,56.74
2026-09-04T12:00:00+00:00,16.29,16.52,3046.82,0.0,76.48,38.09,55.37
2026-09-04T12:01:00+00:00,18.49,20.01,3060.46,0.0,21.0,37.2,52.3
2026-09-04T12:02:00+00:00,8.97,9.73,3037.06,0.0,20.56,37.57,57.85
2026-09-04T12:03:00+00:00,12.92,18.65,2908.93,0.0,19.87,37.06,63.76
2026-09-04T12:04:00+00:00,18.45,21.89,3146.64,0.0,19.86,38.61,52.98
2026-09-04T12:05:00+00:00,16.58,17.36,3045.83,0.0,20.0,36.05,58.55
2026-09-04T12:06:00+00:00,16.46,16.83,2983.31,0.0,20.73,38.13,51.77
2026-09-04T12:07:00+00:00,10.95,11.05,3256.06,0.0,20.23,37.35,59.05
2026-09-04T12:08:00+00:00,14.48,12.41,3117.57,0.0,61.77,37.26,56.71
2026-09-04T12:09:00+00:00,16.96,16.84,2973.63,0.0,76.54,36.15,57.02
2026-09-04T12:10:00+00:00,11.98,13.19,3035.53,0.0,79.98,37.53,54.53
2026-09-04T12:11:00+00:00,18.99,20.54,2960.28,1.07,21.1,38.21,55.05
2026-09-04T12:12:00+00:00,11.41,12.47,3402.43,0.0,20.05,38.45,51.95
2026-09-04T12:13:00+00:00,12.33,11.18,3065.61,0.0,61.48,37.2,54.47
2026-09-04T12:14:00+00:00,16.04,20.22,3206.66,0.0,80.59,36.82,59.81
2026-09-04T12:15:00+00:00,15.23,16.67,2859.71,0.0,67.17,37.24,51.92
2026-09-04T12:16:00+00:00,12.0,12.89,2956.3,0.0,19.9,38.21,51.21
2026-09-04T12:17:00+00:00,15.73,16.53,2842.75,0.65,20.12,37.85,52.8
2026-09-04T12:18:00+00:00,14.48,14.12,3140.96,0.0,66.27,36.86,55.49
2026-09-04T12:19:00+00:00,13.71,15.63,2987.68,0.0,20.27,37.56,54.52
2026-09-04T12:20:00+00:00,16.09,13.32,3005.55,0.86,20.6,37.02,52.16
2026-09-04T12:21:00+00:00,9.08,11.51,3053.0,0.0,57.17,38.0,50.44
2026-09-04T12:22:00+00:00,15.15,19.71,2798.79,0.0,67.62,37.1,53.45
2026-09-04T12:23:00+00:00,15.71,16.9,3035.66,0.61,71.57,37.44,49.54
2026-09-04T12:24:00+00:00,14.8,14.87,2964.87,0.1,69.14,36.69,60.01
2026-09-04T12:25:00+00:00,17.11,20.09,3181.79,0.0,73.07,38.82,52.11
2026-09-04T12:26:00+00:00,14.19,14.1,2973.89,0.0,20.66,37.57,53.67
2026-09-04T12:27:00+00:00,13.18,15.53,2978.05,0.02,20.33,36.94,51.79
2026-09-04T12:28:00+00:00,15.4,16.69,2706.16,0.0,20.63,37.13,54.3
2026-09-04T12:29:00+00:00,11.08,13.54,3009.92,0.52,19.75,38.37,51.01
2026-09-04T12:30:00+00:00,23.28,25.65,2741.68,0.18,60.46,38.59,47.98
2026-09-04T12:31:00+00:00,19.72,25.31,2801.52,0.0,19.81,36.57,52.17
2026-09-04T12:32:00+00:00,16.44,17.7,3085.76,0.0,20.33,37.09,56.52
2026-09-04T12:33:00+00:00,15.27,17.74,3202.33,0.0,68.8,37.79,59.24
2026-09-04T12:34:00+00:00,15.02,15.31,2921.57,0.13,21.06,37.19,55.69
2026-09-04T12:35:00+00:00,17.65,13.74,2751.73,0.14,20.78,38.9,50.15
2026-09-04T12:36:00+00:00,11.47,12.09,2832.77,0.0,76.57,36.95,54.72
2026-09-04T12:37:00+00:00,15.43,11.8,3020.8,0.0,65.71,36.23,56.99
2026-09-04T12:38:00+00:00,16.39,19.85,2771.17,0.0,20.98,37.18,49.95
2026-09-04T12:39:00+00:00,16.97,19.53,2845.07,0.0,68.56,38.21,57.78
2026-09-04T12:40:00+00:00,13.63,14.8,2640.12,0.0,20.63,36.95,55.55
2026-09-04T12:41:00+00:00,17.1,12.92,2983.15,0.0,78.95,37.29,55.54
2026-09-04T12:42:00+00:00,18.42,18.87,2933.66,0.0,83.98,36.86,54.47
2026-09-04T12:43:00+00:00,13.46,14.53,2772.14,0.0,20.93,39.08,54.48
2026-09-04T12:44:00+00:00,17.27,20.75,2788.52,0.11,61.22,37.47,45.13
2026-09-04T12:45:00+00:00,13.06,14.99,2791.32,0.0,74.91,38.64,58.2
2026-09-04T12:46:00+00:00,12.94,11.76,2777.97,0.0,67.91,38.55,51.65
2026-09-04T12:47:00+00:00,16.14,19.99,2679.63,0.14,20.8,37.1,55.12
2026-09-04T12:48:00+00:00,15.81,19.62,2645.22,0.41,19.77,37.78,58.01
2026-09-04T12:49:00+00:00,17.23,25.6,2779.16,0.0,85.5,38.3,48.26
2026-09-04T12:50:00+00:00,17.15,16.21,2765.67,0.0,20.55,36.91,56.62
2026-09-04T12:51:00+00:00,15.37,17.75,2775.68,0.99,21.01,37.84,54.07
2026-09-04T12:52:00+00:00,10.99,8.98,3117.87,0.0,57.7,38.9,51.56
2026-09-04T12:53:00+00:00,19.99,24.75,3236.94,0.0,19.83,37.48,46.57
2026-09-04T12:54:00+00:00,13.64,16.37,2679.75,0.2,65.24,36.95,56.61
2026-09-04T12:55:00+00:00,19.32,24.47,2807.48,0.0,62.91,37.46,47.61
2026-09-04T12:56:00+00:00,10.67,15.64,2839.8,0.01,66.25,37.14,58.43
2026-09-04T12:57:00+00:00,15.68,21.81,2681.99,0.42,62.37,37.63,61.85
2026-09-04T12:58:00+00:00,17.08,22.03,2557.41,0.0,61.51,37.55,53.57
2026-09-04T12:59:00+00:00,11.61,12.14,3054.51,0.0,20.37,37.66,54.7
2026-09-04T13:00:00+00:00,11.78,13.39,2987.32,0.72,79.07,39.38,48.39
2026-09-04T13:01:00+00:00,17.36,18.3,2793.83,0.0,20.4,36.54,57.93
2026-09-04T13:02:00+00:00,13.37,14.23,2643.73,0.0,19.8,37.17,55.13
2026-09-04T13:03:00+00:00,14.12,16.93,2584.73,0.0,20.58,37.9,54.62
2026-09-04T13:04:00+00:00,16.23,22.86,2870.28,0.0,19.64,37.39,54.76
2026-09-04T13:05:00+00:00,18.18,21.61,2434.4,0.1,77.77,38.2,53.64
2026-09-04T13:06:00+00:00,17.23,20.19,2610.8,0.0,58.08,36.9,55.9
2026-09-04T13:07:00+00:00,14.59,12.16,3034.4,0.0,78.76,39.37,47.46
2026-09-04T13:08:00+00:00,18.13,18.21,2680.85,0.0,62.56,37.55,51.74
2026-09-04T13:09:00+00:00,14.72,20.64,2635.9,0.6,71.67,36.83,57.43
2026-09-04T13:10:00+00:00,15.76,17.53,2718.93,0.42,20.61,37.6,54.91
2026-09-04T13:11:00+00:00,13.55,12.67,2644.73,0.54,20.62,38.63,54.34
2026-09-04T13:12:00+00:00,13.21,15.48,2559.91,0.58,72.65,38.57,52.8
2026-09-04T13:13:00+00:00,14.07,18.81,2518.82,0.57,21.05,39.95,43.57
2026-09-04T13:14:00+00:00,10.9,14.56,2630.12,0.0,20.68,37.38,53.41
2026-09-04T13:15:00+00:00,14.5,20.68,2800.69,0.0,20.26,38.91,52.75
2026-09-04T13:16:00+00:00,17.48,22.11,2720.8,0.0,20.01,38.36,50.81
2026-09-04T13:17:00+00:00,18.42,15.96,2668.89,0.0,74.45,38.32,52.47
2026-09-04T13:18:00+00:00,18.09,17.85,2957.91,0.0,20.57,38.31,52.92
2026-09-04T13:19:00+00:00,15.07,19.23,2702.23,0.0,19.87,39.0,46.45
2026-09-04T13:20:00+00:00,17.25,21.59,2613.17,0.0,20.04,37.6,49.43
2026-09-04T13:21:00+00:00,16.65,25.8,2841.23,1.01,20.06,37.19,56.98
2026-09-04T13:22:00+00:00,18.38,26.19,2607.81,0.0,20.73,38.67,49.66
2026-09-04T13:23:00+00:00,16.28,19.64,2712.13,0.0,80.15,37.29,56.64
2026-09-04T13:24:00+00:00,15.44,21.78,3015.91,0.0,20.06,36.88,61.8
2026-09-04T13:25:00+00:00,18.37,21.29,3063.42,0.0,68.6,36.42,54.15
2026-09-04T13:26:00+00:00,15.73,23.01,2509.11,0.0,20.73,38.43,50.36
2026-09-04T13:27:00+00:00,18.41,17.67,2918.16,0.0,19.81,37.57,56.18
2026-09-04T13:28:00+00:00,11.86,16.17,2552.94,0.0,73.37,39.03,53.56
2026-09-04T13:29:00+00:00,16.14,19.45,2951.55,0.0,61.76,38.09,55.35
2026-09-04T13:30:00+00:00,14.68,15.12,2885.65,0.51,79.85,36.67,53.98
2026-09-04T13:31:00+00:00,16.54,16.93,2771.15,0.0,20.08,37.92,53.82
2026-09-04T13:32:00+00:00,18.33,20.04,2629.48,0.0,19.9,38.81,48.47
2026-09-04T13:33:00+00:00,17.02,19.22,2900.63,0.38,71.29,38.01,50.32
2026-09-04T13:34:00+00:00,15.62,17.51,2634.53,0.0,85.16,38.83,51.54
2026-09-04T13:35:00+00:00,13.59,18.58,2491.31,0.0,19.96,37.21,58.41
2026-09-04T13:36:00+00:00,17.63,21.7,2917.44,0.57,64.1,39.45,51.7
2026-09-04T13:37:00+00:00,15.28,17.81,2797.32,0.0,75.25,37.83,54.27
2026-09-04T13:38:00+00:00,12.47,13.33,2641.36,0.0,20.51,36.35,52.25
2026-09-04T13:39:00+00:00,16.35,24.07,2562.75,0.59,82.0,36.37,52.62
2026-09-04T13:40:00+00:00,13.44,14.62,2633.49,0.0,85.32,38.49,48.02
2026-09-04T13:41:00+00:00,15.29,14.81,2549.48,0.0,60.79,37.08,51.34
2026-09-04T13:42:00+00:00,15.93,15.19,2620.03,0.0,84.05,38.09,53.91
2026-09-04T13:43:00+00:00,16.6,17.43,2787.03,0.0,20.22,37.12,53.88
2026-09-04T13:44:00+00:00,12.9,13.1,2743.48,0.44,64.89,40.07,47.83
2026-09-04T13:45:00+00:00,13.99,17.19,2836.37,0.0,20.55,38.03,52.96
2026-09-04T13:46:00+00:00,14.51,15.4,2814.24,0.0,19.77,36.84,58.3
2026-09-04T13:47:00+00:00,14.12,10.89,2763.96,1.38,20.74,36.99,54.71
2026-09-04T13:48:00+00:00,13.53,20.7,2861.24,0.0,63.08,37.13,59.37
2026-09-04T13:49:00+00:00,21.66,22.57,3146.68,0.0,20.44,37.1,55.81
2026-09-04T13:50:00+00:00,15.6,14.17,2922.02,0.0,20.75,36.43,56.79
2026-09-04T13:51:00+00:00,12.92,10.73,2727.73,0.0,21.0,38.07,49.42
2026-09-04T13:52:00+00:00,11.67,12.3,3053.19,0.0,65.03,37.76,59.41
2026-09-04T13:53:00+00:00,16.83,19.88,2701.1,0.0,20.53,39.6,52.48
2026-09-04T13:54:00+00:00,12.84,16.16,2793.44,1.08,85.87,38.49,46.07
2026-09-04T13:55:00+00:00,14.73,23.18,2685.64,0.0,77.36,36.89,51.38
2026-09-04T13:56:00+00:00,16.82,26.44,2697.15,0.0,20.59,38.1,51.01
2026-09-04T13:57:00+00:00,17.07,19.95,2638.44,0.0,79.9,37.27,62.53
2026-09-04T13:58:00+00:00,15.88,15.44,2774.59,0.0,72.76,37.9,59.53
2026-09-04T13:59:00+00:00,14.83,19.56,2611.37,0.0,20.41,37.95,51.42
2026-09-04T14:00:00+00:00,16.94,20.22,2792.28,1.11,67.76,36.13,57.52
2026-09-04T14:01:00+00:00,15.35,20.07,2603.54,0.0,84.6,37.56,53.98
2026-09-04T14:02:00+00:00,13.91,19.35,2851.27,0.48,20.11,36.8,55.91
2026-09-04T14:03:00+00:00,15.96,15.92,2774.55,0.0,64.59,37.39,50.5
2026-09-04T14:04:00+00:00,19.15,19.44,2624.75,0.0,19.89,38.51,50.05
2026-09-04T14:05:00+00:00,21.95,31.89,2421.86,0.93,20.06,37.23,56.75
2026-09-04T14:06:00+00:00,17.08,22.08,2851.86,0.0,20.36,37.76,53.8
2026-09-04T14:07:00+00:00,14.33,17.71,2659.63,0.0,20.86,38.27,53.87
2026-09-04T14:08:00+00:00,12.62,17.54,2582.57,0.63,67.69,36.56,57.0
2026-09-04T14:09:00+00:00,16.11,14.15,2484.97,0.34,76.96,38.45,55.46
2026-09-04T14:10:00+00:00,9.91,7.96,2875.97,0.0,82.48,37.1,55.08
2026-09-04T14:11:00+00:00,15.47,22.89,2647.15,0.0,67.67,38.57,51.11
2026-09-04T14:12:00+00:00,17.09,19.03,2531.19,0.0,19.92,38.4,51.4
2026-09-04T14:13:00+00:00,15.48,16.23,2514.62,0.27,20.47,36.87,64.24
2026-09-04T14:14:00+00:00,12.71,16.88,2710.99,0.0,20.38,39.1,51.45
2026-09-04T14:15:00+00:00,17.15,20.0,2650.3,0.0,19.64,38.22,51.45
2026-09-04T14:16:00+00:00,9.46,14.49,2644.02,0.0,20.4,37.89,54.24
2026-09-04T14:17:00+00:00,15.02,15.28,2782.39,0.89,20.1,40.35,44.88
2026-09-04T14:18:00+00:00,17.2,15.39,2737.93,0.0,21.0,38.01,56.86
2026-09-04T14:19:00+00:00,16.76,19.15,2717.06,0.0,20.02,38.4,50.7
2026-09-04T14:20:00+00:00,22.3,22.89,2643.42,0.0,20.69,38.9,49.41
2026-09-04T14:21:00+00:00,14.52,15.06,2656.0,0.0,64.28,37.58,57.45
2026-09-04T14:22:00+00:00,16.27,14.98,2729.11,0.0,63.88,38.87,49.87
2026-09-04T14:23:00+00:00,16.89,18.91,2592.42,0.0,20.53,37.22,55.25
2026-09-04T14:24:00+00:00,12.88,12.72,2638.62,0.0,20.93,38.65,55.1
2026-09-04T14:25:00+00:00,18.0,20.65,2821.81,0.0,83.13,38.55,55.27
2026-09-04T14:26:00+00:00,13.99,17.4,2654.52,0.0,78.63,38.42,56.4
2026-09-04T14:27:00+00:00,19.29,22.2,2559.5,1.35,71.31,37.66,53.22
2026-09-04T14:28:00+00:00,19.42,28.31,2638.49,0.0,84.03,37.73,50.47
2026-09-04T14:29:00+00:00,15.87,21.93,2671.47,0.0,67.22,38.13,52.58
2026-09-04T14:30:00+00:00,13.42,17.46,2584.21,0.0,58.59,38.34,53.03
2026-09-04T14:31:00+00:00,14.44,15.33,2834.9,0.4,19.84,36.28,52.04
2026-09-04T14:32:00+00:00,16.47,16.15,2850.63,0.73,20.39,37.76,56.07
2026-09-04T14:33:00+00:00,15.67,17.95,2518.26,0.0,61.5,37.42,47.45
2026-09-04T14:34:00+00:00,14.81,14.39,2746.96,0.0,20.64,37.04,54.63
2026-09-04T14:35:00+00:00,13.91,17.31,2504.35,0.0,75.48,36.48,59.75
2026-09-04T14:36:00+00:00,10.83,11.94,2848.52,0.0,82.25,38.13,53.91
2026-09-04T14:37:00+00:00,13.69,15.94,2670.08,0.0,20.31,38.28,51.64
2026-09-04T14:38:00+00:00,17.33,16.46,2553.99,0.55,20.11,36.48,55.7
2026-09-04T14:39:00+00:00,18.17,24.6,2529.78,0.0,19.64,35.64,62.36
2026-09-04T14:40:00+00:00,16.89,20.79,2505.88,0.06,60.41,38.18,54.02
2026-09-04T14:41:00+00:00,11.37,8.88,2760.95,0.0,20.92,37.56,54.15
2026-09-04T14:42:00+00:00,18.72,22.86,2865.39,0.7,19.64,35.72,56.67
2026-09-04T14:43:00+00:00,16.34,16.95,2665.88,0.0,20.87,36.68,58.91
2026-09-04T14:44:00+00:00,11.23,13.45,2485.7,1.05,20.77,38.1,51.11
2026-09-04T14:45:00+00:00,15.17,15.87,2359.32,0.47,20.72,37.91,56.45
2026-09-04T14:46:00+00:00,15.37,18.52,2545.94,0.0,55.04,38.4,54.83
2026-09-04T14:47:00+00:00,16.96,23.24,2619.1,0.0,71.35,38.13,52.86
2026-09-04T14:48:00+00:00,11.69,14.89,2673.76,0.0,79.6,38.12,55.34
2026-09-04T14:49:00+00:00,18.7,20.7,2656.1,0.0,62.97,36.34,57.77
2026-09-04T14:50:00+00:00,15.68,17.0,2755.39,0.0,20.31,36.82,54.99
2026-09-04T14:51:00+00:00,11.43,15.41,2545.41,0.0,19.97,37.9,53.86
2026-09-04T14:52:00+00:00,14.2,16.47,2555.18,0.0,74.48,36.71,56.34
2026-09-04T14:53:00+00:00,23.03,33.12,2608.58,0.0,19.83,37.22,54.86
2026-09-04T14:54:00+00:00,12.58,12.92,2769.32,0.0,71.42,37.6,53.17
2026-09-04T14:55:00+00:00,19.48,24.62,2586.66,0.0,21.05,40.09,46.77
2026-09-04T14:56:00+00:00,17.49,22.45,2741.33,0.0,20.98,37.12,56.36
2026-09-04T14:57:00+00:00,15.02,15.6,2880.73,0.0,20.87,37.43,53.92
2026-09-04T14:58:00+00:00,15.09,19.0,2844.23,0.0,20.11,37.77,49.07
2026-09-04T14:59:00+00:00,10.99,13.93,2683.78,0.36,20.8,36.28,58.34
2026-09-04T15:00:00+00:00,14.83,18.22,2956.47,0.49,58.94,39.16,49.71
2026-09-04T15:01:00+00:00,14.71,16.09,2960.4,0.0,61.44,37.38,52.0
2026-09-04T15:02:00+00:00,18.46,19.43,2881.03,0.0,20.26,38.87,49.66
2026-09-04T15:03:00+00:00,13.99,17.56,2904.8,0.0,21.01,37.37,54.16
2026-09-04T15:04:00+00:00,17.69,22.03,2727.24,0.0,20.99,38.49,47.03
2026-09-04T15:05:00+00:00,15.83,21.03,2837.6,0.0,72.67,38.21,54.84
2026-09-04T15:06:00+00:00,14.62,17.81,2575.49,0.0,56.18,37.89,54.21
2026-09-04T15:07:00+00:00,14.78,10.78,2454.17,0.0,57.5,38.11,55.44
2026-09-04T15:08:00+00:00,17.09,23.65,2517.37,0.34,19.78,37.08,54.09
2026-09-04T15:09:00+00:00,12.02,14.51,2598.29,0.0,59.19,37.5,55.73
2026-09-04T15:10:00+00:00,13.41,14.84,2664.48,0.0,20.52,37.55,51.36
2026-09-04T15:11:00+00:00,16.17,23.74,2794.28,0.64,21.1,35.25,57.28
2026-09-04T15:12:00+00:00,16.09,17.34,2692.12,0.0,20.71,37.86,57.78
2026-09-04T15:13:00+00:00,19.03,25.49,2378.35,0.0,21.09,38.56,50.88
2026-09-04T15:14:00+00:00,14.02,15.32,2866.58,0.0,19.67,37.26,57.88
2026-09-04T15:15:00+00:00,14.73,18.65,2814.31,0.0,20.3,36.36,54.0
2026-09-04T15:16:00+00:00,16.41,15.43,2386.66,0.0,59.38,39.58,49.55
2026-09-04T15:17:00+00:00,12.22,13.15,2862.71,0.0,53.78,38.16,57.02
2026-09-04T15:18:00+00:00,18.48,22.68,2938.02,0.0,75.05,37.54,54.22
2026-09-04T15:19:00+00:00,17.33,18.53,2550.14,1.03,20.27,37.04,57.49
2026-09-04T15:20:00+00:00,19.8,25.9,2682.64,0.0,20.44,38.87,50.67
2026-09-04T15:21:00+00:00,15.45,12.86,2652.36,0.0,51.32,36.09,57.15
2026-09-04T15:22:00+00:00,12.97,18.5,2856.13,0.0,51.7,37.33,58.17
2026-09-04T15:23:00+00:00,14.35,11.02,2646.83,0.0,20.78,37.08,55.17
2026-09-04T15:24:00+00:00,12.73,20.04,2812.48,0.0,20.91,38.53,53.43
2026-09-04T15:25:00+00:00,13.25,14.35,2487.13,0.0,20.82,35.92,58.77
2026-09-04T15:26:00+00:00,13.95,13.34,2912.8,0.0,20.07,38.39,51.61
2026-09-04T15:27:00+00:00,15.29,18.53,2767.12,0.0,52.13,37.57,49.4
2026-09-04T15:28:00+00:00,15.29,18.84,2717.81,0.0,66.61,37.0,53.96
2026-09-04T15:29:00+00:00,17.42,23.23,2731.01,0.0,20.78,39.07,47.61
2026-09-04T15:30:00+00:00,14.5,13.85,2434.24,0.5,20.74,37.63,56.87
2026-09-04T15:31:00+00:00,15.38,17.53,2928.4,0.0,20.46,37.32,53.8
2026-09-04T15:32:00+00:00,16.17,18.36,2796.77,0.0,20.15,38.45,48.99
2026-09-04T15:33:00+00:00,16.58,15.92,2594.99,0.0,60.7,36.49,60.45
2026-09-04T15:34:00+00:00,16.45,20.07,2686.81,0.61,19.85,37.01,55.78
2026-09-04T15:35:00+00:00,16.27,20.61,2873.27,0.0,48.63,35.88,63.48
2026-09-04T15:36:00+00:00,13.61,13.83,2622.43,1.13,19.77,38.34,49.18
2026-09-04T15:37:00+00:00,15.48,16.59,2626.14,0.0,20.27,37.17,57.7
2026-09-04T15:38:00+00:00,14.48,16.62,2806.3,0.0,21.09,35.91,59.05
2026-09-04T15:39:00+00:00,15.47,18.6,2698.02,0.0,19.9,37.04,53.87
2026-09-04T15:40:00+00:00,15.27,25.5,2766.36,1.31,65.64,36.54,57.88
2026-09-04T15:41:00+00:00,12.13,14.68,2741.81,0.0,57.35,36.46,55.26
2026-09-04T15:42:00+00:00,14.8,15.31,2742.13,0.0,52.48,36.37,55.36
2026-09-04T15:43:00+00:00,14.66,16.54,2675.82,0.0,48.51,37.67,51.38
2026-09-04T15:44:00+00:00,17.94,19.29,2520.99,0.0,21.1,37.76,55.32
2026-09-04T15:45:00+00:00,14.02,11.65,2562.91,0.02,20.51,38.55,53.32
2026-09-04T15:46:00+00:00,16.32,19.3,2762.89,0.0,20.58,39.37,53.45
2026-09-04T15:47:00+00:00,12.98,15.52,2998.88,0.6,67.68,38.62,55.41
2026-09-04T15:48:00+00:00,12.46,18.54,2638.62,0.21,20.93,37.01,53.29
2026-09-04T15:49:00+00:00,16.33,14.37,2838.55,0.0,20.6,36.82,51.81
2026-09-04T15:50:00+00:00,10.67,14.28,2805.56,0.0,57.9,38.89,46.4
2026-09-04T15:51:00+00:00,11.66,9.89,2851.36,0.0,59.23,36.39,58.71
2026-09-04T15:52:00+00:00,15.83,17.18,2990.97,0.86,63.51,36.98,59.8
2026-09-04T15:53:00+00:00,14.58,15.27,2709.2,0.0,20.39,36.87,58.51
2026-09-04T15:54:00+00:00,19.81,22.8,2527.41,0.0,63.91,37.7,55.8
2026-09-04T15:55:00+00:00,16.23,13.65,2579.08,0.0,61.37,36.4,59.91
2026-09-04T15:56:00+00:00,13.86,17.06,2723.82,0.0,20.32,37.3,50.27
2026-09-04T15:57:00+00:00,12.72,12.83,2564.88,0.0,21.04,39.08,49.54
2026-09-04T15:58:00+00:00,14.73,17.92,2982.52,0.0,55.04,36.87,55.52
2026-09-04T15:59:00+00:00,16.31,19.62,2500.27,0.0,20.19,36.47,55.92
2026-09-04T16:00:00+00:00,16.03,16.65,2720.48,0.0,20.04,36.67,59.03
2026-09-04T16:01:00+00:00,14.4,19.89,2905.58,0.0,19.83,36.0,57.92
2026-09-04T16:02:00+00:00,9.84,12.04,2953.9,0.0,49.65,38.12,47.93
2026-09-04T16:03:00+00:00,11.35,13.21,2574.32,0.0,19.68,36.56,51.83
2026-09-04T16:04:00+00:00,12.72,12.04,2516.94,0.0,20.1,37.41,49.87
2026-09-04T16:05:00+00:00,16.18,18.79,2726.28,0.0,19.69,38.39,50.19
2026-09-04T16:06:00+00:00,15.84,15.97,2826.66,0.13,46.62,35.06,56.9
2026-09-04T16:07:00+00:00,17.64,18.94,2860.44,0.0,20.0,36.8,53.81
2026-09-04T16:08:00+00:00,11.66,10.26,2723.62,0.0,20.75,36.37,55.24
2026-09-04T16:09:00+00:00,14.44,13.99,2773.78,0.0,20.68,37.68,52.45
2026-09-04T16:10:00+00:00,19.09,19.04,2807.24,0.0,60.86,36.69,55.35
2026-09-04T16:11:00+00:00,15.51,16.1,2507.24,0.0,20.12,38.11,57.94
2026-09-04T16:12:00+00:00,20.97,25.94,2762.41,0.57,59.98,36.32,54.69
2026-09-04T16:13:00+00:00,11.16,10.95,2619.66,0.86,21.02,36.44,54.84
2026-09-04T16:14:00+00:00,14.45,17.67,2913.37,0.0,47.52,37.34,52.38
2026-09-04T16:15:00+00:00,13.33,17.4,2629.93,0.03,42.98,39.16,50.84
2026-09-04T16:16:00+00:00,18.92,26.16,2888.23,0.0,50.35,36.45,58.51
2026-09-04T16:17:00+00:00,14.99,17.26,2774.62,0.75,20.58,37.6,57.05
2026-09-04T16:18:00+00:00,15.79,15.34,2771.97,0.63,20.59,36.41,55.2
2026-09-04T16:19:00+00:00,14.37,15.6,2807.65,0.0,20.24,36.8,53.96
2026-09-04T16:20:00+00:00,12.83,19.39,2961.91,0.0,21.08,37.69,55.05
2026-09-04T16:21:00+00:00,16.39,18.97,2773.85,0.0,42.49,36.77,56.47
2026-09-04T16:22:00+00:00,13.38,14.07,2523.19,0.0,19.91,37.67,54.84
2026-09-04T16:23:00+00:00,13.55,16.83,2822.0,0.32,46.98,35.66,58.78
2026-09-04T16:24:00+00:00,17.55,19.91,2525.31,0.0,19.96,38.44,55.37
2026-09-04T16:25:00+00:00,12.4,10.72,2844.8,0.0,49.63,37.06,60.58
2026-09-04T16:26:00+00:00,11.27,13.92,2788.61,0.0,42.49,38.9,51.62
2026-09-04T16:27:00+00:00,14.44,15.64,2893.33,0.0,48.53,36.6,56.54
2026-09-04T16:28:00+00:00,14.95,13.53,2796.24,0.55,42.98,39.23,53.76
2026-09-04T16:29:00+00:00,16.81,25.03,2644.2,0.0,19.64,36.58,55.22
2026-09-04T16:30:00+00:00,14.75,15.5,2811.47,0.0,20.66,36.95,54.37
2026-09-04T16:31:00+00:00,16.53,20.73,2632.98,0.0,54.13,37.94,53.51
2026-09-04T16:32:00+00:00,12.59,13.37,2797.19,0.0,19.9,38.22,52.79
2026-09-04T16:33:00+00:00,12.78,13.94,2737.08,0.0,47.45,38.22,53.18
2026-09-04T16:34:00+00:00,19.14,20.71,2984.72,0.6,43.42,35.16,58.49
2026-09-04T16:35:00+00:00,15.69,17.54,2630.79,0.44,53.54,37.25,53.0
2026-09-04T16:36:00+00:00,12.86,15.51,2462.42,0.2,54.2,35.3,61.19
2026-09-04T16:37:00+00:00,17.96,16.99,2586.29,0.0,41.02,38.62,49.87
2026-09-04T16:38:00+00:00,16.7,22.33,2719.98,0.16,50.77,36.72,53.29
2026-09-04T16:39:00+00:00,18.32,20.17,2679.74,0.0,44.67,35.96,55.98
2026-09-04T16:40:00+00:00,11.68,13.97,2656.26,0.0,20.33,35.3,63.31
2026-09-04T16:41:00+00:00,17.93,23.95,3012.41,0.0,52.91,37.07,54.39
2026-09-04T16:42:00+00:00,19.56,23.61,2887.0,0.43,20.32,36.42,60.59
2026-09-04T16:43:00+00:00,13.71,16.15,2748.77,0.0,20.5,38.14,49.59
2026-09-04T16:44:00+00:00,15.52,16.77,2807.0,0.21,39.58,37.17,59.93
2026-09-04T16:45:00+00:00,14.76,19.45,2686.06,0.0,21.0,36.77,59.28
2026-09-04T16:46:00+00:00,19.29,21.54,2966.86,0.0,19.86,36.74,54.14
2026-09-04T16:47:00+00:00,15.08,18.07,2755.37,0.0,41.07,36.3,56.84
2026-09-04T16:48:00+00:00,13.29,12.75,2923.53,0.04,38.1,35.88,54.93
2026-09-04T16:49:00+00:00,14.92,19.6,2859.71,0.0,20.97,36.64,54.98
2026-09-04T16:50:00+00:00,14.98,15.62,2873.29,0.64,20.47,35.84,51.45
2026-09-04T16:51:00+00:00,12.6,15.18,3008.64,0.0,21.06,36.54,54.34
2026-09-04T16:52:00+00:00,13.36,14.85,3022.11,0.0,19.99,35.79,58.65
2026-09-04T16:53:00+00:00,12.72,15.64,3111.43,0.04,20.94,36.98,60.6
2026-09-04T16:54:00+00:00,14.15,20.52,2934.68,0.0,20.75,36.32,55.48
2026-09-04T16:55:00+00:00,13.16,15.01,2906.1,0.0,36.14,37.07,60.67
2026-09-04T16:56:00+00:00,15.79,19.32,2816.82,0.36,46.75,36.83,53.5
2026-09-04T16:57:00+00:00,12.99,19.04,3111.23,0.0,20.08,36.77,57.23
2026-09-04T16:58:00+00:00,17.6,20.07,2739.49,0.0,20.87,36.8,57.19
2026-09-04T16:59:00+00:00,14.29,15.99,2647.19,0.0,19.78,35.16,62.72
2026-09-04T17:00:00+00:00,16.76,18.34,2907.13,0.0,39.42,34.58,63.01
2026-09-04T17:01:00+00:00,17.82,20.77,2773.24,0.0,44.39,37.96,51.26
2026-09-04T17:02:00+00:00,15.91,18.1,2889.07,0.0,41.01,35.62,62.1
2026-09-04T17:03:00+00:00,12.45,18.07,2537.99,0.0,44.41,36.66,53.95
2026-09-04T17:04:00+00:00,19.67,26.88,2790.82,0.0,40.33,35.47,57.73
2026-09-04T17:05:00+00:00,17.73,17.98,2967.09,0.81,19.91,36.78,51.68
2026-09-04T17:06:00+00:00,13.8,14.41,2946.0,0.0,20.74,36.13,54.62
2026-09-04T17:07:00+00:00,16.01,10.66,2850.55,0.0,20.1,35.96,57.03
2026-09-04T17:08:00+00:00,17.5,22.57,2859.17,0.68,44.94,36.72,60.54
2026-09-04T17:09:00+00:00,12.14,15.42,2906.32,0.0,20.91,38.4,55.3
2026-09-04T17:10:00+00:00,16.1,17.9,2721.4,0.0,41.0,36.55,55.0
2026-09-04T17:11:00+00:00,12.94,13.23,2665.08,0.54,20.03,37.02,53.97
2026-09-04T17:12:00+00:00,15.85,19.03,2746.78,0.12,20.47,37.08,55.12
2026-09-04T17:13:00+00:00,13.14,12.98,2947.11,0.0,35.29,36.77,53.42
2026-09-04T17:14:00+00:00,14.91,15.45,3005.82,0.23,20.35,36.29,61.1
2026-09-04T17:15:00+00:00,18.4,19.57,3026.79,0.0,38.6,37.97,54.17
2026-09-04T17:16:00+00:00,11.66,13.84,2829.64,0.15,20.01,36.3,59.25
2026-09-04T17:17:00+00:00,14.64,16.49,2887.52,0.0,38.52,35.93,58.85
2026-09-04T17:18:00+00:00,12.86,14.76,3291.62,0.0,19.96,36.89,61.41
2026-09-04T17:19:00+00:00,15.09,17.27,3131.84,0.34,20.99,36.15,55.75
2026-09-04T17:20:00+00:00,11.26,16.92,3177.21,0.0,32.85,35.56,56.04
2026-09-04T17:21:00+00:00,14.84,19.02,2542.6,0.52,36.05,36.39,59.75
2026-09-04T17:22:00+00:00,18.26,21.38,2964.44,0.0,36.55,36.73,53.45
2026-09-04T17:23:00+00:00,15.63,15.15,2800.91,0.0,19.91,36.09,59.76
2026-09-04T17:24:00+00:00,15.66,21.79,2904.16,0.0,41.53,38.32,50.92
2026-09-04T17:25:00+00:00,16.56,16.32,2776.25,0.0,21.05,34.93,57.35
2026-09-04T17:26:00+00:00,12.9,14.22,2869.95,0.0,21.0,35.57,60.96
2026-09-04T17:27:00+00:00,19.63,23.01,2982.98,0.0,20.85,36.63,61.38
2026-09-04T17:28:00+00:00,20.17,24.67,2848.81,0.0,20.61,36.43,57.6
2026-09-04T17:29:00+00:00,14.11,13.6,2992.46,0.0,36.81,37.41,52.8
2026-09-04T17:30:00+00:00,14.95,12.82,3106.86,0.97,31.95,34.34,66.56
2026-09-04T17:31:00+00:00,17.5,19.2,2961.95,0.0,21.06,35.12,61.32
2026-09-04T17:32:00+00:00,15.47,13.52,3209.37,0.95,19.65,36.43,59.89
2026-09-04T17:33:00+00:00,11.86,17.79,2967.9,0.0,20.34,36.2,60.41
2026-09-04T17:34:00+00:00,16.55,23.5,2555.57,1.07,34.06,35.9,56.94
2026-09-04T17:35:00+00:00,14.15,13.76,2711.27,1.1,20.04,37.08,58.92
2026-09-04T17:36:00+00:00,10.98,9.85,3016.22,0.0,20.14,35.76,62.73
2026-09-04T17:37:00+00:00,16.91,20.44,2985.66,0.0,20.96,37.68,50.04
2026-09-04T17:38:00+00:00,14.89,20.5,2893.44,0.0,36.88,35.21,59.88
2026-09-04T17:39:00+00:00,18.99,23.43,2949.56,0.0,20.16,36.21,57.59
2026-09-04T17:40:00+00:00,20.55,20.13,2939.92,0.0,19.83,36.14,54.32
2026-09-04T17:41:00+00:00,18.23,17.46,3144.98,0.88,31.65,35.68,64.66
2026-09-04T17:42:00+00:00,16.34,21.19,2860.82,0.0,20.75,35.41,58.79
2026-09-04T17:43:00+00:00,14.46,13.45,3072.5,0.0,19.68,34.94,60.99
2026-09-04T17:44:00+00:00,13.29,18.27,2895.3,0.0,20.89,36.28,56.45
2026-09-04T17:45:00+00:00,15.58,16.09,2831.67,0.0,19.68,34.96,61.06
2026-09-04T17:46:00+00:00,13.79,15.08,3011.34,0.0,36.39,35.23,60.79
2026-09-04T17:47:00+00:00,13.52,14.91,2919.86,1.04,20.63,35.04,67.44
2026-09-04T17:48:00+00:00,14.96,15.02,3058.44,0.0,19.76,34.29,58.52
2026-09-04T17:49:00+00:00,16.61,14.02,3152.57,0.0,19.93,34.57,64.31
2026-09-04T17:50:00+00:00,17.94,16.99,3056.05,0.68,20.13,35.18,64.26
2026-09-04T17:51:00+00:00,16.84,18.31,2992.93,0.0,32.27,37.23,54.54
2026-09-04T17:52:00+00:00,22.14,24.49,3024.04,0.0,28.73,35.09,56.59
2026-09-04T17:53:00+00:00,15.7,17.05,3013.85,1.01,33.06,35.62,61.94
2026-09-04T17:54:00+00:00,13.5,14.64,3042.4,0.72,19.86,35.54,62.16
2026-09-04T17:55:00+00:00,17.36,16.92,2836.26,0.0,30.9,36.24,52.01
2026-09-04T17:56:00+00:00,13.4,13.17,2956.89,0.49,20.99,35.57,53.14
2026-09-04T17:57:00+00:00,15.36,20.98,3182.89,0.0,31.05,35.6,54.48
2026-09-04T17:58:00+00:00,16.23,16.83,3150.41,0.0,28.33,36.42,57.15
2026-09-04T17:59:00+00:00,18.41,19.43,3132.87,0.0,20.34,33.71,59.82
2026-09-04T18:00:00+00:00,14.03,21.05,3018.37,0.09,21.04,37.29,55.49
2026-09-04T18:01:00+00:00,14.92,16.93,2988.56,0.0,31.69,35.27,55.99
2026-09-04T18:02:00+00:00,18.99,22.63,3120.66,0.0,20.09,33.75,63.11
2026-09-04T18:03:00+00:00,14.33,17.79,3211.67,1.02,20.81,35.87,59.62
2026-09-04T18:04:00+00:00,16.02,16.18,3166.74,0.0,27.82,35.96,62.87
2026-09-04T18:05:00+00:00,12.89,14.01,3170.0,0.0,29.42,35.58,59.92
2026-09-04T18:06:00+00:00,14.28,19.23,3082.69,0.0,20.24,35.37,60.93
2026-09-04T18:07:00+00:00,22.83,25.11,3000.41,0.0,20.61,36.16,58.92
2026-09-04T18:08:00+00:00,17.55,22.4,2972.93,0.89,20.73,35.77,58.19
2026-09-04T18:09:00+00:00,14.47,16.42,2809.89,0.58,21.1,36.18,58.18
2026-09-04T18:10:00+00:00,13.56,20.76,3097.94,0.22,19.69,36.68,56.2
2026-09-04T18:11:00+00:00,18.24,26.55,2944.65,0.0,20.86,35.24,58.57
2026-09-04T18:12:00+00:00,11.97,8.01,2870.56,0.0,29.94,36.5,55.77
2026-09-04T18:13:00+00:00,12.31,13.1,3123.58,0.0,20.18,35.87,60.23
2026-09-04T18:14:00+00:00,15.22,15.47,3399.57,0.43,26.82,35.42,63.57
2026-09-04T18:15:00+00:00,14.16,17.11,3195.0,0.0,25.91,35.09,58.61
2026-09-04T18:16:00+00:00,14.06,18.04,2950.63,0.0,20.41,35.66,59.88
2026-09-04T18:17:00+00:00,17.82,25.47,2983.4,0.0,20.26,34.24,58.21
2026-09-04T18:18:00+00:00,19.89,23.46,3379.23,0.55,19.85,35.48,60.8
2026-09-04T18:19:00+00:00,14.58,19.49,3062.64,0.0,27.04,36.02,62.28
2026-09-04T18:20:00+00:00,17.09,18.44,3339.64,0.12,25.97,35.65,60.24
2026-09-04T18:21:00+00:00,11.55,12.96,3075.15,0.0,19.69,34.79,64.66
2026-09-04T18:22:00+00:00,15.4,23.15,3095.23,0.0,20.11,35.05,60.16
2026-09-04T18:23:00+00:00,15.59,18.6,3053.2,0.0,20.99,35.17,56.35
2026-09-04T18:24:00+00:00,19.31,17.59,2983.18,0.0,27.92,35.25,59.84
2026-09-04T18:25:00+00:00,16.07,16.25,3299.71,0.0,19.81,35.36,61.36
2026-09-04T18:26:00+00:00,17.3,18.71,3136.63,0.0,20.98,35.99,60.12
2026-09-04T18:27:00+00:00,13.26,20.43,3213.52,0.0,19.91,34.95,62.62
2026-09-04T18:28:00+00:00,13.88,14.62,3065.06,0.0,20.44,34.82,59.57
2026-09-04T18:29:00+00:00,11.87,10.22,2930.82,0.0,25.62,34.93,56.76
2026-09-04T18:30:00+00:00,11.9,11.89,2902.12,0.0,25.89,36.54,58.1
2026-09-04T18:31:00+00:00,18.78,17.88,3025.87,0.45,20.02,35.59,64.03
2026-09-04T18:32:00+00:00,18.04,18.63,3265.37,0.75,24.81,35.63,58.92
2026-09-04T18:33:00+00:00,9.34,13.87,3193.45,0.0,23.65,35.42,58.65
2026-09-04T18:34:00+00:00,19.16,18.0,3292.62,1.16,19.86,35.26,61.21
2026-09-04T18:35:00+00:00,15.94,20.7,3184.67,0.0,19.84,34.52,65.89
2026-09-04T18:36:00+00:00,11.72,15.17,3116.18,0.0,23.87,34.19,63.27
2026-09-04T18:37:00+00:00,17.98,20.43,3162.75,0.0,24.84,34.9,61.61
2026-09-04T18:38:00+00:00,12.72,8.33,3270.57,0.0,20.58,34.87,61.52
2026-09-04T18:39:00+00:00,16.56,16.87,3076.12,0.0,20.61,36.25,52.59
2026-09-04T18:40:00+00:00,13.95,14.45,3143.15,0.47,22.98,36.07,59.73
2026-09-04T18:41:00+00:00,15.98,17.32,3190.57,0.41,23.34,34.07,58.61
2026-09-04T18:42:00+00:00,15.24,19.22,3183.4,0.22,23.53,34.86,65.56
2026-09-04T18:43:00+00:00,17.96,23.78,3041.74,0.0,20.83,34.41,58.89
2026-09-04T18:44:00+00:00,17.13,20.75,3154.64,0.0,20.88,36.4,59.48
2026-09-04T18:45:00+00:00,16.0,16.95,3142.16,0.0,20.46,34.37,67.34
2026-09-04T18:46:00+00:00,16.94,21.37,3055.71,0.18,23.19,34.9,58.88
2026-09-04T18:47:00+00:00,15.95,16.49,2896.5,0.0,20.19,35.25,58.25
2026-09-04T18:48:00+00:00,15.82,21.61,3198.0,0.0,23.04,36.95,58.07
2026-09-04T18:49:00+00:00,14.19,10.13,3126.85,0.0,20.71,35.13,65.26
2026-09-04T18:50:00+00:00,11.21,14.64,2979.99,0.0,19.96,35.17,56.46
2026-09-04T18:51:00+00:00,12.75,21.71,3137.81,0.0,22.96,34.13,63.56
2026-09-04T18:52:00+00:00,12.12,14.54,3178.39,0.0,22.9,33.48,64.17
2026-09-04T18:53:00+00:00,17.28,17.59,3387.57,0.0,22.78,33.4,61.93
2026-09-04T18:54:00+00:00,17.1,20.67,3193.02,0.0,19.86,34.81,58.2
2026-09-04T18:55:00+00:00,13.6,11.93,3166.44,0.0,20.83,35.91,59.85
2026-09-04T18:56:00+00:00,17.71,17.35,3120.18,0.0,22.3,33.8,61.71
2026-09-04T18:57:00+00:00,14.31,14.78,3044.49,0.55,22.0,36.01,59.24
2026-09-04T18:58:00+00:00,17.44,15.99,3240.92,0.49,20.31,33.19,66.06
2026-09-04T18:59:00+00:00,11.55,16.53,3203.43,0.0,21.11,35.11,60.6
2026-09-04T19:00:00+00:00,13.26,13.66,3055.64,0.0,20.54,34.83,63.99
2026-09-04T19:01:00+00:00,14.63,12.7,3389.42,0.2,20.78,34.13,66.09
2026-09-04T19:02:00+00:00,17.62,26.03,3224.65,0.0,20.98,35.13,59.25
2026-09-04T19:03:00+00:00,15.81,19.54,3448.69,0.0,20.36,34.12,67.57
2026-09-04T19:04:00+00:00,17.09,19.36,3136.38,0.0,20.56,34.83,62.55
2026-09-04T19:05:00+00:00,8.98,7.5,3327.8,0.01,20.42,34.66,60.81
2026-09-04T19:06:00+00:00,14.15,15.53,3107.44,0.0,20.68,33.95,64.88
2026-09-04T19:07:00+00:00,65.27,68.97,3315.85,0.0,20.7,34.59,55.39
2026-09-04T19:08:00+00:00,65.1,64.88,3290.18,0.0,20.47,34.01,56.45
2026-09-04T19:09:00+00:00,60.68,73.97,3341.75,0.09,20.24,35.04,66.82
2026-09-04T19:10:00+00:00,64.2,68.51,3278.77,0.0,20.13,34.32,55.48
2026-09-04T19:11:00+00:00,62.78,67.58,3447.25,0.0,19.96,34.89,64.09
2026-09-04T19:12:00+00:00,68.34,78.63,3104.14,0.0,19.87,34.81,61.6
2026-09-04T19:13:00+00:00,66.87,76.68,2784.78,0.28,19.69,34.31,56.17
2026-09-04T19:14:00+00:00,64.21,64.94,3364.01,0.0,20.96,36.02,58.12
2026-09-04T19:15:00+00:00,65.22,74.38,3260.03,0.0,19.63,34.75,63.18
2026-09-04T19:16:00+00:00,68.88,69.84,3347.24,0.0,19.98,35.78,56.33
2026-09-04T19:17:00+00:00,62.78,69.31,3081.36,0.0,20.33,34.05,62.16
2026-09-04T19:18:00+00:00,69.38,73.1,3234.44,0.0,20.93,35.15,55.56
2026-09-04T19:19:00+00:00,68.36,72.32,3321.83,0.0,19.74,33.76,69.13
2026-09-04T19:20:00+00:00,65.72,74.44,3260.61,0.55,19.63,34.72,62.17
2026-09-04T19:21:00+00:00,65.65,72.84,3239.48,0.0,19.95,35.25,57.75
2026-09-04T19:22:00+00:00,67.07,67.05,3611.48,0.0,20.51,33.69,65.16
2026-09-04T19:23:00+00:00,64.03,65.58,3179.47,0.0,19.9,33.07,68.66
2026-09-04T19:24:00+00:00,61.09,69.75,3145.74,0.0,19.85,35.37,59.22
2026-09-04T19:25:00+00:00,59.0,67.08,3294.13,0.0,20.62,34.78,60.54
2026-09-04T19:26:00+00:00,61.48,69.99,3421.75,0.0,19.63,32.72,62.98
2026-09-04T19:27:00+00:00,62.41,70.69,3187.29,0.0,19.63,35.22,61.66
2026-09-04T19:28:00+00:00,62.7,74.39,3429.76,0.0,21.05,33.82,65.52
2026-09-04T19:29:00+00:00,59.38,63.47,3141.85,0.28,19.71,34.84,55.81
2026-09-04T19:30:00+00:00,57.93,59.84,3289.15,0.0,21.13,34.08,60.59
2026-09-04T19:31:00+00:00,68.27,76.19,3049.95,0.0,19.63,33.56,64.36
2026-09-04T19:32:00+00:00,63.11,65.99,3415.72,0.52,19.63,34.78,60.69
2026-09-04T19:33:00+00:00,60.2,78.29,3235.72,0.0,19.63,35.55,61.82
2026-09-04T19:34:00+00:00,60.79,62.47,3317.25,1.0,19.87,33.87,65.47
2026-09-04T19:35:00+00:00,59.62,66.35,3040.74,0.0,21.11,35.02,60.93
2026-09-04T19:36:00+00:00,67.71,79.49,3085.39,0.0,19.63,33.76,59.62
2026-09-04T19:37:00+00:00,56.61,62.86,3169.53,0.0,20.83,35.12,57.16
2026-09-04T19:38:00+00:00,59.97,64.63,3235.25,0.0,20.09,35.74,55.71
2026-09-04T19:39:00+00:00,55.75,57.21,3209.81,0.0,20.21,33.13,69.62
2026-09-04T19:40:00+00:00,57.41,62.36,3395.89,0.0,20.82,35.5,64.44
2026-09-04T19:41:00+00:00,12.99,14.24,3281.69,1.39,20.93,35.32,57.61
2026-09-04T19:42:00+00:00,14.48,17.58,3196.94,0.0,19.63,33.79,61.11
2026-09-04T19:43:00+00:00,15.76,17.36,3140.99,0.0,19.68,35.19,61.69
2026-09-04T19:44:00+00:00,13.56,15.66,3599.72,0.0,19.63,34.34,62.34
2026-09-04T19:45:00+00:00,16.41,21.37,3354.43,0.0,20.14,34.33,65.85
2026-09-04T19:46:00+00:00,15.88,21.85,3170.03,0.0,20.04,34.19,70.39
2026-09-04T19:47:00+00:00,13.96,15.54,3265.61,0.0,20.83,35.38,60.54
2026-09-04T19:48:00+00:00,15.43,15.98,3305.34,0.29,20.07,32.77,64.72
2026-09-04T19:49:00+00:00,14.08,13.38,3543.84,0.0,19.63,35.59,53.35
2026-09-04T19:50:00+00:00,13.79,13.65,3420.54,0.0,20.26,37.39,53.78
2026-09-04T19:51:00+00:00,12.55,13.16,3147.51,0.81,19.7,34.68,67.61
2026-09-04T19:52:00+00:00,13.83,16.97,3169.76,0.0,19.98,33.48,67.05
2026-09-04T19:53:00+00:00,11.99,7.5,3438.72,0.0,19.91,33.75,66.18
2026-09-04T19:54:00+00:00,12.31,17.8,3445.98,0.0,19.63,34.19,65.38
2026-09-04T19:55:00+00:00,13.75,15.0,3097.47,0.0,20.43,34.8,61.7
2026-09-04T19:56:00+00:00,17.01,18.19,3315.62,0.0,20.25,34.02,60.99
2026-09-04T19:57:00+00:00,16.97,20.32,3412.3,0.54,19.63,33.06,67.87
2026-09-04T19:58:00+00:00,14.94,20.68,3125.16,1.64,19.63,33.21,64.16
2026-09-04T19:59:00+00:00,11.76,11.75,3528.5,0.0,21.12,33.81,64.92
2026-09-04T20:00:00+00:00,13.75,12.1,3108.55,0.0,19.63,34.06,56.83
2026-09-04T20:01:00+00:00,17.09,19.76,3083.28,0.0,20.08,32.88,71.81
2026-09-04T20:02:00+00:00,13.07,16.78,3331.08,0.77,20.26,35.2,56.04
2026-09-04T20:03:00+00:00,14.87,16.91,3331.52,0.0,19.63,33.49,65.68
2026-09-04T20:04:00+00:00,14.34,18.44,3212.66,0.0,19.79,36.45,53.4
2026-09-04T20:05:00+00:00,19.3,25.3,3665.39,0.0,20.86,34.0,61.89
2026-09-04T20:06:00+00:00,16.8,20.71,3532.91,0.0,20.04,35.06,60.19
2026-09-04T20:07:00+00:00,16.31,19.97,3295.94,0.0,20.39,35.44,54.15
2026-09-04T20:08:00+00:00,13.35,16.41,3530.08,0.0,19.63,34.46,55.24
2026-09-04T20:09:00+00:00,17.28,18.43,3308.22,0.0,19.63,34.59,61.24
2026-09-04T20:10:00+00:00,21.04,26.95,3393.83,0.0,19.63,35.82,59.79
2026-09-04T20:11:00+00:00,14.99,14.89,3261.67,0.0,20.65,35.9,58.54
2026-09-04T20:12:00+00:00,19.38,23.78,3324.35,0.0,19.63,33.32,67.1
2026-09-04T20:13:00+00:00,13.96,15.24,3419.36,0.0,20.55,33.48,69.65
2026-09-04T20:14:00+00:00,19.77,21.91,3292.32,0.0,20.44,34.84,62.7
2026-09-04T20:15:00+00:00,16.33,22.43,3356.58,0.38,20.36,33.75,64.84
2026-09-04T20:16:00+00:00,16.27,20.54,3198.68,0.11,21.02,35.25,56.94
2026-09-04T20:17:00+00:00,16.25,23.35,3287.5,0.0,19.63,33.79,65.05
2026-09-04T20:18:00+00:00,9.43,9.6,3085.45,0.0,20.64,34.68,56.18
2026-09-04T20:19:00+00:00,16.49,18.48,3303.87,0.0,19.63,33.35,64.26
2026-09-04T20:20:00+00:00,18.12,23.04,3136.12,0.0,19.63,35.47,59.9
2026-09-04T20:21:00+00:00,11.84,13.08,3321.68,0.0,20.85,33.75,60.57
2026-09-04T20:22:00+00:00,14.8,15.49,3500.87,0.27,19.63,33.01,64.88
2026-09-04T20:23:00+00:00,12.84,19.13,3548.39,0.0,19.63,35.51,63.53
2026-09-04T20:24:00+00:00,13.27,12.43,3331.81,0.0,21.04,33.76,67.19
2026-09-04T20:25:00+00:00,16.83,15.94,3122.89,0.0,20.43,34.68,61.06
2026-09-04T20:26:00+00:00,13.28,18.55,3475.04,0.0,19.63,33.46,60.08
2026-09-04T20:27:00+00:00,12.16,10.59,2971.5,0.0,20.84,35.08,59.7
2026-09-04T20:28:00+00:00,13.04,14.85,3234.03,0.0,20.48,34.91,64.95
2026-09-04T20:29:00+00:00,14.05,22.97,3145.49,0.0,21.04,33.73,64.93
2026-09-04T20:30:00+00:00,14.79,14.26,3646.42,0.0,19.91,34.73,60.23
2026-09-04T20:31:00+00:00,10.67,14.91,3221.15,0.91,19.98,33.98,64.09
2026-09-04T20:32:00+00:00,17.27,18.71,3344.75,0.0,20.31,34.01,63.7
2026-09-04T20:33:00+00:00,15.84,17.48,3618.62,0.0,20.76,33.14,61.66
2026-09-04T20:34:00+00:00,19.93,25.91,3122.4,1.08,19.63,33.79,64.2
2026-09-04T20:35:00+00:00,18.97,27.41,3375.77,0.07,19.76,31.88,64.48
2026-09-04T20:36:00+00:00,10.8,15.72,3321.25,0.0,20.77,35.1,56.52
2026-09-04T20:37:00+00:00,17.72,18.67,3097.92,0.0,19.63,33.09,68.55
2026-09-04T20:38:00+00:00,14.76,24.56,3409.39,0.12,20.48,34.37,59.12
2026-09-04T20:39:00+00:00,13.64,17.78,3172.45,0.0,20.2,34.7,66.46
2026-09-04T20:40:00+00:00,15.68,22.52,3344.8,0.64,19.63,33.82,59.93
2026-09-04T20:41:00+00:00,14.99,15.43,3392.7,0.0,19.67,36.04,59.85
2026-09-04T20:42:00+00:00,15.3,14.77,3268.93,0.0,19.63,33.17,67.48
2026-09-04T20:43:00+00:00,11.95,11.26,3265.48,0.0,19.72,35.64,58.67
2026-09-04T20:44:00+00:00,11.69,14.66,2934.81,0.0,19.63,31.53,66.82
2026-09-04T20:45:00+00:00,11.91,12.28,3361.67,0.0,19.63,34.71,63.63
2026-09-04T20:46:00+00:00,14.88,20.15,3219.49,0.0,19.63,33.28,61.16
2026-09-04T20:47:00+00:00,14.28,19.37,2993.19,0.47,19.63,34.41,66.46
2026-09-04T20:48:00+00:00,18.82,25.36,3121.48,0.0,20.24,32.32,73.23
2026-09-04T20:49:00+00:00,13.58,11.43,3209.98,0.0,20.36,33.6,63.79
2026-09-04T20:50:00+00:00,16.82,19.37,3128.57,0.0,19.73,33.4,70.03
2026-09-04T20:51:00+00:00,18.55,18.05,3008.9,0.0,19.63,33.26,62.74
2026-09-04T20:52:00+00:00,17.65,24.09,3469.15,0.0,19.63,32.47,68.12
2026-09-04T20:53:00+00:00,18.16,24.7,3127.94,0.0,19.63,34.68,57.38
2026-09-04T20:54:00+00:00,11.75,11.53,3234.6,0.06,20.7,35.76,60.49
2026-09-04T20:55:00+00:00,13.04,17.06,3269.7,0.0,19.63,32.79,68.09
2026-09-04T20:56:00+00:00,21.12,29.21,2965.66,0.0,20.44,34.12,65.53
2026-09-04T20:57:00+00:00,18.61,20.41,3330.34,0.0,20.32,35.19,56.86
2026-09-04T20:58:00+00:00,15.41,21.18,3333.39,0.0,19.63,34.71,60.06
2026-09-04T20:59:00+00:00,17.82,18.47,3466.17,0.07,21.05,35.02,62.96
2026-09-04T21:00:00+00:00,9.66,10.52,3119.73,0.05,19.63,33.03,68.45
2026-09-04T21:01:00+00:00,16.62,22.02,3196.65,0.0,19.63,34.03,66.58
2026-09-04T21:02:00+00:00,16.2,15.86,3156.93,0.0,20.53,35.71,62.59
2026-09-04T21:03:00+00:00,11.42,9.53,3297.7,0.47,20.57,32.6,69.06
2026-09-04T21:04:00+00:00,18.13,16.79,3220.28,0.08,19.63,34.38,64.95
2026-09-04T21:05:00+00:00,15.29,20.69,3362.79,0.99,21.07,33.94,64.02
2026-09-04T21:06:00+00:00,15.22,15.92,3462.45,0.0,19.63,33.59,63.89
2026-09-04T21:07:00+00:00,15.67,18.03,2879.03,0.0,19.63,34.87,66.36
2026-09-04T21:08:00+00:00,15.97,20.73,3260.11,0.0,20.66,32.72,65.24
2026-09-04T21:09:00+00:00,15.65,13.4,3218.09,0.66,19.63,31.88,75.93
2026-09-04T21:10:00+00:00,12.2,17.89,3176.76,0.0,19.63,33.92,61.66
2026-09-04T21:11:00+00:00,15.56,21.4,3362.19,0.0,19.63,33.1,68.15
2026-09-04T21:12:00+00:00,21.7,25.42,3280.65,0.0,20.61,33.95,67.47
2026-09-04T21:13:00+00:00,16.35,20.45,3202.0,0.33,19.63,34.41,64.1
2026-09-04T21:14:00+00:00,14.67,15.25,2916.73,0.0,20.51,33.31,59.56
2026-09-04T21:15:00+00:00,20.48,22.78,3378.48,0.0,20.31,32.96,70.8
2026-09-04T21:16:00+00:00,12.46,10.63,3328.21,0.0,20.38,33.28,62.59
2026-09-04T21:17:00+00:00,9.94,11.97,3136.76,0.0,20.75,34.39,61.66
2026-09-04T21:18:00+00:00,14.72,14.94,3209.73,0.47,19.64,32.58,69.59
2026-09-04T21:19:00+00:00,14.23,14.41,3196.59,0.0,20.13,33.33,63.88
2026-09-04T21:20:00+00:00,14.29,16.64,3163.38,0.0,19.63,35.33,65.53
2026-09-04T21:21:00+00:00,14.42,20.26,3044.03,0.0,20.01,33.21,71.36
2026-09-04T21:22:00+00:00,14.1,20.07,3381.65,0.0,19.63,34.47,64.78
2026-09-04T21:23:00+00:00,14.82,15.0,3051.65,0.0,20.33,34.34,60.44
2026-09-04T21:24:00+00:00,16.98,21.78,3210.77,0.0,19.74,33.58,67.95
2026-09-04T21:25:00+00:00,15.33,17.54,3081.44,0.0,19.86,34.55,63.64
2026-09-04T21:26:00+00:00,13.86,20.76,2886.8,0.06,20.36,33.23,67.23
2026-09-04T21:27:00+00:00,16.06,22.72,3492.47,0.0,19.79,32.16,67.94
2026-09-04T21:28:00+00:00,14.57,23.8,2999.86,0.25,20.69,35.49,64.22
2026-09-04T21:29:00+00:00,14.96,20.06,3031.36,0.0,20.12,33.94,61.47
2026-09-04T21:30:00+00:00,15.3,15.74,2833.08,0.0,19.63,33.1,65.91
2026-09-04T21:31:00+00:00,9.03,14.41,3188.98,0.0,20.15,33.84,64.32
2026-09-04T21:32:00+00:00,17.96,18.87,3037.11,0.0,19.63,33.89,66.28
2026-09-04T21:33:00+00:00,18.67,20.3,3160.82,0.0,20.38,33.57,66.3
2026-09-04T21:34:00+00:00,15.46,18.85,2957.44,0.0,19.94,31.94,70.47
2026-09-04T21:35:00+00:00,13.21,13.67,3074.6,0.0,20.77,32.39,68.58
2026-09-04T21:36:00+00:00,19.48,22.48,2933.56,0.0,19.63,31.61,73.53
2026-09-04T21:37:00+00:00,13.83,12.87,3350.15,0.0,19.63,32.09,65.59
2026-09-04T21:38:00+00:00,15.0,19.88,3305.38,0.68,19.63,32.68,67.01
2026-09-04T21:39:00+00:00,18.73,21.95,3020.9,0.0,20.42,32.68,60.61
2026-09-04T21:40:00+00:00,17.1,22.54,2960.01,0.0,20.82,34.27,57.8
2026-09-04T21:41:00+00:00,15.24,19.04,2819.2,0.0,20.75,34.44,62.91
2026-09-04T21:42:00+00:00,15.94,18.0,3164.32,0.0,19.63,34.11,58.2
2026-09-04T21:43:00+00:00,21.5,25.98,3138.27,0.0,20.48,33.71,61.12
2026-09-04T21:44:00+00:00,16.36,18.37,3283.79,0.0,19.63,33.98,65.22
2026-09-04T21:45:00+00:00,15.88,19.96,2784.41,0.0,19.63,33.42,64.34
2026-09-04T21:46:00+00:00,13.56,13.04,3153.77,0.13,19.63,33.14,64.28
2026-09-04T21:47:00+00:00,12.66,11.36,2918.12,0.0,20.22,33.6,62.24
2026-09-04T21:48:00+00:00,14.18,14.27,3416.69,0.0,19.63,33.98,62.83
2026-09-04T21:49:00+00:00,17.5,16.89,3127.32,0.0,20.7,34.81,58.46
2026-09-04T21:50:00+00:00,15.84,17.72,3102.4,0.0,20.1,32.0,65.92
2026-09-04T21:51:00+00:00,16.8,21.32,3105.92,0.0,21.03,34.13,61.46
2026-09-04T21:52:00+00:00,14.16,19.15,3080.41,0.0,19.63,33.68,64.76
2026-09-04T21:53:00+00:00,12.56,11.87,3119.8,0.21,19.63,34.0,64.47
2026-09-04T21:54:00+00:00,12.16,14.1,3039.66,0.6,19.63,33.35,64.88
2026-09-04T21:55:00+00:00,18.56,21.8,3062.96,0.0,20.21,33.46,70.88
2026-09-04T21:56:00+00:00,16.13,21.98,2783.25,0.09,19.63,33.12,65.48
2026-09-04T21:57:00+00:00,14.06,14.72,3017.86,0.0,19.63,33.2,62.54
2026-09-04T21:58:00+00:00,15.81,20.77,2944.06,1.16,19.63,34.67,64.01
2026-09-04T21:59:00+00:00,22.23,28.06,3125.23,0.0,19.63,32.0,71.64
2026-09-04T22:00:00+00:00,14.27,16.79,2801.31,0.0,19.63,33.44,66.96
2026-09-04T22:01:00+00:00,15.9,20.55,3024.26,0.0,20.24,32.5,60.73
2026-09-04T22:02:00+00:00,16.9,16.55,2990.27,0.0,20.17,34.14,63.71
2026-09-04T22:03:00+00:00,10.81,9.23,2784.22,0.0,19.66,33.59,65.43
2026-09-04T22:04:00+00:00,18.36,20.17,3020.55,0.0,19.63,31.82,72.27
2026-09-04T22:05:00+00:00,14.49,20.04,3011.61,0.0,19.75,33.78,64.15
2026-09-04T22:06:00+00:00,15.66,21.25,3045.9,1.0,19.63,34.18,64.8
2026-09-04T22:07:00+00:00,16.72,23.12,3185.08,0.0,20.19,33.87,62.93
2026-09-04T22:08:00+00:00,10.27,15.42,3074.8,0.0,21.01,31.35,74.09
2026-09-04T22:09:00+00:00,14.51,18.62,3058.42,0.62,19.63,33.31,64.73
2026-09-04T22:10:00+00:00,13.96,17.34,3021.25,0.0,20.98,32.8,66.33
2026-09-04T22:11:00+00:00,16.81,21.57,3141.62,0.0,20.06,32.32,65.15
2026-09-04T22:12:00+00:00,16.07,17.55,3003.58,0.0,20.52,32.06,70.51
2026-09-04T22:13:00+00:00,15.22,13.0,3126.0,0.0,19.63,33.9,69.61
2026-09-04T22:14:00+00:00,17.56,21.26,3078.02,0.0,19.63,32.46,74.01
2026-09-04T22:15:00+00:00,16.15,18.14,3083.68,0.0,20.36,33.93,68.98
2026-09-04T22:16:00+00:00,14.38,18.8,3076.94,0.0,19.78,34.93,57.46
2026-09-04T22:17:00+00:00,16.23,22.25,3036.95,0.11,19.63,33.69,62.43
2026-09-04T22:18:00+00:00,12.7,18.48,2805.9,0.0,20.39,34.49,62.03
2026-09-04T22:19:00+00:00,14.61,14.3,2853.96,0.0,20.61,34.3,63.52
2026-09-04T22:20:00+00:00,21.05,21.95,2990.68,0.4,19.63,33.35,66.27
2026-09-04T22:21:00+00:00,19.99,19.78,2802.69,0.0,20.11,31.84,67.35
2026-09-04T22:22:00+00:00,17.06,16.82,3079.93,0.0,19.63,32.58,69.76
2026-09-04T22:23:00+00:00,17.69,18.24,2959.12,0.0,20.33,33.04,67.6
2026-09-04T22:24:00+00:00,15.86,24.73,2985.6,0.0,19.63,33.18,69.8
2026-09-04T22:25:00+00:00,13.99,14.86,2966.53,0.0,19.63,32.7,70.79
2026-09-04T22:26:00+00:00,16.67,22.0,2728.99,0.0,19.79,32.85,70.23
2026-09-04T22:27:00+00:00,11.7,10.71,3046.56,0.15,20.72,32.33,66.93
2026-09-04T22:28:00+00:00,19.55,25.78,2846.25,0.0,20.14,33.78,62.05
2026-09-04T22:29:00+00:00,20.69,24.6,2821.69,0.88,20.36,32.09,67.17
2026-09-04T22:30:00+00:00,17.17,20.99,3024.59,0.0,19.63,33.23,64.18
2026-09-04T22:31:00+00:00,13.06,13.8,2808.03,0.23,19.63,32.82,68.73
2026-09-04T22:32:00+00:00,11.16,18.9,2906.81,1.23,20.1,34.12,68.22
2026-09-04T22:33:00+00:00,12.74,11.4,2785.67,0.0,19.63,33.14,67.16
2026-09-04T22:34:00+00:00,17.1,22.23,2883.11,0.86,19.63,34.6,61.15
2026-09-04T22:35:00+00:00,20.91,26.6,2949.54,0.5,19.63,31.89,75.08
2026-09-04T22:36:00+00:00,11.57,8.49,2900.87,1.9,20.06,32.91,71.12
2026-09-04T22:37:00+00:00,10.91,9.34,2853.79,0.0,19.68,32.59,67.9
2026-09-04T22:38:00+00:00,14.61,15.05,3044.3,0.0,19.63,33.52,67.05
2026-09-04T22:39:00+00:00,18.47,21.55,2886.8,0.0,19.63,33.4,66.44
2026-09-04T22:40:00+00:00,15.75,15.51,3187.7,0.0,19.63,32.71,61.11
2026-09-04T22:41:00+00:00,17.82,23.39,3078.16,0.0,19.85,32.7,60.74
2026-09-04T22:42:00+00:00,17.7,26.14,3056.01,1.02,20.91,35.44,54.05
2026-09-04T22:43:00+00:00,15.09,16.19,3031.72,0.0,19.63,32.99,64.16
2026-09-04T22:44:00+00:00,14.51,18.68,3049.54,0.0,20.28,33.7,65.56
2026-09-04T22:45:00+00:00,17.96,22.59,2899.04,0.0,19.63,31.45,69.16
2026-09-04T22:46:00+00:00,15.68,19.43,2741.76,0.0,19.63,33.17,66.99
2026-09-04T22:47:00+00:00,10.19,11.04,2899.46,0.0,20.68,32.26,78.2
2026-09-04T22:48:00+00:00,18.62,21.41,2787.05,0.0,19.63,32.7,70.06
2026-09-04T22:49:00+00:00,17.02,16.54,2738.96,0.0,19.63,32.83,66.62
2026-09-04T22:50:00+00:00,12.85,18.39,3156.88,0.0,19.63,34.56,63.74
2026-09-04T22:51:00+00:00,12.66,10.8,2783.13,0.19,19.63,32.79,69.43
2026-09-04T22:52:00+00:00,21.94,24.16,2692.82,0.13,19.77,32.19,64.9
2026-09-04T22:53:00+00:00,14.55,13.5,3048.36,0.94,19.63,33.22,63.54
2026-09-04T22:54:00+00:00,13.55,19.7,2830.64,0.0,19.63,33.17,65.08
2026-09-04T22:55:00+00:00,16.49,18.52,2650.68,0.1,19.63,32.73,58.98
2026-09-04T22:56:00+00:00,15.67,18.5,2899.95,0.0,20.32,31.61,69.68
2026-09-04T22:57:00+00:00,17.95,20.84,2939.05,0.0,20.3,33.47,67.29
2026-09-04T22:58:00+00:00,15.66,15.78,2937.1,1.36,20.0,31.42,73.37
2026-09-04T22:59:00+00:00,12.22,11.49,3042.56,0.0,19.63,31.89,72.43
2026-09-04T23:00:00+00:00,17.97,17.29,2702.7,0.0,19.68,32.97,65.69
2026-09-04T23:01:00+00:00,14.8,18.83,3021.49,0.0,19.74,32.07,72.12
2026-09-04T23:02:00+00:00,8.68,13.9,2649.34,0.0,19.63,33.14,65.67
2026-09-04T23:03:00+00:00,12.72,11.9,2963.54,0.0,20.06,34.3,62.29
2026-09-04T23:04:00+00:00,12.76,10.84,2788.84,0.0,19.63,33.91,63.2
2026-09-04T23:05:00+00:00,18.64,22.81,2902.32,0.0,19.63,32.47,71.24
2026-09-04T23:06:00+00:00,16.23,19.77,3054.65,0.0,20.66,31.9,72.16
2026-09-04T23:07:00+00:00,15.96,20.77,2896.53,0.27,20.33,32.5,62.34
2026-09-04T23:08:00+00:00,15.75,14.34,2882.35,0.0,19.99,32.0,67.27
2026-09-04T23:09:00+00:00,14.65,21.7,2708.89,0.0,19.63,33.06,62.48
2026-09-04T23:10:00+00:00,9.41,12.54,2972.87,0.45,19.63,32.01,68.62
2026-09-04T23:11:00+00:00,12.4,16.76,2855.7,0.0,20.23,33.38,65.62
2026-09-04T23:12:00+00:00,14.73,17.12,2663.54,0.98,19.63,33.31,61.15
2026-09-04T23:13:00+00:00,19.85,21.39,2993.99,0.46,19.63,32.63,67.35
2026-09-04T23:14:00+00:00,14.98,14.46,2490.41,0.58,20.19,33.35,65.21
2026-09-04T23:15:00+00:00,14.33,15.37,3015.4,0.0,19.63,33.38,63.49
2026-09-04T23:16:00+00:00,15.93,17.7,2956.85,0.0,19.63,31.7,69.68
2026-09-04T23:17:00+00:00,13.58,12.24,2714.88,0.24,19.95,34.08,65.07
2026-09-04T23:18:00+00:00,14.74,15.57,2646.42,0.0,20.3,31.78,67.02
2026-09-04T23:19:00+00:00,18.13,18.54,3030.99,0.0,20.16,33.39,70.28
2026-09-04T23:20:00+00:00,16.92,15.83,2914.09,0.0,19.86,32.98,64.87
2026-09-04T23:21:00+00:00,14.27,18.28,2773.35,0.0,20.54,33.99,61.22
2026-09-04T23:22:00+00:00,15.32,22.28,2966.82,0.0,20.23,31.71,68.68
2026-09-04T23:23:00+00:00,18.43,20.79,2634.47,0.0,19.63,33.69,65.85
2026-09-04T23:24:00+00:00,17.78,21.84,2872.36,0.01,19.63,32.65,70.81
2026-09-04T23:25:00+00:00,16.95,18.19,2811.07,0.0,19.63,32.48,61.97
2026-09-04T23:26:00+00:00,16.02,21.59,2744.73,0.04,19.63,35.06,56.82
2026-09-04T23:27:00+00:00,16.76,14.13,2665.14,0.0,20.5,32.49,63.31
2026-09-04T23:28:00+00:00,18.03,16.6,2920.53,0.0,19.63,32.75,67.6
2026-09-04T23:29:00+00:00,14.51,16.04,2618.67,0.0,20.3,31.23,65.59
2026-09-04T23:30:00+00:00,15.37,13.07,2820.6,0.0,21.04,32.64,64.37
2026-09-04T23:31:00+00:00,13.95,12.29,2740.28,0.0,20.32,33.72,61.5
2026-09-04T23:32:00+00:00,14.33,18.12,2738.01,0.0,20.16,32.74,68.52
2026-09-04T23:33:00+00:00,15.73,24.6,2683.53,0.0,19.63,31.65,74.4
2026-09-04T23:34:00+00:00,17.75,18.5,2873.46,0.0,19.63,33.43,63.74
2026-09-04T23:35:00+00:00,13.55,14.0,2864.89,0.0,21.1,33.25,63.94
2026-09-04T23:36:00+00:00,15.29,15.12,2860.97,0.0,20.79,33.14,67.78
2026-09-04T23:37:00+00:00,13.56,13.2,2861.42,0.0,19.63,31.63,71.58
2026-09-04T23:38:00+00:00,16.71,19.38,2814.88,0.71,20.96,32.57,71.16
2026-09-04T23:39:00+00:00,14.25,15.87,2919.46,0.0,19.66,31.5,68.65
2026-09-04T23:40:00+00:00,14.47,19.87,2681.51,0.19,20.62,32.51,69.28
2026-09-04T23:41:00+00:00,16.62,15.99,2989.23,0.27,20.29,33.91,65.76
2026-09-04T23:42:00+00:00,14.04,16.12,2751.67,0.0,19.63,34.06,61.56
2026-09-04T23:43:00+00:00,16.43,16.0,2821.06,0.0,20.49,31.15,73.88
2026-09-04T23:44:00+00:00,10.12,14.35,2728.12,0.0,19.84,32.87,59.72
2026-09-04T23:45:00+00:00,15.44,19.27,2802.64,0.0,19.63,32.88,63.45
2026-09-04T23:46:00+00:00,14.08,12.27,2561.38,0.0,19.63,34.14,70.07
2026-09-04T23:47:00+00:00,18.41,23.87,2711.29,0.0,20.77,32.32,67.54
2026-09-04T23:48:00+00:00,14.05,12.37,2464.42,0.0,19.63,33.15,72.45
2026-09-04T23:49:00+00:00,16.33,15.62,2719.91,0.0,20.95,33.73,68.31
2026-09-04T23:50:00+00:00,20.41,24.32,2513.15,0.0,19.63,31.95,71.39
2026-09-04T23:51:00+00:00,10.61,19.81,2897.75,0.58,20.28,33.46,67.69
2026-09-04T23:52:00+00:00,9.92,9.36,2959.6,0.55,19.81,32.93,65.02
2026-09-04T23:53:00+00:00,11.13,10.38,2681.52,0.0,19.63,32.43,68.52
2026-09-04T23:54:00+00:00,16.89,21.05,2957.62,0.0,19.76,32.94,67.15
2026-09-04T23:55:00+00:00,14.8,16.43,2650.71,0.0,20.96,31.8,73.34
2026-09-04T23:56:00+00:00,9.56,13.22,2723.52,0.0,19.63,32.63,66.71
2026-09-04T23:57:00+00:00,18.03,20.12,2687.65,0.71,19.63,34.23,61.79
2026-09-04T23:58:00+00:00,15.89,19.85,2503.38,0.71,20.46,32.86,61.01
2026-09-04T23:59:00+00:00,14.22,17.67,2743.3,0.09,19.73,31.96,71.78
2026-09-05T00:00:00+00:00,16.45,15.69,2776.53,0.0,20.56,32.47,69.98
2026-09-05T00:01:00+00:00,11.97,13.38,2466.07,0.0,19.63,31.9,70.49
2026-09-05T00:02:00+00:00,19.37,18.24,2510.92,0.0,19.92,32.15,68.26
2026-09-05T00:03:00+00:00,14.75,17.13,2588.61,0.0,19.63,33.08,66.98
2026-09-05T00:04:00+00:00,20.02,18.89,2617.58,0.0,20.66,33.12,60.5
2026-09-05T00:05:00+00:00,16.8,22.32,2892.42,0.0,19.63,30.96,72.18
2026-09-05T00:06:00+00:00,8.0,7.53,2867.31,0.0,20.52,33.24,67.15
2026-09-05T00:07:00+00:00,18.95,18.07,2520.04,0.2,21.02,33.9,64.35
2026-09-05T00:08:00+00:00,17.14,18.16,2690.05,0.0,20.19,31.93,69.51
2026-09-05T00:09:00+00:00,11.14,11.85,2831.77,0.2,20.37,33.75,66.29
2026-09-05T00:10:00+00:00,8.0,12.48,2624.79,0.0,21.05,31.57,68.44
2026-09-05T00:11:00+00:00,17.83,17.52,2818.88,0.0,19.85,33.59,67.39
2026-09-05T00:12:00+00:00,13.23,14.88,2632.05,0.0,19.63,32.16,64.31
2026-09-05T00:13:00+00:00,9.21,7.51,2564.89,0.0,21.06,34.12,64.01
2026-09-05T00:14:00+00:00,21.8,25.73,2714.41,0.0,19.63,33.84,64.46
2026-09-05T00:15:00+00:00,11.89,11.98,2811.83,0.0,19.63,33.33,65.71
2026-09-05T00:16:00+00:00,19.85,25.0,2859.2,0.0,20.71,32.68,69.26
2026-09-05T00:17:00+00:00,15.74,18.88,2715.46,0.0,19.96,32.39,70.35
2026-09-05T00:18:00+00:00,19.98,22.22,2554.33,0.77,21.09,33.42,67.95
2026-09-05T00:19:00+00:00,15.47,16.61,2481.29,0.0,19.63,32.51,64.18
2026-09-05T00:20:00+00:00,23.35,22.35,2632.03,0.0,21.09,33.87,59.41
2026-09-05T00:21:00+00:00,21.62,23.08,2460.3,0.0,21.07,32.29,72.89
2026-09-05T00:22:00+00:00,14.87,15.89,2685.19,1.07,19.63,31.62,73.2
2026-09-05T00:23:00+00:00,12.02,12.35,2729.05,0.0,19.9,31.98,69.62
2026-09-05T00:24:00+00:00,24.28,24.54,2719.7,0.0,19.98,34.66,56.93
2026-09-05T00:25:00+00:00,8.0,9.37,2567.09,0.0,20.21,32.79,68.24
2026-09-05T00:26:00+00:00,8.0,14.4,2704.43,0.55,19.63,31.65,66.72
2026-09-05T00:27:00+00:00,19.52,26.11,2650.22,0.77,19.63,33.32,73.8
2026-09-05T00:28:00+00:00,15.95,15.74,2627.73,0.0,19.63,33.65,60.98
2026-09-05T00:29:00+00:00,17.66,20.13,2854.61,1.28,19.63,33.04,67.53
2026-09-05T00:30:00+00:00,15.63,18.99,2485.52,0.0,19.63,33.02,65.72
2026-09-05T00:31:00+00:00,15.57,14.93,2281.52,0.0,19.63,32.75,68.77
2026-09-05T00:32:00+00:00,17.98,20.35,2704.68,0.46,19.63,31.53,71.2
2026-09-05T00:33:00+00:00,10.63,10.46,2324.44,0.0,20.39,31.96,68.24
2026-09-05T00:34:00+00:00,13.59,14.31,2956.06,0.0,20.76,32.95,65.1
2026-09-05T00:35:00+00:00,16.83,17.17,2878.69,0.66,19.63,33.51,60.91
2026-09-05T00:36:00+00:00,8.0,7.5,2685.58,0.0,20.18,31.26,68.63
2026-09-05T00:37:00+00:00,16.58,21.66,2523.54,0.0,20.2,31.85,65.82
2026-09-05T00:38:00+00:00,11.3,16.15,2550.36,0.46,20.92,32.65,64.49
2026-09-05T00:39:00+00:00,13.45,15.65,2621.89,0.0,19.63,32.32,67.32
2026-09-05T00:40:00+00:00,22.05,22.97,2562.85,0.0,20.08,31.66,68.49
2026-09-05T00:41:00+00:00,15.82,17.88,2679.7,0.0,20.47,33.97,62.53
2026-09-05T00:42:00+00:00,22.95,22.1,2612.19,0.0,19.63,33.09,58.7
2026-09-05T00:43:00+00:00,13.52,14.7,2658.53,0.87,19.79,32.89,65.39
2026-09-05T00:44:00+00:00,10.83,14.27,2777.56,0.0,19.63,31.74,68.5
2026-09-05T00:45:00+00:00,18.26,21.51,2988.87,0.0,19.63,31.28,72.83
2026-09-05T00:46:00+00:00,8.0,8.14,2760.58,0.6,19.63,34.13,63.4
2026-09-05T00:47:00+00:00,20.51,17.31,2461.18,0.0,20.46,33.68,61.41
2026-09-05T00:48:00+00:00,11.15,14.87,2475.73,0.0,20.73,33.46,64.65
2026-09-05T00:49:00+00:00,8.0,7.5,2771.95,0.0,20.16,34.02,60.02
2026-09-05T00:50:00+00:00,23.48,27.36,2678.68,0.0,20.09,31.73,66.01
2026-09-05T00:51:00+00:00,10.86,11.85,2910.46,0.0,20.91,34.25,67.6
2026-09-05T00:52:00+00:00,9.29,10.16,2592.85,0.0,20.58,32.45,67.55
2026-09-05T00:53:00+00:00,14.57,15.01,2531.09,0.0,19.73,32.56,66.88
2026-09-05T00:54:00+00:00,14.42,19.09,2707.58,0.0,19.63,32.62,66.12
2026-09-05T00:55:00+00:00,8.8,7.8,2811.17,0.24,20.48,31.89,70.81
2026-09-05T00:56:00+00:00,9.87,17.97,2849.53,0.0,19.77,33.33,64.29
2026-09-05T00:57:00+00:00,17.78,20.91,2850.37,0.0,19.63,31.6,73.8
2026-09-05T00:58:00+00:00,8.0,7.5,2572.9,0.0,19.79,30.86,68.3
2026-09-05T00:59:00+00:00,15.57,17.06,2665.13,0.0,20.22,32.22,71.15
2026-09-05T01:00:00+00:00,22.13,30.35,2491.87,0.0,20.94,32.97,67.55
2026-09-05T01:01:00+00:00,8.0,8.3,2561.58,0.0,19.63,32.73,70.88
2026-09-05T01:02:00+00:00,21.63,26.58,2658.21,0.12,20.36,33.08,65.1
2026-09-05T01:03:00+00:00,20.93,25.67,2857.5,0.0,19.92,34.33,63.12
2026-09-05T01:04:00+00:00,14.15,17.67,2597.12,0.0,19.63,31.12,72.11
2026-09-05T01:05:00+00:00,21.74,23.28,2855.48,0.0,20.15,31.08,73.96
2026-09-05T01:06:00+00:00,10.04,8.18,2511.11,0.0,19.8,34.24,60.75
2026-09-05T01:07:00+00:00,21.57,23.96,2420.16,0.0,19.63,31.44,67.67
2026-09-05T01:08:00+00:00,15.43,18.23,2626.74,0.69,20.58,33.8,63.42
2026-09-05T01:09:00+00:00,27.29,32.56,2834.84,0.0,19.63,33.63,65.06
2026-09-05T01:10:00+00:00,13.58,7.98,2786.87,0.0,19.63,33.72,64.67
2026-09-05T01:11:00+00:00,13.88,13.71,2575.43,0.0,19.9,31.8,72.25
2026-09-05T01:12:00+00:00,15.25,18.77,2511.59,0.0,20.33,32.8,68.21
2026-09-05T01:13:00+00:00,11.51,18.25,2348.25,0.4,20.01,33.36,70.16
2026-09-05T01:14:00+00:00,21.41,23.6,2604.07,0.0,20.38,32.95,69.58
2026-09-05T01:15:00+00:00,25.34,28.16,2554.23,0.0,19.63,31.89,68.77
2026-09-05T01:16:00+00:00,9.31,14.68,2728.71,0.0,20.66,34.39,63.42
2026-09-05T01:17:00+00:00,8.0,10.72,2505.76,0.87,19.63,34.02,61.79
2026-09-05T01:18:00+00:00,20.66,26.18,2593.08,0.0,19.63,33.64,63.83
2026-09-05T01:19:00+00:00,9.67,14.96,2590.08,0.25,21.06,32.0,71.59
2026-09-05T01:20:00+00:00,16.83,19.74,2673.79,0.0,19.63,32.14,69.94
2026-09-05T01:21:00+00:00,14.85,19.81,2902.98,0.0,20.16,32.53,69.23
2026-09-05T01:22:00+00:00,16.99,18.45,2853.86,0.2,21.05,32.28,67.32
2026-09-05T01:23:00+00:00,12.22,18.57,2575.47,0.0,19.63,31.87,67.61
2026-09-05T01:24:00+00:00,8.0,13.65,2445.28,0.39,19.63,34.83,60.61
2026-09-05T01:25:00+00:00,20.06,25.92,2688.99,0.37,19.63,32.21,66.87
2026-09-05T01:26:00+00:00,19.91,21.87,2854.29,0.0,19.63,32.51,68.93
2026-09-05T01:27:00+00:00,23.73,23.98,2531.73,0.49,19.63,32.21,68.73
2026-09-05T01:28:00+00:00,28.96,32.04,2811.27,0.0,20.41,33.26,60.81
2026-09-05T01:29:00+00:00,14.67,20.33,2719.3,1.09,19.63,33.38,61.49
2026-09-05T01:30:00+00:00,14.88,15.49,2487.28,0.85,19.92,32.83,65.92
2026-09-05T01:31:00+00:00,8.55,10.24,2566.52,0.0,20.75,33.81,57.84
2026-09-05T01:32:00+00:00,20.71,24.01,2649.19,0.0,21.03,32.01,62.11
2026-09-05T01:33:00+00:00,23.58,30.72,2751.31,0.0,20.09,34.26,61.41
2026-09-05T01:34:00+00:00,12.77,18.54,2592.56,0.0,19.63,33.52,64.35
2026-09-05T01:35:00+00:00,29.14,29.74,2581.27,0.0,20.32,31.36,70.85
2026-09-05T01:36:00+00:00,17.95,17.17,2945.47,0.28,19.77,33.47,60.67
2026-09-05T01:37:00+00:00,13.79,13.33,2776.59,1.28,19.63,32.86,64.23
2026-09-05T01:38:00+00:00,11.8,10.41,2673.26,0.0,19.63,32.7,62.21
2026-09-05T01:39:00+00:00,20.15,24.67,2792.4,0.0,19.63,31.93,71.83
2026-09-05T01:40:00+00:00,17.33,18.47,2443.23,0.0,20.41,33.76,62.51
2026-09-05T01:41:00+00:00,18.04,22.57,2834.24,0.0,20.89,33.56,60.11
2026-09-05T01:42:00+00:00,15.13,22.21,2619.92,0.0,20.45,32.04,68.91
2026-09-05T01:43:00+00:00,8.0,11.62,2757.44,0.0,19.63,35.09,61.9
2026-09-05T01:44:00+00:00,13.58,18.64,2398.82,0.96,19.89,33.23,66.88
2026-09-05T01:45:00+00:00,20.04,24.58,2664.42,1.26,20.93,32.89,65.78
2026-09-05T01:46:00+00:00,8.0,9.6,2460.0,0.76,19.63,33.37,68.96
2026-09-05T01:47:00+00:00,19.33,23.31,2393.66,0.47,20.0,32.27,69.21
2026-09-05T01:48:00+00:00,19.85,20.55,2570.24,0.0,20.81,32.87,60.17
2026-09-05T01:49:00+00:00,15.82,16.56,2703.64,0.0,20.49,33.02,63.67
2026-09-05T01:50:00+00:00,28.66,34.12,2699.7,0.0,20.99,32.18,68.74
2026-09-05T01:51:00+00:00,14.11,15.62,2587.56,0.0,20.62,31.67,70.5
2026-09-05T01:52:00+00:00,18.6,18.25,2808.04,0.0,19.86,34.54,65.59
2026-09-05T01:53:00+00:00,19.41,19.61,2420.09,0.03,20.05,32.06,69.76
2026-09-05T01:54:00+00:00,8.0,11.56,2361.31,0.0,20.99,33.05,71.02
2026-09-05T01:55:00+00:00,21.86,20.26,2598.56,0.0,19.63,32.73,64.51
2026-09-05T01:56:00+00:00,18.14,20.22,2554.36,0.62,19.63,31.14,69.17
2026-09-05T01:57:00+00:00,8.0,8.92,2758.34,0.0,19.63,31.78,71.26
2026-09-05T01:58:00+00:00,13.86,14.3,2574.67,0.0,20.07,34.5,64.24
2026-09-05T01:59:00+00:00,13.49,18.33,2566.66,0.0,19.9,32.77,66.64
2026-09-05T02:00:00+00:00,18.22,21.47,2633.54,0.0,19.71,33.91,65.29
2026-09-05T02:01:00+00:00,16.79,21.04,2741.28,1.06,19.63,32.17,69.93
2026-09-05T02:02:00+00:00,11.47,18.68,2669.75,0.62,21.01,31.53,70.79
2026-09-05T02:03:00+00:00,16.63,15.43,2538.58,0.0,20.32,33.52,56.63
2026-09-05T02:04:00+00:00,8.0,8.43,2591.62,1.07,21.07,33.2,66.13
2026-09-05T02:05:00+00:00,15.31,16.19,2780.88,0.07,20.45,32.14,72.71
2026-09-05T02:06:00+00:00,30.04,29.52,2507.09,0.0,20.33,33.18,61.28
2026-09-05T02:07:00+00:00,9.84,8.56,2497.14,0.37,20.24,32.63,64.74
2026-09-05T02:08:00+00:00,13.39,16.66,2713.12,0.0,19.84,32.85,66.71
2026-09-05T02:09:00+00:00,11.87,12.89,2624.53,0.0,19.63,32.59,70.29
2026-09-05T02:10:00+00:00,21.21,24.73,2730.57,0.0,20.07,32.36,64.95
2026-09-05T02:11:00+00:00,25.24,28.7,2532.13,0.0,20.43,34.17,58.58
2026-09-05T02:12:00+00:00,8.0,7.5,2744.51,0.0,20.48,34.08,59.22
2026-09-05T02:13:00+00:00,25.18,29.33,2697.1,0.0,19.63,31.95,69.54
2026-09-05T02:14:00+00:00,10.18,16.31,2647.64,0.28,20.64,34.27,58.2
2026-09-05T02:15:00+00:00,12.34,17.4,2642.44,0.43,19.65,32.14,69.1
2026-09-05T02:16:00+00:00,9.11,10.15,2530.08,0.0,19.63,31.88,67.46
2026-09-05T02:17:00+00:00,9.04,12.04,2705.26,0.0,19.63,34.07,65.31
2026-09-05T02:18:00+00:00,11.49,12.17,2230.5,0.0,19.89,31.7,74.39
2026-09-05T02:19:00+00:00,19.84,19.72,2862.07,0.12,20.28,31.63,67.14
2026-09-05T02:20:00+00:00,17.65,17.52,2329.01,0.6,21.0,32.82,67.88
2026-09-05T02:21:00+00:00,13.39,12.72,2728.16,0.0,19.63,33.04,66.07
2026-09-05T02:22:00+00:00,14.69,13.26,2648.48,0.0,20.78,34.12,61.3
2026-09-05T02:23:00+00:00,16.94,18.06,2471.0,0.0,20.84,33.68,68.31
2026-09-05T02:24:00+00:00,16.7,21.39,2813.88,0.0,19.63,35.86,62.38
2026-09-05T02:25:00+00:00,21.02,26.54,2836.6,0.0,19.63,32.49,65.41
2026-09-05T02:26:00+00:00,11.88,16.04,2503.58,0.0,19.91,33.99,68.79
2026-09-05T02:27:00+00:00,8.27,7.5,2468.87,0.0,19.63,32.69,67.42
2026-09-05T02:28:00+00:00,12.51,16.6,2745.61,0.0,20.23,32.18,64.77
2026-09-05T02:29:00+00:00,10.35,13.68,2690.42,0.47,19.63,33.28,63.24
2026-09-05T02:30:00+00:00,13.35,13.98,2539.12,0.0,19.63,33.57,66.17
2026-09-05T02:31:00+00:00,16.2,25.28,2711.16,0.0,19.63,32.76,64.15
2026-09-05T02:32:00+00:00,9.11,16.06,2794.04,0.0,19.63,34.26,68.23
2026-09-05T02:33:00+00:00,10.41,14.79,2723.89,0.0,19.63,34.69,66.73
2026-09-05T02:34:00+00:00,14.65,14.91,2781.38,0.0,19.84,33.92,64.97
2026-09-05T02:35:00+00:00,12.56,13.81,2641.07,0.0,20.58,33.37,68.98
2026-09-05T02:36:00+00:00,18.43,22.91,2721.52,0.0,21.09,33.07,66.89
2026-09-05T02:37:00+00:00,8.61,11.41,2661.28,0.67,19.63,32.41,69.44
2026-09-05T02:38:00+00:00,21.03,23.81,2694.2,0.26,19.63,32.84,68.33
2026-09-05T02:39:00+00:00,19.14,20.47,2635.44,0.0,19.63,32.38,69.2
2026-09-05T02:40:00+00:00,13.5,11.69,2453.76,0.0,20.39,32.11,68.83
2026-09-05T02:41:00+00:00,15.57,14.42,2735.1,0.0,20.18,31.21,70.89
2026-09-05T02:42:00+00:00,11.62,12.09,2722.23,0.0,19.63,33.34,67.22
2026-09-05T02:43:00+00:00,14.44,15.21,2549.64,0.0,19.63,33.33,63.99
2026-09-05T02:44:00+00:00,16.27,16.32,2511.69,0.0,20.66,34.21,64.58
2026-09-05T02:45:00+00:00,16.29,20.47,2902.44,0.0,19.89,33.1,65.74
2026-09-05T02:46:00+00:00,15.79,24.09,2723.76,0.0,20.58,32.82,64.26
2026-09-05T02:47:00+00:00,15.82,17.51,2695.83,0.16,19.63,33.21,62.75
2026-09-05T02:48:00+00:00,23.69,27.73,2655.02,1.06,20.27,31.97,66.49
2026-09-05T02:49:00+00:00,16.37,19.47,2728.55,0.0,19.63,33.69,58.92
2026-09-05T02:50:00+00:00,16.31,15.94,2908.08,0.0,19.63,32.36,68.36
2026-09-05T02:51:00+00:00,23.41,28.73,2448.19,0.35,20.34,32.76,64.19
2026-09-05T02:52:00+00:00,11.43,14.51,2615.37,0.0,20.02,32.82,61.98
2026-09-05T02:53:00+00:00,11.28,12.46,2442.84,1.05,19.63,34.12,61.68
2026-09-05T02:54:00+00:00,8.0,13.14,2774.72,0.0,19.63,31.98,65.53
2026-09-05T02:55:00+00:00,10.12,11.12,2534.54,0.0,19.63,32.82,64.83
2026-09-05T02:56:00+00:00,8.0,9.36,2777.11,0.27,20.15,33.99,61.43
2026-09-05T02:57:00+00:00,17.82,17.79,2680.0,0.0,19.63,33.88,59.15
2026-09-05T02:58:00+00:00,24.61,24.47,2780.57,0.0,19.71,34.1,55.67
2026-09-05T02:59:00+00:00,21.9,29.32,2686.01,0.0,19.63,32.6,59.81
2026-09-05T03:00:00+00:00,12.59,11.24,2509.61,0.0,19.9,31.73,69.73
2026-09-05T03:01:00+00:00,18.48,24.98,2621.22,0.0,19.93,32.93,69.88
2026-09-05T03:02:00+00:00,19.91,20.44,2654.46,0.4,20.81,33.01,68.24
2026-09-05T03:03:00+00:00,8.0,11.51,2431.63,0.0,19.63,33.24,65.1
2026-09-05T03:04:00+00:00,14.36,16.24,2616.59,0.0,19.63,33.67,64.75
2026-09-05T03:05:00+00:00,9.97,9.78,2639.13,1.77,20.48,31.84,70.82
2026-09-05T03:06:00+00:00,21.2,27.11,2367.78,0.0,19.94,33.45,59.22
2026-09-05T03:07:00+00:00,17.11,18.59,2661.71,0.0,20.63,29.83,72.57
2026-09-05T03:08:00+00:00,8.11,7.5,2536.53,0.05,19.63,32.94,66.12
2026-09-05T03:09:00+00:00,14.57,13.45,2568.19,0.0,19.63,32.83,66.08
2026-09-05T03:10:00+00:00,18.85,26.51,2360.34,0.44,19.63,33.95,66.0
2026-09-05T03:11:00+00:00,19.94,20.86,2750.18,0.0,19.63,33.22,61.43
2026-09-05T03:12:00+00:00,8.0,14.12,2358.46,0.0,19.63,33.25,70.27
2026-09-05T03:13:00+00:00,15.93,16.76,2736.6,0.0,19.83,30.42,72.13
2026-09-05T03:14:00+00:00,17.79,20.59,2530.79,0.0,19.63,33.01,61.86
2026-09-05T03:15:00+00:00,19.34,21.9,2649.69,0.0,19.63,32.52,70.38
2026-09-05T03:16:00+00:00,14.29,15.94,2559.3,0.0,19.63,34.22,66.83
2026-09-05T03:17:00+00:00,8.0,8.63,2458.47,0.0,20.96,34.86,62.02
2026-09-05T03:18:00+00:00,13.02,18.12,2833.89,0.0,19.63,33.77,60.25
2026-09-05T03:19:00+00:00,13.27,17.22,2588.03,0.56,20.52,34.44,59.57
2026-09-05T03:20:00+00:00,25.56,33.05,2769.01,0.39,19.63,33.63,63.52
2026-09-05T03:21:00+00:00,8.0,13.6,2621.12,0.0,21.09,31.2,72.44
2026-09-05T03:22:00+00:00,17.01,24.28,2665.22,0.0,19.63,32.51,63.9
2026-09-05T03:23:00+00:00,13.19,15.74,2647.15,0.0,19.63,32.89,69.48
2026-09-05T03:24:00+00:00,25.65,25.93,2642.06,0.0,19.63,32.82,67.68
2026-09-05T03:25:00+00:00,14.22,14.01,2356.22,0.0,20.92,33.31,65.16
2026-09-05T03:26:00+00:00,14.39,20.31,2655.5,0.0,21.12,32.85,67.02
2026-09-05T03:27:00+00:00,18.97,21.2,2848.28,0.0,19.63,32.48,68.25
2026-09-05T03:28:00+00:00,14.36,15.05,2399.05,0.53,20.39,33.51,66.36
2026-09-05T03:29:00+00:00,8.0,13.74,2575.53,0.55,20.57,32.47,68.85
2026-09-05T03:30:00+00:00,13.02,12.01,2708.27,1.11,20.23,33.73,65.53
2026-09-05T03:31:00+00:00,11.79,15.52,2503.91,0.38,20.57,33.93,65.87
2026-09-05T03:32:00+00:00,23.27,27.17,2616.89,0.0,19.63,34.19,57.21
2026-09-05T03:33:00+00:00,20.08,23.0,2718.75,0.0,19.63,33.49,59.42
2026-09-05T03:34:00+00:00,19.12,25.1,2520.74,0.0,19.63,33.02,61.64
2026-09-05T03:35:00+00:00,14.85,18.09,2653.77,0.0,19.63,32.44,69.6
2026-09-05T03:36:00+00:00,13.81,14.92,2746.98,0.98,20.66,33.16,61.2
2026-09-05T03:37:00+00:00,12.36,18.76,2351.54,0.0,20.82,33.43,63.04
2026-09-05T03:38:00+00:00,15.66,18.79,2876.38,0.0,19.63,34.46,56.45
2026-09-05T03:39:00+00:00,14.69,17.32,2554.66,0.05,19.63,33.09,69.51
2026-09-05T03:40:00+00:00,14.5,16.72,2858.86,0.0,19.63,33.77,65.16
2026-09-05T03:41:00+00:00,13.42,16.42,2599.76,0.0,19.63,32.94,68.32
2026-09-05T03:42:00+00:00,16.28,22.39,2444.17,0.0,19.63,33.04,63.34
2026-09-05T03:43:00+00:00,13.42,13.53,2507.63,0.0,19.63,31.6,72.21
2026-09-05T03:44:00+00:00,15.03,17.72,2700.81,0.3,19.63,33.8,67.0
2026-09-05T03:45:00+00:00,14.37,19.22,2628.22,0.65,20.94,31.62,69.44
2026-09-05T03:46:00+00:00,24.23,23.14,2407.1,0.0,19.71,33.65,61.22
2026-09-05T03:47:00+00:00,22.05,25.31,2756.13,0.0,20.78,32.52,64.03
2026-09-05T03:48:00+00:00,14.1,16.92,2676.87,1.12,19.63,32.42,72.77
2026-09-05T03:49:00+00:00,12.32,16.25,2722.72,0.0,20.57,34.3,58.82
2026-09-05T03:50:00+00:00,16.54,18.41,2549.97,0.0,20.89,35.13,59.31
2026-09-05T03:51:00+00:00,17.09,27.92,2608.48,0.0,20.72,32.03,73.97
2026-09-05T03:52:00+00:00,21.08,30.52,2769.01,0.0,20.68,32.87,69.41
2026-09-05T03:53:00+00:00,20.75,21.35,2587.07,0.0,19.95,31.59,68.41
2026-09-05T03:54:00+00:00,15.84,15.06,2766.67,0.0,20.08,32.89,64.23
2026-09-05T03:55:00+00:00,22.06,28.02,2658.07,1.1,19.63,33.98,63.5
2026-09-05T03:56:00+00:00,18.12,26.65,2935.24,0.23,19.63,32.59,68.87
2026-09-05T03:57:00+00:00,10.08,10.92,2637.07,0.0,20.24,32.41,66.1
2026-09-05T03:58:00+00:00,19.0,23.15,2492.78,0.0,19.94,31.41,67.03
2026-09-05T03:59:00+00:00,10.56,10.46,2561.21,0.98,20.63,34.45,61.56
2026-09-05T04:00:00+00:00,14.31,16.85,2677.39,0.0,21.03,33.42,65.1
2026-09-05T04:01:00+00:00,16.48,18.77,2550.16,0.45,19.63,35.05,61.79
2026-09-05T04:02:00+00:00,16.91,20.46,2536.43,0.6,19.63,32.42,67.38
2026-09-05T04:03:00+00:00,13.46,18.72,2638.95,0.0,20.45,33.66,61.18
2026-09-05T04:04:00+00:00,16.35,15.51,2423.09,0.44,20.94,33.61,62.91
2026-09-05T04:05:00+00:00,21.72,24.21,2636.67,0.0,19.63,32.15,69.85
2026-09-05T04:06:00+00:00,14.71,20.45,2619.83,0.0,19.63,33.45,57.81
2026-09-05T04:07:00+00:00,9.98,10.96,2443.77,0.02,20.66,32.58,67.41
2026-09-05T04:08:00+00:00,15.88,14.76,2509.73,0.9,20.82,33.54,61.52
2026-09-05T04:09:00+00:00,8.84,10.23,2686.56,0.0,20.41,33.38,62.33
2026-09-05T04:10:00+00:00,14.72,22.38,2574.35,0.78,20.44,33.44,66.7
2026-09-05T04:11:00+00:00,11.69,14.39,2392.51,0.0,20.91,32.33,62.51
2026-09-05T04:12:00+00:00,20.29,17.37,2685.56,0.0,20.58,33.24,61.18
2026-09-05T04:13:00+00:00,15.58,17.46,2859.01,0.0,20.86,33.32,73.08
2026-09-05T04:14:00+00:00,22.39,22.85,2514.14,0.44,20.08,33.59,65.36
2026-09-05T04:15:00+00:00,18.27,24.62,2618.68,0.0,19.63,34.96,54.01
2026-09-05T04:16:00+00:00,12.59,19.65,2883.07,0.45,20.39,34.57,61.4
2026-09-05T04:17:00+00:00,9.21,9.2,2423.18,0.0,19.63,33.74,61.57
2026-09-05T04:18:00+00:00,17.38,16.81,2710.04,1.16,20.24,32.76,67.52
2026-09-05T04:19:00+00:00,13.29,17.96,2640.32,0.0,21.13,35.08,61.79
2026-09-05T04:20:00+00:00,18.46,22.32,2741.8,0.81,19.63,33.26,65.83
2026-09-05T04:21:00+00:00,12.45,12.28,2389.09,0.0,19.63,33.87,63.94
2026-09-05T04:22:00+00:00,15.53,16.34,2587.43,0.0,20.0,33.01,67.71
2026-09-05T04:23:00+00:00,14.79,16.02,2749.27,0.64,20.82,32.32,67.84
2026-09-05T04:24:00+00:00,21.62,22.83,2638.77,0.03,19.92,31.32,70.71
2026-09-05T04:25:00+00:00,12.99,8.67,2748.42,0.0,19.76,33.81,63.96
2026-09-05T04:26:00+00:00,20.52,23.84,2777.31,0.0,21.05,33.67,63.5
2026-09-05T04:27:00+00:00,11.79,12.11,2798.42,0.0,20.14,33.88,65.42
2026-09-05T04:28:00+00:00,15.98,18.65,2593.07,0.38,20.28,34.24,67.35
2026-09-05T04:29:00+00:00,19.6,23.77,2754.53,0.0,19.63,33.82,61.59
2026-09-05T04:30:00+00:00,9.97,11.32,2485.7,0.0,19.63,31.37,72.22
2026-09-05T04:31:00+00:00,20.19,22.74,2605.75,0.0,19.63,34.67,58.61
2026-09-05T04:32:00+00:00,17.55,20.1,2493.72,0.93,19.63,32.24,70.59
2026-09-05T04:33:00+00:00,17.19,22.27,2653.38,0.0,20.54,33.24,57.94
2026-09-05T04:34:00+00:00,14.86,15.41,2615.64,0.0,21.06,32.73,72.74
2026-09-05T04:35:00+00:00,16.57,19.35,2603.9,0.0,19.99,34.07,65.67
2026-09-05T04:36:00+00:00,17.7,19.15,2573.61,0.0,19.63,33.29,65.59
2026-09-05T04:37:00+00:00,13.42,12.13,2392.21,0.0,19.85,32.31,68.02
2026-09-05T04:38:00+00:00,11.66,11.59,2697.88,0.0,19.63,34.86,65.96
2026-09-05T04:39:00+00:00,13.92,13.27,2456.42,0.0,19.63,32.59,66.6
2026-09-05T04:40:00+00:00,14.74,17.82,2542.82,0.0,19.63,33.68,64.55
2026-09-05T04:41:00+00:00,15.21,13.77,2854.61,0.0,19.63,31.99,68.44
2026-09-05T04:42:00+00:00,14.36,15.38,2629.99,0.0,19.63,34.8,61.87
2026-09-05T04:43:00+00:00,13.17,11.88,2634.04,0.0,19.84,33.56,62.79
2026-09-05T04:44:00+00:00,8.0,9.13,2576.45,0.0,19.63,33.58,60.73
2026-09-05T04:45:00+00:00,22.5,21.45,2696.86,0.0,20.9,33.2,62.04
2026-09-05T04:46:00+00:00,16.62,17.61,2568.05,0.54,20.63,31.97,68.93
2026-09-05T04:47:00+00:00,14.14,19.47,2615.14,0.0,19.63,31.02,71.93
2026-09-05T04:48:00+00:00,14.98,19.48,2738.61,0.0,19.63,33.86,63.53
2026-09-05T04:49:00+00:00,17.35,19.23,2336.28,0.0,20.97,32.87,68.07
2026-09-05T04:50:00+00:00,8.0,17.13,2528.05,0.31,19.63,34.29,60.95
2026-09-05T04:51:00+00:00,12.67,14.57,2625.91,0.0,19.63,33.49,66.17
2026-09-05T04:52:00+00:00,12.73,11.2,2648.94,0.67,20.79,33.16,60.15
2026-09-05T04:53:00+00:00,16.85,24.68,2657.37,0.0,19.89,33.48,66.19
2026-09-05T04:54:00+00:00,10.62,10.01,2732.18,0.0,19.63,33.98,69.98
2026-09-05T04:55:00+00:00,19.11,28.09,2846.61,0.13,20.31,34.07,63.65
2026-09-05T04:56:00+00:00,10.09,11.53,2807.84,0.17,20.78,33.71,65.61
2026-09-05T04:57:00+00:00,11.83,12.79,2632.52,0.17,19.63,34.03,63.46
2026-09-05T04:58:00+00:00,14.01,10.97,2638.54,0.0,19.68,32.87,71.98
2026-09-05T04:59:00+00:00,19.08,18.37,2615.42,0.0,19.63,33.96,63.56
2026-09-05T05:00:00+00:00,18.66,15.92,2665.64,0.11,20.03,32.29,72.73
2026-09-05T05:01:00+00:00,16.34,14.02,2689.21,0.62,20.32,32.42,65.8
2026-09-05T05:02:00+00:00,17.13,20.85,2643.86,0.0,21.08,33.58,64.71
2026-09-05T05:03:00+00:00,16.0,14.5,2578.19,1.08,19.63,32.9,63.09
2026-09-05T05:04:00+00:00,20.42,18.49,2672.48,0.0,21.06,34.91,58.67
2026-09-05T05:05:00+00:00,17.36,16.06,2756.53,0.0,19.63,34.1,59.94
2026-09-05T05:06:00+00:00,12.6,15.57,2775.83,0.0,20.17,36.3,56.22
2026-09-05T05:07:00+00:00,15.04,14.87,2724.99,0.0,19.63,33.98,61.08
2026-09-05T05:08:00+00:00,10.64,9.26,2798.19,0.0,19.69,35.52,63.07
2026-09-05T05:09:00+00:00,12.03,16.32,2832.17,1.23,19.73,34.2,64.74
2026-09-05T05:10:00+00:00,18.6,24.02,2688.61,0.0,19.63,32.97,65.93
2026-09-05T05:11:00+00:00,15.88,13.37,2490.6,1.06,19.63,34.23,64.87
2026-09-05T05:12:00+00:00,23.65,31.04,2616.98,0.0,20.06,35.37,50.56
2026-09-05T05:13:00+00:00,15.86,13.55,2576.84,0.0,19.83,33.53,60.71
2026-09-05T05:14:00+00:00,16.34,15.17,2655.57,0.32,19.63,34.64,62.95
2026-09-05T05:15:00+00:00,14.52,19.12,2631.1,0.0,19.99,33.19,66.96
2026-09-05T05:16:00+00:00,17.63,19.57,2727.34,0.35,20.64,32.88,66.66
2026-09-05T05:17:00+00:00,13.46,14.74,2473.68,0.5,19.63,32.73,63.07
2026-09-05T05:18:00+00:00,9.68,12.42,2423.06,0.97,20.17,33.94,60.92
2026-09-05T05:19:00+00:00,20.37,20.94,2703.4,0.48,19.63,32.28,63.32
2026-09-05T05:20:00+00:00,10.35,11.83,2648.21,0.0,19.71,33.6,63.02
2026-09-05T05:21:00+00:00,15.66,22.89,2786.81,0.57,20.14,32.69,68.05
2026-09-05T05:22:00+00:00,12.11,16.21,2503.54,0.14,20.32,33.3,62.04
2026-09-05T05:23:00+00:00,10.79,13.46,2711.24,0.0,20.92,31.9,70.65
2026-09-05T05:24:00+00:00,15.46,18.08,2684.19,0.0,19.63,34.31,61.21
2026-09-05T05:25:00+00:00,13.18,20.55,2753.45,0.0,19.63,32.71,70.32
2026-09-05T05:26:00+00:00,17.1,18.68,2578.91,0.31,19.63,34.49,60.83
2026-09-05T05:27:00+00:00,18.2,22.0,2577.44,0.0,19.63,35.02,63.29
2026-09-05T05:28:00+00:00,17.33,14.29,2750.46,0.0,19.63,33.65,63.56
2026-09-05T05:29:00+00:00,13.36,19.14,2834.84,0.0,19.63,34.35,61.5
2026-09-05T05:30:00+00:00,12.32,13.32,2552.62,0.0,19.63,33.52,64.88
2026-09-05T05:31:00+00:00,14.35,17.35,2934.75,0.0,19.63,33.29,62.41
2026-09-05T05:32:00+00:00,8.0,10.62,2599.78,0.35,20.46,33.55,66.05
2026-09-05T05:33:00+00:00,20.03,25.28,2688.28,0.0,20.14,33.53,63.24
2026-09-05T05:34:00+00:00,17.81,19.34,2420.32,0.0,19.63,33.82,60.93
2026-09-05T05:35:00+00:00,16.18,19.79,2580.36,0.0,19.63,33.33,61.64
2026-09-05T05:36:00+00:00,14.39,16.53,2566.79,1.17,20.0,33.97,71.21
2026-09-05T05:37:00+00:00,16.52,19.53,2714.55,0.9,19.63,33.46,67.67
2026-09-05T05:38:00+00:00,12.44,14.64,2771.91,0.0,19.83,32.81,66.46
2026-09-05T05:39:00+00:00,17.66,20.49,2764.62,0.0,19.63,34.1,62.21
2026-09-05T05:40:00+00:00,17.23,27.75,2699.63,0.0,20.1,35.67,58.76
2026-09-05T05:41:00+00:00,16.69,16.24,2292.76,0.38,19.63,35.14,62.2
2026-09-05T05:42:00+00:00,15.08,22.43,2706.96,0.0,20.37,33.14,70.4
2026-09-05T05:43:00+00:00,15.49,19.23,2467.27,1.02,19.63,33.11,70.85
2026-09-05T05:44:00+00:00,14.75,21.48,2604.77,0.0,20.8,32.62,68.16
2026-09-05T05:45:00+00:00,9.38,16.08,2652.24,0.36,19.63,33.9,66.53
2026-09-05T05:46:00+00:00,18.23,17.93,2868.68,0.0,20.94,32.74,67.07
2026-09-05T05:47:00+00:00,11.62,12.06,2698.39,0.0,20.14,34.18,64.5
2026-09-05T05:48:00+00:00,11.44,12.54,2510.53,0.0,19.63,33.21,63.99
2026-09-05T05:49:00+00:00,12.38,11.41,2829.78,0.0,19.63,33.51,65.01
2026-09-05T05:50:00+00:00,8.54,7.5,2593.66,0.0,20.71,33.93,68.07
2026-09-05T05:51:00+00:00,13.91,15.75,2608.77,0.15,19.63,34.21,66.74
2026-09-05T05:52:00+00:00,18.87,21.23,2651.48,0.0,20.77,34.39,62.15
2026-09-05T05:53:00+00:00,11.7,9.19,2698.16,0.0,19.63,33.37,66.54
2026-09-05T05:54:00+00:00,16.4,18.96,2732.97,0.0,20.46,33.82,58.54
2026-09-05T05:55:00+00:00,17.41,19.14,2834.97,0.0,21.09,34.33,62.44
2026-09-05T05:56:00+00:00,18.56,20.68,2628.63,0.43,19.63,33.66,64.59
2026-09-05T05:57:00+00:00,17.52,25.14,2782.19,0.0,19.91,33.68,63.8
2026-09-05T05:58:00+00:00,16.77,20.69,2811.2,0.0,19.63,32.86,68.18
2026-09-05T05:59:00+00:00,12.25,15.13,2689.75,0.0,20.49,34.71,56.65
2026-09-05T06:00:00+00:00,17.95,24.97,2687.18,0.0,20.12,34.52,61.26
2026-09-05T06:01:00+00:00,17.17,20.21,2873.05,0.0,19.72,31.91,73.41
2026-09-05T06:02:00+00:00,11.46,13.49,2453.17,1.02,19.63,35.09,63.31
2026-09-05T06:03:00+00:00,20.13,18.82,2632.08,0.0,21.12,34.95,58.87
2026-09-05T06:04:00+00:00,19.42,22.33,2578.11,0.0,19.63,33.6,64.65
2026-09-05T06:05:00+00:00,19.6,18.39,2710.19,0.68,19.88,33.64,61.37
2026-09-05T06:06:00+00:00,13.65,18.0,2440.8,0.0,19.93,32.96,64.33
2026-09-05T06:07:00+00:00,15.71,14.51,2681.79,0.1,19.63,33.66,63.86
2026-09-05T06:08:00+00:00,15.44,13.09,2800.52,0.0,20.55,32.94,62.33
2026-09-05T06:09:00+00:00,17.57,20.22,2638.31,0.0,19.63,32.34,66.66
2026-09-05T06:10:00+00:00,17.59,23.55,2753.7,0.0,19.63,33.49,63.79
2026-09-05T06:11:00+00:00,16.1,17.74,2790.93,0.0,19.63,34.34,59.95
2026-09-05T06:12:00+00:00,14.58,13.05,2606.48,0.0,19.63,34.68,59.25
2026-09-05T06:13:00+00:00,16.42,18.96,2704.4,0.18,19.63,34.36,65.65
2026-09-05T06:14:00+00:00,18.52,24.23,2802.2,0.6,20.39,32.88,67.29
2026-09-05T06:15:00+00:00,14.78,15.64,2740.91,0.0,19.63,34.46,63.65
2026-09-05T06:16:00+00:00,16.87,18.48,2873.64,0.57,19.63,33.18,68.19
2026-09-05T06:17:00+00:00,15.49,24.29,2936.32,0.0,20.48,34.6,64.97
2026-09-05T06:18:00+00:00,12.17,12.04,2638.12,0.15,21.02,36.19,58.74
2026-09-05T06:19:00+00:00,16.53,17.73,2728.88,0.0,19.63,35.04,64.75
2026-09-05T06:20:00+00:00,21.94,24.43,2733.41,0.0,20.14,33.52,64.16
2026-09-05T06:21:00+00:00,13.56,20.81,2773.51,0.03,20.58,32.98,70.89
2026-09-05T06:22:00+00:00,12.61,14.66,2791.2,0.0,20.56,34.39,57.95
2026-09-05T06:23:00+00:00,14.54,11.81,2598.54,0.0,19.63,32.81,70.27
2026-09-05T06:24:00+00:00,19.69,23.57,2680.45,0.0,20.4,34.44,60.96
2026-09-05T06:25:00+00:00,15.79,21.99,2586.33,0.0,19.63,31.89,70.78
2026-09-05T06:26:00+00:00,12.91,17.87,2790.07,0.0,20.18,33.57,64.84
2026-09-05T06:27:00+00:00,21.82,24.46,2699.71,0.54,19.63,33.73,62.49
2026-09-05T06:28:00+00:00,15.96,17.52,2882.43,0.0,19.63,34.98,63.97
2026-09-05T06:29:00+00:00,13.35,16.45,2899.75,0.78,19.63,35.29,59.73
2026-09-05T06:30:00+00:00,20.59,24.8,2712.92,0.27,20.02,34.47,61.68
2026-09-05T06:31:00+00:00,15.09,16.26,2868.78,0.0,20.32,33.81,59.52
2026-09-05T06:32:00+00:00,19.08,17.57,2566.31,0.0,19.92,34.24,68.17
2026-09-05T06:33:00+00:00,17.25,17.57,2823.46,0.0,20.66,34.38,66.66
2026-09-05T06:34:00+00:00,16.33,22.65,2747.55,0.0,19.63,34.6,57.48
2026-09-05T06:35:00+00:00,21.73,25.09,2838.57,1.17,19.99,35.78,58.04
2026-09-05T06:36:00+00:00,14.93,17.45,2816.79,0.5,20.63,34.34,59.97
2026-09-05T06:37:00+00:00,16.78,14.74,2898.09,0.36,20.25,35.16,63.49
2026-09-05T06:38:00+00:00,18.72,18.27,2727.9,0.26,19.63,33.52,68.25
2026-09-05T06:39:00+00:00,14.76,12.32,2651.17,0.0,20.37,34.48,61.43
2026-09-05T06:40:00+00:00,17.76,20.71,2832.2,0.0,21.07,32.27,63.7
2026-09-05T06:41:00+00:00,16.51,19.26,2641.23,0.0,19.63,33.14,66.05
2026-09-05T06:42:00+00:00,10.11,18.19,2530.92,0.0,19.63,33.26,68.09
2026-09-05T06:43:00+00:00,11.89,14.17,2805.08,0.0,20.66,34.12,63.55
2026-09-05T06:44:00+00:00,18.12,20.25,2808.08,0.0,19.63,33.97,62.2
2026-09-05T06:45:00+00:00,16.04,21.21,2800.78,0.0,19.63,33.66,63.36
2026-09-05T06:46:00+00:00,13.98,17.96,2814.65,0.0,20.79,33.89,62.55
2026-09-05T06:47:00+00:00,11.57,10.69,2705.99,0.0,19.63,33.18,67.05
2026-09-05T06:48:00+00:00,20.79,25.65,2768.66,0.0,19.63,34.72,67.73
2026-09-05T06:49:00+00:00,21.47,24.68,2694.39,0.0,20.23,33.45,69.41
2026-09-05T06:50:00+00:00,20.69,26.79,2826.28,0.0,19.63,34.56,59.75
2026-09-05T06:51:00+00:00,16.97,14.05,2702.27,0.31,20.63,35.45,59.48
2026-09-05T06:52:00+00:00,15.47,21.44,2913.56,0.91,21.07,33.98,61.28
2026-09-05T06:53:00+00:00,14.37,16.77,2880.68,0.31,21.08,33.93,70.71
2026-09-05T06:54:00+00:00,17.08,18.74,3047.21,0.0,19.98,34.53,63.15
2026-09-05T06:55:00+00:00,16.62,18.75,2778.64,0.0,19.63,34.74,61.01
2026-09-05T06:56:00+00:00,16.5,19.14,2818.8,0.0,20.7,34.91,61.34
2026-09-05T06:57:00+00:00,17.3,22.54,2967.39,0.0,19.63,33.95,61.89
2026-09-05T06:58:00+00:00,14.62,17.06,2735.29,0.96,20.42,34.49,62.29
2026-09-05T06:59:00+00:00,15.51,14.3,2781.49,0.0,19.8,34.39,61.5
2026-09-05T07:00:00+00:00,12.9,17.01,3066.96,0.0,19.63,35.01,56.42
2026-09-05T07:01:00+00:00,10.16,14.17,2989.62,0.0,19.94,33.12,63.45
2026-09-05T07:02:00+00:00,14.62,22.63,2744.5,0.0,20.31,33.85,68.16
2026-09-05T07:03:00+00:00,11.17,12.33,2886.62,1.21,19.63,33.33,63.84
2026-09-05T07:04:00+00:00,14.71,19.17,2859.89,0.0,19.63,35.82,58.73
2026-09-05T07:05:00+00:00,14.04,12.75,2724.72,0.0,19.63,34.85,61.95
2026-09-05T07:06:00+00:00,15.14,16.34,3024.05,0.0,20.19,33.26,61.1
2026-09-05T07:07:00+00:00,17.05,16.0,2768.92,0.0,20.29,32.79,67.77
2026-09-05T07:08:00+00:00,15.3,20.05,2674.52,0.02,19.63,34.72,61.05
2026-09-05T07:09:00+00:00,15.38,20.96,2781.2,0.04,20.06,34.61,62.17
2026-09-05T07:10:00+00:00,15.98,18.34,2785.02,0.0,20.77,34.36,60.78
2026-09-05T07:11:00+00:00,18.58,17.72,2958.13,0.0,19.63,33.64,65.72
2026-09-05T07:12:00+00:00,14.42,18.25,2949.58,0.0,19.63,33.67,60.06
2026-09-05T07:13:00+00:00,20.91,25.85,2949.06,0.0,19.63,33.89,65.29
2026-09-05T07:14:00+00:00,14.3,16.77,2774.89,0.0,19.63,35.29,57.35
2026-09-05T07:15:00+00:00,13.02,18.59,2783.67,0.4,19.92,33.75,66.19
2026-09-05T07:16:00+00:00,10.83,12.45,3065.15,0.0,19.63,35.19,63.93
2026-09-05T07:17:00+00:00,20.49,21.16,2794.94,0.0,19.63,34.85,67.37
2026-09-05T07:18:00+00:00,14.21,14.99,2874.24,0.65,20.57,34.19,60.29
2026-09-05T07:19:00+00:00,16.15,17.83,2945.62,0.0,19.63,33.53,66.59
2026-09-05T07:20:00+00:00,12.62,13.17,2868.59,0.0,19.63,35.48,60.3
2026-09-05T07:21:00+00:00,15.23,21.4,2781.84,0.0,19.63,34.6,58.26
2026-09-05T07:22:00+00:00,15.08,20.04,2993.31,0.35,19.8,32.85,64.26
2026-09-05T07:23:00+00:00,18.07,19.75,2690.7,0.0,20.29,32.95,73.59
2026-09-05T07:24:00+00:00,16.17,17.96,2851.73,0.0,19.63,32.8,64.94
2026-09-05T07:25:00+00:00,14.42,19.52,2908.31,0.0,19.92,32.6,68.79
2026-09-05T07:26:00+00:00,14.07,14.15,2808.22,0.04,19.63,33.73,65.14
2026-09-05T07:27:00+00:00,14.3,14.96,3185.42,0.0,19.63,35.26,59.66
2026-09-05T07:28:00+00:00,12.52,18.04,2667.1,0.0,20.3,34.48,62.11
2026-09-05T07:29:00+00:00,14.6,17.12,2820.92,0.0,19.63,33.79,61.7
2026-09-05T07:30:00+00:00,13.27,13.26,3011.0,0.0,19.65,34.24,58.59
2026-09-05T07:31:00+00:00,10.41,9.57,2896.94,0.0,20.7,34.67,60.57
2026-09-05T07:32:00+00:00,10.62,10.67,2923.9,0.0,20.68,34.85,62.01
2026-09-05T07:33:00+00:00,14.61,15.8,2999.82,0.0,19.63,35.15,55.66
2026-09-05T07:34:00+00:00,18.0,20.72,2757.02,0.0,19.63,35.44,62.34
2026-09-05T07:35:00+00:00,14.82,14.69,2835.08,0.92,19.63,36.32,62.87
2026-09-05T07:36:00+00:00,17.58,23.67,2859.83,0.0,20.51,33.72,59.42
2026-09-05T07:37:00+00:00,13.67,11.39,3142.53,0.0,19.63,34.42,59.02
2026-09-05T07:38:00+00:00,12.14,15.08,3082.02,0.0,19.63,36.74,54.72
2026-09-05T07:39:00+00:00,16.23,14.59,3041.66,0.0,20.96,34.7,61.87
2026-09-05T07:40:00+00:00,17.99,18.55,2785.44,0.41,19.63,35.13,63.62
2026-09-05T07:41:00+00:00,21.76,22.72,2725.33,0.0,19.63,36.24,53.77
2026-09-05T07:42:00+00:00,18.21,21.35,2927.05,0.0,20.97,34.26,63.42
2026-09-05T07:43:00+00:00,12.06,14.42,2847.79,0.0,19.63,34.56,54.72
2026-09-05T07:44:00+00:00,11.93,18.61,2539.35,0.61,19.63,33.75,65.37
2026-09-05T07:45:00+00:00,19.32,24.99,2893.61,0.0,20.87,34.03,62.48
2026-09-05T07:46:00+00:00,14.25,18.55,2950.67,0.0,20.11,34.35,64.74
2026-09-05T07:47:00+00:00,15.95,19.27,3139.4,0.0,19.91,34.78,66.27
2026-09-05T07:48:00+00:00,16.3,15.2,3041.09,0.0,20.2,34.78,62.09
2026-09-05T07:49:00+00:00,16.55,17.84,3077.23,0.03,20.71,36.75,51.01
2026-09-05T07:50:00+00:00,16.69,18.83,3119.26,0.0,19.79,33.18,67.45
2026-09-05T07:51:00+00:00,12.77,15.7,3032.26,0.0,20.26,36.07,60.09
2026-09-05T07:52:00+00:00,12.98,10.58,3128.91,0.14,20.75,35.73,59.56
2026-09-05T07:53:00+00:00,16.42,16.87,3264.32,0.24,20.44,35.87,58.39
2026-09-05T07:54:00+00:00,17.85,19.54,2858.33,0.36,20.62,34.9,56.38
2026-09-05T07:55:00+00:00,15.96,16.45,2768.17,0.11,20.5,36.39,59.62
2026-09-05T07:56:00+00:00,16.47,19.28,3044.82,0.0,20.95,35.19,63.29
2026-09-05T07:57:00+00:00,16.36,18.51,2936.38,0.0,20.76,33.78,65.51
2026-09-05T07:58:00+00:00,14.39,19.8,2984.81,0.0,20.76,34.82,58.99
2026-09-05T07:59:00+00:00,16.81,21.43,3106.56,1.21,21.22,35.88,59.07
2026-09-05T08:00:00+00:00,18.19,19.68,2890.86,0.79,20.92,34.81,59.93
2026-09-05T08:01:00+00:00,18.24,20.37,3141.97,0.0,21.11,34.25,59.8
2026-09-05T08:02:00+00:00,15.29,20.08,2985.94,0.0,20.82,35.05,57.75
2026-09-05T08:03:00+00:00,13.08,12.18,3038.15,0.0,20.51,35.19,63.56
2026-09-05T08:04:00+00:00,17.29,21.14,3153.81,0.0,20.21,35.07,57.46
2026-09-05T08:05:00+00:00,20.43,22.95,3111.33,0.0,22.35,35.81,60.34
2026-09-05T08:06:00+00:00,20.47,21.9,3014.35,0.0,22.04,35.52,53.36
2026-09-05T08:07:00+00:00,14.27,20.9,2873.5,0.0,21.48,32.95,67.64
2026-09-05T08:08:00+00:00,11.12,13.65,3216.94,0.0,22.32,33.14,70.52
2026-09-05T08:09:00+00:00,18.84,20.12,3126.38,0.0,22.42,34.86,64.17
2026-09-05T08:10:00+00:00,14.36,17.39,2859.94,0.0,20.17,36.04,59.19
2026-09-05T08:11:00+00:00,13.25,18.19,2975.18,0.11,23.19,35.09,63.78
2026-09-05T08:12:00+00:00,12.92,11.6,3201.1,0.0,21.09,34.24,61.2
2026-09-05T08:13:00+00:00,15.38,16.56,2922.02,0.3,20.87,36.53,54.4
2026-09-05T08:14:00+00:00,17.05,18.39,3175.79,0.0,22.75,34.18,64.31
2026-09-05T08:15:00+00:00,17.15,24.12,3112.2,0.0,23.66,33.51,62.85
2026-09-05T08:16:00+00:00,14.98,15.85,3199.8,0.0,22.83,33.8,65.44
2026-09-05T08:17:00+00:00,14.86,19.43,3166.24,0.0,23.54,36.04,59.23
2026-09-05T08:18:00+00:00,10.68,16.91,3167.57,0.0,19.77,34.96,60.37
2026-09-05T08:19:00+00:00,17.65,20.44,3354.79,0.0,23.54,35.33,57.06
2026-09-05T08:20:00+00:00,8.2,8.06,2944.98,0.0,20.78,33.81,60.67
2026-09-05T08:21:00+00:00,15.25,18.61,3264.16,0.0,19.84,36.13,61.53
2026-09-05T08:22:00+00:00,17.29,20.65,3094.68,0.91,19.73,35.03,56.65
2026-09-05T08:23:00+00:00,17.96,22.42,3311.99,0.02,20.11,33.78,60.15
2026-09-05T08:24:00+00:00,16.74,18.88,3146.52,0.0,19.63,34.14,63.09
2026-09-05T08:25:00+00:00,19.72,21.32,3424.27,0.0,23.72,35.33,65.01
2026-09-05T08:26:00+00:00,13.99,14.44,3231.51,0.13,24.88,33.46,67.47
2026-09-05T08:27:00+00:00,14.57,18.82,3150.74,0.37,20.04,36.41,61.1
2026-09-05T08:28:00+00:00,19.1,22.56,3347.27,0.85,20.25,36.5,53.97
2026-09-05T08:29:00+00:00,15.17,16.23,3207.14,0.0,19.93,34.73,58.0
2026-09-05T08:30:00+00:00,10.71,12.26,3212.88,0.0,20.91,35.65,60.71
2026-09-05T08:31:00+00:00,19.22,23.03,3227.58,0.8,25.59,35.42,59.06
2026-09-05T08:32:00+00:00,17.08,20.96,3129.76,0.0,21.07,34.52,62.56
2026-09-05T08:33:00+00:00,20.15,27.09,3136.51,0.0,24.41,35.97,60.41
2026-09-05T08:34:00+00:00,13.17,14.53,3183.71,0.0,20.28,36.57,57.84
2026-09-05T08:35:00+00:00,10.29,13.34,3326.23,0.0,19.83,35.84,61.94
2026-09-05T08:36:00+00:00,17.64,19.74,3310.15,0.66,27.86,36.57,53.81
2026-09-05T08:37:00+00:00,18.25,20.65,3036.05,0.0,26.41,34.78,65.28
2026-09-05T08:38:00+00:00,18.33,19.11,3446.25,0.0,19.74,36.05,59.46
2026-09-05T08:39:00+00:00,16.11,21.01,3407.28,0.0,19.68,34.81,59.81
2026-09-05T08:40:00+00:00,16.37,17.78,3161.25,0.0,27.67,33.65,63.99
2026-09-05T08:41:00+00:00,14.4,12.83,3283.38,0.0,20.51,34.96,65.03
2026-09-05T08:42:00+00:00,13.55,12.32,3038.15,0.0,26.11,35.67,57.63
2026-09-05T08:43:00+00:00,16.53,18.88,3525.91,0.0,20.91,34.71,60.53
2026-09-05T08:44:00+00:00,16.31,17.51,3094.53,0.39,25.7,35.03,55.55
2026-09-05T08:45:00+00:00,9.66,16.15,3252.61,0.0,20.16,33.66,64.15
2026-09-05T08:46:00+00:00,16.56,16.04,3112.56,0.0,19.74,34.83,60.91
2026-09-05T08:47:00+00:00,16.55,21.3,3292.25,0.0,20.73,35.08,61.66
2026-09-05T08:48:00+00:00,14.07,10.93,3275.35,0.0,29.22,35.63,58.68
2026-09-05T08:49:00+00:00,20.59,25.39,3389.62,0.92,20.85,35.96,59.62
2026-09-05T08:50:00+00:00,16.05,20.69,3092.43,0.0,20.14,35.8,55.28
2026-09-05T08:51:00+00:00,12.33,14.61,3349.0,0.0,20.37,35.71,50.13
2026-09-05T08:52:00+00:00,18.25,20.68,3146.7,0.0,20.51,35.85,61.26
2026-09-05T08:53:00+00:00,17.72,16.05,3440.95,0.0,20.46,36.94,55.97
2026-09-05T08:54:00+00:00,12.84,10.57,3332.1,0.0,20.1,36.17,60.13
2026-09-05T08:55:00+00:00,15.78,17.57,3446.41,0.0,20.32,35.6,56.06
2026-09-05T08:56:00+00:00,14.94,11.74,3341.95,0.0,20.7,35.54,62.67
2026-09-05T08:57:00+00:00,17.04,20.67,3288.6,0.0,29.77,34.61,60.76
2026-09-05T08:58:00+00:00,18.07,20.16,3531.54,0.0,20.92,36.27,56.24
2026-09-05T08:59:00+00:00,16.36,17.18,3426.71,1.18,19.7,35.5,57.0
2026-09-05T09:00:00+00:00,13.34,14.85,3155.24,0.0,29.4,34.8,60.27
2026-09-05T09:01:00+00:00,18.68,17.67,3168.79,0.0,19.67,35.79,53.76
2026-09-05T09:02:00+00:00,12.13,12.98,3433.02,0.0,19.86,35.79,58.06
2026-09-05T09:03:00+00:00,19.27,21.91,3715.42,0.0,28.75,33.25,66.9
2026-09-05T09:04:00+00:00,14.68,18.83,3194.79,0.0,20.82,36.06,56.12
2026-09-05T09:05:00+00:00,19.88,20.31,3159.56,0.0,21.03,35.46,57.19
2026-09-05T09:06:00+00:00,15.35,16.41,3283.46,0.0,19.73,34.52,59.09
2026-09-05T09:07:00+00:00,17.71,21.34,3298.32,0.0,20.15,36.55,59.48
2026-09-05T09:08:00+00:00,15.36,17.8,3328.53,0.0,30.65,34.33,61.41
2026-09-05T09:09:00+00:00,16.73,15.53,3646.61,0.56,21.06,34.03,67.45
2026-09-05T09:10:00+00:00,17.01,13.01,3505.93,0.7,20.82,36.33,56.39
2026-09-05T09:11:00+00:00,16.66,16.96,3595.73,0.0,28.98,35.01,66.31
2026-09-05T09:12:00+00:00,13.82,17.07,3386.19,0.76,31.73,35.26,60.07
2026-09-05T09:13:00+00:00,18.27,17.4,2968.89,0.0,31.03,35.23,60.92
2026-09-05T09:14:00+00:00,14.59,18.09,3334.16,0.0,31.1,37.13,59.39
2026-09-05T09:15:00+00:00,13.47,16.13,3318.6,0.0,29.25,36.26,56.11
2026-09-05T09:16:00+00:00,13.35,15.82,3340.33,1.6,19.79,35.92,61.59
2026-09-05T09:17:00+00:00,16.81,15.53,3373.77,0.0,20.8,35.24,66.58
2026-09-05T09:18:00+00:00,14.62,18.04,3655.77,0.0,19.97,34.49,60.76
2026-09-05T09:19:00+00:00,13.07,13.86,3313.58,0.0,36.89,36.0,55.61
2026-09-05T09:20:00+00:00,18.15,21.63,3429.28,0.0,34.16,35.2,58.08
2026-09-05T09:21:00+00:00,13.34,12.77,3369.5,0.33,37.1,35.37,60.31
2026-09-05T09:22:00+00:00,14.67,13.31,3405.15,1.21,20.85,35.14,63.71
2026-09-05T09:23:00+00:00,14.15,15.17,3408.83,0.0,19.72,36.53,53.13
2026-09-05T09:24:00+00:00,20.02,19.34,3094.04,0.0,19.91,35.72,62.86
2026-09-05T09:25:00+00:00,18.77,18.11,3653.33,0.0,20.84,34.92,64.84
2026-09-05T09:26:00+00:00,16.71,18.55,3638.16,0.0,20.62,35.08,57.54
2026-09-05T09:27:00+00:00,15.72,17.79,3622.74,1.38,19.87,34.44,59.84
2026-09-05T09:28:00+00:00,14.41,17.83,3501.75,0.0,36.32,35.65,57.45
2026-09-05T09:29:00+00:00,19.94,24.87,3364.23,0.0,20.6,36.66,59.19
2026-09-05T09:30:00+00:00,17.89,26.32,3559.98,0.0,20.44,35.82,53.86
2026-09-05T09:31:00+00:00,16.13,18.12,3462.07,0.0,20.24,35.09,68.08
2026-09-05T09:32:00+00:00,13.72,16.03,3644.25,0.0,36.08,35.13,58.57
2026-09-05T09:33:00+00:00,13.76,18.63,3359.7,0.0,36.21,35.81,58.78
2026-09-05T09:34:00+00:00,15.77,19.62,3284.39,0.0,20.03,36.05,59.72
2026-09-05T09:35:00+00:00,15.65,17.28,3585.54,0.0,41.41,36.93,57.49
2026-09-05T09:36:00+00:00,18.09,18.22,3510.81,0.0,32.8,35.57,60.59
2026-09-05T09:37:00+00:00,20.02,30.85,3455.87,0.0,36.59,36.01,64.28
2026-09-05T09:38:00+00:00,12.02,8.73,3432.54,0.28,19.85,34.3,65.19
2026-09-05T09:39:00+00:00,15.08,19.53,3708.48,0.86,40.05,36.7,57.53
2026-09-05T09:40:00+00:00,13.25,18.66,3477.36,0.08,20.92,36.0,57.89
2026-09-05T09:41:00+00:00,15.85,19.9,3345.37,0.0,20.73,35.46,57.74
2026-09-05T09:42:00+00:00,14.77,11.86,3701.14,0.0,43.11,36.13,53.32
2026-09-05T09:43:00+00:00,14.03,17.78,3550.62,0.69,20.7,36.93,56.06
2026-09-05T09:44:00+00:00,14.95,13.93,3462.31,0.0,19.88,37.1,53.33
2026-09-05T09:45:00+00:00,17.73,20.5,3550.28,0.0,37.38,36.85,57.17
2026-09-05T09:46:00+00:00,18.29,19.39,3348.67,0.0,40.75,35.75,62.37
2026-09-05T09:47:00+00:00,10.36,13.43,3648.78,0.0,20.77,36.76,60.35
2026-09-05T09:48:00+00:00,18.35,24.51,3400.92,0.0,35.11,36.37,55.73
2026-09-05T09:49:00+00:00,12.0,11.18,3499.33,0.0,36.77,36.11,65.18
2026-09-05T09:50:00+00:00,16.3,19.81,3366.25,0.0,40.17,35.38,58.23
2026-09-05T09:51:00+00:00,18.41,21.82,3669.91,0.0,20.34,36.54,57.08
2026-09-05T09:52:00+00:00,13.87,20.27,3369.81,0.0,45.73,36.32,59.59
2026-09-05T09:53:00+00:00,20.56,24.64,3445.1,0.0,36.09,36.12,57.61
2026-09-05T09:54:00+00:00,17.27,15.03,3213.46,0.0,39.31,36.39,54.11
2026-09-05T09:55:00+00:00,16.18,17.69,3363.49,0.0,20.85,35.5,58.67
2026-09-05T09:56:00+00:00,15.31,15.79,3366.82,0.0,20.12,36.97,56.51
2026-09-05T09:57:00+00:00,13.32,13.2,3474.44,0.0,43.15,36.26,59.91
2026-09-05T09:58:00+00:00,15.12,15.66,3519.41,0.72,21.07,36.48,59.35
2026-09-05T09:59:00+00:00,11.15,13.63,3613.71,0.15,19.85,37.17,52.47
2026-09-05T10:00:00+00:00,19.06,20.12,3588.94,0.0,19.67,37.63,48.15
2026-09-05T10:01:00+00:00,16.8,22.81,3314.09,0.88,47.98,36.69,62.17
2026-09-05T10:02:00+00:00,13.07,12.52,3510.85,0.0,19.72,35.89,59.53
2026-09-05T10:03:00+00:00,13.66,10.87,3387.25,0.0,20.07,36.8,54.73
2026-09-05T10:04:00+00:00,18.94,20.74,3591.17,0.0,41.31,35.27,58.07
2026-09-05T10:05:00+00:00,16.83,15.97,3637.85,0.0,41.66,36.24,56.56
2026-09-05T10:06:00+00:00,14.93,18.04,3551.05,0.0,20.57,37.73,58.53
2026-09-05T10:07:00+00:00,13.19,9.17,3325.88,0.0,42.26,35.17,59.53
2026-09-05T10:08:00+00:00,17.91,18.13,3746.7,0.0,21.01,35.42,59.94
2026-09-05T10:09:00+00:00,19.43,25.31,3444.8,0.0,20.37,34.39,64.29
2026-09-05T10:10:00+00:00,11.32,18.93,3850.81,0.0,19.85,36.67,58.51
2026-09-05T10:11:00+00:00,13.63,15.23,3418.26,0.0,20.41,37.47,51.97
2026-09-05T10:12:00+00:00,16.73,14.41,3575.81,0.0,37.36,34.87,67.39
2026-09-05T10:13:00+00:00,13.92,14.27,3477.19,0.0,41.98,36.66,56.64
2026-09-05T10:14:00+00:00,13.85,18.47,3554.4,0.0,20.05,34.65,60.06
2026-09-05T10:15:00+00:00,13.07,23.56,3202.46,0.76,20.84,35.62,59.73
2026-09-05T10:16:00+00:00,18.87,23.25,3545.67,0.0,39.43,35.33,60.89
2026-09-05T10:17:00+00:00,15.72,17.5,3703.93,0.0,45.23,34.27,62.06
2026-09-05T10:18:00+00:00,14.12,13.17,3361.25,0.0,20.95,35.25,59.9
2026-09-05T10:19:00+00:00,13.12,15.01,3713.57,0.47,20.34,35.55,56.32
2026-09-05T10:20:00+00:00,11.59,12.85,3384.12,0.0,20.35,36.47,61.4
2026-09-05T10:21:00+00:00,13.93,15.95,3436.89,0.64,19.75,34.58,64.99
2026-09-05T10:22:00+00:00,13.45,19.13,3539.61,0.94,47.58,36.03,58.72
2026-09-05T10:23:00+00:00,20.78,27.08,3456.64,0.0,51.52,36.15,62.27
2026-09-05T10:24:00+00:00,18.69,19.02,3367.74,0.93,38.98,35.96,56.49
2026-09-05T10:25:00+00:00,16.69,18.1,3578.78,0.0,20.05,36.13,57.21
2026-09-05T10:26:00+00:00,14.56,15.17,3255.15,0.23,19.73,35.82,56.82
2026-09-05T10:27:00+00:00,15.91,22.12,3488.59,0.0,20.42,36.65,56.09
2026-09-05T10:28:00+00:00,17.26,17.72,3425.51,0.0,45.47,34.78,64.54
2026-09-05T10:29:00+00:00,16.61,19.51,3464.93,0.0,54.99,35.75,56.63
2026-09-05T10:30:00+00:00,14.9,15.18,3566.06,0.0,20.72,36.31,56.66
2026-09-05T10:31:00+00:00,10.11,13.79,3410.45,0.0,46.2,35.64,57.82
2026-09-05T10:32:00+00:00,12.1,11.32,3602.74,0.43,20.21,38.04,49.81
2026-09-05T10:33:00+00:00,18.61,20.34,3398.77,0.0,20.79,37.99,52.03
2026-09-05T10:34:00+00:00,13.09,19.04,3173.75,0.0,52.75,36.14,60.77
2026-09-05T10:35:00+00:00,15.75,17.36,3487.77,0.0,20.6,37.73,56.55
2026-09-05T10:36:00+00:00,16.32,14.42,3608.26,0.0,49.49,35.66,58.88
2026-09-05T10:37:00+00:00,11.97,11.65,3250.92,0.0,20.11,37.96,52.46
2026-09-05T10:38:00+00:00,15.86,12.97,3351.78,0.0,20.09,38.04,52.66
2026-09-05T10:39:00+00:00,17.21,23.15,3372.64,0.0,53.78,37.1,53.45
2026-09-05T10:40:00+00:00,14.53,15.2,3327.04,0.58,19.89,35.86,59.11
2026-09-05T10:41:00+00:00,14.88,18.54,3388.4,0.0,20.49,36.68,59.9
2026-09-05T10:42:00+00:00,14.63,16.03,3442.69,0.0,20.95,35.68,65.52
2026-09-05T10:43:00+00:00,11.6,15.22,3393.36,0.33,46.94,36.64,54.74
2026-09-05T10:44:00+00:00,17.37,19.59,3572.96,0.0,20.93,35.37,58.12
2026-09-05T10:45:00+00:00,19.55,22.13,3585.64,0.0,20.17,37.09,58.93
2026-09-05T10:46:00+00:00,13.94,18.0,3167.89,0.0,19.97,36.66,55.66
2026-09-05T10:47:00+00:00,16.57,19.81,3549.69,0.0,20.17,36.2,60.71
2026-09-05T10:48:00+00:00,16.15,17.11,3370.94,1.12,52.15,37.42,50.46
2026-09-05T10:49:00+00:00,17.36,16.55,3201.83,0.04,20.16,36.51,64.52
2026-09-05T10:50:00+00:00,13.45,14.4,3322.38,0.0,58.63,36.94,52.68
2026-09-05T10:51:00+00:00,12.57,15.62,3508.97,0.0,60.49,37.17,55.7
2026-09-05T10:52:00+00:00,20.92,22.04,3631.76,0.0,54.89,36.87,53.0
2026-09-05T10:53:00+00:00,13.9,22.05,3629.3,0.0,54.82,35.74,60.86
2026-09-05T10:54:00+00:00,15.25,18.92,3706.05,0.0,19.83,34.8,62.53
2026-09-05T10:55:00+00:00,13.41,16.7,3760.01,0.0,19.95,37.07,52.04
2026-09-05T10:56:00+00:00,13.79,12.54,3468.01,0.0,20.88,36.0,60.57
2026-09-05T10:57:00+00:00,14.85,16.68,3577.51,0.0,50.83,37.72,49.71
2026-09-05T10:58:00+00:00,11.77,16.47,3288.04,0.0,57.52,37.26,55.05
2026-09-05T10:59:00+00:00,15.54,19.66,3085.28,0.16,19.75,36.93,52.53
2026-09-05T11:00:00+00:00,14.41,16.36,3359.02,0.0,20.97,36.77,58.67
2026-09-05T11:01:00+00:00,11.58,11.45,3320.25,0.0,57.89,38.65,49.55
2026-09-05T11:02:00+00:00,15.63,15.24,3457.69,0.87,20.48,35.87,59.59
2026-09-05T11:03:00+00:00,17.03,19.82,3132.65,0.0,48.72,37.5,58.76
2026-09-05T11:04:00+00:00,14.74,18.72,3067.2,0.0,20.88,36.74,62.4
2026-09-05T11:05:00+00:00,15.07,16.62,3436.4,0.0,20.17,38.47,48.22
2026-09-05T11:06:00+00:00,17.42,22.33,3383.28,0.0,63.06,35.43,58.69
2026-09-05T11:07:00+00:00,10.64,12.45,3369.39,0.0,19.94,36.99,52.59
2026-09-05T11:08:00+00:00,21.06,26.52,3435.27,0.0,49.36,37.57,51.03
2026-09-05T11:09:00+00:00,16.79,15.12,3522.14,0.0,45.67,38.34,50.1
2026-09-05T11:10:00+00:00,12.41,13.59,3371.55,0.0,47.87,36.63,56.22
2026-09-05T11:11:00+00:00,14.45,20.69,3382.42,0.65,19.86,35.98,57.91
2026-09-05T11:12:00+00:00,11.0,17.64,3047.8,0.0,21.08,36.77,58.33
2026-09-05T11:13:00+00:00,16.41,17.44,3047.37,0.0,20.29,37.28,57.76
2026-09-05T11:14:00+00:00,13.11,14.72,3460.77,0.0,20.88,36.45,64.34
2026-09-05T11:15:00+00:00,14.74,23.56,3281.22,0.0,19.99,37.25,52.68
2026-09-05T11:16:00+00:00,15.1,15.95,3219.62,0.0,20.4,38.16,54.77
2026-09-05T11:17:00+00:00,15.37,20.04,3309.85,0.0,50.36,37.78,52.6
2026-09-05T11:18:00+00:00,17.39,20.42,3470.39,0.04,19.68,36.49,59.13
2026-09-05T11:19:00+00:00,17.2,20.6,3135.02,0.0,61.45,38.04,50.56
2026-09-05T11:20:00+00:00,13.94,13.55,3384.23,0.29,69.33,37.23,55.23
2026-09-05T11:21:00+00:00,17.63,21.6,3200.15,0.5,55.19,37.35,58.72
2026-09-05T11:22:00+00:00,13.93,18.68,3533.69,0.83,19.75,37.62,51.35
2026-09-05T11:23:00+00:00,12.09,13.17,3243.86,0.0,19.77,36.22,54.62
2026-09-05T11:24:00+00:00,9.73,16.76,3053.23,0.0,20.88,35.95,56.6
2026-09-05T11:25:00+00:00,18.31,23.98,3580.24,0.0,63.77,37.53,48.97
2026-09-05T11:26:00+00:00,10.84,13.32,3344.25,0.0,19.68,37.79,54.97
2026-09-05T11:27:00+00:00,15.02,14.45,3319.83,0.0,59.4,38.02,51.87
2026-09-05T11:28:00+00:00,12.72,14.3,3471.21,0.29,61.05,36.67,55.49
2026-09-05T11:29:00+00:00,20.02,18.05,2894.84,0.0,66.18,37.85,54.97
2026-09-05T11:30:00+00:00,15.76,18.81,2933.51,0.0,63.71,39.3,48.47
2026-09-05T11:31:00+00:00,17.18,19.08,3259.54,0.0,65.82,37.97,54.36
2026-09-05T11:32:00+00:00,22.46,27.36,3144.32,0.0,20.53,37.94,50.85
2026-09-05T11:33:00+00:00,12.94,14.8,3125.82,0.0,62.19,35.39,60.61
2026-09-05T11:34:00+00:00,9.64,13.63,3178.29,0.0,20.12,36.2,61.16
2026-09-05T11:35:00+00:00,17.08,17.67,3133.19,0.0,50.76,37.51,52.96
2026-09-05T11:36:00+00:00,12.42,14.25,2956.99,0.0,68.28,37.5,51.21
2026-09-05T11:37:00+00:00,16.2,18.12,3069.43,0.0,20.73,35.65,56.71
2026-09-05T11:38:00+00:00,10.1,11.64,3211.87,0.0,57.93,37.19,51.68
2026-09-05T11:39:00+00:00,13.55,18.24,3072.64,0.0,20.63,37.03,56.06
2026-09-05T11:40:00+00:00,19.27,23.29,3087.66,0.49,70.07,36.95,57.69
2026-09-05T11:41:00+00:00,11.03,12.09,3115.3,0.34,20.07,36.72,57.7
2026-09-05T11:42:00+00:00,17.48,25.52,3239.39,0.28,52.72,39.21,49.71
2026-09-05T11:43:00+00:00,10.24,9.39,2931.23,0.19,20.95,37.98,53.59
2026-09-05T11:44:00+00:00,15.83,22.16,3325.18,0.0,20.74,36.04,55.61
2026-09-05T11:45:00+00:00,14.89,17.74,2950.29,0.0,56.48,36.98,53.77
2026-09-05T11:46:00+00:00,13.38,15.96,3229.12,0.0,73.82,37.42,63.02
2026-09-05T11:47:00+00:00,15.03,16.2,3002.66,0.67,70.5,37.75,50.34
2026-09-05T11:48:00+00:00,15.87,18.47,2947.22,0.0,20.94,37.49,49.79
2026-09-05T11:49:00+00:00,18.4,16.07,3175.16,0.0,20.83,35.56,59.63
2026-09-05T11:50:00+00:00,13.9,17.18,3018.84,0.0,63.96,39.25,50.35
2026-09-05T11:51:00+00:00,15.48,15.43,3020.64,0.0,60.12,38.17,49.28
2026-09-05T11:52:00+00:00,12.69,22.94,2859.82,0.0,54.03,37.9,57.4
2026-09-05T11:53:00+00:00,12.57,13.49,3086.25,0.0,20.3,38.27,53.32
2026-09-05T11:54:00+00:00,13.64,17.83,3422.92,0.0,62.57,40.89,44.71
2026-09-05T11:55:00+00:00,18.96,20.08,2890.18,0.13,60.33,38.38,51.12
2026-09-05T11:56:00+00:00,17.31,20.32,2939.67,0.0,57.77,38.21,48.73
2026-09-05T11:57:00+00:00,15.08,19.65,2819.21,0.0,20.77,37.12,51.68
2026-09-05T11:58:00+00:00,14.94,18.68,2711.72,0.0,19.7,37.74,53.16
2026-09-05T11:59:00+00:00,13.47,17.99,2833.66,0.0,20.67,37.21,52.38
2026-09-05T12:00:00+00:00,13.93,17.56,3094.05,0.0,19.74,37.58,53.74
2026-09-05T12:01:00+00:00,13.19,14.68,3050.55,0.08,19.73,37.1,53.96
2026-09-05T12:02:00+00:00,13.08,11.08,3105.88,0.33,19.69,38.28,51.07
2026-09-05T12:03:00+00:00,15.04,18.42,3043.87,1.06,19.77,37.21,53.77
2026-09-05T12:04:00+00:00,11.42,12.08,3049.07,0.0,79.48,37.53,48.99
2026-09-05T12:05:00+00:00,12.51,16.48,3107.98,0.0,56.34,36.45,57.64
2026-09-05T12:06:00+00:00,18.16,19.95,3181.61,0.0,67.15,36.21,58.2
2026-09-05T12:07:00+00:00,15.47,16.16,3005.96,0.0,19.66,37.58,56.53
2026-09-05T12:08:00+00:00,12.83,14.66,2626.67,0.0,57.1,36.88,47.85
2026-09-05T12:09:00+00:00,13.92,13.95,3049.02,0.0,20.95,36.88,58.69
2026-09-05T12:10:00+00:00,12.55,13.26,2980.48,0.0,60.05,38.28,49.71
2026-09-05T12:11:00+00:00,15.58,18.64,3298.23,0.56,76.47,36.11,61.47
2026-09-05T12:12:00+00:00,16.12,20.7,3040.09,0.0,20.78,38.09,45.68
2026-09-05T12:13:00+00:00,19.73,21.94,2921.12,0.0,20.98,36.85,48.99
2026-09-05T12:14:00+00:00,13.94,18.54,3000.68,1.17,19.83,38.23,51.98
2026-09-05T12:15:00+00:00,11.7,14.64,2739.86,0.22,75.9,37.81,54.1
2026-09-05T12:16:00+00:00,16.1,16.69,2684.17,0.0,20.6,37.68,56.18
2026-09-05T12:17:00+00:00,19.54,20.58,2927.44,0.0,21.07,37.62,59.37
2026-09-05T12:18:00+00:00,13.53,18.55,2991.23,0.94,77.55,37.31,57.72
2026-09-05T12:19:00+00:00,16.43,21.9,2679.84,0.0,20.01,38.39,52.04
2026-09-05T12:20:00+00:00,14.67,19.6,3027.79,0.0,55.13,36.78,56.79
2026-09-05T12:21:00+00:00,13.01,19.15,3032.03,0.0,81.66,37.97,54.26
2026-09-05T12:22:00+00:00,15.62,17.07,3082.62,0.0,20.01,37.09,55.8
2026-09-05T12:23:00+00:00,15.12,19.44,2993.88,0.0,21.02,36.98,59.4
2026-09-05T12:24:00+00:00,16.43,21.99,2987.59,0.25,19.98,35.92,57.67
2026-09-05T12:25:00+00:00,14.13,20.72,2836.25,0.0,72.0,38.05,54.45
2026-09-05T12:26:00+00:00,13.47,18.18,2981.86,0.0,19.83,36.13,62.97
2026-09-05T12:27:00+00:00,13.69,17.75,3047.45,0.0,81.56,37.88,49.86
2026-09-05T12:28:00+00:00,16.81,15.1,2911.85,0.0,19.91,37.15,52.7
2026-09-05T12:29:00+00:00,14.99,18.59,2842.38,0.0,76.36,37.87,55.3
2026-09-05T12:30:00+00:00,16.85,22.13,2881.52,0.1,84.15,37.43,53.15
2026-09-05T12:31:00+00:00,15.48,18.5,2797.78,0.0,55.78,36.83,54.72
2026-09-05T12:32:00+00:00,15.02,15.68,2993.7,0.63,66.64,38.59,46.32
2026-09-05T12:33:00+00:00,15.89,19.21,2858.08,0.0,20.39,36.18,53.66
2026-09-05T12:34:00+00:00,14.48,15.15,2851.54,0.0,20.95,39.94,43.49
2026-09-05T12:35:00+00:00,16.44,19.04,2836.59,0.52,65.09,38.45,58.8
2026-09-05T12:36:00+00:00,12.75,15.64,2889.94,0.44,82.74,39.67,49.6
2026-09-05T12:37:00+00:00,11.41,10.59,2716.03,0.86,21.04,36.77,62.45
2026-09-05T12:38:00+00:00,16.05,16.65,2678.07,0.0,19.69,38.52,53.57
2026-09-05T12:39:00+00:00,18.22,22.11,2947.17,0.0,20.89,37.49,52.89
2026-09-05T12:40:00+00:00,12.58,16.05,2899.53,0.0,69.1,37.72,56.59
2026-09-05T12:41:00+00:00,17.99,22.1,2998.2,0.0,20.95,37.2,52.85
2026-09-05T12:42:00+00:00,15.49,18.55,2915.17,0.0,78.84,38.56,56.35
2026-09-05T12:43:00+00:00,12.08,17.96,2957.77,0.0,19.83,38.22,50.72
2026-09-05T12:44:00+00:00,21.1,18.53,2845.16,0.0,80.85,36.32,55.86
2026-09-05T12:45:00+00:00,15.42,16.06,3067.8,0.0,84.78,38.26,51.66
2026-09-05T12:46:00+00:00,13.78,17.1,2951.04,0.0,20.81,36.55,59.18
2026-09-05T12:47:00+00:00,15.51,15.2,2931.65,0.99,56.96,37.9,53.72
2026-09-05T12:48:00+00:00,12.26,8.61,2739.49,0.0,20.24,38.65,50.7
2026-09-05T12:49:00+00:00,10.48,8.47,2926.12,0.0,21.08,36.74,56.04
2026-09-05T12:50:00+00:00,15.42,21.35,3135.92,0.39,20.8,37.76,50.71
2026-09-05T12:51:00+00:00,14.82,19.64,2848.08,0.0,67.58,39.18,43.7
2026-09-05T12:52:00+00:00,17.55,21.61,2892.27,0.0,60.1,38.06,49.25
2026-09-05T12:53:00+00:00,21.57,22.32,2912.84,0.0,83.11,39.18,45.22
2026-09-05T12:54:00+00:00,13.26,10.96,2817.01,0.0,20.27,39.64,47.49
2026-09-05T12:55:00+00:00,17.4,23.32,2807.53,0.0,79.2,37.16,59.24
2026-09-05T12:56:00+00:00,8.0,9.43,2616.17,0.0,20.84,36.59,56.07
2026-09-05T12:57:00+00:00,13.41,15.0,2852.9,0.0,19.95,37.53,54.97
2026-09-05T12:58:00+00:00,12.93,14.7,2674.06,0.58,57.8,38.48,46.74
2026-09-05T12:59:00+00:00,13.1,18.74,2900.52,0.0,20.67,37.89,51.63
2026-09-05T13:00:00+00:00,14.85,15.37,2758.31,0.0,21.02,36.47,56.99
2026-09-05T13:01:00+00:00,15.39,18.94,2924.02,0.0,20.85,36.07,58.59
2026-09-05T13:02:00+00:00,15.01,12.24,2903.5,0.0,20.16,37.62,53.19
2026-09-05T13:03:00+00:00,11.5,7.63,2810.29,0.0,58.91,37.33,57.21
2026-09-05T13:04:00+00:00,14.49,22.9,2926.28,0.18,20.54,37.29,53.69
2026-09-05T13:05:00+00:00,13.73,20.8,2403.21,0.0,19.85,36.86,56.65
2026-09-05T13:06:00+00:00,15.32,16.14,2667.78,0.05,74.02,37.23,55.22
2026-09-05T13:07:00+00:00,9.97,12.6,3004.01,0.0,77.0,38.14,55.65
2026-09-05T13:08:00+00:00,12.53,13.19,2765.43,0.02,20.01,37.14,58.58
2026-09-05T13:09:00+00:00,12.09,16.7,2568.56,0.0,20.5,38.57,52.86
2026-09-05T13:10:00+00:00,14.53,13.59,2527.27,0.0,65.93,37.29,57.23
2026-09-05T13:11:00+00:00,16.37,20.67,2765.24,0.0,20.78,37.13,50.97
2026-09-05T13:12:00+00:00,14.47,16.86,2796.08,0.0,19.78,37.51,53.59
2026-09-05T13:13:00+00:00,11.65,13.48,2677.23,0.0,20.59,36.97,57.44
2026-09-05T13:14:00+00:00,14.08,17.55,2792.09,0.0,20.03,37.34,51.84
2026-09-05T13:15:00+00:00,14.75,18.12,3061.48,0.0,75.64,37.67,53.37
2026-09-05T13:16:00+00:00,14.11,14.01,3021.49,0.0,20.19,38.58,59.84
2026-09-05T13:17:00+00:00,16.13,19.99,2850.23,0.0,68.72,37.22,61.0
2026-09-05T13:18:00+00:00,16.85,21.81,2904.79,0.0,65.93,37.85,51.09
2026-09-05T13:19:00+00:00,15.14,15.29,2613.05,0.3,19.99,37.96,52.89
2026-09-05T13:20:00+00:00,15.67,20.71,2617.43,0.73,86.4,37.84,52.74
2026-09-05T13:21:00+00:00,13.27,16.03,2621.38,0.0,20.12,38.77,50.93
2026-09-05T13:22:00+00:00,13.55,16.85,2908.93,0.0,74.14,37.45,56.19
2026-09-05T13:23:00+00:00,16.6,21.33,2947.54,0.0,69.95,38.55,50.78
2026-09-05T13:24:00+00:00,12.75,14.13,2573.34,0.58,19.76,38.01,54.34
2026-09-05T13:25:00+00:00,10.67,9.71,2572.08,0.45,19.73,37.74,59.98
2026-09-05T13:26:00+00:00,15.73,18.09,2713.96,0.21,20.64,38.63,54.88
2026-09-05T13:27:00+00:00,12.82,19.94,2674.6,0.93,81.72,40.16,51.51
2026-09-05T13:28:00+00:00,13.02,21.0,2885.34,0.3,20.81,37.95,54.02
2026-09-05T13:29:00+00:00,18.79,22.45,2995.36,0.82,88.38,38.52,51.19
2026-09-05T13:30:00+00:00,16.87,24.9,2770.63,0.0,21.0,37.01,59.68
2026-09-05T13:31:00+00:00,12.24,13.34,2700.06,0.0,21.12,38.45,48.69
2026-09-05T13:32:00+00:00,10.74,13.67,2709.86,0.0,63.65,37.79,49.02
2026-09-05T13:33:00+00:00,16.98,20.79,2633.77,0.0,78.61,35.97,61.67
2026-09-05T13:34:00+00:00,16.79,17.45,2674.8,0.0,20.83,37.99,54.95
2026-09-05T13:35:00+00:00,14.27,16.9,2711.11,0.0,20.96,37.47,56.46
2026-09-05T13:36:00+00:00,16.04,20.38,2774.41,0.0,20.21,37.74,52.94
2026-09-05T13:37:00+00:00,10.81,13.49,2668.02,0.0,19.75,37.21,56.08
2026-09-05T13:38:00+00:00,16.51,20.6,2871.26,0.0,73.13,39.48,49.21
2026-09-05T13:39:00+00:00,14.55,16.0,2746.11,0.0,74.04,39.71,45.44
2026-09-05T13:40:00+00:00,13.57,10.35,2789.58,0.0,20.94,36.68,51.38
2026-09-05T13:41:00+00:00,12.64,20.73,2660.05,0.84,21.08,38.12,50.81
2026-09-05T13:42:00+00:00,13.58,17.94,2706.23,0.0,20.05,38.79,44.87
2026-09-05T13:43:00+00:00,13.51,19.14,2726.38,0.0,20.07,37.05,52.0
2026-09-05T13:44:00+00:00,15.41,16.26,2670.71,0.0,20.45,38.2,52.19
2026-09-05T13:45:00+00:00,17.25,21.16,2994.65,0.0,20.24,38.5,52.81
2026-09-05T13:46:00+00:00,21.7,22.41,2671.82,0.0,20.19,39.81,49.08
2026-09-05T13:47:00+00:00,14.83,19.13,2696.96,0.0,83.15,37.96,53.5
2026-09-05T13:48:00+00:00,16.52,21.64,2616.14,1.04,20.78,37.77,52.67
2026-09-05T13:49:00+00:00,15.38,15.22,2894.23,0.33,78.58,36.78,50.61
2026-09-05T13:50:00+00:00,17.15,20.45,2497.43,0.0,19.93,38.59,55.46
2026-09-05T13:51:00+00:00,13.78,16.08,2534.2,0.72,66.4,37.6,49.74
2026-09-05T13:52:00+00:00,15.46,17.55,2741.82,0.0,20.94,38.68,47.25
2026-09-05T13:53:00+00:00,16.44,20.18,2825.38,0.0,81.97,37.64,51.57
2026-09-05T13:54:00+00:00,18.94,17.75,2703.94,0.0,20.07,37.1,51.02
2026-09-05T13:55:00+00:00,9.39,10.71,2728.9,0.0,20.01,39.17,49.87
2026-09-05T13:56:00+00:00,19.21,22.53,2538.75,0.0,81.87,39.51,52.38
2026-09-05T13:57:00+00:00,11.38,12.62,2792.0,0.53,19.86,37.85,49.86
2026-09-05T13:58:00+00:00,14.41,14.1,2601.88,0.64,20.85,39.01,51.2
2026-09-05T13:59:00+00:00,14.26,16.5,2685.56,0.0,79.01,37.72,50.88
2026-09-05T14:00:00+00:00,14.8,16.58,2935.39,0.0,20.4,37.9,54.03
2026-09-05T14:01:00+00:00,14.25,13.93,2555.0,0.54,20.75,38.41,52.95
2026-09-05T14:02:00+00:00,13.44,13.09,2904.45,0.0,20.54,37.03,55.6
2026-09-05T14:03:00+00:00,15.92,19.2,2659.03,0.0,20.0,38.26,53.35
2026-09-05T14:04:00+00:00,14.8,17.59,2738.69,0.0,19.9,37.57,56.77
2026-09-05T14:05:00+00:00,16.96,17.42,2738.22,0.89,78.08,37.14,58.45
2026-09-05T14:06:00+00:00,17.8,19.38,2814.03,0.0,69.58,36.84,52.69
2026-09-05T14:07:00+00:00,16.6,18.66,2765.15,0.98,20.93,37.02,52.57
2026-09-05T14:08:00+00:00,14.31,13.06,2855.8,0.02,20.66,37.16,54.75
2026-09-05T14:09:00+00:00,13.19,11.01,2773.26,0.43,86.33,37.93,55.38
2026-09-05T14:10:00+00:00,16.82,13.1,2670.93,0.53,20.68,37.69,53.53
2026-09-05T14:11:00+00:00,15.1,14.99,2835.41,0.0,19.84,38.19,48.53
2026-09-05T14:12:00+00:00,15.84,17.14,2424.73,0.0,84.53,38.0,55.14
2026-09-05T14:13:00+00:00,20.96,23.06,2560.52,0.23,65.02,37.74,55.98
2026-09-05T14:14:00+00:00,17.78,23.54,2612.94,0.0,20.33,37.3,54.17
2026-09-05T14:15:00+00:00,16.11,19.05,2562.85,0.27,20.83,36.9,54.81
2026-09-05T14:16:00+00:00,16.86,15.66,2465.08,0.78,79.25,37.74,58.23
2026-09-05T14:17:00+00:00,13.28,17.17,2557.34,0.0,20.76,35.92,54.98
2026-09-05T14:18:00+00:00,13.05,15.01,2675.15,0.0,69.12,38.1,52.3
2026-09-05T14:19:00+00:00,14.58,19.79,2486.18,0.0,83.93,38.32,47.85
2026-09-05T14:20:00+00:00,12.99,12.94,2611.6,0.17,60.11,37.88,56.02
2026-09-05T14:21:00+00:00,15.05,16.44,2507.72,0.0,19.64,37.86,54.19
2026-09-05T14:22:00+00:00,11.65,12.18,2948.03,0.0,20.86,38.91,50.83
2026-09-05T14:23:00+00:00,14.2,13.77,2711.75,0.0,19.65,38.21,49.6
2026-09-05T14:24:00+00:00,20.38,22.88,2631.49,0.61,77.39,38.1,55.27
2026-09-05T14:25:00+00:00,10.91,12.35,2472.74,0.0,19.74,38.65,52.3
2026-09-05T14:26:00+00:00,17.22,16.7,2695.18,0.0,20.4,38.82,51.54
2026-09-05T14:27:00+00:00,9.25,15.11,2879.49,0.0,64.63,38.23,54.11
2026-09-05T14:28:00+00:00,16.85,20.47,2586.05,0.2,19.81,37.98,51.13
2026-09-05T14:29:00+00:00,17.13,18.15,2764.41,1.06,20.68,37.11,49.07
2026-09-05T14:30:00+00:00,17.96,24.34,2681.33,0.0,20.87,37.79,52.73
2026-09-05T14:31:00+00:00,20.03,23.26,2658.82,0.82,20.02,37.4,58.79
2026-09-05T14:32:00+00:00,12.28,9.21,2587.79,0.0,20.59,37.53,54.22
2026-09-05T14:33:00+00:00,16.75,15.76,2533.87,0.0,72.36,36.57,53.96
2026-09-05T14:34:00+00:00,18.92,18.13,2621.92,0.49,77.57,37.36,60.54
2026-09-05T14:35:00+00:00,13.06,15.45,2867.47,0.0,61.72,36.41,57.49
2026-09-05T14:36:00+00:00,16.82,18.64,2714.98,0.0,20.9,39.01,49.44
2026-09-05T14:37:00+00:00,14.43,16.25,2506.84,0.0,74.75,37.65,54.82
2026-09-05T14:38:00+00:00,13.73,17.71,2767.88,0.23,56.58,39.79,46.73
2026-09-05T14:39:00+00:00,12.88,12.58,2634.78,0.53,59.58,37.16,54.13
2026-09-05T14:40:00+00:00,18.25,19.36,2744.19,0.0,20.3,37.07,57.46
2026-09-05T14:41:00+00:00,14.38,17.05,2868.43,0.0,20.72,40.04,50.42
2026-09-05T14:42:00+00:00,13.0,15.26,2639.01,0.0,65.78,37.84,54.29
2026-09-05T14:43:00+00:00,14.41,20.62,2710.25,0.0,20.53,36.11,60.12
2026-09-05T14:44:00+00:00,14.88,20.86,2747.38,0.0,54.9,36.11,56.81
2026-09-05T14:45:00+00:00,15.22,21.29,2489.11,0.0,68.59,40.76,44.61
2026-09-05T14:46:00+00:00,17.98,24.01,2318.19,0.0,20.28,39.13,51.02
2026-09-05T14:47:00+00:00,12.7,12.76,2583.96,0.72,19.84,36.42,55.45
2026-09-05T14:48:00+00:00,14.69,11.22,2505.94,0.0,79.6,37.81,56.44
2026-09-05T14:49:00+00:00,20.39,21.21,2641.52,1.41,19.69,38.06,46.0
2026-09-05T14:50:00+00:00,17.78,19.2,2448.73,0.19,20.85,36.39,57.75
2026-09-05T14:51:00+00:00,14.88,19.07,2807.98,0.0,20.13,36.4,60.97
2026-09-05T14:52:00+00:00,11.74,16.16,2960.31,0.0,19.98,35.84,63.26
2026-09-05T14:53:00+00:00,16.63,19.26,2662.49,0.0,73.05,38.67,52.75
2026-09-05T14:54:00+00:00,14.65,15.44,2550.2,0.0,20.63,39.47,53.32
2026-09-05T14:55:00+00:00,16.13,19.45,2701.62,0.38,72.07,36.59,54.23
2026-09-05T14:56:00+00:00,17.6,23.97,2767.42,0.67,21.08,37.86,52.6
2026-09-05T14:57:00+00:00,13.89,11.2,2723.49,0.0,75.35,37.59,53.42
2026-09-05T14:58:00+00:00,9.14,8.79,2701.7,0.0,21.09,38.14,54.07
2026-09-05T14:59:00+00:00,14.33,16.27,2499.13,0.0,21.08,38.56,53.53
2026-09-05T15:00:00+00:00,15.97,21.27,2562.35,0.0,19.71,37.96,52.88
2026-09-05T15:01:00+00:00,17.17,14.92,2494.99,0.0,20.71,37.03,54.12
2026-09-05T15:02:00+00:00,15.28,18.2,2665.39,0.16,19.69,38.25,53.51
2026-09-05T15:03:00+00:00,15.19,15.06,2398.98,0.0,76.23,37.18,54.94
2026-09-05T15:04:00+00:00,14.99,13.02,2803.72,0.22,19.92,37.45,50.39
2026-09-05T15:05:00+00:00,9.17,10.48,2779.13,0.0,55.27,38.5,46.85
2026-09-05T15:06:00+00:00,17.92,17.12,2561.85,0.0,60.81,38.81,48.08
2026-09-05T15:07:00+00:00,15.42,23.28,2521.57,0.0,19.86,36.89,54.96
2026-09-05T15:08:00+00:00,19.2,21.17,2499.3,0.58,59.13,36.16,61.55
2026-09-05T15:09:00+00:00,17.52,17.71,2603.14,0.55,20.63,38.93,46.4
2026-09-05T15:10:00+00:00,12.09,12.88,2748.06,0.0,61.26,38.02,58.31
2026-09-05T15:11:00+00:00,18.67,20.2,2626.18,0.0,55.07,37.53,52.92
2026-09-05T15:12:00+00:00,12.45,16.18,2783.34,0.0,70.29,36.76,53.57
2026-09-05T15:13:00+00:00,13.25,16.25,2754.83,0.38,21.0,37.64,53.33
2026-09-05T15:14:00+00:00,14.94,15.57,2905.77,0.0,19.89,38.74,49.31
2026-09-05T15:15:00+00:00,12.86,18.49,2724.53,0.0,63.7,37.46,49.12
2026-09-05T15:16:00+00:00,11.57,14.96,2815.98,0.0,21.06,36.07,59.1
2026-09-05T15:17:00+00:00,12.32,10.91,2383.09,0.0,54.97,38.51,51.49
2026-09-05T15:18:00+00:00,20.13,22.31,2666.35,0.0,58.54,37.21,56.82
2026-09-05T15:19:00+00:00,12.18,9.65,2885.23,0.32,20.71,37.69,50.0
2026-09-05T15:20:00+00:00,19.66,21.43,2614.84,0.0,61.43,37.19,57.35
2026-09-05T15:21:00+00:00,14.74,17.12,2709.3,1.16,19.9,37.02,52.22
2026-09-05T15:22:00+00:00,9.82,7.88,2658.63,0.47,20.05,38.68,55.35
2026-09-05T15:23:00+00:00,11.66,15.98,2743.14,0.89,20.09,38.58,47.45
2026-09-05T15:24:00+00:00,15.41,19.45,2715.66,0.88,57.72,37.0,53.77
2026-09-05T15:25:00+00:00,17.06,13.97,2745.37,0.38,20.62,36.72,54.1
2026-09-05T15:26:00+00:00,15.11,21.3,2988.37,0.0,20.93,38.65,47.27
2026-09-05T15:27:00+00:00,19.51,22.74,2609.66,0.0,61.59,38.26,51.91
2026-09-05T15:28:00+00:00,15.12,15.94,2589.75,0.0,57.55,36.61,56.41
2026-09-05T15:29:00+00:00,14.48,17.57,2714.26,0.0,20.83,38.69,47.03
2026-09-05T15:30:00+00:00,14.78,15.63,2726.18,1.34,19.68,36.14,60.32
2026-09-05T15:31:00+00:00,13.57,16.42,2744.36,0.39,20.43,37.39,53.33
2026-09-05T15:32:00+00:00,18.59,19.31,2611.28,0.0,20.5,38.42,50.17
2026-09-05T15:33:00+00:00,17.27,18.72,2661.66,1.19,53.28,37.29,55.01
2026-09-05T15:34:00+00:00,13.91,14.72,2566.58,0.81,20.8,37.87,54.09
2026-09-05T15:35:00+00:00,17.44,25.74,2663.38,0.0,19.71,37.45,57.33
2026-09-05T15:36:00+00:00,15.15,18.62,2706.13,0.59,55.34,37.71,56.38
2026-09-05T15:37:00+00:00,14.92,21.13,2809.16,0.0,20.12,36.91,53.05
2026-09-05T15:38:00+00:00,14.98,20.64,2697.27,0.0,20.98,37.93,56.22
2026-09-05T15:39:00+00:00,20.63,23.5,2569.31,0.0,20.93,37.47,53.04
2026-09-05T15:40:00+00:00,12.05,22.53,2921.26,0.0,58.69,36.61,59.4
2026-09-05T15:41:00+00:00,16.4,22.94,2666.04,0.0,59.88,38.0,52.83
2026-09-05T15:42:00+00:00,14.71,14.95,2848.81,0.45,48.54,36.29,56.22
2026-09-05T15:43:00+00:00,17.28,19.28,2867.25,0.32,19.72,37.43,53.3
2026-09-05T15:44:00+00:00,9.46,8.74,2626.17,0.0,20.37,38.19,52.4
2026-09-05T15:45:00+00:00,15.4,14.23,2598.69,0.18,46.69,37.11,54.34
2026-09-05T15:46:00+00:00,13.43,9.81,2838.57,0.22,20.53,37.25,55.32
2026-09-05T15:47:00+00:00,15.15,17.99,2789.49,0.0,63.16,38.0,56.58
2026-09-05T15:48:00+00:00,14.88,13.7,2785.52,1.28,20.12,36.98,51.69
2026-09-05T15:49:00+00:00,15.39,17.73,2500.1,0.19,20.33,36.97,52.44
2026-09-05T15:50:00+00:00,14.44,14.35,2697.86,0.67,51.46,36.67,59.74
2026-09-05T15:51:00+00:00,15.19,20.31,2536.65,0.0,21.13,37.92,48.83
2026-09-05T15:52:00+00:00,16.97,26.57,2720.77,0.0,58.55,36.04,59.21
2026-09-05T15:53:00+00:00,14.98,18.46,2799.55,0.0,19.76,37.41,54.94
2026-09-05T15:54:00+00:00,14.87,22.45,2482.04,0.38,53.38,36.88,59.26
2026-09-05T15:55:00+00:00,17.57,16.73,2797.1,0.0,20.18,38.15,52.47
2026-09-05T15:56:00+00:00,14.61,15.66,2575.04,0.0,20.9,37.22,55.9
2026-09-05T15:57:00+00:00,11.94,17.34,2714.69,0.02,20.42,37.13,52.88
2026-09-05T15:58:00+00:00,16.14,14.65,2828.86,1.32,19.64,38.59,51.57
2026-09-05T15:59:00+00:00,18.1,20.52,2677.81,0.0,44.45,37.48,52.69
2026-09-05T16:00:00+00:00,17.43,17.8,2743.5,0.0,20.0,35.45,60.5
2026-09-05T16:01:00+00:00,9.24,7.5,2641.45,0.0,20.53,36.4,59.87
2026-09-05T16:02:00+00:00,13.63,15.98,2782.75,0.0,19.99,37.63,53.73
2026-09-05T16:03:00+00:00,14.65,15.16,2963.03,0.63,19.64,36.56,61.57
2026-09-05T16:04:00+00:00,8.67,7.5,2517.19,0.75,53.83,38.95,47.79
2026-09-05T16:05:00+00:00,16.09,14.93,2587.76,0.0,20.55,38.53,50.83
2026-09-05T16:06:00+00:00,18.29,18.58,2911.2,0.0,52.15,38.46,60.58
2026-09-05T16:07:00+00:00,14.19,19.37,2930.84,0.14,20.44,37.42,51.89
2026-09-05T16:08:00+00:00,14.43,17.39,3059.9,0.0,59.48,35.22,59.32
2026-09-05T16:09:00+00:00,13.03,12.38,2689.27,0.0,20.76,37.61,57.43
2026-09-05T16:10:00+00:00,12.77,11.03,2537.66,0.0,20.95,35.8,55.33
2026-09-05T16:11:00+00:00,15.75,18.72,2898.1,0.0,20.3,36.3,58.21
2026-09-05T16:12:00+00:00,16.95,16.32,2882.41,0.46,20.88,36.4,49.57
2026-09-05T16:13:00+00:00,18.14,19.14,2624.71,0.0,21.07,37.31,55.44
2026-09-05T16:14:00+00:00,13.47,18.16,2834.83,0.0,52.52,36.46,55.21
2026-09-05T16:15:00+00:00,20.05,24.37,3042.07,0.41,20.18,37.04,58.42
2026-09-05T16:16:00+00:00,11.42,16.44,2770.68,0.18,57.15,36.69,53.36
2026-09-05T16:17:00+00:00,12.43,14.19,2675.86,0.0,20.63,36.77,58.8
2026-09-05T16:18:00+00:00,14.5,14.93,2846.01,0.0,20.84,36.59,58.64
2026-09-05T16:19:00+00:00,16.0,16.25,2758.12,0.0,20.43,37.48,52.48
2026-09-05T16:20:00+00:00,20.72,26.96,2692.9,0.08,43.53,35.1,66.14
2026-09-05T16:21:00+00:00,13.34,14.78,2728.28,0.0,57.35,37.51,49.81
2026-09-05T16:22:00+00:00,17.94,19.69,2747.63,0.0,20.88,36.92,52.25
2026-09-05T16:23:00+00:00,11.43,12.97,2724.12,0.0,55.03,35.61,60.69
2026-09-05T16:24:00+00:00,14.74,16.29,2667.35,0.0,21.09,37.25,56.91
2026-09-05T16:25:00+00:00,12.32,14.29,2675.09,0.0,20.29,38.07,52.91
2026-09-05T16:26:00+00:00,13.87,16.06,2749.99,0.0,44.0,36.92,54.72
2026-09-05T16:27:00+00:00,17.32,17.23,2665.31,0.0,40.87,37.76,50.4
2026-09-05T16:28:00+00:00,14.83,11.86,2577.29,0.0,49.05,35.05,62.61
2026-09-05T16:29:00+00:00,14.08,16.89,2794.5,0.0,20.06,37.02,56.91
2026-09-05T16:30:00+00:00,13.36,12.73,2731.34,0.0,53.93,35.67,61.35
2026-09-05T16:31:00+00:00,13.99,9.85,2867.73,0.0,20.12,36.45,56.46
2026-09-05T16:32:00+00:00,14.65,18.82,2803.42,0.0,20.82,35.23,63.6
2026-09-05T16:33:00+00:00,18.56,23.05,2883.76,0.0,52.79,37.13,56.53
2026-09-05T16:34:00+00:00,17.27,16.92,2702.12,0.68,20.81,36.53,58.09
2026-09-05T16:35:00+00:00,14.82,17.5,2410.08,0.29,46.62,35.75,60.43
2026-09-05T16:36:00+00:00,13.36,14.89,2718.78,0.0,20.76,36.96,61.77
2026-09-05T16:37:00+00:00,20.25,25.87,2650.33,0.0,45.03,37.16,49.79
2026-09-05T16:38:00+00:00,13.31,12.12,2784.39,0.0,47.76,35.24,61.39
2026-09-05T16:39:00+00:00,13.79,14.17,2695.24,0.0,20.12,36.1,57.65
2026-09-05T16:40:00+00:00,16.37,17.85,2909.18,0.0,51.96,37.2,51.79
2026-09-05T16:41:00+00:00,12.91,16.06,2804.84,0.0,20.76,37.87,57.74
2026-09-05T16:42:00+00:00,10.09,11.54,2573.75,0.0,20.35,37.08,54.78
2026-09-05T16:43:00+00:00,16.93,17.65,3173.05,0.0,43.19,36.47,61.15
2026-09-05T16:44:00+00:00,11.72,16.66,2880.48,0.0,20.53,34.91,60.23
2026-09-05T16:45:00+00:00,16.63,26.0,2507.79,0.0,20.12,36.26,59.08
2026-09-05T16:46:00+00:00,10.77,11.47,2726.87,0.0,20.72,37.09,58.8
2026-09-05T16:47:00+00:00,13.58,15.42,2734.47,0.0,42.97,35.18,57.51
2026-09-05T16:48:00+00:00,17.39,21.56,3025.06,0.39,20.06,36.3,55.94
2026-09-05T16:49:00+00:00,18.19,18.77,2813.36,0.0,42.04,35.81,59.89
2026-09-05T16:50:00+00:00,12.14,14.32,2661.27,0.66,40.08,36.29,58.19
2026-09-05T16:51:00+00:00,13.77,13.53,2803.28,0.0,45.83,37.25,57.12
2026-09-05T16:52:00+00:00,15.56,17.78,2648.94,0.0,19.83,36.27,59.66
2026-09-05T16:53:00+00:00,12.73,16.46,2732.47,0.0,20.38,36.54,57.89
2026-09-05T16:54:00+00:00,18.52,24.31,2866.78,1.35,37.51,36.56,55.41
2026-09-05T16:55:00+00:00,17.64,20.62,2885.93,0.0,20.99,35.38,65.18
2026-09-05T16:56:00+00:00,16.39,20.37,2770.2,0.0,43.82,35.85,57.98
2026-09-05T16:57:00+00:00,18.64,25.08,2791.24,0.15,20.24,35.8,57.89
2026-09-05T16:58:00+00:00,13.61,17.28,2684.65,0.0,38.28,34.74,58.31
2026-09-05T16:59:00+00:00,16.01,16.55,2644.39,0.0,39.91,35.46,60.34
2026-09-05T17:00:00+00:00,19.31,22.35,2713.08,0.16,41.27,36.21,59.0
2026-09-05T17:01:00+00:00,17.33,16.22,2887.29,0.42,20.33,36.27,61.18
2026-09-05T17:02:00+00:00,10.59,13.26,2896.56,0.0,45.5,35.16,62.62
2026-09-05T17:03:00+00:00,13.96,10.83,3021.78,0.22,20.19,37.21,54.15
2026-09-05T17:04:00+00:00,14.71,13.38,2967.76,0.0,21.11,38.45,56.16
2026-09-05T17:05:00+00:00,15.85,16.97,2897.27,0.0,20.13,36.08,60.19
2026-09-05T17:06:00+00:00,19.76,19.88,2874.44,0.57,21.04,36.67,59.58
2026-09-05T17:07:00+00:00,13.39,17.74,3001.9,0.0,19.84,35.87,62.37
2026-09-05T17:08:00+00:00,14.41,18.11,2974.87,0.0,20.62,34.97,62.0
2026-09-05T17:09:00+00:00,14.91,18.8,2893.64,0.0,19.95,37.94,56.61
2026-09-05T17:10:00+00:00,17.85,19.36,3034.23,0.0,20.87,37.18,51.19
2026-09-05T17:11:00+00:00,20.05,26.72,3000.07,0.58,20.7,35.04,59.11
2026-09-05T17:12:00+00:00,20.82,20.98,2651.15,0.0,20.78,36.34,60.69
2026-09-05T17:13:00+00:00,14.7,17.85,2936.49,0.27,33.92,35.66,56.8
2026-09-05T17:14:00+00:00,13.67,13.87,2802.19,0.0,35.53,36.2,63.41
2026-09-05T17:15:00+00:00,15.54,17.75,2691.34,0.0,33.38,35.24,61.28
2026-09-05T17:16:00+00:00,19.43,26.89,2875.67,0.0,20.44,36.88,57.35
2026-09-05T17:17:00+00:00,14.27,11.95,3145.69,0.64,19.89,36.31,57.85
2026-09-05T17:18:00+00:00,18.71,21.78,2924.01,0.0,20.27,35.27,59.23
2026-09-05T17:19:00+00:00,16.41,15.36,2804.26,0.0,20.16,35.61,61.65
2026-09-05T17:20:00+00:00,10.91,11.82,3008.16,0.0,39.88,36.95,57.87
2026-09-05T17:21:00+00:00,13.14,13.83,2893.37,0.68,21.01,35.98,59.15
2026-09-05T17:22:00+00:00,14.49,15.99,2912.06,0.0,21.06,35.41,60.81
2026-09-05T17:23:00+00:00,15.61,16.05,2978.69,0.0,20.46,37.42,58.84
2026-09-05T17:24:00+00:00,14.48,18.29,2938.34,0.0,20.52,37.22,58.96
2026-09-05T17:25:00+00:00,16.45,16.03,2683.44,0.0,33.49,35.71,61.79
2026-09-05T17:26:00+00:00,13.05,16.16,2825.15,1.35,37.3,36.82,52.46
2026-09-05T17:27:00+00:00,14.53,15.58,3048.18,0.0,20.36,38.07,55.35
2026-09-05T17:28:00+00:00,14.28,18.59,3112.06,0.0,20.71,35.48,54.34
2026-09-05T17:29:00+00:00,18.38,18.22,3173.59,0.26,19.64,36.37,56.48
2026-09-05T17:30:00+00:00,13.63,13.94,3118.18,0.0,38.95,35.33,58.15
2026-09-05T17:31:00+00:00,18.11,21.68,2822.73,0.0,20.74,34.66,68.08
2026-09-05T17:32:00+00:00,14.06,13.77,3043.23,0.0,35.66,36.24,53.16
2026-09-05T17:33:00+00:00,17.63,18.85,2874.75,0.0,34.53,36.97,52.46
2026-09-05T17:34:00+00:00,15.36,17.86,2941.36,0.0,20.27,35.59,63.1
2026-09-05T17:35:00+00:00,20.02,21.86,3154.24,0.0,20.37,36.01,52.41
2026-09-05T17:36:00+00:00,14.96,19.23,2976.42,0.14,34.7,35.48,62.84
2026-09-05T17:37:00+00:00,17.52,18.23,2962.14,0.72,37.37,34.82,55.58
2026-09-05T17:38:00+00:00,17.63,17.52,2798.56,0.0,19.88,35.97,59.35
2026-09-05T17:39:00+00:00,16.96,20.66,2964.95,0.45,37.63,35.89,53.77
2026-09-05T17:40:00+00:00,14.58,12.41,3343.55,0.0,20.45,37.64,53.35
2026-09-05T17:41:00+00:00,14.55,13.81,2806.82,0.0,35.42,35.73,54.66
2026-09-05T17:42:00+00:00,14.46,12.08,3126.93,0.0,31.66,35.28,59.93
2026-09-05T17:43:00+00:00,20.69,20.66,3097.25,0.65,20.34,35.72,57.49
2026-09-05T17:44:00+00:00,13.86,14.7,2930.77,0.0,30.88,35.18,56.98
2026-09-05T17:45:00+00:00,9.83,10.79,2909.99,0.0,20.15,37.9,53.71
2026-09-05T17:46:00+00:00,15.92,18.31,2975.31,0.0,33.03,37.46,52.96
2026-09-05T17:47:00+00:00,19.69,19.21,3147.21,0.0,20.83,37.76,51.48
2026-09-05T17:48:00+00:00,17.99,25.8,3018.92,0.0,20.55,35.74,59.92
2026-09-05T17:49:00+00:00,17.52,22.1,3118.04,0.0,20.15,35.53,62.81
2026-09-05T17:50:00+00:00,18.76,20.03,3240.21,0.0,29.54,36.65,55.11
2026-09-05T17:51:00+00:00,18.76,21.45,3128.96,0.0,20.09,34.87,62.72
2026-09-05T17:52:00+00:00,20.65,23.98,3301.33,0.0,19.99,37.61,51.95
2026-09-05T17:53:00+00:00,15.94,19.76,3096.83,0.02,29.33,34.94,68.18
2026-09-05T17:54:00+00:00,15.45,18.76,3382.36,0.0,20.97,36.02,59.17
2026-09-05T17:55:00+00:00,14.6,18.1,3164.33,0.26,20.82,34.93,61.1
2026-09-05T17:56:00+00:00,21.4,31.96,3177.13,0.77,31.0,35.1,63.68
2026-09-05T17:57:00+00:00,16.75,24.38,3105.4,0.0,19.75,35.64,61.88
2026-09-05T17:58:00+00:00,15.74,19.17,2637.37,0.0,20.43,37.22,55.72
2026-09-05T17:59:00+00:00,15.66,22.28,3068.02,0.43,19.86,36.25,61.58
2026-09-05T18:00:00+00:00,15.28,15.88,3028.18,0.0,32.13,35.83,59.54
2026-09-05T18:01:00+00:00,11.13,8.44,2685.08,0.0,20.59,35.96,56.49
2026-09-05T18:02:00+00:00,16.52,13.62,3071.78,0.0,20.73,36.68,54.91
2026-09-05T18:03:00+00:00,11.94,12.53,3129.26,0.0,30.81,36.15,58.69
2026-09-05T18:04:00+00:00,19.48,19.34,3122.96,0.0,30.66,35.37,64.12
2026-09-05T18:05:00+00:00,18.92,21.22,2915.41,0.0,20.09,34.95,66.67
2026-09-05T18:06:00+00:00,16.14,18.57,3203.26,0.0,20.78,34.69,62.48
2026-09-05T18:07:00+00:00,9.77,8.53,2941.45,0.95,28.69,36.11,61.46
2026-09-05T18:08:00+00:00,18.08,19.53,3264.25,0.0,28.83,35.85,60.49
2026-09-05T18:09:00+00:00,14.52,13.44,3145.86,0.03,30.43,37.11,57.45
2026-09-05T18:10:00+00:00,14.57,20.15,3025.05,0.0,29.53,36.07,54.25
2026-09-05T18:11:00+00:00,17.78,14.59,2818.08,0.02,29.16,36.07,56.72
2026-09-05T18:12:00+00:00,17.19,23.63,2904.2,0.0,19.74,35.83,53.54
2026-09-05T18:13:00+00:00,14.82,13.64,3065.93,0.0,20.28,35.07,63.39
2026-09-05T18:14:00+00:00,16.92,23.03,3028.6,0.0,20.97,36.4,60.25
2026-09-05T18:15:00+00:00,17.59,16.6,3219.68,0.26,28.77,35.39,59.9
2026-09-05T18:16:00+00:00,16.8,20.32,3119.2,0.0,27.15,35.56,59.86
2026-09-05T18:17:00+00:00,14.72,15.09,3036.59,0.0,20.4,35.45,57.96
2026-09-05T18:18:00+00:00,16.08,19.01,3191.81,0.0,29.13,35.18,58.35
2026-09-05T18:19:00+00:00,17.69,26.21,3091.84,0.0,19.82,35.38,59.88
2026-09-05T18:20:00+00:00,14.98,17.56,2904.0,0.55,28.91,35.8,54.27
2026-09-05T18:21:00+00:00,14.95,17.91,3089.56,0.0,28.24,34.19,64.19
2026-09-05T18:22:00+00:00,15.37,18.99,3056.73,0.0,20.52,35.2,59.1
2026-09-05T18:23:00+00:00,12.64,17.1,3102.05,0.0,20.78,35.58,63.62
2026-09-05T18:24:00+00:00,16.89,15.32,2947.81,0.0,27.75,35.08,58.72
2026-09-05T18:25:00+00:00,10.43,13.29,2861.12,0.0,19.9,35.77,59.41
2026-09-05T18:26:00+00:00,17.56,22.02,3300.76,0.0,25.33,34.94,65.47
2026-09-05T18:27:00+00:00,11.11,9.82,3015.22,0.96,20.53,36.38,55.49
2026-09-05T18:28:00+00:00,14.08,13.24,3024.65,0.0,24.74,34.35,59.28
2026-09-05T18:29:00+00:00,16.58,22.26,3236.97,0.0,25.55,35.75,55.36
2026-09-05T18:30:00+00:00,12.28,11.44,3317.59,0.0,26.34,35.85,56.51
2026-09-05T18:31:00+00:00,13.79,14.35,3292.46,0.25,26.13,36.11,56.14
2026-09-05T18:32:00+00:00,11.57,15.51,3204.29,0.0,25.09,36.23,58.07
2026-09-05T18:33:00+00:00,12.36,11.74,3386.97,0.0,24.76,34.37,61.64
2026-09-05T18:34:00+00:00,17.07,21.4,3345.65,0.72,20.21,33.31,66.18
2026-09-05T18:35:00+00:00,13.66,18.34,3176.27,0.64,20.38,35.54,56.78
2026-09-05T18:36:00+00:00,17.55,21.44,3371.49,0.0,23.4,35.82,60.3
2026-09-05T18:37:00+00:00,10.31,13.41,3197.25,0.0,19.89,35.58,57.39
2026-09-05T18:38:00+00:00,12.05,18.03,3187.26,0.0,20.92,34.87,61.71
2026-09-05T18:39:00+00:00,14.85,21.74,3139.58,0.0,20.82,33.98,63.11
2026-09-05T18:40:00+00:00,15.53,16.63,3025.16,0.0,20.67,35.6,54.16
2026-09-05T18:41:00+00:00,17.77,21.43,2892.98,0.0,19.63,35.69,63.27
2026-09-05T18:42:00+00:00,19.14,21.26,3279.69,0.0,21.0,34.56,64.72
2026-09-05T18:43:00+00:00,16.49,13.31,3298.9,0.09,22.84,33.57,67.93
2026-09-05T18:44:00+00:00,16.91,15.8,3498.96,0.0,19.9,34.86,60.34
2026-09-05T18:45:00+00:00,17.55,21.94,3094.85,0.0,24.2,34.64,64.85
2026-09-05T18:46:00+00:00,13.84,16.64,3285.49,0.0,24.05,35.17,59.97
2026-09-05T18:47:00+00:00,17.23,20.7,3212.32,0.0,20.13,34.41,56.32
2026-09-05T18:48:00+00:00,17.69,18.7,3175.53,0.0,20.45,34.39,63.53
2026-09-05T18:49:00+00:00,14.6,17.26,3126.04,0.0,21.06,36.4,59.48
2026-09-05T18:50:00+00:00,15.17,16.4,3075.9,0.0,21.93,35.92,58.04
2026-09-05T18:51:00+00:00,17.26,17.76,3230.37,0.66,21.0,33.28,64.96
2026-09-05T18:52:00+00:00,15.11,17.96,3339.71,0.11,20.27,33.68,64.07
2026-09-05T18:53:00+00:00,23.13,25.98,3042.9,0.0,22.42,34.93,54.29
2026-09-05T18:54:00+00:00,16.02,16.98,3231.61,0.0,21.63,36.29,58.23
2026-09-05T18:55:00+00:00,15.8,17.85,3150.7,0.0,19.74,35.51,54.94
2026-09-05T18:56:00+00:00,17.08,19.57,3505.45,0.0,20.7,35.4,61.65
2026-09-05T18:57:00+00:00,16.07,14.15,3142.45,0.0,20.59,34.11,62.37
2026-09-05T18:58:00+00:00,14.7,21.99,3224.43,0.0,22.11,34.71,65.19
2026-09-05T18:59:00+00:00,17.45,18.51,3397.02,0.82,20.86,34.76,60.78
2026-09-05T19:00:00+00:00,14.87,13.88,3117.71,0.0,20.16,34.85,56.56
2026-09-05T19:01:00+00:00,15.53,16.28,3179.76,0.0,21.09,37.05,46.51
2026-09-05T19:02:00+00:00,14.84,16.79,3093.92,0.0,20.77,35.75,57.79
2026-09-05T19:03:00+00:00,14.75,14.88,3267.29,0.03,19.82,34.79,58.2
2026-09-05T19:04:00+00:00,18.32,19.92,3067.89,0.0,21.06,36.75,53.28
2026-09-05T19:05:00+00:00,15.35,20.34,3205.0,0.43,20.83,34.95,61.45
2026-09-05T19:06:00+00:00,15.12,17.38,3186.66,0.0,20.78,35.71,54.36
2026-09-05T19:07:00+00:00,16.93,19.5,3174.84,0.0,20.01,33.67,66.02
2026-09-05T19:08:00+00:00,14.03,14.66,3053.52,0.0,20.45,36.27,60.57
2026-09-05T19:09:00+00:00,14.03,14.61,3249.08,0.0,20.95,35.36,56.81
2026-09-05T19:10:00+00:00,15.14,19.2,3339.88,0.0,20.03,33.51,59.57
2026-09-05T19:11:00+00:00,12.25,9.67,3174.28,0.4,19.99,33.47,67.92
2026-09-05T19:12:00+00:00,17.45,21.76,3414.86,1.5,19.93,35.16,60.57
2026-09-05T19:13:00+00:00,16.02,19.2,3188.73,0.0,20.01,35.84,55.12
2026-09-05T19:14:00+00:00,17.51,19.1,3401.65,0.49,19.7,35.24,65.33
2026-09-05T19:15:00+00:00,12.63,14.79,3074.14,0.0,20.15,34.54,66.93
2026-09-05T19:16:00+00:00,14.87,19.67,3172.34,0.0,19.63,35.93,63.55
2026-09-05T19:17:00+00:00,14.3,18.28,3177.06,0.0,19.72,34.57,65.13
2026-09-05T19:18:00+00:00,13.16,14.18,3177.82,0.0,19.63,33.6,64.18
2026-09-05T19:19:00+00:00,16.35,13.12,3370.85,0.0,19.95,33.4,66.25
2026-09-05T19:20:00+00:00,17.68,21.7,3310.83,0.04,20.9,35.71,57.76
2026-09-05T19:21:00+00:00,13.14,12.38,3300.97,0.42,19.63,33.92,57.49
2026-09-05T19:22:00+00:00,12.84,10.83,3166.25,0.27,19.75,34.62,60.36
2026-09-05T19:23:00+00:00,16.11,19.09,3340.38,0.0,19.63,35.37,57.19
2026-09-05T19:24:00+00:00,16.75,21.75,3426.58,0.0,20.99,33.93,67.16
2026-09-05T19:25:00+00:00,13.07,15.48,3399.0,0.0,20.55,36.54,59.94
2026-09-05T19:26:00+00:00,19.11,20.31,3226.0,0.0,19.63,37.05,56.12
2026-09-05T19:27:00+00:00,11.18,11.95,3312.92,0.0,20.99,35.17,59.94
2026-09-05T19:28:00+00:00,16.26,16.89,3411.62,0.0,19.78,35.79,56.32
2026-09-05T19:29:00+00:00,14.18,20.04,3227.27,0.0,19.69,35.63,57.66
2026-09-05T19:30:00+00:00,20.02,25.4,3363.6,0.0,19.63,35.62,57.03
2026-09-05T19:31:00+00:00,16.14,20.29,3123.54,0.0,19.63,34.96,62.57
2026-09-05T19:32:00+00:00,13.55,17.32,3571.86,0.0,19.63,34.48,64.01
2026-09-05T19:33:00+00:00,14.56,17.62,3374.4,0.0,19.79,33.84,63.47
2026-09-05T19:34:00+00:00,18.03,20.84,3218.97,0.0,19.63,34.07,62.83
2026-09-05T19:35:00+00:00,18.21,20.42,3262.35,0.0,20.7,35.38,64.11
2026-09-05T19:36:00+00:00,15.42,14.24,3251.96,0.0,19.63,34.49,64.77
2026-09-05T19:37:00+00:00,13.54,17.7,3519.77,0.0,19.91,33.04,65.33
2026-09-05T19:38:00+00:00,15.17,19.64,3465.93,0.0,19.63,34.12,66.29
2026-09-05T19:39:00+00:00,12.11,10.03,3298.65,0.0,19.63,33.27,62.33
2026-09-05T19:40:00+00:00,15.28,22.37,3027.83,0.0,19.63,34.59,64.22
2026-09-05T19:41:00+00:00,16.99,16.58,3104.24,0.0,19.63,33.31,70.77
2026-09-05T19:42:00+00:00,16.23,22.66,3422.11,0.25,19.63,34.64,58.71
2026-09-05T19:43:00+00:00,11.87,14.65,3170.97,0.0,19.63,33.84,66.73
2026-09-05T19:44:00+00:00,17.62,21.08,3558.98,0.0,19.63,35.02,58.52
2026-09-05T19:45:00+00:00,14.52,17.01,3485.62,0.0,19.63,33.74,59.9
2026-09-05T19:46:00+00:00,17.55,25.23,3274.41,0.28,19.63,34.78,64.84
2026-09-05T19:47:00+00:00,14.58,15.4,3229.66,0.0,19.63,35.25,61.06
2026-09-05T19:48:00+00:00,15.58,17.23,3417.34,0.0,20.84,35.22,57.84
2026-09-05T19:49:00+00:00,15.21,17.1,3322.89,0.0,19.63,35.47,55.56
2026-09-05T19:50:00+00:00,10.77,16.64,3551.43,0.0,20.79,35.09,64.31
2026-09-05T19:51:00+00:00,13.93,20.33,3199.61,0.0,20.57,34.6,67.09
2026-09-05T19:52:00+00:00,16.95,18.87,3198.24,0.0,20.79,34.16,65.06
2026-09-05T19:53:00+00:00,14.98,18.6,3286.31,0.45,19.63,33.87,59.38
2026-09-05T19:54:00+00:00,13.51,19.56,3323.65,0.0,19.63,34.54,59.47
2026-09-05T19:55:00+00:00,17.35,21.34,3154.29,0.0,19.63,33.57,71.79
2026-09-05T19:56:00+00:00,11.75,10.22,3462.92,1.35,20.81,34.21,62.68
2026-09-05T19:57:00+00:00,16.36,22.45,3224.25,0.0,19.75,34.72,61.69
2026-09-05T19:58:00+00:00,15.86,15.15,2985.1,0.0,19.63,35.5,53.65
2026-09-05T19:59:00+00:00,17.13,20.93,3364.25,0.0,19.63,33.6,61.94
2026-09-05T20:00:00+00:00,13.11,15.47,3280.33,0.0,19.63,34.35,62.01
2026-09-05T20:01:00+00:00,13.57,17.59,3120.88,0.0,19.63,37.12,56.73
2026-09-05T20:02:00+00:00,14.8,16.53,3166.18,0.0,20.79,33.1,69.73
2026-09-05T20:03:00+00:00,15.03,14.4,3282.66,0.0,19.63,34.03,60.21
2026-09-05T20:04:00+00:00,12.19,15.62,2998.49,0.0,20.3,35.88,63.5
2026-09-05T20:05:00+00:00,18.63,23.64,3095.5,0.0,19.63,33.03,63.02
2026-09-05T20:06:00+00:00,15.52,16.02,3279.2,0.2,19.63,35.56,58.22
2026-09-05T20:07:00+00:00,12.65,15.24,3375.68,0.46,19.63,35.44,59.45
2026-09-05T20:08:00+00:00,20.39,18.54,3204.79,0.0,19.63,34.26,65.02
2026-09-05T20:09:00+00:00,16.18,20.02,3357.9,0.08,19.94,33.89,66.88
2026-09-05T20:10:00+00:00,15.52,19.15,3522.97,0.0,19.63,34.42,65.9
2026-09-05T20:11:00+00:00,19.97,19.15,3295.63,0.0,20.45,35.61,59.56
2026-09-05T20:12:00+00:00,12.22,14.36,3482.85,0.0,19.94,33.23,66.79
2026-09-05T20:13:00+00:00,19.4,20.54,3500.76,0.0,19.63,34.24,58.67
2026-09-05T20:14:00+00:00,18.3,23.86,3497.55,0.0,19.63,35.16,59.62
2026-09-05T20:15:00+00:00,15.65,15.88,3002.86,0.0,19.73,36.11,56.03
2026-09-05T20:16:00+00:00,13.92,16.82,3304.21,0.47,19.72,32.34,70.8
2026-09-05T20:17:00+00:00,12.19,15.25,3401.43,0.95,19.63,33.15,64.5
2026-09-05T20:18:00+00:00,16.27,13.99,3277.81,0.0,19.63,34.59,54.0
2026-09-05T20:19:00+00:00,16.52,21.04,3438.9,0.0,20.92,35.22,62.51
2026-09-05T20:20:00+00:00,17.95,22.57,3764.33,0.0,20.93,34.89,59.34
2026-09-05T20:21:00+00:00,15.38,15.7,3302.52,0.0,20.65,33.84,63.19
2026-09-05T20:22:00+00:00,8.0,7.93,3269.88,0.41,19.63,33.6,55.24
2026-09-05T20:23:00+00:00,11.64,15.57,3422.05,0.31,19.85,34.03,64.89
2026-09-05T20:24:00+00:00,17.87,17.7,2927.28,0.0,19.63,34.93,64.64
2026-09-05T20:25:00+00:00,15.73,19.3,3243.41,0.0,19.63,35.32,64.37
2026-09-05T20:26:00+00:00,16.27,22.42,3101.46,0.0,19.63,33.61,62.25
2026-09-05T20:27:00+00:00,15.78,14.57,3354.51,0.0,19.63,34.3,62.51
2026-09-05T20:28:00+00:00,13.34,16.39,3326.31,0.0,19.68,33.6,63.39
2026-09-05T20:29:00+00:00,18.49,23.08,3363.1,0.0,20.89,35.22,61.76
2026-09-05T20:30:00+00:00,9.56,11.82,3141.37,0.0,19.63,33.29,65.26
2026-09-05T20:31:00+00:00,15.64,18.29,3206.04,0.0,19.77,32.19,77.91
2026-09-05T20:32:00+00:00,14.0,13.02,3015.4,0.0,20.24,35.24,62.24
2026-09-05T20:33:00+00:00,15.13,16.07,3145.61,1.35,19.63,33.03,69.28
2026-09-05T20:34:00+00:00,16.55,18.04,3171.29,0.08,19.63,33.07,67.03
2026-09-05T20:35:00+00:00,19.1,20.78,3372.76,0.0,20.33,33.93,63.21
2026-09-05T20:36:00+00:00,15.17,17.19,3277.33,0.62,20.75,32.93,73.31
2026-09-05T20:37:00+00:00,11.16,10.7,3158.58,0.0,20.8,34.41,61.59
2026-09-05T20:38:00+00:00,15.61,17.65,3030.68,1.14,19.74,35.84,57.58
2026-09-05T20:39:00+00:00,16.3,18.83,3276.63,0.61,19.63,32.89,67.07
2026-09-05T20:40:00+00:00,14.79,12.59,3386.95,0.0,20.11,35.0,62.16
2026-09-05T20:41:00+00:00,14.69,13.61,3490.64,0.0,19.63,34.29,63.0
2026-09-05T20:42:00+00:00,16.78,20.34,3544.38,0.0,19.63,33.25,66.7
2026-09-05T20:43:00+00:00,13.56,13.64,3289.96,0.0,19.63,33.52,67.38
2026-09-05T20:44:00+00:00,14.24,18.31,2964.31,0.0,19.98,32.32,67.88
2026-09-05T20:45:00+00:00,16.85,15.57,3275.41,0.39,19.63,34.27,61.43
2026-09-05T20:46:00+00:00,16.35,17.73,3444.63,0.0,20.34,33.71,63.15
2026-09-05T20:47:00+00:00,19.25,21.36,3341.08,0.0,19.92,32.52,75.46
2026-09-05T20:48:00+00:00,17.63,23.38,3289.83,0.0,19.63,33.97,63.45
2026-09-05T20:49:00+00:00,17.93,20.21,2931.24,0.0,19.63,33.76,64.52
2026-09-05T20:50:00+00:00,14.0,16.94,3278.48,0.0,19.77,33.85,61.21
2026-09-05T20:51:00+00:00,17.8,18.41,3289.94,0.0,19.63,33.43,64.74
2026-09-05T20:52:00+00:00,11.68,15.71,2888.16,0.24,19.63,34.4,63.32
2026-09-05T20:53:00+00:00,15.53,21.4,3152.35,0.39,19.63,34.31,61.78
2026-09-05T20:54:00+00:00,15.32,17.99,3365.61,0.0,19.63,33.02,64.93
2026-09-05T20:55:00+00:00,19.87,19.26,3280.68,0.18,20.68,32.23,71.23
2026-09-05T20:56:00+00:00,11.8,10.37,3218.18,0.0,19.91,33.66,62.67
2026-09-05T20:57:00+00:00,18.13,22.64,3018.9,0.11,19.91,33.96,65.27
2026-09-05T20:58:00+00:00,14.29,15.92,3063.75,0.0,19.63,34.22,64.03
2026-09-05T20:59:00+00:00,14.48,20.46,3024.97,1.19,19.63,33.42,66.02
2026-09-05T21:00:00+00:00,18.0,21.16,3291.09,0.0,19.76,34.36,62.88
2026-09-05T21:01:00+00:00,15.78,20.62,3220.65,0.76,19.63,35.17,60.04
2026-09-05T21:02:00+00:00,13.63,15.43,3271.27,0.0,19.63,35.16,58.51
2026-09-05T21:03:00+00:00,12.39,12.8,3102.04,0.0,19.63,33.22,62.95
2026-09-05T21:04:00+00:00,17.73,22.91,3166.55,0.09,19.63,33.56,63.69
2026-09-05T21:05:00+00:00,12.61,14.54,3452.88,0.58,19.63,35.47,58.18
2026-09-05T21:06:00+00:00,13.66,14.8,3134.5,0.0,19.63,32.9,64.65
2026-09-05T21:07:00+00:00,10.55,13.57,3066.59,0.0,19.63,33.0,63.69
2026-09-05T21:08:00+00:00,12.13,14.51,3184.37,0.0,20.05,33.21,69.66
2026-09-05T21:09:00+00:00,19.28,19.62,3403.22,0.0,21.06,33.04,67.19
2026-09-05T21:10:00+00:00,9.7,13.17,3091.17,0.0,19.63,35.08,60.13
2026-09-05T21:11:00+00:00,15.16,14.99,3008.88,0.65,19.63,33.8,63.73
2026-09-05T21:12:00+00:00,16.21,15.13,3331.85,0.0,20.02,32.83,63.26
2026-09-05T21:13:00+00:00,13.11,15.92,3076.8,0.0,20.95,35.28,58.73
2026-09-05T21:14:00+00:00,18.24,20.46,3100.51,0.0,19.97,33.33,68.06
2026-09-05T21:15:00+00:00,12.01,17.88,3294.45,0.0,19.72,34.41,62.22
2026-09-05T21:16:00+00:00,15.06,16.16,3151.02,0.0,20.43,33.41,67.35
2026-09-05T21:17:00+00:00,16.29,17.86,3269.46,0.0,19.69,34.99,59.56
2026-09-05T21:18:00+00:00,17.21,24.8,3193.44,0.0,19.63,35.0,64.0
2026-09-05T21:19:00+00:00,11.95,11.98,2994.27,0.0,19.79,32.96,67.03
2026-09-05T21:20:00+00:00,16.02,17.73,2969.13,0.0,19.63,34.93,54.85
2026-09-05T21:21:00+00:00,23.15,32.64,3140.97,0.0,20.21,33.14,68.99
2026-09-05T21:22:00+00:00,11.54,13.39,3422.11,0.0,19.63,33.18,64.99
2026-09-05T21:23:00+00:00,14.76,14.06,3091.4,0.69,19.63,33.25,62.74
2026-09-05T21:24:00+00:00,11.79,13.74,3291.53,0.0,20.25,33.28,62.4
2026-09-05T21:25:00+00:00,16.16,20.15,3286.2,0.0,20.31,33.68,64.52
2026-09-05T21:26:00+00:00,15.35,16.88,2949.53,0.0,19.93,35.53,61.27
2026-09-05T21:27:00+00:00,16.14,14.55,3261.51,0.24,19.63,32.19,64.81
2026-09-05T21:28:00+00:00,16.84,21.52,3048.7,0.0,19.63,34.18,65.02
2026-09-05T21:29:00+00:00,14.8,15.69,3126.8,0.87,20.8,33.64,61.95
2026-09-05T21:30:00+00:00,11.88,11.24,3281.01,0.0,20.91,31.69,63.37
2026-09-05T21:31:00+00:00,12.03,13.21,3184.42,0.23,19.63,33.37,64.36
2026-09-05T21:32:00+00:00,15.96,15.38,3256.25,0.0,20.44,33.41,71.58
2026-09-05T21:33:00+00:00,16.22,16.74,3314.41,0.0,19.63,33.15,61.4
2026-09-05T21:34:00+00:00,17.73,17.85,3088.81,0.46,19.63,32.44,68.78
2026-09-05T21:35:00+00:00,12.42,13.09,3039.38,0.4,20.74,32.9,64.72
2026-09-05T21:36:00+00:00,13.51,15.2,3150.69,0.0,19.67,34.62,61.42
2026-09-05T21:37:00+00:00,14.4,16.41,3302.72,0.0,19.95,34.28,62.88
2026-09-05T21:38:00+00:00,18.62,20.79,3212.88,0.39,19.63,32.75,67.16
2026-09-05T21:39:00+00:00,20.9,23.21,3042.03,0.0,20.78,33.91,62.96
2026-09-05T21:40:00+00:00,15.34,20.27,3157.0,0.0,19.63,32.41,64.38
2026-09-05T21:41:00+00:00,9.28,11.83,3257.47,0.0,20.69,33.03,65.29
2026-09-05T21:42:00+00:00,16.24,18.29,3081.26,0.0,19.63,33.88,64.39
2026-09-05T21:43:00+00:00,19.01,17.07,3093.47,0.0,19.63,35.18,59.12
2026-09-05T21:44:00+00:00,17.0,20.65,3225.46,0.0,20.24,32.04,68.71
2026-09-05T21:45:00+00:00,18.02,17.68,3062.8,0.0,19.63,34.21,62.35
2026-09-05T21:46:00+00:00,13.88,17.28,3329.1,0.0,20.65,33.14,71.43
2026-09-05T21:47:00+00:00,16.49,18.03,3032.5,0.0,19.63,33.13,69.88
2026-09-05T21:48:00+00:00,14.37,14.07,3110.28,0.62,20.36,32.08,69.02
2026-09-05T21:49:00+00:00,18.83,20.92,3096.82,0.0,19.63,31.46,77.96
2026-09-05T21:50:00+00:00,17.14,14.59,3186.99,0.51,20.6,33.24,67.63
2026-09-05T21:51:00+00:00,21.3,23.89,3249.77,0.0,19.63,34.2,65.63
2026-09-05T21:52:00+00:00,16.77,19.09,3048.89,0.0,21.1,32.43,67.45
2026-09-05T21:53:00+00:00,14.87,17.92,2944.88,0.0,19.63,31.89,68.53
2026-09-05T21:54:00+00:00,13.77,18.03,2941.49,0.0,19.68,33.3,67.45
2026-09-05T21:55:00+00:00,16.79,20.23,2911.03,0.0,19.63,33.52,65.25
2026-09-05T21:56:00+00:00,17.03,23.52,3184.84,0.0,20.39,34.12,58.82
2026-09-05T21:57:00+00:00,15.41,21.45,2704.18,1.45,19.63,33.51,71.64
2026-09-05T21:58:00+00:00,17.21,17.19,3117.82,0.0,19.64,33.57,65.92
2026-09-05T21:59:00+00:00,14.53,12.41,3153.61,0.0,20.52,31.57,69.8
2026-09-05T22:00:00+00:00,17.57,20.8,2972.92,0.0,19.7,33.68,65.31
2026-09-05T22:01:00+00:00,10.86,15.82,3360.2,0.0,19.63,34.89,64.02
2026-09-05T22:02:00+00:00,16.04,18.02,3275.49,0.0,20.27,32.34,67.2
2026-09-05T22:03:00+00:00,14.17,14.31,3091.8,0.0,19.63,32.08,66.26
2026-09-05T22:04:00+00:00,17.82,20.35,3050.7,0.0,19.8,31.67,75.94
2026-09-05T22:05:00+00:00,16.3,18.21,3061.73,0.27,19.63,34.89,64.74
2026-09-05T22:06:00+00:00,16.78,20.12,3168.75,0.0,21.07,32.2,66.54
2026-09-05T22:07:00+00:00,18.36,19.47,3045.61,0.0,19.63,34.78,60.46
2026-09-05T22:08:00+00:00,19.72,21.41,2955.69,0.0,19.63,32.99,65.17
2026-09-05T22:09:00+00:00,13.87,16.6,3284.78,0.0,19.67,33.27,68.68
2026-09-05T22:10:00+00:00,14.07,16.17,3146.14,0.0,20.16,31.97,70.19
2026-09-05T22:11:00+00:00,13.84,16.79,3029.08,0.0,19.63,32.31,67.65
2026-09-05T22:12:00+00:00,20.11,24.62,2958.41,0.39,20.56,31.24,73.06
2026-09-05T22:13:00+00:00,14.21,16.8,2831.27,0.0,21.07,32.0,68.47
2026-09-05T22:14:00+00:00,12.51,15.15,3137.42,0.86,19.63,32.89,66.81
2026-09-05T22:15:00+00:00,16.73,23.83,3064.0,0.0,20.44,32.69,73.87
2026-09-05T22:16:00+00:00,14.57,14.64,2899.38,0.0,20.95,33.77,63.8
2026-09-05T22:17:00+00:00,18.73,19.33,3064.44,0.0,20.68,32.95,67.22
2026-09-05T22:18:00+00:00,13.45,9.58,2842.94,0.0,19.63,33.34,71.52
2026-09-05T22:19:00+00:00,15.49,16.37,2814.84,0.0,20.72,33.68,64.7
2026-09-05T22:20:00+00:00,12.35,11.8,3286.21,0.4,20.37,32.56,71.36
2026-09-05T22:21:00+00:00,16.12,21.59,2870.76,0.0,19.79,32.78,68.68
2026-09-05T22:22:00+00:00,15.37,13.32,2966.82,0.0,21.1,33.91,61.72
2026-09-05T22:23:00+00:00,17.57,18.55,3154.43,0.0,21.01,32.72,70.08
2026-09-05T22:24:00+00:00,14.6,12.73,2811.92,1.11,20.52,33.54,69.26
2026-09-05T22:25:00+00:00,12.28,14.36,3007.65,0.0,19.67,32.46,65.48
2026-09-05T22:26:00+00:00,13.63,19.55,3039.68,0.0,19.63,32.18,66.78
2026-09-05T22:27:00+00:00,18.0,20.78,2961.67,0.0,20.28,32.78,66.19
2026-09-05T22:28:00+00:00,19.84,23.34,2812.7,0.0,19.63,34.26,62.19
2026-09-05T22:29:00+00:00,17.13,22.13,2922.61,0.0,20.73,33.95,64.77
2026-09-05T22:30:00+00:00,12.76,14.86,2852.12,0.0,19.63,32.88,72.08
2026-09-05T22:31:00+00:00,12.42,13.54,2850.64,0.0,19.63,33.12,62.14
2026-09-05T22:32:00+00:00,13.53,17.45,2814.72,0.0,19.63,32.33,66.92
2026-09-05T22:33:00+00:00,13.14,15.3,2902.61,0.0,19.63,34.08,65.48
2026-09-05T22:34:00+00:00,18.24,20.52,2860.39,0.0,20.79,33.42,64.87
2026-09-05T22:35:00+00:00,13.72,10.69,2816.62,0.29,20.83,33.48,63.14
2026-09-05T22:36:00+00:00,9.62,14.24,2930.29,0.0,19.96,33.09,67.17
2026-09-05T22:37:00+00:00,14.93,13.75,3175.45,0.0,19.63,33.87,61.13
2026-09-05T22:38:00+00:00,14.36,16.72,2880.74,0.0,19.99,32.71,68.16
2026-09-05T22:39:00+00:00,20.84,28.3,2979.48,0.0,20.11,34.12,63.07
2026-09-05T22:40:00+00:00,13.82,21.89,2824.56,0.0,20.25,33.65,62.96
2026-09-05T22:41:00+00:00,16.13,20.95,2742.41,0.0,19.63,34.27,61.51
2026-09-05T22:42:00+00:00,18.93,17.8,2845.55,0.0,19.63,34.5,64.81
2026-09-05T22:43:00+00:00,10.94,10.64,2911.86,0.0,20.56,33.27,68.06
2026-09-05T22:44:00+00:00,11.22,12.58,2900.28,0.0,19.63,34.39,64.48
2026-09-05T22:45:00+00:00,10.97,13.87,2708.48,0.0,19.63,34.08,64.81
2026-09-05T22:46:00+00:00,10.64,8.97,2855.07,0.0,20.71,33.23,62.11
2026-09-05T22:47:00+00:00,15.7,12.29,2793.05,0.0,19.63,32.46,67.6
2026-09-05T22:48:00+00:00,15.04,19.81,3114.68,0.0,20.32,33.57,67.96
2026-09-05T22:49:00+00:00,13.16,15.33,3108.14,0.0,19.84,32.28,66.94
2026-09-05T22:50:00+00:00,14.71,21.46,2907.64,0.44,19.71,31.58,70.49
2026-09-05T22:51:00+00:00,18.72,20.63,2671.83,0.0,19.63,32.92,71.59
2026-09-05T22:52:00+00:00,14.78,14.83,2786.68,0.0,19.77,33.7,64.12
2026-09-05T22:53:00+00:00,18.29,17.78,2884.03,0.36,21.12,33.89,64.29
2026-09-05T22:54:00+00:00,15.15,15.8,2791.21,0.0,19.66,33.33,63.04
2026-09-05T22:55:00+00:00,15.92,16.21,2965.68,0.0,19.63,33.05,64.84
2026-09-05T22:56:00+00:00,9.8,8.37,2956.98,0.0,20.5,34.02,62.04
2026-09-05T22:57:00+00:00,12.79,14.19,2947.93,0.0,20.43,31.2,75.37
2026-09-05T22:58:00+00:00,11.7,14.21,2812.41,0.48,19.78,32.13,68.77
2026-09-05T22:59:00+00:00,13.69,17.6,2944.4,0.0,19.63,33.56,67.47
2026-09-05T23:00:00+00:00,22.1,28.73,3065.76,0.02,20.16,32.8,67.04
2026-09-05T23:01:00+00:00,12.04,10.79,3042.13,0.24,19.63,31.82,76.52
2026-09-05T23:02:00+00:00,17.4,16.51,2906.18,0.0,19.63,31.37,70.9
2026-09-05T23:03:00+00:00,12.46,13.01,2942.46,0.0,19.72,33.82,61.79
2026-09-05T23:04:00+00:00,9.12,7.99,2704.57,0.0,20.67,32.76,68.79
2026-09-05T23:05:00+00:00,18.72,18.82,3106.16,0.0,21.04,33.63,66.89
2026-09-05T23:06:00+00:00,13.1,11.8,2862.21,0.0,20.96,34.66,61.1
2026-09-05T23:07:00+00:00,16.78,21.13,3089.69,0.62,19.86,32.43,71.38
2026-09-05T23:08:00+00:00,17.01,19.87,2766.19,0.0,19.63,31.93,71.73
2026-09-05T23:09:00+00:00,9.8,9.0,2951.64,0.14,20.9,33.41,63.86
2026-09-05T23:10:00+00:00,14.71,18.85,2648.54,0.0,19.63,32.99,68.38
2026-09-05T23:11:00+00:00,13.38,10.81,2786.13,0.0,20.62,32.78,66.91
2026-09-05T23:12:00+00:00,10.45,11.43,2627.39,0.0,21.07,34.14,61.39
2026-09-05T23:13:00+00:00,17.06,21.9,2459.45,0.0,19.63,32.93,62.69
2026-09-05T23:14:00+00:00,13.41,17.73,2515.63,0.0,20.76,33.31,69.16
2026-09-05T23:15:00+00:00,14.14,17.92,2977.86,0.0,19.63,32.3,65.69
2026-09-05T23:16:00+00:00,21.88,29.19,2870.43,0.04,19.63,33.15,60.5
2026-09-05T23:17:00+00:00,14.91,13.87,3058.9,0.0,19.63,32.89,65.96
2026-09-05T23:18:00+00:00,19.3,23.81,2766.04,0.29,19.63,33.36,72.27
2026-09-05T23:19:00+00:00,15.08,18.01,2747.56,0.0,19.63,33.67,67.98
2026-09-05T23:20:00+00:00,14.98,14.7,2863.7,0.0,19.63,31.41,75.41
2026-09-05T23:21:00+00:00,13.26,17.41,2818.61,1.26,19.63,32.85,64.48
2026-09-05T23:22:00+00:00,18.76,17.57,2665.82,0.0,20.03,34.07,62.93
2026-09-05T23:23:00+00:00,14.53,14.5,2637.1,0.0,19.63,33.8,62.35
2026-09-05T23:24:00+00:00,15.3,20.3,2756.07,0.45,19.63,33.68,69.91
2026-09-05T23:25:00+00:00,16.09,19.19,2795.39,0.0,19.63,32.08,66.29
2026-09-05T23:26:00+00:00,18.53,20.32,2756.1,0.0,19.63,33.63,61.32
2026-09-05T23:27:00+00:00,11.74,13.48,2840.35,0.0,19.63,33.17,73.81
2026-09-05T23:28:00+00:00,14.57,17.89,2920.41,0.0,20.3,33.65,66.52
2026-09-05T23:29:00+00:00,15.68,13.51,2775.4,0.0,19.63,33.71,65.63
2026-09-05T23:30:00+00:00,15.78,23.17,3007.09,0.63,19.63,32.2,72.45
2026-09-05T23:31:00+00:00,16.28,20.44,2641.73,0.0,19.63,33.09,70.45
2026-09-05T23:32:00+00:00,14.61,16.09,2790.31,0.2,19.63,31.73,70.39
2026-09-05T23:33:00+00:00,11.26,10.29,2761.55,0.0,19.82,32.58,63.94
2026-09-05T23:34:00+00:00,12.65,11.76,3086.58,1.17,19.74,31.54,67.67
2026-09-05T23:35:00+00:00,17.53,13.71,2559.36,0.0,19.63,33.01,70.18
2026-09-05T23:36:00+00:00,16.57,18.27,2713.28,0.0,20.24,31.88,71.79
2026-09-05T23:37:00+00:00,18.71,28.76,2522.6,1.21,19.63,32.5,68.85
2026-09-05T23:38:00+00:00,13.37,12.36,2597.02,0.0,19.63,32.06,65.67
2026-09-05T23:39:00+00:00,13.15,12.42,2646.53,0.53,19.9,33.19,70.6
2026-09-05T23:40:00+00:00,15.44,18.27,2645.27,0.0,20.03,32.98,58.11
2026-09-05T23:41:00+00:00,15.15,15.66,2823.79,0.0,19.63,33.0,63.89
2026-09-05T23:42:00+00:00,12.32,10.64,2810.29,0.27,20.45,32.91,62.9
2026-09-05T23:43:00+00:00,14.83,14.24,2673.89,0.49,19.66,32.94,66.88
2026-09-05T23:44:00+00:00,20.68,19.22,2564.58,0.73,19.78,33.15,68.68
2026-09-05T23:45:00+00:00,15.17,16.35,2633.81,0.0,19.63,32.91,69.64
2026-09-05T23:46:00+00:00,17.17,22.25,2432.06,0.0,19.89,32.32,62.51
2026-09-05T23:47:00+00:00,12.91,17.64,2883.12,0.0,19.83,31.98,71.59
2026-09-05T23:48:00+00:00,14.48,18.36,2624.18,0.0,20.87,31.55,69.76
2026-09-05T23:49:00+00:00,17.24,21.58,2822.19,0.0,19.74,33.06,65.75
2026-09-05T23:50:00+00:00,17.34,20.87,2555.26,0.58,19.63,33.19,69.77
2026-09-05T23:51:00+00:00,13.21,18.14,2933.39,0.57,19.8,30.25,78.33
2026-09-05T23:52:00+00:00,14.0,13.39,2813.14,0.59,19.76,32.96,66.59
2026-09-05T23:53:00+00:00,19.0,21.9,2749.54,0.0,19.63,32.95,67.1
2026-09-05T23:54:00+00:00,8.68,11.95,2720.63,0.41,19.63,34.39,61.21
2026-09-05T23:55:00+00:00,14.12,17.01,2560.5,0.0,21.1,34.13,62.58
2026-09-05T23:56:00+00:00,11.5,14.77,2733.88,0.65,19.63,33.73,62.87
2026-09-05T23:57:00+00:00,16.83,21.36,2733.7,0.0,20.57,33.49,67.93
2026-09-05T23:58:00+00:00,18.83,26.62,2793.87,0.0,20.15,34.26,61.02
2026-09-05T23:59:00+00:00,16.33,15.35,2901.01,0.0,19.63,32.29,69.56
2026-09-06T00:00:00+00:00,20.55,23.86,2605.87,0.0,21.07,33.29,67.22
2026-09-06T00:01:00+00:00,16.1,16.78,2593.64,0.0,21.12,32.34,69.45
2026-09-06T00:02:00+00:00,11.79,9.49,2689.02,0.0,20.61,31.24,67.2
2026-09-06T00:03:00+00:00,10.26,15.95,2591.43,0.0,19.63,32.93,65.07
2026-09-06T00:04:00+00:00,12.39,17.26,2616.52,1.44,19.63,33.83,67.27
2026-09-06T00:05:00+00:00,9.17,10.42,2572.4,0.32,20.33,30.7,68.41
2026-09-06T00:06:00+00:00,10.77,7.5,2485.45,0.74,20.88,32.25,66.34
2026-09-06T00:07:00+00:00,10.33,18.81,2527.61,0.0,20.63,31.65,68.19
2026-09-06T00:08:00+00:00,8.0,7.53,2669.18,0.0,19.63,32.31,71.07
2026-09-06T00:09:00+00:00,15.28,16.71,2736.74,0.0,19.63,31.74,69.41
2026-09-06T00:10:00+00:00,17.47,21.49,2673.05,0.17,19.63,33.76,65.71
2026-09-06T00:11:00+00:00,20.52,24.55,2801.43,0.0,19.74,33.15,68.77
2026-09-06T00:12:00+00:00,12.31,13.01,2991.06,0.0,20.89,33.04,65.18
2026-09-06T00:13:00+00:00,8.0,9.79,2720.1,0.0,19.63,31.76,67.44
2026-09-06T00:14:00+00:00,17.4,19.66,2494.53,0.0,20.05,32.31,73.77
2026-09-06T00:15:00+00:00,25.41,28.1,2693.48,0.0,19.63,32.91,70.07
2026-09-06T00:16:00+00:00,23.84,27.51,2724.16,0.87,20.73,32.26,69.57
2026-09-06T00:17:00+00:00,20.38,18.08,2749.85,0.0,21.0,31.64,69.3
2026-09-06T00:18:00+00:00,24.34,25.53,2637.96,0.85,19.63,31.92,68.44
2026-09-06T00:19:00+00:00,15.32,19.37,2640.84,0.0,20.23,32.26,65.5
2026-09-06T00:20:00+00:00,23.43,27.37,2675.25,0.91,20.34,31.8,68.35
2026-09-06T00:21:00+00:00,20.1,20.7,2793.46,0.0,19.63,32.6,74.27
2026-09-06T00:22:00+00:00,27.31,38.46,2431.44,1.0,19.63,33.2,71.25
2026-09-06T00:23:00+00:00,20.32,20.21,2521.93,0.0,20.15,33.27,74.27
2026-09-06T00:24:00+00:00,29.65,32.01,2313.52,0.0,19.63,33.46,67.52
2026-09-06T00:25:00+00:00,13.22,17.5,2565.82,0.0,20.64,31.78,66.93
2026-09-06T00:26:00+00:00,22.97,23.09,2595.94,0.0,19.63,33.36,62.15
2026-09-06T00:27:00+00:00,14.02,14.05,2989.69,0.0,20.22,32.32,65.87
2026-09-06T00:28:00+00:00,14.94,18.78,2538.56,0.0,19.63,31.42,68.09
2026-09-06T00:29:00+00:00,21.25,23.67,2645.51,0.0,20.35,32.64,72.4
2026-09-06T00:30:00+00:00,15.51,17.18,2488.47,1.07,20.27,33.01,65.69
2026-09-06T00:31:00+00:00,22.14,23.22,2766.36,0.31,20.6,31.03,69.25
2026-09-06T00:32:00+00:00,22.85,23.55,2458.76,0.3,19.63,33.11,65.61
2026-09-06T00:33:00+00:00,16.11,22.33,2630.54,0.0,20.34,33.32,58.82
2026-09-06T00:34:00+00:00,10.6,13.06,2751.08,0.0,20.34,30.27,73.93
2026-09-06T00:35:00+00:00,26.59,29.78,2709.1,0.46,19.63,34.01,63.61
2026-09-06T00:36:00+00:00,11.19,13.04,2646.08,0.0,20.2,33.95,63.67
2026-09-06T00:37:00+00:00,8.04,7.5,2703.88,0.0,19.63,31.36,70.13
2026-09-06T00:38:00+00:00,14.91,12.65,2487.06,0.0,20.54,33.39,62.2
2026-09-06T00:39:00+00:00,17.63,18.68,2660.63,0.35,20.87,32.91,63.83
2026-09-06T00:40:00+00:00,17.96,19.63,5872.61,0.0,19.63,33.48,64.29
2026-09-06T00:41:00+00:00,23.02,25.34,6308.75,0.0,20.2,32.04,66.63
2026-09-06T00:42:00+00:00,8.66,7.5,6492.64,0.0,20.61,34.57,59.88
2026-09-06T00:43:00+00:00,8.0,11.58,5817.75,0.5,20.72,33.17,65.43
2026-09-06T00:44:00+00:00,24.87,23.72,5583.77,0.0,20.36,32.42,62.61
2026-09-06T00:45:00+00:00,8.0,10.71,6436.78,0.14,19.71,31.82,67.75
2026-09-06T00:46:00+00:00,15.49,17.82,6251.48,0.0,19.81,32.99,65.42
2026-09-06T00:47:00+00:00,19.73,23.94,5694.0,0.49,20.32,31.34,71.39
2026-09-06T00:48:00+00:00,27.44,31.75,6317.61,0.27,20.8,32.0,68.01
2026-09-06T00:49:00+00:00,11.25,12.7,5832.69,0.0,19.95,33.16,55.4
2026-09-06T00:50:00+00:00,8.96,14.2,5713.47,0.0,20.34,32.0,68.2
2026-09-06T00:51:00+00:00,8.0,10.34,6312.05,0.48,19.63,32.92,62.23
2026-09-06T00:52:00+00:00,11.61,10.1,5953.4,0.79,21.02,31.91,65.75
2026-09-06T00:53:00+00:00,16.15,16.29,2472.37,0.0,19.63,32.86,64.95
2026-09-06T00:54:00+00:00,12.41,10.73,2318.6,0.0,19.63,32.86,72.88
2026-09-06T00:55:00+00:00,16.43,18.57,2668.68,0.0,19.63,32.42,62.48
2026-09-06T00:56:00+00:00,8.0,8.82,2680.53,0.67,19.63,32.62,67.76
2026-09-06T00:57:00+00:00,16.66,17.53,2857.31,0.0,21.01,32.16,67.77
2026-09-06T00:58:00+00:00,23.34,30.26,2621.87,0.0,20.77,33.32,72.15
2026-09-06T00:59:00+00:00,8.0,7.5,2548.76,0.0,19.67,32.07,65.54
2026-09-06T01:00:00+00:00,18.68,17.47,2734.97,0.14,20.37,31.93,67.78
2026-09-06T01:01:00+00:00,16.56,17.07,2683.48,0.0,19.63,30.79,71.39
2026-09-06T01:02:00+00:00,16.52,15.46,2748.07,0.0,20.34,32.74,64.58
2026-09-06T01:03:00+00:00,15.62,17.65,2444.48,0.0,19.63,32.51,69.13
2026-09-06T01:04:00+00:00,21.16,23.62,2664.43,0.18,19.63,33.03,66.41
2026-09-06T01:05:00+00:00,21.09,22.23,2760.81,0.0,19.63,33.18,67.64
2026-09-06T01:06:00+00:00,20.67,17.61,2558.57,0.0,19.63,31.07,70.91
2026-09-06T01:07:00+00:00,14.91,14.13,2748.79,0.04,20.58,34.55,59.97
2026-09-06T01:08:00+00:00,16.88,14.4,2613.48,0.73,19.86,33.49,63.72
2026-09-06T01:09:00+00:00,15.81,15.99,2396.69,0.27,19.63,32.94,65.3
2026-09-06T01:10:00+00:00,14.49,15.5,2757.74,0.31,19.63,33.17,70.65
2026-09-06T01:11:00+00:00,17.3,20.2,2845.19,0.0,20.99,33.38,64.59
2026-09-06T01:12:00+00:00,14.53,22.65,2603.73,0.0,20.52,32.83,69.12
2026-09-06T01:13:00+00:00,8.0,7.51,2493.54,0.0,19.63,32.57,67.33
2026-09-06T01:14:00+00:00,18.81,18.79,2599.16,0.0,19.87,32.35,65.94
2026-09-06T01:15:00+00:00,20.01,21.63,2685.89,0.0,19.63,33.71,62.63
2026-09-06T01:16:00+00:00,11.48,13.0,2725.53,0.0,19.63,32.97,62.92
2026-09-06T01:17:00+00:00,13.34,18.54,2763.03,0.0,19.63,33.54,62.8
2026-09-06T01:18:00+00:00,9.89,17.24,2530.99,0.0,19.67,33.27,71.48
2026-09-06T01:19:00+00:00,25.81,31.13,2436.48,0.0,19.63,32.76,68.59
2026-09-06T01:20:00+00:00,16.87,20.75,2847.37,0.0,20.89,33.15,66.96
2026-09-06T01:21:00+00:00,9.34,8.24,2800.4,0.0,19.63,32.03,71.22
2026-09-06T01:22:00+00:00,24.48,24.38,2487.5,0.0,20.94,32.38,60.39
2026-09-06T01:23:00+00:00,8.0,9.38,2630.51,0.0,20.94,32.41,71.76
2026-09-06T01:24:00+00:00,8.0,7.81,2796.45,0.0,20.63,32.65,66.06
2026-09-06T01:25:00+00:00,8.0,8.85,2601.34,0.27,20.36,32.45,69.5
2026-09-06T01:26:00+00:00,15.18,18.92,2601.18,0.0,20.7,32.13,65.43
2026-09-06T01:27:00+00:00,22.81,26.75,2457.11,0.65,19.63,33.7,65.31
2026-09-06T01:28:00+00:00,14.96,19.66,2660.2,1.19,20.8,31.76,69.17
2026-09-06T01:29:00+00:00,28.34,31.16,2786.29,0.0,19.63,33.24,70.74
2026-09-06T01:30:00+00:00,17.5,16.68,2425.66,0.0,19.69,32.23,66.12
2026-09-06T01:31:00+00:00,12.47,12.6,2803.61,0.0,19.67,33.16,68.11
2026-09-06T01:32:00+00:00,15.85,13.93,2710.89,0.0,19.63,32.19,65.95
2026-09-06T01:33:00+00:00,10.74,13.9,2724.81,0.0,20.45,32.55,68.86
2026-09-06T01:34:00+00:00,17.14,22.05,2370.75,0.0,19.63,32.24,71.9
2026-09-06T01:35:00+00:00,19.96,21.9,2522.49,0.0,19.63,33.37,67.56
2026-09-06T01:36:00+00:00,18.05,23.14,2643.7,0.0,19.63,32.42,68.55
2026-09-06T01:37:00+00:00,24.64,27.98,2611.0,0.0,19.63,32.02,64.74
2026-09-06T01:38:00+00:00,25.25,26.82,2626.93,0.0,21.12,31.78,70.31
2026-09-06T01:39:00+00:00,12.28,13.81,2783.87,0.0,20.26,32.29,69.97
2026-09-06T01:40:00+00:00,13.1,16.44,2560.79,0.0,19.63,33.95,63.89
2026-09-06T01:41:00+00:00,8.0,12.72,2812.02,0.08,19.63,32.86,63.32
2026-09-06T01:42:00+00:00,18.6,18.9,2574.32,0.0,19.63,31.57,73.6
2026-09-06T01:43:00+00:00,8.0,11.15,2531.22,0.0,19.63,33.08,67.51
2026-09-06T01:44:00+00:00,14.6,18.34,2674.28,0.0,19.63,32.32,70.83
2026-09-06T01:45:00+00:00,10.18,9.93,2609.79,0.0,19.63,34.62,64.6
2026-09-06T01:46:00+00:00,17.31,24.38,2755.96,0.0,19.63,33.64,65.54
2026-09-06T01:47:00+00:00,21.3,25.32,2738.61,0.0,19.63,33.07,64.47
2026-09-06T01:48:00+00:00,21.68,21.17,2766.72,0.0,19.63,31.62,65.2
2026-09-06T01:49:00+00:00,15.59,16.01,2706.17,0.0,20.78,32.59,73.28
2026-09-06T01:50:00+00:00,20.4,23.76,2398.97,0.0,19.97,32.55,67.07
2026-09-06T01:51:00+00:00,17.48,21.53,2751.25,0.66,19.83,31.93,66.96
2026-09-06T01:52:00+00:00,15.37,18.81,2508.29,0.0,20.7,31.66,71.97
2026-09-06T01:53:00+00:00,11.54,15.1,2754.92,0.0,19.63,32.87,68.87
2026-09-06T01:54:00+00:00,12.93,19.95,2452.94,0.0,20.73,32.76,66.42
2026-09-06T01:55:00+00:00,14.01,13.5,2765.11,0.0,19.63,32.63,62.79
2026-09-06T01:56:00+00:00,18.41,19.56,2391.26,1.43,19.87,34.32,59.51
2026-09-06T01:57:00+00:00,21.65,21.21,2631.19,0.0,19.63,31.26,70.84
2026-09-06T01:58:00+00:00,8.0,9.4,2621.22,0.0,19.98,31.66,65.27
2026-09-06T01:59:00+00:00,23.02,30.27,2652.73,0.0,19.81,34.6,64.07
2026-09-06T02:00:00+00:00,14.13,16.02,2576.84,0.0,19.63,32.19,69.94
2026-09-06T02:01:00+00:00,10.9,11.82,2474.24,0.17,19.63,30.7,74.64
2026-09-06T02:02:00+00:00,13.85,17.33,2525.71,0.0,19.63,33.86,63.75
2026-09-06T02:03:00+00:00,11.71,16.53,2508.04,0.0,19.63,33.42,72.68
2026-09-06T02:04:00+00:00,9.05,7.5,2423.12,0.0,19.63,32.66,70.73
2026-09-06T02:05:00+00:00,8.0,10.24,2812.88,0.0,19.63,33.13,62.15
2026-09-06T02:06:00+00:00,15.18,18.72,2854.09,0.0,20.85,32.54,64.71
2026-09-06T02:07:00+00:00,14.03,15.64,2686.12,0.0,20.94,33.11,68.04
2026-09-06T02:08:00+00:00,8.0,8.32,2515.38,0.0,20.17,33.91,62.45
2026-09-06T02:09:00+00:00,27.41,32.45,2538.46,0.0,19.63,32.39,69.38
2026-09-06T02:10:00+00:00,25.89,31.1,2630.58,0.0,20.94,32.87,71.3
2026-09-06T02:11:00+00:00,15.96,25.0,2774.49,1.07,19.65,30.72,74.01
2026-09-06T02:12:00+00:00,13.84,16.15,2506.38,0.75,19.63,33.75,61.84
2026-09-06T02:13:00+00:00,15.0,14.14,2770.87,0.0,19.67,31.68,70.34
2026-09-06T02:14:00+00:00,9.08,14.68,2718.11,0.0,19.84,31.19,71.45
2026-09-06T02:15:00+00:00,21.49,25.25,2544.73,0.0,19.63,34.76,59.11
2026-09-06T02:16:00+00:00,24.93,29.21,2657.64,0.51,20.58,31.95,67.05
2026-09-06T02:17:00+00:00,21.89,25.08,2664.64,1.0,19.63,31.37,76.84
2026-09-06T02:18:00+00:00,10.41,11.64,2696.52,0.0,20.73,33.1,67.78
2026-09-06T02:19:00+00:00,22.9,28.65,2627.63,0.0,21.0,33.63,63.73
2026-09-06T02:20:00+00:00,15.35,18.04,2950.36,0.72,19.63,33.96,60.35
2026-09-06T02:21:00+00:00,10.07,9.35,2970.93,0.0,20.82,32.97,64.3
2026-09-06T02:22:00+00:00,23.52,24.7,2859.72,0.0,19.63,34.03,59.78
2026-09-06T02:23:00+00:00,14.49,19.71,2671.01,0.0,19.63,33.47,63.45
2026-09-06T02:24:00+00:00,8.0,10.65,2844.59,1.1,19.85,32.62,64.25
2026-09-06T02:25:00+00:00,15.5,17.17,2517.21,0.0,20.87,31.78,68.39
2026-09-06T02:26:00+00:00,24.76,31.2,2804.0,0.0,20.61,32.02,64.3
2026-09-06T02:27:00+00:00,14.56,13.9,2602.5,0.0,19.94,33.82,63.93
2026-09-06T02:28:00+00:00,8.77,7.94,2372.78,0.0,19.74,31.69,71.22
2026-09-06T02:29:00+00:00,12.12,14.69,2987.71,0.87,19.63,33.25,74.04
2026-09-06T02:30:00+00:00,14.41,17.09,2647.57,0.0,19.63,33.53,63.71
2026-09-06T02:31:00+00:00,12.54,17.04,2622.63,0.0,20.67,32.66,69.09
2026-09-06T02:32:00+00:00,8.0,13.36,2685.87,0.0,20.18,31.99,72.99
2026-09-06T02:33:00+00:00,11.82,18.04,2824.15,0.0,19.63,32.92,70.42
2026-09-06T02:34:00+00:00,9.87,10.75,2560.25,0.01,21.02,32.36,64.04
2026-09-06T02:35:00+00:00,10.55,15.41,2779.32,0.0,19.63,32.81,60.03
2026-09-06T02:36:00+00:00,12.54,14.3,2442.84,0.77,19.63,32.29,69.47
2026-09-06T02:37:00+00:00,8.0,11.68,2737.95,0.24,20.99,32.77,66.57
2026-09-06T02:38:00+00:00,18.14,17.41,2590.42,0.65,19.63,33.87,58.12
2026-09-06T02:39:00+00:00,17.12,19.5,2565.3,0.0,19.9,32.79,66.13
2026-09-06T02:40:00+00:00,10.19,12.56,2919.11,0.0,19.63,34.34,57.94
2026-09-06T02:41:00+00:00,14.26,15.33,2499.01,0.47,20.01,32.12,73.44
2026-09-06T02:42:00+00:00,18.84,19.65,2428.15,0.0,19.63,33.0,70.63
2026-09-06T02:43:00+00:00,12.11,14.06,2872.72,0.0,20.37,32.72,66.37
2026-09-06T02:44:00+00:00,15.81,19.93,2581.68,0.0,19.63,32.67,70.5
2026-09-06T02:45:00+00:00,16.92,17.25,2793.62,0.43,19.63,33.08,66.38
2026-09-06T02:46:00+00:00,12.07,16.14,2816.93,0.11,19.63,33.11,66.63
2026-09-06T02:47:00+00:00,12.31,10.77,2582.6,0.0,19.63,31.26,74.76
2026-09-06T02:48:00+00:00,22.97,25.45,2524.23,0.0,19.63,33.43,63.75
2026-09-06T02:49:00+00:00,16.97,21.59,2667.35,0.0,20.11,33.07,66.24
2026-09-06T02:50:00+00:00,20.5,24.44,2739.35,0.0,20.82,34.33,63.63
2026-09-06T02:51:00+00:00,18.04,15.76,2690.99,0.0,19.63,31.65,72.41
2026-09-06T02:52:00+00:00,10.65,10.68,2376.23,0.0,19.63,33.12,63.73
2026-09-06T02:53:00+00:00,22.61,31.5,2289.75,0.0,19.82,32.45,64.35
2026-09-06T02:54:00+00:00,14.99,19.18,2833.65,0.0,19.63,31.17,71.01
2026-09-06T02:55:00+00:00,23.31,25.92,2238.82,0.0,20.99,33.04,59.86
2026-09-06T02:56:00+00:00,13.09,17.39,2635.68,0.08,20.21,32.44,67.76
2026-09-06T02:57:00+00:00,12.37,13.62,2575.61,0.0,19.78,34.32,64.06
2026-09-06T02:58:00+00:00,13.01,15.07,2577.08,0.0,19.7,33.76,66.83
2026-09-06T02:59:00+00:00,8.54,12.72,2745.38,0.07,19.63,32.63,63.24
2026-09-06T03:00:00+00:00,13.77,15.01,2632.03,0.0,19.63,33.02,69.59
2026-09-06T03:01:00+00:00,20.67,20.37,2736.37,0.0,20.99,33.41,70.14
2026-09-06T03:02:00+00:00,16.73,21.52,2801.21,0.0,19.63,32.43,70.51
2026-09-06T03:03:00+00:00,9.29,7.5,2880.39,0.25,19.63,35.01,60.3
2026-09-06T03:04:00+00:00,12.55,14.98,2598.23,0.77,20.09,32.15,73.14
2026-09-06T03:05:00+00:00,15.13,17.48,2527.32,0.0,19.63,32.52,64.8
2026-09-06T03:06:00+00:00,16.49,23.29,2556.8,0.0,19.63,33.81,63.48
2026-09-06T03:07:00+00:00,16.47,17.21,2657.86,0.0,19.9,34.06,60.43
2026-09-06T03:08:00+00:00,17.75,21.64,2856.78,0.0,19.63,33.39,66.68
2026-09-06T03:09:00+00:00,12.6,7.78,2533.8,0.0,20.42,32.84,65.05
2026-09-06T03:10:00+00:00,19.73,23.28,2763.36,0.93,19.63,34.51,62.66
2026-09-06T03:11:00+00:00,12.28,13.94,2861.77,1.4,19.63,33.34,60.75
2026-09-06T03:12:00+00:00,17.66,22.46,2744.27,0.63,19.78,32.68,66.99
2026-09-06T03:13:00+00:00,18.33,20.67,2523.59,0.0,20.06,32.35,69.27
2026-09-06T03:14:00+00:00,12.92,15.99,2797.76,0.0,20.23,33.69,61.86
2026-09-06T03:15:00+00:00,11.63,15.02,2738.14,0.0,19.63,33.07,67.55
2026-09-06T03:16:00+00:00,15.5,16.47,2428.92,0.0,20.87,32.48,67.48
2026-09-06T03:17:00+00:00,11.84,13.62,2876.36,1.01,20.77,32.36,69.29
2026-09-06T03:18:00+00:00,12.39,17.68,2539.95,0.0,19.63,33.06,70.78
2026-09-06T03:19:00+00:00,14.09,16.74,2575.26,0.0,21.11,33.04,69.72
2026-09-06T03:20:00+00:00,8.0,8.32,2588.71,0.0,19.78,32.96,63.78
2026-09-06T03:21:00+00:00,8.0,12.24,2678.44,1.0,19.63,32.95,64.69
2026-09-06T03:22:00+00:00,15.31,17.42,2791.26,0.0,19.77,32.52,68.12
2026-09-06T03:23:00+00:00,13.62,17.92,2760.24,0.25,20.05,33.17,64.76
2026-09-06T03:24:00+00:00,10.04,12.22,2694.83,1.06,19.63,32.5,68.24
2026-09-06T03:25:00+00:00,13.05,13.77,2597.42,0.0,20.07,33.31,67.68
2026-09-06T03:26:00+00:00,13.04,15.46,2823.32,0.0,20.24,33.21,66.4
2026-09-06T03:27:00+00:00,9.95,7.56,2771.81,0.0,21.08,33.39,61.9
2026-09-06T03:28:00+00:00,11.99,15.26,2494.64,0.0,20.82,32.92,66.28
2026-09-06T03:29:00+00:00,17.32,20.57,2499.87,0.0,20.24,33.56,62.99
2026-09-06T03:30:00+00:00,15.34,16.64,2832.95,0.0,20.84,33.13,65.74
2026-09-06T03:31:00+00:00,22.44,28.75,2562.89,0.79,19.63,32.66,66.41
2026-09-06T03:32:00+00:00,14.32,15.73,2453.09,0.0,19.63,33.07,59.64
2026-09-06T03:33:00+00:00,11.62,12.04,2603.39,0.56,19.63,33.07,63.49
2026-09-06T03:34:00+00:00,23.27,33.81,2968.57,0.0,19.63,33.79,66.02
2026-09-06T03:35:00+00:00,8.0,11.39,2651.04,0.0,19.63,31.96,64.36
2026-09-06T03:36:00+00:00,15.92,24.17,2737.87,0.0,19.63,32.84,65.59
2026-09-06T03:37:00+00:00,19.26,23.71,2834.66,0.0,19.63,33.65,62.31
2026-09-06T03:38:00+00:00,16.98,19.07,2669.01,0.85,19.63,34.24,68.87
2026-09-06T03:39:00+00:00,22.28,28.15,2714.12,0.0,20.18,33.12,64.46
2026-09-06T03:40:00+00:00,10.27,16.06,2762.91,0.0,19.86,32.89,65.08
2026-09-06T03:41:00+00:00,16.11,15.88,2594.4,0.45,19.63,33.89,67.31
2026-09-06T03:42:00+00:00,16.38,16.54,2832.31,0.26,19.63,34.23,62.18
2026-09-06T03:43:00+00:00,17.62,12.75,2413.49,0.33,20.58,34.27,65.74
2026-09-06T03:44:00+00:00,9.35,13.04,2700.83,0.44,19.63,33.06,61.75
2026-09-06T03:45:00+00:00,17.83,20.71,2642.63,0.0,19.63,31.03,74.87
2026-09-06T03:46:00+00:00,8.0,16.72,2700.23,0.0,20.04,32.82,63.86
2026-09-06T03:47:00+00:00,16.59,18.26,2724.32,0.0,19.88,35.17,58.29
2026-09-06T03:48:00+00:00,14.8,20.73,2659.73,0.0,19.63,32.54,66.77
2026-09-06T03:49:00+00:00,16.59,20.93,2672.37,0.16,19.63,33.46,65.07
2026-09-06T03:50:00+00:00,13.27,16.25,2830.92,0.0,19.63,33.26,61.02
2026-09-06T03:51:00+00:00,8.0,8.37,2735.86,0.0,20.57,32.66,62.82
2026-09-06T03:52:00+00:00,18.4,16.81,2569.88,0.0,19.63,33.03,63.18
2026-09-06T03:53:00+00:00,17.77,21.53,2796.37,0.0,21.0,33.14,70.21
2026-09-06T03:54:00+00:00,18.15,23.6,2581.41,0.91,20.64,33.8,65.11
2026-09-06T03:55:00+00:00,14.54,17.08,2530.06,0.98,19.63,33.93,61.63
2026-09-06T03:56:00+00:00,14.54,18.7,2704.13,0.0,19.63,32.13,70.54
2026-09-06T03:57:00+00:00,17.9,18.78,2685.91,0.0,19.9,34.59,58.81
2026-09-06T03:58:00+00:00,15.41,17.8,2451.66,0.14,20.69,31.89,75.9
2026-09-06T03:59:00+00:00,22.43,26.15,2723.43,0.09,19.63,32.6,66.84
2026-09-06T04:00:00+00:00,9.08,11.15,2782.22,0.31,20.93,33.45,65.29
2026-09-06T04:01:00+00:00,11.56,13.98,2661.64,0.0,19.63,34.23,60.29
2026-09-06T04:02:00+00:00,20.34,23.01,2768.6,0.0,19.63,32.83,67.47
2026-09-06T04:03:00+00:00,20.13,20.94,2939.09,0.0,20.24,34.11,66.1
2026-09-06T04:04:00+00:00,8.0,8.65,2450.84,0.0,19.96,34.26,60.25
2026-09-06T04:05:00+00:00,18.29,18.02,2828.82,0.0,19.63,32.56,58.59
2026-09-06T04:06:00+00:00,19.31,19.64,2726.11,0.0,19.63,32.11,69.57
2026-09-06T04:07:00+00:00,13.2,15.98,2455.51,0.32,19.63,34.14,61.22
2026-09-06T04:08:00+00:00,10.94,11.43,2430.66,0.2,19.63,31.35,75.9
2026-09-06T04:09:00+00:00,11.94,14.03,2580.89,0.49,19.63,34.19,63.43
2026-09-06T04:10:00+00:00,18.65,18.45,2590.94,0.0,19.63,34.1,57.33
2026-09-06T04:11:00+00:00,15.04,23.72,2713.63,0.0,20.01,34.14,65.87
2026-09-06T04:12:00+00:00,10.6,12.84,2691.95,0.0,20.42,34.65,63.24
2026-09-06T04:13:00+00:00,13.85,17.04,2704.82,0.23,19.63,31.74,70.68
2026-09-06T04:14:00+00:00,22.73,26.6,2587.65,0.0,19.63,34.79,60.81
2026-09-06T04:15:00+00:00,19.35,19.82,2732.9,0.26,20.64,32.11,60.6
2026-09-06T04:16:00+00:00,12.43,11.83,2530.4,0.0,19.63,31.49,72.95
2026-09-06T04:17:00+00:00,14.15,18.72,2620.4,0.0,20.79,34.52,58.18
2026-09-06T04:18:00+00:00,17.53,21.66,2386.54,0.24,19.63,33.32,64.06
2026-09-06T04:19:00+00:00,19.17,26.29,2936.32,0.0,20.53,33.63,64.91
2026-09-06T04:20:00+00:00,20.51,21.22,2805.57,0.0,20.92,32.81,68.48
2026-09-06T04:21:00+00:00,18.68,21.72,2538.4,0.0,19.63,32.98,61.56
2026-09-06T04:22:00+00:00,13.78,19.03,2388.53,0.0,20.49,32.68,70.29
2026-09-06T04:23:00+00:00,18.66,18.62,2807.93,0.0,19.63,34.41,56.33
2026-09-06T04:24:00+00:00,15.58,18.81,2661.83,0.0,19.63,33.67,64.67
2026-09-06T04:25:00+00:00,11.94,13.88,2787.63,0.38,19.63,32.95,69.6
2026-09-06T04:26:00+00:00,16.36,16.38,2645.28,0.0,19.63,34.35,63.53
2026-09-06T04:27:00+00:00,14.34,18.15,2965.98,0.0,19.63,31.81,76.56
2026-09-06T04:28:00+00:00,18.73,26.48,2696.4,0.0,19.84,33.4,68.17
2026-09-06T04:29:00+00:00,12.32,13.21,2836.14,0.48,20.0,32.63,68.67
2026-09-06T04:30:00+00:00,14.81,21.22,2801.67,0.0,19.69,31.99,64.85
2026-09-06T04:31:00+00:00,8.0,15.3,2629.04,0.08,20.99,33.64,63.31
2026-09-06T04:32:00+00:00,20.16,19.38,2582.28,0.0,20.94,33.75,62.72
2026-09-06T04:33:00+00:00,21.21,24.46,2613.73,0.0,20.98,32.29,66.49
2026-09-06T04:34:00+00:00,15.68,17.54,2419.19,0.0,19.63,33.3,65.4
2026-09-06T04:35:00+00:00,18.44,21.92,2562.63,0.0,19.63,34.31,57.66
2026-09-06T04:36:00+00:00,12.76,9.3,2485.45,0.0,20.8,33.53,65.07
2026-09-06T04:37:00+00:00,15.7,15.66,2601.48,0.0,19.63,33.29,69.08
2026-09-06T04:38:00+00:00,17.41,18.25,2517.29,0.93,21.0,35.09,63.3
2026-09-06T04:39:00+00:00,13.69,13.03,2690.67,0.0,19.63,34.61,59.87
2026-09-06T04:40:00+00:00,20.52,24.9,2680.97,0.0,20.53,32.89,71.21
2026-09-06T04:41:00+00:00,8.0,7.5,2662.34,0.32,19.63,33.54,60.76
2026-09-06T04:42:00+00:00,13.71,17.42,2846.31,0.0,20.79,32.84,65.4
2026-09-06T04:43:00+00:00,21.09,21.89,2192.88,0.41,19.63,32.49,63.97
2026-09-06T04:44:00+00:00,15.28,19.62,2774.23,0.0,20.68,33.81,57.63
2026-09-06T04:45:00+00:00,14.35,21.16,2479.43,0.0,20.14,34.89,55.58
2026-09-06T04:46:00+00:00,13.91,13.25,2679.69,0.0,19.63,32.75,60.78
2026-09-06T04:47:00+00:00,13.38,18.95,2419.46,0.0,19.8,34.41,62.73
2026-09-06T04:48:00+00:00,14.31,14.4,2788.24,0.74,19.63,33.82,64.44
2026-09-06T04:49:00+00:00,12.62,14.17,2832.19,0.0,19.63,34.49,60.94
2026-09-06T04:50:00+00:00,16.71,17.57,2812.82,0.0,20.02,35.19,58.98
2026-09-06T04:51:00+00:00,12.6,16.34,3081.54,0.0,19.63,33.45,64.96
2026-09-06T04:52:00+00:00,15.0,18.74,2528.41,0.0,19.63,34.12,63.36
2026-09-06T04:53:00+00:00,16.35,16.12,2781.98,0.88,20.51,34.0,60.85
2026-09-06T04:54:00+00:00,18.61,18.66,2600.28,0.0,19.63,32.92,66.59
2026-09-06T04:55:00+00:00,17.18,22.69,2763.93,0.0,19.63,32.19,68.47
2026-09-06T04:56:00+00:00,10.96,17.16,2730.21,1.28,20.28,33.67,62.43
2026-09-06T04:57:00+00:00,14.8,15.99,2554.31,0.53,19.75,34.73,59.54
2026-09-06T04:58:00+00:00,18.67,19.15,2723.77,0.0,20.43,32.39,69.07
2026-09-06T04:59:00+00:00,14.36,16.56,2803.54,0.0,19.63,32.92,72.2
2026-09-06T05:00:00+00:00,20.08,23.33,2757.01,0.0,19.63,31.52,67.27
2026-09-06T05:01:00+00:00,13.04,17.21,2952.19,0.0,20.36,32.49,63.58
2026-09-06T05:02:00+00:00,14.86,20.96,2782.16,0.0,19.63,33.7,62.83
2026-09-06T05:03:00+00:00,13.38,15.91,2795.19,0.0,21.05,32.94,72.61
2026-09-06T05:04:00+00:00,18.61,21.66,2636.82,0.0,20.92,32.17,69.23
2026-09-06T05:05:00+00:00,9.09,11.86,2560.67,0.0,20.21,33.29,68.56
2026-09-06T05:06:00+00:00,17.64,19.24,2520.7,0.0,19.63,34.62,65.83
2026-09-06T05:07:00+00:00,19.17,24.83,2662.14,0.0,21.1,31.89,65.33
2026-09-06T05:08:00+00:00,15.51,16.83,2911.6,0.0,19.63,33.92,64.74
2026-09-06T05:09:00+00:00,16.92,17.46,2308.48,0.0,19.63,34.93,62.29
2026-09-06T05:10:00+00:00,15.29,19.94,2818.82,0.0,19.84,32.76,69.87
2026-09-06T05:11:00+00:00,18.12,19.74,2681.19,0.0,19.63,32.68,71.41
2026-09-06T05:12:00+00:00,14.76,16.64,2611.77,0.0,19.63,34.38,62.58
2026-09-06T05:13:00+00:00,14.94,13.46,2794.54,0.67,19.63,35.53,59.5
2026-09-06T05:14:00+00:00,13.63,19.72,2956.31,0.35,19.63,33.58,63.73
2026-09-06T05:15:00+00:00,18.51,17.79,2619.42,0.0,19.63,32.51,68.11
2026-09-06T05:16:00+00:00,19.85,19.54,2630.84,0.0,19.63,34.72,59.28
2026-09-06T05:17:00+00:00,11.08,12.25,2561.44,0.0,20.79,32.98,61.44
2026-09-06T05:18:00+00:00,11.3,23.79,2406.32,0.0,19.63,32.22,65.3
2026-09-06T05:19:00+00:00,14.5,18.5,2580.91,0.13,19.63,33.44,64.74
2026-09-06T05:20:00+00:00,17.12,12.76,2663.87,0.0,19.63,33.49,65.07
2026-09-06T05:21:00+00:00,14.86,17.11,2583.57,0.0,19.63,34.47,60.26
2026-09-06T05:22:00+00:00,17.94,20.73,2625.06,0.0,19.63,35.15,65.16
2026-09-06T05:23:00+00:00,12.51,14.05,2963.06,0.74,19.63,33.36,65.41
2026-09-06T05:24:00+00:00,16.68,15.66,2950.57,0.43,19.63,34.48,63.26
2026-09-06T05:25:00+00:00,12.96,14.94,2582.22,0.0,20.38,32.85,62.8
2026-09-06T05:26:00+00:00,15.26,15.4,2560.57,0.0,19.63,34.63,57.2
2026-09-06T05:27:00+00:00,14.77,16.75,2633.88,0.0,19.63,33.53,59.39
2026-09-06T05:28:00+00:00,14.31,12.76,2832.88,0.0,19.63,32.78,68.07
2026-09-06T05:29:00+00:00,15.14,24.02,2573.06,0.0,20.0,34.49,61.96
2026-09-06T05:30:00+00:00,14.74,20.23,2921.47,0.38,19.72,34.31,56.9
2026-09-06T05:31:00+00:00,16.95,23.42,2893.62,0.0,20.39,33.74,62.74
2026-09-06T05:32:00+00:00,20.37,22.96,2845.81,0.0,21.11,31.47,75.16
2026-09-06T05:33:00+00:00,11.73,10.48,2508.57,0.1,20.47,34.21,65.59
2026-09-06T05:34:00+00:00,14.16,16.49,2801.5,0.0,19.63,34.26,59.23
2026-09-06T05:35:00+00:00,16.43,24.76,2408.88,0.61,19.96,33.86,60.5
2026-09-06T05:36:00+00:00,15.37,15.39,2830.01,0.0,20.95,34.05,63.43
2026-09-06T05:37:00+00:00,11.3,19.39,2738.61,0.0,20.46,32.87,62.42
2026-09-06T05:38:00+00:00,16.66,19.04,2754.12,0.0,19.63,33.09,60.13
2026-09-06T05:39:00+00:00,17.84,22.65,2418.07,0.18,20.43,32.35,65.85
2026-09-06T05:40:00+00:00,8.82,9.7,2523.93,0.0,19.63,35.12,62.96
2026-09-06T05:41:00+00:00,14.57,19.05,2554.99,0.0,19.73,32.66,61.84
2026-09-06T05:42:00+00:00,16.94,21.21,2828.07,0.0,21.04,34.16,63.68
2026-09-06T05:43:00+00:00,14.94,17.91,2534.55,0.0,19.94,34.12,65.78
2026-09-06T05:44:00+00:00,13.84,22.61,2779.67,0.0,19.63,32.36,67.02
2026-09-06T05:45:00+00:00,15.96,23.58,2788.57,0.0,20.69,33.7,65.4
2026-09-06T05:46:00+00:00,12.56,13.87,2519.28,0.0,19.63,33.51,63.56
2026-09-06T05:47:00+00:00,17.19,15.47,2547.68,0.0,21.08,34.18,61.67
2026-09-06T05:48:00+00:00,14.82,14.14,2512.74,0.75,19.72,33.55,62.2
2026-09-06T05:49:00+00:00,17.45,19.55,2867.85,0.0,20.01,34.16,59.16
2026-09-06T05:50:00+00:00,13.51,17.7,2474.74,0.48,19.63,32.56,68.01
2026-09-06T05:51:00+00:00,18.82,16.44,2746.38,0.0,21.08,33.99,61.85
2026-09-06T05:52:00+00:00,9.83,8.69,2719.82,0.0,20.65,32.91,69.15
2026-09-06T05:53:00+00:00,16.55,15.73,2486.92,0.0,20.83,34.11,60.59
2026-09-06T05:54:00+00:00,18.28,21.31,2790.68,0.0,19.63,33.16,68.43
2026-09-06T05:55:00+00:00,15.54,26.2,2770.93,0.0,20.5,32.04,65.87
2026-09-06T05:56:00+00:00,13.17,14.85,2828.58,0.0,19.63,33.47,63.82
2026-09-06T05:57:00+00:00,16.05,19.92,2639.42,0.0,20.45,33.16,69.07
2026-09-06T05:58:00+00:00,17.58,20.03,2598.14,0.2,21.08,35.4,57.48
2026-09-06T05:59:00+00:00,12.88,16.3,2564.66,0.0,19.63,34.35,61.5
2026-09-06T06:00:00+00:00,15.55,15.71,2899.96,0.0,20.62,33.04,65.09
2026-09-06T06:01:00+00:00,16.24,16.98,2737.42,0.77,20.05,34.49,59.45
2026-09-06T06:02:00+00:00,17.17,19.01,2548.81,0.0,19.63,32.54,68.43
2026-09-06T06:03:00+00:00,20.14,22.89,2675.8,0.0,19.63,34.15,64.56
2026-09-06T06:04:00+00:00,13.24,15.7,2589.49,0.68,20.59,32.48,68.79
2026-09-06T06:05:00+00:00,17.06,18.13,2956.47,0.0,19.63,34.66,57.84
2026-09-06T06:06:00+00:00,9.06,7.5,2487.74,0.0,20.25,32.92,68.37
2026-09-06T06:07:00+00:00,16.25,15.76,2687.25,0.0,19.98,33.63,64.06
2026-09-06T06:08:00+00:00,10.82,10.71,2533.33,0.0,19.63,32.92,61.58
2026-09-06T06:09:00+00:00,18.75,21.24,2562.99,0.0,20.48,33.32,59.8
2026-09-06T06:10:00+00:00,12.63,8.86,2586.41,0.0,19.63,35.76,55.61
2026-09-06T06:11:00+00:00,12.71,15.07,2809.25,0.29,19.63,35.71,53.9
2026-09-06T06:12:00+00:00,13.2,18.61,2844.23,0.0,21.11,33.57,60.89
2026-09-06T06:13:00+00:00,13.32,15.33,2715.13,1.79,19.63,32.73,69.2
2026-09-06T06:14:00+00:00,16.76,17.3,2613.69,0.0,20.02,32.9,65.68
2026-09-06T06:15:00+00:00,17.39,14.98,2767.18,0.0,20.44,34.67,60.08
2026-09-06T06:16:00+00:00,15.87,23.76,2777.08,0.0,20.2,33.39,66.72
2026-09-06T06:17:00+00:00,18.46,25.47,2548.05,0.0,20.65,33.96,67.62
2026-09-06T06:18:00+00:00,19.18,21.06,2507.45,0.0,19.63,35.02,65.79
2026-09-06T06:19:00+00:00,14.22,13.18,2641.28,0.81,19.63,34.2,60.31
2026-09-06T06:20:00+00:00,9.95,7.5,2718.63,0.0,20.51,33.49,64.33
2026-09-06T06:21:00+00:00,19.05,16.22,2726.07,0.0,19.63,34.2,61.02
2026-09-06T06:22:00+00:00,19.31,21.92,2753.98,0.0,19.91,33.58,64.88
2026-09-06T06:23:00+00:00,15.61,19.71,2936.47,0.0,19.82,31.76,77.87
2026-09-06T06:24:00+00:00,14.83,16.46,2504.2,0.0,19.63,34.27,68.51
2026-09-06T06:25:00+00:00,16.84,19.26,2938.95,0.0,19.63,34.26,65.33
2026-09-06T06:26:00+00:00,17.76,19.81,2986.22,0.0,19.63,34.68,59.67
2026-09-06T06:27:00+00:00,18.08,15.67,2560.0,0.0,19.63,34.14,58.63
2026-09-06T06:28:00+00:00,15.49,19.36,2664.56,0.0,20.41,32.74,67.81
2026-09-06T06:29:00+00:00,15.37,14.09,2570.83,0.0,20.02,34.55,61.47
2026-09-06T06:30:00+00:00,14.98,20.74,2618.9,0.0,20.12,34.52,65.7
2026-09-06T06:31:00+00:00,17.82,17.04,3095.41,0.43,19.63,35.98,61.85
2026-09-06T06:32:00+00:00,14.39,15.05,2561.14,0.0,20.62,33.7,57.72
2026-09-06T06:33:00+00:00,16.68,21.62,2761.15,0.96,20.49,35.14,60.83
2026-09-06T06:34:00+00:00,10.68,9.94,2982.81,0.0,20.17,34.49,67.48
2026-09-06T06:35:00+00:00,13.38,16.63,2370.11,0.0,19.63,34.41,64.35
2026-09-06T06:36:00+00:00,19.8,22.61,2607.36,0.0,20.86,35.48,56.93
2026-09-06T06:37:00+00:00,17.67,23.3,2658.94,0.0,19.63,33.81,64.28
2026-09-06T06:38:00+00:00,13.53,18.29,2917.72,0.0,19.63,35.64,61.61
2026-09-06T06:39:00+00:00,17.33,11.64,2622.83,0.0,19.63,34.27,64.15
2026-09-06T06:40:00+00:00,14.32,15.75,2661.66,0.0,19.63,32.86,71.57
2026-09-06T06:41:00+00:00,10.87,14.79,2978.84,0.0,19.63,34.6,68.09
2026-09-06T06:42:00+00:00,16.29,19.68,2618.79,0.0,20.45,34.9,56.97
2026-09-06T06:43:00+00:00,24.52,23.33,2658.57,0.0,19.89,34.26,59.43
2026-09-06T06:44:00+00:00,18.28,23.99,2729.57,0.58,20.39,34.49,57.54
2026-09-06T06:45:00+00:00,15.35,18.59,2844.23,0.0,20.14,34.01,64.75
2026-09-06T06:46:00+00:00,19.65,23.4,2727.18,0.0,19.63,33.73,65.89
2026-09-06T06:47:00+00:00,19.46,21.54,2852.23,0.0,20.89,36.05,53.8
2026-09-06T06:48:00+00:00,15.19,16.24,2916.23,0.51,19.63,33.03,64.58
2026-09-06T06:49:00+00:00,13.04,11.76,2742.15,0.0,20.93,34.99,64.51
2026-09-06T06:50:00+00:00,17.08,18.14,2734.23,0.0,19.65,34.32,61.81
2026-09-06T06:51:00+00:00,15.28,15.51,2881.55,0.0,19.63,35.22,58.73
2026-09-06T06:52:00+00:00,13.7,11.5,2637.48,0.0,20.19,34.07,66.34
2026-09-06T06:53:00+00:00,14.23,18.65,2680.82,0.0,19.63,34.36,56.22
2026-09-06T06:54:00+00:00,12.44,13.27,2703.4,0.0,19.63,34.69,62.99
2026-09-06T06:55:00+00:00,16.39,23.54,2777.42,0.0,21.06,33.46,66.14
2026-09-06T06:56:00+00:00,17.3,15.7,2726.02,0.0,20.48,35.37,63.18
2026-09-06T06:57:00+00:00,17.51,17.2,2604.24,0.0,19.63,34.13,62.77
2026-09-06T06:58:00+00:00,16.37,17.58,2996.82,0.0,20.33,34.72,60.6
2026-09-06T06:59:00+00:00,13.74,16.08,2704.81,0.42,19.63,34.51,67.69
2026-09-06T07:00:00+00:00,12.39,15.77,2856.26,0.0,19.63,34.07,59.61
2026-09-06T07:01:00+00:00,16.56,18.68,2631.28,0.0,20.7,33.56,64.55
2026-09-06T07:02:00+00:00,14.3,14.21,3044.85,0.0,19.74,34.42,64.53
2026-09-06T07:03:00+00:00,24.81,25.59,2762.95,0.47,19.63,35.11,59.87
2026-09-06T07:04:00+00:00,17.37,16.71,2881.9,0.0,20.64,34.77,67.0
2026-09-06T07:05:00+00:00,11.59,12.92,2981.63,0.0,20.87,33.97,64.07
2026-09-06T07:06:00+00:00,16.76,22.2,2856.11,0.0,20.5,35.11,62.43
2026-09-06T07:07:00+00:00,16.86,20.96,2937.55,0.62,20.55,33.59,65.36
2026-09-06T07:08:00+00:00,14.98,12.41,3074.05,0.0,20.79,33.9,68.17
2026-09-06T07:09:00+00:00,16.49,18.03,2771.33,0.0,19.63,34.91,59.34
2026-09-06T07:10:00+00:00,16.58,22.88,2992.19,1.45,20.94,35.17,59.88
2026-09-06T07:11:00+00:00,20.35,19.64,2577.79,0.0,20.77,33.47,65.4
2026-09-06T07:12:00+00:00,14.26,19.87,2979.38,0.0,19.63,36.32,58.7
2026-09-06T07:13:00+00:00,18.38,23.21,2874.65,0.78,19.63,34.23,64.21
2026-09-06T07:14:00+00:00,12.51,16.46,2742.54,0.0,19.63,35.42,61.77
2026-09-06T07:15:00+00:00,16.34,22.0,2931.61,0.0,20.35,33.17,66.71
2026-09-06T07:16:00+00:00,11.95,14.19,2972.65,0.0,19.9,33.38,63.73
2026-09-06T07:17:00+00:00,18.79,24.7,2860.11,0.0,19.63,32.5,65.05
2026-09-06T07:18:00+00:00,10.19,12.04,2624.56,0.0,19.63,34.06,68.68
2026-09-06T07:19:00+00:00,13.04,14.24,2688.0,0.0,20.0,36.33,56.4
2026-09-06T07:20:00+00:00,15.36,15.85,2999.21,0.07,20.79,34.09,66.84
2026-09-06T07:21:00+00:00,15.25,19.52,2729.68,0.0,19.63,36.5,61.08
2026-09-06T07:22:00+00:00,10.03,7.79,2819.77,0.0,19.8,33.83,66.23
2026-09-06T07:23:00+00:00,17.85,12.4,3144.9,0.0,19.7,33.62,64.45
2026-09-06T07:24:00+00:00,12.4,14.12,2937.25,0.0,19.63,32.67,67.5
2026-09-06T07:25:00+00:00,14.15,16.64,2712.45,0.0,20.6,33.62,59.06
2026-09-06T07:26:00+00:00,15.32,21.4,3223.98,0.0,20.05,34.67,57.84
2026-09-06T07:27:00+00:00,14.52,19.34,2983.24,0.0,19.63,34.75,57.71
2026-09-06T07:28:00+00:00,15.24,12.25,2837.08,1.25,19.63,33.78,64.43
2026-09-06T07:29:00+00:00,13.37,12.4,2855.95,0.26,19.84,35.13,64.29
2026-09-06T07:30:00+00:00,18.31,20.85,2849.8,0.0,19.63,36.17,51.92
2026-09-06T07:31:00+00:00,19.15,26.92,2899.74,0.0,21.01,34.14,65.65
2026-09-06T07:32:00+00:00,17.08,21.35,3038.53,1.37,19.63,34.52,60.78
2026-09-06T07:33:00+00:00,13.5,11.59,2821.05,0.0,20.11,34.8,60.23
2026-09-06T07:34:00+00:00,19.32,21.56,3030.58,0.58,19.96,34.24,63.44
2026-09-06T07:35:00+00:00,15.92,15.91,2717.79,0.39,21.05,34.26,60.94
2026-09-06T07:36:00+00:00,20.53,28.88,2569.07,0.0,20.85,35.23,60.55
2026-09-06T07:37:00+00:00,17.77,20.45,3052.51,0.0,19.63,34.07,65.02
2026-09-06T07:38:00+00:00,14.13,16.68,3101.73,0.0,21.07,33.67,60.17
2026-09-06T07:39:00+00:00,13.48,12.89,3068.22,0.0,20.21,33.05,70.46
2026-09-06T07:40:00+00:00,8.83,9.87,2796.5,0.0,20.29,34.23,63.54
2026-09-06T07:41:00+00:00,15.16,17.84,2769.22,0.0,19.63,34.07,63.15
2026-09-06T07:42:00+00:00,14.18,16.93,2876.71,0.54,19.83,36.43,54.79
2026-09-06T07:43:00+00:00,18.12,24.96,2910.67,0.0,19.63,34.73,66.45
2026-09-06T07:44:00+00:00,13.8,15.81,3213.49,0.0,19.65,35.34,56.51
2026-09-06T07:45:00+00:00,14.23,14.39,2808.89,0.0,19.63,33.82,62.96
2026-09-06T07:46:00+00:00,13.93,19.11,3069.76,0.86,20.18,34.14,61.39
2026-09-06T07:47:00+00:00,14.59,13.32,3287.98,0.11,21.03,34.51,61.94
2026-09-06T07:48:00+00:00,17.59,22.52,2678.75,0.0,20.33,35.85,60.03
2026-09-06T07:49:00+00:00,14.62,17.03,3028.41,0.0,19.99,34.45,66.06
2026-09-06T07:50:00+00:00,18.96,24.31,2943.74,0.37,20.06,33.01,64.28
2026-09-06T07:51:00+00:00,14.75,20.34,2944.59,0.0,19.95,35.08,60.29
2026-09-06T07:52:00+00:00,15.55,19.59,3217.82,0.0,20.23,33.9,62.78
2026-09-06T07:53:00+00:00,19.21,22.51,2745.85,0.0,20.61,34.82,59.31
2026-09-06T07:54:00+00:00,17.7,19.21,2942.38,0.0,20.23,36.38,56.44
2026-09-06T07:55:00+00:00,16.33,17.81,2962.65,0.07,20.45,34.09,63.01
2026-09-06T07:56:00+00:00,13.4,17.25,3145.27,0.98,20.99,34.38,61.08
2026-09-06T07:57:00+00:00,18.94,15.92,2984.63,0.0,20.17,34.95,51.47
2026-09-06T07:58:00+00:00,12.01,14.88,2947.94,0.0,20.88,34.15,61.54
2026-09-06T07:59:00+00:00,14.37,12.69,3237.62,0.43,21.19,35.5,58.29
2026-09-06T08:00:00+00:00,11.95,16.33,3345.28,0.24,21.37,34.07,63.31
2026-09-06T08:01:00+00:00,14.76,15.69,2993.59,0.0,21.72,34.1,64.94
2026-09-06T08:02:00+00:00,18.38,19.24,2981.61,0.0,19.89,33.85,68.35
2026-09-06T08:03:00+00:00,12.86,17.33,2921.21,0.11,20.61,33.84,53.46
2026-09-06T08:04:00+00:00,14.89,18.89,3107.29,0.0,21.67,35.13,54.74
2026-09-06T08:05:00+00:00,9.57,7.71,3050.38,0.86,19.95,33.94,63.3
2026-09-06T08:06:00+00:00,12.85,14.88,2894.95,0.35,22.75,34.36,67.8
2026-09-06T08:07:00+00:00,12.89,15.96,3229.78,0.0,22.35,34.21,58.68
2026-09-06T08:08:00+00:00,12.35,15.54,3100.26,0.82,19.95,34.95,60.58
2026-09-06T08:09:00+00:00,14.89,16.02,3228.43,0.0,19.8,35.13,60.56
2026-09-06T08:10:00+00:00,18.36,23.12,3041.49,0.0,23.41,35.4,60.34
2026-09-06T08:11:00+00:00,19.56,18.88,3117.63,0.0,20.57,34.21,62.47
2026-09-06T08:12:00+00:00,17.3,17.47,3255.35,0.0,22.26,35.53,63.61
2026-09-06T08:13:00+00:00,10.41,14.45,3012.01,0.0,22.11,33.56,64.54
2026-09-06T08:14:00+00:00,14.47,21.6,2942.52,0.0,20.15,34.38,63.66
2026-09-06T08:15:00+00:00,11.21,13.9,3005.78,0.0,22.21,34.95,58.72
2026-09-06T08:16:00+00:00,16.63,22.46,3104.88,0.0,20.61,33.58,65.86
2026-09-06T08:17:00+00:00,18.78,19.98,3117.91,0.5,20.4,34.71,56.18
2026-09-06T08:18:00+00:00,11.72,11.34,2957.13,0.0,19.7,34.16,65.16
2026-09-06T08:19:00+00:00,17.58,16.01,3077.09,0.0,19.84,32.96,67.33
2026-09-06T08:20:00+00:00,17.92,20.27,3285.87,0.0,19.8,36.68,59.75
2026-09-06T08:21:00+00:00,16.24,20.0,3019.71,0.0,24.91,35.14,57.76
2026-09-06T08:22:00+00:00,14.05,14.45,3350.46,0.0,23.48,35.53,66.18
2026-09-06T08:23:00+00:00,15.89,16.13,3183.67,0.0,23.22,35.86,59.0
2026-09-06T08:24:00+00:00,16.93,21.16,3150.88,0.0,20.57,33.02,66.43
2026-09-06T08:25:00+00:00,15.85,15.35,3001.61,0.0,24.72,35.98,58.53
2026-09-06T08:26:00+00:00,17.89,19.29,3248.89,0.0,20.31,35.09,62.49
2026-09-06T08:27:00+00:00,12.49,13.25,3325.99,0.0,25.27,35.68,59.45
2026-09-06T08:28:00+00:00,17.29,16.91,3393.13,0.0,20.4,35.13,56.34
2026-09-06T08:29:00+00:00,13.06,16.32,3282.72,0.0,23.86,36.18,56.83
2026-09-06T08:30:00+00:00,16.34,26.06,3504.11,0.0,25.62,34.65,61.26
2026-09-06T08:31:00+00:00,10.23,14.48,3246.17,0.0,24.3,36.54,61.56
2026-09-06T08:32:00+00:00,18.03,20.85,3484.58,0.19,24.54,35.65,54.95
2026-09-06T08:33:00+00:00,13.38,16.42,2845.79,0.0,20.69,36.8,55.87
2026-09-06T08:34:00+00:00,14.97,15.93,3487.44,0.0,20.05,35.32,61.2
2026-09-06T08:35:00+00:00,10.83,16.43,3246.31,0.0,24.68,35.89,62.74
2026-09-06T08:36:00+00:00,18.99,23.04,3154.03,0.0,19.83,36.27,57.93
2026-09-06T08:37:00+00:00,18.09,27.06,3169.05,0.0,26.49,34.29,58.45
2026-09-06T08:38:00+00:00,15.92,14.32,3188.19,0.0,28.38,34.8,63.54
2026-09-06T08:39:00+00:00,18.85,22.98,3133.39,0.0,20.46,34.38,62.87
2026-09-06T08:40:00+00:00,14.46,21.57,3390.52,0.35,26.6,35.35,61.96
2026-09-06T08:41:00+00:00,15.84,20.49,3298.68,0.0,19.82,34.99,58.54
2026-09-06T08:42:00+00:00,17.77,18.72,3232.12,0.0,20.79,31.13,69.84
2026-09-06T08:43:00+00:00,12.67,14.35,3277.73,0.0,19.95,34.83,60.1
2026-09-06T08:44:00+00:00,18.94,24.3,3285.04,0.52,27.66,36.48,53.09
2026-09-06T08:45:00+00:00,18.75,20.19,3288.66,0.0,20.57,35.35,61.65
2026-09-06T08:46:00+00:00,11.84,12.76,3256.22,0.0,19.93,37.36,54.66
2026-09-06T08:47:00+00:00,13.69,17.49,3078.41,0.34,21.03,35.14,60.43
2026-09-06T08:48:00+00:00,9.59,15.9,2957.5,0.0,29.9,34.89,62.01
2026-09-06T08:49:00+00:00,13.54,17.44,3393.69,0.0,19.68,35.87,64.85
2026-09-06T08:50:00+00:00,13.51,14.19,3264.44,0.0,21.07,35.54,53.5
2026-09-06T08:51:00+00:00,13.11,15.53,3328.08,0.0,27.49,34.3,64.11
2026-09-06T08:52:00+00:00,13.99,21.39,3369.21,0.0,27.62,36.73,52.05
2026-09-06T08:53:00+00:00,16.26,20.61,3097.41,0.0,27.94,34.62,65.33
2026-09-06T08:54:00+00:00,14.18,12.43,3201.72,0.0,31.87,34.96,64.69
2026-09-06T08:55:00+00:00,17.08,25.83,3517.17,0.61,20.28,34.72,63.68
2026-09-06T08:56:00+00:00,14.95,20.99,3178.59,0.37,28.91,36.12,62.2
2026-09-06T08:57:00+00:00,18.47,25.72,3131.02,0.0,31.4,34.75,66.48
2026-09-06T08:58:00+00:00,11.4,12.91,3514.98,0.0,20.43,35.44,56.45
2026-09-06T08:59:00+00:00,12.49,13.34,3350.58,0.0,28.77,36.72,55.62
2026-09-06T09:00:00+00:00,17.88,22.39,3610.62,0.0,19.95,35.56,57.65
2026-09-06T09:01:00+00:00,14.78,17.73,3179.02,0.45,30.09,35.22,59.15
2026-09-06T09:02:00+00:00,16.28,23.74,3407.26,0.0,20.92,33.63,65.68
2026-09-06T09:03:00+00:00,11.72,13.66,3094.68,0.0,30.81,34.78,60.12
2026-09-06T09:04:00+00:00,13.48,16.96,3495.45,0.59,34.08,36.4,54.73
2026-09-06T09:05:00+00:00,18.97,23.67,3651.62,0.0,21.11,35.05,63.61
2026-09-06T09:06:00+00:00,17.83,17.41,3584.05,0.0,29.32,37.97,49.93
2026-09-06T09:07:00+00:00,11.45,11.55,3374.33,0.82,20.54,35.27,58.7
2026-09-06T09:08:00+00:00,18.33,19.94,3540.7,0.0,20.4,35.75,57.65
2026-09-06T09:09:00+00:00,15.81,20.38,3474.44,1.42,34.81,35.42,58.53
2026-09-06T09:10:00+00:00,15.18,14.29,3232.12,0.0,34.21,37.24,56.27
2026-09-06T09:11:00+00:00,15.82,18.94,3350.01,0.0,34.99,35.93,57.68
2026-09-06T09:12:00+00:00,14.82,14.04,3363.92,0.0,20.83,34.04,62.05
2026-09-06T09:13:00+00:00,16.87,16.91,3288.92,0.0,20.22,35.4,60.23
2026-09-06T09:14:00+00:00,12.81,17.47,3513.17,0.0,31.56,35.07,63.2
2026-09-06T09:15:00+00:00,19.11,25.59,3469.54,0.0,32.79,35.58,64.19
2026-09-06T09:16:00+00:00,13.88,20.47,3528.13,1.11,20.69,35.82,61.81
2026-09-06T09:17:00+00:00,20.41,18.39,3499.52,0.0,35.26,35.18,60.69
2026-09-06T09:18:00+00:00,22.92,27.0,3322.59,0.0,31.84,35.78,58.49
2026-09-06T09:19:00+00:00,15.46,14.87,3433.81,0.0,35.16,36.18,50.49
2026-09-06T09:20:00+00:00,14.7,20.98,3428.93,0.0,20.22,35.83,60.86
2026-09-06T09:21:00+00:00,16.47,18.74,3308.6,0.0,35.36,35.91,58.35
2026-09-06T09:22:00+00:00,15.71,14.57,3240.71,0.0,33.3,36.87,56.26
2026-09-06T09:23:00+00:00,14.07,18.0,3501.71,0.4,20.75,34.32,62.2
2026-09-06T09:24:00+00:00,14.44,22.13,3580.79,0.0,30.97,36.04,59.98
2026-09-06T09:25:00+00:00,14.22,18.51,3564.16,0.0,32.19,34.76,59.26
2026-09-06T09:26:00+00:00,55.55,62.02,3549.6,0.0,37.1,34.99,60.94
2026-09-06T09:27:00+00:00,55.69,58.39,3546.31,0.0,19.74,36.24,56.36
2026-09-06T09:28:00+00:00,50.91,57.72,3331.75,0.0,20.23,35.53,61.73
2026-09-06T09:29:00+00:00,54.51,60.97,3754.35,0.0,20.75,36.02,59.53
2026-09-06T09:30:00+00:00,60.43,62.31,3356.92,1.31,34.67,35.44,59.6
2026-09-06T09:31:00+00:00,55.26,66.69,3642.84,0.0,35.34,36.23,61.92
2026-09-06T09:32:00+00:00,58.19,63.38,3453.37,0.09,35.05,35.71,59.81
2026-09-06T09:33:00+00:00,57.55,61.06,3639.9,0.0,20.02,36.05,61.79
2026-09-06T09:34:00+00:00,58.05,58.95,3325.0,0.0,20.22,37.47,58.25
2026-09-06T09:35:00+00:00,61.91,63.18,3368.03,0.0,19.75,37.63,53.7
2026-09-06T09:36:00+00:00,61.76,67.26,3381.38,0.0,21.08,34.7,60.94
2026-09-06T09:37:00+00:00,53.03,58.83,3251.18,0.29,37.22,36.65,58.96
2026-09-06T09:38:00+00:00,65.4,67.93,3563.55,0.0,20.68,34.8,60.41
2026-09-06T09:39:00+00:00,60.45,66.46,3438.89,0.0,33.75,36.14,60.79
2026-09-06T09:40:00+00:00,61.73,71.63,3580.37,0.74,20.17,35.68,55.84
2026-09-06T09:41:00+00:00,61.38,68.08,3345.6,1.17,38.08,36.3,55.34
2026-09-06T09:42:00+00:00,58.71,62.5,3235.31,0.8,21.13,35.8,64.29
2026-09-06T09:43:00+00:00,53.79,65.54,3442.58,0.0,37.2,36.33,58.94
2026-09-06T09:44:00+00:00,57.61,65.44,3628.41,0.82,34.37,35.99,61.67
2026-09-06T09:45:00+00:00,60.14,63.13,3796.64,0.0,37.1,36.87,54.4
2026-09-06T09:46:00+00:00,55.47,59.5,3559.19,0.83,20.65,35.6,59.1
2026-09-06T09:47:00+00:00,59.23,69.06,3749.48,0.0,19.74,37.32,54.39
2026-09-06T09:48:00+00:00,56.88,63.68,3503.95,0.0,33.57,35.32,57.79
2026-09-06T09:49:00+00:00,56.89,64.43,3604.14,0.0,40.42,36.07,52.47
2026-09-06T09:50:00+00:00,60.25,63.94,3515.06,0.0,44.65,35.49,56.4
2026-09-06T09:51:00+00:00,61.68,68.26,3124.66,0.0,20.38,35.58,54.03
2026-09-06T09:52:00+00:00,60.26,63.14,3630.83,0.0,21.11,36.69,50.93
2026-09-06T09:53:00+00:00,59.68,67.5,3502.7,0.0,39.19,36.52,55.78
2026-09-06T09:54:00+00:00,50.23,56.33,3501.67,0.0,43.75,35.32,58.83
2026-09-06T09:55:00+00:00,56.56,61.04,3647.8,0.41,41.38,35.58,58.92
2026-09-06T09:56:00+00:00,53.93,61.96,3626.75,0.0,40.17,36.63,55.63
2026-09-06T09:57:00+00:00,59.67,62.5,3416.87,0.0,20.95,36.34,52.03
2026-09-06T09:58:00+00:00,60.23,64.64,3525.91,0.62,40.66,36.5,60.55
2026-09-06T09:59:00+00:00,61.55,64.81,3590.51,0.0,20.99,37.82,54.31
2026-09-06T10:00:00+00:00,58.07,69.74,3588.48,0.0,19.96,36.07,55.64
2026-09-06T10:01:00+00:00,14.19,14.0,3666.66,0.0,20.89,36.74,59.16
2026-09-06T10:02:00+00:00,13.01,16.97,3545.08,0.0,40.89,37.29,58.56
2026-09-06T10:03:00+00:00,15.84,25.57,3339.38,0.0,37.1,36.57,57.24
2026-09-06T10:04:00+00:00,17.18,22.45,3493.44,0.0,46.35,35.79,57.93
2026-09-06T10:05:00+00:00,9.25,14.02,3632.8,0.84,20.19,37.79,53.24
2026-09-06T10:06:00+00:00,16.55,14.4,3664.68,0.0,37.47,36.48,57.56
2026-09-06T10:07:00+00:00,11.45,12.54,3526.49,0.07,37.22,34.7,66.47
2026-09-06T10:08:00+00:00,14.63,15.12,3514.53,0.74,40.73,37.07,54.91
2026-09-06T10:09:00+00:00,11.58,19.0,3181.21,0.0,19.87,36.27,56.1
2026-09-06T10:10:00+00:00,13.54,21.93,3679.34,0.0,20.95,35.94,61.37
2026-09-06T10:11:00+00:00,10.21,13.49,3432.18,0.0,20.03,37.59,50.78
2026-09-06T10:12:00+00:00,15.97,22.62,3646.23,0.0,21.01,36.23,56.18
2026-09-06T10:13:00+00:00,15.32,15.1,3620.52,0.0,44.24,37.27,51.93
2026-09-06T10:14:00+00:00,12.35,24.69,3462.94,0.0,20.21,35.78,58.92
2026-09-06T10:15:00+00:00,12.84,12.26,3492.93,0.0,20.56,36.59,52.35
2026-09-06T10:16:00+00:00,15.89,23.4,3325.94,0.21,42.98,35.2,59.53
2026-09-06T10:17:00+00:00,15.52,13.43,3337.33,0.79,21.11,34.52,64.77
2026-09-06T10:18:00+00:00,15.05,11.46,3492.19,0.0,20.64,37.87,59.62
2026-09-06T10:19:00+00:00,12.83,13.83,3382.31,0.74,20.68,38.93,48.15
2026-09-06T10:20:00+00:00,17.09,17.96,3494.1,0.0,19.75,36.16,62.33
2026-09-06T10:21:00+00:00,20.74,20.66,3512.33,0.0,38.75,35.58,57.37
2026-09-06T10:22:00+00:00,12.16,14.98,3905.22,0.0,20.23,36.25,59.83
2026-09-06T10:23:00+00:00,13.34,13.5,3428.3,0.0,20.08,36.56,52.74
2026-09-06T10:24:00+00:00,15.86,21.02,3640.75,0.0,20.45,38.62,52.52
2026-09-06T10:25:00+00:00,16.73,19.93,3468.16,0.0,20.27,37.17,55.96
2026-09-06T10:26:00+00:00,14.78,21.96,3498.14,0.0,47.91,37.17,54.86
2026-09-06T10:27:00+00:00,19.7,20.02,3518.95,0.0,20.97,35.12,60.39
2026-09-06T10:28:00+00:00,12.88,12.17,3343.08,0.92,20.81,35.22,58.63
2026-09-06T10:29:00+00:00,14.55,17.2,3524.27,0.0,20.95,35.67,59.88
2026-09-06T10:30:00+00:00,14.74,16.56,3551.1,0.0,20.63,35.51,55.25
2026-09-06T10:31:00+00:00,16.52,17.46,3821.62,0.0,51.98,37.07,57.23
2026-09-06T10:32:00+00:00,19.72,23.52,3547.22,0.0,52.78,36.8,57.83
2026-09-06T10:33:00+00:00,16.39,14.54,3700.75,0.0,21.13,35.74,59.52
2026-09-06T10:34:00+00:00,16.23,17.88,3392.41,0.0,43.5,37.77,57.1
2026-09-06T10:35:00+00:00,10.43,12.94,3536.59,0.62,45.45,36.47,55.77
2026-09-06T10:36:00+00:00,12.74,13.73,3491.28,0.66,19.71,35.7,58.01
2026-09-06T10:37:00+00:00,15.87,15.34,3362.17,0.0,51.41,37.96,50.42
2026-09-06T10:38:00+00:00,16.75,16.02,3249.36,0.0,20.61,37.39,56.7
2026-09-06T10:39:00+00:00,13.79,17.49,3639.88,0.0,46.23,37.87,55.68
2026-09-06T10:40:00+00:00,15.77,18.86,3312.89,0.0,51.67,37.32,58.35
2026-09-06T10:41:00+00:00,16.24,20.33,3487.93,0.61,49.1,37.13,52.01
2026-09-06T10:42:00+00:00,13.81,14.82,3560.55,0.34,55.77,37.53,52.89
2026-09-06T10:43:00+00:00,14.65,14.55,3664.3,0.0,19.82,36.33,58.48
2026-09-06T10:44:00+00:00,18.16,21.78,3530.48,0.0,48.48,35.99,59.59
2026-09-06T10:45:00+00:00,16.78,16.28,3344.42,0.0,58.26,37.23,53.41
2026-09-06T10:46:00+00:00,12.67,16.67,3485.49,0.0,58.17,37.2,50.87
2026-09-06T10:47:00+00:00,17.6,16.56,3677.44,0.0,19.72,36.97,52.0
2026-09-06T10:48:00+00:00,15.06,16.22,3536.04,0.96,55.48,36.27,58.41
2026-09-06T10:49:00+00:00,15.65,16.3,3324.49,0.0,20.95,36.16,59.96
2026-09-06T10:50:00+00:00,13.46,11.59,3188.86,0.0,20.36,35.55,60.63
2026-09-06T10:51:00+00:00,9.52,7.5,3532.39,0.0,20.63,36.91,54.55
2026-09-06T10:52:00+00:00,16.18,17.21,3485.07,0.0,46.21,35.42,60.32
2026-09-06T10:53:00+00:00,14.6,18.25,3321.71,0.0,54.7,34.65,61.42
2026-09-06T10:54:00+00:00,14.75,15.12,3282.87,0.0,61.34,37.52,57.65
2026-09-06T10:55:00+00:00,11.81,19.22,3605.62,1.46,60.94,35.59,56.56
2026-09-06T10:56:00+00:00,20.12,22.52,3527.23,0.0,49.49,37.22,52.35
2026-09-06T10:57:00+00:00,21.96,24.12,3257.01,0.0,54.72,36.24,56.01
2026-09-06T10:58:00+00:00,16.02,20.52,3277.9,0.0,48.86,36.02,58.52
2026-09-06T10:59:00+00:00,21.29,22.04,3569.61,0.0,50.94,35.82,61.94
2026-09-06T11:00:00+00:00,22.51,27.56,3565.15,0.0,59.88,36.32,54.38
2026-09-06T11:01:00+00:00,17.9,19.81,3296.75,0.12,20.17,37.68,54.55
2026-09-06T11:02:00+00:00,13.9,20.84,3204.02,0.3,19.72,37.88,53.67
2026-09-06T11:03:00+00:00,14.35,15.0,3272.37,0.0,55.39,36.72,58.63
2026-09-06T11:04:00+00:00,20.68,21.66,3313.45,0.0,56.16,36.58,51.72
2026-09-06T11:05:00+00:00,17.29,21.37,3414.36,0.47,21.06,35.71,52.12
2026-09-06T11:06:00+00:00,14.34,16.77,3076.29,0.0,57.96,36.8,53.37
2026-09-06T11:07:00+00:00,15.7,16.42,3394.0,0.0,20.93,37.08,58.98
2026-09-06T11:08:00+00:00,10.66,18.15,3425.14,0.0,55.67,36.88,53.4
2026-09-06T11:09:00+00:00,17.68,26.39,3172.95,0.0,53.23,37.93,52.34
2026-09-06T11:10:00+00:00,13.9,15.83,3521.65,0.0,20.92,36.53,58.69
2026-09-06T11:11:00+00:00,17.07,20.93,2953.07,0.0,20.18,38.32,50.93
2026-09-06T11:12:00+00:00,17.99,27.73,3351.46,0.0,20.81,35.79,59.76
2026-09-06T11:13:00+00:00,15.37,19.33,3178.66,0.0,20.93,36.35,58.16
2026-09-06T11:14:00+00:00,19.5,21.44,3083.49,0.0,61.91,38.39,52.72
2026-09-06T11:15:00+00:00,15.37,21.22,3350.62,0.0,20.26,36.01,60.01
2026-09-06T11:16:00+00:00,18.69,18.5,3340.49,0.0,20.83,38.88,45.35
2026-09-06T11:17:00+00:00,12.37,21.63,3491.3,0.0,19.82,37.99,55.94
2026-09-06T11:18:00+00:00,16.1,25.1,3169.5,0.0,20.91,36.94,52.64
2026-09-06T11:19:00+00:00,16.88,22.31,2998.13,0.0,20.64,36.23,59.25
2026-09-06T11:20:00+00:00,14.59,16.22,3285.91,0.0,53.41,38.53,54.14
2026-09-06T11:21:00+00:00,10.95,14.75,3110.09,0.55,62.38,37.55,56.81
2026-09-06T11:22:00+00:00,12.61,16.22,3387.02,0.35,57.6,36.09,61.43
2026-09-06T11:23:00+00:00,15.22,19.53,3228.42,0.0,67.72,36.21,54.25
2026-09-06T11:24:00+00:00,16.86,23.1,3343.29,0.0,62.94,36.48,57.0
2026-09-06T11:25:00+00:00,13.08,15.16,3040.84,0.0,20.45,37.42,52.34
2026-09-06T11:26:00+00:00,14.01,13.52,2973.36,0.0,19.65,39.44,50.66
2026-09-06T11:27:00+00:00,14.54,16.46,3092.2,0.0,57.0,36.5,58.57
2026-09-06T11:28:00+00:00,15.47,19.54,3257.42,0.0,56.17,37.03,54.37
2026-09-06T11:29:00+00:00,14.61,20.59,3421.46,0.0,20.5,36.26,60.37
2026-09-06T11:30:00+00:00,12.07,19.53,3218.75,0.34,20.27,37.57,48.48
2026-09-06T11:31:00+00:00,18.34,21.79,2967.3,0.0,55.18,36.46,62.83
2026-09-06T11:32:00+00:00,14.11,19.19,2885.12,0.0,50.4,37.49,55.09
2026-09-06T11:33:00+00:00,12.13,12.71,3007.21,0.0,60.42,38.22,50.32
2026-09-06T11:34:00+00:00,14.76,17.46,3439.02,0.0,21.11,37.38,54.98
2026-09-06T11:35:00+00:00,12.39,14.15,3150.34,1.6,65.52,38.14,52.58
2026-09-06T11:36:00+00:00,15.64,19.01,3150.75,0.23,20.58,37.17,53.1
2026-09-06T11:37:00+00:00,12.95,16.47,3309.83,0.01,66.3,36.61,52.52
2026-09-06T11:38:00+00:00,13.3,19.66,3026.93,0.0,20.06,37.35,55.86
2026-09-06T11:39:00+00:00,12.7,15.13,3188.86,0.0,54.65,37.37,54.3
2026-09-06T11:40:00+00:00,14.43,14.7,3109.9,0.0,72.85,38.12,51.51
2026-09-06T11:41:00+00:00,15.51,16.22,3138.37,0.0,67.43,36.73,54.68
2026-09-06T11:42:00+00:00,16.49,19.79,3299.44,0.0,19.72,37.09,54.07
2026-09-06T11:43:00+00:00,13.67,25.72,3278.98,0.0,20.36,36.95,58.59
2026-09-06T11:44:00+00:00,14.73,19.56,3219.3,0.0,56.55,39.87,39.99
2026-09-06T11:45:00+00:00,17.3,19.09,3224.42,0.9,54.37,36.96,58.48
2026-09-06T11:46:00+00:00,15.04,18.0,2983.15,0.2,19.73,37.39,62.17
2026-09-06T11:47:00+00:00,14.29,13.96,3246.46,0.0,53.95,37.16,56.38
2026-09-06T11:48:00+00:00,15.45,17.73,3301.46,0.0,20.37,38.21,47.6
2026-09-06T11:49:00+00:00,19.23,21.31,3093.32,0.02,19.63,38.47,50.42
2026-09-06T11:50:00+00:00,11.96,13.76,3318.36,0.0,21.12,38.42,52.29
2026-09-06T11:51:00+00:00,12.57,12.53,3380.39,0.54,53.34,36.7,56.43
2026-09-06T11:52:00+00:00,12.89,17.96,2940.12,0.18,54.24,36.97,55.44
2026-09-06T11:53:00+00:00,18.33,19.51,3136.3,0.0,60.38,37.17,56.28
2026-09-06T11:54:00+00:00,10.37,9.2,3100.05,0.0,19.85,36.93,56.45
2026-09-06T11:55:00+00:00,9.3,13.9,3043.77,0.0,19.74,38.27,49.58
2026-09-06T11:56:00+00:00,14.12,11.59,3129.44,0.0,59.72,37.77,55.4
2026-09-06T11:57:00+00:00,14.46,13.37,3209.31,0.0,72.49,37.81,60.33
2026-09-06T11:58:00+00:00,12.48,12.28,3253.56,0.0,20.23,36.69,55.42
2026-09-06T11:59:00+00:00,12.3,10.21,2961.57,0.0,74.13,37.83,53.22
2026-09-06T12:00:00+00:00,23.07,27.28,2879.63,0.0,70.17,37.78,54.55
2026-09-06T12:01:00+00:00,15.25,18.32,2989.2,0.0,20.99,37.26,57.55
2026-09-06T12:02:00+00:00,14.05,19.44,2959.6,0.37,19.87,36.46,57.58
2026-09-06T12:03:00+00:00,15.97,17.18,3151.21,0.0,63.68,37.04,53.36
2026-09-06T12:04:00+00:00,13.82,11.39,2980.38,0.0,19.86,39.44,49.55
2026-09-06T12:05:00+00:00,12.58,12.22,3172.35,0.0,64.37,36.88,54.6
2026-09-06T12:06:00+00:00,13.51,20.24,3123.7,0.0,78.8,36.64,56.7
2026-09-06T12:07:00+00:00,15.02,14.54,3004.14,1.05,20.58,37.46,57.43
2026-09-06T12:08:00+00:00,13.63,16.37,2905.19,0.0,78.12,36.39,60.93
2026-09-06T12:09:00+00:00,16.79,26.55,2817.17,0.0,59.2,37.23,52.18
2026-09-06T12:10:00+00:00,17.54,21.75,3000.98,0.0,20.37,36.74,53.87
2026-09-06T12:11:00+00:00,14.6,13.96,2786.71,1.06,20.67,37.93,50.08
2026-09-06T12:12:00+00:00,16.47,16.47,3138.18,0.0,57.95,38.84,53.59
2026-09-06T12:13:00+00:00,16.88,18.46,2830.87,0.0,76.62,37.29,47.77
2026-09-06T12:14:00+00:00,19.65,22.38,2993.08,0.0,20.96,37.4,60.03
2026-09-06T12:15:00+00:00,15.23,17.03,3227.4,0.22,21.0,38.43,50.52
2026-09-06T12:16:00+00:00,13.76,16.85,2966.79,0.49,20.33,38.54,54.38
2026-09-06T12:17:00+00:00,13.2,18.28,2882.04,0.0,19.75,38.57,52.5
2026-09-06T12:18:00+00:00,17.11,22.65,2884.43,0.0,19.75,37.36,53.01
2026-09-06T12:19:00+00:00,16.65,17.32,3005.99,0.0,19.72,36.78,53.32
2026-09-06T12:20:00+00:00,12.0,12.61,2799.98,0.0,21.05,37.58,55.26
2026-09-06T12:21:00+00:00,16.27,17.7,2944.32,0.24,68.12,36.41,58.76
2026-09-06T12:22:00+00:00,16.35,21.39,3160.33,0.03,20.15,36.95,53.73
2026-09-06T12:23:00+00:00,14.51,13.02,2997.44,0.0,56.69,37.46,53.95
2026-09-06T12:24:00+00:00,13.2,21.03,2852.01,0.0,19.74,36.91,60.88
2026-09-06T12:25:00+00:00,16.47,17.04,2693.34,0.63,20.26,37.41,53.99
2026-09-06T12:26:00+00:00,18.12,18.54,2738.43,1.42,82.11,38.13,57.59
2026-09-06T12:27:00+00:00,15.33,17.06,3178.57,1.1,19.94,38.1,54.07
2026-09-06T12:28:00+00:00,16.78,18.97,2712.5,0.0,21.09,36.22,52.81
2026-09-06T12:29:00+00:00,20.68,20.35,2841.21,0.3,19.85,38.59,48.79
2026-09-06T12:30:00+00:00,14.04,12.14,2928.37,0.0,20.43,38.17,52.13
2026-09-06T12:31:00+00:00,16.75,21.41,3059.14,0.66,19.98,37.42,51.11
2026-09-06T12:32:00+00:00,14.79,14.59,2799.5,0.0,20.81,38.82,48.43
2026-09-06T12:33:00+00:00,13.07,15.02,2820.9,1.21,21.1,38.44,55.43
2026-09-06T12:34:00+00:00,14.98,17.4,2875.27,0.0,67.63,38.01,46.64
2026-09-06T12:35:00+00:00,18.96,17.58,2880.16,0.0,71.04,37.5,57.44
2026-09-06T12:36:00+00:00,14.2,14.13,2763.58,0.0,55.65,36.94,53.89
2026-09-06T12:37:00+00:00,16.43,20.57,2652.07,0.0,80.97,37.51,53.18
2026-09-06T12:38:00+00:00,13.12,15.76,2856.7,0.0,72.47,36.77,55.15
2026-09-06T12:39:00+00:00,16.97,19.6,3015.03,0.0,65.04,36.72,59.0
2026-09-06T12:40:00+00:00,14.67,15.88,2885.83,0.15,19.93,38.05,52.65
2026-09-06T12:41:00+00:00,16.25,18.45,3005.93,0.0,20.58,38.27,57.73
2026-09-06T12:42:00+00:00,17.03,22.24,3180.13,0.0,20.87,37.46,55.64
2026-09-06T12:43:00+00:00,15.0,12.34,3033.04,0.34,21.06,36.41,54.21
2026-09-06T12:44:00+00:00,14.68,19.49,2978.81,0.0,82.06,37.75,53.42
2026-09-06T12:45:00+00:00,13.66,13.34,2659.17,0.16,20.36,39.55,48.44
2026-09-06T12:46:00+00:00,14.69,12.88,2695.5,0.02,20.49,37.86,53.3
2026-09-06T12:47:00+00:00,17.03,16.48,2944.82,0.01,20.57,38.42,52.4
2026-09-06T12:48:00+00:00,11.75,10.6,2595.64,0.43,20.73,38.15,51.68
2026-09-06T12:49:00+00:00,18.12,24.22,2831.14,0.0,73.72,37.99,53.26
2026-09-06T12:50:00+00:00,11.21,11.49,2773.36,0.0,19.98,37.92,60.45
2026-09-06T12:51:00+00:00,14.17,15.11,2667.48,0.49,75.05,37.89,48.33
2026-09-06T12:52:00+00:00,15.74,18.03,3147.31,0.0,19.99,37.54,55.21
2026-09-06T12:53:00+00:00,17.04,20.0,2904.03,1.08,20.89,38.39,51.01
2026-09-06T12:54:00+00:00,15.52,20.93,2960.13,0.0,20.21,38.39,51.49
2026-09-06T12:55:00+00:00,13.49,16.31,2713.06,0.0,20.7,37.42,53.57
2026-09-06T12:56:00+00:00,16.07,16.26,2685.89,0.0,74.84,38.33,56.51
2026-09-06T12:57:00+00:00,14.3,16.15,2986.07,1.83,67.0,39.19,47.63
2026-09-06T12:58:00+00:00,13.46,16.97,2500.33,0.0,19.99,38.55,54.52
2026-09-06T12:59:00+00:00,12.48,14.82,2899.36,0.0,21.07,37.41,52.63
2026-09-06T13:00:00+00:00,12.55,15.92,3008.88,0.0,87.15,37.19,53.56
2026-09-06T13:01:00+00:00,12.57,13.56,2928.17,0.0,20.93,37.55,53.93
2026-09-06T13:02:00+00:00,16.33,19.56,3187.13,0.62,20.56,37.07,60.02
2026-09-06T13:03:00+00:00,12.32,13.67,2781.24,0.0,20.94,38.69,55.23
2026-09-06T13:04:00+00:00,18.13,26.49,2738.75,0.77,20.89,39.38,44.41
2026-09-06T13:05:00+00:00,16.35,19.33,2956.65,0.0,19.79,37.03,51.35
2026-09-06T13:06:00+00:00,12.5,16.13,2675.0,0.0,20.16,36.85,53.54
2026-09-06T13:07:00+00:00,13.25,17.91,2958.01,0.0,79.17,38.14,51.89
2026-09-06T13:08:00+00:00,16.03,15.76,3176.73,0.0,19.65,37.11,58.84
2026-09-06T13:09:00+00:00,14.12,16.07,2832.77,0.0,19.67,37.46,51.16
2026-09-06T13:10:00+00:00,14.66,14.44,2731.52,1.09,80.43,39.52,44.44
2026-09-06T13:11:00+00:00,13.72,16.33,3032.43,0.38,65.33,37.96,52.37
2026-09-06T13:12:00+00:00,10.64,10.6,2770.68,0.3,82.91,37.88,57.69
2026-09-06T13:13:00+00:00,18.02,24.68,2829.96,0.0,87.91,38.39,53.97
2026-09-06T13:14:00+00:00,17.12,18.03,2623.35,0.34,20.56,36.83,54.55
2026-09-06T13:15:00+00:00,13.51,19.96,2867.56,0.0,19.66,37.45,48.48
2026-09-06T13:16:00+00:00,15.21,20.14,2810.87,0.0,21.1,38.56,53.27
2026-09-06T13:17:00+00:00,15.09,16.39,2693.27,0.72,20.46,37.63,55.1
2026-09-06T13:18:00+00:00,12.56,13.89,2790.49,1.27,83.69,38.62,43.45
2026-09-06T13:19:00+00:00,9.66,11.17,2863.3,0.54,21.02,38.18,54.57
2026-09-06T13:20:00+00:00,20.38,20.78,2897.74,0.0,20.06,37.75,56.89
2026-09-06T13:21:00+00:00,14.29,15.5,2780.32,0.5,20.28,37.32,55.94
2026-09-06T13:22:00+00:00,12.34,13.45,2700.06,0.0,59.9,37.38,54.96
2026-09-06T13:23:00+00:00,13.74,13.51,2720.84,0.58,20.14,38.32,59.09
2026-09-06T13:24:00+00:00,16.31,14.9,2622.25,0.0,67.09,38.54,52.36
2026-09-06T13:25:00+00:00,10.39,17.38,2746.82,0.0,65.0,38.2,54.52
2026-09-06T13:26:00+00:00,16.77,19.96,2768.46,0.0,88.38,37.96,57.28
2026-09-06T13:27:00+00:00,12.21,18.35,2513.76,0.0,88.85,37.28,57.65
2026-09-06T13:28:00+00:00,14.77,21.58,2614.57,0.0,67.09,36.61,53.39
2026-09-06T13:29:00+00:00,21.65,23.68,2712.34,0.0,88.01,37.62,52.02
2026-09-06T13:30:00+00:00,18.66,22.46,2765.06,0.0,20.79,35.55,61.77
2026-09-06T13:31:00+00:00,14.39,12.17,2800.24,0.0,80.08,37.8,58.67
2026-09-06T13:32:00+00:00,17.76,18.63,2825.22,0.0,21.09,36.25,58.31
2026-09-06T13:33:00+00:00,16.23,15.42,2572.16,0.54,20.67,37.6,51.67
2026-09-06T13:34:00+00:00,11.03,12.44,3025.03,0.0,72.6,38.84,52.73
2026-09-06T13:35:00+00:00,17.63,18.17,2667.18,0.0,59.5,37.2,54.96
2026-09-06T13:36:00+00:00,13.04,11.08,2785.93,0.0,82.86,37.8,53.24
2026-09-06T13:37:00+00:00,11.52,18.15,2793.71,0.0,72.43,39.09,53.84
2026-09-06T13:38:00+00:00,11.42,12.88,2712.56,0.55,71.81,36.87,55.84
2026-09-06T13:39:00+00:00,16.12,21.85,2649.23,1.01,19.94,38.36,54.45
2026-09-06T13:40:00+00:00,19.45,24.19,2753.92,0.11,58.44,37.38,59.19
2026-09-06T13:41:00+00:00,16.29,22.04,2631.15,0.0,20.04,38.1,52.53
2026-09-06T13:42:00+00:00,13.31,16.69,2922.92,0.76,20.18,38.31,49.99
2026-09-06T13:43:00+00:00,16.06,18.32,2856.2,0.0,20.57,37.39,57.46
2026-09-06T13:44:00+00:00,16.4,18.93,3049.4,0.81,66.95,37.82,54.68
2026-09-06T13:45:00+00:00,19.65,25.29,2581.13,0.0,20.26,37.35,50.42
2026-09-06T13:46:00+00:00,15.32,22.09,2616.96,0.0,59.74,38.21,56.7
2026-09-06T13:47:00+00:00,14.47,20.78,2823.31,0.0,64.49,39.1,48.26
2026-09-06T13:48:00+00:00,16.02,17.24,2803.42,0.0,20.95,39.19,54.77
2026-09-06T13:49:00+00:00,15.61,17.04,2717.81,0.47,19.65,37.24,52.83
