created_at,o3_analog,pm25_analog,pm10_analog,no2_analog,co_analog
2026-08-30T13:49:00+00:00,500,120,130,5,3045
2026-08-30T13:50:00+00:00,599,147,163,0,3038
2026-08-30T13:51:00+00:00,498,145,143,0,3079
2026-08-30T13:52:00+00:00,500,131,112,5,3009
2026-08-30T13:53:00+00:00,610,152,141,1,3008
2026-08-30T13:54:00+00:00,497,136,147,2,3090
2026-08-30T13:55:00+00:00,617,161,170,1,3077
2026-08-30T13:56:00+00:00,621,158,167,1,3025
2026-08-30T13:57:00+00:00,500,122,114,4,2992
2026-08-30T13:58:00+00:00,497,129,130,1,3025
2026-08-30T13:59:00+00:00,622,153,187,1,2975
2026-08-30T14:00:00+00:00,495,130,143,0,3059
2026-08-30T14:01:00+00:00,617,141,156,2,2976
2026-08-30T14:02:00+00:00,568,149,131,0,3041
2026-08-30T14:03:00+00:00,564,165,157,0,3083
2026-08-30T14:04:00+00:00,498,117,140,2,3014
2026-08-30T14:05:00+00:00,617,154,150,2,3043
2026-08-30T14:06:00+00:00,497,154,162,0,3055
2026-08-30T14:07:00+00:00,500,145,127,0,3018
2026-08-30T14:08:00+00:00,500,119,131,1,3095
2026-08-30T14:09:00+00:00,497,166,172,0,3048
2026-08-30T14:10:00+00:00,617,125,119,0,3081
2026-08-30T14:11:00+00:00,573,140,159,0,3054
2026-08-30T14:12:00+00:00,584,149,150,1,3043
2026-08-30T14:13:00+00:00,496,126,115,0,3062
2026-08-30T14:14:00+00:00,500,131,129,2,3059
2026-08-30T14:15:00+00:00,592,120,149,1,3010
2026-08-30T14:16:00+00:00,496,126,134,10,3051
2026-08-30T14:17:00+00:00,568,146,163,1,2994
2026-08-30T14:18:00+00:00,498,141,156,1,3038
2026-08-30T14:19:00+00:00,498,145,152,1,3031
2026-08-30T14:20:00+00:00,595,127,127,9,3029
2026-08-30T14:21:00+00:00,586,143,132,1,3038
2026-08-30T14:22:00+00:00,596,105,129,0,3043
2026-08-30T14:23:00+00:00,497,160,150,6,3014
2026-08-30T14:24:00+00:00,597,142,126,0,3062
2026-08-30T14:25:00+00:00,498,150,151,11,3056
2026-08-30T14:26:00+00:00,596,143,141,0,2991
2026-08-30T14:27:00+00:00,497,141,120,1,3026
2026-08-30T14:28:00+00:00,500,151,157,0,3001
2026-08-30T14:29:00+00:00,497,143,149,0,3104
2026-08-30T14:30:00+00:00,570,136,146,1,3001
2026-08-30T14:31:00+00:00,501,142,156,0,2970
2026-08-30T14:32:00+00:00,601,146,143,3,3017
2026-08-30T14:33:00+00:00,566,166,176,2,3013
2026-08-30T14:34:00+00:00,564,123,115,0,3084
2026-08-30T14:35:00+00:00,574,157,154,8,3071
2026-08-30T14:36:00+00:00,500,131,143,0,3078
2026-08-30T14:37:00+00:00,573,173,171,0,3086
2026-08-30T14:38:00+00:00,498,153,144,0,3066
2026-08-30T14:39:00+00:00,500,136,111,0,3111
2026-08-30T14:40:00+00:00,497,150,148,0,2997
2026-08-30T14:41:00+00:00,583,155,138,0,2988
2026-08-30T14:42:00+00:00,496,144,165,5,3073
2026-08-30T14:43:00+00:00,568,145,140,5,3036
2026-08-30T14:44:00+00:00,605,146,138,1,3077
2026-08-30T14:45:00+00:00,579,160,149,0,3093
2026-08-30T14:46:00+00:00,583,130,136,4,3032
2026-08-30T14:47:00+00:00,499,155,150,2,3120
2026-08-30T14:48:00+00:00,608,132,122,0,3058
2026-08-30T14:49:00+00:00,497,149,164,2,3048
2026-08-30T14:50:00+00:00,564,148,139,1,3078
2026-08-30T14:51:00+00:00,499,141,138,2,3023
2026-08-30T14:52:00+00:00,588,126,128,2,3036
2026-08-30T14:53:00+00:00,575,148,156,0,3031
2026-08-30T14:54:00+00:00,603,135,125,0,3089
2026-08-30T14:55:00+00:00,496,142,158,12,3012
2026-08-30T14:56:00+00:00,593,152,147,10,3024
2026-08-30T14:57:00+00:00,605,153,144,1,3026
2026-08-30T14:58:00+00:00,584,116,137,0,3060
2026-08-30T14:59:00+00:00,497,154,168,0,3101
2026-08-30T15:00:00+00:00,598,127,133,0,3001
2026-08-30T15:01:00+00:00,498,125,107,1,2981
2026-08-30T15:02:00+00:00,557,142,175,0,3058
2026-08-30T15:03:00+00:00,498,144,151,0,3055
2026-08-30T15:04:00+00:00,567,133,133,2,2997
2026-08-30T15:05:00+00:00,561,161,155,0,3008
2026-08-30T15:06:00+00:00,580,152,144,17,3103
2026-08-30T15:07:00+00:00,501,139,129,0,3039
2026-08-30T15:08:00+00:00,499,140,147,0,3026
2026-08-30T15:09:00+00:00,590,164,171,0,3034
2026-08-30T15:10:00+00:00,564,147,167,0,3087
2026-08-30T15:11:00+00:00,498,186,168,0,2911
2026-08-30T15:12:00+00:00,498,133,163,1,3015
2026-08-30T15:13:00+00:00,499,120,129,0,3036
2026-08-30T15:14:00+00:00,586,123,119,2,3035
2026-08-30T15:15:00+00:00,498,122,128,0,3013
2026-08-30T15:16:00+00:00,499,134,140,3,3062
2026-08-30T15:17:00+00:00,500,142,132,2,3078
2026-08-30T15:18:00+00:00,500,126,118,0,3052
2026-08-30T15:19:00+00:00,499,158,147,1,3079
2026-08-30T15:20:00+00:00,596,139,143,0,2998
2026-08-30T15:21:00+00:00,495,138,137,5,3032
2026-08-30T15:22:00+00:00,497,147,156,2,3062
2026-08-30T15:23:00+00:00,596,120,107,0,3054
2026-08-30T15:24:00+00:00,500,145,153,0,3018
2026-08-30T15:25:00+00:00,497,144,136,2,3086
2026-08-30T15:26:00+00:00,591,117,100,1,3145
2026-08-30T15:27:00+00:00,587,145,150,8,3024
2026-08-30T15:28:00+00:00,575,141,140,7,3026
2026-08-30T15:29:00+00:00,571,121,126,10,3062
2026-08-30T15:30:00+00:00,496,142,145,0,3089
2026-08-30T15:31:00+00:00,499,122,114,6,3042
2026-08-30T15:32:00+00:00,499,102,116,2,3040
2026-08-30T15:33:00+00:00,495,142,131,2,3071
2026-08-30T15:34:00+00:00,581,117,122,2,3020
2026-08-30T15:35:00+00:00,498,141,147,0,3092
2026-08-30T15:36:00+00:00,498,152,160,2,3050
2026-08-30T15:37:00+00:00,497,167,164,2,3059
2026-08-30T15:38:00+00:00,581,146,144,1,2994
2026-08-30T15:39:00+00:00,499,135,141,0,3090
2026-08-30T15:40:00+00:00,575,134,145,0,3002
2026-08-30T15:41:00+00:00,498,128,133,2,3020
2026-08-30T15:42:00+00:00,557,141,145,1,2994
2026-08-30T15:43:00+00:00,498,126,143,0,3104
2026-08-30T15:44:00+00:00,498,138,131,1,3073
2026-08-30T15:45:00+00:00,572,148,152,0,3049
2026-08-30T15:46:00+00:00,497,152,147,1,3089
2026-08-30T15:47:00+00:00,496,157,153,0,3059
2026-08-30T15:48:00+00:00,553,155,153,2,3010
2026-08-30T15:49:00+00:00,559,167,161,8,3022
2026-08-30T15:50:00+00:00,500,158,170,0,3049
2026-08-30T15:51:00+00:00,501,121,148,0,3048
2026-08-30T15:52:00+00:00,497,130,127,15,2995
2026-08-30T15:53:00+00:00,499,141,140,1,3070
2026-08-30T15:54:00+00:00,497,147,163,1,3039
2026-08-30T15:55:00+00:00,498,144,149,2,3080
2026-08-30T15:56:00+00:00,497,126,134,7,3008
2026-08-30T15:57:00+00:00,577,148,150,1,3058
2026-08-30T15:58:00+00:00,496,147,140,0,3062
2026-08-30T15:59:00+00:00,552,139,141,0,3008
2026-08-30T16:00:00+00:00,498,138,124,10,3074
2026-08-30T16:01:00+00:00,498,147,141,0,3083
2026-08-30T16:02:00+00:00,561,155,138,1,3019
2026-08-30T16:03:00+00:00,563,162,183,0,3069
2026-08-30T16:04:00+00:00,496,172,156,0,3095
2026-08-30T16:05:00+00:00,497,142,161,1,3053
2026-08-30T16:06:00+00:00,495,138,152,0,3046
2026-08-30T16:07:00+00:00,498,133,149,1,3013
2026-08-30T16:08:00+00:00,551,134,164,0,3144
2026-08-30T16:09:00+00:00,500,141,132,2,3019
2026-08-30T16:10:00+00:00,496,107,111,18,3117
2026-08-30T16:11:00+00:00,542,146,166,1,3075
2026-08-30T16:12:00+00:00,541,148,146,0,3064
2026-08-30T16:13:00+00:00,496,175,178,1,3064
2026-08-30T16:14:00+00:00,497,140,171,0,3108
2026-08-30T16:15:00+00:00,498,128,121,9,3120
2026-08-30T16:16:00+00:00,565,135,120,3,3063
2026-08-30T16:17:00+00:00,499,125,130,3,3029
2026-08-30T16:18:00+00:00,496,129,138,0,3051
2026-08-30T16:19:00+00:00,497,137,132,0,3048
2026-08-30T16:20:00+00:00,500,147,155,0,3041
2026-08-30T16:21:00+00:00,496,152,131,0,3072
2026-08-30T16:22:00+00:00,498,158,163,2,3096
2026-08-30T16:23:00+00:00,496,110,102,0,3040
2026-08-30T16:24:00+00:00,498,152,145,3,3058
2026-08-30T16:25:00+00:00,498,130,118,0,3093
2026-08-30T16:26:00+00:00,538,113,105,1,3028
2026-08-30T16:27:00+00:00,500,141,135,1,3147
2026-08-30T16:28:00+00:00,500,151,155,1,3086
2026-08-30T16:29:00+00:00,496,110,108,1,3034
2026-08-30T16:30:00+00:00,497,142,123,2,3054
2026-08-30T16:31:00+00:00,551,146,133,0,3078
2026-08-30T16:32:00+00:00,495,124,137,0,2999
2026-08-30T16:33:00+00:00,558,129,129,2,3080
2026-08-30T16:34:00+00:00,553,146,146,2,3068
2026-08-30T16:35:00+00:00,497,165,160,1,3075
2026-08-30T16:36:00+00:00,499,170,182,0,3082
2026-08-30T16:37:00+00:00,560,145,139,2,3100
2026-08-30T16:38:00+00:00,557,133,141,0,3069
2026-08-30T16:39:00+00:00,499,169,170,0,3063
2026-08-30T16:40:00+00:00,549,125,122,2,3044
2026-08-30T16:41:00+00:00,530,125,140,0,3053
2026-08-30T16:42:00+00:00,556,137,144,0,3068
2026-08-30T16:43:00+00:00,496,154,164,1,3061
2026-08-30T16:44:00+00:00,497,143,150,4,3107
2026-08-30T16:45:00+00:00,498,136,155,1,3020
2026-08-30T16:46:00+00:00,539,163,165,0,3059
2026-08-30T16:47:00+00:00,495,117,120,1,3056
2026-08-30T16:48:00+00:00,530,133,130,0,3065
2026-08-30T16:49:00+00:00,529,163,160,11,3091
2026-08-30T16:50:00+00:00,534,152,147,5,3047
2026-08-30T16:51:00+00:00,541,165,152,0,3076
2026-08-30T16:52:00+00:00,551,145,135,1,3046
2026-08-30T16:53:00+00:00,497,120,107,1,3058
2026-08-30T16:54:00+00:00,496,133,162,1,3069
2026-08-30T16:55:00+00:00,531,122,126,9,3052
2026-08-30T16:56:00+00:00,537,134,134,2,3037
2026-08-30T16:57:00+00:00,500,139,141,1,3082
2026-08-30T16:58:00+00:00,546,141,147,2,3091
2026-08-30T16:59:00+00:00,538,143,147,2,3137
2026-08-30T17:00:00+00:00,543,161,171,1,3119
2026-08-30T17:01:00+00:00,496,167,158,0,3110
2026-08-30T17:02:00+00:00,534,164,158,0,3085
2026-08-30T17:03:00+00:00,498,149,151,1,3086
2026-08-30T17:04:00+00:00,500,120,133,1,3046
2026-08-30T17:05:00+00:00,496,129,118,0,3128
2026-08-30T17:06:00+00:00,499,122,110,0,3100
2026-08-30T17:07:00+00:00,523,166,170,0,3108
2026-08-30T17:08:00+00:00,537,154,144,0,3088
2026-08-30T17:09:00+00:00,498,126,126,0,3091
2026-08-30T17:10:00+00:00,526,152,164,0,3060
2026-08-30T17:11:00+00:00,497,99,101,2,3082
2026-08-30T17:12:00+00:00,497,159,152,1,3083
2026-08-30T17:13:00+00:00,539,139,161,5,3078
2026-08-30T17:14:00+00:00,497,119,117,2,3064
2026-08-30T17:15:00+00:00,496,166,156,1,3114
2026-08-30T17:16:00+00:00,529,135,137,2,3164
2026-08-30T17:17:00+00:00,496,129,115,0,3091
2026-08-30T17:18:00+00:00,498,134,133,0,3090
2026-08-30T17:19:00+00:00,535,126,127,2,3078
2026-08-30T17:20:00+00:00,500,152,139,2,3087
2026-08-30T17:21:00+00:00,529,137,136,0,3098
2026-08-30T17:22:00+00:00,498,151,137,1,3046
2026-08-30T17:23:00+00:00,524,107,101,0,3082
2026-08-30T17:24:00+00:00,499,158,160,0,3114
2026-08-30T17:25:00+00:00,500,155,148,18,3054
2026-08-30T17:26:00+00:00,495,160,163,2,3081
2026-08-30T17:27:00+00:00,537,174,174,10,3132
2026-08-30T17:28:00+00:00,498,131,120,0,3091
2026-08-30T17:29:00+00:00,533,171,182,15,3078
2026-08-30T17:30:00+00:00,499,134,138,13,3108
2026-08-30T17:31:00+00:00,518,145,140,1,3062
2026-08-30T17:32:00+00:00,525,140,149,0,3071
2026-08-30T17:33:00+00:00,499,114,110,0,3134
2026-08-30T17:34:00+00:00,520,168,167,0,3090
2026-08-30T17:35:00+00:00,496,165,160,2,3139
2026-08-30T17:36:00+00:00,529,163,151,0,3084
2026-08-30T17:37:00+00:00,514,132,159,0,3111
2026-08-30T17:38:00+00:00,498,164,150,0,3099
2026-08-30T17:39:00+00:00,495,137,135,0,3079
2026-08-30T17:40:00+00:00,498,141,140,0,3118
2026-08-30T17:41:00+00:00,499,139,133,3,3080
2026-08-30T17:42:00+00:00,495,148,140,5,3121
2026-08-30T17:43:00+00:00,519,155,124,1,3115
2026-08-30T17:44:00+00:00,528,175,164,12,3123
2026-08-30T17:45:00+00:00,518,130,154,0,3082
2026-08-30T17:46:00+00:00,499,123,149,0,3112
2026-08-30T17:47:00+00:00,496,160,142,11,3109
2026-08-30T17:48:00+00:00,497,161,164,0,3142
2026-08-30T17:49:00+00:00,511,144,141,0,3075
2026-08-30T17:50:00+00:00,499,148,164,8,3162
2026-08-30T17:51:00+00:00,500,137,121,1,3166
2026-08-30T17:52:00+00:00,519,146,156,0,3094
2026-08-30T17:53:00+00:00,496,166,170,0,3119
2026-08-30T17:54:00+00:00,514,132,149,0,3170
2026-08-30T17:55:00+00:00,496,144,139,1,3128
2026-08-30T17:56:00+00:00,499,146,148,1,3112
2026-08-30T17:57:00+00:00,495,142,151,17,3085
2026-08-30T17:58:00+00:00,497,137,156,5,3136
2026-08-30T17:59:00+00:00,513,142,142,2,3150
2026-08-30T18:00:00+00:00,497,139,151,2,3115
2026-08-30T18:01:00+00:00,500,153,147,10,3136
2026-08-30T18:02:00+00:00,519,152,145,1,3124
2026-08-30T18:03:00+00:00,501,155,161,0,3146
2026-08-30T18:04:00+00:00,515,144,159,6,3145
2026-08-30T18:05:00+00:00,498,135,135,1,3132
2026-08-30T18:06:00+00:00,514,147,152,0,3136
2026-08-30T18:07:00+00:00,499,158,160,8,3113
2026-08-30T18:08:00+00:00,515,150,133,1,3094
2026-08-30T18:09:00+00:00,499,158,165,2,3143
2026-08-30T18:10:00+00:00,496,132,132,0,3108
2026-08-30T18:11:00+00:00,512,125,140,0,3141
2026-08-30T18:12:00+00:00,512,145,141,10,3160
2026-08-30T18:13:00+00:00,500,136,139,4,3099
2026-08-30T18:14:00+00:00,514,120,125,2,3146
2026-08-30T18:15:00+00:00,509,137,187,0,3111
2026-08-30T18:16:00+00:00,497,157,166,12,3112
2026-08-30T18:17:00+00:00,498,136,122,2,3155
2026-08-30T18:18:00+00:00,508,138,130,7,3119
2026-08-30T18:19:00+00:00,515,174,152,10,3156
2026-08-30T18:20:00+00:00,512,126,137,0,3182
2026-08-30T18:21:00+00:00,495,136,117,16,3168
2026-08-30T18:22:00+00:00,499,135,113,0,3117
2026-08-30T18:23:00+00:00,507,108,115,0,3134
2026-08-30T18:24:00+00:00,508,146,140,0,3183
2026-08-30T18:25:00+00:00,499,146,168,5,3096
2026-08-30T18:26:00+00:00,497,152,145,5,3103
2026-08-30T18:27:00+00:00,498,133,150,0,3095
2026-08-30T18:28:00+00:00,507,148,150,0,3148
2026-08-30T18:29:00+00:00,509,136,161,7,3159
2026-08-30T18:30:00+00:00,497,151,150,0,3136
2026-08-30T18:31:00+00:00,500,139,144,2,3091
2026-08-30T18:32:00+00:00,501,130,139,7,3179
2026-08-30T18:33:00+00:00,496,158,155,6,3177
2026-08-30T18:34:00+00:00,496,150,147,0,3214
2026-08-30T18:35:00+00:00,498,150,157,2,3124
2026-08-30T18:36:00+00:00,503,127,128,2,3165
2026-08-30T18:37:00+00:00,498,141,124,0,3141
2026-08-30T18:38:00+00:00,505,120,122,1,3127
2026-08-30T18:39:00+00:00,495,154,169,0,3087
2026-08-30T18:40:00+00:00,506,149,155,1,3126
2026-08-30T18:41:00+00:00,505,142,146,0,3130
2026-08-30T18:42:00+00:00,495,157,152,0,3152
2026-08-30T18:43:00+00:00,504,140,143,0,3163
2026-08-30T18:44:00+00:00,499,142,144,0,3155
2026-08-30T18:45:00+00:00,502,136,130,1,3154
2026-08-30T18:46:00+00:00,497,149,160,0,3152
2026-08-30T18:47:00+00:00,500,164,165,9,3168
2026-08-30T18:48:00+00:00,498,153,172,1,3213
2026-08-30T18:49:00+00:00,502,141,153,6,3147
2026-08-30T18:50:00+00:00,496,154,154,1,3157
2026-08-30T18:51:00+00:00,502,148,144,0,3146
2026-08-30T18:52:00+00:00,500,115,113,9,3160
2026-08-30T18:53:00+00:00,502,146,187,1,3148
2026-08-30T18:54:00+00:00,503,125,132,2,3129
2026-08-30T18:55:00+00:00,500,154,151,0,3195
2026-08-30T18:56:00+00:00,499,129,138,0,3103
2026-08-30T18:57:00+00:00,499,146,139,0,3152
2026-08-30T18:58:00+00:00,499,132,123,0,3160
2026-08-30T18:59:00+00:00,500,131,147,0,3148
2026-08-30T19:00:00+00:00,496,165,159,0,3163
2026-08-30T19:01:00+00:00,498,173,203,0,3155
2026-08-30T19:02:00+00:00,500,145,136,10,3162
2026-08-30T19:03:00+00:00,499,124,127,4,3159
2026-08-30T19:04:00+00:00,495,154,141,2,3177
2026-08-30T19:05:00+00:00,498,132,110,6,3178
2026-08-30T19:06:00+00:00,500,162,182,0,3174
2026-08-30T19:07:00+00:00,497,146,155,0,3176
2026-08-30T19:08:00+00:00,501,163,144,10,3173
2026-08-30T19:09:00+00:00,500,136,116,1,3186
2026-08-30T19:10:00+00:00,497,148,144,2,3183
2026-08-30T19:11:00+00:00,497,141,133,5,3169
2026-08-30T19:12:00+00:00,498,119,126,13,3209
2026-08-30T19:13:00+00:00,495,150,151,0,3156
2026-08-30T19:14:00+00:00,500,150,144,6,3148
2026-08-30T19:15:00+00:00,500,151,137,1,3176
2026-08-30T19:16:00+00:00,496,138,142,0,3164
2026-08-30T19:17:00+00:00,494,126,119,1,3191
2026-08-30T19:18:00+00:00,499,116,108,1,3154
2026-08-30T19:19:00+00:00,496,139,136,17,3202
2026-08-30T19:20:00+00:00,498,144,147,0,3171
2026-08-30T19:21:00+00:00,499,128,129,0,3119
2026-08-30T19:22:00+00:00,497,117,113,0,3130
2026-08-30T19:23:00+00:00,498,115,114,2,3153
2026-08-30T19:24:00+00:00,495,141,144,0,3154
2026-08-30T19:25:00+00:00,497,136,163,9,3197
2026-08-30T19:26:00+00:00,498,130,126,1,3211
2026-08-30T19:27:00+00:00,496,134,145,13,3144
2026-08-30T19:28:00+00:00,495,127,168,1,3187
2026-08-30T19:29:00+00:00,498,132,155,1,3158
2026-08-30T19:30:00+00:00,499,139,136,9,3144
2026-08-30T19:31:00+00:00,499,143,129,1,3190
2026-08-30T19:32:00+00:00,494,135,156,0,3191
2026-08-30T19:33:00+00:00,495,138,143,0,3177
2026-08-30T19:34:00+00:00,499,120,141,10,3186
2026-08-30T19:35:00+00:00,494,157,160,2,3171
2026-08-30T19:36:00+00:00,498,143,137,12,3117
2026-08-30T19:37:00+00:00,494,124,135,13,3151
2026-08-30T19:38:00+00:00,497,165,199,0,3135
2026-08-30T19:39:00+00:00,495,144,148,19,3178
2026-08-30T19:40:00+00:00,498,127,124,0,3175
2026-08-30T19:41:00+00:00,496,136,151,1,3167
2026-08-30T19:42:00+00:00,496,149,151,1,3175
2026-08-30T19:43:00+00:00,498,164,135,2,3180
2026-08-30T19:44:00+00:00,499,149,143,5,3178
2026-08-30T19:45:00+00:00,499,145,134,0,3192
2026-08-30T19:46:00+00:00,495,130,134,0,3165
2026-08-30T19:47:00+00:00,497,129,124,1,3210
2026-08-30T19:48:00+00:00,497,149,140,2,3169
2026-08-30T19:49:00+00:00,499,141,130,0,3168
2026-08-30T19:50:00+00:00,498,112,121,2,3152
2026-08-30T19:51:00+00:00,498,159,139,4,3174
2026-08-30T19:52:00+00:00,494,169,160,0,3182
2026-08-30T19:53:00+00:00,494,125,120,0,3150
2026-08-30T19:54:00+00:00,500,171,157,7,3155
2026-08-30T19:55:00+00:00,495,129,119,0,3198
2026-08-30T19:56:00+00:00,499,139,143,5,3163
2026-08-30T19:57:00+00:00,501,134,141,0,3171
2026-08-30T19:58:00+00:00,494,144,157,6,3184
2026-08-30T19:59:00+00:00,497,131,115,0,3142
2026-08-30T20:00:00+00:00,500,155,158,5,3192
2026-08-30T20:01:00+00:00,495,128,140,0,3117
2026-08-30T20:02:00+00:00,495,138,140,0,3142
2026-08-30T20:03:00+00:00,498,111,125,2,3198
2026-08-30T20:04:00+00:00,498,132,122,8,3171
2026-08-30T20:05:00+00:00,498,147,142,7,3099
2026-08-30T20:06:00+00:00,497,158,180,0,3177
2026-08-30T20:07:00+00:00,497,129,130,0,3218
2026-08-30T20:08:00+00:00,496,172,174,0,3175
2026-08-30T20:09:00+00:00,498,157,160,23,3159
2026-08-30T20:10:00+00:00,496,146,131,0,3155
2026-08-30T20:11:00+00:00,494,169,173,6,3169
2026-08-30T20:12:00+00:00,496,129,133,2,3177
2026-08-30T20:13:00+00:00,498,153,153,6,3157
2026-08-30T20:14:00+00:00,497,158,141,15,3191
2026-08-30T20:15:00+00:00,496,146,146,0,3155
2026-08-30T20:16:00+00:00,496,113,124,2,3159
2026-08-30T20:17:00+00:00,498,141,138,11,3167
2026-08-30T20:18:00+00:00,496,143,136,0,3189
2026-08-30T20:19:00+00:00,498,148,145,2,3161
2026-08-30T20:20:00+00:00,495,140,133,0,3190
2026-08-30T20:21:00+00:00,494,131,147,1,3189
2026-08-30T20:22:00+00:00,496,127,122,0,3190
2026-08-30T20:23:00+00:00,495,142,137,0,3173
2026-08-30T20:24:00+00:00,496,170,171,2,3172
2026-08-30T20:25:00+00:00,495,136,136,2,3188
2026-08-30T20:26:00+00:00,498,133,115,1,3133
2026-08-30T20:27:00+00:00,498,146,150,0,3217
2026-08-30T20:28:00+00:00,498,137,148,5,3214
2026-08-30T20:29:00+00:00,498,140,158,0,3181
2026-08-30T20:30:00+00:00,498,134,134,0,3150
2026-08-30T20:31:00+00:00,497,129,118,2,3163
2026-08-30T20:32:00+00:00,500,167,148,12,3116
2026-08-30T20:33:00+00:00,495,140,131,0,3202
2026-08-30T20:34:00+00:00,499,132,122,1,3154
2026-08-30T20:35:00+00:00,498,150,151,1,3139
2026-08-30T20:36:00+00:00,494,175,169,1,3161
2026-08-30T20:37:00+00:00,496,127,124,10,3123
2026-08-30T20:38:00+00:00,500,134,122,0,3192
2026-08-30T20:39:00+00:00,495,132,147,0,3215
2026-08-30T20:40:00+00:00,495,140,132,0,3189
2026-08-30T20:41:00+00:00,500,138,138,0,3177
2026-08-30T20:42:00+00:00,495,140,139,6,3209
2026-08-30T20:43:00+00:00,497,132,133,10,3145
2026-08-30T20:44:00+00:00,499,134,135,0,3173
2026-08-30T20:45:00+00:00,497,184,187,1,3144
2026-08-30T20:46:00+00:00,499,149,169,1,3191
2026-08-30T20:47:00+00:00,496,142,137,1,3162
2026-08-30T20:48:00+00:00,496,121,122,1,3181
2026-08-30T20:49:00+00:00,495,141,128,2,3208
2026-08-30T20:50:00+00:00,501,123,126,0,3203
2026-08-30T20:51:00+00:00,498,120,111,0,3175
2026-08-30T20:52:00+00:00,497,158,169,0,3160
2026-08-30T20:53:00+00:00,494,159,151,6,3136
2026-08-30T20:54:00+00:00,498,121,143,0,3183
2026-08-30T20:55:00+00:00,496,140,155,1,3180
2026-08-30T20:56:00+00:00,499,113,142,0,3142
2026-08-30T20:57:00+00:00,497,146,147,10,3189
2026-08-30T20:58:00+00:00,497,138,119,1,3170
2026-08-30T20:59:00+00:00,498,139,123,1,3124
2026-08-30T21:00:00+00:00,497,131,135,7,3149
2026-08-30T21:01:00+00:00,498,124,108,1,3170
2026-08-30T21:02:00+00:00,498,145,126,0,3175
2026-08-30T21:03:00+00:00,498,124,140,8,3165
2026-08-30T21:04:00+00:00,497,108,117,2,3154
2026-08-30T21:05:00+00:00,499,127,115,2,3185
2026-08-30T21:06:00+00:00,497,128,126,2,3151
2026-08-30T21:07:00+00:00,497,135,135,0,3116
2026-08-30T21:08:00+00:00,501,137,149,16,3152
2026-08-30T21:09:00+00:00,495,134,124,0,3136
2026-08-30T21:10:00+00:00,497,135,147,2,3143
2026-08-30T21:11:00+00:00,496,167,166,0,3108
2026-08-30T21:12:00+00:00,498,136,146,0,3158
2026-08-30T21:13:00+00:00,497,137,150,13,3195
2026-08-30T21:14:00+00:00,494,137,159,0,3141
2026-08-30T21:15:00+00:00,500,141,138,0,3092
2026-08-30T21:16:00+00:00,498,105,122,0,3140
2026-08-30T21:17:00+00:00,499,153,147,0,3136
2026-08-30T21:18:00+00:00,497,139,119,1,3164
2026-08-30T21:19:00+00:00,496,135,136,0,3174
2026-08-30T21:20:00+00:00,497,126,110,0,3143
2026-08-30T21:21:00+00:00,499,163,156,0,3175
2026-08-30T21:22:00+00:00,497,133,120,0,3169
2026-08-30T21:23:00+00:00,498,146,143,13,3142
2026-08-30T21:24:00+00:00,499,130,137,0,3120
2026-08-30T21:25:00+00:00,495,162,163,0,3137
2026-08-30T21:26:00+00:00,496,141,124,1,3136
2026-08-30T21:27:00+00:00,499,154,173,10,3167
2026-08-30T21:28:00+00:00,496,145,155,2,3133
2026-08-30T21:29:00+00:00,496,160,198,1,3100
2026-08-30T21:30:00+00:00,494,118,117,2,3156
2026-08-30T21:31:00+00:00,497,120,110,1,3093
2026-08-30T21:32:00+00:00,500,152,150,1,3098
2026-08-30T21:33:00+00:00,494,159,162,1,3189
2026-08-30T21:34:00+00:00,497,159,145,1,3141
2026-08-30T21:35:00+00:00,495,158,147,19,3168
2026-08-30T21:36:00+00:00,494,129,128,0,3119
2026-08-30T21:37:00+00:00,498,134,132,13,3160
2026-08-30T21:38:00+00:00,497,145,162,0,3131
2026-08-30T21:39:00+00:00,495,148,146,1,3198
2026-08-30T21:40:00+00:00,500,135,128,9,3143
2026-08-30T21:41:00+00:00,496,152,151,0,3162
2026-08-30T21:42:00+00:00,497,142,130,2,3152
2026-08-30T21:43:00+00:00,494,118,104,10,3134
2026-08-30T21:44:00+00:00,494,174,159,2,3092
2026-08-30T21:45:00+00:00,500,148,158,2,3084
2026-08-30T21:46:00+00:00,494,144,140,0,3174
2026-08-30T21:47:00+00:00,496,134,140,0,3099
2026-08-30T21:48:00+00:00,496,127,126,2,3154
2026-08-30T21:49:00+00:00,494,146,133,0,3116
2026-08-30T21:50:00+00:00,496,127,126,0,3117
2026-08-30T21:51:00+00:00,495,149,143,0,3128
2026-08-30T21:52:00+00:00,498,136,134,0,3129
2026-08-30T21:53:00+00:00,499,151,168,9,3128
2026-08-30T21:54:00+00:00,495,134,128,1,3125
2026-08-30T21:55:00+00:00,500,122,145,8,3182
2026-08-30T21:56:00+00:00,495,108,101,3,3134
2026-08-30T21:57:00+00:00,498,144,149,2,3154
2026-08-30T21:58:00+00:00,496,153,151,1,3121
2026-08-30T21:59:00+00:00,496,150,126,0,3131
2026-08-30T22:00:00+00:00,494,132,124,0,3100
2026-08-30T22:01:00+00:00,494,150,132,9,3068
2026-08-30T22:02:00+00:00,501,129,126,0,3159
2026-08-30T22:03:00+00:00,497,139,144,0,3091
2026-08-30T22:04:00+00:00,498,156,156,0,3064
2026-08-30T22:05:00+00:00,500,148,153,2,3111
2026-08-30T22:06:00+00:00,496,153,140,16,3126
2026-08-30T22:07:00+00:00,497,164,143,0,3144
2026-08-30T22:08:00+00:00,497,135,173,1,3089
2026-08-30T22:09:00+00:00,498,135,130,0,3088
2026-08-30T22:10:00+00:00,496,129,140,0,3120
2026-08-30T22:11:00+00:00,495,112,121,1,3093
2026-08-30T22:12:00+00:00,498,141,149,0,3082
2026-08-30T22:13:00+00:00,499,156,141,0,3115
2026-08-30T22:14:00+00:00,500,135,128,1,3113
2026-08-30T22:15:00+00:00,497,139,137,0,3108
2026-08-30T22:16:00+00:00,495,143,136,0,3127
2026-08-30T22:17:00+00:00,497,142,152,1,3053
2026-08-30T22:18:00+00:00,500,154,170,0,3119
2026-08-30T22:19:00+00:00,498,154,141,0,3143
2026-08-30T22:20:00+00:00,495,151,184,1,3051
2026-08-30T22:21:00+00:00,499,112,100,0,3096
2026-08-30T22:22:00+00:00,497,138,142,2,3084
2026-08-30T22:23:00+00:00,497,120,123,1,3092
2026-08-30T22:24:00+00:00,498,139,154,5,3104
2026-08-30T22:25:00+00:00,498,135,154,2,3170
2026-08-30T22:26:00+00:00,497,144,145,0,3117
2026-08-30T22:27:00+00:00,498,129,111,2,3070
2026-08-30T22:28:00+00:00,499,145,161,2785,3081
2026-08-30T22:29:00+00:00,499,139,130,2948,3080
2026-08-30T22:30:00+00:00,495,126,136,2917,3119
2026-08-30T22:31:00+00:00,497,134,132,2930,3086
2026-08-30T22:32:00+00:00,494,143,137,2830,3051
2026-08-30T22:33:00+00:00,496,142,141,3194,3100
2026-08-30T22:34:00+00:00,496,135,135,2742,3142
2026-08-30T22:35:00+00:00,495,142,162,2824,3142
2026-08-30T22:36:00+00:00,497,143,140,2589,3063
2026-08-30T22:37:00+00:00,498,149,145,3061,3141
2026-08-30T22:38:00+00:00,495,143,130,3111,3082
2026-08-30T22:39:00+00:00,497,132,140,2722,3089
2026-08-30T22:40:00+00:00,498,137,136,2897,3085
2026-08-30T22:41:00+00:00,495,141,151,2533,3090
2026-08-30T22:42:00+00:00,495,153,152,0,3116
2026-08-30T22:43:00+00:00,499,135,129,0,3024
2026-08-30T22:44:00+00:00,500,146,141,11,3095
2026-08-30T22:45:00+00:00,494,159,162,1,3075
2026-08-30T22:46:00+00:00,497,131,157,0,3017
2026-08-30T22:47:00+00:00,496,131,133,2,3108
2026-08-30T22:48:00+00:00,498,127,142,0,3040
2026-08-30T22:49:00+00:00,496,151,152,14,3069
2026-08-30T22:50:00+00:00,498,155,159,0,3099
2026-08-30T22:51:00+00:00,498,136,140,1,3078
2026-08-30T22:52:00+00:00,498,140,133,0,3042
2026-08-30T22:53:00+00:00,497,180,155,1,3052
2026-08-30T22:54:00+00:00,498,173,170,1,3093
2026-08-30T22:55:00+00:00,497,143,138,11,3078
2026-08-30T22:56:00+00:00,499,139,134,0,3120
2026-08-30T22:57:00+00:00,498,152,154,0,3129
2026-08-30T22:58:00+00:00,498,142,126,0,3094
2026-08-30T22:59:00+00:00,498,160,161,0,3103
2026-08-30T23:00:00+00:00,500,164,151,0,3107
2026-08-30T23:01:00+00:00,497,114,124,0,3125
2026-08-30T23:02:00+00:00,497,123,129,7,3127
2026-08-30T23:03:00+00:00,498,133,141,1,3051
2026-08-30T23:04:00+00:00,497,148,120,1,3062
2026-08-30T23:05:00+00:00,499,128,121,0,3095
2026-08-30T23:06:00+00:00,496,172,153,2,3090
2026-08-30T23:07:00+00:00,494,123,142,1,3036
2026-08-30T23:08:00+00:00,497,117,109,2,3073
2026-08-30T23:09:00+00:00,499,143,146,0,3055
2026-08-30T23:10:00+00:00,500,132,132,0,3089
2026-08-30T23:11:00+00:00,496,148,147,0,3071
2026-08-30T23:12:00+00:00,497,152,165,0,3082
2026-08-30T23:13:00+00:00,496,135,157,1,3072
2026-08-30T23:14:00+00:00,495,165,159,7,2963
2026-08-30T23:15:00+00:00,499,160,150,3,3046
2026-08-30T23:16:00+00:00,497,132,136,1,3107
2026-08-30T23:17:00+00:00,496,127,130,2,3132
2026-08-30T23:18:00+00:00,499,129,131,0,3002
2026-08-30T23:19:00+00:00,494,156,158,1,3076
2026-08-30T23:20:00+00:00,497,115,129,5,3078
2026-08-30T23:21:00+00:00,497,155,135,2,3082
2026-08-30T23:22:00+00:00,499,148,143,0,3102
2026-08-30T23:23:00+00:00,497,143,132,1,3093
2026-08-30T23:24:00+00:00,495,168,170,1,3092
2026-08-30T23:25:00+00:00,497,150,131,0,3087
2026-08-30T23:26:00+00:00,498,137,149,2,3103
2026-08-30T23:27:00+00:00,498,117,136,1,3053
2026-08-30T23:28:00+00:00,497,126,133,1,3128
2026-08-30T23:29:00+00:00,496,148,143,1,3068
2026-08-30T23:30:00+00:00,497,161,170,0,3082
2026-08-30T23:31:00+00:00,498,135,133,5,3022
2026-08-30T23:32:00+00:00,496,153,167,0,3115
2026-08-30T23:33:00+00:00,494,146,134,3,3058
2026-08-30T23:34:00+00:00,498,142,135,0,3059
2026-08-30T23:35:00+00:00,501,147,144,1,3059
2026-08-30T23:36:00+00:00,495,145,131,0,3050
2026-08-30T23:37:00+00:00,498,144,168,0,3013
2026-08-30T23:38:00+00:00,499,141,147,4,3114
2026-08-30T23:39:00+00:00,495,168,170,0,3034
2026-08-30T23:40:00+00:00,498,163,145,1,3046
2026-08-30T23:41:00+00:00,499,187,180,0,3087
2026-08-30T23:42:00+00:00,501,158,164,0,3055
2026-08-30T23:43:00+00:00,495,152,167,1,3032
2026-08-30T23:44:00+00:00,499,124,130,0,3047
2026-08-30T23:45:00+00:00,497,106,123,8,3088
2026-08-30T23:46:00+00:00,494,137,126,2,3069
2026-08-30T23:47:00+00:00,494,140,153,1,3012
2026-08-30T23:48:00+00:00,499,133,135,6,3043
2026-08-30T23:49:00+00:00,498,157,158,2,3091
2026-08-30T23:50:00+00:00,497,139,144,0,3032
2026-08-30T23:51:00+00:00,495,150,175,0,2981
2026-08-30T23:52:00+00:00,497,140,141,2,3073
2026-08-30T23:53:00+00:00,496,153,153,0,3126
2026-08-30T23:54:00+00:00,497,143,143,2,3011
2026-08-30T23:55:00+00:00,499,140,144,1,3083
2026-08-30T23:56:00+00:00,498,130,138,4,3076
2026-08-30T23:57:00+00:00,499,135,145,0,3070
2026-08-30T23:58:00+00:00,497,118,109,0,3068
2026-08-30T23:59:00+00:00,494,141,128,5,3115
2026-08-31T00:00:00+00:00,495,180,174,2,3009
2026-08-31T00:01:00+00:00,496,105,107,0,3012
2026-08-31T00:02:00+00:00,498,116,116,2,3029
2026-08-31T00:03:00+00:00,498,133,132,1,3009
2026-08-31T00:04:00+00:00,496,185,192,0,3019
2026-08-31T00:05:00+00:00,496,100,106,0,3042
2026-08-31T00:06:00+00:00,498,173,152,9,3049
2026-08-31T00:07:00+00:00,500,153,144,12,2999
2026-08-31T00:08:00+00:00,497,100,104,1,3065
2026-08-31T00:09:00+00:00,498,207,204,5,3066
2026-08-31T00:10:00+00:00,494,101,120,7,3050
2026-08-31T00:11:00+00:00,501,147,128,10,3035
2026-08-31T00:12:00+00:00,495,180,172,0,3017
2026-08-31T00:13:00+00:00,498,114,100,1,3037
2026-08-31T00:14:00+00:00,497,154,152,2,3092
2026-08-31T00:15:00+00:00,498,127,144,0,3064
2026-08-31T00:16:00+00:00,498,145,156,0,3014
2026-08-31T00:17:00+00:00,499,101,108,2,3039
2026-08-31T00:18:00+00:00,496,115,129,6,2983
2026-08-31T00:19:00+00:00,496,126,121,2,3127
2026-08-31T00:20:00+00:00,495,143,153,0,3054
2026-08-31T00:21:00+00:00,495,191,172,1,3057
2026-08-31T00:22:00+00:00,501,169,152,0,3034
2026-08-31T00:23:00+00:00,500,127,121,0,3066
2026-08-31T00:24:00+00:00,499,148,157,0,3069
2026-08-31T00:25:00+00:00,497,145,142,1,3021
2026-08-31T00:26:00+00:00,498,207,196,0,3040
2026-08-31T00:27:00+00:00,496,100,110,12,3085
2026-08-31T00:28:00+00:00,499,100,99,0,3062
2026-08-31T00:29:00+00:00,499,126,116,0,3100
2026-08-31T00:30:00+00:00,496,210,232,0,2977
2026-08-31T00:31:00+00:00,498,102,110,0,3039
2026-08-31T00:32:00+00:00,496,148,157,11,3035
2026-08-31T00:33:00+00:00,498,145,146,11,3039
2026-08-31T00:34:00+00:00,497,102,110,0,3008
2026-08-31T00:35:00+00:00,495,110,138,0,3063
2026-08-31T00:36:00+00:00,496,167,196,1,3021
2026-08-31T00:37:00+00:00,497,199,210,1,3094
2026-08-31T00:38:00+00:00,498,210,194,13,3093
2026-08-31T00:39:00+00:00,498,152,157,1,2986
2026-08-31T00:40:00+00:00,498,168,169,2,3066
2026-08-31T00:41:00+00:00,497,149,146,0,3052
2026-08-31T00:42:00+00:00,498,157,161,1,3030
2026-08-31T00:43:00+00:00,496,103,103,0,3083
2026-08-31T00:44:00+00:00,499,99,120,5,3020
2026-08-31T00:45:00+00:00,495,137,138,2,3011
2026-08-31T00:46:00+00:00,498,126,132,8,3037
2026-08-31T00:47:00+00:00,497,152,154,1,3050
2026-08-31T00:48:00+00:00,497,166,174,1,3082
2026-08-31T00:49:00+00:00,499,175,167,0,3015
2026-08-31T00:50:00+00:00,499,116,134,12,2987
2026-08-31T00:51:00+00:00,500,130,152,0,2995
2026-08-31T00:52:00+00:00,496,136,137,2,3022
2026-08-31T00:53:00+00:00,497,148,146,1,3101
2026-08-31T00:54:00+00:00,495,131,112,0,3049
2026-08-31T00:55:00+00:00,496,101,99,0,2975
2026-08-31T00:56:00+00:00,501,225,193,0,3061
2026-08-31T00:57:00+00:00,496,101,102,0,3035
2026-08-31T00:58:00+00:00,498,133,147,11,2998
2026-08-31T00:59:00+00:00,495,99,132,10,3005
2026-08-31T01:00:00+00:00,496,167,155,0,3023
2026-08-31T01:01:00+00:00,495,147,143,0,3008
2026-08-31T01:02:00+00:00,499,163,165,0,3051
2026-08-31T01:03:00+00:00,498,146,139,0,2991
2026-08-31T01:04:00+00:00,499,145,139,13,3016
2026-08-31T01:05:00+00:00,497,166,160,6,3055
2026-08-31T01:06:00+00:00,498,160,152,0,3047
2026-08-31T01:07:00+00:00,496,171,169,1,3045
2026-08-31T01:08:00+00:00,499,115,111,2,2972
2026-08-31T01:09:00+00:00,496,181,164,1,2956
2026-08-31T01:10:00+00:00,499,150,155,2,3064
2026-08-31T01:11:00+00:00,497,114,110,5,3048
2026-08-31T01:12:00+00:00,498,122,119,14,3027
2026-08-31T01:13:00+00:00,498,117,126,0,3016
2026-08-31T01:14:00+00:00,496,128,127,0,2988
2026-08-31T01:15:00+00:00,499,103,113,0,3039
2026-08-31T01:16:00+00:00,497,103,107,0,3020
2026-08-31T01:17:00+00:00,495,190,188,2,3039
2026-08-31T01:18:00+00:00,497,115,100,7,2966
2026-08-31T01:19:00+00:00,498,141,157,0,2996
2026-08-31T01:20:00+00:00,495,171,159,1,3064
2026-08-31T01:21:00+00:00,499,122,124,0,2999
2026-08-31T01:22:00+00:00,494,103,117,2,3024
2026-08-31T01:23:00+00:00,499,160,146,1,3064
2026-08-31T01:24:00+00:00,497,113,120,14,3025
2026-08-31T01:25:00+00:00,496,150,149,8,3011
2026-08-31T01:26:00+00:00,495,131,131,0,2969
2026-08-31T01:27:00+00:00,494,178,189,8,2973
2026-08-31T01:28:00+00:00,497,103,105,1,3051
2026-08-31T01:29:00+00:00,497,152,153,0,2968
2026-08-31T01:30:00+00:00,497,156,148,1,2954
2026-08-31T01:31:00+00:00,497,102,104,10,3045
2026-08-31T01:32:00+00:00,500,144,145,14,2978
2026-08-31T01:33:00+00:00,498,165,167,1,3004
2026-08-31T01:34:00+00:00,494,145,142,2,3054
2026-08-31T01:35:00+00:00,498,179,166,9,3041
2026-08-31T01:36:00+00:00,497,103,115,2,3056
2026-08-31T01:37:00+00:00,495,177,168,11,3087
2026-08-31T01:38:00+00:00,498,105,122,0,3062
2026-08-31T01:39:00+00:00,495,134,154,0,3026
2026-08-31T01:40:00+00:00,499,100,126,4,3007
2026-08-31T01:41:00+00:00,497,141,155,1,3027
2026-08-31T01:42:00+00:00,495,131,114,0,3010
2026-08-31T01:43:00+00:00,500,121,117,0,3022
2026-08-31T01:44:00+00:00,497,151,143,2,3021
2026-08-31T01:45:00+00:00,500,126,120,2,3072
2026-08-31T01:46:00+00:00,495,147,139,7,3031
2026-08-31T01:47:00+00:00,498,136,129,1,3065
2026-08-31T01:48:00+00:00,495,152,167,5,3058
2026-08-31T01:49:00+00:00,495,169,177,17,3060
2026-08-31T01:50:00+00:00,495,138,125,0,2958
2026-08-31T01:51:00+00:00,495,146,141,0,3058
2026-08-31T01:52:00+00:00,500,182,181,2,3027
2026-08-31T01:53:00+00:00,497,190,210,0,3133
2026-08-31T01:54:00+00:00,498,129,132,16,3054
2026-08-31T01:55:00+00:00,496,199,178,2,3054
2026-08-31T01:56:00+00:00,498,121,126,0,3075
2026-08-31T01:57:00+00:00,499,136,126,0,3054
2026-08-31T01:58:00+00:00,497,200,191,0,3031
2026-08-31T01:59:00+00:00,495,152,153,1,3039
2026-08-31T02:00:00+00:00,497,151,143,2,2978
2026-08-31T02:01:00+00:00,497,158,153,1,3114
2026-08-31T02:02:00+00:00,499,126,137,5,3010
2026-08-31T02:03:00+00:00,495,124,157,0,3030
2026-08-31T02:04:00+00:00,498,137,157,10,3098
2026-08-31T02:05:00+00:00,496,101,99,0,3016
2026-08-31T02:06:00+00:00,494,154,149,0,3046
2026-08-31T02:07:00+00:00,497,149,158,1,3035
2026-08-31T02:08:00+00:00,496,143,137,1,3089
2026-08-31T02:09:00+00:00,500,145,151,1,3029
2026-08-31T02:10:00+00:00,498,144,143,0,2963
2026-08-31T02:11:00+00:00,494,159,138,6,3004
2026-08-31T02:12:00+00:00,497,103,108,0,3045
2026-08-31T02:13:00+00:00,498,177,181,5,3042
2026-08-31T02:14:00+00:00,498,167,161,1,3085
2026-08-31T02:15:00+00:00,495,167,167,2,2974
2026-08-31T02:16:00+00:00,496,124,142,2,3045
2026-08-31T02:17:00+00:00,494,138,158,2,2978
2026-08-31T02:18:00+00:00,497,191,172,0,3024
2026-08-31T02:19:00+00:00,499,169,156,0,3095
2026-08-31T02:20:00+00:00,498,125,125,2,2998
2026-08-31T02:21:00+00:00,498,125,127,14,3065
2026-08-31T02:22:00+00:00,494,172,146,16,3066
2026-08-31T02:23:00+00:00,498,180,203,0,2979
2026-08-31T02:24:00+00:00,494,183,163,14,3052
2026-08-31T02:25:00+00:00,495,171,180,0,3052
2026-08-31T02:26:00+00:00,494,172,158,0,3043
2026-08-31T02:27:00+00:00,497,171,159,0,3037
2026-08-31T02:28:00+00:00,498,153,163,3,3073
2026-08-31T02:29:00+00:00,498,105,123,0,2983
2026-08-31T02:30:00+00:00,498,105,122,0,3054
2026-08-31T02:31:00+00:00,498,160,142,0,3073
2026-08-31T02:32:00+00:00,497,189,208,12,2938
2026-08-31T02:33:00+00:00,496,102,109,0,2940
2026-08-31T02:34:00+00:00,495,159,168,0,3041
2026-08-31T02:35:00+00:00,495,120,102,6,3052
2026-08-31T02:36:00+00:00,498,139,161,0,2991
2026-08-31T02:37:00+00:00,498,160,154,2,3030
2026-08-31T02:38:00+00:00,496,133,150,16,3044
2026-08-31T02:39:00+00:00,496,157,166,0,3057
2026-08-31T02:40:00+00:00,499,123,108,0,3024
2026-08-31T02:41:00+00:00,497,126,146,2,3041
2026-08-31T02:42:00+00:00,496,174,155,1,3021
2026-08-31T02:43:00+00:00,497,144,162,2,3069
2026-08-31T02:44:00+00:00,495,115,112,0,3027
2026-08-31T02:45:00+00:00,498,133,120,0,3077
2026-08-31T02:46:00+00:00,495,161,157,1,3047
2026-08-31T02:47:00+00:00,494,150,144,0,3070
2026-08-31T02:48:00+00:00,496,130,124,1,2957
2026-08-31T02:49:00+00:00,496,156,179,1,3074
2026-08-31T02:50:00+00:00,494,160,149,2,2975
2026-08-31T02:51:00+00:00,497,126,139,7,3103
2026-08-31T02:52:00+00:00,497,120,119,0,3016
2026-08-31T02:53:00+00:00,495,168,155,6,3003
2026-08-31T02:54:00+00:00,497,151,156,1,3030
2026-08-31T02:55:00+00:00,501,166,188,1,3079
2026-08-31T02:56:00+00:00,499,127,124,0,3093
2026-08-31T02:57:00+00:00,495,174,180,7,3017
2026-08-31T02:58:00+00:00,498,134,144,2,3034
2026-08-31T02:59:00+00:00,498,108,130,2,3033
2026-08-31T03:00:00+00:00,495,121,126,1,3032
2026-08-31T03:01:00+00:00,498,175,170,2,3023
2026-08-31T03:02:00+00:00,496,170,154,1,3057
2026-08-31T03:03:00+00:00,500,146,125,0,3069
2026-08-31T03:04:00+00:00,498,130,151,0,3026
2026-08-31T03:05:00+00:00,495,99,98,1,2966
2026-08-31T03:06:00+00:00,495,179,173,0,3084
2026-08-31T03:07:00+00:00,498,137,145,1,3049
2026-08-31T03:08:00+00:00,498,184,184,0,3017
2026-08-31T03:09:00+00:00,500,147,164,9,3012
2026-08-31T03:10:00+00:00,494,121,115,0,3027
2026-08-31T03:11:00+00:00,497,131,145,0,3042
2026-08-31T03:12:00+00:00,495,118,120,0,3052
2026-08-31T03:13:00+00:00,494,143,112,0,3098
2026-08-31T03:14:00+00:00,496,142,128,3,3037
2026-08-31T03:15:00+00:00,499,160,170,2,3079
2026-08-31T03:16:00+00:00,498,185,184,3,3008
2026-08-31T03:17:00+00:00,495,156,124,1,3064
2026-08-31T03:18:00+00:00,500,132,142,2,3072
2026-08-31T03:19:00+00:00,496,126,141,0,3003
2026-08-31T03:20:00+00:00,499,116,116,0,2995
2026-08-31T03:21:00+00:00,498,177,175,1,3019
2026-08-31T03:22:00+00:00,499,147,141,0,3010
2026-08-31T03:23:00+00:00,498,123,135,0,3084
2026-08-31T03:24:00+00:00,494,144,151,0,2972
2026-08-31T03:25:00+00:00,497,153,152,0,3023
2026-08-31T03:26:00+00:00,498,134,133,2,3020
2026-08-31T03:27:00+00:00,497,157,137,0,3023
2026-08-31T03:28:00+00:00,497,158,150,0,3033
2026-08-31T03:29:00+00:00,495,115,141,0,3055
2026-08-31T03:30:00+00:00,498,136,127,2,3047
2026-08-31T03:31:00+00:00,499,101,110,0,3003
2026-08-31T03:32:00+00:00,494,150,162,0,3032
2026-08-31T03:33:00+00:00,496,158,151,1,3024
2026-08-31T03:34:00+00:00,495,121,115,1,3037
2026-08-31T03:35:00+00:00,499,133,138,1,3063
2026-08-31T03:36:00+00:00,496,125,127,0,3018
2026-08-31T03:37:00+00:00,494,161,157,2,3058
2026-08-31T03:38:00+00:00,501,150,133,0,3057
2026-08-31T03:39:00+00:00,498,173,170,16,2997
2026-08-31T03:40:00+00:00,494,131,143,0,2999
2026-08-31T03:41:00+00:00,498,148,150,0,3032
2026-08-31T03:42:00+00:00,497,141,125,0,3036
2026-08-31T03:43:00+00:00,495,163,159,0,3086
2026-08-31T03:44:00+00:00,497,127,123,0,3080
2026-08-31T03:45:00+00:00,499,160,170,8,2999
2026-08-31T03:46:00+00:00,497,104,99,10,3091
2026-08-31T03:47:00+00:00,495,164,167,2,3056
2026-08-31T03:48:00+00:00,496,136,133,2,3052
2026-08-31T03:49:00+00:00,495,124,125,1,3010
2026-08-31T03:50:00+00:00,499,143,140,10,3043
2026-08-31T03:51:00+00:00,497,128,127,0,3107
2026-08-31T03:52:00+00:00,500,128,126,8,3039
2026-08-31T03:53:00+00:00,495,102,131,2,3052
2026-08-31T03:54:00+00:00,498,153,139,0,3127
2026-08-31T03:55:00+00:00,496,111,109,2,3015
2026-08-31T03:56:00+00:00,497,134,141,0,3063
2026-08-31T03:57:00+00:00,498,151,145,4,3036
2026-08-31T03:58:00+00:00,497,172,159,6,2998
2026-08-31T03:59:00+00:00,497,120,136,0,3110
2026-08-31T04:00:00+00:00,494,131,153,2,3112
2026-08-31T04:01:00+00:00,497,180,169,0,2974
2026-08-31T04:02:00+00:00,497,183,168,0,3074
2026-08-31T04:03:00+00:00,499,103,103,1,3052
2026-08-31T04:04:00+00:00,498,117,119,0,3007
2026-08-31T04:05:00+00:00,500,137,136,2,3022
2026-08-31T04:06:00+00:00,497,153,161,0,3054
2026-08-31T04:07:00+00:00,499,126,138,0,3041
2026-08-31T04:08:00+00:00,500,143,129,2,3005
2026-08-31T04:09:00+00:00,496,148,151,2,3074
2026-08-31T04:10:00+00:00,497,124,155,2,3002
2026-08-31T04:11:00+00:00,494,162,176,0,3068
2026-08-31T04:12:00+00:00,498,101,106,0,3049
2026-08-31T04:13:00+00:00,497,140,178,0,3062
2026-08-31T04:14:00+00:00,495,162,163,2,3017
2026-08-31T04:15:00+00:00,494,155,145,2,3003
2026-08-31T04:16:00+00:00,495,100,122,2,3097
2026-08-31T04:17:00+00:00,495,148,125,0,3085
2026-08-31T04:18:00+00:00,498,164,175,1,3085
2026-08-31T04:19:00+00:00,498,123,139,0,3056
2026-08-31T04:20:00+00:00,501,139,158,2,3008
2026-08-31T04:21:00+00:00,494,118,120,6,3014
2026-08-31T04:22:00+00:00,496,138,160,1,3011
2026-08-31T04:23:00+00:00,497,139,124,1,2973
2026-08-31T04:24:00+00:00,495,155,153,2,3081
2026-08-31T04:25:00+00:00,498,123,119,0,3083
2026-08-31T04:26:00+00:00,500,180,165,4,3073
2026-08-31T04:27:00+00:00,494,149,145,13,3106
2026-08-31T04:28:00+00:00,494,120,142,0,3054
2026-08-31T04:29:00+00:00,498,134,110,0,2983
2026-08-31T04:30:00+00:00,501,144,152,0,3008
2026-08-31T04:31:00+00:00,496,131,130,1,3070
2026-08-31T04:32:00+00:00,499,140,149,1,2930
2026-08-31T04:33:00+00:00,500,119,133,0,3027
2026-08-31T04:34:00+00:00,495,134,142,0,3057
2026-08-31T04:35:00+00:00,497,135,138,6,3006
2026-08-31T04:36:00+00:00,498,133,133,3,3021
2026-08-31T04:37:00+00:00,497,149,155,12,3042
2026-08-31T04:38:00+00:00,494,172,168,2,3076
2026-08-31T04:39:00+00:00,497,139,123,2,3050
2026-08-31T04:40:00+00:00,501,164,153,0,3079
2026-08-31T04:41:00+00:00,497,144,161,1,3077
2026-08-31T04:42:00+00:00,497,152,161,2,3051
2026-08-31T04:43:00+00:00,496,153,150,2,3025
2026-08-31T04:44:00+00:00,498,103,112,2,3095
2026-08-31T04:45:00+00:00,497,113,113,1,3049
2026-08-31T04:46:00+00:00,494,123,128,1,3076
2026-08-31T04:47:00+00:00,498,132,137,0,2987
2026-08-31T04:48:00+00:00,496,157,172,0,3057
2026-08-31T04:49:00+00:00,496,161,157,0,3088
2026-08-31T04:50:00+00:00,498,177,157,0,2986
2026-08-31T04:51:00+00:00,497,142,168,0,3063
2026-08-31T04:52:00+00:00,498,145,156,0,3085
2026-08-31T04:53:00+00:00,494,178,169,0,2961
2026-08-31T04:54:00+00:00,495,126,139,0,3069
2026-08-31T04:55:00+00:00,495,173,176,0,3050
2026-08-31T04:56:00+00:00,497,173,179,0,3001
2026-08-31T04:57:00+00:00,494,153,161,0,3010
2026-08-31T04:58:00+00:00,496,128,135,1,3034
2026-08-31T04:59:00+00:00,494,132,135,0,3040
2026-08-31T05:00:00+00:00,497,126,135,0,3064
2026-08-31T05:01:00+00:00,497,118,111,12,3049
2026-08-31T05:02:00+00:00,497,116,119,0,3019
2026-08-31T05:03:00+00:00,501,122,116,1,3085
2026-08-31T05:04:00+00:00,497,149,152,0,3051
2026-08-31T05:05:00+00:00,494,178,172,0,3035
2026-08-31T05:06:00+00:00,494,166,178,5,2949
2026-08-31T05:07:00+00:00,495,148,149,1,3002
2026-08-31T05:08:00+00:00,501,108,119,5,2998
2026-08-31T05:09:00+00:00,498,163,157,8,3055
2026-08-31T05:10:00+00:00,500,150,144,1,3088
2026-08-31T05:11:00+00:00,498,142,149,9,3092
2026-08-31T05:12:00+00:00,499,125,157,0,3075
2026-08-31T05:13:00+00:00,495,144,141,2,3083
2026-08-31T05:14:00+00:00,494,135,137,0,3083
2026-08-31T05:15:00+00:00,500,156,175,12,3118
2026-08-31T05:16:00+00:00,497,141,142,1,2986
2026-08-31T05:17:00+00:00,498,143,152,0,3069
2026-08-31T05:18:00+00:00,497,153,150,0,3053
2026-08-31T05:19:00+00:00,498,129,116,2,2977
2026-08-31T05:20:00+00:00,497,147,147,0,2986
2026-08-31T05:21:00+00:00,495,133,129,2,3060
2026-08-31T05:22:00+00:00,497,114,131,0,3075
2026-08-31T05:23:00+00:00,497,187,174,2,3058
2026-08-31T05:24:00+00:00,499,181,168,0,3079
2026-08-31T05:25:00+00:00,495,141,149,12,3040
2026-08-31T05:26:00+00:00,496,136,135,2,3061
2026-08-31T05:27:00+00:00,496,163,150,0,3030
2026-08-31T05:28:00+00:00,497,136,143,2,3036
2026-08-31T05:29:00+00:00,497,152,170,2,3076
2026-08-31T05:30:00+00:00,499,125,142,5,3107
2026-08-31T05:31:00+00:00,498,159,153,0,3024
2026-08-31T05:32:00+00:00,497,125,131,1,3046
2026-08-31T05:33:00+00:00,496,140,144,0,3080
2026-08-31T05:34:00+00:00,498,134,126,7,3064
2026-08-31T05:35:00+00:00,496,114,129,0,3095
2026-08-31T05:36:00+00:00,500,145,162,7,3034
2026-08-31T05:37:00+00:00,500,143,133,1,3021
2026-08-31T05:38:00+00:00,494,134,142,0,3065
2026-08-31T05:39:00+00:00,495,128,133,0,3000
2026-08-31T05:40:00+00:00,495,148,146,9,3059
2026-08-31T05:41:00+00:00,496,127,112,0,3091
2026-08-31T05:42:00+00:00,499,161,160,1,3021
2026-08-31T05:43:00+00:00,496,113,118,12,3037
2026-08-31T05:44:00+00:00,498,132,140,7,3099
2026-08-31T05:45:00+00:00,499,125,133,7,3085
2026-08-31T05:46:00+00:00,497,130,152,0,3055
2026-08-31T05:47:00+00:00,494,146,149,0,3030
2026-08-31T05:48:00+00:00,496,123,144,0,3015
2026-08-31T05:49:00+00:00,494,158,145,0,3051
2026-08-31T05:50:00+00:00,497,132,124,2,3026
2026-08-31T05:51:00+00:00,494,151,146,0,3058
2026-08-31T05:52:00+00:00,496,139,133,8,2997
2026-08-31T05:53:00+00:00,497,148,163,2,3069
2026-08-31T05:54:00+00:00,498,155,161,11,3048
2026-08-31T05:55:00+00:00,497,147,157,0,3011
2026-08-31T05:56:00+00:00,497,148,142,0,3047
2026-08-31T05:57:00+00:00,498,150,162,0,3076
2026-08-31T05:58:00+00:00,498,125,140,0,3034
2026-08-31T05:59:00+00:00,496,151,147,0,3009
2026-08-31T06:00:00+00:00,498,114,125,2,3086
2026-08-31T06:01:00+00:00,495,143,136,14,3038
2026-08-31T06:02:00+00:00,497,125,144,1,3040
2026-08-31T06:03:00+00:00,500,157,153,1,3062
2026-08-31T06:04:00+00:00,497,142,124,1,3064
2026-08-31T06:05:00+00:00,496,105,114,0,3059
2026-08-31T06:06:00+00:00,496,116,132,0,2978
2026-08-31T06:07:00+00:00,496,161,143,2,3012
2026-08-31T06:08:00+00:00,498,120,111,7,3028
2026-08-31T06:09:00+00:00,501,118,133,1,3074
2026-08-31T06:10:00+00:00,499,150,194,0,3087
2026-08-31T06:11:00+00:00,499,143,125,0,3062
2026-08-31T06:12:00+00:00,500,120,113,0,3086
2026-08-31T06:13:00+00:00,496,125,144,0,3058
2026-08-31T06:14:00+00:00,494,127,154,0,3090
2026-08-31T06:15:00+00:00,496,145,154,0,3090
2026-08-31T06:16:00+00:00,497,131,131,13,3059
2026-08-31T06:17:00+00:00,499,155,172,0,3079
2026-08-31T06:18:00+00:00,499,167,148,0,3070
2026-08-31T06:19:00+00:00,496,159,158,2,3005
2026-08-31T06:20:00+00:00,497,155,154,2,3053
2026-08-31T06:21:00+00:00,498,126,130,8,3071
2026-08-31T06:22:00+00:00,498,129,124,2,3063
2026-08-31T06:23:00+00:00,499,152,137,8,3084
2026-08-31T06:24:00+00:00,496,123,128,2,3096
2026-08-31T06:25:00+00:00,497,157,171,1,3071
2026-08-31T06:26:00+00:00,500,146,148,2,3035
2026-08-31T06:27:00+00:00,499,160,167,11,3040
2026-08-31T06:28:00+00:00,499,136,137,0,3027
2026-08-31T06:29:00+00:00,498,180,158,0,3052
2026-08-31T06:30:00+00:00,494,117,132,2,3051
2026-08-31T06:31:00+00:00,500,138,135,0,3085
2026-08-31T06:32:00+00:00,496,161,172,3,2996
2026-08-31T06:33:00+00:00,499,161,160,8,3021
2026-08-31T06:34:00+00:00,496,157,158,0,3011
2026-08-31T06:35:00+00:00,496,138,155,0,3021
2026-08-31T06:36:00+00:00,498,169,180,2,3094
2026-08-31T06:37:00+00:00,495,137,131,2,3019
2026-08-31T06:38:00+00:00,498,140,131,18,3062
2026-08-31T06:39:00+00:00,500,116,123,0,3087
2026-08-31T06:40:00+00:00,498,141,157,0,3077
2026-08-31T06:41:00+00:00,494,135,151,0,3043
2026-08-31T06:42:00+00:00,499,122,105,1,3092
2026-08-31T06:43:00+00:00,495,156,154,1,3039
2026-08-31T06:44:00+00:00,497,150,162,19,3052
2026-08-31T06:45:00+00:00,496,147,142,8,3008
2026-08-31T06:46:00+00:00,497,110,112,6,3085
2026-08-31T06:47:00+00:00,496,146,140,0,3042
2026-08-31T06:48:00+00:00,496,140,127,0,3082
2026-08-31T06:49:00+00:00,499,139,155,2,3040
2026-08-31T06:50:00+00:00,498,119,135,1,3064
2026-08-31T06:51:00+00:00,498,167,173,0,3060
2026-08-31T06:52:00+00:00,497,175,163,0,3058
2026-08-31T06:53:00+00:00,499,138,143,3,3086
2026-08-31T06:54:00+00:00,494,164,160,0,3053
2026-08-31T06:55:00+00:00,498,138,135,0,3080
2026-08-31T06:56:00+00:00,497,160,162,3,3062
2026-08-31T06:57:00+00:00,499,159,160,1,3067
2026-08-31T06:58:00+00:00,498,160,170,5,3068
2026-08-31T06:59:00+00:00,497,149,154,0,3008
2026-08-31T07:00:00+00:00,498,139,139,0,3083
2026-08-31T07:01:00+00:00,497,131,124,7,3054
2026-08-31T07:02:00+00:00,496,161,139,0,3070
2026-08-31T07:03:00+00:00,496,164,153,4,3079
2026-08-31T07:04:00+00:00,499,134,139,1,3068
2026-08-31T07:05:00+00:00,496,164,153,0,3075
2026-08-31T07:06:00+00:00,500,100,98,7,3078
2026-08-31T07:07:00+00:00,494,131,128,1,3076
2026-08-31T07:08:00+00:00,496,130,131,9,3090
2026-08-31T07:09:00+00:00,498,167,168,12,3052
2026-08-31T07:10:00+00:00,496,170,172,0,3006
2026-08-31T07:11:00+00:00,498,134,129,2,3078
2026-08-31T07:12:00+00:00,497,150,138,5,3130
2026-08-31T07:13:00+00:00,495,145,134,2,3108
2026-08-31T07:14:00+00:00,501,155,137,1,3089
2026-08-31T07:15:00+00:00,497,168,151,1,3104
2026-08-31T07:16:00+00:00,494,137,147,0,3078
2026-08-31T07:17:00+00:00,494,139,155,0,3101
2026-08-31T07:18:00+00:00,501,145,128,18,3103
2026-08-31T07:19:00+00:00,500,140,135,0,3119
2026-08-31T07:20:00+00:00,494,156,162,0,3119
2026-08-31T07:21:00+00:00,497,135,135,3,3052
2026-08-31T07:22:00+00:00,498,142,148,2,3060
2026-08-31T07:23:00+00:00,497,169,167,8,3061
2026-08-31T07:24:00+00:00,497,113,135,0,3094
2026-08-31T07:25:00+00:00,497,152,131,3,3125
2026-08-31T07:26:00+00:00,498,123,152,10,3105
2026-08-31T07:27:00+00:00,498,135,154,0,3062
2026-08-31T07:28:00+00:00,499,157,157,0,3119
2026-08-31T07:29:00+00:00,499,150,134,0,3092
2026-08-31T07:30:00+00:00,497,141,119,11,3080
2026-08-31T07:31:00+00:00,499,136,154,0,3098
2026-08-31T07:32:00+00:00,494,154,151,11,3087
2026-08-31T07:33:00+00:00,496,139,144,0,3111
2026-08-31T07:34:00+00:00,494,139,147,0,3067
2026-08-31T07:35:00+00:00,495,129,127,0,3104
2026-08-31T07:36:00+00:00,494,156,150,2,3064
2026-08-31T07:37:00+00:00,498,123,127,11,3068
2026-08-31T07:38:00+00:00,498,147,136,2,3101
2026-08-31T07:39:00+00:00,495,142,129,0,3096
2026-08-31T07:40:00+00:00,495,131,136,2,3145
2026-08-31T07:41:00+00:00,496,148,135,0,3089
2026-08-31T07:42:00+00:00,498,155,170,0,3153
2026-08-31T07:43:00+00:00,499,137,155,0,3127
2026-08-31T07:44:00+00:00,497,130,136,1,3138
2026-08-31T07:45:00+00:00,499,119,136,0,3149
2026-08-31T07:46:00+00:00,494,129,118,0,3083
2026-08-31T07:47:00+00:00,494,144,134,1,3107
2026-08-31T07:48:00+00:00,498,122,129,3,3095
2026-08-31T07:49:00+00:00,496,159,165,0,3146
2026-08-31T07:50:00+00:00,500,165,175,0,3088
2026-08-31T07:51:00+00:00,495,170,164,0,3108
2026-08-31T07:52:00+00:00,497,143,141,0,3096
2026-08-31T07:53:00+00:00,495,135,141,0,3118
2026-08-31T07:54:00+00:00,498,139,154,0,3107
2026-08-31T07:55:00+00:00,498,150,138,0,3092
2026-08-31T07:56:00+00:00,497,147,161,1,3120
2026-08-31T07:57:00+00:00,496,162,179,0,3105
2026-08-31T07:58:00+00:00,497,148,151,15,3201
2026-08-31T07:59:00+00:00,497,159,138,2,3124
2026-08-31T08:00:00+00:00,499,120,102,0,3137
2026-08-31T08:01:00+00:00,501,161,172,1,3153
2026-08-31T08:02:00+00:00,502,126,126,1,3060
2026-08-31T08:03:00+00:00,500,170,142,0,3156
2026-08-31T08:04:00+00:00,498,138,129,0,3155
2026-08-31T08:05:00+00:00,501,127,120,1,3089
2026-08-31T08:06:00+00:00,502,127,128,2,3096
2026-08-31T08:07:00+00:00,496,148,140,1,3043
2026-08-31T08:08:00+00:00,500,134,113,6,3137
2026-08-31T08:09:00+00:00,499,138,125,1,3119
2026-08-31T08:10:00+00:00,503,125,106,0,3118
2026-08-31T08:11:00+00:00,502,137,141,7,3171
2026-08-31T08:12:00+00:00,501,158,155,0,3097
2026-08-31T08:13:00+00:00,506,131,134,0,3153
2026-08-31T08:14:00+00:00,497,151,144,0,3131
2026-08-31T08:15:00+00:00,504,177,178,2,3173
2026-08-31T08:16:00+00:00,505,132,127,0,3164
2026-08-31T08:17:00+00:00,496,140,167,1,3121
2026-08-31T08:18:00+00:00,500,139,157,0,3170
2026-08-31T08:19:00+00:00,497,171,157,0,3124
2026-08-31T08:20:00+00:00,507,150,135,2,3121
2026-08-31T08:21:00+00:00,505,141,132,0,3166
2026-08-31T08:22:00+00:00,498,149,157,4,3143
2026-08-31T08:23:00+00:00,498,132,129,1,3171
2026-08-31T08:24:00+00:00,505,111,109,2158,3199
2026-08-31T08:25:00+00:00,507,129,113,1760,3144
2026-08-31T08:26:00+00:00,499,147,132,1960,3169
2026-08-31T08:27:00+00:00,507,153,157,1618,3164
2026-08-31T08:28:00+00:00,504,145,147,1921,3124
2026-08-31T08:29:00+00:00,497,123,143,1727,3127
2026-08-31T08:30:00+00:00,505,168,179,1952,3166
2026-08-31T08:31:00+00:00,495,171,157,1693,3155
2026-08-31T08:32:00+00:00,507,132,144,1693,3183
2026-08-31T08:33:00+00:00,497,155,151,11,3170
2026-08-31T08:34:00+00:00,500,136,137,3,3170
2026-08-31T08:35:00+00:00,506,145,148,2,3145
2026-08-31T08:36:00+00:00,508,165,158,2,3178
2026-08-31T08:37:00+00:00,499,137,128,0,3110
2026-08-31T08:38:00+00:00,497,133,149,1,3077
2026-08-31T08:39:00+00:00,510,122,120,0,3204
2026-08-31T08:40:00+00:00,505,133,142,1,3157
2026-08-31T08:41:00+00:00,496,133,134,14,3165
2026-08-31T08:42:00+00:00,514,153,138,2,3211
2026-08-31T08:43:00+00:00,497,125,133,8,3144
2026-08-31T08:44:00+00:00,506,151,171,0,3127
2026-08-31T08:45:00+00:00,517,156,151,0,3162
2026-08-31T08:46:00+00:00,499,146,143,0,3150
2026-08-31T08:47:00+00:00,511,138,168,7,3137
2026-08-31T08:48:00+00:00,497,127,153,0,3167
2026-08-31T08:49:00+00:00,512,146,132,0,3202
2026-08-31T08:50:00+00:00,498,123,118,0,3181
2026-08-31T08:51:00+00:00,500,158,141,2,3190
2026-08-31T08:52:00+00:00,498,126,122,9,3178
2026-08-31T08:53:00+00:00,510,118,113,0,3134
2026-08-31T08:54:00+00:00,500,161,187,0,3189
2026-08-31T08:55:00+00:00,496,148,160,0,3130
2026-08-31T08:56:00+00:00,518,132,130,2,3198
2026-08-31T08:57:00+00:00,518,155,143,0,3238
2026-08-31T08:58:00+00:00,512,153,142,0,3175
2026-08-31T08:59:00+00:00,501,166,138,2,3184
2026-08-31T09:00:00+00:00,512,104,127,0,3224
2026-08-31T09:01:00+00:00,520,160,134,0,3187
2026-08-31T09:02:00+00:00,518,130,126,1,3190
2026-08-31T09:03:00+00:00,511,126,153,0,3175
2026-08-31T09:04:00+00:00,521,143,133,6,3210
2026-08-31T09:05:00+00:00,514,143,151,0,3237
2026-08-31T09:06:00+00:00,497,140,142,0,3182
2026-08-31T09:07:00+00:00,497,139,163,0,3217
2026-08-31T09:08:00+00:00,517,149,158,0,3190
2026-08-31T09:09:00+00:00,499,169,157,0,3177
2026-08-31T09:10:00+00:00,498,138,123,1,3170
2026-08-31T09:11:00+00:00,499,143,134,0,3182
2026-08-31T09:12:00+00:00,516,125,130,0,3199
2026-08-31T09:13:00+00:00,521,135,139,0,3188
2026-08-31T09:14:00+00:00,496,137,138,0,3149
2026-08-31T09:15:00+00:00,498,136,120,0,3207
2026-08-31T09:16:00+00:00,498,154,151,0,3239
2026-08-31T09:17:00+00:00,497,133,127,1,3152
2026-08-31T09:18:00+00:00,519,153,125,1,3198
2026-08-31T09:19:00+00:00,500,134,134,2,3204
2026-08-31T09:20:00+00:00,498,167,173,0,3153
2026-08-31T09:21:00+00:00,522,148,163,1,3185
2026-08-31T09:22:00+00:00,524,145,132,0,3186
2026-08-31T09:23:00+00:00,498,124,111,0,3224
2026-08-31T09:24:00+00:00,497,155,126,2,3107
2026-08-31T09:25:00+00:00,498,124,126,0,3195
2026-08-31T09:26:00+00:00,518,140,133,0,3258
2026-08-31T09:27:00+00:00,532,149,132,0,3156
2026-08-31T09:28:00+00:00,498,130,117,0,3193
2026-08-31T09:29:00+00:00,499,151,161,1,3188
2026-08-31T09:30:00+00:00,498,127,134,1,3188
2026-08-31T09:31:00+00:00,499,142,148,1,3237
2026-08-31T09:32:00+00:00,519,148,144,3,3185
2026-08-31T09:33:00+00:00,501,150,148,0,3163
2026-08-31T09:34:00+00:00,534,137,127,14,3212
2026-08-31T09:35:00+00:00,499,114,138,13,3207
2026-08-31T09:36:00+00:00,522,146,158,2,3200
2026-08-31T09:37:00+00:00,500,155,158,0,3163
2026-08-31T09:38:00+00:00,523,168,178,0,3194
2026-08-31T09:39:00+00:00,533,155,144,2,3242
2026-08-31T09:40:00+00:00,496,166,148,1,3229
2026-08-31T09:41:00+00:00,527,117,110,0,3207
2026-08-31T09:42:00+00:00,531,165,161,1,3203
2026-08-31T09:43:00+00:00,536,148,157,0,3214
2026-08-31T09:44:00+00:00,499,149,133,17,3190
2026-08-31T09:45:00+00:00,498,137,128,0,3222
2026-08-31T09:46:00+00:00,501,140,131,0,3210
2026-08-31T09:47:00+00:00,534,159,150,0,3193
2026-08-31T09:48:00+00:00,499,152,162,0,3200
2026-08-31T09:49:00+00:00,495,125,100,0,3193
2026-08-31T09:50:00+00:00,497,101,99,13,3253
2026-08-31T09:51:00+00:00,497,126,131,10,3185
2026-08-31T09:52:00+00:00,540,149,141,0,3232
2026-08-31T09:53:00+00:00,537,142,152,4,3220
2026-08-31T09:54:00+00:00,547,149,146,0,3226
2026-08-31T09:55:00+00:00,498,141,127,2,3232
2026-08-31T09:56:00+00:00,496,138,122,2,3170
2026-08-31T09:57:00+00:00,495,165,168,7,3158
2026-08-31T09:58:00+00:00,497,122,128,1,3185
2026-08-31T09:59:00+00:00,536,141,142,2,3272
2026-08-31T10:00:00+00:00,528,129,135,2,3246
2026-08-31T10:01:00+00:00,548,144,131,7,3200
2026-08-31T10:02:00+00:00,498,155,164,2,3209
2026-08-31T10:03:00+00:00,534,140,150,0,3211
2026-08-31T10:04:00+00:00,496,157,142,0,3209
2026-08-31T10:05:00+00:00,537,130,132,0,3177
2026-08-31T10:06:00+00:00,538,142,138,1,3207
2026-08-31T10:07:00+00:00,544,141,139,7,3149
2026-08-31T10:08:00+00:00,545,144,151,0,3229
2026-08-31T10:09:00+00:00,532,145,162,0,3227
2026-08-31T10:10:00+00:00,531,146,126,2,3182
2026-08-31T10:11:00+00:00,547,136,124,7,3170
2026-08-31T10:12:00+00:00,499,155,177,7,3228
2026-08-31T10:13:00+00:00,548,135,158,0,3187
2026-08-31T10:14:00+00:00,530,160,158,0,3206
2026-08-31T10:15:00+00:00,497,163,164,7,3200
2026-08-31T10:16:00+00:00,498,149,138,0,3184
2026-08-31T10:17:00+00:00,534,156,125,0,3184
2026-08-31T10:18:00+00:00,498,118,113,1,3194
2026-08-31T10:19:00+00:00,548,135,135,0,3245
2026-08-31T10:20:00+00:00,496,148,163,0,3218
2026-08-31T10:21:00+00:00,497,117,113,0,3221
2026-08-31T10:22:00+00:00,499,131,148,0,3251
2026-08-31T10:23:00+00:00,550,133,150,1,3153
2026-08-31T10:24:00+00:00,534,159,137,6,3194
2026-08-31T10:25:00+00:00,500,184,188,1,3236
2026-08-31T10:26:00+00:00,540,123,150,0,3253
2026-08-31T10:27:00+00:00,552,135,139,2,3266
2026-08-31T10:28:00+00:00,541,153,157,0,3172
2026-08-31T10:29:00+00:00,535,142,143,2,3179
2026-08-31T10:30:00+00:00,499,123,125,2,3199
2026-08-31T10:31:00+00:00,542,155,155,2,3218
2026-08-31T10:32:00+00:00,547,121,114,10,3216
2026-08-31T10:33:00+00:00,496,135,119,0,3198
2026-08-31T10:34:00+00:00,500,131,132,1,3208
2026-08-31T10:35:00+00:00,499,143,142,2,3168
2026-08-31T10:36:00+00:00,497,166,157,1,3217
2026-08-31T10:37:00+00:00,555,131,118,0,3133
2026-08-31T10:38:00+00:00,540,127,126,2,3268
2026-08-31T10:39:00+00:00,495,152,162,4,3166
2026-08-31T10:40:00+00:00,500,159,150,0,3197
2026-08-31T10:41:00+00:00,500,138,142,9,3232
2026-08-31T10:42:00+00:00,540,135,129,0,3199
2026-08-31T10:43:00+00:00,539,147,151,9,3224
2026-08-31T10:44:00+00:00,499,144,152,2,3098
2026-08-31T10:45:00+00:00,547,127,142,0,3189
2026-08-31T10:46:00+00:00,572,146,136,0,3158
2026-08-31T10:47:00+00:00,553,156,151,2,3160
2026-08-31T10:48:00+00:00,499,196,180,2,3203
2026-08-31T10:49:00+00:00,500,139,150,1,3155
2026-08-31T10:50:00+00:00,497,147,151,14,3171
2026-08-31T10:51:00+00:00,496,105,114,1,3193
2026-08-31T10:52:00+00:00,552,144,169,1,3188
2026-08-31T10:53:00+00:00,496,132,134,0,3159
2026-08-31T10:54:00+00:00,497,157,163,1,3196
2026-08-31T10:55:00+00:00,499,145,139,2,3249
2026-08-31T10:56:00+00:00,563,124,143,2,3182
2026-08-31T10:57:00+00:00,560,144,151,0,3152
2026-08-31T10:58:00+00:00,576,123,116,0,3242
2026-08-31T10:59:00+00:00,499,170,170,0,3200
2026-08-31T11:00:00+00:00,496,144,141,1,3176
2026-08-31T11:01:00+00:00,553,135,136,0,3174
2026-08-31T11:02:00+00:00,564,161,164,17,3152
2026-08-31T11:03:00+00:00,578,142,145,0,3124
2026-08-31T11:04:00+00:00,544,136,133,0,3206
2026-08-31T11:05:00+00:00,552,142,149,4,3166
2026-08-31T11:06:00+00:00,499,154,161,0,3140
2026-08-31T11:07:00+00:00,498,134,145,13,3177
2026-08-31T11:08:00+00:00,564,176,155,0,3214
2026-08-31T11:09:00+00:00,565,149,129,0,3193
2026-08-31T11:10:00+00:00,559,133,130,1,3187
2026-08-31T11:11:00+00:00,499,123,124,0,3097
2026-08-31T11:12:00+00:00,500,155,167,1,3183
2026-08-31T11:13:00+00:00,553,138,144,7,3182
2026-08-31T11:14:00+00:00,499,161,164,6,3138
2026-08-31T11:15:00+00:00,497,139,144,3,3166
2026-08-31T11:16:00+00:00,497,152,162,2,3193
2026-08-31T11:17:00+00:00,496,140,135,1,3177
2026-08-31T11:18:00+00:00,499,117,127,0,3177
2026-08-31T11:19:00+00:00,497,152,138,2,3123
2026-08-31T11:20:00+00:00,497,155,148,4,3182
2026-08-31T11:21:00+00:00,500,137,142,0,3197
2026-08-31T11:22:00+00:00,496,114,147,11,3086
2026-08-31T11:23:00+00:00,583,120,125,1,3127
2026-08-31T11:24:00+00:00,495,142,145,1,3208
2026-08-31T11:25:00+00:00,560,122,122,0,3184
2026-08-31T11:26:00+00:00,498,134,160,0,3130
2026-08-31T11:27:00+00:00,592,144,137,2,3125
2026-08-31T11:28:00+00:00,496,165,168,1,3160
2026-08-31T11:29:00+00:00,496,147,154,2,3145
2026-08-31T11:30:00+00:00,586,159,155,0,3129
2026-08-31T11:31:00+00:00,564,138,151,0,3169
2026-08-31T11:32:00+00:00,499,146,133,10,3194
2026-08-31T11:33:00+00:00,573,163,162,0,3197
2026-08-31T11:34:00+00:00,496,143,152,9,3148
2026-08-31T11:35:00+00:00,583,166,161,1,3166
2026-08-31T11:36:00+00:00,557,130,136,2,3143
2026-08-31T11:37:00+00:00,496,127,130,0,3119
2026-08-31T11:38:00+00:00,594,133,123,0,3149
2026-08-31T11:39:00+00:00,582,158,141,2,3164
2026-08-31T11:40:00+00:00,498,163,178,1,3167
2026-08-31T11:41:00+00:00,497,145,148,2,3174
2026-08-31T11:42:00+00:00,600,153,152,0,3090
2026-08-31T11:43:00+00:00,501,127,125,8,3182
2026-08-31T11:44:00+00:00,496,138,149,1,3139
2026-08-31T11:45:00+00:00,498,175,188,0,3155
2026-08-31T11:46:00+00:00,588,128,143,0,3143
2026-08-31T11:47:00+00:00,496,145,154,0,3171
2026-08-31T11:48:00+00:00,498,147,137,2,3105
2026-08-31T11:49:00+00:00,494,130,123,2,3100
2026-08-31T11:50:00+00:00,496,167,146,1,3147
2026-08-31T11:51:00+00:00,496,132,127,1,3124
2026-08-31T11:52:00+00:00,499,146,131,0,3120
2026-08-31T11:53:00+00:00,589,142,160,0,3106
2026-08-31T11:54:00+00:00,558,147,136,0,3182
2026-08-31T11:55:00+00:00,498,116,133,14,3119
2026-08-31T11:56:00+00:00,494,132,122,1,3135
2026-08-31T11:57:00+00:00,587,142,155,0,3055
2026-08-31T11:58:00+00:00,496,153,164,2,3067
2026-08-31T11:59:00+00:00,603,127,118,0,3154
2026-08-31T12:00:00+00:00,576,125,140,2,3171
2026-08-31T12:01:00+00:00,495,160,136,6,3143
2026-08-31T12:02:00+00:00,499,140,145,0,3109
2026-08-31T12:03:00+00:00,586,144,125,2,3162
2026-08-31T12:04:00+00:00,599,143,166,3,3095
2026-08-31T12:05:00+00:00,609,133,149,0,3038
2026-08-31T12:06:00+00:00,601,132,169,0,3085
2026-08-31T12:07:00+00:00,498,157,151,0,3103
2026-08-31T12:08:00+00:00,498,168,152,0,3099
2026-08-31T12:09:00+00:00,561,156,172,0,3123
2026-08-31T12:10:00+00:00,498,135,134,0,3113
2026-08-31T12:11:00+00:00,498,157,130,0,3135
2026-08-31T12:12:00+00:00,499,148,155,0,3145
2026-08-31T12:13:00+00:00,496,139,136,1,3042
2026-08-31T12:14:00+00:00,496,164,174,11,3053
2026-08-31T12:15:00+00:00,610,125,119,1,3109
2026-08-31T12:16:00+00:00,583,149,148,0,3081
2026-08-31T12:17:00+00:00,567,140,172,6,3078
2026-08-31T12:18:00+00:00,567,128,124,1,3056
2026-08-31T12:19:00+00:00,597,137,140,2,3102
2026-08-31T12:20:00+00:00,498,125,132,0,3162
2026-08-31T12:21:00+00:00,600,145,171,2,3091
2026-08-31T12:22:00+00:00,603,138,149,0,3135
2026-08-31T12:23:00+00:00,497,145,135,0,3047
2026-08-31T12:24:00+00:00,500,142,132,2,3088
2026-08-31T12:25:00+00:00,609,139,130,8,3093
2026-08-31T12:26:00+00:00,564,135,148,0,3126
2026-08-31T12:27:00+00:00,500,147,126,0,3100
2026-08-31T12:28:00+00:00,585,155,158,1,3092
2026-08-31T12:29:00+00:00,496,141,163,0,3096
2026-08-31T12:30:00+00:00,497,150,149,2,3098
2026-08-31T12:31:00+00:00,496,140,140,7,3088
2026-08-31T12:32:00+00:00,496,116,118,1,3084
2026-08-31T12:33:00+00:00,497,137,138,0,3110
2026-08-31T12:34:00+00:00,496,136,150,9,3019
2026-08-31T12:35:00+00:00,497,160,176,0,3030
2026-08-31T12:36:00+00:00,609,150,152,2,3049
2026-08-31T12:37:00+00:00,495,158,140,0,3058
2026-08-31T12:38:00+00:00,501,137,121,8,3036
2026-08-31T12:39:00+00:00,497,143,160,0,3123
2026-08-31T12:40:00+00:00,613,136,140,0,3109
2026-08-31T12:41:00+00:00,495,142,119,0,3091
2026-08-31T12:42:00+00:00,498,108,114,0,3114
2026-08-31T12:43:00+00:00,611,146,142,0,3102
2026-08-31T12:44:00+00:00,602,154,125,2,3070
2026-08-31T12:45:00+00:00,497,136,121,0,3075
2026-08-31T12:46:00+00:00,500,151,149,4,3081
2026-08-31T12:47:00+00:00,496,144,141,2,3100
2026-08-31T12:48:00+00:00,601,144,134,2,3066
2026-08-31T12:49:00+00:00,596,138,132,14,3119
2026-08-31T12:50:00+00:00,495,157,145,1,3048
2026-08-31T12:51:00+00:00,592,146,140,0,3094
2026-08-31T12:52:00+00:00,495,137,118,9,3065
2026-08-31T12:53:00+00:00,599,150,162,1,3051
2026-08-31T12:54:00+00:00,496,130,130,3,3113
2026-08-31T12:55:00+00:00,584,149,153,1,3014
2026-08-31T12:56:00+00:00,582,142,152,0,3015
2026-08-31T12:57:00+00:00,498,154,156,1,3079
2026-08-31T12:58:00+00:00,500,128,133,2,3019
2026-08-31T12:59:00+00:00,499,157,170,2,3072
2026-08-31T13:00:00+00:00,604,161,152,7,3056
2026-08-31T13:01:00+00:00,575,136,171,0,3062
2026-08-31T13:02:00+00:00,499,145,144,1,3122
2026-08-31T13:03:00+00:00,501,124,139,8,3059
2026-08-31T13:04:00+00:00,620,131,137,0,3011
2026-08-31T13:05:00+00:00,567,134,126,0,3106
2026-08-31T13:06:00+00:00,599,146,135,0,3044
2026-08-31T13:07:00+00:00,580,125,121,0,3076
2026-08-31T13:08:00+00:00,570,156,168,0,3132
2026-08-31T13:09:00+00:00,497,132,136,0,3081
2026-08-31T13:10:00+00:00,596,130,149,0,2978
2026-08-31T13:11:00+00:00,498,155,149,1,3092
2026-08-31T13:12:00+00:00,498,152,147,2,3120
2026-08-31T13:13:00+00:00,499,169,171,0,3046
2026-08-31T13:14:00+00:00,499,153,130,1,3052
2026-08-31T13:15:00+00:00,576,136,146,0,3105
2026-08-31T13:16:00+00:00,497,121,123,0,3093
2026-08-31T13:17:00+00:00,499,162,171,2,3046
2026-08-31T13:18:00+00:00,593,162,140,21,3076
2026-08-31T13:19:00+00:00,496,175,178,1,3055
2026-08-31T13:20:00+00:00,620,149,146,0,3087
2026-08-31T13:21:00+00:00,498,130,123,0,3034
2026-08-31T13:22:00+00:00,498,120,109,0,3051
2026-08-31T13:23:00+00:00,497,120,103,7,3069
2026-08-31T13:24:00+00:00,495,157,175,0,3063
2026-08-31T13:25:00+00:00,622,172,170,1,3067
2026-08-31T13:26:00+00:00,596,145,132,0,3033
2026-08-31T13:27:00+00:00,621,140,140,0,3000
2026-08-31T13:28:00+00:00,498,159,176,0,3093
2026-08-31T13:29:00+00:00,608,148,154,6,3051
2026-08-31T13:30:00+00:00,498,142,163,0,3067
2026-08-31T13:31:00+00:00,625,137,137,0,3056
2026-08-31T13:32:00+00:00,498,133,126,1,3056
2026-08-31T13:33:00+00:00,603,169,171,0,3068
2026-08-31T13:34:00+00:00,499,145,149,0,3086
2026-08-31T13:35:00+00:00,498,137,131,3,3064
2026-08-31T13:36:00+00:00,574,158,162,0,3098
2026-08-31T13:37:00+00:00,580,153,152,0,3147
2026-08-31T13:38:00+00:00,496,132,123,0,3060
2026-08-31T13:39:00+00:00,598,166,154,0,3039
2026-08-31T13:40:00+00:00,497,154,140,0,3050
2026-08-31T13:41:00+00:00,600,149,155,0,3092
2026-08-31T13:42:00+00:00,497,134,133,7,2984
2026-08-31T13:43:00+00:00,612,166,145,0,3087
2026-08-31T13:44:00+00:00,604,154,150,1,3006
2026-08-31T13:45:00+00:00,619,153,141,5,3018
2026-08-31T13:46:00+00:00,496,155,143,26,3036
2026-08-31T13:47:00+00:00,498,107,122,2,3053
2026-08-31T13:48:00+00:00,499,150,137,0,3111
2026-08-31T13:49:00+00:00,499,137,136,0,3043
2026-08-31T13:50:00+00:00,603,110,132,1,3059
2026-08-31T13:51:00+00:00,621,173,170,0,3039
2026-08-31T13:52:00+00:00,497,160,161,1,3024
2026-08-31T13:53:00+00:00,498,129,124,0,3088
2026-08-31T13:54:00+00:00,592,114,108,1,2972
2026-08-31T13:55:00+00:00,499,167,160,0,3067
2026-08-31T13:56:00+00:00,498,150,157,0,3048
2026-08-31T13:57:00+00:00,600,123,131,4,3026
2026-08-31T13:58:00+00:00,606,157,164,2,3049
2026-08-31T13:59:00+00:00,498,170,154,0,3056
2026-08-31T14:00:00+00:00,615,140,129,0,3028
2026-08-31T14:01:00+00:00,618,138,156,19,3009
2026-08-31T14:02:00+00:00,602,101,104,1,3038
2026-08-31T14:03:00+00:00,609,129,120,18,3026
2026-08-31T14:04:00+00:00,596,152,138,0,3071
2026-08-31T14:05:00+00:00,580,134,141,5,3086
2026-08-31T14:06:00+00:00,613,128,152,2,3076
2026-08-31T14:07:00+00:00,495,157,150,0,3032
2026-08-31T14:08:00+00:00,591,144,165,0,3050
2026-08-31T14:09:00+00:00,500,158,147,0,3032
2026-08-31T14:10:00+00:00,620,140,165,1,3070
2026-08-31T14:11:00+00:00,497,143,158,1,3043
2026-08-31T14:12:00+00:00,581,130,132,1,3020
2026-08-31T14:13:00+00:00,494,133,143,0,3059
2026-08-31T14:14:00+00:00,498,156,160,2,3002
2026-08-31T14:15:00+00:00,496,143,147,0,3090
2026-08-31T14:16:00+00:00,498,170,153,2,3033
2026-08-31T14:17:00+00:00,619,118,131,1,3028
2026-08-31T14:18:00+00:00,583,127,149,0,3025
2026-08-31T14:19:00+00:00,499,151,163,0,3007
2026-08-31T14:20:00+00:00,499,164,166,13,3059
2026-08-31T14:21:00+00:00,497,127,122,1,3042
2026-08-31T14:22:00+00:00,564,147,141,2,3057
2026-08-31T14:23:00+00:00,598,141,142,0,3015
2026-08-31T14:24:00+00:00,602,116,123,1,3060
2026-08-31T14:25:00+00:00,500,139,159,0,3083
2026-08-31T14:26:00+00:00,498,172,150,1,3028
2026-08-31T14:27:00+00:00,500,151,149,0,3081
2026-08-31T14:28:00+00:00,615,126,117,0,3003
2026-08-31T14:29:00+00:00,499,130,124,0,3049
2026-08-31T14:30:00+00:00,613,153,146,0,3092
2026-08-31T14:31:00+00:00,500,130,140,20,3011
2026-08-31T14:32:00+00:00,577,146,139,0,3047
2026-08-31T14:33:00+00:00,495,129,153,0,3015
2026-08-31T14:34:00+00:00,584,143,151,9,3034
2026-08-31T14:35:00+00:00,598,134,130,0,2998
2026-08-31T14:36:00+00:00,497,134,118,0,3088
2026-08-31T14:37:00+00:00,599,150,144,2,3006
2026-08-31T14:38:00+00:00,592,144,144,4,3013
2026-08-31T14:39:00+00:00,566,136,124,1,3010
2026-08-31T14:40:00+00:00,605,155,159,0,3010
2026-08-31T14:41:00+00:00,499,122,120,2,2988
2026-08-31T14:42:00+00:00,581,150,169,11,3056
2026-08-31T14:43:00+00:00,565,150,141,0,3012
2026-08-31T14:44:00+00:00,495,103,106,0,3056
2026-08-31T14:45:00+00:00,592,142,135,7,3084
2026-08-31T14:46:00+00:00,500,132,145,10,3068
2026-08-31T14:47:00+00:00,595,161,175,0,3077
2026-08-31T14:48:00+00:00,500,118,130,15,3003
2026-08-31T14:49:00+00:00,500,139,139,2,3077
2026-08-31T14:50:00+00:00,500,119,137,13,3034
2026-08-31T14:51:00+00:00,495,134,152,0,3097
2026-08-31T14:52:00+00:00,604,140,153,0,3059
2026-08-31T14:53:00+00:00,589,150,153,1,3008
2026-08-31T14:54:00+00:00,600,154,136,0,3064
2026-08-31T14:55:00+00:00,496,145,133,1,3007
2026-08-31T14:56:00+00:00,581,151,160,1,3036
2026-08-31T14:57:00+00:00,565,101,120,2,3051
2026-08-31T14:58:00+00:00,584,133,140,9,3036
2026-08-31T14:59:00+00:00,497,166,154,0,3049
2026-08-31T15:00:00+00:00,498,122,139,0,3062
2026-08-31T15:01:00+00:00,499,135,150,1,3077
2026-08-31T15:02:00+00:00,604,152,142,0,3101
2026-08-31T15:03:00+00:00,496,161,170,2,3031
2026-08-31T15:04:00+00:00,500,146,153,0,3050
2026-08-31T15:05:00+00:00,497,142,129,0,3049
2026-08-31T15:06:00+00:00,499,163,169,0,3059
2026-08-31T15:07:00+00:00,593,156,140,6,3065
2026-08-31T15:08:00+00:00,500,139,161,1,3073
2026-08-31T15:09:00+00:00,558,116,108,3,3004
2026-08-31T15:10:00+00:00,497,113,117,0,3084
2026-08-31T15:11:00+00:00,500,157,173,12,3013
2026-08-31T15:12:00+00:00,498,170,151,2,3033
2026-08-31T15:13:00+00:00,563,139,121,0,3078
2026-08-31T15:14:00+00:00,501,125,117,0,3087
2026-08-31T15:15:00+00:00,500,149,167,5,3018
2026-08-31T15:16:00+00:00,588,150,151,0,3103
2026-08-31T15:17:00+00:00,496,151,176,2,3044
2026-08-31T15:18:00+00:00,557,155,148,0,3034
2026-08-31T15:19:00+00:00,496,115,106,4,3016
2026-08-31T15:20:00+00:00,501,113,111,4,3067
2026-08-31T15:21:00+00:00,495,137,164,0,3103
2026-08-31T15:22:00+00:00,497,162,164,7,3016
2026-08-31T15:23:00+00:00,569,127,114,1,3047
2026-08-31T15:24:00+00:00,598,154,167,11,3085
2026-08-31T15:25:00+00:00,563,128,123,1,3027
2026-08-31T15:26:00+00:00,501,117,110,0,3050
2026-08-31T15:27:00+00:00,575,155,164,7,3047
2026-08-31T15:28:00+00:00,500,151,128,0,3007
2026-08-31T15:29:00+00:00,569,124,129,1,3035
2026-08-31T15:30:00+00:00,497,138,128,5,3060
2026-08-31T15:31:00+00:00,498,126,141,6,3102
2026-08-31T15:32:00+00:00,562,187,175,7,3078
2026-08-31T15:33:00+00:00,498,136,133,1,3059
2026-08-31T15:34:00+00:00,499,115,122,0,3101
2026-08-31T15:35:00+00:00,555,107,123,1,3058
2026-08-31T15:36:00+00:00,500,151,163,0,3046
2026-08-31T15:37:00+00:00,498,139,158,0,3101
2026-08-31T15:38:00+00:00,500,128,116,17,3068
2026-08-31T15:39:00+00:00,497,160,145,0,3053
2026-08-31T15:40:00+00:00,556,129,164,3,2990
2026-08-31T15:41:00+00:00,501,147,140,1,3086
2026-08-31T15:42:00+00:00,567,110,123,2,3001
2026-08-31T15:43:00+00:00,497,124,138,0,3043
2026-08-31T15:44:00+00:00,500,138,111,0,3037
2026-08-31T15:45:00+00:00,563,147,144,0,3020
2026-08-31T15:46:00+00:00,549,124,124,0,2988
2026-08-31T15:47:00+00:00,498,124,129,0,3047
2026-08-31T15:48:00+00:00,544,140,129,0,3015
2026-08-31T15:49:00+00:00,500,170,162,19,3064
2026-08-31T15:50:00+00:00,564,139,149,1,2913
2026-08-31T15:51:00+00:00,496,151,146,0,3049
2026-08-31T15:52:00+00:00,498,134,115,0,2986
2026-08-31T15:53:00+00:00,498,117,107,1,3049
2026-08-31T15:54:00+00:00,579,162,161,0,3028
2026-08-31T15:55:00+00:00,563,138,132,2,3073
2026-08-31T15:56:00+00:00,577,129,137,0,3051
2026-08-31T15:57:00+00:00,499,128,144,10,3017
2026-08-31T15:58:00+00:00,565,125,135,1,3081
2026-08-31T15:59:00+00:00,497,165,143,1,3067
2026-08-31T16:00:00+00:00,577,143,155,1,3044
2026-08-31T16:01:00+00:00,554,138,148,2,3082
2026-08-31T16:02:00+00:00,564,166,159,0,3059
2026-08-31T16:03:00+00:00,577,144,121,0,3012
2026-08-31T16:04:00+00:00,498,168,159,2,3026
2026-08-31T16:05:00+00:00,560,126,124,11,3077
2026-08-31T16:06:00+00:00,566,143,138,0,3076
2026-08-31T16:07:00+00:00,497,187,179,3,3001
2026-08-31T16:08:00+00:00,501,140,158,11,3035
2026-08-31T16:09:00+00:00,554,115,120,0,3017
2026-08-31T16:10:00+00:00,497,122,105,0,3087
2026-08-31T16:11:00+00:00,554,135,147,1,2996
2026-08-31T16:12:00+00:00,563,122,126,0,3102
2026-08-31T16:13:00+00:00,567,157,176,15,3041
2026-08-31T16:14:00+00:00,570,147,157,1,3023
2026-08-31T16:15:00+00:00,565,136,118,6,3048
2026-08-31T16:16:00+00:00,549,120,116,4,3008
2026-08-31T16:17:00+00:00,499,128,125,8,2974
2026-08-31T16:18:00+00:00,496,137,127,2,3076
2026-08-31T16:19:00+00:00,497,153,145,0,3025
2026-08-31T16:20:00+00:00,540,137,143,0,3087
2026-08-31T16:21:00+00:00,500,135,113,2,3073
2026-08-31T16:22:00+00:00,548,138,169,0,3058
2026-08-31T16:23:00+00:00,498,148,149,0,3093
2026-08-31T16:24:00+00:00,546,150,150,0,3065
2026-08-31T16:25:00+00:00,564,140,152,0,3083
2026-08-31T16:26:00+00:00,496,129,136,0,3036
2026-08-31T16:27:00+00:00,565,168,170,0,3122
2026-08-31T16:28:00+00:00,500,135,141,1,3069
2026-08-31T16:29:00+00:00,495,138,149,0,3106
2026-08-31T16:30:00+00:00,497,126,129,0,3096
2026-08-31T16:31:00+00:00,534,123,114,0,3070
2026-08-31T16:32:00+00:00,501,155,146,0,3075
2026-08-31T16:33:00+00:00,541,109,100,8,3092
2026-08-31T16:34:00+00:00,559,136,137,0,3099
2026-08-31T16:35:00+00:00,539,156,143,3,3094
2026-08-31T16:36:00+00:00,498,130,119,0,3109
2026-08-31T16:37:00+00:00,537,141,150,0,3132
2026-08-31T16:38:00+00:00,540,133,157,1,3062
2026-08-31T16:39:00+00:00,548,163,158,0,3081
2026-08-31T16:40:00+00:00,495,161,147,2,3078
2026-08-31T16:41:00+00:00,499,123,128,1,3065
2026-08-31T16:42:00+00:00,500,147,142,2,3060
2026-08-31T16:43:00+00:00,495,140,142,0,3067
2026-08-31T16:44:00+00:00,532,162,160,0,3076
2026-08-31T16:45:00+00:00,547,163,135,2,3154
2026-08-31T16:46:00+00:00,547,154,157,0,3086
2026-08-31T16:47:00+00:00,532,144,141,16,3078
2026-08-31T16:48:00+00:00,499,118,106,0,3016
2026-08-31T16:49:00+00:00,546,151,169,1,3070
2026-08-31T16:50:00+00:00,496,153,150,1,3024
2026-08-31T16:51:00+00:00,497,143,124,11,3064
2026-08-31T16:52:00+00:00,499,146,156,0,3058
2026-08-31T16:53:00+00:00,498,134,148,14,3093
2026-08-31T16:54:00+00:00,553,150,125,0,3080
2026-08-31T16:55:00+00:00,528,134,148,0,3139
2026-08-31T16:56:00+00:00,500,147,147,0,3125
2026-08-31T16:57:00+00:00,500,133,125,2,3072
2026-08-31T16:58:00+00:00,548,137,148,1,3078
2026-08-31T16:59:00+00:00,535,141,143,2,3127
2026-08-31T17:00:00+00:00,497,180,185,2,3074
2026-08-31T17:01:00+00:00,499,130,145,0,3108
2026-08-31T17:02:00+00:00,525,112,145,2,3172
2026-08-31T17:03:00+00:00,498,141,146,0,3086
2026-08-31T17:04:00+00:00,496,129,136,0,3093
2026-08-31T17:05:00+00:00,542,145,176,11,3100
2026-08-31T17:06:00+00:00,532,149,147,0,3097
2026-08-31T17:07:00+00:00,499,155,139,0,3073
2026-08-31T17:08:00+00:00,499,123,131,0,3049
2026-08-31T17:09:00+00:00,499,136,132,7,3100
2026-08-31T17:10:00+00:00,535,148,145,0,3105
2026-08-31T17:11:00+00:00,531,132,125,1,3106
2026-08-31T17:12:00+00:00,540,134,120,0,3087
2026-08-31T17:13:00+00:00,496,134,129,10,3107
2026-08-31T17:14:00+00:00,534,167,196,2,3061
2026-08-31T17:15:00+00:00,500,141,116,5,3134
2026-08-31T17:16:00+00:00,496,135,121,0,3122
2026-08-31T17:17:00+00:00,536,148,157,0,3133
2026-08-31T17:18:00+00:00,527,108,120,8,3086
2026-08-31T17:19:00+00:00,497,140,145,1,3119
2026-08-31T17:20:00+00:00,500,132,123,1,3079
2026-08-31T17:21:00+00:00,526,133,131,0,3107
2026-08-31T17:22:00+00:00,496,130,166,4,3132
2026-08-31T17:23:00+00:00,527,142,145,0,3054
2026-08-31T17:24:00+00:00,497,135,128,0,3106
2026-08-31T17:25:00+00:00,498,152,148,0,3094
2026-08-31T17:26:00+00:00,518,144,145,0,3093
2026-08-31T17:27:00+00:00,500,142,142,0,3114
2026-08-31T17:28:00+00:00,520,143,128,0,3169
2026-08-31T17:29:00+00:00,499,158,167,8,3114
2026-08-31T17:30:00+00:00,498,150,152,18,3085
2026-08-31T17:31:00+00:00,496,150,149,0,3079
2026-08-31T17:32:00+00:00,531,128,117,11,3072
2026-08-31T17:33:00+00:00,498,155,173,7,3090
2026-08-31T17:34:00+00:00,499,132,147,9,3122
2026-08-31T17:35:00+00:00,496,140,132,2,3082
2026-08-31T17:36:00+00:00,496,148,167,3,3037
2026-08-31T17:37:00+00:00,499,123,130,1,3153
2026-08-31T17:38:00+00:00,533,150,145,2,3072
2026-08-31T17:39:00+00:00,497,155,163,2,3045
2026-08-31T17:40:00+00:00,521,156,149,2,3074
2026-08-31T17:41:00+00:00,524,151,136,0,3141
2026-08-31T17:42:00+00:00,498,123,139,1,3098
2026-08-31T17:43:00+00:00,522,137,136,0,3095
2026-08-31T17:44:00+00:00,528,125,103,2,3112
2026-08-31T17:45:00+00:00,497,122,127,0,3130
2026-08-31T17:46:00+00:00,519,125,116,1,3152
2026-08-31T17:47:00+00:00,495,137,140,1,3103
2026-08-31T17:48:00+00:00,515,120,128,0,3119
2026-08-31T17:49:00+00:00,496,149,156,0,3049
2026-08-31T17:50:00+00:00,497,133,129,0,3130
2026-08-31T17:51:00+00:00,498,136,159,18,3113
2026-08-31T17:52:00+00:00,498,135,146,0,3041
2026-08-31T17:53:00+00:00,514,146,145,2,3090
2026-08-31T17:54:00+00:00,496,134,141,0,3107
2026-08-31T17:55:00+00:00,513,116,140,3,3149
2026-08-31T17:56:00+00:00,512,158,133,0,3110
2026-08-31T17:57:00+00:00,497,146,138,0,3107
2026-08-31T17:58:00+00:00,500,149,129,8,3122
2026-08-31T17:59:00+00:00,497,139,122,2,3136
2026-08-31T18:00:00+00:00,496,146,158,0,3078
2026-08-31T18:01:00+00:00,497,160,174,2,3086
2026-08-31T18:02:00+00:00,519,138,142,0,3106
2026-08-31T18:03:00+00:00,514,124,148,18,3137
2026-08-31T18:04:00+00:00,517,144,156,6,3153
2026-08-31T18:05:00+00:00,496,150,149,0,3130
2026-08-31T18:06:00+00:00,514,151,156,6,3180
2026-08-31T18:07:00+00:00,500,144,154,1,3157
2026-08-31T18:08:00+00:00,514,139,152,10,3114
2026-08-31T18:09:00+00:00,499,124,116,0,3119
2026-08-31T18:10:00+00:00,514,122,119,2,3092
2026-08-31T18:11:00+00:00,517,124,137,8,3131
2026-08-31T18:12:00+00:00,497,106,103,0,3124
2026-08-31T18:13:00+00:00,497,140,157,0,3152
2026-08-31T18:14:00+00:00,509,148,132,21,3109
2026-08-31T18:15:00+00:00,496,138,138,2,3139
2026-08-31T18:16:00+00:00,494,157,139,2,3182
2026-08-31T18:17:00+00:00,510,148,147,11,3107
2026-08-31T18:18:00+00:00,495,139,137,5,3116
2026-08-31T18:19:00+00:00,514,140,166,2,3188
2026-08-31T18:20:00+00:00,508,125,119,1,3169
2026-08-31T18:21:00+00:00,508,155,154,2,3134
2026-08-31T18:22:00+00:00,514,129,132,13,3100
2026-08-31T18:23:00+00:00,499,122,118,0,3171
2026-08-31T18:24:00+00:00,500,136,137,3,3132
2026-08-31T18:25:00+00:00,505,114,109,0,3169
2026-08-31T18:26:00+00:00,499,151,159,1,3101
2026-08-31T18:27:00+00:00,499,120,134,0,3137
2026-08-31T18:28:00+00:00,509,136,134,0,3069
2026-08-31T18:29:00+00:00,499,170,168,0,3126
2026-08-31T18:30:00+00:00,502,143,158,0,3181
2026-08-31T18:31:00+00:00,508,147,135,0,3155
2026-08-31T18:32:00+00:00,497,113,103,0,3156
2026-08-31T18:33:00+00:00,497,155,152,2,3146
2026-08-31T18:34:00+00:00,496,139,162,0,3176
2026-08-31T18:35:00+00:00,497,146,137,5,3093
2026-08-31T18:36:00+00:00,498,125,141,1,3155
2026-08-31T18:37:00+00:00,506,162,140,13,3146
2026-08-31T18:38:00+00:00,499,112,111,0,3184
2026-08-31T18:39:00+00:00,500,172,171,10,3151
2026-08-31T18:40:00+00:00,506,133,138,0,3136
2026-08-31T18:41:00+00:00,499,131,136,1,3131
2026-08-31T18:42:00+00:00,502,151,157,0,3152
2026-08-31T18:43:00+00:00,503,145,143,9,3156
2026-08-31T18:44:00+00:00,503,133,149,1,3152
2026-08-31T18:45:00+00:00,503,139,149,0,3189
2026-08-31T18:46:00+00:00,503,160,158,0,3154
2026-08-31T18:47:00+00:00,500,157,161,13,3156
2026-08-31T18:48:00+00:00,497,138,143,0,3110
2026-08-31T18:49:00+00:00,499,138,122,0,3152
2026-08-31T18:50:00+00:00,499,154,147,0,3172
2026-08-31T18:51:00+00:00,497,147,136,0,3117
2026-08-31T18:52:00+00:00,496,118,99,9,3110
2026-08-31T18:53:00+00:00,504,114,128,1,3119
2026-08-31T18:54:00+00:00,504,112,125,0,3161
2026-08-31T18:55:00+00:00,498,111,127,0,3142
2026-08-31T18:56:00+00:00,496,163,183,3,3183
2026-08-31T18:57:00+00:00,498,130,157,12,3124
2026-08-31T18:58:00+00:00,495,126,116,3,3153
2026-08-31T18:59:00+00:00,500,173,166,2,3170
2026-08-31T19:00:00+00:00,498,142,109,2,3138
2026-08-31T19:01:00+00:00,498,151,148,7,3206
2026-08-31T19:02:00+00:00,498,143,112,0,3158
2026-08-31T19:03:00+00:00,496,170,147,0,3162
2026-08-31T19:04:00+00:00,496,160,152,1,3118
2026-08-31T19:05:00+00:00,500,117,134,2,3185
2026-08-31T19:06:00+00:00,500,131,136,1,3189
2026-08-31T19:07:00+00:00,499,149,148,1,3116
2026-08-31T19:08:00+00:00,497,146,142,0,3171
2026-08-31T19:09:00+00:00,500,137,140,7,3160
2026-08-31T19:10:00+00:00,499,138,131,2,3164
2026-08-31T19:11:00+00:00,497,163,168,0,3166
2026-08-31T19:12:00+00:00,499,123,132,0,3163
2026-08-31T19:13:00+00:00,495,151,151,0,3204
2026-08-31T19:14:00+00:00,496,129,147,0,3172
2026-08-31T19:15:00+00:00,496,160,153,0,3140
2026-08-31T19:16:00+00:00,498,157,163,14,3158
2026-08-31T19:17:00+00:00,498,145,138,0,3108
2026-08-31T19:18:00+00:00,495,133,129,2,3132
2026-08-31T19:19:00+00:00,499,157,168,2,3183
2026-08-31T19:20:00+00:00,500,155,156,0,3189
2026-08-31T19:21:00+00:00,496,154,162,11,3213
2026-08-31T19:22:00+00:00,497,154,164,6,3156
2026-08-31T19:23:00+00:00,496,126,117,0,3182
2026-08-31T19:24:00+00:00,499,140,130,0,3181
2026-08-31T19:25:00+00:00,500,114,135,0,3151
2026-08-31T19:26:00+00:00,499,127,151,0,3197
2026-08-31T19:27:00+00:00,496,133,127,5,3164
2026-08-31T19:28:00+00:00,500,143,144,2,3187
2026-08-31T19:29:00+00:00,501,143,132,2,3169
2026-08-31T19:30:00+00:00,496,146,144,1,3121
2026-08-31T19:31:00+00:00,496,134,151,0,3173
2026-08-31T19:32:00+00:00,499,129,135,2,3178
2026-08-31T19:33:00+00:00,498,160,158,0,3186
2026-08-31T19:34:00+00:00,494,116,144,0,3172
2026-08-31T19:35:00+00:00,498,154,184,0,3199
2026-08-31T19:36:00+00:00,497,123,126,0,3176
2026-08-31T19:37:00+00:00,497,173,178,0,3177
2026-08-31T19:38:00+00:00,494,153,182,3,3186
2026-08-31T19:39:00+00:00,494,143,127,4,3158
2026-08-31T19:40:00+00:00,498,126,132,0,3207
2026-08-31T19:41:00+00:00,497,153,167,1,3194
2026-08-31T19:42:00+00:00,497,149,144,2,3160
2026-08-31T19:43:00+00:00,496,129,120,6,3179
2026-08-31T19:44:00+00:00,498,147,143,0,3151
2026-08-31T19:45:00+00:00,497,167,174,8,3173
2026-08-31T19:46:00+00:00,494,145,152,0,3206
2026-08-31T19:47:00+00:00,495,158,143,1,3181
2026-08-31T19:48:00+00:00,496,161,148,2,3132
2026-08-31T19:49:00+00:00,500,137,133,1,3150
2026-08-31T19:50:00+00:00,498,147,150,16,3200
2026-08-31T19:51:00+00:00,498,136,132,0,3174
2026-08-31T19:52:00+00:00,500,119,111,2,3209
2026-08-31T19:53:00+00:00,495,142,136,0,3230
2026-08-31T19:54:00+00:00,498,159,151,2,3186
2026-08-31T19:55:00+00:00,498,157,152,1,3127
2026-08-31T19:56:00+00:00,499,111,141,0,3177
2026-08-31T19:57:00+00:00,501,159,153,1,3197
2026-08-31T19:58:00+00:00,495,164,156,1,3172
2026-08-31T19:59:00+00:00,498,131,130,0,3189
2026-08-31T20:00:00+00:00,499,160,161,2,3192
2026-08-31T20:01:00+00:00,496,157,161,12,3196
2026-08-31T20:02:00+00:00,500,142,150,2,3159
2026-08-31T20:03:00+00:00,496,132,128,0,3159
2026-08-31T20:04:00+00:00,499,127,137,0,3134
2026-08-31T20:05:00+00:00,497,143,144,5,3152
2026-08-31T20:06:00+00:00,501,153,147,10,3178
2026-08-31T20:07:00+00:00,496,131,138,0,3135
2026-08-31T20:08:00+00:00,496,146,136,2,3188
2026-08-31T20:09:00+00:00,499,120,123,0,3184
2026-08-31T20:10:00+00:00,496,160,149,2,3175
2026-08-31T20:11:00+00:00,498,125,154,2,3168
2026-08-31T20:12:00+00:00,500,158,141,0,3182
2026-08-31T20:13:00+00:00,497,141,129,0,3184
2026-08-31T20:14:00+00:00,495,124,121,8,3128
2026-08-31T20:15:00+00:00,497,123,105,0,3217
2026-08-31T20:16:00+00:00,499,124,141,0,3163
2026-08-31T20:17:00+00:00,495,153,146,0,3153
2026-08-31T20:18:00+00:00,495,128,141,2,3205
2026-08-31T20:19:00+00:00,498,160,159,1,3206
2026-08-31T20:20:00+00:00,499,154,158,4,3169
2026-08-31T20:21:00+00:00,496,121,130,2,3109
2026-08-31T20:22:00+00:00,499,135,147,1,3143
2026-08-31T20:23:00+00:00,495,119,142,0,3149
2026-08-31T20:24:00+00:00,498,134,139,10,3162
2026-08-31T20:25:00+00:00,500,124,125,2,3138
2026-08-31T20:26:00+00:00,497,154,140,0,3160
2026-08-31T20:27:00+00:00,498,151,143,8,3148
2026-08-31T20:28:00+00:00,500,150,160,0,3149
2026-08-31T20:29:00+00:00,497,150,186,0,3205
2026-08-31T20:30:00+00:00,497,125,133,5,3165
2026-08-31T20:31:00+00:00,497,154,149,1,3157
2026-08-31T20:32:00+00:00,495,129,130,0,3171
2026-08-31T20:33:00+00:00,494,130,140,4,3176
2026-08-31T20:34:00+00:00,497,150,150,6,3144
2026-08-31T20:35:00+00:00,496,169,159,13,3153
2026-08-31T20:36:00+00:00,498,120,116,2,3174
2026-08-31T20:37:00+00:00,499,141,168,11,3141
2026-08-31T20:38:00+00:00,495,167,153,4,3197
2026-08-31T20:39:00+00:00,497,171,202,0,3171
2026-08-31T20:40:00+00:00,498,153,180,0,3145
2026-08-31T20:41:00+00:00,497,144,145,2,3159
2026-08-31T20:42:00+00:00,498,132,136,1,3158
2026-08-31T20:43:00+00:00,498,160,165,2,3104
2026-08-31T20:44:00+00:00,499,140,129,1,3159
2026-08-31T20:45:00+00:00,494,132,123,0,3195
2026-08-31T20:46:00+00:00,499,105,123,10,3145
2026-08-31T20:47:00+00:00,495,146,169,0,3170
2026-08-31T20:48:00+00:00,495,123,129,9,3134
2026-08-31T20:49:00+00:00,496,99,120,2,3159
2026-08-31T20:50:00+00:00,497,134,153,1,3173
2026-08-31T20:51:00+00:00,499,160,151,0,3122
2026-08-31T20:52:00+00:00,501,133,125,0,3207
2026-08-31T20:53:00+00:00,497,124,127,1,3189
2026-08-31T20:54:00+00:00,496,156,156,2,3164
2026-08-31T20:55:00+00:00,498,163,160,0,3199
2026-08-31T20:56:00+00:00,498,136,134,0,3195
2026-08-31T20:57:00+00:00,498,139,137,1,3152
2026-08-31T20:58:00+00:00,498,131,143,1,3246
2026-08-31T20:59:00+00:00,496,160,137,0,3184
2026-08-31T21:00:00+00:00,495,165,141,0,3153
2026-08-31T21:01:00+00:00,499,123,120,10,3128
2026-08-31T21:02:00+00:00,495,150,143,0,3107
2026-08-31T21:03:00+00:00,495,166,151,1,3104
2026-08-31T21:04:00+00:00,495,132,133,1,3190
2026-08-31T21:05:00+00:00,495,134,136,8,3149
2026-08-31T21:06:00+00:00,497,138,134,0,3199
2026-08-31T21:07:00+00:00,495,142,161,0,3149
2026-08-31T21:08:00+00:00,496,127,139,10,3190
2026-08-31T21:09:00+00:00,501,147,124,0,3177
2026-08-31T21:10:00+00:00,496,114,127,3,3157
2026-08-31T21:11:00+00:00,499,141,120,1,3181
2026-08-31T21:12:00+00:00,500,130,124,0,3179
2026-08-31T21:13:00+00:00,495,143,134,0,3127
2026-08-31T21:14:00+00:00,495,135,175,0,3144
2026-08-31T21:15:00+00:00,497,164,160,2,3160
2026-08-31T21:16:00+00:00,498,132,146,1,3153
2026-08-31T21:17:00+00:00,495,156,143,8,3094
2026-08-31T21:18:00+00:00,496,121,126,0,3170
2026-08-31T21:19:00+00:00,498,139,130,0,3178
2026-08-31T21:20:00+00:00,498,152,149,0,3166
2026-08-31T21:21:00+00:00,499,138,142,0,3156
2026-08-31T21:22:00+00:00,496,147,141,0,3171
2026-08-31T21:23:00+00:00,497,125,128,2,3108
2026-08-31T21:24:00+00:00,498,136,118,1,3156
2026-08-31T21:25:00+00:00,500,135,136,0,3156
2026-08-31T21:26:00+00:00,498,159,153,1,3142
2026-08-31T21:27:00+00:00,498,167,165,0,3201
2026-08-31T21:28:00+00:00,497,140,163,1,3133
2026-08-31T21:29:00+00:00,496,151,151,0,3115
2026-08-31T21:30:00+00:00,500,128,120,5,3135
2026-08-31T21:31:00+00:00,497,130,134,1,3110
2026-08-31T21:32:00+00:00,500,139,149,2,3191
2026-08-31T21:33:00+00:00,497,153,147,0,3227
2026-08-31T21:34:00+00:00,495,139,145,0,3206
2026-08-31T21:35:00+00:00,497,134,114,0,3120
2026-08-31T21:36:00+00:00,500,129,125,8,3110
2026-08-31T21:37:00+00:00,496,151,141,1,3113
2026-08-31T21:38:00+00:00,497,105,107,2,3109
2026-08-31T21:39:00+00:00,499,173,159,0,3171
2026-08-31T21:40:00+00:00,497,178,178,14,3157
2026-08-31T21:41:00+00:00,498,171,158,10,3104
2026-08-31T21:42:00+00:00,497,127,122,2,3124
2026-08-31T21:43:00+00:00,496,137,136,0,3179
2026-08-31T21:44:00+00:00,498,121,132,0,3131
2026-08-31T21:45:00+00:00,496,134,137,0,3111
2026-08-31T21:46:00+00:00,496,168,158,0,3154
2026-08-31T21:47:00+00:00,500,128,120,0,3122
2026-08-31T21:48:00+00:00,495,132,132,8,3163
2026-08-31T21:49:00+00:00,496,127,126,0,3139
2026-08-31T21:50:00+00:00,497,124,133,0,3066
2026-08-31T21:51:00+00:00,495,132,130,0,3076
2026-08-31T21:52:00+00:00,494,121,114,2,3126
2026-08-31T21:53:00+00:00,498,149,147,0,3114
2026-08-31T21:54:00+00:00,498,116,119,0,3101
2026-08-31T21:55:00+00:00,497,141,155,6,3136
2026-08-31T21:56:00+00:00,499,143,164,0,3096
2026-08-31T21:57:00+00:00,496,164,155,0,3143
2026-08-31T21:58:00+00:00,496,121,141,0,3168
2026-08-31T21:59:00+00:00,500,125,134,0,3100
2026-08-31T22:00:00+00:00,495,133,137,0,3168
2026-08-31T22:01:00+00:00,497,136,154,1,3152
2026-08-31T22:02:00+00:00,496,164,153,1,3095
2026-08-31T22:03:00+00:00,498,149,143,0,3167
2026-08-31T22:04:00+00:00,496,123,122,0,3162
2026-08-31T22:05:00+00:00,497,134,138,2,3142
2026-08-31T22:06:00+00:00,501,131,137,12,3096
2026-08-31T22:07:00+00:00,500,145,133,0,3135
2026-08-31T22:08:00+00:00,499,151,141,1,3147
2026-08-31T22:09:00+00:00,499,147,132,2,3094
2026-08-31T22:10:00+00:00,500,151,156,0,3106
2026-08-31T22:11:00+00:00,499,147,163,0,3151
2026-08-31T22:12:00+00:00,495,165,160,0,3151
2026-08-31T22:13:00+00:00,498,164,163,8,3104
2026-08-31T22:14:00+00:00,499,149,152,0,3138
2026-08-31T22:15:00+00:00,498,147,158,0,3100
2026-08-31T22:16:00+00:00,497,129,127,1,3128
2026-08-31T22:17:00+00:00,498,157,165,1,3133
2026-08-31T22:18:00+00:00,497,148,130,1,3112
2026-08-31T22:19:00+00:00,497,137,132,1,3086
2026-08-31T22:20:00+00:00,498,108,123,0,3118
2026-08-31T22:21:00+00:00,496,143,136,1,3101
2026-08-31T22:22:00+00:00,499,129,118,11,3115
2026-08-31T22:23:00+00:00,498,143,149,0,3106
2026-08-31T22:24:00+00:00,498,148,156,1,3121
2026-08-31T22:25:00+00:00,498,146,177,0,3108
2026-08-31T22:26:00+00:00,498,139,147,0,3069
2026-08-31T22:27:00+00:00,496,110,112,2,3086
2026-08-31T22:28:00+00:00,498,117,125,1,3131
2026-08-31T22:29:00+00:00,495,156,136,0,3114
2026-08-31T22:30:00+00:00,496,141,133,0,3086
2026-08-31T22:31:00+00:00,498,134,131,0,3124
2026-08-31T22:32:00+00:00,496,145,136,12,3116
2026-08-31T22:33:00+00:00,498,165,162,1,3127
2026-08-31T22:34:00+00:00,500,139,134,11,3134
2026-08-31T22:35:00+00:00,498,152,155,0,3113
2026-08-31T22:36:00+00:00,498,157,138,3,3093
2026-08-31T22:37:00+00:00,497,160,148,0,3109
2026-08-31T22:38:00+00:00,495,142,156,0,3145
2026-08-31T22:39:00+00:00,497,139,133,0,3093
2026-08-31T22:40:00+00:00,498,149,143,0,3094
2026-08-31T22:41:00+00:00,500,149,163,6,3083
2026-08-31T22:42:00+00:00,499,126,125,0,3048
2026-08-31T22:43:00+00:00,495,134,122,8,3113
2026-08-31T22:44:00+00:00,494,135,140,2,3102
2026-08-31T22:45:00+00:00,500,137,106,3,3093
2026-08-31T22:46:00+00:00,498,128,151,1,3059
2026-08-31T22:47:00+00:00,497,152,145,0,3102
2026-08-31T22:48:00+00:00,495,151,152,2,3039
2026-08-31T22:49:00+00:00,494,166,172,2,3139
2026-08-31T22:50:00+00:00,495,148,151,0,3106
2026-08-31T22:51:00+00:00,497,128,144,2,3131
2026-08-31T22:52:00+00:00,498,142,139,0,3054
2026-08-31T22:53:00+00:00,495,148,159,0,3105
2026-08-31T22:54:00+00:00,497,139,128,2,3108
2026-08-31T22:55:00+00:00,494,118,101,1,3089
2026-08-31T22:56:00+00:00,496,145,142,11,3116
2026-08-31T22:57:00+00:00,494,158,145,6,3138
2026-08-31T22:58:00+00:00,495,174,160,0,3122
2026-08-31T22:59:00+00:00,497,140,134,0,3102
2026-08-31T23:00:00+00:00,497,168,153,2,3068
2026-08-31T23:01:00+00:00,494,133,122,1,3083
2026-08-31T23:02:00+00:00,496,153,128,0,3095
2026-08-31T23:03:00+00:00,498,171,166,2,3059
2026-08-31T23:04:00+00:00,495,133,117,0,3123
2026-08-31T23:05:00+00:00,496,135,128,0,3137
2026-08-31T23:06:00+00:00,496,137,162,1,3146
2026-08-31T23:07:00+00:00,499,138,127,6,3049
2026-08-31T23:08:00+00:00,498,152,143,1,3094
2026-08-31T23:09:00+00:00,496,149,170,0,3000
2026-08-31T23:10:00+00:00,496,128,133,15,3092
2026-08-31T23:11:00+00:00,494,132,116,1,3093
2026-08-31T23:12:00+00:00,500,147,150,0,3037
2026-08-31T23:13:00+00:00,496,128,134,9,3147
2026-08-31T23:14:00+00:00,497,154,150,6,3120
2026-08-31T23:15:00+00:00,499,135,128,0,3118
2026-08-31T23:16:00+00:00,496,156,163,8,3077
2026-08-31T23:17:00+00:00,494,128,127,0,3057
2026-08-31T23:18:00+00:00,499,144,140,0,3049
2026-08-31T23:19:00+00:00,498,131,133,0,3091
2026-08-31T23:20:00+00:00,496,121,114,2,3066
2026-08-31T23:21:00+00:00,497,155,165,0,3117
2026-08-31T23:22:00+00:00,495,141,156,8,3047
2026-08-31T23:23:00+00:00,497,138,154,1,3005
2026-08-31T23:24:00+00:00,499,133,138,3,3087
2026-08-31T23:25:00+00:00,500,123,130,2,3104
2026-08-31T23:26:00+00:00,495,129,137,0,3113
2026-08-31T23:27:00+00:00,496,153,143,0,3077
2026-08-31T23:28:00+00:00,496,157,148,0,3048
2026-08-31T23:29:00+00:00,494,127,125,2,3020
2026-08-31T23:30:00+00:00,498,166,150,0,3057
2026-08-31T23:31:00+00:00,499,143,140,0,2987
2026-08-31T23:32:00+00:00,501,127,109,2,3101
2026-08-31T23:33:00+00:00,499,134,140,0,3065
2026-08-31T23:34:00+00:00,494,140,139,1,3163
2026-08-31T23:35:00+00:00,498,131,139,6,3019
2026-08-31T23:36:00+00:00,495,161,180,9,3081
2026-08-31T23:37:00+00:00,500,125,112,2,3106
2026-08-31T23:38:00+00:00,495,152,159,0,3046
2026-08-31T23:39:00+00:00,497,124,117,0,3129
2026-08-31T23:40:00+00:00,498,130,129,1,3110
2026-08-31T23:41:00+00:00,498,155,149,17,3067
2026-08-31T23:42:00+00:00,495,119,111,2,3072
2026-08-31T23:43:00+00:00,497,170,180,0,3035
2026-08-31T23:44:00+00:00,498,139,134,7,3034
2026-08-31T23:45:00+00:00,496,134,155,0,3051
2026-08-31T23:46:00+00:00,500,116,101,0,3108
2026-08-31T23:47:00+00:00,498,142,128,1,3024
2026-08-31T23:48:00+00:00,496,133,118,2,2992
2026-08-31T23:49:00+00:00,497,157,162,2,3090
2026-08-31T23:50:00+00:00,497,170,179,0,3079
2026-08-31T23:51:00+00:00,498,154,152,0,3086
2026-08-31T23:52:00+00:00,495,143,143,0,2969
2026-08-31T23:53:00+00:00,500,171,152,2,3047
2026-08-31T23:54:00+00:00,499,151,165,3,3022
2026-08-31T23:55:00+00:00,499,141,144,0,3085
2026-08-31T23:56:00+00:00,500,146,139,1,3077
2026-08-31T23:57:00+00:00,497,149,142,0,3102
2026-08-31T23:58:00+00:00,499,160,145,0,3044
2026-08-31T23:59:00+00:00,496,137,132,12,3087
2026-09-01T00:00:00+00:00,498,201,180,0,2979
2026-09-01T00:01:00+00:00,495,114,130,0,3056
2026-09-01T00:02:00+00:00,499,102,114,0,3057
2026-09-01T00:03:00+00:00,494,161,156,1,3064
2026-09-01T00:04:00+00:00,498,99,98,1,3063
2026-09-01T00:05:00+00:00,495,150,138,0,3056
2026-09-01T00:06:00+00:00,497,129,147,0,3002
2026-09-01T00:07:00+00:00,496,140,162,0,3015
2026-09-01T00:08:00+00:00,500,101,131,2,3081
2026-09-01T00:09:00+00:00,496,186,162,0,3105
2026-09-01T00:10:00+00:00,498,102,138,2,3037
2026-09-01T00:11:00+00:00,500,118,125,0,3061
2026-09-01T00:12:00+00:00,497,155,151,0,2991
2026-09-01T00:13:00+00:00,500,152,159,2,3034
2026-09-01T00:14:00+00:00,499,170,151,0,3059
2026-09-01T00:15:00+00:00,498,106,104,6,3067
2026-09-01T00:16:00+00:00,494,145,139,1,3047
2026-09-01T00:17:00+00:00,495,161,132,0,2998
2026-09-01T00:18:00+00:00,497,127,139,0,3038
2026-09-01T00:19:00+00:00,498,100,116,2,3053
2026-09-01T00:20:00+00:00,497,175,190,2,3060
2026-09-01T00:21:00+00:00,500,105,101,0,3079
2026-09-01T00:22:00+00:00,498,102,114,1,3051
2026-09-01T00:23:00+00:00,497,183,172,4,3083
2026-09-01T00:24:00+00:00,498,122,127,0,3024
2026-09-01T00:25:00+00:00,498,122,125,0,3019
2026-09-01T00:26:00+00:00,499,169,157,0,3046
2026-09-01T00:27:00+00:00,500,111,100,8,3067
2026-09-01T00:28:00+00:00,496,107,119,0,3070
2026-09-01T00:29:00+00:00,498,101,126,2,3038
2026-09-01T00:30:00+00:00,499,139,141,12,3066
2026-09-01T00:31:00+00:00,500,116,131,1,3018
2026-09-01T00:32:00+00:00,494,158,160,0,3016
2026-09-01T00:33:00+00:00,494,136,130,0,2983
2026-09-01T00:34:00+00:00,498,153,134,6,3010
2026-09-01T00:35:00+00:00,494,166,168,4,3032
2026-09-01T00:36:00+00:00,494,102,130,2,2997
2026-09-01T00:37:00+00:00,496,102,108,2,3045
2026-09-01T00:38:00+00:00,496,168,158,0,3051
2026-09-01T00:39:00+00:00,497,118,122,7,3090
2026-09-01T00:40:00+00:00,497,103,111,0,3012
2026-09-01T00:41:00+00:00,500,167,166,0,3049
2026-09-01T00:42:00+00:00,499,161,165,21,3104
2026-09-01T00:43:00+00:00,494,152,177,1,3019
2026-09-01T00:44:00+00:00,498,145,145,0,2985
2026-09-01T00:45:00+00:00,499,166,152,2,2989
2026-09-01T00:46:00+00:00,499,101,122,0,3016
2026-09-01T00:47:00+00:00,498,192,183,1,3054
2026-09-01T00:48:00+00:00,496,150,148,0,3037
2026-09-01T00:49:00+00:00,495,102,102,2,3017
2026-09-01T00:50:00+00:00,494,144,131,0,2934
2026-09-01T00:51:00+00:00,498,116,116,0,3011
2026-09-01T00:52:00+00:00,498,165,136,5,3026
2026-09-01T00:53:00+00:00,495,161,154,4,3021
2026-09-01T00:54:00+00:00,496,234,216,2,3040
2026-09-01T00:55:00+00:00,498,216,214,0,3081
2026-09-01T00:56:00+00:00,497,145,146,2,3040
2026-09-01T00:57:00+00:00,500,156,132,11,3061
2026-09-01T00:58:00+00:00,497,189,183,0,3075
2026-09-01T00:59:00+00:00,498,100,103,2,3048
2026-09-01T01:00:00+00:00,498,100,108,0,3011
2026-09-01T01:01:00+00:00,499,149,116,2,3033
2026-09-01T01:02:00+00:00,499,161,162,2,3038
2026-09-01T01:03:00+00:00,496,127,144,1,3064
2026-09-01T01:04:00+00:00,494,189,178,0,3074
2026-09-01T01:05:00+00:00,497,159,140,0,3061
2026-09-01T01:06:00+00:00,501,190,194,9,2988
2026-09-01T01:07:00+00:00,497,166,157,1,3001
2026-09-01T01:08:00+00:00,500,189,177,0,3023
2026-09-01T01:09:00+00:00,497,171,176,0,3064
2026-09-01T01:10:00+00:00,497,138,114,1,3052
2026-09-01T01:11:00+00:00,499,152,142,1,3060
2026-09-01T01:12:00+00:00,498,147,122,0,3048
2026-09-01T01:13:00+00:00,497,133,140,0,3070
2026-09-01T01:14:00+00:00,498,117,129,2,2983
2026-09-01T01:15:00+00:00,500,112,112,2,3061
2026-09-01T01:16:00+00:00,496,140,125,0,3033
2026-09-01T01:17:00+00:00,501,141,108,13,3071
2026-09-01T01:18:00+00:00,498,172,169,2,3101
2026-09-01T01:19:00+00:00,496,109,126,0,3021
2026-09-01T01:20:00+00:00,496,143,155,11,3018
2026-09-01T01:21:00+00:00,501,102,103,1,3065
2026-09-01T01:22:00+00:00,497,102,109,2,3027
2026-09-01T01:23:00+00:00,497,130,144,0,3120
2026-09-01T01:24:00+00:00,499,117,126,0,3037
2026-09-01T01:25:00+00:00,500,186,190,0,3029
2026-09-01T01:26:00+00:00,496,122,124,14,2996
2026-09-01T01:27:00+00:00,497,182,190,7,3052
2026-09-01T01:28:00+00:00,495,175,177,0,3032
2026-09-01T01:29:00+00:00,495,140,134,2,3041
2026-09-01T01:30:00+00:00,495,176,176,0,3023
2026-09-01T01:31:00+00:00,494,137,130,1,3048
2026-09-01T01:32:00+00:00,498,103,141,2,3068
2026-09-01T01:33:00+00:00,497,110,105,0,2968
2026-09-01T01:34:00+00:00,498,145,151,0,2987
2026-09-01T01:35:00+00:00,496,196,182,0,3019
2026-09-01T01:36:00+00:00,497,135,138,0,3022
2026-09-01T01:37:00+00:00,498,163,150,2,3037
2026-09-01T01:38:00+00:00,497,101,99,1,3030
2026-09-01T01:39:00+00:00,498,102,100,0,3030
2026-09-01T01:40:00+00:00,494,161,163,0,2938
2026-09-01T01:41:00+00:00,495,155,142,0,3049
2026-09-01T01:42:00+00:00,501,140,139,4,3025
2026-09-01T01:43:00+00:00,498,157,144,7,3070
2026-09-01T01:44:00+00:00,497,154,160,3,3034
2026-09-01T01:45:00+00:00,499,165,146,0,3039
2026-09-01T01:46:00+00:00,495,138,119,1,3047
2026-09-01T01:47:00+00:00,495,118,133,10,3008
2026-09-01T01:48:00+00:00,495,172,160,0,3030
2026-09-01T01:49:00+00:00,494,102,111,4,3014
2026-09-01T01:50:00+00:00,497,152,145,8,3051
2026-09-01T01:51:00+00:00,500,100,105,0,2994
2026-09-01T01:52:00+00:00,498,101,107,1,3083
2026-09-01T01:53:00+00:00,496,207,210,0,2981
2026-09-01T01:54:00+00:00,495,156,133,3,3091
2026-09-01T01:55:00+00:00,499,123,131,11,3045
2026-09-01T01:56:00+00:00,497,138,119,0,3085
2026-09-01T01:57:00+00:00,496,148,173,5,3019
2026-09-01T01:58:00+00:00,498,220,223,0,3022
2026-09-01T01:59:00+00:00,496,147,146,3,2995
2026-09-01T02:00:00+00:00,497,173,162,9,3009
2026-09-01T02:01:00+00:00,500,127,150,9,2989
2026-09-01T02:02:00+00:00,496,106,121,1,3132
2026-09-01T02:03:00+00:00,494,180,165,0,2994
2026-09-01T02:04:00+00:00,501,135,160,0,3048
2026-09-01T02:05:00+00:00,495,146,154,0,3085
2026-09-01T02:06:00+00:00,496,102,107,1,3053
2026-09-01T02:07:00+00:00,498,120,132,1,3095
2026-09-01T02:08:00+00:00,497,126,140,2,3011
2026-09-01T02:09:00+00:00,497,133,142,1,3027
2026-09-01T02:10:00+00:00,496,150,142,0,3009
2026-09-01T02:11:00+00:00,494,100,102,5,3026
2026-09-01T02:12:00+00:00,498,129,120,1,3034
2026-09-01T02:13:00+00:00,497,146,155,0,2990
2026-09-01T02:14:00+00:00,497,141,155,0,3008
2026-09-01T02:15:00+00:00,494,148,131,20,3103
2026-09-01T02:16:00+00:00,497,157,148,2,3074
2026-09-01T02:17:00+00:00,497,160,138,0,3026
2026-09-01T02:18:00+00:00,497,106,101,0,3005
2026-09-01T02:19:00+00:00,498,175,171,1,3088
2026-09-01T02:20:00+00:00,496,165,152,1,3051
2026-09-01T02:21:00+00:00,496,108,102,0,2986
2026-09-01T02:22:00+00:00,499,176,175,2,3026
2026-09-01T02:23:00+00:00,495,121,121,0,3036
2026-09-01T02:24:00+00:00,496,171,175,0,3002
2026-09-01T02:25:00+00:00,497,141,123,12,3031
2026-09-01T02:26:00+00:00,496,152,143,0,3050
2026-09-01T02:27:00+00:00,495,128,136,0,3066
2026-09-01T02:28:00+00:00,496,122,129,8,2988
2026-09-01T02:29:00+00:00,494,139,138,0,3049
2026-09-01T02:30:00+00:00,495,138,140,0,3048
2026-09-01T02:31:00+00:00,498,173,168,0,3005
2026-09-01T02:32:00+00:00,496,121,122,1,3052
2026-09-01T02:33:00+00:00,496,146,156,2,2970
2026-09-01T02:34:00+00:00,498,111,119,2,2993
2026-09-01T02:35:00+00:00,499,125,134,6,3071
2026-09-01T02:36:00+00:00,498,117,131,1,3035
2026-09-01T02:37:00+00:00,499,102,105,1,3042
2026-09-01T02:38:00+00:00,496,147,146,8,3035
2026-09-01T02:39:00+00:00,494,158,145,2,3053
2026-09-01T02:40:00+00:00,497,150,141,0,3081
2026-09-01T02:41:00+00:00,499,192,195,0,3015
2026-09-01T02:42:00+00:00,499,103,107,13,3072
2026-09-01T02:43:00+00:00,495,142,139,0,3063
2026-09-01T02:44:00+00:00,499,160,160,9,3003
2026-09-01T02:45:00+00:00,500,108,131,1,3029
2026-09-01T02:46:00+00:00,498,211,204,16,3034
2026-09-01T02:47:00+00:00,499,146,133,10,3004
2026-09-01T02:48:00+00:00,500,165,157,0,3036
2026-09-01T02:49:00+00:00,496,198,182,4,3039
2026-09-01T02:50:00+00:00,498,161,176,2,2982
2026-09-01T02:51:00+00:00,496,110,119,4,2975
2026-09-01T02:52:00+00:00,500,128,129,1,2989
2026-09-01T02:53:00+00:00,495,103,123,1,3094
2026-09-01T02:54:00+00:00,497,105,102,0,3043
2026-09-01T02:55:00+00:00,494,182,182,1,3027
2026-09-01T02:56:00+00:00,494,123,109,0,3045
2026-09-01T02:57:00+00:00,497,108,119,0,3021
2026-09-01T02:58:00+00:00,498,189,174,10,3019
2026-09-01T02:59:00+00:00,496,104,128,1,3067
2026-09-01T03:00:00+00:00,497,161,140,0,3046
2026-09-01T03:01:00+00:00,494,141,126,2,3087
2026-09-01T03:02:00+00:00,494,133,152,2,2991
2026-09-01T03:03:00+00:00,496,108,111,0,3095
2026-09-01T03:04:00+00:00,495,147,153,0,2948
2026-09-01T03:05:00+00:00,497,176,177,15,3040
2026-09-01T03:06:00+00:00,496,186,164,0,3108
2026-09-01T03:07:00+00:00,498,125,128,1,3017
2026-09-01T03:08:00+00:00,497,164,167,0,3006
2026-09-01T03:09:00+00:00,497,183,179,0,3026
2026-09-01T03:10:00+00:00,498,133,131,1,2982
2026-09-01T03:11:00+00:00,495,178,178,3,3011
2026-09-01T03:12:00+00:00,496,189,180,12,3055
2026-09-01T03:13:00+00:00,498,99,105,0,2954
2026-09-01T03:14:00+00:00,498,125,114,1,2994
2026-09-01T03:15:00+00:00,497,156,157,4,3045
2026-09-01T03:16:00+00:00,496,113,118,1,3009
2026-09-01T03:17:00+00:00,495,136,122,0,3009
2026-09-01T03:18:00+00:00,499,112,123,0,3070
2026-09-01T03:19:00+00:00,495,133,120,5,3027
2026-09-01T03:20:00+00:00,495,121,126,0,2977
2026-09-01T03:21:00+00:00,497,160,173,0,2999
2026-09-01T03:22:00+00:00,494,143,147,2,3050
2026-09-01T03:23:00+00:00,496,194,188,1,3517
2026-09-01T03:24:00+00:00,497,102,110,9,3554
2026-09-01T03:25:00+00:00,498,102,111,2,3550
2026-09-01T03:26:00+00:00,495,142,121,0,3533
2026-09-01T03:27:00+00:00,498,119,118,1,3549
2026-09-01T03:28:00+00:00,498,151,151,13,3556
2026-09-01T03:29:00+00:00,497,159,144,0,3519
2026-09-01T03:30:00+00:00,496,115,127,1,3485
2026-09-01T03:31:00+00:00,498,143,132,0,3533
2026-09-01T03:32:00+00:00,495,163,151,1,3522
2026-09-01T03:33:00+00:00,499,126,136,2,3546
2026-09-01T03:34:00+00:00,495,146,164,1,3543
2026-09-01T03:35:00+00:00,500,111,120,1,3513
2026-09-01T03:36:00+00:00,496,126,125,0,3523
2026-09-01T03:37:00+00:00,496,118,130,0,3547
2026-09-01T03:38:00+00:00,494,158,171,1,3525
2026-09-01T03:39:00+00:00,500,100,112,1,3544
2026-09-01T03:40:00+00:00,498,120,124,2,3533
2026-09-01T03:41:00+00:00,495,161,152,0,3540
2026-09-01T03:42:00+00:00,499,120,121,2,3517
2026-09-01T03:43:00+00:00,497,161,157,1,3020
2026-09-01T03:44:00+00:00,497,160,140,0,3066
2026-09-01T03:45:00+00:00,499,135,141,0,2969
2026-09-01T03:46:00+00:00,495,136,142,2,3069
2026-09-01T03:47:00+00:00,494,127,128,0,3018
2026-09-01T03:48:00+00:00,497,141,149,0,3051
2026-09-01T03:49:00+00:00,499,135,153,0,3034
2026-09-01T03:50:00+00:00,498,166,156,3,3034
2026-09-01T03:51:00+00:00,495,157,146,0,2996
2026-09-01T03:52:00+00:00,494,149,166,14,2960
2026-09-01T03:53:00+00:00,497,179,162,0,3032
2026-09-01T03:54:00+00:00,497,151,161,12,3019
2026-09-01T03:55:00+00:00,501,159,159,2,2995
2026-09-01T03:56:00+00:00,498,143,135,12,3072
2026-09-01T03:57:00+00:00,498,129,117,0,3063
2026-09-01T03:58:00+00:00,494,142,135,0,3064
2026-09-01T03:59:00+00:00,495,135,141,0,3057
2026-09-01T04:00:00+00:00,498,123,143,2,3011
2026-09-01T04:01:00+00:00,499,143,133,0,3066
2026-09-01T04:02:00+00:00,496,123,138,0,3069
2026-09-01T04:03:00+00:00,496,113,138,0,3047
2026-09-01T04:04:00+00:00,496,159,143,1,3048
2026-09-01T04:05:00+00:00,497,104,125,1,3068
2026-09-01T04:06:00+00:00,494,163,164,0,3074
2026-09-01T04:07:00+00:00,500,149,146,6,2993
2026-09-01T04:08:00+00:00,500,143,128,5,3031
2026-09-01T04:09:00+00:00,497,168,174,7,3024
2026-09-01T04:10:00+00:00,495,114,124,0,3051
2026-09-01T04:11:00+00:00,498,133,130,0,3063
2026-09-01T04:12:00+00:00,498,174,138,0,3010
2026-09-01T04:13:00+00:00,497,127,140,0,2992
2026-09-01T04:14:00+00:00,498,106,104,2,3022
2026-09-01T04:15:00+00:00,495,130,132,1,3043
2026-09-01T04:16:00+00:00,494,122,130,0,3015
2026-09-01T04:17:00+00:00,496,148,129,0,3040
2026-09-01T04:18:00+00:00,495,139,132,2,3023
2026-09-01T04:19:00+00:00,494,110,121,0,2995
2026-09-01T04:20:00+00:00,499,102,101,1,2969
2026-09-01T04:21:00+00:00,498,149,156,0,3010
2026-09-01T04:22:00+00:00,499,124,121,8,3042
2026-09-01T04:23:00+00:00,498,123,116,1,3075
2026-09-01T04:24:00+00:00,495,124,136,0,3039
2026-09-01T04:25:00+00:00,499,166,141,0,3050
2026-09-01T04:26:00+00:00,494,134,141,4,3072
2026-09-01T04:27:00+00:00,497,121,112,2,3032
2026-09-01T04:28:00+00:00,494,156,143,0,3050
2026-09-01T04:29:00+00:00,497,143,138,1,3023
2026-09-01T04:30:00+00:00,497,131,120,11,2987
2026-09-01T04:31:00+00:00,497,136,146,3,3026
2026-09-01T04:32:00+00:00,497,160,154,0,3035
2026-09-01T04:33:00+00:00,495,176,158,2,3024
2026-09-01T04:34:00+00:00,497,116,123,2,3024
2026-09-01T04:35:00+00:00,494,167,160,1,3075
2026-09-01T04:36:00+00:00,496,138,137,0,2998
2026-09-01T04:37:00+00:00,496,152,154,0,3032
2026-09-01T04:38:00+00:00,497,162,161,1,3059
2026-09-01T04:39:00+00:00,496,160,156,0,3041
2026-09-01T04:40:00+00:00,496,158,143,1,3056
2026-09-01T04:41:00+00:00,498,160,177,0,3056
2026-09-01T04:42:00+00:00,498,448,403,1,2995
2026-09-01T04:43:00+00:00,496,437,384,1,2943
2026-09-01T04:44:00+00:00,494,472,416,1,3017
2026-09-01T04:45:00+00:00,495,424,375,0,3079
2026-09-01T04:46:00+00:00,498,427,371,2,3081
2026-09-01T04:47:00+00:00,497,434,364,0,2968
2026-09-01T04:48:00+00:00,498,483,404,0,3050
2026-09-01T04:49:00+00:00,498,452,409,1,3084
2026-09-01T04:50:00+00:00,497,511,463,1,3050
2026-09-01T04:51:00+00:00,497,463,433,0,3017
2026-09-01T04:52:00+00:00,498,407,357,3,3069
2026-09-01T04:53:00+00:00,495,413,349,0,3043
2026-09-01T04:54:00+00:00,498,466,407,1,3065
2026-09-01T04:55:00+00:00,500,484,396,5,3078
2026-09-01T04:56:00+00:00,497,479,416,0,2993
2026-09-01T04:57:00+00:00,495,502,435,12,3032
2026-09-01T04:58:00+00:00,496,460,390,0,2988
2026-09-01T04:59:00+00:00,497,499,436,0,3026
2026-09-01T05:00:00+00:00,498,517,446,0,3055
2026-09-01T05:01:00+00:00,495,452,400,0,3086
2026-09-01T05:02:00+00:00,494,534,499,0,3054
2026-09-01T05:03:00+00:00,495,447,375,1,3045
2026-09-01T05:04:00+00:00,498,526,429,0,3022
2026-09-01T05:05:00+00:00,497,470,432,0,2919
2026-09-01T05:06:00+00:00,501,490,429,1,3047
2026-09-01T05:07:00+00:00,500,505,420,2,3039
2026-09-01T05:08:00+00:00,498,441,388,0,3024
2026-09-01T05:09:00+00:00,494,116,100,7,3048
2026-09-01T05:10:00+00:00,495,116,108,0,3035
2026-09-01T05:11:00+00:00,495,178,207,0,3089
2026-09-01T05:12:00+00:00,494,132,155,2,3059
2026-09-01T05:13:00+00:00,500,150,142,0,3048
2026-09-01T05:14:00+00:00,497,138,142,0,3013
2026-09-01T05:15:00+00:00,496,141,139,0,3010
2026-09-01T05:16:00+00:00,498,129,160,1,3045
2026-09-01T05:17:00+00:00,498,151,175,0,3003
2026-09-01T05:18:00+00:00,495,115,130,15,3004
2026-09-01T05:19:00+00:00,498,155,147,1,3040
2026-09-01T05:20:00+00:00,497,115,130,0,3100
2026-09-01T05:21:00+00:00,498,128,119,0,3006
2026-09-01T05:22:00+00:00,498,149,156,0,3068
2026-09-01T05:23:00+00:00,497,147,146,2,3075
2026-09-01T05:24:00+00:00,497,123,120,5,3035
2026-09-01T05:25:00+00:00,496,130,150,0,2930
2026-09-01T05:26:00+00:00,500,148,129,0,3034
2026-09-01T05:27:00+00:00,500,158,149,0,3068
2026-09-01T05:28:00+00:00,499,122,127,2,3009
2026-09-01T05:29:00+00:00,496,154,167,1,3101
2026-09-01T05:30:00+00:00,494,131,129,0,3021
2026-09-01T05:31:00+00:00,499,152,155,5,3030
2026-09-01T05:32:00+00:00,494,133,127,1,3045
2026-09-01T05:33:00+00:00,497,140,148,0,2993
2026-09-01T05:34:00+00:00,497,177,172,1,3089
2026-09-01T05:35:00+00:00,497,137,130,4,3104
2026-09-01T05:36:00+00:00,499,133,120,1,3079
2026-09-01T05:37:00+00:00,497,148,172,6,3067
2026-09-01T05:38:00+00:00,499,133,140,0,3047
2026-09-01T05:39:00+00:00,497,137,155,0,3072
2026-09-01T05:40:00+00:00,499,135,117,6,3056
2026-09-01T05:41:00+00:00,495,162,170,0,2939
2026-09-01T05:42:00+00:00,496,146,130,9,3004
2026-09-01T05:43:00+00:00,495,157,157,0,2998
2026-09-01T05:44:00+00:00,497,141,130,1,2987
2026-09-01T05:45:00+00:00,496,150,141,2,3015
2026-09-01T05:46:00+00:00,499,133,121,2,3032
2026-09-01T05:47:00+00:00,499,122,143,0,3002
2026-09-01T05:48:00+00:00,499,137,136,0,3040
2026-09-01T05:49:00+00:00,499,152,150,5,3027
2026-09-01T05:50:00+00:00,496,132,121,1,3051
2026-09-01T05:51:00+00:00,498,156,155,0,3020
2026-09-01T05:52:00+00:00,497,140,142,0,3077
2026-09-01T05:53:00+00:00,496,117,143,9,2949
2026-09-01T05:54:00+00:00,497,138,124,2,3074
2026-09-01T05:55:00+00:00,499,138,135,4,3056
2026-09-01T05:56:00+00:00,494,142,136,1,3056
2026-09-01T05:57:00+00:00,497,152,146,0,3077
2026-09-01T05:58:00+00:00,494,115,131,0,2998
2026-09-01T05:59:00+00:00,500,151,150,3,3087
2026-09-01T06:00:00+00:00,495,143,152,0,3101
2026-09-01T06:01:00+00:00,495,135,130,1,3031
2026-09-01T06:02:00+00:00,494,158,142,0,3061
2026-09-01T06:03:00+00:00,499,143,159,0,3017
2026-09-01T06:04:00+00:00,495,134,150,2,3075
2026-09-01T06:05:00+00:00,498,161,159,0,3058
2026-09-01T06:06:00+00:00,496,140,129,0,3066
2026-09-01T06:07:00+00:00,495,123,121,0,3069
2026-09-01T06:08:00+00:00,499,116,113,1,3010
2026-09-01T06:09:00+00:00,500,157,156,0,3040
2026-09-01T06:10:00+00:00,496,122,123,0,3061
2026-09-01T06:11:00+00:00,495,169,156,5,3038
2026-09-01T06:12:00+00:00,498,150,145,0,3058
2026-09-01T06:13:00+00:00,498,141,147,0,3035
2026-09-01T06:14:00+00:00,498,157,156,0,3026
2026-09-01T06:15:00+00:00,495,134,141,0,3053
2026-09-01T06:16:00+00:00,498,102,102,0,3066
2026-09-01T06:17:00+00:00,495,167,152,0,2993
2026-09-01T06:18:00+00:00,498,126,110,5,3094
2026-09-01T06:19:00+00:00,497,130,116,0,3031
2026-09-01T06:20:00+00:00,498,155,157,0,3046
2026-09-01T06:21:00+00:00,500,167,171,0,3025
2026-09-01T06:22:00+00:00,499,154,152,2,3051
2026-09-01T06:23:00+00:00,496,147,154,12,3116
2026-09-01T06:24:00+00:00,499,127,128,0,3049
2026-09-01T06:25:00+00:00,494,157,157,2,3059
2026-09-01T06:26:00+00:00,495,137,131,0,3066
2026-09-01T06:27:00+00:00,498,150,149,9,3021
2026-09-01T06:28:00+00:00,498,161,148,7,3083
2026-09-01T06:29:00+00:00,498,113,112,9,3032
2026-09-01T06:30:00+00:00,496,155,164,1,3048
2026-09-01T06:31:00+00:00,497,158,168,2,3138
2026-09-01T06:32:00+00:00,497,126,147,0,3001
2026-09-01T06:33:00+00:00,494,142,141,0,3037
2026-09-01T06:34:00+00:00,499,156,154,0,3092
2026-09-01T06:35:00+00:00,495,125,143,0,3107
2026-09-01T06:36:00+00:00,494,135,165,1,3028
2026-09-01T06:37:00+00:00,498,133,157,4,3063
2026-09-01T06:38:00+00:00,497,118,134,0,3065
2026-09-01T06:39:00+00:00,495,135,155,0,3068
2026-09-01T06:40:00+00:00,497,141,147,0,3041
2026-09-01T06:41:00+00:00,498,149,139,0,3081
2026-09-01T06:42:00+00:00,495,132,131,2,3062
2026-09-01T06:43:00+00:00,497,158,165,0,3057
2026-09-01T06:44:00+00:00,500,122,137,0,3079
2026-09-01T06:45:00+00:00,497,156,148,0,3026
2026-09-01T06:46:00+00:00,496,150,166,0,3046
2026-09-01T06:47:00+00:00,494,152,161,2,3120
2026-09-01T06:48:00+00:00,499,135,136,0,3035
2026-09-01T06:49:00+00:00,497,143,132,6,3065
2026-09-01T06:50:00+00:00,498,164,159,6,3009
2026-09-01T06:51:00+00:00,495,136,131,0,3078
2026-09-01T06:52:00+00:00,495,136,144,2,3127
2026-09-01T06:53:00+00:00,496,145,150,0,3074
2026-09-01T06:54:00+00:00,494,162,149,0,3036
2026-09-01T06:55:00+00:00,496,135,138,0,3036
2026-09-01T06:56:00+00:00,495,131,139,0,3092
2026-09-01T06:57:00+00:00,495,155,147,0,3069
2026-09-01T06:58:00+00:00,499,136,138,0,3101
2026-09-01T06:59:00+00:00,495,144,148,0,3083
2026-09-01T07:00:00+00:00,497,145,143,7,3061
2026-09-01T07:01:00+00:00,495,136,150,0,3022
2026-09-01T07:02:00+00:00,497,158,146,0,3069
2026-09-01T07:03:00+00:00,499,136,154,14,3054
2026-09-01T07:04:00+00:00,499,141,184,1,3090
2026-09-01T07:05:00+00:00,495,151,143,2,3048
2026-09-01T07:06:00+00:00,500,141,156,0,3041
2026-09-01T07:07:00+00:00,496,172,165,0,3082
2026-09-01T07:08:00+00:00,497,142,136,0,3087
2026-09-01T07:09:00+00:00,496,130,150,2,3021
2026-09-01T07:10:00+00:00,495,143,163,0,3032
2026-09-01T07:11:00+00:00,497,148,146,15,3035
2026-09-01T07:12:00+00:00,498,144,142,0,3106
2026-09-01T07:13:00+00:00,496,160,154,15,3038
2026-09-01T07:14:00+00:00,494,132,145,0,3083
2026-09-01T07:15:00+00:00,498,147,151,0,3115
2026-09-01T07:16:00+00:00,498,129,119,2,3040
2026-09-01T07:17:00+00:00,496,140,135,0,3087
2026-09-01T07:18:00+00:00,501,111,122,0,3090
2026-09-01T07:19:00+00:00,497,128,117,0,3096
2026-09-01T07:20:00+00:00,495,137,152,0,3097
2026-09-01T07:21:00+00:00,495,115,120,0,3031
2026-09-01T07:22:00+00:00,499,149,150,2,3102
2026-09-01T07:23:00+00:00,498,148,159,0,3097
2026-09-01T07:24:00+00:00,496,182,173,0,3058
2026-09-01T07:25:00+00:00,497,149,127,0,3110
2026-09-01T07:26:00+00:00,494,129,125,0,3149
2026-09-01T07:27:00+00:00,496,143,133,0,3111
2026-09-01T07:28:00+00:00,495,145,137,0,3162
2026-09-01T07:29:00+00:00,497,144,162,8,3053
2026-09-01T07:30:00+00:00,494,155,147,2,3062
2026-09-01T07:31:00+00:00,496,124,126,9,3055
2026-09-01T07:32:00+00:00,496,167,148,1,3109
2026-09-01T07:33:00+00:00,496,131,132,1,3090
2026-09-01T07:34:00+00:00,495,115,117,1,3132
2026-09-01T07:35:00+00:00,498,136,134,0,3069
2026-09-01T07:36:00+00:00,495,139,140,0,3121
2026-09-01T07:37:00+00:00,497,137,128,6,3111
2026-09-01T07:38:00+00:00,499,141,155,0,3095
2026-09-01T07:39:00+00:00,496,155,147,2,3121
2026-09-01T07:40:00+00:00,497,133,131,9,3094
2026-09-01T07:41:00+00:00,498,165,170,1,3108
2026-09-01T07:42:00+00:00,496,130,130,0,3115
2026-09-01T07:43:00+00:00,494,141,130,10,3127
2026-09-01T07:44:00+00:00,499,127,101,0,3125
2026-09-01T07:45:00+00:00,498,148,130,1,3094
2026-09-01T07:46:00+00:00,497,139,134,0,3088
2026-09-01T07:47:00+00:00,497,123,158,0,3092
2026-09-01T07:48:00+00:00,499,143,137,0,3132
2026-09-01T07:49:00+00:00,495,124,116,1,3087
2026-09-01T07:50:00+00:00,499,117,115,2,3115
2026-09-01T07:51:00+00:00,496,144,138,0,3151
2026-09-01T07:52:00+00:00,495,169,176,2,3139
2026-09-01T07:53:00+00:00,499,144,151,0,3144
2026-09-01T07:54:00+00:00,500,137,139,1,3056
2026-09-01T07:55:00+00:00,497,149,144,0,3070
2026-09-01T07:56:00+00:00,499,135,153,2,3100
2026-09-01T07:57:00+00:00,497,141,131,2,3134
2026-09-01T07:58:00+00:00,496,136,145,8,3110
2026-09-01T07:59:00+00:00,501,161,165,2,3124
2026-09-01T08:00:00+00:00,498,139,119,0,3101
2026-09-01T08:01:00+00:00,502,126,135,2,3118
2026-09-01T08:02:00+00:00,497,142,139,5,3158
2026-09-01T08:03:00+00:00,503,150,134,9,3168
2026-09-01T08:04:00+00:00,497,156,162,0,3104
2026-09-01T08:05:00+00:00,499,134,153,0,3170
2026-09-01T08:06:00+00:00,495,140,130,0,3120
2026-09-01T08:07:00+00:00,495,155,175,1,3105
2026-09-01T08:08:00+00:00,497,140,135,0,3113
2026-09-01T08:09:00+00:00,503,131,119,0,3164
2026-09-01T08:10:00+00:00,503,152,149,0,3101
2026-09-01T08:11:00+00:00,498,153,129,8,3146
2026-09-01T08:12:00+00:00,500,150,139,1,3145
2026-09-01T08:13:00+00:00,497,144,151,0,3138
2026-09-01T08:14:00+00:00,495,150,150,3,3115
2026-09-01T08:15:00+00:00,499,131,129,0,3126
2026-09-01T08:16:00+00:00,501,136,131,2,3102
2026-09-01T08:17:00+00:00,496,149,164,0,3101
2026-09-01T08:18:00+00:00,498,126,111,0,3171
2026-09-01T08:19:00+00:00,500,125,113,1,3169
2026-09-01T08:20:00+00:00,500,138,129,0,3191
2026-09-01T08:21:00+00:00,499,158,170,4,3060
2026-09-01T08:22:00+00:00,500,113,128,0,3140
2026-09-01T08:23:00+00:00,508,117,115,0,3116
2026-09-01T08:24:00+00:00,505,139,141,13,3105
2026-09-01T08:25:00+00:00,498,145,148,1,3117
2026-09-01T08:26:00+00:00,508,172,153,1,3153
2026-09-01T08:27:00+00:00,501,148,150,7,3146
2026-09-01T08:28:00+00:00,500,121,120,5,3198
2026-09-01T08:29:00+00:00,496,150,146,0,3158
2026-09-01T08:30:00+00:00,499,148,139,0,3106
2026-09-01T08:31:00+00:00,503,124,127,0,3134
2026-09-01T08:32:00+00:00,496,149,160,0,3140
2026-09-01T08:33:00+00:00,511,136,134,0,3226
2026-09-01T08:34:00+00:00,508,137,131,2,3192
2026-09-01T08:35:00+00:00,500,118,113,2,3197
2026-09-01T08:36:00+00:00,507,147,152,0,3092
2026-09-01T08:37:00+00:00,499,129,138,16,3196
2026-09-01T08:38:00+00:00,508,156,137,24,3135
2026-09-01T08:39:00+00:00,510,137,130,0,3215
2026-09-01T08:40:00+00:00,498,129,144,2,3216
2026-09-01T08:41:00+00:00,497,157,165,0,3202
2026-09-01T08:42:00+00:00,498,136,137,0,3205
2026-09-01T08:43:00+00:00,508,145,156,0,3133
2026-09-01T08:44:00+00:00,505,125,115,0,3161
2026-09-01T08:45:00+00:00,499,156,128,0,3180
2026-09-01T08:46:00+00:00,494,154,139,16,3208
2026-09-01T08:47:00+00:00,497,151,144,15,3153
2026-09-01T08:48:00+00:00,497,130,137,0,3177
2026-09-01T08:49:00+00:00,512,168,166,1,3171
2026-09-01T08:50:00+00:00,495,143,156,0,3175
2026-09-01T08:51:00+00:00,500,145,129,2,3158
2026-09-01T08:52:00+00:00,510,156,141,0,3147
2026-09-01T08:53:00+00:00,495,126,145,0,3113
2026-09-01T08:54:00+00:00,496,138,143,1,3189
2026-09-01T08:55:00+00:00,511,177,176,0,3195
2026-09-01T08:56:00+00:00,498,134,132,4,3178
2026-09-01T08:57:00+00:00,518,133,138,6,3139
2026-09-01T08:58:00+00:00,514,135,129,0,3150
2026-09-01T08:59:00+00:00,495,118,99,2,3180
2026-09-01T09:00:00+00:00,498,149,152,17,3193
2026-09-01T09:01:00+00:00,498,163,149,1,3209
2026-09-01T09:02:00+00:00,509,161,161,3,3215
2026-09-01T09:03:00+00:00,496,153,138,0,3177
2026-09-01T09:04:00+00:00,516,154,163,0,3217
2026-09-01T09:05:00+00:00,513,136,121,0,3140
2026-09-01T09:06:00+00:00,516,151,181,1,3167
2026-09-01T09:07:00+00:00,519,145,142,2,3218
2026-09-01T09:08:00+00:00,495,121,111,0,3190
2026-09-01T09:09:00+00:00,498,145,128,4,3183
2026-09-01T09:10:00+00:00,499,133,126,2,3194
2026-09-01T09:11:00+00:00,524,145,151,2,3203
2026-09-01T09:12:00+00:00,499,134,128,1,3222
2026-09-01T09:13:00+00:00,523,143,145,0,3215
2026-09-01T09:14:00+00:00,525,154,172,1,3175
2026-09-01T09:15:00+00:00,499,132,137,0,3215
2026-09-01T09:16:00+00:00,496,122,151,1,3163
2026-09-01T09:17:00+00:00,497,133,122,0,3177
2026-09-01T09:18:00+00:00,515,132,112,0,3167
2026-09-01T09:19:00+00:00,496,150,164,0,3193
2026-09-01T09:20:00+00:00,497,142,130,6,3207
2026-09-01T09:21:00+00:00,500,128,134,0,3197
2026-09-01T09:22:00+00:00,495,165,152,6,3212
2026-09-01T09:23:00+00:00,521,149,159,0,3165
2026-09-01T09:24:00+00:00,500,148,142,0,3187
2026-09-01T09:25:00+00:00,500,153,160,0,3168
2026-09-01T09:26:00+00:00,514,134,151,1,3161
2026-09-01T09:27:00+00:00,496,153,138,1,3207
2026-09-01T09:28:00+00:00,522,155,144,1,3194
2026-09-01T09:29:00+00:00,528,146,164,2,3245
2026-09-01T09:30:00+00:00,530,157,155,0,3209
2026-09-01T09:31:00+00:00,523,144,154,7,3235
2026-09-01T09:32:00+00:00,532,132,134,14,3262
2026-09-01T09:33:00+00:00,524,147,140,0,3186
2026-09-01T09:34:00+00:00,501,138,153,7,3154
2026-09-01T09:35:00+00:00,525,178,168,0,3210
2026-09-01T09:36:00+00:00,534,123,141,13,3190
2026-09-01T09:37:00+00:00,527,119,114,13,3245
2026-09-01T09:38:00+00:00,501,135,142,0,3112
2026-09-01T09:39:00+00:00,530,120,131,0,3234
2026-09-01T09:40:00+00:00,499,135,121,6,3195
2026-09-01T09:41:00+00:00,498,130,138,0,3186
2026-09-01T09:42:00+00:00,499,140,137,0,3193
2026-09-01T09:43:00+00:00,525,127,123,1,3212
2026-09-01T09:44:00+00:00,519,149,141,1,3165
2026-09-01T09:45:00+00:00,495,126,159,2,3214
2026-09-01T09:46:00+00:00,498,138,162,2,3202
2026-09-01T09:47:00+00:00,524,124,139,1,3256
2026-09-01T09:48:00+00:00,497,150,135,0,3233
2026-09-01T09:49:00+00:00,544,128,116,2,3196
2026-09-01T09:50:00+00:00,497,123,115,0,3213
2026-09-01T09:51:00+00:00,498,146,150,0,3214
2026-09-01T09:52:00+00:00,529,165,167,2,3235
2026-09-01T09:53:00+00:00,500,171,163,9,3228
2026-09-01T09:54:00+00:00,499,144,158,1,3234
2026-09-01T09:55:00+00:00,498,175,162,2,3222
2026-09-01T09:56:00+00:00,536,134,125,2,3235
2026-09-01T09:57:00+00:00,540,161,159,0,3229
2026-09-01T09:58:00+00:00,543,169,142,5,3218
2026-09-01T09:59:00+00:00,536,149,144,0,3175
2026-09-01T10:00:00+00:00,551,163,186,15,3206
2026-09-01T10:01:00+00:00,542,157,150,1,3180
2026-09-01T10:02:00+00:00,495,141,160,12,3160
2026-09-01T10:03:00+00:00,498,145,141,12,3212
2026-09-01T10:04:00+00:00,498,122,128,0,3209
2026-09-01T10:05:00+00:00,499,153,145,0,3224
2026-09-01T10:06:00+00:00,500,106,137,2,3174
2026-09-01T10:07:00+00:00,544,144,141,14,3258
2026-09-01T10:08:00+00:00,499,145,133,0,3186
2026-09-01T10:09:00+00:00,548,138,126,0,3249
2026-09-01T10:10:00+00:00,496,154,147,0,3221
2026-09-01T10:11:00+00:00,498,131,127,0,3223
2026-09-01T10:12:00+00:00,497,138,139,2,3219
2026-09-01T10:13:00+00:00,531,148,140,0,3276
2026-09-01T10:14:00+00:00,496,142,134,0,3176
2026-09-01T10:15:00+00:00,537,134,173,1,3216
2026-09-01T10:16:00+00:00,497,157,163,2,3192
2026-09-01T10:17:00+00:00,540,161,162,1,3176
2026-09-01T10:18:00+00:00,533,139,151,2,3230
2026-09-01T10:19:00+00:00,539,150,152,0,3250
2026-09-01T10:20:00+00:00,498,147,150,0,3173
2026-09-01T10:21:00+00:00,555,166,156,0,3191
2026-09-01T10:22:00+00:00,498,141,151,8,3260
2026-09-01T10:23:00+00:00,544,139,140,0,3165
2026-09-01T10:24:00+00:00,555,135,146,1,3171
2026-09-01T10:25:00+00:00,533,180,163,6,3229
2026-09-01T10:26:00+00:00,558,125,132,8,3214
2026-09-01T10:27:00+00:00,553,128,153,0,3201
2026-09-01T10:28:00+00:00,496,147,148,0,3170
2026-09-01T10:29:00+00:00,499,141,146,2,3202
2026-09-01T10:30:00+00:00,494,133,147,0,3180
2026-09-01T10:31:00+00:00,563,109,122,2,3207
2026-09-01T10:32:00+00:00,544,131,132,0,3248
2026-09-01T10:33:00+00:00,497,144,122,0,3176
2026-09-01T10:34:00+00:00,498,171,182,4,3253
2026-09-01T10:35:00+00:00,500,140,147,6,3198
2026-09-01T10:36:00+00:00,498,130,118,0,3219
2026-09-01T10:37:00+00:00,559,139,136,0,3196
2026-09-01T10:38:00+00:00,496,154,158,1,3235
2026-09-01T10:39:00+00:00,568,152,138,0,3196
2026-09-01T10:40:00+00:00,559,161,177,0,3176
2026-09-01T10:41:00+00:00,551,154,172,2,3229
2026-09-01T10:42:00+00:00,563,177,158,0,3202
2026-09-01T10:43:00+00:00,498,135,136,2,3195
2026-09-01T10:44:00+00:00,497,157,181,0,3144
2026-09-01T10:45:00+00:00,497,142,138,2,3200
2026-09-01T10:46:00+00:00,558,142,139,0,3206
2026-09-01T10:47:00+00:00,497,139,127,9,3197
2026-09-01T10:48:00+00:00,572,134,145,0,3197
2026-09-01T10:49:00+00:00,572,124,110,2,3187
2026-09-01T10:50:00+00:00,500,137,129,3,3182
2026-09-01T10:51:00+00:00,568,159,165,2,3161
2026-09-01T10:52:00+00:00,496,158,139,2,3185
2026-09-01T10:53:00+00:00,501,166,180,2,3217
2026-09-01T10:54:00+00:00,550,113,116,0,3184
2026-09-01T10:55:00+00:00,559,165,178,3,3172
2026-09-01T10:56:00+00:00,498,142,168,0,3171
2026-09-01T10:57:00+00:00,500,160,172,0,3148
2026-09-01T10:58:00+00:00,498,166,174,0,3204
2026-09-01T10:59:00+00:00,550,129,146,0,3188
2026-09-01T11:00:00+00:00,496,143,133,5,3208
2026-09-01T11:01:00+00:00,560,147,148,0,3213
2026-09-01T11:02:00+00:00,578,125,144,9,3162
2026-09-01T11:03:00+00:00,554,120,149,2,3162
2026-09-01T11:04:00+00:00,553,142,164,2,3191
2026-09-01T11:05:00+00:00,497,173,194,0,3179
2026-09-01T11:06:00+00:00,568,147,159,0,3179
2026-09-01T11:07:00+00:00,497,136,118,0,3195
2026-09-01T11:08:00+00:00,564,163,182,1,3175
2026-09-01T11:09:00+00:00,582,140,137,0,3196
2026-09-01T11:10:00+00:00,499,160,150,4,3146
2026-09-01T11:11:00+00:00,557,146,144,3,3148
2026-09-01T11:12:00+00:00,567,153,146,1,3188
2026-09-01T11:13:00+00:00,497,154,156,0,3198
2026-09-01T11:14:00+00:00,575,155,160,2,3234
2026-09-01T11:15:00+00:00,496,134,134,0,3187
2026-09-01T11:16:00+00:00,572,157,149,2,3162
2026-09-01T11:17:00+00:00,494,153,145,4,3172
2026-09-01T11:18:00+00:00,496,113,128,1,3202
2026-09-01T11:19:00+00:00,498,123,138,0,3153
2026-09-01T11:20:00+00:00,572,159,160,4,3194
2026-09-01T11:21:00+00:00,499,138,130,1,3192
2026-09-01T11:22:00+00:00,553,153,155,0,3153
2026-09-01T11:23:00+00:00,495,140,170,2,3183
2026-09-01T11:24:00+00:00,558,124,112,0,3219
2026-09-01T11:25:00+00:00,499,159,156,0,3165
2026-09-01T11:26:00+00:00,562,119,133,0,3194
2026-09-01T11:27:00+00:00,551,164,169,7,3162
2026-09-01T11:28:00+00:00,583,132,135,0,3155
2026-09-01T11:29:00+00:00,498,142,137,2,3135
2026-09-01T11:30:00+00:00,574,142,135,0,3176
2026-09-01T11:31:00+00:00,499,164,154,0,3139
2026-09-01T11:32:00+00:00,496,137,116,1,3147
2026-09-01T11:33:00+00:00,498,118,120,0,3187
2026-09-01T11:34:00+00:00,500,140,137,0,3161
2026-09-01T11:35:00+00:00,496,109,147,0,3176
2026-09-01T11:36:00+00:00,499,143,144,0,3121
2026-09-01T11:37:00+00:00,558,129,114,0,3175
2026-09-01T11:38:00+00:00,593,148,180,0,3138
2026-09-01T11:39:00+00:00,497,153,150,0,3127
2026-09-01T11:40:00+00:00,499,111,136,0,3124
2026-09-01T11:41:00+00:00,501,180,173,1,3141
2026-09-01T11:42:00+00:00,501,117,99,0,3176
2026-09-01T11:43:00+00:00,596,134,145,0,3130
2026-09-01T11:44:00+00:00,570,144,149,9,3167
2026-09-01T11:45:00+00:00,590,130,126,1,3116
2026-09-01T11:46:00+00:00,599,162,159,0,3066
2026-09-01T11:47:00+00:00,556,170,174,0,3115
2026-09-01T11:48:00+00:00,579,151,150,6,3114
2026-09-01T11:49:00+00:00,497,126,163,2,3163
2026-09-01T11:50:00+00:00,589,151,157,0,3123
2026-09-01T11:51:00+00:00,568,152,153,1,3151
2026-09-01T11:52:00+00:00,499,131,119,0,3126
2026-09-01T11:53:00+00:00,600,138,137,0,3138
2026-09-01T11:54:00+00:00,498,176,165,2,3149
2026-09-01T11:55:00+00:00,498,136,140,6,3161
2026-09-01T11:56:00+00:00,558,129,154,0,3099
2026-09-01T11:57:00+00:00,498,151,149,2,3093
2026-09-01T11:58:00+00:00,579,137,153,0,3117
2026-09-01T11:59:00+00:00,604,135,128,1,3132
2026-09-01T12:00:00+00:00,498,130,131,2,3092
2026-09-01T12:01:00+00:00,499,137,137,0,3084
2026-09-01T12:02:00+00:00,498,155,162,2,3125
2026-09-01T12:03:00+00:00,499,155,146,12,3170
2026-09-01T12:04:00+00:00,596,126,118,0,3112
2026-09-01T12:05:00+00:00,557,157,141,0,3148
2026-09-01T12:06:00+00:00,499,162,158,0,3107
2026-09-01T12:07:00+00:00,594,143,143,18,3114
2026-09-01T12:08:00+00:00,499,122,119,0,3050
2026-09-01T12:09:00+00:00,566,135,139,12,3100
2026-09-01T12:10:00+00:00,499,145,140,11,3119
2026-09-01T12:11:00+00:00,501,151,154,1,3080
2026-09-01T12:12:00+00:00,499,148,157,0,3113
2026-09-01T12:13:00+00:00,498,139,129,1,3112
2026-09-01T12:14:00+00:00,499,149,154,1,3105
2026-09-01T12:15:00+00:00,569,163,163,0,3139
2026-09-01T12:16:00+00:00,495,165,150,1,3090
2026-09-01T12:17:00+00:00,576,162,167,5,3157
2026-09-01T12:18:00+00:00,495,165,164,0,3093
2026-09-01T12:19:00+00:00,607,134,136,0,3119
2026-09-01T12:20:00+00:00,498,122,123,0,3128
2026-09-01T12:21:00+00:00,500,156,170,0,3148
2026-09-01T12:22:00+00:00,597,143,133,0,3133
2026-09-01T12:23:00+00:00,496,116,131,2,3101
2026-09-01T12:24:00+00:00,610,142,137,0,3039
2026-09-01T12:25:00+00:00,613,139,134,0,3037
2026-09-01T12:26:00+00:00,608,141,118,1,3099
2026-09-01T12:27:00+00:00,499,157,153,1,3106
2026-09-01T12:28:00+00:00,615,115,113,0,3070
2026-09-01T12:29:00+00:00,613,119,127,9,3061
2026-09-01T12:30:00+00:00,566,147,149,2,3052
2026-09-01T12:31:00+00:00,570,122,128,2,3077
2026-09-01T12:32:00+00:00,497,162,149,2,3045
2026-09-01T12:33:00+00:00,496,129,120,0,3102
2026-09-01T12:34:00+00:00,569,142,127,3,3103
2026-09-01T12:35:00+00:00,496,109,133,1,3086
2026-09-01T12:36:00+00:00,615,125,128,1,3071
2026-09-01T12:37:00+00:00,498,127,135,0,3065
2026-09-01T12:38:00+00:00,570,138,143,0,3079
2026-09-01T12:39:00+00:00,499,154,154,0,3096
2026-09-01T12:40:00+00:00,497,133,153,0,3100
2026-09-01T12:41:00+00:00,570,157,167,1,3000
2026-09-01T12:42:00+00:00,499,141,163,9,3062
2026-09-01T12:43:00+00:00,496,145,123,0,3096
2026-09-01T12:44:00+00:00,587,118,132,0,3047
2026-09-01T12:45:00+00:00,499,137,145,2,3088
2026-09-01T12:46:00+00:00,584,103,100,0,3107
2026-09-01T12:47:00+00:00,610,149,145,0,3105
2026-09-01T12:48:00+00:00,578,147,149,4,3090
2026-09-01T12:49:00+00:00,499,142,128,9,3100
2026-09-01T12:50:00+00:00,497,132,130,2,3086
2026-09-01T12:51:00+00:00,499,119,141,3,3093
2026-09-01T12:52:00+00:00,579,134,143,0,3068
2026-09-01T12:53:00+00:00,500,161,136,1,3083
2026-09-01T12:54:00+00:00,622,161,156,2,3091
2026-09-01T12:55:00+00:00,498,127,124,0,3049
2026-09-01T12:56:00+00:00,608,136,119,0,3039
2026-09-01T12:57:00+00:00,500,135,132,0,3107
2026-09-01T12:58:00+00:00,602,130,124,2,3072
2026-09-01T12:59:00+00:00,612,153,148,1,3103
2026-09-01T13:00:00+00:00,500,143,140,5,3079
2026-09-01T13:01:00+00:00,497,133,145,0,3095
2026-09-01T13:02:00+00:00,496,154,152,2,3048
2026-09-01T13:03:00+00:00,497,113,98,1,3066
2026-09-01T13:04:00+00:00,496,127,148,0,3135
2026-09-01T13:05:00+00:00,606,126,133,0,3081
2026-09-01T13:06:00+00:00,569,147,170,0,3064
2026-09-01T13:07:00+00:00,585,142,139,0,3078
2026-09-01T13:08:00+00:00,495,132,117,10,3052
2026-09-01T13:09:00+00:00,606,152,150,0,3121
2026-09-01T13:10:00+00:00,604,181,167,1,3058
2026-09-01T13:11:00+00:00,619,144,116,0,3084
2026-09-01T13:12:00+00:00,497,177,173,4,3033
2026-09-01T13:13:00+00:00,497,154,168,11,3068
2026-09-01T13:14:00+00:00,495,149,157,0,3029
2026-09-01T13:15:00+00:00,498,134,148,0,3025
2026-09-01T13:16:00+00:00,496,155,173,0,3042
2026-09-01T13:17:00+00:00,622,142,141,0,3051
2026-09-01T13:18:00+00:00,594,148,146,5,3104
2026-09-01T13:19:00+00:00,586,136,156,0,3118
2026-09-01T13:20:00+00:00,620,126,159,2,2992
2026-09-01T13:21:00+00:00,500,135,145,2,2992
2026-09-01T13:22:00+00:00,497,131,147,0,3098
2026-09-01T13:23:00+00:00,495,132,139,0,3063
2026-09-01T13:24:00+00:00,499,139,127,12,3083
2026-09-01T13:25:00+00:00,576,123,132,1,3009
2026-09-01T13:26:00+00:00,496,120,122,0,3066
2026-09-01T13:27:00+00:00,498,156,136,2,2974
2026-09-01T13:28:00+00:00,496,136,145,0,3075
2026-09-01T13:29:00+00:00,497,147,164,2,2987
2026-09-01T13:30:00+00:00,566,138,135,0,3059
2026-09-01T13:31:00+00:00,497,152,161,2,3003
2026-09-01T13:32:00+00:00,579,135,162,19,3076
2026-09-01T13:33:00+00:00,575,158,152,0,3082
2026-09-01T13:34:00+00:00,497,139,149,0,3063
2026-09-01T13:35:00+00:00,593,154,153,0,3057
2026-09-01T13:36:00+00:00,496,128,134,0,3101
2026-09-01T13:37:00+00:00,498,151,158,0,3087
2026-09-01T13:38:00+00:00,498,135,153,1,3083
2026-09-01T13:39:00+00:00,499,150,134,1,3026
2026-09-01T13:40:00+00:00,612,160,174,8,3073
2026-09-01T13:41:00+00:00,498,116,103,1,3022
2026-09-01T13:42:00+00:00,496,126,135,1,3043
2026-09-01T13:43:00+00:00,500,152,149,2,3007
2026-09-01T13:44:00+00:00,499,135,140,15,3010
2026-09-01T13:45:00+00:00,500,174,162,16,3042
2026-09-01T13:46:00+00:00,590,145,134,1,2993
2026-09-01T13:47:00+00:00,500,146,145,1,3096
2026-09-01T13:48:00+00:00,604,147,137,0,3027
2026-09-01T13:49:00+00:00,499,165,171,0,3061
2026-09-01T13:50:00+00:00,610,147,141,1,3052
2026-09-01T13:51:00+00:00,610,151,160,2,3004
2026-09-01T13:52:00+00:00,496,132,136,0,3099
2026-09-01T13:53:00+00:00,611,149,134,1,3079
2026-09-01T13:54:00+00:00,610,167,162,0,2966
2026-09-01T13:55:00+00:00,577,111,101,1,3081
2026-09-01T13:56:00+00:00,600,130,124,0,3040
2026-09-01T13:57:00+00:00,498,141,128,0,3060
2026-09-01T13:58:00+00:00,499,149,150,4,3082
2026-09-01T13:59:00+00:00,497,156,143,0,3032
2026-09-01T14:00:00+00:00,570,155,147,0,3031
2026-09-01T14:01:00+00:00,501,160,146,0,3059
2026-09-01T14:02:00+00:00,496,130,141,0,3062
2026-09-01T14:03:00+00:00,497,126,130,0,3043
2026-09-01T14:04:00+00:00,499,141,127,1,2988
2026-09-01T14:05:00+00:00,495,139,140,0,3006
2026-09-01T14:06:00+00:00,613,156,159,1,3034
2026-09-01T14:07:00+00:00,577,147,156,6,3076
2026-09-01T14:08:00+00:00,581,152,161,1,3006
2026-09-01T14:09:00+00:00,567,152,159,4,3000
2026-09-01T14:10:00+00:00,571,148,164,1,3063
2026-09-01T14:11:00+00:00,501,153,141,0,3043
2026-09-01T14:12:00+00:00,620,122,118,0,3067
2026-09-01T14:13:00+00:00,498,138,145,0,2987
2026-09-01T14:14:00+00:00,496,142,127,2,3074
2026-09-01T14:15:00+00:00,604,149,132,2,3062
2026-09-01T14:16:00+00:00,580,142,152,0,3010
2026-09-01T14:17:00+00:00,495,128,122,3,3026
2026-09-01T14:18:00+00:00,499,118,118,11,3093
2026-09-01T14:19:00+00:00,498,120,113,1,3071
2026-09-01T14:20:00+00:00,597,143,141,0,3038
2026-09-01T14:21:00+00:00,567,137,183,4,2996
2026-09-01T14:22:00+00:00,579,168,169,0,3072
2026-09-01T14:23:00+00:00,497,127,159,0,3012
2026-09-01T14:24:00+00:00,499,148,156,0,3006
2026-09-01T14:25:00+00:00,496,147,134,7,2992
2026-09-01T14:26:00+00:00,608,142,147,2,3058
2026-09-01T14:27:00+00:00,496,151,131,5,3056
2026-09-01T14:28:00+00:00,617,160,185,0,3029
2026-09-01T14:29:00+00:00,499,129,126,1,3061
2026-09-01T14:30:00+00:00,584,113,102,9,2940
2026-09-01T14:31:00+00:00,608,181,178,1,3096
2026-09-01T14:32:00+00:00,499,135,126,2,3060
2026-09-01T14:33:00+00:00,497,132,148,0,3088
2026-09-01T14:34:00+00:00,499,150,143,0,3075
2026-09-01T14:35:00+00:00,498,142,146,2,3084
2026-09-01T14:36:00+00:00,500,163,160,14,3041
2026-09-01T14:37:00+00:00,499,142,152,0,2987
2026-09-01T14:38:00+00:00,500,144,171,1,3015
2026-09-01T14:39:00+00:00,500,119,131,1,3081
2026-09-01T14:40:00+00:00,500,144,147,4,3071
2026-09-01T14:41:00+00:00,595,141,138,0,3135
2026-09-01T14:42:00+00:00,498,160,149,15,3067
2026-09-01T14:43:00+00:00,567,149,133,0,3012
2026-09-01T14:44:00+00:00,605,139,154,0,3007
2026-09-01T14:45:00+00:00,601,159,152,2,3014
2026-09-01T14:46:00+00:00,497,148,150,0,3077
2026-09-01T14:47:00+00:00,498,134,150,0,3017
2026-09-01T14:48:00+00:00,499,133,144,0,3033
2026-09-01T14:49:00+00:00,499,164,183,19,3030
2026-09-01T14:50:00+00:00,498,144,132,8,3093
2026-09-01T14:51:00+00:00,581,131,130,0,3050
2026-09-01T14:52:00+00:00,571,139,129,2,3032
2026-09-01T14:53:00+00:00,604,145,136,0,3055
2026-09-01T14:54:00+00:00,569,127,130,15,3031
2026-09-01T14:55:00+00:00,498,145,139,0,3026
2026-09-01T14:56:00+00:00,578,153,148,0,3088
2026-09-01T14:57:00+00:00,501,169,152,0,3056
2026-09-01T14:58:00+00:00,500,173,163,0,3055
2026-09-01T14:59:00+00:00,500,121,101,0,3076
2026-09-01T15:00:00+00:00,602,132,120,0,3070
2026-09-01T15:01:00+00:00,501,133,136,0,2991
2026-09-01T15:02:00+00:00,499,151,149,1,3005
2026-09-01T15:03:00+00:00,599,106,105,0,3030
2026-09-01T15:04:00+00:00,495,169,178,0,3013
2026-09-01T15:05:00+00:00,501,131,120,0,3075
2026-09-01T15:06:00+00:00,497,132,149,8,2991
2026-09-01T15:07:00+00:00,498,142,119,2,3038
2026-09-01T15:08:00+00:00,586,140,132,3,3048
2026-09-01T15:09:00+00:00,558,121,126,2,3001
2026-09-01T15:10:00+00:00,497,120,110,2,3064
2026-09-01T15:11:00+00:00,556,139,144,0,3053
2026-09-01T15:12:00+00:00,567,131,142,1,3058
2026-09-01T15:13:00+00:00,499,170,170,6,3048
2026-09-01T15:14:00+00:00,557,156,161,2,3005
2026-09-01T15:15:00+00:00,498,169,153,0,3075
2026-09-01T15:16:00+00:00,498,148,156,2,3095
2026-09-01T15:17:00+00:00,497,127,131,1,3052
2026-09-01T15:18:00+00:00,581,163,175,0,3077
2026-09-01T15:19:00+00:00,499,147,148,0,3036
2026-09-01T15:20:00+00:00,587,154,162,0,3026
2026-09-01T15:21:00+00:00,595,165,146,0,3032
2026-09-01T15:22:00+00:00,501,146,159,10,2999
2026-09-01T15:23:00+00:00,593,169,168,2,3082
2026-09-01T15:24:00+00:00,500,129,128,2,2996
2026-09-01T15:25:00+00:00,591,139,131,0,3057
2026-09-01T15:26:00+00:00,585,156,139,0,3092
2026-09-01T15:27:00+00:00,551,135,143,2,2991
2026-09-01T15:28:00+00:00,581,144,148,0,3044
2026-09-01T15:29:00+00:00,569,141,141,11,2991
2026-09-01T15:30:00+00:00,589,135,129,0,3032
2026-09-01T15:31:00+00:00,501,149,139,17,3052
2026-09-01T15:32:00+00:00,564,123,120,3,3088
2026-09-01T15:33:00+00:00,500,160,157,0,3099
2026-09-01T15:34:00+00:00,567,140,140,4,3083
2026-09-01T15:35:00+00:00,496,166,189,1,3069
2026-09-01T15:36:00+00:00,501,131,134,0,3026
2026-09-01T15:37:00+00:00,572,146,143,1,3031
2026-09-01T15:38:00+00:00,575,159,156,0,3063
2026-09-01T15:39:00+00:00,499,152,162,0,3051
2026-09-01T15:40:00+00:00,571,139,122,1,3040
2026-09-01T15:41:00+00:00,495,145,168,0,3064
2026-09-01T15:42:00+00:00,548,141,149,4,3060
2026-09-01T15:43:00+00:00,580,123,118,2,3066
2026-09-01T15:44:00+00:00,497,134,135,10,3056
2026-09-01T15:45:00+00:00,497,153,168,0,3056
2026-09-01T15:46:00+00:00,496,145,134,0,3047
2026-09-01T15:47:00+00:00,557,142,147,0,3105
2026-09-01T15:48:00+00:00,578,141,150,0,3019
2026-09-01T15:49:00+00:00,501,162,158,0,3019
2026-09-01T15:50:00+00:00,497,152,165,1,3069
2026-09-01T15:51:00+00:00,573,129,153,0,3016
2026-09-01T15:52:00+00:00,551,148,141,0,3092
2026-09-01T15:53:00+00:00,553,108,117,0,3072
2026-09-01T15:54:00+00:00,498,157,136,1,3064
2026-09-01T15:55:00+00:00,545,124,117,2,3047
2026-09-01T15:56:00+00:00,556,145,158,0,3052
2026-09-01T15:57:00+00:00,499,169,169,3,3022
2026-09-01T15:58:00+00:00,549,135,141,2,3039
2026-09-01T15:59:00+00:00,500,153,166,19,3070
2026-09-01T16:00:00+00:00,565,152,139,0,3054
2026-09-01T16:01:00+00:00,546,141,150,0,3056
2026-09-01T16:02:00+00:00,576,144,153,2,2970
2026-09-01T16:03:00+00:00,499,132,144,0,3065
2026-09-01T16:04:00+00:00,499,157,157,2,3014
2026-09-01T16:05:00+00:00,569,127,131,1,3069
2026-09-01T16:06:00+00:00,499,134,152,0,3089
2026-09-01T16:07:00+00:00,497,133,128,0,3013
2026-09-01T16:08:00+00:00,498,163,155,0,3021
2026-09-01T16:09:00+00:00,498,141,146,12,3100
2026-09-01T16:10:00+00:00,541,124,119,0,3092
2026-09-01T16:11:00+00:00,497,138,151,1,3053
2026-09-01T16:12:00+00:00,547,127,136,0,3063
2026-09-01T16:13:00+00:00,498,157,148,1,2997
2026-09-01T16:14:00+00:00,567,122,123,8,3056
2026-09-01T16:15:00+00:00,500,132,129,2,3081
2026-09-01T16:16:00+00:00,567,150,144,1,3079
2026-09-01T16:17:00+00:00,496,123,121,0,3036
2026-09-01T16:18:00+00:00,499,144,140,3,3086
2026-09-01T16:19:00+00:00,496,165,159,0,3087
2026-09-01T16:20:00+00:00,498,123,127,2,3065
2026-09-01T16:21:00+00:00,498,135,156,5,3087
2026-09-01T16:22:00+00:00,498,123,106,0,3051
2026-09-01T16:23:00+00:00,561,123,122,0,3053
2026-09-01T16:24:00+00:00,498,141,152,1,3038
2026-09-01T16:25:00+00:00,498,154,164,2,3085
2026-09-01T16:26:00+00:00,562,151,145,0,3117
2026-09-01T16:27:00+00:00,500,147,142,1,3102
2026-09-01T16:28:00+00:00,497,155,158,1,3116
2026-09-01T16:29:00+00:00,499,135,124,2,3045
2026-09-01T16:30:00+00:00,499,139,154,1,3047
2026-09-01T16:31:00+00:00,498,129,111,0,3108
2026-09-01T16:32:00+00:00,498,127,132,0,3059
2026-09-01T16:33:00+00:00,496,127,132,13,3113
2026-09-01T16:34:00+00:00,496,155,155,0,3092
2026-09-01T16:35:00+00:00,541,137,142,2,3076
2026-09-01T16:36:00+00:00,500,161,155,0,3069
2026-09-01T16:37:00+00:00,498,137,163,0,3128
2026-09-01T16:38:00+00:00,532,114,126,0,3017
2026-09-01T16:39:00+00:00,497,134,155,0,3068
2026-09-01T16:40:00+00:00,499,163,154,2,3048
2026-09-01T16:41:00+00:00,545,152,148,2,3079
2026-09-01T16:42:00+00:00,497,126,119,6,3092
2026-09-01T16:43:00+00:00,495,142,139,0,3071
2026-09-01T16:44:00+00:00,542,140,131,8,3047
2026-09-01T16:45:00+00:00,496,124,145,0,3057
2026-09-01T16:46:00+00:00,500,159,157,2,3039
2026-09-01T16:47:00+00:00,543,125,125,5,3079
2026-09-01T16:48:00+00:00,538,139,122,18,3145
2026-09-01T16:49:00+00:00,535,163,184,1,3078
2026-09-01T16:50:00+00:00,498,142,168,0,3070
2026-09-01T16:51:00+00:00,496,151,158,15,3128
2026-09-01T16:52:00+00:00,498,157,151,2,3066
2026-09-01T16:53:00+00:00,499,128,127,2,3015
2026-09-01T16:54:00+00:00,498,144,174,0,3062
2026-09-01T16:55:00+00:00,501,145,148,0,3041
2026-09-01T16:56:00+00:00,496,136,144,0,3045
2026-09-01T16:57:00+00:00,498,138,137,0,3095
2026-09-01T16:58:00+00:00,539,141,144,0,3074
2026-09-01T16:59:00+00:00,533,119,119,0,3097
2026-09-01T17:00:00+00:00,550,149,148,2,3067
2026-09-01T17:01:00+00:00,531,150,148,1,3060
2026-09-01T17:02:00+00:00,496,150,141,11,2989
2026-09-01T17:03:00+00:00,532,134,158,1,3104
2026-09-01T17:04:00+00:00,499,139,144,0,3091
2026-09-01T17:05:00+00:00,497,125,119,0,3103
2026-09-01T17:06:00+00:00,527,127,130,0,3084
2026-09-01T17:07:00+00:00,495,150,154,0,3093
2026-09-01T17:08:00+00:00,498,138,145,1,3115
2026-09-01T17:09:00+00:00,497,162,187,0,3152
2026-09-01T17:10:00+00:00,501,147,133,0,3078
2026-09-01T17:11:00+00:00,497,160,151,1,3149
2026-09-01T17:12:00+00:00,497,125,127,0,3198
2026-09-01T17:13:00+00:00,540,118,123,1,3096
2026-09-01T17:14:00+00:00,498,137,130,1,3100
2026-09-01T17:15:00+00:00,499,163,150,0,3122
2026-09-01T17:16:00+00:00,495,123,144,0,3115
2026-09-01T17:17:00+00:00,497,112,110,0,3124
2026-09-01T17:18:00+00:00,538,176,164,0,3081
2026-09-01T17:19:00+00:00,499,127,143,16,3126
2026-09-01T17:20:00+00:00,530,144,135,1,3160
2026-09-01T17:21:00+00:00,498,149,153,2,3083
2026-09-01T17:22:00+00:00,496,118,112,1,3117
2026-09-01T17:23:00+00:00,498,145,144,2,3119
2026-09-01T17:24:00+00:00,523,120,118,0,3078
2026-09-01T17:25:00+00:00,530,154,141,2,3077
2026-09-01T17:26:00+00:00,499,154,154,0,3114
2026-09-01T17:27:00+00:00,495,155,154,4,3133
2026-09-01T17:28:00+00:00,500,142,169,0,3043
2026-09-01T17:29:00+00:00,533,130,157,0,3113
2026-09-01T17:30:00+00:00,501,156,164,11,3119
2026-09-01T17:31:00+00:00,496,122,137,0,3061
2026-09-01T17:32:00+00:00,498,128,125,0,3117
2026-09-01T17:33:00+00:00,496,123,137,1,3160
2026-09-01T17:34:00+00:00,500,118,127,0,3069
2026-09-01T17:35:00+00:00,520,128,151,9,3099
2026-09-01T17:36:00+00:00,495,141,145,1,3113
2026-09-01T17:37:00+00:00,499,143,142,0,3129
2026-09-01T17:38:00+00:00,495,161,171,0,3101
2026-09-01T17:39:00+00:00,495,156,150,0,3118
2026-09-01T17:40:00+00:00,521,136,154,1,3119
2026-09-01T17:41:00+00:00,497,158,174,0,3077
2026-09-01T17:42:00+00:00,524,134,137,6,3100
2026-09-01T17:43:00+00:00,499,138,128,0,3126
2026-09-01T17:44:00+00:00,500,165,152,1,3078
2026-09-01T17:45:00+00:00,499,120,125,0,3096
2026-09-01T17:46:00+00:00,499,148,136,0,3078
2026-09-01T17:47:00+00:00,525,145,134,0,3112
2026-09-01T17:48:00+00:00,495,141,153,0,3106
2026-09-01T17:49:00+00:00,496,149,155,2,3180
2026-09-01T17:50:00+00:00,498,132,153,8,3064
2026-09-01T17:51:00+00:00,521,139,165,0,3123
2026-09-01T17:52:00+00:00,495,158,167,10,3138
2026-09-01T17:53:00+00:00,519,158,176,15,3150
2026-09-01T17:54:00+00:00,499,145,130,0,3150
2026-09-01T17:55:00+00:00,524,126,113,10,3121
2026-09-01T17:56:00+00:00,497,139,140,2,3096
2026-09-01T17:57:00+00:00,496,147,145,0,3095
2026-09-01T17:58:00+00:00,500,145,150,1,3118
2026-09-01T17:59:00+00:00,517,135,137,0,3171
2026-09-01T18:00:00+00:00,499,133,140,0,3087
2026-09-01T18:01:00+00:00,498,139,148,0,3158
2026-09-01T18:02:00+00:00,499,127,129,0,3158
2026-09-01T18:03:00+00:00,496,112,114,3,3130
2026-09-01T18:04:00+00:00,518,137,145,1,3177
2026-09-01T18:05:00+00:00,513,159,167,0,3168
2026-09-01T18:06:00+00:00,496,139,134,0,3186
2026-09-01T18:07:00+00:00,514,170,172,4,3110
2026-09-01T18:08:00+00:00,498,118,114,2,3111
2026-09-01T18:09:00+00:00,518,122,125,2,3125
2026-09-01T18:10:00+00:00,516,143,167,2,3120
2026-09-01T18:11:00+00:00,500,155,151,0,3073
2026-09-01T18:12:00+00:00,497,156,175,0,3116
2026-09-01T18:13:00+00:00,511,162,169,2,3141
2026-09-01T18:14:00+00:00,500,162,157,2,3112
2026-09-01T18:15:00+00:00,514,147,144,10,3139
2026-09-01T18:16:00+00:00,496,113,135,10,3155
2026-09-01T18:17:00+00:00,498,128,131,0,3162
2026-09-01T18:18:00+00:00,514,139,156,0,3150
2026-09-01T18:19:00+00:00,509,138,131,8,3181
2026-09-01T18:20:00+00:00,511,126,123,13,3107
2026-09-01T18:21:00+00:00,496,156,159,8,3179
2026-09-01T18:22:00+00:00,496,155,141,0,3063
2026-09-01T18:23:00+00:00,495,119,113,0,3115
2026-09-01T18:24:00+00:00,497,169,169,0,3160
2026-09-01T18:25:00+00:00,511,133,139,0,3154
2026-09-01T18:26:00+00:00,498,150,139,0,3159
2026-09-01T18:27:00+00:00,496,127,113,1,3194
2026-09-01T18:28:00+00:00,496,127,119,13,3110
2026-09-01T18:29:00+00:00,495,133,142,0,3124
2026-09-01T18:30:00+00:00,508,139,137,15,3161
2026-09-01T18:31:00+00:00,506,119,119,2,3143
2026-09-01T18:32:00+00:00,507,159,175,1,3165
2026-09-01T18:33:00+00:00,507,143,150,0,3117
2026-09-01T18:34:00+00:00,506,146,147,2,3190
2026-09-01T18:35:00+00:00,508,102,127,2,3159
2026-09-01T18:36:00+00:00,503,126,127,1,3161
2026-09-01T18:37:00+00:00,505,139,141,0,3144
2026-09-01T18:38:00+00:00,501,148,168,0,3175
2026-09-01T18:39:00+00:00,495,137,129,0,3143
2026-09-01T18:40:00+00:00,495,147,167,2,3151
2026-09-01T18:41:00+00:00,503,113,123,13,3192
2026-09-01T18:42:00+00:00,497,119,128,0,3169
2026-09-01T18:43:00+00:00,504,151,142,1,3140
2026-09-01T18:44:00+00:00,501,151,151,2,3149
2026-09-01T18:45:00+00:00,504,157,159,1,3174
2026-09-01T18:46:00+00:00,506,160,140,0,3181
2026-09-01T18:47:00+00:00,505,137,146,0,3159
2026-09-01T18:48:00+00:00,499,138,137,2,3089
2026-09-01T18:49:00+00:00,496,127,115,2,3123
2026-09-01T18:50:00+00:00,497,176,176,1,3174
2026-09-01T18:51:00+00:00,502,150,153,0,3164
2026-09-01T18:52:00+00:00,500,134,142,0,3192
2026-09-01T18:53:00+00:00,502,156,146,2,3155
2026-09-01T18:54:00+00:00,503,128,139,4,3181
2026-09-01T18:55:00+00:00,500,164,162,0,3162
2026-09-01T18:56:00+00:00,498,147,141,1,3158
2026-09-01T18:57:00+00:00,499,117,128,1,3169
2026-09-01T18:58:00+00:00,497,136,127,0,3162
2026-09-01T18:59:00+00:00,499,127,147,11,3172
2026-09-01T19:00:00+00:00,501,139,147,1,3196
2026-09-01T19:01:00+00:00,502,149,165,0,3201
2026-09-01T19:02:00+00:00,498,113,137,0,3159
2026-09-01T19:03:00+00:00,495,128,110,1,3179
2026-09-01T19:04:00+00:00,500,131,126,0,3133
2026-09-01T19:05:00+00:00,497,148,140,1,3165
2026-09-01T19:06:00+00:00,497,133,123,0,3187
2026-09-01T19:07:00+00:00,497,184,166,2,3158
2026-09-01T19:08:00+00:00,495,175,163,0,3172
2026-09-01T19:09:00+00:00,495,143,143,0,3174
2026-09-01T19:10:00+00:00,500,170,172,1,3157
2026-09-01T19:11:00+00:00,499,135,155,1,3133
2026-09-01T19:12:00+00:00,497,144,142,0,3173
2026-09-01T19:13:00+00:00,496,137,124,0,3150
2026-09-01T19:14:00+00:00,497,145,142,0,3173
2026-09-01T19:15:00+00:00,500,141,141,0,3180
2026-09-01T19:16:00+00:00,501,150,134,0,3181
2026-09-01T19:17:00+00:00,497,155,142,1,3169
2026-09-01T19:18:00+00:00,501,145,142,1,3186
2026-09-01T19:19:00+00:00,494,157,158,6,3153
2026-09-01T19:20:00+00:00,497,157,142,2,3160
2026-09-01T19:21:00+00:00,497,144,130,0,3148
2026-09-01T19:22:00+00:00,499,151,138,13,3177
2026-09-01T19:23:00+00:00,498,156,126,1,3223
2026-09-01T19:24:00+00:00,496,143,146,2,3146
2026-09-01T19:25:00+00:00,501,130,151,0,3178
2026-09-01T19:26:00+00:00,494,160,158,5,3102
2026-09-01T19:27:00+00:00,496,153,151,0,3138
2026-09-01T19:28:00+00:00,496,151,171,1,3160
2026-09-01T19:29:00+00:00,497,134,144,2,3171
2026-09-01T19:30:00+00:00,494,152,149,0,3210
2026-09-01T19:31:00+00:00,500,161,166,15,3197
2026-09-01T19:32:00+00:00,499,153,132,2,3118
2026-09-01T19:33:00+00:00,498,125,139,11,3199
2026-09-01T19:34:00+00:00,498,158,165,0,3167
2026-09-01T19:35:00+00:00,494,138,149,0,3195
2026-09-01T19:36:00+00:00,496,141,129,2,3205
2026-09-01T19:37:00+00:00,499,133,138,0,3205
2026-09-01T19:38:00+00:00,496,130,140,9,3120
2026-09-01T19:39:00+00:00,494,179,158,0,3221
2026-09-01T19:40:00+00:00,496,138,140,0,3208
2026-09-01T19:41:00+00:00,498,121,135,2,3206
2026-09-01T19:42:00+00:00,499,132,134,1,3109
2026-09-01T19:43:00+00:00,496,130,115,2,3191
2026-09-01T19:44:00+00:00,498,127,131,4,3184
2026-09-01T19:45:00+00:00,497,132,112,0,3188
2026-09-01T19:46:00+00:00,498,99,113,9,3232
2026-09-01T19:47:00+00:00,498,158,167,0,3185
2026-09-01T19:48:00+00:00,499,138,122,0,3193
2026-09-01T19:49:00+00:00,497,142,135,2,3184
2026-09-01T19:50:00+00:00,498,128,118,0,3192
2026-09-01T19:51:00+00:00,498,145,153,0,3184
2026-09-01T19:52:00+00:00,500,148,130,1,3184
2026-09-01T19:53:00+00:00,496,130,126,0,3247
2026-09-01T19:54:00+00:00,496,115,152,12,3120
2026-09-01T19:55:00+00:00,500,165,176,0,3176
2026-09-01T19:56:00+00:00,495,141,144,20,3183
2026-09-01T19:57:00+00:00,496,151,136,2,3111
2026-09-01T19:58:00+00:00,498,137,135,0,3172
2026-09-01T19:59:00+00:00,494,142,132,8,3188
2026-09-01T20:00:00+00:00,498,119,126,0,3170
2026-09-01T20:01:00+00:00,497,130,131,4,3150
2026-09-01T20:02:00+00:00,499,137,152,0,3108
2026-09-01T20:03:00+00:00,494,141,146,0,3172
2026-09-01T20:04:00+00:00,499,159,158,0,3175
2026-09-01T20:05:00+00:00,499,146,153,20,3178
2026-09-01T20:06:00+00:00,496,146,142,2,3190
2026-09-01T20:07:00+00:00,498,135,125,0,3183
2026-09-01T20:08:00+00:00,497,130,155,1,3156
2026-09-01T20:09:00+00:00,496,153,155,1,3109
2026-09-01T20:10:00+00:00,499,138,145,13,3179
2026-09-01T20:11:00+00:00,496,163,158,0,3242
2026-09-01T20:12:00+00:00,495,139,120,0,3206
2026-09-01T20:13:00+00:00,499,144,150,2,3154
2026-09-01T20:14:00+00:00,499,149,132,0,3141
2026-09-01T20:15:00+00:00,497,123,119,1,3172
2026-09-01T20:16:00+00:00,498,148,163,1,3223
2026-09-01T20:17:00+00:00,497,150,165,1,3158
2026-09-01T20:18:00+00:00,495,132,130,1,3193
2026-09-01T20:19:00+00:00,495,120,134,2,3143
2026-09-01T20:20:00+00:00,495,158,163,2,3192
2026-09-01T20:21:00+00:00,497,127,125,1,3162
2026-09-01T20:22:00+00:00,498,112,116,0,3146
2026-09-01T20:23:00+00:00,499,133,111,0,3207
2026-09-01T20:24:00+00:00,499,178,165,2,3143
2026-09-01T20:25:00+00:00,498,158,161,0,3158
2026-09-01T20:26:00+00:00,498,135,141,16,3176
2026-09-01T20:27:00+00:00,498,145,166,0,3195
2026-09-01T20:28:00+00:00,498,154,178,2,3208
2026-09-01T20:29:00+00:00,498,170,156,2,3156
2026-09-01T20:30:00+00:00,500,141,141,1,3193
2026-09-01T20:31:00+00:00,495,140,122,2,3200
2026-09-01T20:32:00+00:00,497,152,174,0,3137
2026-09-01T20:33:00+00:00,501,138,155,1,3168
2026-09-01T20:34:00+00:00,498,162,162,0,3149
2026-09-01T20:35:00+00:00,497,135,146,2,3149
2026-09-01T20:36:00+00:00,497,152,177,0,3148
2026-09-01T20:37:00+00:00,498,148,142,2,3174
2026-09-01T20:38:00+00:00,497,163,164,0,3206
2026-09-01T20:39:00+00:00,497,112,107,7,3150
2026-09-01T20:40:00+00:00,500,170,166,0,3200
2026-09-01T20:41:00+00:00,495,151,127,0,3148
2026-09-01T20:42:00+00:00,498,156,172,1,3186
2026-09-01T20:43:00+00:00,497,141,143,0,3127
2026-09-01T20:44:00+00:00,495,133,139,0,3140
2026-09-01T20:45:00+00:00,494,126,147,0,3117
2026-09-01T20:46:00+00:00,495,145,142,0,3164
2026-09-01T20:47:00+00:00,498,140,130,0,3181
2026-09-01T20:48:00+00:00,499,158,153,0,3143
2026-09-01T20:49:00+00:00,498,133,126,0,3149
2026-09-01T20:50:00+00:00,494,159,147,1,3192
2026-09-01T20:51:00+00:00,496,158,153,2,3154
2026-09-01T20:52:00+00:00,497,131,126,2,3179
2026-09-01T20:53:00+00:00,498,145,153,0,3130
2026-09-01T20:54:00+00:00,498,141,142,1,3117
2026-09-01T20:55:00+00:00,497,141,142,0,3145
2026-09-01T20:56:00+00:00,497,117,145,1,3201
2026-09-01T20:57:00+00:00,497,154,150,1,3104
2026-09-01T20:58:00+00:00,501,146,145,0,3125
2026-09-01T20:59:00+00:00,496,161,157,0,3154
2026-09-01T21:00:00+00:00,497,136,139,6,3146
2026-09-01T21:01:00+00:00,496,175,167,1,3210
2026-09-01T21:02:00+00:00,499,166,158,0,3208
2026-09-01T21:03:00+00:00,497,135,128,1,3120
2026-09-01T21:04:00+00:00,498,132,144,1,3153
2026-09-01T21:05:00+00:00,497,144,133,1,3189
2026-09-01T21:06:00+00:00,494,156,152,0,3108
2026-09-01T21:07:00+00:00,497,133,121,1,3171
2026-09-01T21:08:00+00:00,497,156,179,1,3153
2026-09-01T21:09:00+00:00,496,136,153,0,3170
2026-09-01T21:10:00+00:00,495,134,141,1,3205
2026-09-01T21:11:00+00:00,498,124,140,9,3189
2026-09-01T21:12:00+00:00,500,124,142,4,3166
2026-09-01T21:13:00+00:00,496,164,155,0,3179
2026-09-01T21:14:00+00:00,497,173,177,0,3132
2026-09-01T21:15:00+00:00,497,127,145,0,3126
2026-09-01T21:16:00+00:00,496,128,132,1,3145
2026-09-01T21:17:00+00:00,495,138,155,4,3169
2026-09-01T21:18:00+00:00,498,129,132,1,3156
2026-09-01T21:19:00+00:00,498,135,141,9,3157
2026-09-01T21:20:00+00:00,495,118,107,2,3142
2026-09-01T21:21:00+00:00,495,145,170,0,3124
2026-09-01T21:22:00+00:00,495,117,127,15,3120
2026-09-01T21:23:00+00:00,498,158,165,0,3184
2026-09-01T21:24:00+00:00,499,150,151,2,3194
2026-09-01T21:25:00+00:00,494,151,151,1,3095
2026-09-01T21:26:00+00:00,497,138,136,10,3136
2026-09-01T21:27:00+00:00,500,139,142,0,3148
2026-09-01T21:28:00+00:00,495,133,140,0,3098
2026-09-01T21:29:00+00:00,496,142,145,0,3133
2026-09-01T21:30:00+00:00,497,130,130,2,3116
2026-09-01T21:31:00+00:00,499,151,168,4,3141
2026-09-01T21:32:00+00:00,498,135,155,2,3158
2026-09-01T21:33:00+00:00,499,140,144,0,3158
2026-09-01T21:34:00+00:00,495,127,123,1,3142
2026-09-01T21:35:00+00:00,497,125,146,0,3200
2026-09-01T21:36:00+00:00,497,140,148,1,3132
2026-09-01T21:37:00+00:00,499,140,150,0,3169
2026-09-01T21:38:00+00:00,496,147,137,10,3107
2026-09-01T21:39:00+00:00,494,133,139,2,3147
2026-09-01T21:40:00+00:00,495,148,131,2,3173
2026-09-01T21:41:00+00:00,500,122,144,1,3123
2026-09-01T21:42:00+00:00,497,146,142,0,3126
2026-09-01T21:43:00+00:00,495,157,164,0,3136
2026-09-01T21:44:00+00:00,497,146,148,7,3111
2026-09-01T21:45:00+00:00,496,136,156,1,3122
2026-09-01T21:46:00+00:00,498,139,141,1,3185
2026-09-01T21:47:00+00:00,495,155,163,2,3174
2026-09-01T21:48:00+00:00,497,154,161,2,3145
2026-09-01T21:49:00+00:00,496,167,159,0,3118
2026-09-01T21:50:00+00:00,497,139,134,1,3133
2026-09-01T21:51:00+00:00,499,145,138,13,3159
2026-09-01T21:52:00+00:00,495,119,135,2,3138
2026-09-01T21:53:00+00:00,494,109,111,0,3087
2026-09-01T21:54:00+00:00,496,124,134,1,3125
2026-09-01T21:55:00+00:00,499,149,159,1,3148
2026-09-01T21:56:00+00:00,498,129,132,0,3109
2026-09-01T21:57:00+00:00,495,126,131,0,3121
2026-09-01T21:58:00+00:00,499,141,162,1,3162
2026-09-01T21:59:00+00:00,497,143,130,2,3177
2026-09-01T22:00:00+00:00,500,130,132,2,3102
2026-09-01T22:01:00+00:00,496,133,132,0,3126
2026-09-01T22:02:00+00:00,495,126,126,0,3129
2026-09-01T22:03:00+00:00,494,115,129,1,3174
2026-09-01T22:04:00+00:00,494,160,162,3,3099
2026-09-01T22:05:00+00:00,494,116,124,0,3108
2026-09-01T22:06:00+00:00,496,150,175,0,3139
2026-09-01T22:07:00+00:00,497,152,146,1,3179
2026-09-01T22:08:00+00:00,499,140,125,0,3125
2026-09-01T22:09:00+00:00,499,144,142,4,3097
2026-09-01T22:10:00+00:00,495,155,168,1,3134
2026-09-01T22:11:00+00:00,500,135,155,2,3172
2026-09-01T22:12:00+00:00,496,136,129,2,3119
2026-09-01T22:13:00+00:00,497,127,140,0,3095
2026-09-01T22:14:00+00:00,500,157,177,2,3087
2026-09-01T22:15:00+00:00,497,117,137,0,3134
2026-09-01T22:16:00+00:00,495,121,144,0,3121
2026-09-01T22:17:00+00:00,494,139,144,0,3141
2026-09-01T22:18:00+00:00,499,157,163,2,3101
2026-09-01T22:19:00+00:00,495,152,170,0,3124
2026-09-01T22:20:00+00:00,500,153,160,7,3132
2026-09-01T22:21:00+00:00,496,165,141,0,3103
2026-09-01T22:22:00+00:00,496,153,145,2,3139
2026-09-01T22:23:00+00:00,495,154,156,0,3093
2026-09-01T22:24:00+00:00,498,156,157,3,3031
2026-09-01T22:25:00+00:00,495,156,148,2,3130
2026-09-01T22:26:00+00:00,494,119,116,2,3136
2026-09-01T22:27:00+00:00,496,164,180,0,3037
2026-09-01T22:28:00+00:00,495,149,140,10,3108
2026-09-01T22:29:00+00:00,498,173,166,0,3133
2026-09-01T22:30:00+00:00,500,147,124,0,3113
2026-09-01T22:31:00+00:00,497,132,136,0,3056
2026-09-01T22:32:00+00:00,500,124,123,14,3147
2026-09-01T22:33:00+00:00,494,180,190,2,3092
2026-09-01T22:34:00+00:00,497,144,146,0,3103
2026-09-01T22:35:00+00:00,498,133,134,0,3054
2026-09-01T22:36:00+00:00,498,151,171,1,3093
2026-09-01T22:37:00+00:00,499,147,119,1,3152
2026-09-01T22:38:00+00:00,498,144,154,1,3080
2026-09-01T22:39:00+00:00,496,125,118,2,3131
2026-09-01T22:40:00+00:00,498,138,134,2,3068
2026-09-01T22:41:00+00:00,497,124,137,2,3088
2026-09-01T22:42:00+00:00,498,114,128,2,3129
2026-09-01T22:43:00+00:00,498,127,131,0,3072
2026-09-01T22:44:00+00:00,497,136,160,0,3039
2026-09-01T22:45:00+00:00,496,128,130,0,3096
2026-09-01T22:46:00+00:00,498,143,133,0,3146
2026-09-01T22:47:00+00:00,495,170,178,7,3061
2026-09-01T22:48:00+00:00,498,141,151,5,3139
2026-09-01T22:49:00+00:00,497,131,121,0,3047
2026-09-01T22:50:00+00:00,501,159,166,0,3084
2026-09-01T22:51:00+00:00,494,147,155,0,3052
2026-09-01T22:52:00+00:00,495,156,162,0,3092
2026-09-01T22:53:00+00:00,497,156,161,0,3093
2026-09-01T22:54:00+00:00,500,144,151,0,3092
2026-09-01T22:55:00+00:00,501,134,115,2,3025
2026-09-01T22:56:00+00:00,495,155,137,0,3091
2026-09-01T22:57:00+00:00,495,148,187,1,3115
2026-09-01T22:58:00+00:00,496,134,160,2,3093
2026-09-01T22:59:00+00:00,495,143,139,1,3080
2026-09-01T23:00:00+00:00,498,142,134,2,3061
2026-09-01T23:01:00+00:00,494,137,135,6,3068
2026-09-01T23:02:00+00:00,499,161,130,14,3087
2026-09-01T23:03:00+00:00,495,152,121,0,3056
2026-09-01T23:04:00+00:00,499,143,151,0,3060
2026-09-01T23:05:00+00:00,494,143,151,1,3042
2026-09-01T23:06:00+00:00,500,146,150,0,3059
2026-09-01T23:07:00+00:00,496,120,129,13,3065
2026-09-01T23:08:00+00:00,497,127,137,16,3085
2026-09-01T23:09:00+00:00,495,147,147,3,3118
2026-09-01T23:10:00+00:00,495,142,132,0,3134
2026-09-01T23:11:00+00:00,498,132,124,0,3125
2026-09-01T23:12:00+00:00,501,118,123,2,3101
2026-09-01T23:13:00+00:00,495,138,139,5,3048
2026-09-01T23:14:00+00:00,498,148,162,2,3052
2026-09-01T23:15:00+00:00,498,133,135,2,3010
2026-09-01T23:16:00+00:00,497,176,165,5,3093
2026-09-01T23:17:00+00:00,498,161,134,0,3126
2026-09-01T23:18:00+00:00,499,139,141,0,3012
2026-09-01T23:19:00+00:00,497,150,139,0,3033
2026-09-01T23:20:00+00:00,496,124,148,0,3028
2026-09-01T23:21:00+00:00,497,158,142,0,3122
2026-09-01T23:22:00+00:00,500,128,129,9,3045
2026-09-01T23:23:00+00:00,498,137,122,0,3088
2026-09-01T23:24:00+00:00,496,159,163,2,3103
2026-09-01T23:25:00+00:00,496,148,142,8,3020
2026-09-01T23:26:00+00:00,495,142,119,8,3098
2026-09-01T23:27:00+00:00,495,141,133,9,3037
2026-09-01T23:28:00+00:00,499,150,143,0,3031
2026-09-01T23:29:00+00:00,497,134,133,0,3045
2026-09-01T23:30:00+00:00,497,164,153,1,3076
2026-09-01T23:31:00+00:00,494,138,148,2,3066
2026-09-01T23:32:00+00:00,500,133,140,2,3101
2026-09-01T23:33:00+00:00,494,145,142,1,3085
2026-09-01T23:34:00+00:00,499,132,141,0,3085
2026-09-01T23:35:00+00:00,497,175,172,5,3068
2026-09-01T23:36:00+00:00,497,140,148,1,3076
2026-09-01T23:37:00+00:00,495,157,157,10,3023
2026-09-01T23:38:00+00:00,501,152,162,0,3048
2026-09-01T23:39:00+00:00,495,149,161,9,3055
2026-09-01T23:40:00+00:00,496,166,170,1,3075
2026-09-01T23:41:00+00:00,497,139,119,1,3051
2026-09-01T23:42:00+00:00,495,142,130,0,3018
2026-09-01T23:43:00+00:00,496,130,137,2,3094
2026-09-01T23:44:00+00:00,499,167,164,0,3010
2026-09-01T23:45:00+00:00,496,164,156,2,3044
2026-09-01T23:46:00+00:00,495,164,150,0,3031
2026-09-01T23:47:00+00:00,498,159,160,1,3080
2026-09-01T23:48:00+00:00,498,140,172,18,3112
2026-09-01T23:49:00+00:00,495,136,152,1,3044
2026-09-01T23:50:00+00:00,498,135,108,7,2999
2026-09-01T23:51:00+00:00,495,128,144,1,3122
2026-09-01T23:52:00+00:00,499,134,151,0,3061
2026-09-01T23:53:00+00:00,497,147,148,0,3132
2026-09-01T23:54:00+00:00,498,120,151,15,3077
2026-09-01T23:55:00+00:00,501,136,129,0,3022
2026-09-01T23:56:00+00:00,494,144,125,13,3098
2026-09-01T23:57:00+00:00,500,133,150,2,3066
2026-09-01T23:58:00+00:00,496,118,109,2,3061
2026-09-01T23:59:00+00:00,498,133,128,1,3107
2026-09-02T00:00:00+00:00,494,103,109,2,3032
2026-09-02T00:01:00+00:00,498,155,151,0,3068
2026-09-02T00:02:00+00:00,498,180,182,16,3031
2026-09-02T00:03:00+00:00,498,102,114,0,3035
2026-09-02T00:04:00+00:00,498,169,161,0,3071
2026-09-02T00:05:00+00:00,496,102,104,0,3014
2026-09-02T00:06:00+00:00,496,109,118,0,3001
2026-09-02T00:07:00+00:00,498,99,124,0,3047
2026-09-02T00:08:00+00:00,500,124,124,0,3016
2026-09-02T00:09:00+00:00,497,155,149,0,3017
2026-09-02T00:10:00+00:00,497,147,155,11,3039
2026-09-02T00:11:00+00:00,497,133,123,2,3025
2026-09-02T00:12:00+00:00,497,155,139,0,2977
2026-09-02T00:13:00+00:00,497,99,116,2,3043
2026-09-02T00:14:00+00:00,495,99,136,0,3050
2026-09-02T00:15:00+00:00,495,125,124,1,3089
2026-09-02T00:16:00+00:00,496,157,155,0,3090
2026-09-02T00:17:00+00:00,498,219,193,5,2950
2026-09-02T00:18:00+00:00,496,156,138,1,3024
2026-09-02T00:19:00+00:00,500,184,169,0,3010
2026-09-02T00:20:00+00:00,497,105,125,0,3013
2026-09-02T00:21:00+00:00,494,102,114,2,3021
2026-09-02T00:22:00+00:00,496,151,146,0,3074
2026-09-02T00:23:00+00:00,498,124,112,0,3070
2026-09-02T00:24:00+00:00,496,130,137,0,3108
2026-09-02T00:25:00+00:00,495,214,208,7,3014
2026-09-02T00:26:00+00:00,497,115,124,17,3051
2026-09-02T00:27:00+00:00,499,101,99,11,3034
2026-09-02T00:28:00+00:00,501,115,105,0,3044
2026-09-02T00:29:00+00:00,498,176,173,2,3047
2026-09-02T00:30:00+00:00,496,112,101,1,3014
2026-09-02T00:31:00+00:00,496,107,126,1,3055
2026-09-02T00:32:00+00:00,494,160,157,5,3054
2026-09-02T00:33:00+00:00,498,102,110,0,3036
2026-09-02T00:34:00+00:00,498,102,134,0,3041
2026-09-02T00:35:00+00:00,498,101,101,0,3061
2026-09-02T00:36:00+00:00,495,142,129,2,3066
2026-09-02T00:37:00+00:00,495,223,222,0,3039
2026-09-02T00:38:00+00:00,494,149,154,0,3010
2026-09-02T00:39:00+00:00,498,147,152,2,3016
2026-09-02T00:40:00+00:00,497,116,114,17,3044
2026-09-02T00:41:00+00:00,500,99,111,10,3005
2026-09-02T00:42:00+00:00,497,139,123,0,3028
2026-09-02T00:43:00+00:00,500,132,144,1,3000
2026-09-02T00:44:00+00:00,497,170,170,1,3038
2026-09-02T00:45:00+00:00,499,121,115,0,2995
2026-09-02T00:46:00+00:00,498,155,138,8,3022
2026-09-02T00:47:00+00:00,497,115,116,0,3019
2026-09-02T00:48:00+00:00,498,158,168,0,3064
2026-09-02T00:49:00+00:00,497,117,127,5,2966
2026-09-02T00:50:00+00:00,498,162,155,1,3033
2026-09-02T00:51:00+00:00,497,124,115,7,3069
2026-09-02T00:52:00+00:00,496,203,226,0,3085
2026-09-02T00:53:00+00:00,497,103,119,6,2989
2026-09-02T00:54:00+00:00,501,100,106,0,3019
2026-09-02T00:55:00+00:00,496,101,105,2,3026
2026-09-02T00:56:00+00:00,498,102,112,0,3028
2026-09-02T00:57:00+00:00,500,190,190,11,2994
2026-09-02T00:58:00+00:00,497,161,151,1,2973
2026-09-02T00:59:00+00:00,501,100,122,1,3083
2026-09-02T01:00:00+00:00,499,133,156,11,3053
2026-09-02T01:01:00+00:00,497,132,137,6,3078
2026-09-02T01:02:00+00:00,495,113,129,0,3041
2026-09-02T01:03:00+00:00,497,120,147,0,3012
2026-09-02T01:04:00+00:00,498,141,139,0,3069
2026-09-02T01:05:00+00:00,494,209,208,2,3023
2026-09-02T01:06:00+00:00,494,136,123,1,3095
2026-09-02T01:07:00+00:00,500,203,186,1,2995
2026-09-02T01:08:00+00:00,498,199,166,1,3105
2026-09-02T01:09:00+00:00,495,138,148,0,3042
2026-09-02T01:10:00+00:00,497,144,123,4,3025
2026-09-02T01:11:00+00:00,496,255,249,0,3052
2026-09-02T01:12:00+00:00,498,133,127,0,3094
2026-09-02T01:13:00+00:00,496,122,154,1,3045
2026-09-02T01:14:00+00:00,495,128,148,1,3001
2026-09-02T01:15:00+00:00,497,117,142,0,3067
2026-09-02T01:16:00+00:00,498,206,199,1,3068
2026-09-02T01:17:00+00:00,496,140,147,17,3054
2026-09-02T01:18:00+00:00,494,167,171,2,3011
2026-09-02T01:19:00+00:00,496,172,178,1,3038
2026-09-02T01:20:00+00:00,501,107,112,2,2971
2026-09-02T01:21:00+00:00,500,160,159,0,3060
2026-09-02T01:22:00+00:00,497,176,162,0,3044
2026-09-02T01:23:00+00:00,498,104,108,14,3029
2026-09-02T01:24:00+00:00,495,111,108,2,3061
2026-09-02T01:25:00+00:00,498,168,176,9,2995
2026-09-02T01:26:00+00:00,496,181,180,0,2981
2026-09-02T01:27:00+00:00,500,116,131,2,2947
2026-09-02T01:28:00+00:00,500,108,100,0,3105
2026-09-02T01:29:00+00:00,496,137,152,2,2952
2026-09-02T01:30:00+00:00,495,158,158,0,3079
2026-09-02T01:31:00+00:00,497,143,163,0,3085
2026-09-02T01:32:00+00:00,499,133,122,2,2997
2026-09-02T01:33:00+00:00,499,182,177,1,3033
2026-09-02T01:34:00+00:00,496,117,106,2,2974
2026-09-02T01:35:00+00:00,494,101,99,14,3087
2026-09-02T01:36:00+00:00,500,193,187,0,3001
2026-09-02T01:37:00+00:00,496,112,131,1,2979
2026-09-02T01:38:00+00:00,498,113,106,1,3058
2026-09-02T01:39:00+00:00,496,127,124,2,3030
2026-09-02T01:40:00+00:00,498,123,113,0,3044
2026-09-02T01:41:00+00:00,498,104,122,0,3037
2026-09-02T01:42:00+00:00,499,160,144,0,3032
2026-09-02T01:43:00+00:00,498,192,210,8,3018
2026-09-02T01:44:00+00:00,498,202,187,2,3050
2026-09-02T01:45:00+00:00,499,104,112,8,3065
2026-09-02T01:46:00+00:00,499,145,129,0,3039
2026-09-02T01:47:00+00:00,494,145,134,4,3058
2026-09-02T01:48:00+00:00,494,117,116,0,3059
2026-09-02T01:49:00+00:00,495,120,154,1,2966
2026-09-02T01:50:00+00:00,497,153,165,0,3018
2026-09-02T01:51:00+00:00,497,177,173,1,3071
2026-09-02T01:52:00+00:00,498,145,127,10,3086
2026-09-02T01:53:00+00:00,496,99,100,0,3037
2026-09-02T01:54:00+00:00,498,145,142,0,3025
2026-09-02T01:55:00+00:00,498,121,118,1,3019
2026-09-02T01:56:00+00:00,498,179,174,0,3062
2026-09-02T01:57:00+00:00,495,102,118,9,3056
2026-09-02T01:58:00+00:00,498,145,133,0,3033
2026-09-02T01:59:00+00:00,498,162,170,0,3037
2026-09-02T02:00:00+00:00,497,100,130,6,3050
2026-09-02T02:01:00+00:00,497,126,136,1,3091
2026-09-02T02:02:00+00:00,495,139,137,0,2969
2026-09-02T02:03:00+00:00,495,106,101,0,3073
2026-09-02T02:04:00+00:00,494,173,174,1,3024
2026-09-02T02:05:00+00:00,495,146,157,0,3027
2026-09-02T02:06:00+00:00,495,194,199,2,3068
2026-09-02T02:07:00+00:00,496,154,144,3,2983
2026-09-02T02:08:00+00:00,499,137,128,1,3046
2026-09-02T02:09:00+00:00,497,190,174,1,2991
2026-09-02T02:10:00+00:00,496,115,114,1,3036
2026-09-02T02:11:00+00:00,496,173,177,0,3036
2026-09-02T02:12:00+00:00,496,197,203,0,3024
2026-09-02T02:13:00+00:00,499,107,111,4,3060
2026-09-02T02:14:00+00:00,495,116,117,2,3022
2026-09-02T02:15:00+00:00,498,150,169,10,3021
2026-09-02T02:16:00+00:00,495,124,143,0,3062
2026-09-02T02:17:00+00:00,497,143,139,2,3068
2026-09-02T02:18:00+00:00,499,150,143,1,3052
2026-09-02T02:19:00+00:00,495,190,195,2,3050
2026-09-02T02:20:00+00:00,496,128,118,2,3036
2026-09-02T02:21:00+00:00,498,156,172,1,3055
2026-09-02T02:22:00+00:00,497,149,152,0,2929
2026-09-02T02:23:00+00:00,498,120,120,0,3035
2026-09-02T02:24:00+00:00,500,130,152,1,3057
2026-09-02T02:25:00+00:00,499,133,143,2,2938
2026-09-02T02:26:00+00:00,497,100,134,18,3065
2026-09-02T02:27:00+00:00,496,169,143,0,3022
2026-09-02T02:28:00+00:00,499,192,171,1,3006
2026-09-02T02:29:00+00:00,497,131,140,2,3020
2026-09-02T02:30:00+00:00,496,127,127,1,2961
2026-09-02T02:31:00+00:00,494,179,168,0,3078
2026-09-02T02:32:00+00:00,497,119,135,2,3025
2026-09-02T02:33:00+00:00,496,144,140,7,3060
2026-09-02T02:34:00+00:00,495,138,143,0,3005
2026-09-02T02:35:00+00:00,497,130,134,2,3046
2026-09-02T02:36:00+00:00,498,127,115,6,3031
2026-09-02T02:37:00+00:00,497,175,172,0,2950
2026-09-02T02:38:00+00:00,494,155,160,1,3136
2026-09-02T02:39:00+00:00,496,119,129,11,3029
2026-09-02T02:40:00+00:00,497,137,151,0,3050
2026-09-02T02:41:00+00:00,497,148,149,0,3049
2026-09-02T02:42:00+00:00,494,146,161,2,3012
2026-09-02T02:43:00+00:00,495,169,153,0,3021
2026-09-02T02:44:00+00:00,499,155,185,0,3035
2026-09-02T02:45:00+00:00,499,100,121,3,3005
2026-09-02T02:46:00+00:00,497,135,135,0,3080
2026-09-02T02:47:00+00:00,495,100,134,13,2977
2026-09-02T02:48:00+00:00,495,110,110,0,3073
2026-09-02T02:49:00+00:00,498,102,102,4,3058
2026-09-02T02:50:00+00:00,497,126,134,0,3004
2026-09-02T02:51:00+00:00,497,147,165,0,3007
2026-09-02T02:52:00+00:00,497,149,152,2,3027
2026-09-02T02:53:00+00:00,495,166,162,0,3043
2026-09-02T02:54:00+00:00,496,181,165,0,3045
2026-09-02T02:55:00+00:00,500,135,129,9,2999
2026-09-02T02:56:00+00:00,497,142,135,1,3079
2026-09-02T02:57:00+00:00,494,163,163,0,3058
2026-09-02T02:58:00+00:00,495,135,130,0,3005
2026-09-02T02:59:00+00:00,496,123,135,14,2999
2026-09-02T03:00:00+00:00,498,110,109,0,2952
2026-09-02T03:01:00+00:00,500,123,142,10,3033
2026-09-02T03:02:00+00:00,498,133,135,1,3009
2026-09-02T03:03:00+00:00,498,172,164,14,2988
2026-09-02T03:04:00+00:00,497,206,190,0,3009
2026-09-02T03:05:00+00:00,498,178,167,6,3073
2026-09-02T03:06:00+00:00,498,143,133,0,3054
2026-09-02T03:07:00+00:00,495,133,131,0,3033
2026-09-02T03:08:00+00:00,495,183,187,11,3030
2026-09-02T03:09:00+00:00,497,180,200,0,3054
2026-09-02T03:10:00+00:00,494,99,101,0,3111
2026-09-02T03:11:00+00:00,497,126,129,0,3111
2026-09-02T03:12:00+00:00,494,166,169,0,3076
2026-09-02T03:13:00+00:00,496,168,150,0,3026
2026-09-02T03:14:00+00:00,501,159,147,22,3014
2026-09-02T03:15:00+00:00,494,159,144,8,3011
2026-09-02T03:16:00+00:00,500,133,127,2,3019
2026-09-02T03:17:00+00:00,495,100,117,0,3068
2026-09-02T03:18:00+00:00,498,139,141,9,3084
2026-09-02T03:19:00+00:00,494,182,178,0,3117
2026-09-02T03:20:00+00:00,497,129,114,9,2966
2026-09-02T03:21:00+00:00,494,193,181,6,3074
2026-09-02T03:22:00+00:00,497,148,148,2,2981
2026-09-02T03:23:00+00:00,495,155,136,4,3077
2026-09-02T03:24:00+00:00,495,101,115,7,2992
2026-09-02T03:25:00+00:00,495,115,128,2,3017
2026-09-02T03:26:00+00:00,500,102,107,2,3049
2026-09-02T03:27:00+00:00,495,162,178,0,2976
2026-09-02T03:28:00+00:00,499,105,109,0,3062
2026-09-02T03:29:00+00:00,500,125,125,2,3073
2026-09-02T03:30:00+00:00,500,108,127,0,3049
2026-09-02T03:31:00+00:00,498,148,145,1,3079
2026-09-02T03:32:00+00:00,495,118,123,17,3110
2026-09-02T03:33:00+00:00,497,145,130,0,3055
2026-09-02T03:34:00+00:00,497,132,141,1,3049
2026-09-02T03:35:00+00:00,494,147,135,0,3018
2026-09-02T03:36:00+00:00,499,128,139,4,3071
2026-09-02T03:37:00+00:00,495,139,131,10,3026
2026-09-02T03:38:00+00:00,497,160,179,0,3060
2026-09-02T03:39:00+00:00,498,151,145,9,3046
2026-09-02T03:40:00+00:00,497,120,128,0,3089
2026-09-02T03:41:00+00:00,500,136,141,3,3034
2026-09-02T03:42:00+00:00,495,159,164,0,3123
2026-09-02T03:43:00+00:00,500,170,157,2,3044
2026-09-02T03:44:00+00:00,500,119,119,0,3024
2026-09-02T03:45:00+00:00,495,140,144,0,3034
2026-09-02T03:46:00+00:00,496,127,130,3,3014
2026-09-02T03:47:00+00:00,495,102,99,0,2997
2026-09-02T03:48:00+00:00,495,144,170,0,2986
2026-09-02T03:49:00+00:00,498,127,124,0,3058
2026-09-02T03:50:00+00:00,494,147,146,18,3019
2026-09-02T03:51:00+00:00,497,127,126,1,3091
2026-09-02T03:52:00+00:00,497,111,100,1,2989
2026-09-02T03:53:00+00:00,497,129,142,9,3053
2026-09-02T03:54:00+00:00,498,459,390,0,3022
2026-09-02T03:55:00+00:00,500,403,346,0,2989
2026-09-02T03:56:00+00:00,499,418,378,0,3069
2026-09-02T03:57:00+00:00,497,438,376,0,3091
2026-09-02T03:58:00+00:00,498,415,365,19,3024
2026-09-02T03:59:00+00:00,498,407,359,0,3055
2026-09-02T04:00:00+00:00,494,464,406,0,3012
2026-09-02T04:01:00+00:00,497,412,365,0,3019
2026-09-02T04:02:00+00:00,499,436,410,1,2976
2026-09-02T04:03:00+00:00,495,434,379,2,3028
2026-09-02T04:04:00+00:00,497,412,350,14,2933
2026-09-02T04:05:00+00:00,497,453,416,6,3063
2026-09-02T04:06:00+00:00,497,398,356,0,3040
2026-09-02T04:07:00+00:00,499,472,400,1,3047
2026-09-02T04:08:00+00:00,497,436,372,0,3060
2026-09-02T04:09:00+00:00,497,456,401,0,3070
2026-09-02T04:10:00+00:00,496,473,399,8,3061
2026-09-02T04:11:00+00:00,494,465,432,1,3070
2026-09-02T04:12:00+00:00,498,434,388,0,3150
2026-09-02T04:13:00+00:00,494,429,377,1,3066
2026-09-02T04:14:00+00:00,497,412,346,1,3036
2026-09-02T04:15:00+00:00,499,415,372,2,3035
2026-09-02T04:16:00+00:00,497,418,356,0,3030
2026-09-02T04:17:00+00:00,494,480,453,2,3004
2026-09-02T04:18:00+00:00,500,455,412,0,3072
2026-09-02T04:19:00+00:00,496,474,440,1,3041
2026-09-02T04:20:00+00:00,498,460,403,8,3036
2026-09-02T04:21:00+00:00,496,477,426,9,3033
2026-09-02T04:22:00+00:00,496,503,454,0,3073
2026-09-02T04:23:00+00:00,499,459,390,0,3038
2026-09-02T04:24:00+00:00,494,439,385,0,3068
2026-09-02T04:25:00+00:00,499,169,154,7,3057
2026-09-02T04:26:00+00:00,495,135,133,9,3067
2026-09-02T04:27:00+00:00,495,104,119,0,3015
2026-09-02T04:28:00+00:00,497,139,123,0,3009
2026-09-02T04:29:00+00:00,496,157,164,3,3013
2026-09-02T04:30:00+00:00,496,123,122,0,3010
2026-09-02T04:31:00+00:00,497,186,193,0,3052
2026-09-02T04:32:00+00:00,499,130,156,0,3072
2026-09-02T04:33:00+00:00,499,164,159,1,3019
2026-09-02T04:34:00+00:00,494,153,170,0,3055
2026-09-02T04:35:00+00:00,500,107,100,2,3058
2026-09-02T04:36:00+00:00,498,117,128,1,3033
2026-09-02T04:37:00+00:00,498,153,152,0,3014
2026-09-02T04:38:00+00:00,498,109,120,8,3105
2026-09-02T04:39:00+00:00,494,168,158,0,3029
2026-09-02T04:40:00+00:00,494,132,116,0,3004
2026-09-02T04:41:00+00:00,495,125,139,2,2997
2026-09-02T04:42:00+00:00,499,118,122,2,3011
2026-09-02T04:43:00+00:00,496,128,135,0,3064
2026-09-02T04:44:00+00:00,497,128,147,1,2995
2026-09-02T04:45:00+00:00,499,141,149,0,3069
2026-09-02T04:46:00+00:00,497,151,160,1,3039
2026-09-02T04:47:00+00:00,496,140,130,3,3000
2026-09-02T04:48:00+00:00,496,120,112,9,3082
2026-09-02T04:49:00+00:00,497,144,136,12,3058
2026-09-02T04:50:00+00:00,496,130,147,0,3056
2026-09-02T04:51:00+00:00,497,141,128,1,3067
2026-09-02T04:52:00+00:00,495,137,136,2,3062
2026-09-02T04:53:00+00:00,498,176,173,0,3045
2026-09-02T04:54:00+00:00,496,148,154,0,2993
2026-09-02T04:55:00+00:00,495,151,155,1,3045
2026-09-02T04:56:00+00:00,500,166,162,0,3044
2026-09-02T04:57:00+00:00,500,156,131,3,3018
2026-09-02T04:58:00+00:00,498,124,114,2,3035
2026-09-02T04:59:00+00:00,500,147,145,0,3027
2026-09-02T05:00:00+00:00,495,148,150,2,3079
2026-09-02T05:01:00+00:00,499,170,144,0,3040
2026-09-02T05:02:00+00:00,496,161,161,0,3065
2026-09-02T05:03:00+00:00,496,157,139,1,3070
2026-09-02T05:04:00+00:00,497,147,157,17,3041
2026-09-02T05:05:00+00:00,496,158,155,6,3073
2026-09-02T05:06:00+00:00,496,110,121,0,2989
2026-09-02T05:07:00+00:00,497,127,141,0,3057
2026-09-02T05:08:00+00:00,495,139,130,0,3039
2026-09-02T05:09:00+00:00,496,123,138,0,2992
2026-09-02T05:10:00+00:00,496,164,140,1,3075
2026-09-02T05:11:00+00:00,497,150,151,1,3035
2026-09-02T05:12:00+00:00,500,136,140,1,3098
2026-09-02T05:13:00+00:00,498,105,111,0,3067
2026-09-02T05:14:00+00:00,500,141,135,1,3096
2026-09-02T05:15:00+00:00,496,170,170,0,3046
2026-09-02T05:16:00+00:00,494,125,125,0,3060
2026-09-02T05:17:00+00:00,500,159,147,16,3087
2026-09-02T05:18:00+00:00,496,177,173,1,3004
2026-09-02T05:19:00+00:00,498,160,136,13,2970
2026-09-02T05:20:00+00:00,496,114,125,1,3013
2026-09-02T05:21:00+00:00,499,138,149,1,3036
2026-09-02T05:22:00+00:00,497,131,129,1,3054
2026-09-02T05:23:00+00:00,496,138,123,0,3057
2026-09-02T05:24:00+00:00,497,153,162,0,3046
2026-09-02T05:25:00+00:00,496,131,126,2,2979
2026-09-02T05:26:00+00:00,501,158,152,0,3053
2026-09-02T05:27:00+00:00,499,154,139,0,3034
2026-09-02T05:28:00+00:00,498,147,136,0,2985
2026-09-02T05:29:00+00:00,499,153,144,0,3056
2026-09-02T05:30:00+00:00,494,149,151,0,3020
2026-09-02T05:31:00+00:00,501,132,112,0,3046
2026-09-02T05:32:00+00:00,499,133,135,2,3029
2026-09-02T05:33:00+00:00,495,170,174,5,2965
2026-09-02T05:34:00+00:00,498,137,153,0,3049
2026-09-02T05:35:00+00:00,500,114,107,0,3014
2026-09-02T05:36:00+00:00,496,122,118,9,3057
2026-09-02T05:37:00+00:00,499,162,177,0,2997
2026-09-02T05:38:00+00:00,494,149,145,1,3085
2026-09-02T05:39:00+00:00,497,166,151,0,3054
2026-09-02T05:40:00+00:00,500,158,157,2,3088
2026-09-02T05:41:00+00:00,497,114,139,0,2990
2026-09-02T05:42:00+00:00,497,152,151,2,3044
2026-09-02T05:43:00+00:00,498,133,143,0,2975
2026-09-02T05:44:00+00:00,499,113,108,1,3001
2026-09-02T05:45:00+00:00,497,132,132,16,3085
2026-09-02T05:46:00+00:00,498,168,163,1,2946
2026-09-02T05:47:00+00:00,495,160,164,0,3060
2026-09-02T05:48:00+00:00,496,152,154,0,3036
2026-09-02T05:49:00+00:00,496,138,133,2,3078
2026-09-02T05:50:00+00:00,498,110,123,0,3040
2026-09-02T05:51:00+00:00,498,114,127,0,3027
2026-09-02T05:52:00+00:00,495,137,162,0,3090
2026-09-02T05:53:00+00:00,496,148,157,0,3045
2026-09-02T05:54:00+00:00,494,136,130,2,3039
2026-09-02T05:55:00+00:00,497,166,152,0,3012
2026-09-02T05:56:00+00:00,494,150,160,3,3024
2026-09-02T05:57:00+00:00,494,110,104,1,3078
2026-09-02T05:58:00+00:00,497,112,119,0,3072
2026-09-02T05:59:00+00:00,500,153,154,0,3044
2026-09-02T06:00:00+00:00,495,147,133,1,3086
2026-09-02T06:01:00+00:00,497,132,129,0,3027
2026-09-02T06:02:00+00:00,500,134,156,8,2979
2026-09-02T06:03:00+00:00,498,156,154,1,3067
2026-09-02T06:04:00+00:00,496,125,144,0,3043
2026-09-02T06:05:00+00:00,497,157,174,0,3033
2026-09-02T06:06:00+00:00,499,137,145,0,2970
2026-09-02T06:07:00+00:00,496,152,140,0,3041
2026-09-02T06:08:00+00:00,498,143,142,9,3014
2026-09-02T06:09:00+00:00,500,132,142,0,3097
2026-09-02T06:10:00+00:00,496,122,113,0,3086
2026-09-02T06:11:00+00:00,494,169,151,4,2955
2026-09-02T06:12:00+00:00,500,179,171,2,3105
2026-09-02T06:13:00+00:00,495,160,138,1,2962
2026-09-02T06:14:00+00:00,496,147,152,6,3065
2026-09-02T06:15:00+00:00,497,116,133,1,3056
2026-09-02T06:16:00+00:00,497,136,136,0,3033
2026-09-02T06:17:00+00:00,495,167,173,0,3090
2026-09-02T06:18:00+00:00,497,156,153,0,3045
2026-09-02T06:19:00+00:00,494,133,133,1,3112
2026-09-02T06:20:00+00:00,494,137,117,13,3040
2026-09-02T06:21:00+00:00,501,143,143,4,3059
2026-09-02T06:22:00+00:00,495,166,161,4,3062
2026-09-02T06:23:00+00:00,501,143,137,10,3050
2026-09-02T06:24:00+00:00,501,121,122,0,3101
2026-09-02T06:25:00+00:00,496,154,147,2,3041
2026-09-02T06:26:00+00:00,496,135,140,2,3077
2026-09-02T06:27:00+00:00,494,152,161,2,3003
2026-09-02T06:28:00+00:00,499,146,163,0,3051
2026-09-02T06:29:00+00:00,495,153,147,2,3118
2026-09-02T06:30:00+00:00,498,149,135,0,3054
2026-09-02T06:31:00+00:00,497,149,153,12,3061
2026-09-02T06:32:00+00:00,494,123,131,2,3083
2026-09-02T06:33:00+00:00,497,114,104,2,3055
2026-09-02T06:34:00+00:00,494,126,112,10,3081
2026-09-02T06:35:00+00:00,496,111,108,16,3051
2026-09-02T06:36:00+00:00,498,131,119,5,3087
2026-09-02T06:37:00+00:00,495,169,170,2,3107
2026-09-02T06:38:00+00:00,494,157,170,2,3062
2026-09-02T06:39:00+00:00,496,168,156,0,3021
2026-09-02T06:40:00+00:00,501,134,139,1,3132
2026-09-02T06:41:00+00:00,498,131,156,0,3017
2026-09-02T06:42:00+00:00,496,133,171,1,3039
2026-09-02T06:43:00+00:00,499,149,156,2,3022
2026-09-02T06:44:00+00:00,501,143,148,0,3013
2026-09-02T06:45:00+00:00,496,156,165,0,3104
2026-09-02T06:46:00+00:00,494,163,165,0,3085
2026-09-02T06:47:00+00:00,499,102,127,0,3101
2026-09-02T06:48:00+00:00,494,145,143,0,3083
2026-09-02T06:49:00+00:00,497,132,128,3,3074
2026-09-02T06:50:00+00:00,495,135,144,3,3035
2026-09-02T06:51:00+00:00,501,171,167,0,3095
2026-09-02T06:52:00+00:00,495,140,140,4,3066
2026-09-02T06:53:00+00:00,497,153,149,0,3075
2026-09-02T06:54:00+00:00,495,151,155,1,3023
2026-09-02T06:55:00+00:00,499,142,148,0,3055
2026-09-02T06:56:00+00:00,498,140,161,0,3060
2026-09-02T06:57:00+00:00,497,143,126,7,3098
2026-09-02T06:58:00+00:00,497,170,179,2,3065
2026-09-02T06:59:00+00:00,497,170,169,11,3013
2026-09-02T07:00:00+00:00,494,152,137,4,3114
2026-09-02T07:01:00+00:00,501,143,145,2,3068
2026-09-02T07:02:00+00:00,496,165,163,0,3064
2026-09-02T07:03:00+00:00,498,146,170,0,3128
2026-09-02T07:04:00+00:00,498,149,169,1,3051
2026-09-02T07:05:00+00:00,494,154,157,0,3096
2026-09-02T07:06:00+00:00,496,125,127,0,3089
2026-09-02T07:07:00+00:00,499,133,127,2,3109
2026-09-02T07:08:00+00:00,497,124,131,0,3015
2026-09-02T07:09:00+00:00,496,142,163,2,3030
2026-09-02T07:10:00+00:00,498,131,145,1,3094
2026-09-02T07:11:00+00:00,496,162,176,1,3056
2026-09-02T07:12:00+00:00,494,114,124,0,3024
2026-09-02T07:13:00+00:00,497,137,131,0,3086
2026-09-02T07:14:00+00:00,500,172,169,2,3014
2026-09-02T07:15:00+00:00,497,155,171,2,3139
2026-09-02T07:16:00+00:00,495,146,157,5,3108
2026-09-02T07:17:00+00:00,495,128,115,0,3025
2026-09-02T07:18:00+00:00,495,159,150,7,3072
2026-09-02T07:19:00+00:00,495,149,139,0,3018
2026-09-02T07:20:00+00:00,500,143,146,1,3078
2026-09-02T07:21:00+00:00,498,159,158,0,3121
2026-09-02T07:22:00+00:00,497,151,157,4,3139
2026-09-02T07:23:00+00:00,498,144,151,0,3102
2026-09-02T07:24:00+00:00,498,136,159,3,3126
2026-09-02T07:25:00+00:00,498,151,152,0,3149
2026-09-02T07:26:00+00:00,494,115,128,0,3126
2026-09-02T07:27:00+00:00,496,155,144,6,3097
2026-09-02T07:28:00+00:00,496,127,142,9,3113
2026-09-02T07:29:00+00:00,501,129,140,0,3044
2026-09-02T07:30:00+00:00,497,139,158,0,3120
2026-09-02T07:31:00+00:00,497,172,172,0,3065
2026-09-02T07:32:00+00:00,496,140,169,0,3077
2026-09-02T07:33:00+00:00,498,137,124,0,3075
2026-09-02T07:34:00+00:00,498,140,149,3,3126
2026-09-02T07:35:00+00:00,498,119,116,0,3093
2026-09-02T07:36:00+00:00,499,146,130,2,3112
2026-09-02T07:37:00+00:00,495,126,120,2,3071
2026-09-02T07:38:00+00:00,497,118,121,1,3072
2026-09-02T07:39:00+00:00,497,129,130,6,3075
2026-09-02T07:40:00+00:00,494,144,119,0,3098
2026-09-02T07:41:00+00:00,496,139,134,1,3146
2026-09-02T07:42:00+00:00,496,143,139,2,3121
2026-09-02T07:43:00+00:00,496,144,143,0,3160
2026-09-02T07:44:00+00:00,498,156,166,0,3001
2026-09-02T07:45:00+00:00,497,156,148,2,3085
2026-09-02T07:46:00+00:00,495,155,146,1,3069
2026-09-02T07:47:00+00:00,498,128,136,2,3195
2026-09-02T07:48:00+00:00,499,146,133,12,3135
2026-09-02T07:49:00+00:00,499,151,155,0,3137
2026-09-02T07:50:00+00:00,499,143,137,2,3018
2026-09-02T07:51:00+00:00,498,146,157,3,3090
2026-09-02T07:52:00+00:00,500,140,133,7,3109
2026-09-02T07:53:00+00:00,497,157,163,2,3113
2026-09-02T07:54:00+00:00,501,122,148,4,3105
2026-09-02T07:55:00+00:00,498,157,154,5,3116
2026-09-02T07:56:00+00:00,496,130,121,0,3133
2026-09-02T07:57:00+00:00,498,126,122,2,3117
2026-09-02T07:58:00+00:00,497,154,159,0,3099
2026-09-02T07:59:00+00:00,500,139,156,0,3152
2026-09-02T08:00:00+00:00,501,167,179,2,3088
2026-09-02T08:01:00+00:00,497,157,151,1,3089
2026-09-02T08:02:00+00:00,499,139,144,1,3148
2026-09-02T08:03:00+00:00,499,152,139,7,3126
2026-09-02T08:04:00+00:00,497,138,160,0,3170
2026-09-02T08:05:00+00:00,499,129,131,0,3122
2026-09-02T08:06:00+00:00,503,165,163,0,3138
2026-09-02T08:07:00+00:00,502,138,146,1,3145
2026-09-02T08:08:00+00:00,500,124,135,7,3146
2026-09-02T08:09:00+00:00,500,151,165,6,3172
2026-09-02T08:10:00+00:00,501,149,185,2,3155
2026-09-02T08:11:00+00:00,498,132,130,2,3085
2026-09-02T08:12:00+00:00,504,103,112,0,3114
2026-09-02T08:13:00+00:00,505,136,138,1,3175
2026-09-02T08:14:00+00:00,499,135,158,0,3115
2026-09-02T08:15:00+00:00,495,156,183,0,3113
2026-09-02T08:16:00+00:00,504,133,125,0,3104
2026-09-02T08:17:00+00:00,502,157,155,0,3183
2026-09-02T08:18:00+00:00,498,144,147,0,3148
2026-09-02T08:19:00+00:00,495,166,155,2,3182
2026-09-02T08:20:00+00:00,495,133,163,0,3079
2026-09-02T08:21:00+00:00,506,147,146,15,3181
2026-09-02T08:22:00+00:00,504,153,162,0,3176
2026-09-02T08:23:00+00:00,497,155,156,0,3130
2026-09-02T08:24:00+00:00,500,151,144,10,3180
2026-09-02T08:25:00+00:00,500,154,150,1,3144
2026-09-02T08:26:00+00:00,499,144,141,1,3141
2026-09-02T08:27:00+00:00,500,145,138,1,3148
2026-09-02T08:28:00+00:00,506,129,125,4,3192
2026-09-02T08:29:00+00:00,501,167,130,0,3198
2026-09-02T08:30:00+00:00,510,142,127,0,3095
2026-09-02T08:31:00+00:00,496,140,144,8,3176
2026-09-02T08:32:00+00:00,499,125,131,2,3159
2026-09-02T08:33:00+00:00,512,114,100,0,3149
2026-09-02T08:34:00+00:00,507,141,139,1,3125
2026-09-02T08:35:00+00:00,509,144,147,2,3204
2026-09-02T08:36:00+00:00,497,171,160,0,3169
2026-09-02T08:37:00+00:00,510,152,138,1,3192
2026-09-02T08:38:00+00:00,504,142,134,0,3168
2026-09-02T08:39:00+00:00,496,130,144,2,3180
2026-09-02T08:40:00+00:00,510,127,130,0,3184
2026-09-02T08:41:00+00:00,498,151,144,0,3146
2026-09-02T08:42:00+00:00,508,159,164,0,3145
2026-09-02T08:43:00+00:00,498,161,168,2,3199
2026-09-02T08:44:00+00:00,509,155,162,6,3187
2026-09-02T08:45:00+00:00,498,144,147,2,3174
2026-09-02T08:46:00+00:00,511,130,133,0,3213
2026-09-02T08:47:00+00:00,497,138,140,6,3185
2026-09-02T08:48:00+00:00,509,134,120,0,3152
2026-09-02T08:49:00+00:00,516,146,145,6,3201
2026-09-02T08:50:00+00:00,513,134,140,0,3149
2026-09-02T08:51:00+00:00,499,160,171,0,3177
2026-09-02T08:52:00+00:00,496,122,136,2,3180
2026-09-02T08:53:00+00:00,510,162,151,0,3203
2026-09-02T08:54:00+00:00,501,147,145,0,3201
2026-09-02T08:55:00+00:00,500,146,146,1,3198
2026-09-02T08:56:00+00:00,519,129,120,0,3182
2026-09-02T08:57:00+00:00,500,115,114,2,3162
2026-09-02T08:58:00+00:00,497,126,142,2,3166
2026-09-02T08:59:00+00:00,516,138,151,5,3156
2026-09-02T09:00:00+00:00,518,159,161,0,3217
2026-09-02T09:01:00+00:00,497,160,166,1,3199
2026-09-02T09:02:00+00:00,501,136,142,3,3164
2026-09-02T09:03:00+00:00,496,159,170,2,3176
2026-09-02T09:04:00+00:00,496,117,118,0,3191
2026-09-02T09:05:00+00:00,500,120,116,0,3131
2026-09-02T09:06:00+00:00,515,164,170,4,3182
2026-09-02T09:07:00+00:00,496,146,148,1,3222
2026-09-02T09:08:00+00:00,498,139,126,0,3193
2026-09-02T09:09:00+00:00,499,170,157,0,3166
2026-09-02T09:10:00+00:00,513,155,159,0,3212
2026-09-02T09:11:00+00:00,518,135,129,2,3159
2026-09-02T09:12:00+00:00,498,172,180,0,3205
2026-09-02T09:13:00+00:00,497,144,148,2,3189
2026-09-02T09:14:00+00:00,517,135,134,2,3226
2026-09-02T09:15:00+00:00,527,127,140,10,3209
2026-09-02T09:16:00+00:00,496,154,170,1,3191
2026-09-02T09:17:00+00:00,527,142,150,0,3232
2026-09-02T09:18:00+00:00,495,134,151,2,3179
2026-09-02T09:19:00+00:00,520,149,154,0,3233
2026-09-02T09:20:00+00:00,526,139,123,0,3148
2026-09-02T09:21:00+00:00,498,149,160,2,3141
2026-09-02T09:22:00+00:00,531,153,174,0,3210
2026-09-02T09:23:00+00:00,498,158,140,0,3188
2026-09-02T09:24:00+00:00,495,137,143,9,3203
2026-09-02T09:25:00+00:00,499,146,137,0,3165
2026-09-02T09:26:00+00:00,517,127,122,16,3130
2026-09-02T09:27:00+00:00,520,134,144,0,3232
2026-09-02T09:28:00+00:00,529,154,145,0,3163
2026-09-02T09:29:00+00:00,500,119,109,0,3250
2026-09-02T09:30:00+00:00,536,146,156,0,3206
2026-09-02T09:31:00+00:00,531,142,124,0,3228
2026-09-02T09:32:00+00:00,501,138,146,0,3173
2026-09-02T09:33:00+00:00,497,150,155,0,3196
2026-09-02T09:34:00+00:00,495,144,135,2,3177
2026-09-02T09:35:00+00:00,500,149,164,0,3182
2026-09-02T09:36:00+00:00,531,135,136,0,3154
2026-09-02T09:37:00+00:00,496,138,133,0,3254
2026-09-02T09:38:00+00:00,532,152,159,5,3234
2026-09-02T09:39:00+00:00,498,136,139,1,3167
2026-09-02T09:40:00+00:00,526,125,124,1,3184
2026-09-02T09:41:00+00:00,521,149,140,1,3242
2026-09-02T09:42:00+00:00,499,104,112,0,3233
2026-09-02T09:43:00+00:00,499,134,153,0,3247
2026-09-02T09:44:00+00:00,499,158,149,7,3193
2026-09-02T09:45:00+00:00,499,130,127,0,3208
2026-09-02T09:46:00+00:00,499,140,139,0,3234
2026-09-02T09:47:00+00:00,499,141,166,0,3249
2026-09-02T09:48:00+00:00,500,154,155,14,3181
2026-09-02T09:49:00+00:00,495,153,145,2,3206
2026-09-02T09:50:00+00:00,496,119,125,8,3212
2026-09-02T09:51:00+00:00,530,153,160,8,3259
2026-09-02T09:52:00+00:00,536,123,129,0,3195
2026-09-02T09:53:00+00:00,535,126,125,9,3219
2026-09-02T09:54:00+00:00,497,144,132,2,3241
2026-09-02T09:55:00+00:00,498,139,146,16,3200
2026-09-02T09:56:00+00:00,534,153,159,3,3226
2026-09-02T09:57:00+00:00,499,148,138,5,3189
2026-09-02T09:58:00+00:00,545,154,141,10,3189
2026-09-02T09:59:00+00:00,527,137,138,0,3220
2026-09-02T10:00:00+00:00,499,106,102,0,3212
2026-09-02T10:01:00+00:00,544,136,138,1,3176
2026-09-02T10:02:00+00:00,537,119,132,1,3232
2026-09-02T10:03:00+00:00,496,161,156,5,3229
2026-09-02T10:04:00+00:00,539,128,131,0,3168
2026-09-02T10:05:00+00:00,495,138,144,2,3197
2026-09-02T10:06:00+00:00,498,143,141,2,3228
2026-09-02T10:07:00+00:00,547,148,160,0,3234
2026-09-02T10:08:00+00:00,499,147,144,0,3214
2026-09-02T10:09:00+00:00,498,135,152,0,3216
2026-09-02T10:10:00+00:00,499,130,135,0,3199
2026-09-02T10:11:00+00:00,501,141,138,8,3217
2026-09-02T10:12:00+00:00,498,132,127,0,3228
2026-09-02T10:13:00+00:00,551,153,147,2,3232
2026-09-02T10:14:00+00:00,499,166,144,5,3138
2026-09-02T10:15:00+00:00,501,151,150,0,3245
2026-09-02T10:16:00+00:00,532,148,142,1,3212
2026-09-02T10:17:00+00:00,531,162,161,1,3244
2026-09-02T10:18:00+00:00,499,131,118,1,3185
2026-09-02T10:19:00+00:00,498,158,140,2,3273
2026-09-02T10:20:00+00:00,499,136,148,2,3253
2026-09-02T10:21:00+00:00,539,129,134,11,3169
2026-09-02T10:22:00+00:00,498,136,140,14,3218
2026-09-02T10:23:00+00:00,543,170,159,2,3199
2026-09-02T10:24:00+00:00,533,140,146,5,3196
2026-09-02T10:25:00+00:00,549,147,148,1,3170
2026-09-02T10:26:00+00:00,499,130,121,15,3173
2026-09-02T10:27:00+00:00,498,161,171,0,3229
2026-09-02T10:28:00+00:00,497,168,168,1,3196
2026-09-02T10:29:00+00:00,562,131,121,18,3154
2026-09-02T10:30:00+00:00,497,150,176,1,3154
2026-09-02T10:31:00+00:00,500,141,143,0,3175
2026-09-02T10:32:00+00:00,499,136,128,0,3244
2026-09-02T10:33:00+00:00,551,138,125,0,3214
2026-09-02T10:34:00+00:00,499,126,142,0,3247
2026-09-02T10:35:00+00:00,501,144,149,0,3193
2026-09-02T10:36:00+00:00,537,151,150,1,3229
2026-09-02T10:37:00+00:00,561,154,166,0,3228
2026-09-02T10:38:00+00:00,549,147,151,2,3145
2026-09-02T10:39:00+00:00,500,173,155,0,3186
2026-09-02T10:40:00+00:00,497,166,158,2,3189
2026-09-02T10:41:00+00:00,564,138,173,3,3213
2026-09-02T10:42:00+00:00,499,137,127,0,3226
2026-09-02T10:43:00+00:00,495,154,152,2,3189
2026-09-02T10:44:00+00:00,571,141,131,1,3212
2026-09-02T10:45:00+00:00,501,146,146,1,3211
2026-09-02T10:46:00+00:00,498,146,134,0,3181
2026-09-02T10:47:00+00:00,499,161,158,0,3200
2026-09-02T10:48:00+00:00,500,147,159,0,3176
2026-09-02T10:49:00+00:00,551,109,105,0,3218
2026-09-02T10:50:00+00:00,498,160,165,0,3157
2026-09-02T10:51:00+00:00,544,137,139,0,3176
2026-09-02T10:52:00+00:00,571,160,164,1,3190
2026-09-02T10:53:00+00:00,559,157,161,2,3233
2026-09-02T10:54:00+00:00,571,123,114,0,3149
2026-09-02T10:55:00+00:00,499,147,160,0,3171
2026-09-02T10:56:00+00:00,568,142,124,14,3182
2026-09-02T10:57:00+00:00,498,126,129,0,3241
2026-09-02T10:58:00+00:00,497,115,121,8,3147
2026-09-02T10:59:00+00:00,496,158,165,1,3179
2026-09-02T11:00:00+00:00,545,126,125,0,3225
2026-09-02T11:01:00+00:00,579,148,135,2,3152
2026-09-02T11:02:00+00:00,499,142,155,2,3152
2026-09-02T11:03:00+00:00,497,143,124,0,3171
2026-09-02T11:04:00+00:00,498,140,146,0,3186
2026-09-02T11:05:00+00:00,498,142,153,0,3181
2026-09-02T11:06:00+00:00,561,153,143,1,3191
2026-09-02T11:07:00+00:00,547,129,133,5,3237
2026-09-02T11:08:00+00:00,496,163,151,12,3188
2026-09-02T11:09:00+00:00,574,132,134,1,3120
2026-09-02T11:10:00+00:00,545,152,131,2,3207
2026-09-02T11:11:00+00:00,501,148,164,0,3193
2026-09-02T11:12:00+00:00,498,148,139,0,3153
2026-09-02T11:13:00+00:00,499,164,148,0,3131
2026-09-02T11:14:00+00:00,560,117,129,2,3173
2026-09-02T11:15:00+00:00,548,140,132,0,3171
2026-09-02T11:16:00+00:00,500,137,126,0,3157
2026-09-02T11:17:00+00:00,497,157,168,2,3180
2026-09-02T11:18:00+00:00,560,154,153,2,3106
2026-09-02T11:19:00+00:00,560,157,152,1,3137
2026-09-02T11:20:00+00:00,497,153,147,2,3137
2026-09-02T11:21:00+00:00,497,136,131,0,3102
2026-09-02T11:22:00+00:00,555,151,125,5,3096
2026-09-02T11:23:00+00:00,497,151,144,2,3176
2026-09-02T11:24:00+00:00,495,157,154,3,3114
2026-09-02T11:25:00+00:00,586,134,147,10,3160
2026-09-02T11:26:00+00:00,494,153,168,7,3116
2026-09-02T11:27:00+00:00,563,136,133,0,3189
2026-09-02T11:28:00+00:00,561,140,115,1,3154
2026-09-02T11:29:00+00:00,500,170,141,1,3127
2026-09-02T11:30:00+00:00,499,151,169,24,3159
2026-09-02T11:31:00+00:00,497,156,160,0,3154
2026-09-02T11:32:00+00:00,498,154,167,1,3143
2026-09-02T11:33:00+00:00,585,143,137,0,3180
2026-09-02T11:34:00+00:00,554,126,113,0,3151
2026-09-02T11:35:00+00:00,576,131,119,2,3088
2026-09-02T11:36:00+00:00,496,153,141,2,3144
2026-09-02T11:37:00+00:00,499,155,144,12,3072
2026-09-02T11:38:00+00:00,566,154,149,11,3136
2026-09-02T11:39:00+00:00,596,168,184,1,3129
2026-09-02T11:40:00+00:00,500,152,150,11,3165
2026-09-02T11:41:00+00:00,497,152,148,2,3148
2026-09-02T11:42:00+00:00,501,130,160,0,3136
2026-09-02T11:43:00+00:00,585,150,150,0,3113
2026-09-02T11:44:00+00:00,562,152,146,2,3184
2026-09-02T11:45:00+00:00,564,169,160,0,3145
2026-09-02T11:46:00+00:00,592,136,113,2,3107
2026-09-02T11:47:00+00:00,498,141,141,1,3117
2026-09-02T11:48:00+00:00,498,153,144,9,3139
2026-09-02T11:49:00+00:00,499,137,137,2,3153
2026-09-02T11:50:00+00:00,498,124,128,0,3134
2026-09-02T11:51:00+00:00,497,145,159,0,3171
2026-09-02T11:52:00+00:00,496,177,175,0,3125
2026-09-02T11:53:00+00:00,501,122,118,0,3111
2026-09-02T11:54:00+00:00,601,140,154,2,3163
2026-09-02T11:55:00+00:00,563,154,172,1,3157
2026-09-02T11:56:00+00:00,563,161,163,1,3133
2026-09-02T11:57:00+00:00,500,162,155,0,3128
2026-09-02T11:58:00+00:00,496,150,155,0,3162
2026-09-02T11:59:00+00:00,499,140,167,1,3153
2026-09-02T12:00:00+00:00,497,130,152,7,3190
2026-09-02T12:01:00+00:00,498,164,152,1,3114
2026-09-02T12:02:00+00:00,573,122,123,0,3123
2026-09-02T12:03:00+00:00,569,142,158,0,3102
2026-09-02T12:04:00+00:00,496,150,144,0,3038
2026-09-02T12:05:00+00:00,580,138,149,2,3150
2026-09-02T12:06:00+00:00,501,164,157,1,3125
2026-09-02T12:07:00+00:00,497,154,143,5,3113
2026-09-02T12:08:00+00:00,495,129,123,0,3153
2026-09-02T12:09:00+00:00,602,153,146,7,3100
2026-09-02T12:10:00+00:00,499,151,161,6,3082
2026-09-02T12:11:00+00:00,496,131,152,18,3073
2026-09-02T12:12:00+00:00,577,145,144,1,3122
2026-09-02T12:13:00+00:00,500,140,125,2,3095
2026-09-02T12:14:00+00:00,570,140,142,0,3092
2026-09-02T12:15:00+00:00,607,138,164,0,3108
2026-09-02T12:16:00+00:00,566,114,121,2,3135
2026-09-02T12:17:00+00:00,603,153,154,1,3121
2026-09-02T12:18:00+00:00,566,163,151,0,3120
2026-09-02T12:19:00+00:00,591,118,125,1,3123
2026-09-02T12:20:00+00:00,567,165,156,0,3121
2026-09-02T12:21:00+00:00,496,122,127,0,3069
2026-09-02T12:22:00+00:00,495,123,106,6,3109
2026-09-02T12:23:00+00:00,498,145,139,0,3112
2026-09-02T12:24:00+00:00,498,134,116,2,3109
2026-09-02T12:25:00+00:00,579,163,180,2,3116
2026-09-02T12:26:00+00:00,495,151,162,8,3157
2026-09-02T12:27:00+00:00,497,149,138,9,3073
2026-09-02T12:28:00+00:00,496,133,148,8,3102
2026-09-02T12:29:00+00:00,616,160,147,14,3066
2026-09-02T12:30:00+00:00,498,158,159,0,3083
2026-09-02T12:31:00+00:00,499,111,124,0,3107
2026-09-02T12:32:00+00:00,587,132,114,5,3071
2026-09-02T12:33:00+00:00,589,145,156,2,3113
2026-09-02T12:34:00+00:00,498,139,135,2,3041
2026-09-02T12:35:00+00:00,590,133,138,0,3131
2026-09-02T12:36:00+00:00,500,131,137,0,3052
2026-09-02T12:37:00+00:00,500,151,139,8,3076
2026-09-02T12:38:00+00:00,496,144,148,5,3071
2026-09-02T12:39:00+00:00,496,148,145,0,3074
2026-09-02T12:40:00+00:00,498,128,148,1,3074
2026-09-02T12:41:00+00:00,499,176,171,0,3119
2026-09-02T12:42:00+00:00,567,152,126,1,3090
2026-09-02T12:43:00+00:00,579,159,160,13,3136
2026-09-02T12:44:00+00:00,494,124,130,11,3106
2026-09-02T12:45:00+00:00,499,150,135,2,3025
2026-09-02T12:46:00+00:00,574,159,160,2,3024
2026-09-02T12:47:00+00:00,501,122,148,0,3082
2026-09-02T12:48:00+00:00,499,133,136,0,3100
2026-09-02T12:49:00+00:00,500,150,182,2,3065
2026-09-02T12:50:00+00:00,500,158,180,0,3015
2026-09-02T12:51:00+00:00,500,125,134,1,3065
2026-09-02T12:52:00+00:00,595,159,146,4,3119
2026-09-02T12:53:00+00:00,611,125,128,0,3104
2026-09-02T12:54:00+00:00,497,152,166,5,3058
2026-09-02T12:55:00+00:00,587,155,157,2,3084
2026-09-02T12:56:00+00:00,499,136,128,2,3020
2026-09-02T12:57:00+00:00,498,149,146,0,3068
2026-09-02T12:58:00+00:00,497,145,148,2,3071
2026-09-02T12:59:00+00:00,571,160,167,0,3086
2026-09-02T13:00:00+00:00,497,139,128,0,3102
2026-09-02T13:01:00+00:00,617,169,177,10,3053
2026-09-02T13:02:00+00:00,497,176,161,0,3067
2026-09-02T13:03:00+00:00,497,145,140,2,3089
2026-09-02T13:04:00+00:00,498,156,141,2,3096
2026-09-02T13:05:00+00:00,498,148,150,1,3097
2026-09-02T13:06:00+00:00,609,156,145,0,3058
2026-09-02T13:07:00+00:00,499,138,146,2,3001
2026-09-02T13:08:00+00:00,582,135,131,0,3063
2026-09-02T13:09:00+00:00,617,147,154,15,3054
2026-09-02T13:10:00+00:00,499,134,129,14,3013
2026-09-02T13:11:00+00:00,597,150,155,0,3069
2026-09-02T13:12:00+00:00,622,159,147,1,3106
2026-09-02T13:13:00+00:00,499,160,147,3,3085
2026-09-02T13:14:00+00:00,497,146,147,1,3051
2026-09-02T13:15:00+00:00,495,143,132,0,3059
2026-09-02T13:16:00+00:00,497,155,149,1,3097
2026-09-02T13:17:00+00:00,501,124,131,0,3018
2026-09-02T13:18:00+00:00,497,152,159,0,3094
2026-09-02T13:19:00+00:00,568,122,107,0,3071
2026-09-02T13:20:00+00:00,573,134,148,1,3029
2026-09-02T13:21:00+00:00,498,148,158,0,3049
2026-09-02T13:22:00+00:00,499,126,124,0,3063
2026-09-02T13:23:00+00:00,613,132,136,0,3049
2026-09-02T13:24:00+00:00,496,135,137,2,3080
2026-09-02T13:25:00+00:00,623,133,163,0,3090
2026-09-02T13:26:00+00:00,606,143,142,0,3047
2026-09-02T13:27:00+00:00,621,163,156,1,3027
2026-09-02T13:28:00+00:00,499,133,105,2,3039
2026-09-02T13:29:00+00:00,497,117,125,1,3059
2026-09-02T13:30:00+00:00,498,177,177,2,2991
2026-09-02T13:31:00+00:00,570,119,116,0,3028
2026-09-02T13:32:00+00:00,500,142,129,0,3058
2026-09-02T13:33:00+00:00,498,141,138,14,3065
2026-09-02T13:34:00+00:00,600,157,163,2,3080
2026-09-02T13:35:00+00:00,572,115,118,6,3097
2026-09-02T13:36:00+00:00,497,148,132,0,3061
2026-09-02T13:37:00+00:00,597,184,183,0,3087
2026-09-02T13:38:00+00:00,496,153,143,6,3029
2026-09-02T13:39:00+00:00,580,137,132,1,3052
2026-09-02T13:40:00+00:00,497,146,178,0,3058
2026-09-02T13:41:00+00:00,496,116,131,9,3045
2026-09-02T13:42:00+00:00,497,141,136,7,3006
2026-09-02T13:43:00+00:00,610,137,160,0,2986
2026-09-02T13:44:00+00:00,597,121,116,0,3017
2026-09-02T13:45:00+00:00,572,154,129,2,3056
2026-09-02T13:46:00+00:00,497,152,131,0,3020
2026-09-02T13:47:00+00:00,603,157,149,1,3043
2026-09-02T13:48:00+00:00,496,134,150,10,2978
2026-09-02T13:49:00+00:00,610,148,144,2,2979
2026-09-02T13:50:00+00:00,499,139,138,0,3099
2026-09-02T13:51:00+00:00,599,158,137,0,3075
2026-09-02T13:52:00+00:00,496,133,127,0,3118
2026-09-02T13:53:00+00:00,500,163,172,2,3085
2026-09-02T13:54:00+00:00,499,159,161,5,3083
2026-09-02T13:55:00+00:00,498,138,134,12,3094
2026-09-02T13:56:00+00:00,498,108,111,3,3042
2026-09-02T13:57:00+00:00,498,152,155,11,3078
2026-09-02T13:58:00+00:00,617,141,130,0,3026
2026-09-02T13:59:00+00:00,495,133,129,0,2978
2026-09-02T14:00:00+00:00,622,165,160,1,3068
2026-09-02T14:01:00+00:00,620,168,166,0,2993
2026-09-02T14:02:00+00:00,496,123,136,0,3049
2026-09-02T14:03:00+00:00,500,164,171,0,3011
2026-09-02T14:04:00+00:00,498,114,106,2,3066
2026-09-02T14:05:00+00:00,569,132,149,2,3051
2026-09-02T14:06:00+00:00,578,143,148,2,3045
2026-09-02T14:07:00+00:00,499,134,148,1,3078
2026-09-02T14:08:00+00:00,496,144,152,0,3104
2026-09-02T14:09:00+00:00,500,162,175,0,3058
2026-09-02T14:10:00+00:00,602,139,148,0,3026
2026-09-02T14:11:00+00:00,609,147,159,10,2986
2026-09-02T14:12:00+00:00,589,143,138,0,3092
2026-09-02T14:13:00+00:00,494,147,135,7,2986
2026-09-02T14:14:00+00:00,613,133,122,11,3014
2026-09-02T14:15:00+00:00,600,124,120,2,3021
2026-09-02T14:16:00+00:00,499,156,145,10,3087
2026-09-02T14:17:00+00:00,573,140,147,1,3029
2026-09-02T14:18:00+00:00,569,130,128,1,3066
2026-09-02T14:19:00+00:00,616,144,148,13,3031
2026-09-02T14:20:00+00:00,498,139,141,0,3070
2026-09-02T14:21:00+00:00,619,166,162,2,3068
2026-09-02T14:22:00+00:00,589,146,132,0,3035
2026-09-02T14:23:00+00:00,497,171,166,2,3019
2026-09-02T14:24:00+00:00,498,158,173,1,3034
2026-09-02T14:25:00+00:00,600,143,142,0,3077
2026-09-02T14:26:00+00:00,568,121,135,19,3056
2026-09-02T14:27:00+00:00,499,158,153,2,2955
2026-09-02T14:28:00+00:00,497,112,117,0,3042
2026-09-02T14:29:00+00:00,499,151,152,2,3038
2026-09-02T14:30:00+00:00,576,145,148,1,3082
2026-09-02T14:31:00+00:00,608,151,147,7,3023
2026-09-02T14:32:00+00:00,500,127,119,0,3013
2026-09-02T14:33:00+00:00,501,120,100,7,3056
2026-09-02T14:34:00+00:00,612,167,164,1,3036
2026-09-02T14:35:00+00:00,496,131,158,2,3062
2026-09-02T14:36:00+00:00,499,122,120,2,3119
2026-09-02T14:37:00+00:00,500,131,129,2,3085
2026-09-02T14:38:00+00:00,499,141,143,1,3038
2026-09-02T14:39:00+00:00,500,119,141,1,3045
2026-09-02T14:40:00+00:00,498,162,161,0,3046
2026-09-02T14:41:00+00:00,593,147,167,2,3032
2026-09-02T14:42:00+00:00,582,144,157,0,3042
2026-09-02T14:43:00+00:00,499,132,133,4,2997
2026-09-02T14:44:00+00:00,610,160,152,0,2981
2026-09-02T14:45:00+00:00,495,125,122,0,3011
2026-09-02T14:46:00+00:00,495,157,150,0,3010
2026-09-02T14:47:00+00:00,496,125,125,2,3095
2026-09-02T14:48:00+00:00,602,128,133,1,3031
2026-09-02T14:49:00+00:00,500,146,143,0,3042
2026-09-02T14:50:00+00:00,498,131,146,2,2976
2026-09-02T14:51:00+00:00,600,135,139,0,3091
2026-09-02T14:52:00+00:00,498,136,146,0,3083
2026-09-02T14:53:00+00:00,586,165,149,19,3088
2026-09-02T14:54:00+00:00,499,131,139,0,3027
2026-09-02T14:55:00+00:00,500,150,166,1,3126
2026-09-02T14:56:00+00:00,585,150,149,0,3011
2026-09-02T14:57:00+00:00,495,145,141,0,3018
2026-09-02T14:58:00+00:00,561,146,140,0,2978
2026-09-02T14:59:00+00:00,559,151,153,0,3069
2026-09-02T15:00:00+00:00,571,152,139,1,2962
2026-09-02T15:01:00+00:00,497,137,142,10,3053
2026-09-02T15:02:00+00:00,594,136,147,0,3092
2026-09-02T15:03:00+00:00,498,133,120,11,3016
2026-09-02T15:04:00+00:00,605,135,129,0,3066
2026-09-02T15:05:00+00:00,589,146,124,0,3069
2026-09-02T15:06:00+00:00,499,134,126,2,3057
2026-09-02T15:07:00+00:00,575,124,126,0,3005
2026-09-02T15:08:00+00:00,587,144,148,1,3034
2026-09-02T15:09:00+00:00,498,134,119,0,3131
2026-09-02T15:10:00+00:00,499,167,170,0,3068
2026-09-02T15:11:00+00:00,600,152,155,1,2998
2026-09-02T15:12:00+00:00,593,149,164,2,3079
2026-09-02T15:13:00+00:00,501,126,139,11,3012
2026-09-02T15:14:00+00:00,499,149,165,2,3010
2026-09-02T15:15:00+00:00,496,145,173,7,2997
2026-09-02T15:16:00+00:00,591,101,120,0,3037
2026-09-02T15:17:00+00:00,495,160,149,0,3035
2026-09-02T15:18:00+00:00,499,135,144,0,2985
2026-09-02T15:19:00+00:00,500,131,138,3,3027
2026-09-02T15:20:00+00:00,499,137,149,1,3070
2026-09-02T15:21:00+00:00,580,126,140,0,3076
2026-09-02T15:22:00+00:00,588,142,175,4,3115
2026-09-02T15:23:00+00:00,497,147,139,1,2994
2026-09-02T15:24:00+00:00,565,133,126,2,3066
2026-09-02T15:25:00+00:00,594,148,140,9,3051
2026-09-02T15:26:00+00:00,497,137,141,6,3036
2026-09-02T15:27:00+00:00,500,151,160,0,3029
2026-09-02T15:28:00+00:00,560,165,169,5,2989
2026-09-02T15:29:00+00:00,497,172,166,1,3032
2026-09-02T15:30:00+00:00,579,146,122,4,3083
2026-09-02T15:31:00+00:00,563,141,138,0,3080
2026-09-02T15:32:00+00:00,498,152,168,0,3040
2026-09-02T15:33:00+00:00,501,137,123,0,3056
2026-09-02T15:34:00+00:00,581,144,147,2,3005
2026-09-02T15:35:00+00:00,500,128,126,3,3044
2026-09-02T15:36:00+00:00,498,159,162,0,3007
2026-09-02T15:37:00+00:00,495,165,169,7,3105
2026-09-02T15:38:00+00:00,500,127,130,0,3026
2026-09-02T15:39:00+00:00,499,166,187,1,3024
2026-09-02T15:40:00+00:00,589,114,123,7,3071
2026-09-02T15:41:00+00:00,498,141,149,2,3036
2026-09-02T15:42:00+00:00,570,145,135,1,3033
2026-09-02T15:43:00+00:00,501,153,163,2,3043
2026-09-02T15:44:00+00:00,583,122,105,0,3081
2026-09-02T15:45:00+00:00,551,140,130,0,3037
2026-09-02T15:46:00+00:00,498,126,128,4,3059
2026-09-02T15:47:00+00:00,552,169,165,0,3000
2026-09-02T15:48:00+00:00,549,139,139,7,3054
2026-09-02T15:49:00+00:00,499,127,123,0,3062
2026-09-02T15:50:00+00:00,497,144,151,1,3068
2026-09-02T15:51:00+00:00,497,135,132,2,3054
2026-09-02T15:52:00+00:00,500,133,139,12,3107
2026-09-02T15:53:00+00:00,499,173,179,2,3111
2026-09-02T15:54:00+00:00,495,125,109,4,3045
2026-09-02T15:55:00+00:00,550,109,140,0,3054
2026-09-02T15:56:00+00:00,559,153,131,0,3046
2026-09-02T15:57:00+00:00,544,129,130,0,3024
2026-09-02T15:58:00+00:00,500,138,120,1,3075
2026-09-02T15:59:00+00:00,500,164,157,2,3081
2026-09-02T16:00:00+00:00,498,114,140,2,3047
2026-09-02T16:01:00+00:00,498,130,125,0,3028
2026-09-02T16:02:00+00:00,496,160,159,0,3044
2026-09-02T16:03:00+00:00,499,142,156,0,3044
2026-09-02T16:04:00+00:00,539,142,148,0,3075
2026-09-02T16:05:00+00:00,498,148,158,0,3019
2026-09-02T16:06:00+00:00,499,149,185,4,3055
2026-09-02T16:07:00+00:00,540,148,153,0,3147
2026-09-02T16:08:00+00:00,497,142,137,1,2994
2026-09-02T16:09:00+00:00,571,121,132,1,3088
2026-09-02T16:10:00+00:00,496,146,147,7,3039
2026-09-02T16:11:00+00:00,566,169,159,0,3053
2026-09-02T16:12:00+00:00,499,152,155,0,3048
2026-09-02T16:13:00+00:00,495,158,169,0,3019
2026-09-02T16:14:00+00:00,498,142,138,6,3086
2026-09-02T16:15:00+00:00,560,148,150,1,3099
2026-09-02T16:16:00+00:00,538,135,148,0,3091
2026-09-02T16:17:00+00:00,501,135,136,1,3072
2026-09-02T16:18:00+00:00,496,144,129,6,3084
2026-09-02T16:19:00+00:00,549,158,156,1,3035
2026-09-02T16:20:00+00:00,499,138,136,2,3116
2026-09-02T16:21:00+00:00,498,158,158,0,3102
2026-09-02T16:22:00+00:00,566,162,153,5,3086
2026-09-02T16:23:00+00:00,551,161,175,1,3083
2026-09-02T16:24:00+00:00,497,167,155,0,3061
2026-09-02T16:25:00+00:00,498,148,145,9,3028
2026-09-02T16:26:00+00:00,498,154,165,0,3100
2026-09-02T16:27:00+00:00,542,137,130,0,3033
2026-09-02T16:28:00+00:00,564,139,124,0,3077
2026-09-02T16:29:00+00:00,495,134,137,2,3066
2026-09-02T16:30:00+00:00,556,146,135,1,3108
2026-09-02T16:31:00+00:00,540,151,146,0,3057
2026-09-02T16:32:00+00:00,563,150,152,0,3016
2026-09-02T16:33:00+00:00,499,110,118,1,3112
2026-09-02T16:34:00+00:00,496,117,113,1,3042
2026-09-02T16:35:00+00:00,558,163,159,9,3059
2026-09-02T16:36:00+00:00,537,151,173,0,3069
2026-09-02T16:37:00+00:00,539,118,135,9,3129
2026-09-02T16:38:00+00:00,544,135,146,2,3077
2026-09-02T16:39:00+00:00,495,173,170,1,3138
2026-09-02T16:40:00+00:00,496,126,143,0,3106
2026-09-02T16:41:00+00:00,501,143,117,0,3120
2026-09-02T16:42:00+00:00,551,132,124,1,3027
2026-09-02T16:43:00+00:00,496,167,165,0,3096
2026-09-02T16:44:00+00:00,498,124,119,1,3052
2026-09-02T16:45:00+00:00,499,162,166,0,3082
2026-09-02T16:46:00+00:00,499,123,127,0,3072
2026-09-02T16:47:00+00:00,497,126,138,0,3099
2026-09-02T16:48:00+00:00,497,149,145,10,3094
2026-09-02T16:49:00+00:00,500,129,123,2,3081
2026-09-02T16:50:00+00:00,544,145,147,0,3093
2026-09-02T16:51:00+00:00,500,134,140,2,3071
2026-09-02T16:52:00+00:00,497,149,133,11,3131
2026-09-02T16:53:00+00:00,497,129,115,10,3076
2026-09-02T16:54:00+00:00,496,137,142,0,3046
2026-09-02T16:55:00+00:00,530,145,137,1,3073
2026-09-02T16:56:00+00:00,500,152,174,2,3098
2026-09-02T16:57:00+00:00,500,153,156,8,3111
2026-09-02T16:58:00+00:00,496,149,145,0,3075
2026-09-02T16:59:00+00:00,531,138,148,2,3075
2026-09-02T17:00:00+00:00,497,142,148,0,3095
2026-09-02T17:01:00+00:00,546,143,164,1,3090
2026-09-02T17:02:00+00:00,496,117,135,0,3060
2026-09-02T17:03:00+00:00,500,149,180,0,3095
2026-09-02T17:04:00+00:00,533,119,119,0,3093
2026-09-02T17:05:00+00:00,498,158,169,0,3026
2026-09-02T17:06:00+00:00,530,137,144,7,3005
2026-09-02T17:07:00+00:00,546,152,145,10,3088
2026-09-02T17:08:00+00:00,546,119,125,0,3109
2026-09-02T17:09:00+00:00,497,168,168,1,3051
2026-09-02T17:10:00+00:00,501,163,167,7,3028
2026-09-02T17:11:00+00:00,497,106,101,12,3069
2026-09-02T17:12:00+00:00,533,165,162,1,3132
2026-09-02T17:13:00+00:00,496,161,142,0,3083
2026-09-02T17:14:00+00:00,498,150,136,11,3145
2026-09-02T17:15:00+00:00,499,145,148,0,3098
2026-09-02T17:16:00+00:00,497,145,141,4,3132
2026-09-02T17:17:00+00:00,525,146,153,1,3035
2026-09-02T17:18:00+00:00,497,134,132,2,3085
2026-09-02T17:19:00+00:00,497,132,143,2,3119
2026-09-02T17:20:00+00:00,498,157,161,0,3084
2026-09-02T17:21:00+00:00,532,136,122,5,3065
2026-09-02T17:22:00+00:00,526,163,163,0,3064
2026-09-02T17:23:00+00:00,499,164,169,3,3074
2026-09-02T17:24:00+00:00,530,143,135,0,3151
2026-09-02T17:25:00+00:00,497,129,130,0,3118
2026-09-02T17:26:00+00:00,538,128,147,0,3075
2026-09-02T17:27:00+00:00,529,128,130,0,3149
2026-09-02T17:28:00+00:00,499,139,147,1,3070
2026-09-02T17:29:00+00:00,522,121,123,2,3103
2026-09-02T17:30:00+00:00,528,132,136,1,3077
2026-09-02T17:31:00+00:00,520,174,157,0,3149
2026-09-02T17:32:00+00:00,499,159,151,0,3124
2026-09-02T17:33:00+00:00,498,127,127,0,3101
2026-09-02T17:34:00+00:00,497,149,147,2,3102
2026-09-02T17:35:00+00:00,497,115,107,0,3122
2026-09-02T17:36:00+00:00,517,144,156,1,3129
2026-09-02T17:37:00+00:00,499,136,122,0,3129
2026-09-02T17:38:00+00:00,495,141,131,0,3101
2026-09-02T17:39:00+00:00,497,136,138,1,3109
2026-09-02T17:40:00+00:00,500,158,158,0,3123
2026-09-02T17:41:00+00:00,526,133,152,0,3151
2026-09-02T17:42:00+00:00,522,141,130,4,3100
2026-09-02T17:43:00+00:00,499,157,142,0,3107
2026-09-02T17:44:00+00:00,499,124,127,0,3172
2026-09-02T17:45:00+00:00,526,160,154,0,3118
2026-09-02T17:46:00+00:00,501,164,173,0,3160
2026-09-02T17:47:00+00:00,496,146,140,0,3145
2026-09-02T17:48:00+00:00,495,130,117,12,3090
2026-09-02T17:49:00+00:00,501,154,163,0,3084
2026-09-02T17:50:00+00:00,516,165,182,0,3072
2026-09-02T17:51:00+00:00,518,122,138,2,3117
2026-09-02T17:52:00+00:00,497,139,155,2,3142
2026-09-02T17:53:00+00:00,498,149,153,2,3113
2026-09-02T17:54:00+00:00,498,142,133,0,3115
2026-09-02T17:55:00+00:00,516,168,161,2,3130
2026-09-02T17:56:00+00:00,496,156,141,3,3157
2026-09-02T17:57:00+00:00,512,120,106,0,3136
2026-09-02T17:58:00+00:00,499,115,127,0,3089
2026-09-02T17:59:00+00:00,500,140,155,1,3167
2026-09-02T18:00:00+00:00,519,149,141,5,3110
2026-09-02T18:01:00+00:00,497,155,152,6,3131
2026-09-02T18:02:00+00:00,501,138,137,2,3121
2026-09-02T18:03:00+00:00,519,137,143,0,3123
2026-09-02T18:04:00+00:00,510,141,147,19,3166
2026-09-02T18:05:00+00:00,497,116,110,10,3115
2026-09-02T18:06:00+00:00,515,156,146,0,3143
2026-09-02T18:07:00+00:00,499,113,119,7,3133
2026-09-02T18:08:00+00:00,496,154,130,0,3127
2026-09-02T18:09:00+00:00,512,134,138,1,3063
2026-09-02T18:10:00+00:00,500,164,153,13,3082
2026-09-02T18:11:00+00:00,508,152,149,3,3139
2026-09-02T18:12:00+00:00,497,150,142,1,3162
2026-09-02T18:13:00+00:00,515,139,147,1,3117
2026-09-02T18:14:00+00:00,497,145,134,0,3103
2026-09-02T18:15:00+00:00,506,125,118,0,3129
2026-09-02T18:16:00+00:00,506,157,159,2,3113
2026-09-02T18:17:00+00:00,511,131,131,1,3145
2026-09-02T18:18:00+00:00,505,164,172,1,3143
2026-09-02T18:19:00+00:00,496,149,166,0,3109
2026-09-02T18:20:00+00:00,510,141,137,0,3162
2026-09-02T18:21:00+00:00,498,137,141,0,3181
2026-09-02T18:22:00+00:00,495,135,136,0,3110
2026-09-02T18:23:00+00:00,497,128,133,0,3149
2026-09-02T18:24:00+00:00,499,136,154,0,3140
2026-09-02T18:25:00+00:00,510,130,114,1,3103
2026-09-02T18:26:00+00:00,504,165,148,0,3133
2026-09-02T18:27:00+00:00,496,125,118,1,3190
2026-09-02T18:28:00+00:00,497,137,129,11,3133
2026-09-02T18:29:00+00:00,508,143,140,0,3141
2026-09-02T18:30:00+00:00,504,130,146,0,3150
2026-09-02T18:31:00+00:00,506,121,143,2,3166
2026-09-02T18:32:00+00:00,497,130,111,12,3173
2026-09-02T18:33:00+00:00,508,154,155,1,3159
2026-09-02T18:34:00+00:00,503,115,126,7,3147
2026-09-02T18:35:00+00:00,499,159,168,1,3177
2026-09-02T18:36:00+00:00,498,148,144,5,3142
2026-09-02T18:37:00+00:00,507,128,130,14,3172
2026-09-02T18:38:00+00:00,495,135,132,1,3140
2026-09-02T18:39:00+00:00,505,169,161,0,3160
2026-09-02T18:40:00+00:00,506,135,132,2,3120
2026-09-02T18:41:00+00:00,496,132,115,0,3055
2026-09-02T18:42:00+00:00,499,144,142,15,3144
2026-09-02T18:43:00+00:00,504,136,146,12,3147
2026-09-02T18:44:00+00:00,503,150,151,0,3167
2026-09-02T18:45:00+00:00,504,167,164,2,3117
2026-09-02T18:46:00+00:00,498,138,146,3,3169
2026-09-02T18:47:00+00:00,497,135,110,1,3143
2026-09-02T18:48:00+00:00,497,145,148,0,3141
2026-09-02T18:49:00+00:00,502,149,146,0,3182
2026-09-02T18:50:00+00:00,496,160,171,0,3165
2026-09-02T18:51:00+00:00,497,139,135,26,3178
2026-09-02T18:52:00+00:00,499,145,161,4,3122
2026-09-02T18:53:00+00:00,496,121,110,2,3100
2026-09-02T18:54:00+00:00,500,155,169,1,3206
2026-09-02T18:55:00+00:00,499,127,134,2,3155
2026-09-02T18:56:00+00:00,498,136,146,0,3117
2026-09-02T18:57:00+00:00,497,124,132,0,3150
2026-09-02T18:58:00+00:00,500,125,161,0,3151
2026-09-02T18:59:00+00:00,502,117,151,5,3185
2026-09-02T19:00:00+00:00,497,153,150,9,3161
2026-09-02T19:01:00+00:00,499,147,160,1,3161
2026-09-02T19:02:00+00:00,498,142,131,13,3206
2026-09-02T19:03:00+00:00,500,174,167,0,3137
2026-09-02T19:04:00+00:00,498,127,123,1,3095
2026-09-02T19:05:00+00:00,500,160,150,0,3141
2026-09-02T19:06:00+00:00,496,118,117,0,3153
2026-09-02T19:07:00+00:00,496,135,131,15,3146
2026-09-02T19:08:00+00:00,496,128,122,0,3180
2026-09-02T19:09:00+00:00,495,155,153,13,3197
2026-09-02T19:10:00+00:00,497,130,136,2,3134
2026-09-02T19:11:00+00:00,497,139,128,0,3154
2026-09-02T19:12:00+00:00,496,129,111,2,3162
2026-09-02T19:13:00+00:00,500,147,152,2,3139
2026-09-02T19:14:00+00:00,498,150,128,0,3122
2026-09-02T19:15:00+00:00,498,124,126,2,3178
2026-09-02T19:16:00+00:00,499,144,134,3,3140
2026-09-02T19:17:00+00:00,497,139,129,1,3205
2026-09-02T19:18:00+00:00,497,132,129,1,3130
2026-09-02T19:19:00+00:00,500,140,138,2,3190
2026-09-02T19:20:00+00:00,494,157,166,0,3169
2026-09-02T19:21:00+00:00,498,144,158,8,3151
2026-09-02T19:22:00+00:00,496,121,136,1,3202
2026-09-02T19:23:00+00:00,498,133,133,0,3176
2026-09-02T19:24:00+00:00,496,155,142,0,3189
2026-09-02T19:25:00+00:00,501,131,148,21,3196
2026-09-02T19:26:00+00:00,496,122,143,0,3162
2026-09-02T19:27:00+00:00,497,144,165,0,3141
2026-09-02T19:28:00+00:00,497,135,135,0,3219
2026-09-02T19:29:00+00:00,497,138,149,0,3193
2026-09-02T19:30:00+00:00,494,125,128,10,3137
2026-09-02T19:31:00+00:00,499,152,142,1,3177
2026-09-02T19:32:00+00:00,497,138,137,0,3140
2026-09-02T19:33:00+00:00,498,148,143,0,3143
2026-09-02T19:34:00+00:00,498,131,149,2,3194
2026-09-02T19:35:00+00:00,496,149,143,5,3162
2026-09-02T19:36:00+00:00,497,156,167,0,3154
2026-09-02T19:37:00+00:00,497,131,125,1,3199
2026-09-02T19:38:00+00:00,496,127,140,1,3191
2026-09-02T19:39:00+00:00,498,148,135,1,3190
2026-09-02T19:40:00+00:00,496,119,109,9,3187
2026-09-02T19:41:00+00:00,497,149,156,0,3156
2026-09-02T19:42:00+00:00,497,142,155,0,3169
2026-09-02T19:43:00+00:00,498,139,153,12,3164
2026-09-02T19:44:00+00:00,498,141,146,0,3212
2026-09-02T19:45:00+00:00,496,142,164,0,3174
2026-09-02T19:46:00+00:00,499,115,112,0,3158
2026-09-02T19:47:00+00:00,499,149,151,2,3194
2026-09-02T19:48:00+00:00,499,129,133,1,3197
2026-09-02T19:49:00+00:00,497,130,123,2,3152
2026-09-02T19:50:00+00:00,494,158,149,0,3132
2026-09-02T19:51:00+00:00,495,194,188,0,3189
2026-09-02T19:52:00+00:00,499,156,163,1,3187
2026-09-02T19:53:00+00:00,496,126,137,0,3221
2026-09-02T19:54:00+00:00,496,154,151,1,3194
2026-09-02T19:55:00+00:00,495,145,147,1,3193
2026-09-02T19:56:00+00:00,496,161,171,2,3158
2026-09-02T19:57:00+00:00,496,149,142,0,3187
2026-09-02T19:58:00+00:00,496,143,144,0,3165
2026-09-02T19:59:00+00:00,497,158,147,1,3193
2026-09-02T20:00:00+00:00,498,138,142,0,3181
2026-09-02T20:01:00+00:00,496,144,131,14,3183
2026-09-02T20:02:00+00:00,496,121,134,0,3215
2026-09-02T20:03:00+00:00,499,145,145,2,3206
2026-09-02T20:04:00+00:00,495,137,128,0,3180
2026-09-02T20:05:00+00:00,494,152,158,2,3183
2026-09-02T20:06:00+00:00,497,139,153,0,3222
2026-09-02T20:07:00+00:00,498,140,127,0,3180
2026-09-02T20:08:00+00:00,497,142,141,0,3156
2026-09-02T20:09:00+00:00,496,136,155,0,3172
2026-09-02T20:10:00+00:00,495,157,160,0,3175
2026-09-02T20:11:00+00:00,494,144,167,0,3221
2026-09-02T20:12:00+00:00,497,150,154,1,3174
2026-09-02T20:13:00+00:00,497,109,126,0,3169
2026-09-02T20:14:00+00:00,498,136,140,0,3190
2026-09-02T20:15:00+00:00,495,126,129,0,3221
2026-09-02T20:16:00+00:00,496,150,154,0,3159
2026-09-02T20:17:00+00:00,495,157,155,1,3153
2026-09-02T20:18:00+00:00,495,148,132,2,3164
2026-09-02T20:19:00+00:00,498,130,127,0,3200
2026-09-02T20:20:00+00:00,495,132,120,2,3192
2026-09-02T20:21:00+00:00,500,138,143,1,3145
2026-09-02T20:22:00+00:00,496,139,142,2,3173
2026-09-02T20:23:00+00:00,495,156,153,1,3154
2026-09-02T20:24:00+00:00,497,157,138,9,3178
2026-09-02T20:25:00+00:00,494,143,143,0,3205
2026-09-02T20:26:00+00:00,494,148,154,0,3198
2026-09-02T20:27:00+00:00,494,125,130,0,3233
2026-09-02T20:28:00+00:00,497,143,131,1,3218
2026-09-02T20:29:00+00:00,501,138,120,0,3200
2026-09-02T20:30:00+00:00,497,167,149,0,3155
2026-09-02T20:31:00+00:00,498,160,181,0,3183
2026-09-02T20:32:00+00:00,495,136,134,0,3169
2026-09-02T20:33:00+00:00,498,169,170,2,3153
2026-09-02T20:34:00+00:00,495,140,149,0,3134
2026-09-02T20:35:00+00:00,499,126,125,1,3193
2026-09-02T20:36:00+00:00,501,124,121,0,3156
2026-09-02T20:37:00+00:00,499,139,130,2,3188
2026-09-02T20:38:00+00:00,497,141,167,0,3183
2026-09-02T20:39:00+00:00,494,155,164,0,3179
2026-09-02T20:40:00+00:00,497,140,153,4,3180
2026-09-02T20:41:00+00:00,497,158,162,0,3191
2026-09-02T20:42:00+00:00,496,150,161,0,3129
2026-09-02T20:43:00+00:00,500,148,153,0,3200
2026-09-02T20:44:00+00:00,496,145,143,0,3122
2026-09-02T20:45:00+00:00,497,176,192,0,3174
2026-09-02T20:46:00+00:00,500,131,129,13,3194
2026-09-02T20:47:00+00:00,494,163,143,0,3152
2026-09-02T20:48:00+00:00,494,136,114,1,3152
2026-09-02T20:49:00+00:00,497,118,133,2,3124
2026-09-02T20:50:00+00:00,497,126,127,12,3203
2026-09-02T20:51:00+00:00,494,155,151,13,3211
2026-09-02T20:52:00+00:00,500,149,143,2,3172
2026-09-02T20:53:00+00:00,495,166,169,0,3200
2026-09-02T20:54:00+00:00,495,138,168,0,3195
2026-09-02T20:55:00+00:00,499,166,173,1,3169
2026-09-02T20:56:00+00:00,495,154,150,20,3113
2026-09-02T20:57:00+00:00,494,157,156,1,3170
2026-09-02T20:58:00+00:00,497,155,169,1,3180
2026-09-02T20:59:00+00:00,497,155,146,0,3183
2026-09-02T21:00:00+00:00,497,132,146,0,3122
2026-09-02T21:01:00+00:00,501,149,153,0,3177
2026-09-02T21:02:00+00:00,498,144,148,0,3163
2026-09-02T21:03:00+00:00,495,174,153,0,3166
2026-09-02T21:04:00+00:00,499,150,153,1,3153
2026-09-02T21:05:00+00:00,497,162,164,0,3122
2026-09-02T21:06:00+00:00,496,158,156,10,3070
2026-09-02T21:07:00+00:00,494,147,161,0,3151
2026-09-02T21:08:00+00:00,497,136,129,17,3145
2026-09-02T21:09:00+00:00,497,143,158,4,3173
2026-09-02T21:10:00+00:00,495,131,136,0,3155
2026-09-02T21:11:00+00:00,498,105,98,0,3147
2026-09-02T21:12:00+00:00,498,140,143,1,3134
2026-09-02T21:13:00+00:00,496,137,137,0,3139
2026-09-02T21:14:00+00:00,501,144,129,17,3165
2026-09-02T21:15:00+00:00,497,143,162,1,3173
2026-09-02T21:16:00+00:00,498,138,133,0,3135
2026-09-02T21:17:00+00:00,495,158,143,0,3186
2026-09-02T21:18:00+00:00,495,165,155,0,3167
2026-09-02T21:19:00+00:00,498,145,161,1,3220
2026-09-02T21:20:00+00:00,497,150,144,0,3156
2026-09-02T21:21:00+00:00,495,160,167,0,3139
2026-09-02T21:22:00+00:00,499,129,145,4,3156
2026-09-02T21:23:00+00:00,494,141,145,0,3097
2026-09-02T21:24:00+00:00,501,121,135,8,3189
2026-09-02T21:25:00+00:00,498,159,153,3,3172
2026-09-02T21:26:00+00:00,494,127,121,0,3172
2026-09-02T21:27:00+00:00,499,138,155,2,3173
2026-09-02T21:28:00+00:00,494,164,166,8,3172
2026-09-02T21:29:00+00:00,499,112,123,0,3118
2026-09-02T21:30:00+00:00,497,127,145,0,3166
2026-09-02T21:31:00+00:00,496,123,135,2,3117
2026-09-02T21:32:00+00:00,499,119,125,8,3132
2026-09-02T21:33:00+00:00,500,125,121,0,3160
2026-09-02T21:34:00+00:00,495,148,153,0,3158
2026-09-02T21:35:00+00:00,498,134,141,8,3167
2026-09-02T21:36:00+00:00,494,137,154,0,3147
2026-09-02T21:37:00+00:00,496,129,122,10,3120
2026-09-02T21:38:00+00:00,500,167,166,1,3167
2026-09-02T21:39:00+00:00,497,137,133,0,3204
2026-09-02T21:40:00+00:00,498,142,144,0,3164
2026-09-02T21:41:00+00:00,497,143,151,8,3130
2026-09-02T21:42:00+00:00,494,163,163,0,3145
2026-09-02T21:43:00+00:00,498,156,145,5,3142
2026-09-02T21:44:00+00:00,498,134,116,5,3091
2026-09-02T21:45:00+00:00,497,129,150,0,3112
2026-09-02T21:46:00+00:00,495,145,148,10,3139
2026-09-02T21:47:00+00:00,500,143,152,1,3094
2026-09-02T21:48:00+00:00,500,115,117,0,3150
2026-09-02T21:49:00+00:00,495,162,154,6,3135
2026-09-02T21:50:00+00:00,495,114,116,2,3144
2026-09-02T21:51:00+00:00,499,115,123,1,3093
2026-09-02T21:52:00+00:00,498,164,166,2,3100
2026-09-02T21:53:00+00:00,498,155,139,0,3097
2026-09-02T21:54:00+00:00,499,172,197,1,3137
2026-09-02T21:55:00+00:00,498,150,152,10,3083
2026-09-02T21:56:00+00:00,496,158,169,0,3134
2026-09-02T21:57:00+00:00,496,135,129,1,3082
2026-09-02T21:58:00+00:00,495,132,146,2,3099
2026-09-02T21:59:00+00:00,494,151,143,0,3064
2026-09-02T22:00:00+00:00,498,132,136,0,3126
2026-09-02T22:01:00+00:00,495,141,135,17,3112
2026-09-02T22:02:00+00:00,494,151,150,2,3073
2026-09-02T22:03:00+00:00,497,136,127,0,3093
2026-09-02T22:04:00+00:00,496,143,151,5,3104
2026-09-02T22:05:00+00:00,494,155,134,0,3092
2026-09-02T22:06:00+00:00,497,147,141,3,3128
2026-09-02T22:07:00+00:00,499,150,170,2,3145
2026-09-02T22:08:00+00:00,498,134,128,0,3118
2026-09-02T22:09:00+00:00,498,111,124,0,3141
2026-09-02T22:10:00+00:00,495,128,130,0,3170
2026-09-02T22:11:00+00:00,498,149,127,0,3097
2026-09-02T22:12:00+00:00,500,134,129,0,3103
2026-09-02T22:13:00+00:00,498,146,142,8,3110
2026-09-02T22:14:00+00:00,498,130,148,1,3170
2026-09-02T22:15:00+00:00,495,150,154,2917,3151
2026-09-02T22:16:00+00:00,498,135,125,2940,3115
2026-09-02T22:17:00+00:00,497,141,137,2978,3074
2026-09-02T22:18:00+00:00,497,147,142,2964,3140
2026-09-02T22:19:00+00:00,494,102,109,2916,3130
2026-09-02T22:20:00+00:00,494,122,114,2799,3098
2026-09-02T22:21:00+00:00,497,172,184,2540,3067
2026-09-02T22:22:00+00:00,498,135,122,2829,3163
2026-09-02T22:23:00+00:00,500,168,153,2611,3063
2026-09-02T22:24:00+00:00,496,182,159,2285,3148
2026-09-02T22:25:00+00:00,496,134,125,1,3092
2026-09-02T22:26:00+00:00,497,146,156,1,3133
2026-09-02T22:27:00+00:00,498,137,148,0,3092
2026-09-02T22:28:00+00:00,495,147,129,0,3087
2026-09-02T22:29:00+00:00,497,142,167,23,3006
2026-09-02T22:30:00+00:00,496,104,111,0,3057
2026-09-02T22:31:00+00:00,498,155,151,4,3102
2026-09-02T22:32:00+00:00,500,159,188,0,3125
2026-09-02T22:33:00+00:00,496,166,130,8,3115
2026-09-02T22:34:00+00:00,498,152,158,0,3072
2026-09-02T22:35:00+00:00,495,139,153,1,3099
2026-09-02T22:36:00+00:00,499,144,152,1,3097
2026-09-02T22:37:00+00:00,497,155,164,0,3072
2026-09-02T22:38:00+00:00,500,184,159,0,3112
2026-09-02T22:39:00+00:00,495,139,130,1,3086
2026-09-02T22:40:00+00:00,499,136,149,0,3101
2026-09-02T22:41:00+00:00,500,153,173,2,3114
2026-09-02T22:42:00+00:00,494,141,142,0,3108
2026-09-02T22:43:00+00:00,498,152,155,0,3104
2026-09-02T22:44:00+00:00,495,145,134,4,3012
2026-09-02T22:45:00+00:00,497,122,110,1,3116
2026-09-02T22:46:00+00:00,498,150,177,2,3058
2026-09-02T22:47:00+00:00,498,142,118,1,3046
2026-09-02T22:48:00+00:00,500,147,121,0,3049
2026-09-02T22:49:00+00:00,501,145,160,2,3063
2026-09-02T22:50:00+00:00,495,148,149,0,3065
2026-09-02T22:51:00+00:00,497,155,156,0,3101
2026-09-02T22:52:00+00:00,500,125,122,1,3098
2026-09-02T22:53:00+00:00,497,142,142,0,3126
2026-09-02T22:54:00+00:00,495,152,163,5,3115
2026-09-02T22:55:00+00:00,495,143,150,1,3140
2026-09-02T22:56:00+00:00,497,134,150,0,3059
2026-09-02T22:57:00+00:00,496,126,133,0,3080
2026-09-02T22:58:00+00:00,496,148,144,8,3005
2026-09-02T22:59:00+00:00,501,132,142,3,3067
2026-09-02T23:00:00+00:00,496,135,124,0,3041
2026-09-02T23:01:00+00:00,495,147,143,1,3092
2026-09-02T23:02:00+00:00,496,145,142,0,3065
2026-09-02T23:03:00+00:00,496,145,137,1,3053
2026-09-02T23:04:00+00:00,498,135,123,0,3055
2026-09-02T23:05:00+00:00,499,126,121,2,3066
2026-09-02T23:06:00+00:00,500,101,105,1,3060
2026-09-02T23:07:00+00:00,497,143,150,11,3097
2026-09-02T23:08:00+00:00,500,120,127,0,3094
2026-09-02T23:09:00+00:00,494,120,113,0,3111
2026-09-02T23:10:00+00:00,499,133,143,1,3033
2026-09-02T23:11:00+00:00,500,143,140,15,3062
2026-09-02T23:12:00+00:00,495,105,121,0,3059
2026-09-02T23:13:00+00:00,497,131,129,0,3077
2026-09-02T23:14:00+00:00,498,118,110,1,3062
2026-09-02T23:15:00+00:00,498,163,164,0,3042
2026-09-02T23:16:00+00:00,495,121,129,5,3057
2026-09-02T23:17:00+00:00,497,120,124,2,3079
2026-09-02T23:18:00+00:00,500,150,171,0,3096
2026-09-02T23:19:00+00:00,495,135,112,0,3099
2026-09-02T23:20:00+00:00,495,156,151,2,3077
2026-09-02T23:21:00+00:00,499,131,133,8,3107
2026-09-02T23:22:00+00:00,497,166,175,5,3091
2026-09-02T23:23:00+00:00,496,129,126,0,3052
2026-09-02T23:24:00+00:00,495,129,130,5,3082
2026-09-02T23:25:00+00:00,496,135,129,3,3037
2026-09-02T23:26:00+00:00,495,134,143,7,3083
2026-09-02T23:27:00+00:00,498,161,178,0,3137
2026-09-02T23:28:00+00:00,495,154,141,10,3088
2026-09-02T23:29:00+00:00,496,161,162,8,3043
2026-09-02T23:30:00+00:00,495,157,160,0,3094
2026-09-02T23:31:00+00:00,495,156,161,2,3113
2026-09-02T23:32:00+00:00,498,149,133,5,3009
2026-09-02T23:33:00+00:00,500,132,137,0,3080
2026-09-02T23:34:00+00:00,499,141,155,0,3068
2026-09-02T23:35:00+00:00,495,171,165,2,3007
2026-09-02T23:36:00+00:00,498,163,161,0,3036
2026-09-02T23:37:00+00:00,495,146,145,0,3068
2026-09-02T23:38:00+00:00,498,147,147,0,3043
2026-09-02T23:39:00+00:00,497,129,134,1,3054
2026-09-02T23:40:00+00:00,496,145,141,2,3107
2026-09-02T23:41:00+00:00,494,154,137,4,3075
2026-09-02T23:42:00+00:00,500,142,171,1,3033
2026-09-02T23:43:00+00:00,496,132,118,0,3058
2026-09-02T23:44:00+00:00,500,141,145,0,3113
2026-09-02T23:45:00+00:00,495,164,155,2,3055
2026-09-02T23:46:00+00:00,496,137,142,0,3108
2026-09-02T23:47:00+00:00,497,135,148,0,3061
2026-09-02T23:48:00+00:00,496,124,121,0,3060
2026-09-02T23:49:00+00:00,498,171,164,2,3013
2026-09-02T23:50:00+00:00,497,146,142,0,3055
2026-09-02T23:51:00+00:00,498,163,143,0,2987
2026-09-02T23:52:00+00:00,495,112,117,0,3084
2026-09-02T23:53:00+00:00,495,127,156,0,3087
2026-09-02T23:54:00+00:00,500,137,131,14,3066
2026-09-02T23:55:00+00:00,499,144,158,0,3079
2026-09-02T23:56:00+00:00,497,161,168,2,3061
2026-09-02T23:57:00+00:00,494,143,135,0,3093
2026-09-02T23:58:00+00:00,497,137,151,13,3055
2026-09-02T23:59:00+00:00,497,148,161,0,2983
2026-09-03T00:00:00+00:00,495,196,211,9,3050
2026-09-03T00:01:00+00:00,494,99,102,2,3038
2026-09-03T00:02:00+00:00,494,164,152,0,3061
2026-09-03T00:03:00+00:00,497,173,161,1,3033
2026-09-03T00:04:00+00:00,499,166,150,1,3046
2026-09-03T00:05:00+00:00,494,124,133,7,2994
2026-09-03T00:06:00+00:00,496,113,148,0,3036
2026-09-03T00:07:00+00:00,499,198,226,1,3047
2026-09-03T00:08:00+00:00,500,109,114,1,3001
2026-09-03T00:09:00+00:00,496,101,109,0,3092
2026-09-03T00:10:00+00:00,497,159,144,0,3068
2026-09-03T00:11:00+00:00,496,128,136,0,3008
2026-09-03T00:12:00+00:00,496,147,134,0,2981
2026-09-03T00:13:00+00:00,498,104,120,0,3011
2026-09-03T00:14:00+00:00,498,105,133,3,3030
2026-09-03T00:15:00+00:00,495,187,174,1,3009
2026-09-03T00:16:00+00:00,497,178,175,9,3103
2026-09-03T00:17:00+00:00,494,137,134,1,3034
2026-09-03T00:18:00+00:00,498,156,145,0,2999
2026-09-03T00:19:00+00:00,497,131,121,4,3038
2026-09-03T00:20:00+00:00,498,156,165,0,2993
2026-09-03T00:21:00+00:00,496,132,122,0,3067
2026-09-03T00:22:00+00:00,498,128,151,2,3072
2026-09-03T00:23:00+00:00,497,173,158,5,3024
2026-09-03T00:24:00+00:00,498,124,156,2,3041
2026-09-03T00:25:00+00:00,498,150,147,0,3048
2026-09-03T00:26:00+00:00,495,105,102,1,3040
2026-09-03T00:27:00+00:00,497,145,155,0,2973
2026-09-03T00:28:00+00:00,499,156,139,3,3008
2026-09-03T00:29:00+00:00,495,142,139,7,3058
2026-09-03T00:30:00+00:00,496,100,109,0,3042
2026-09-03T00:31:00+00:00,496,135,187,6,2978
2026-09-03T00:32:00+00:00,498,151,162,0,3059
2026-09-03T00:33:00+00:00,494,162,157,0,3091
2026-09-03T00:34:00+00:00,498,151,148,0,3004
2026-09-03T00:35:00+00:00,495,185,185,2,3047
2026-09-03T00:36:00+00:00,498,197,192,0,3031
2026-09-03T00:37:00+00:00,498,129,135,2,3043
2026-09-03T00:38:00+00:00,494,211,191,1,3060
2026-09-03T00:39:00+00:00,499,145,144,0,3022
2026-09-03T00:40:00+00:00,496,165,148,0,3027
2026-09-03T00:41:00+00:00,498,104,112,6,3045
2026-09-03T00:42:00+00:00,494,163,147,1,3024
2026-09-03T00:43:00+00:00,500,167,146,1,3002
2026-09-03T00:44:00+00:00,496,113,129,2,2973
2026-09-03T00:45:00+00:00,495,160,169,7,3032
2026-09-03T00:46:00+00:00,497,158,168,3,3068
2026-09-03T00:47:00+00:00,494,135,141,0,3045
2026-09-03T00:48:00+00:00,500,129,138,1,2993
2026-09-03T00:49:00+00:00,495,154,147,0,3011
2026-09-03T00:50:00+00:00,498,100,104,0,3049
2026-09-03T00:51:00+00:00,500,134,127,10,3062
2026-09-03T00:52:00+00:00,496,115,136,2,3005
2026-09-03T00:53:00+00:00,497,111,120,2,3022
2026-09-03T00:54:00+00:00,500,102,110,0,3052
2026-09-03T00:55:00+00:00,496,151,168,1,2997
2026-09-03T00:56:00+00:00,501,124,131,1,3089
2026-09-03T00:57:00+00:00,500,123,122,0,3087
2026-09-03T00:58:00+00:00,497,103,115,7,3045
2026-09-03T00:59:00+00:00,494,172,179,1,3031
2026-09-03T01:00:00+00:00,499,199,214,2,3034
2026-09-03T01:01:00+00:00,496,158,148,2,3040
2026-09-03T01:02:00+00:00,498,130,132,0,3005
2026-09-03T01:03:00+00:00,497,104,104,11,3037
2026-09-03T01:04:00+00:00,497,181,185,0,3081
2026-09-03T01:05:00+00:00,498,102,102,0,3052
2026-09-03T01:06:00+00:00,498,180,168,0,3009
2026-09-03T01:07:00+00:00,498,101,127,5,3029
2026-09-03T01:08:00+00:00,499,167,160,1,3063
2026-09-03T01:09:00+00:00,495,99,102,0,3008
2026-09-03T01:10:00+00:00,495,120,119,0,2985
2026-09-03T01:11:00+00:00,495,139,148,1,3012
2026-09-03T01:12:00+00:00,497,188,181,0,3059
2026-09-03T01:13:00+00:00,497,110,102,0,3014
2026-09-03T01:14:00+00:00,495,159,144,0,3021
2026-09-03T01:15:00+00:00,500,159,144,1,3025
2026-09-03T01:16:00+00:00,495,127,115,2,3055
2026-09-03T01:17:00+00:00,496,121,116,1,2977
2026-09-03T01:18:00+00:00,497,180,160,2,3086
2026-09-03T01:19:00+00:00,495,144,160,0,2991
2026-09-03T01:20:00+00:00,494,134,137,2,2971
2026-09-03T01:21:00+00:00,494,131,133,0,3006
2026-09-03T01:22:00+00:00,499,143,157,5,3014
2026-09-03T01:23:00+00:00,501,101,123,1,3007
2026-09-03T01:24:00+00:00,496,123,142,0,3028
2026-09-03T01:25:00+00:00,496,135,148,0,3107
2026-09-03T01:26:00+00:00,499,156,157,4,3021
2026-09-03T01:27:00+00:00,497,107,120,2,3077
2026-09-03T01:28:00+00:00,497,189,197,1,2983
2026-09-03T01:29:00+00:00,499,127,164,0,3001
2026-09-03T01:30:00+00:00,494,101,99,0,3070
2026-09-03T01:31:00+00:00,495,173,163,2,3027
2026-09-03T01:32:00+00:00,499,161,161,0,3037
2026-09-03T01:33:00+00:00,498,153,161,0,3107
2026-09-03T01:34:00+00:00,494,99,103,2,3052
2026-09-03T01:35:00+00:00,499,113,124,0,3063
2026-09-03T01:36:00+00:00,498,126,131,1,2965
2026-09-03T01:37:00+00:00,497,203,182,19,3033
2026-09-03T01:38:00+00:00,498,118,142,0,3056
2026-09-03T01:39:00+00:00,495,163,187,1,3001
2026-09-03T01:40:00+00:00,498,176,169,0,3008
2026-09-03T01:41:00+00:00,496,147,157,0,3082
2026-09-03T01:42:00+00:00,499,102,100,0,3016
2026-09-03T01:43:00+00:00,498,124,113,0,3020
2026-09-03T01:44:00+00:00,499,116,102,2,3076
2026-09-03T01:45:00+00:00,496,203,185,0,3033
2026-09-03T01:46:00+00:00,500,146,168,9,3048
2026-09-03T01:47:00+00:00,501,102,127,0,3014
2026-09-03T01:48:00+00:00,495,155,165,6,3078
2026-09-03T01:49:00+00:00,494,157,153,2,3021
2026-09-03T01:50:00+00:00,494,195,193,0,3027
2026-09-03T01:51:00+00:00,497,140,139,0,3080
2026-09-03T01:52:00+00:00,498,103,100,0,3018
2026-09-03T01:53:00+00:00,498,128,119,0,3007
2026-09-03T01:54:00+00:00,497,197,197,0,3019
2026-09-03T01:55:00+00:00,499,117,111,0,3037
2026-09-03T01:56:00+00:00,499,121,106,0,3033
2026-09-03T01:57:00+00:00,498,135,152,0,3050
2026-09-03T01:58:00+00:00,501,124,129,11,3058
2026-09-03T01:59:00+00:00,497,140,145,0,2994
2026-09-03T02:00:00+00:00,494,158,157,0,3015
2026-09-03T02:01:00+00:00,496,201,183,13,3018
2026-09-03T02:02:00+00:00,494,167,176,2,3033
2026-09-03T02:03:00+00:00,494,128,123,3,3034
2026-09-03T02:04:00+00:00,498,153,158,2,2990
2026-09-03T02:05:00+00:00,499,103,112,3,3081
2026-09-03T02:06:00+00:00,495,151,165,2,3031
2026-09-03T02:07:00+00:00,501,126,131,2,3073
2026-09-03T02:08:00+00:00,495,103,111,1,3011
2026-09-03T02:09:00+00:00,496,146,154,0,3028
2026-09-03T02:10:00+00:00,495,138,119,16,3076
2026-09-03T02:11:00+00:00,500,103,105,0,3060
2026-09-03T02:12:00+00:00,497,150,151,0,3049
2026-09-03T02:13:00+00:00,495,217,211,0,3089
2026-09-03T02:14:00+00:00,498,201,205,2,3083
2026-09-03T02:15:00+00:00,499,123,122,6,3053
2026-09-03T02:16:00+00:00,495,140,132,18,3032
2026-09-03T02:17:00+00:00,496,125,121,4,2999
2026-09-03T02:18:00+00:00,498,132,136,0,3097
2026-09-03T02:19:00+00:00,499,145,135,0,3028
2026-09-03T02:20:00+00:00,496,129,113,0,3028
2026-09-03T02:21:00+00:00,498,142,131,1,3030
2026-09-03T02:22:00+00:00,495,129,138,2,3000
2026-09-03T02:23:00+00:00,497,166,170,1,3065
2026-09-03T02:24:00+00:00,499,133,140,0,2974
2026-09-03T02:25:00+00:00,496,197,203,0,3058
2026-09-03T02:26:00+00:00,494,126,149,2,3048
2026-09-03T02:27:00+00:00,497,101,122,0,3034
2026-09-03T02:28:00+00:00,496,161,160,0,3006
2026-09-03T02:29:00+00:00,499,192,188,0,2978
2026-09-03T02:30:00+00:00,498,150,146,8,2911
2026-09-03T02:31:00+00:00,497,124,130,2,3033
2026-09-03T02:32:00+00:00,497,151,138,0,3066
2026-09-03T02:33:00+00:00,495,129,137,0,3069
2026-09-03T02:34:00+00:00,499,129,133,7,2980
2026-09-03T02:35:00+00:00,498,160,152,0,3086
2026-09-03T02:36:00+00:00,498,215,207,0,2986
2026-09-03T02:37:00+00:00,498,123,139,0,3019
2026-09-03T02:38:00+00:00,497,152,156,3,3076
2026-09-03T02:39:00+00:00,497,100,114,2,3011
2026-09-03T02:40:00+00:00,495,145,135,2,3023
2026-09-03T02:41:00+00:00,495,149,150,0,3044
2026-09-03T02:42:00+00:00,498,165,155,0,3055
2026-09-03T02:43:00+00:00,498,130,125,1,3052
2026-09-03T02:44:00+00:00,497,139,138,4,2986
2026-09-03T02:45:00+00:00,495,158,158,0,2995
2026-09-03T02:46:00+00:00,497,140,143,4,3051
2026-09-03T02:47:00+00:00,498,140,133,2,3034
2026-09-03T02:48:00+00:00,497,135,139,2,3015
2026-09-03T02:49:00+00:00,496,156,150,0,3055
2026-09-03T02:50:00+00:00,495,150,145,13,3064
2026-09-03T02:51:00+00:00,495,101,102,0,3062
2026-09-03T02:52:00+00:00,498,124,129,6,3052
2026-09-03T02:53:00+00:00,496,181,190,1,3072
2026-09-03T02:54:00+00:00,495,117,126,0,3019
2026-09-03T02:55:00+00:00,499,135,140,13,3070
2026-09-03T02:56:00+00:00,499,196,197,0,3042
2026-09-03T02:57:00+00:00,498,148,154,0,2974
2026-09-03T02:58:00+00:00,497,165,174,2,3000
2026-09-03T02:59:00+00:00,498,130,141,0,2997
2026-09-03T03:00:00+00:00,495,136,133,0,3055
2026-09-03T03:01:00+00:00,495,102,112,0,3025
2026-09-03T03:02:00+00:00,496,114,98,5,3073
2026-09-03T03:03:00+00:00,495,129,134,1,2973
2026-09-03T03:04:00+00:00,500,100,127,0,3021
2026-09-03T03:05:00+00:00,496,168,150,8,3011
2026-09-03T03:06:00+00:00,499,111,117,1,3037
2026-09-03T03:07:00+00:00,498,161,148,0,3041
2026-09-03T03:08:00+00:00,495,114,133,2,3428
2026-09-03T03:09:00+00:00,498,164,139,0,3467
2026-09-03T03:10:00+00:00,498,153,164,0,3443
2026-09-03T03:11:00+00:00,495,189,178,0,3439
2026-09-03T03:12:00+00:00,495,106,120,6,3447
2026-09-03T03:13:00+00:00,496,176,183,0,3461
2026-09-03T03:14:00+00:00,497,104,106,0,3417
2026-09-03T03:15:00+00:00,496,148,140,1,3463
2026-09-03T03:16:00+00:00,497,155,148,0,3410
2026-09-03T03:17:00+00:00,495,138,135,3,3433
2026-09-03T03:18:00+00:00,500,151,135,0,3449
2026-09-03T03:19:00+00:00,500,181,182,0,3449
2026-09-03T03:20:00+00:00,495,112,118,1,3438
2026-09-03T03:21:00+00:00,495,130,141,2,3468
2026-09-03T03:22:00+00:00,495,180,152,7,3441
2026-09-03T03:23:00+00:00,498,219,219,0,3433
2026-09-03T03:24:00+00:00,495,103,102,2,2989
2026-09-03T03:25:00+00:00,496,158,167,3,3015
2026-09-03T03:26:00+00:00,495,188,192,19,3010
2026-09-03T03:27:00+00:00,496,151,172,10,3037
2026-09-03T03:28:00+00:00,497,162,146,0,3062
2026-09-03T03:29:00+00:00,499,152,157,2,3062
2026-09-03T03:30:00+00:00,497,103,104,0,3033
2026-09-03T03:31:00+00:00,498,148,140,0,3049
2026-09-03T03:32:00+00:00,495,173,158,9,3081
2026-09-03T03:33:00+00:00,498,147,159,0,3006
2026-09-03T03:34:00+00:00,498,121,115,0,3050
2026-09-03T03:35:00+00:00,496,149,157,2,2987
2026-09-03T03:36:00+00:00,496,133,130,2,2987
2026-09-03T03:37:00+00:00,498,151,120,2,3022
2026-09-03T03:38:00+00:00,499,132,112,1,3058
2026-09-03T03:39:00+00:00,497,153,166,0,3072
2026-09-03T03:40:00+00:00,498,145,135,1,3081
2026-09-03T03:41:00+00:00,494,168,154,15,3076
2026-09-03T03:42:00+00:00,494,127,114,0,2988
2026-09-03T03:43:00+00:00,497,157,163,0,2986
2026-09-03T03:44:00+00:00,497,122,117,0,2984
2026-09-03T03:45:00+00:00,495,139,141,1,3064
2026-09-03T03:46:00+00:00,496,160,166,0,2973
2026-09-03T03:47:00+00:00,497,177,206,1,2997
2026-09-03T03:48:00+00:00,495,126,113,2,3072
2026-09-03T03:49:00+00:00,498,179,171,12,3049
2026-09-03T03:50:00+00:00,498,144,153,0,2995
2026-09-03T03:51:00+00:00,499,150,157,2,3025
2026-09-03T03:52:00+00:00,496,102,100,0,3114
2026-09-03T03:53:00+00:00,498,125,143,0,2971
2026-09-03T03:54:00+00:00,501,135,138,0,3029
2026-09-03T03:55:00+00:00,497,125,103,1,3080
2026-09-03T03:56:00+00:00,496,168,165,13,3028
2026-09-03T03:57:00+00:00,496,149,137,2,3029
2026-09-03T03:58:00+00:00,496,178,166,1,3077
2026-09-03T03:59:00+00:00,499,137,130,0,3047
2026-09-03T04:00:00+00:00,497,132,152,0,3052
2026-09-03T04:01:00+00:00,495,131,154,0,3044
2026-09-03T04:02:00+00:00,500,146,153,2,3075
2026-09-03T04:03:00+00:00,496,152,155,2,3007
2026-09-03T04:04:00+00:00,497,172,165,2,3560
2026-09-03T04:05:00+00:00,501,158,144,0,3533
2026-09-03T04:06:00+00:00,496,150,135,0,3546
2026-09-03T04:07:00+00:00,494,142,114,0,3546
2026-09-03T04:08:00+00:00,496,173,171,0,3528
2026-09-03T04:09:00+00:00,497,116,120,4,3529
2026-09-03T04:10:00+00:00,499,134,127,0,3548
2026-09-03T04:11:00+00:00,495,103,110,0,3536
2026-09-03T04:12:00+00:00,495,121,115,10,3516
2026-09-03T04:13:00+00:00,496,138,111,0,3559
2026-09-03T04:14:00+00:00,496,132,134,15,3529
2026-09-03T04:15:00+00:00,498,139,130,2,3543
2026-09-03T04:16:00+00:00,499,123,139,0,3528
2026-09-03T04:17:00+00:00,497,149,160,3,3515
2026-09-03T04:18:00+00:00,497,130,123,0,3514
2026-09-03T04:19:00+00:00,494,135,149,0,3525
2026-09-03T04:20:00+00:00,497,139,153,0,3517
2026-09-03T04:21:00+00:00,498,171,161,2,3549
2026-09-03T04:22:00+00:00,497,151,129,0,3573
2026-09-03T04:23:00+00:00,501,141,156,1,3527
2026-09-03T04:24:00+00:00,496,115,110,18,3548
2026-09-03T04:25:00+00:00,494,143,141,1,3087
2026-09-03T04:26:00+00:00,498,130,128,2,3035
2026-09-03T04:27:00+00:00,495,117,129,1,3059
2026-09-03T04:28:00+00:00,497,143,166,0,3024
2026-09-03T04:29:00+00:00,499,162,170,0,3011
2026-09-03T04:30:00+00:00,496,148,151,4,3065
2026-09-03T04:31:00+00:00,499,147,158,1,3077
2026-09-03T04:32:00+00:00,497,112,113,6,3031
2026-09-03T04:33:00+00:00,496,138,139,0,3031
2026-09-03T04:34:00+00:00,494,152,141,3,3073
2026-09-03T04:35:00+00:00,497,156,179,1,3039
2026-09-03T04:36:00+00:00,497,196,171,2,3030
2026-09-03T04:37:00+00:00,500,147,133,3,3068
2026-09-03T04:38:00+00:00,497,152,169,0,3007
2026-09-03T04:39:00+00:00,499,125,130,0,3008
2026-09-03T04:40:00+00:00,495,151,142,8,3094
2026-09-03T04:41:00+00:00,496,124,110,1,2991
2026-09-03T04:42:00+00:00,496,146,137,0,2986
2026-09-03T04:43:00+00:00,495,132,129,0,3003
2026-09-03T04:44:00+00:00,496,136,123,0,3039
2026-09-03T04:45:00+00:00,497,141,137,0,3059
2026-09-03T04:46:00+00:00,499,130,121,5,3118
2026-09-03T04:47:00+00:00,497,148,153,10,3039
2026-09-03T04:48:00+00:00,497,172,188,0,3040
2026-09-03T04:49:00+00:00,496,173,156,1,3069
2026-09-03T04:50:00+00:00,497,150,133,8,3060
2026-09-03T04:51:00+00:00,496,169,187,2,3067
2026-09-03T04:52:00+00:00,497,134,143,1,2999
2026-09-03T04:53:00+00:00,499,141,168,0,3013
2026-09-03T04:54:00+00:00,498,153,145,2,2997
2026-09-03T04:55:00+00:00,499,126,145,7,2986
2026-09-03T04:56:00+00:00,494,173,180,1,3075
2026-09-03T04:57:00+00:00,498,163,161,0,3087
2026-09-03T04:58:00+00:00,497,160,171,0,2993
2026-09-03T04:59:00+00:00,496,121,118,0,3079
2026-09-03T05:00:00+00:00,494,145,135,8,3030
2026-09-03T05:01:00+00:00,494,153,143,2,3063
2026-09-03T05:02:00+00:00,496,137,145,0,3067
2026-09-03T05:03:00+00:00,497,169,146,0,3003
2026-09-03T05:04:00+00:00,496,136,149,0,3047
2026-09-03T05:05:00+00:00,499,161,157,0,3062
2026-09-03T05:06:00+00:00,496,153,136,0,3012
2026-09-03T05:07:00+00:00,498,121,129,0,3090
2026-09-03T05:08:00+00:00,497,158,154,0,3072
2026-09-03T05:09:00+00:00,496,156,140,1,3031
2026-09-03T05:10:00+00:00,497,147,124,3,2998
2026-09-03T05:11:00+00:00,500,155,135,3,3025
2026-09-03T05:12:00+00:00,495,138,130,0,3006
2026-09-03T05:13:00+00:00,498,156,139,1,3043
2026-09-03T05:14:00+00:00,497,169,168,4,3053
2026-09-03T05:15:00+00:00,497,148,154,1,3022
2026-09-03T05:16:00+00:00,497,141,132,2,3036
2026-09-03T05:17:00+00:00,497,150,157,7,3065
2026-09-03T05:18:00+00:00,500,101,99,10,2984
2026-09-03T05:19:00+00:00,500,126,122,9,3028
2026-09-03T05:20:00+00:00,495,115,112,0,3067
2026-09-03T05:21:00+00:00,501,141,135,0,3060
2026-09-03T05:22:00+00:00,497,113,100,0,3062
2026-09-03T05:23:00+00:00,497,149,143,2,2980
2026-09-03T05:24:00+00:00,498,128,146,2,3028
2026-09-03T05:25:00+00:00,496,156,139,1,3021
2026-09-03T05:26:00+00:00,498,116,111,0,3055
2026-09-03T05:27:00+00:00,497,146,136,2,3065
2026-09-03T05:28:00+00:00,495,136,130,0,3112
2026-09-03T05:29:00+00:00,494,132,146,0,3014
2026-09-03T05:30:00+00:00,494,156,157,1,3028
2026-09-03T05:31:00+00:00,497,147,142,0,3032
2026-09-03T05:32:00+00:00,498,132,155,0,3068
2026-09-03T05:33:00+00:00,496,137,136,16,3014
2026-09-03T05:34:00+00:00,496,161,145,2,3056
2026-09-03T05:35:00+00:00,499,159,180,2,3033
2026-09-03T05:36:00+00:00,496,191,171,2,3062
2026-09-03T05:37:00+00:00,497,148,161,2,3048
2026-09-03T05:38:00+00:00,498,153,135,2,2999
2026-09-03T05:39:00+00:00,498,100,99,0,3024
2026-09-03T05:40:00+00:00,498,165,151,0,3046
2026-09-03T05:41:00+00:00,498,138,164,0,3086
2026-09-03T05:42:00+00:00,496,134,131,2,3047
2026-09-03T05:43:00+00:00,497,155,149,6,3018
2026-09-03T05:44:00+00:00,497,125,118,1,3054
2026-09-03T05:45:00+00:00,495,140,129,15,3099
2026-09-03T05:46:00+00:00,498,140,164,0,3073
2026-09-03T05:47:00+00:00,494,170,179,3,3045
2026-09-03T05:48:00+00:00,500,162,162,7,3020
2026-09-03T05:49:00+00:00,494,146,150,13,3002
2026-09-03T05:50:00+00:00,497,127,136,0,3029
2026-09-03T05:51:00+00:00,500,152,153,4,3038
2026-09-03T05:52:00+00:00,498,148,171,1,3078
2026-09-03T05:53:00+00:00,494,114,119,3,3049
2026-09-03T05:54:00+00:00,499,120,129,4,3078
2026-09-03T05:55:00+00:00,496,132,137,2,3077
2026-09-03T05:56:00+00:00,495,162,150,0,3048
2026-09-03T05:57:00+00:00,498,105,101,0,3143
2026-09-03T05:58:00+00:00,497,119,133,0,3057
2026-09-03T05:59:00+00:00,495,121,123,7,3023
2026-09-03T06:00:00+00:00,499,137,127,1,3023
2026-09-03T06:01:00+00:00,495,144,141,1,3018
2026-09-03T06:02:00+00:00,498,118,142,4,3064
2026-09-03T06:03:00+00:00,497,146,129,1,3058
2026-09-03T06:04:00+00:00,498,112,128,0,3061
2026-09-03T06:05:00+00:00,498,147,148,2,2983
2026-09-03T06:06:00+00:00,497,153,159,13,3054
2026-09-03T06:07:00+00:00,495,119,116,2,3010
2026-09-03T06:08:00+00:00,497,144,132,1,2960
2026-09-03T06:09:00+00:00,500,131,170,0,3054
2026-09-03T06:10:00+00:00,497,174,189,4,2979
2026-09-03T06:11:00+00:00,500,173,169,0,3042
2026-09-03T06:12:00+00:00,496,118,127,2,3068
2026-09-03T06:13:00+00:00,497,139,135,0,3041
2026-09-03T06:14:00+00:00,498,128,134,11,3032
2026-09-03T06:15:00+00:00,494,131,132,0,3059
2026-09-03T06:16:00+00:00,495,159,170,0,3075
2026-09-03T06:17:00+00:00,495,137,138,0,3028
2026-09-03T06:18:00+00:00,500,142,136,0,3093
2026-09-03T06:19:00+00:00,498,143,138,13,3007
2026-09-03T06:20:00+00:00,498,137,154,2,3025
2026-09-03T06:21:00+00:00,501,136,131,1,3048
2026-09-03T06:22:00+00:00,500,144,149,2,3023
2026-09-03T06:23:00+00:00,497,148,136,0,3084
2026-09-03T06:24:00+00:00,496,145,163,1,3093
2026-09-03T06:25:00+00:00,500,144,140,0,3080
2026-09-03T06:26:00+00:00,496,159,148,0,3002
2026-09-03T06:27:00+00:00,496,173,174,0,3113
2026-09-03T06:28:00+00:00,497,148,140,0,3081
2026-09-03T06:29:00+00:00,498,137,133,14,3070
2026-09-03T06:30:00+00:00,499,141,121,0,3088
2026-09-03T06:31:00+00:00,496,128,121,0,3064
2026-09-03T06:32:00+00:00,495,111,128,0,3048
2026-09-03T06:33:00+00:00,498,117,131,1,3062
2026-09-03T06:34:00+00:00,498,132,123,0,2983
2026-09-03T06:35:00+00:00,494,128,138,10,3036
2026-09-03T06:36:00+00:00,499,140,126,2,3086
2026-09-03T06:37:00+00:00,497,178,186,4,3053
2026-09-03T06:38:00+00:00,496,145,143,0,3064
2026-09-03T06:39:00+00:00,499,127,141,4,3096
2026-09-03T06:40:00+00:00,497,145,159,1,3081
2026-09-03T06:41:00+00:00,496,160,150,0,3111
2026-09-03T06:42:00+00:00,497,159,149,4,3084
2026-09-03T06:43:00+00:00,494,151,163,0,3029
2026-09-03T06:44:00+00:00,500,119,118,0,3084
2026-09-03T06:45:00+00:00,498,160,171,2,3019
2026-09-03T06:46:00+00:00,494,132,136,0,3062
2026-09-03T06:47:00+00:00,499,164,160,2,3031
2026-09-03T06:48:00+00:00,497,144,143,0,3131
2026-09-03T06:49:00+00:00,497,148,153,6,3105
2026-09-03T06:50:00+00:00,494,153,150,0,3076
2026-09-03T06:51:00+00:00,499,121,120,0,3071
2026-09-03T06:52:00+00:00,497,132,147,1,3067
2026-09-03T06:53:00+00:00,495,136,144,1,3090
2026-09-03T06:54:00+00:00,497,132,129,0,3048
2026-09-03T06:55:00+00:00,498,134,137,0,3098
2026-09-03T06:56:00+00:00,497,132,128,1,3088
2026-09-03T06:57:00+00:00,497,152,146,3,3082
2026-09-03T06:58:00+00:00,496,109,136,0,3060
2026-09-03T06:59:00+00:00,496,134,132,2,3056
2026-09-03T07:00:00+00:00,496,142,162,0,3065
2026-09-03T07:01:00+00:00,497,118,125,0,3102
2026-09-03T07:02:00+00:00,500,130,124,0,3093
2026-09-03T07:03:00+00:00,499,106,113,8,3062
2026-09-03T07:04:00+00:00,495,160,150,2,3085
2026-09-03T07:05:00+00:00,494,108,109,0,3101
2026-09-03T07:06:00+00:00,497,159,133,9,3048
2026-09-03T07:07:00+00:00,498,140,138,0,3186
2026-09-03T07:08:00+00:00,498,127,112,1,3074
2026-09-03T07:09:00+00:00,499,128,147,1,3071
2026-09-03T07:10:00+00:00,500,149,168,0,3091
2026-09-03T07:11:00+00:00,498,153,169,0,3125
2026-09-03T07:12:00+00:00,497,142,133,17,3124
2026-09-03T07:13:00+00:00,497,123,109,0,3035
2026-09-03T07:14:00+00:00,495,149,148,1,3099
2026-09-03T07:15:00+00:00,498,157,170,0,3105
2026-09-03T07:16:00+00:00,495,124,135,0,3109
2026-09-03T07:17:00+00:00,499,134,146,2,3125
2026-09-03T07:18:00+00:00,495,113,114,0,3075
2026-09-03T07:19:00+00:00,498,110,119,0,3110
2026-09-03T07:20:00+00:00,496,110,119,2,3093
2026-09-03T07:21:00+00:00,497,144,145,0,3074
2026-09-03T07:22:00+00:00,498,141,147,0,3094
2026-09-03T07:23:00+00:00,496,144,161,0,3110
2026-09-03T07:24:00+00:00,496,145,145,11,3135
2026-09-03T07:25:00+00:00,495,121,164,1,3147
2026-09-03T07:26:00+00:00,497,143,133,0,3081
2026-09-03T07:27:00+00:00,496,155,175,8,3103
2026-09-03T07:28:00+00:00,495,152,167,0,3112
2026-09-03T07:29:00+00:00,498,147,148,0,3075
2026-09-03T07:30:00+00:00,495,136,129,1,3132
2026-09-03T07:31:00+00:00,496,141,140,0,3057
2026-09-03T07:32:00+00:00,498,137,142,1,3083
2026-09-03T07:33:00+00:00,495,151,144,2,3134
2026-09-03T07:34:00+00:00,497,132,136,11,3106
2026-09-03T07:35:00+00:00,495,156,150,2,3123
2026-09-03T07:36:00+00:00,494,154,158,1,3009
2026-09-03T07:37:00+00:00,496,140,159,1,3119
2026-09-03T07:38:00+00:00,497,180,192,0,3044
2026-09-03T07:39:00+00:00,497,146,139,0,3135
2026-09-03T07:40:00+00:00,497,156,146,0,3078
2026-09-03T07:41:00+00:00,496,132,115,1,3066
2026-09-03T07:42:00+00:00,496,144,155,1,3078
2026-09-03T07:43:00+00:00,498,130,135,0,3144
2026-09-03T07:44:00+00:00,496,141,132,0,3134
2026-09-03T07:45:00+00:00,496,146,140,0,3127
2026-09-03T07:46:00+00:00,499,145,128,1,3102
2026-09-03T07:47:00+00:00,496,162,166,9,3132
2026-09-03T07:48:00+00:00,498,130,129,0,3107
2026-09-03T07:49:00+00:00,498,153,163,13,3095
2026-09-03T07:50:00+00:00,495,131,137,11,3128
2026-09-03T07:51:00+00:00,497,151,153,2,3157
2026-09-03T07:52:00+00:00,499,156,142,9,3103
2026-09-03T07:53:00+00:00,498,126,132,1,3105
2026-09-03T07:54:00+00:00,496,131,154,1,3138
2026-09-03T07:55:00+00:00,496,135,135,0,3055
2026-09-03T07:56:00+00:00,500,130,148,0,3114
2026-09-03T07:57:00+00:00,499,142,146,10,3156
2026-09-03T07:58:00+00:00,501,138,141,0,3121
2026-09-03T07:59:00+00:00,498,172,147,2,3059
2026-09-03T08:00:00+00:00,497,146,134,3,3134
2026-09-03T08:01:00+00:00,498,127,121,0,3144
2026-09-03T08:02:00+00:00,503,137,161,2,3083
2026-09-03T08:03:00+00:00,500,127,142,1,3187
2026-09-03T08:04:00+00:00,498,148,160,2,3127
2026-09-03T08:05:00+00:00,498,138,153,0,3093
2026-09-03T08:06:00+00:00,500,140,133,21,3159
2026-09-03T08:07:00+00:00,501,140,163,1,3104
2026-09-03T08:08:00+00:00,499,114,129,5,3127
2026-09-03T08:09:00+00:00,503,123,144,0,3074
2026-09-03T08:10:00+00:00,500,128,132,0,3119
2026-09-03T08:11:00+00:00,503,161,124,5,3161
2026-09-03T08:12:00+00:00,503,149,156,0,3108
2026-09-03T08:13:00+00:00,499,145,139,1,3097
2026-09-03T08:14:00+00:00,499,168,149,0,3122
2026-09-03T08:15:00+00:00,500,131,120,1,3147
2026-09-03T08:16:00+00:00,501,153,143,8,3136
2026-09-03T08:17:00+00:00,500,125,124,0,3133
2026-09-03T08:18:00+00:00,505,142,135,0,3105
2026-09-03T08:19:00+00:00,496,144,142,12,3156
2026-09-03T08:20:00+00:00,498,163,169,2,3149
2026-09-03T08:21:00+00:00,508,133,126,0,3147
2026-09-03T08:22:00+00:00,499,167,131,1,3131
2026-09-03T08:23:00+00:00,498,137,138,0,3170
2026-09-03T08:24:00+00:00,503,156,151,0,3157
2026-09-03T08:25:00+00:00,498,154,145,11,3105
2026-09-03T08:26:00+00:00,498,147,148,0,3151
2026-09-03T08:27:00+00:00,500,143,160,0,3185
2026-09-03T08:28:00+00:00,500,121,115,9,3192
2026-09-03T08:29:00+00:00,497,142,163,2,3177
2026-09-03T08:30:00+00:00,507,168,178,1,3159
2026-09-03T08:31:00+00:00,507,148,147,1,3155
2026-09-03T08:32:00+00:00,507,165,153,1,3195
2026-09-03T08:33:00+00:00,498,156,168,1,3154
2026-09-03T08:34:00+00:00,499,170,174,2,3153
2026-09-03T08:35:00+00:00,507,136,166,0,3144
2026-09-03T08:36:00+00:00,498,141,128,0,3157
2026-09-03T08:37:00+00:00,508,164,157,0,3159
2026-09-03T08:38:00+00:00,499,160,152,1,3210
2026-09-03T08:39:00+00:00,497,130,142,0,3098
2026-09-03T08:40:00+00:00,499,117,100,0,3179
2026-09-03T08:41:00+00:00,510,138,130,7,3194
2026-09-03T08:42:00+00:00,498,114,116,16,3131
2026-09-03T08:43:00+00:00,497,157,154,0,3176
2026-09-03T08:44:00+00:00,513,168,178,0,3144
2026-09-03T08:45:00+00:00,498,151,149,0,3199
2026-09-03T08:46:00+00:00,511,145,140,0,3255
2026-09-03T08:47:00+00:00,499,139,171,0,3209
2026-09-03T08:48:00+00:00,509,140,123,1,3203
2026-09-03T08:49:00+00:00,513,161,143,0,3182
2026-09-03T08:50:00+00:00,496,134,147,0,3213
2026-09-03T08:51:00+00:00,501,148,150,1,3171
2026-09-03T08:52:00+00:00,501,141,139,0,3174
2026-09-03T08:53:00+00:00,498,144,165,14,3199
2026-09-03T08:54:00+00:00,500,129,142,2,3136
2026-09-03T08:55:00+00:00,497,160,158,1,3205
2026-09-03T08:56:00+00:00,497,148,150,0,3162
2026-09-03T08:57:00+00:00,499,150,145,3,3195
2026-09-03T08:58:00+00:00,510,137,131,0,3206
2026-09-03T08:59:00+00:00,497,177,171,3,3167
2026-09-03T09:00:00+00:00,497,153,133,2,3212
2026-09-03T09:01:00+00:00,495,111,120,0,3214
2026-09-03T09:02:00+00:00,497,124,112,11,3146
2026-09-03T09:03:00+00:00,511,135,134,4,3218
2026-09-03T09:04:00+00:00,496,168,156,1,3235
2026-09-03T09:05:00+00:00,496,126,125,0,3191
2026-09-03T09:06:00+00:00,496,131,127,1,3211
2026-09-03T09:07:00+00:00,497,162,138,1,3231
2026-09-03T09:08:00+00:00,522,133,139,2,3177
2026-09-03T09:09:00+00:00,497,166,155,0,3215
2026-09-03T09:10:00+00:00,498,134,140,0,3179
2026-09-03T09:11:00+00:00,497,125,133,13,3190
2026-09-03T09:12:00+00:00,499,135,156,0,3149
2026-09-03T09:13:00+00:00,497,119,115,0,3203
2026-09-03T09:14:00+00:00,521,147,144,10,3160
2026-09-03T09:15:00+00:00,497,154,151,1,3178
2026-09-03T09:16:00+00:00,518,125,130,0,3214
2026-09-03T09:17:00+00:00,497,137,153,0,3173
2026-09-03T09:18:00+00:00,500,149,140,0,3177
2026-09-03T09:19:00+00:00,523,148,146,5,3175
2026-09-03T09:20:00+00:00,499,166,168,1,3208
2026-09-03T09:21:00+00:00,529,160,140,2,3168
2026-09-03T09:22:00+00:00,501,144,128,2,3258
2026-09-03T09:23:00+00:00,496,123,142,0,3222
2026-09-03T09:24:00+00:00,497,160,165,0,3213
2026-09-03T09:25:00+00:00,526,148,145,2,3198
2026-09-03T09:26:00+00:00,530,143,156,0,3224
2026-09-03T09:27:00+00:00,497,138,138,15,3174
2026-09-03T09:28:00+00:00,522,139,145,0,3200
2026-09-03T09:29:00+00:00,498,144,132,0,3198
2026-09-03T09:30:00+00:00,496,157,153,1,3217
2026-09-03T09:31:00+00:00,501,132,120,2,3200
2026-09-03T09:32:00+00:00,522,154,151,0,3181
2026-09-03T09:33:00+00:00,526,136,135,2,3221
2026-09-03T09:34:00+00:00,519,134,155,2,3211
2026-09-03T09:35:00+00:00,496,149,141,0,3210
2026-09-03T09:36:00+00:00,520,129,126,1,3204
2026-09-03T09:37:00+00:00,525,139,148,1,3211
2026-09-03T09:38:00+00:00,497,136,150,0,3214
2026-09-03T09:39:00+00:00,496,120,130,11,3228
2026-09-03T09:40:00+00:00,538,164,160,2,3242
2026-09-03T09:41:00+00:00,498,133,136,0,3223
2026-09-03T09:42:00+00:00,501,148,143,1,3227
2026-09-03T09:43:00+00:00,496,119,129,0,3235
2026-09-03T09:44:00+00:00,525,113,100,12,3207
2026-09-03T09:45:00+00:00,537,131,143,2,3189
2026-09-03T09:46:00+00:00,525,167,136,8,3194
2026-09-03T09:47:00+00:00,530,133,150,14,3214
2026-09-03T09:48:00+00:00,499,144,146,1,3229
2026-09-03T09:49:00+00:00,495,151,158,0,3202
2026-09-03T09:50:00+00:00,546,151,145,1,3205
2026-09-03T09:51:00+00:00,544,121,150,0,3216
2026-09-03T09:52:00+00:00,527,162,140,2,3158
2026-09-03T09:53:00+00:00,535,134,139,0,3203
2026-09-03T09:54:00+00:00,497,140,128,11,3235
2026-09-03T09:55:00+00:00,495,126,121,2,3231
2026-09-03T09:56:00+00:00,535,125,147,0,3172
2026-09-03T09:57:00+00:00,498,126,137,0,3230
2026-09-03T09:58:00+00:00,528,139,142,4,3206
2026-09-03T09:59:00+00:00,497,185,164,2,3165
2026-09-03T10:00:00+00:00,500,110,108,0,3179
2026-09-03T10:01:00+00:00,529,114,118,4,3178
2026-09-03T10:02:00+00:00,498,144,125,1,3180
2026-09-03T10:03:00+00:00,497,130,140,0,3130
2026-09-03T10:04:00+00:00,534,116,120,2,3215
2026-09-03T10:05:00+00:00,498,125,136,0,3184
2026-09-03T10:06:00+00:00,496,139,178,0,3258
2026-09-03T10:07:00+00:00,496,151,139,0,3219
2026-09-03T10:08:00+00:00,499,153,159,0,3222
2026-09-03T10:09:00+00:00,499,141,147,0,3230
2026-09-03T10:10:00+00:00,533,122,131,0,3275
2026-09-03T10:11:00+00:00,497,151,160,0,3191
2026-09-03T10:12:00+00:00,529,141,131,1,3204
2026-09-03T10:13:00+00:00,553,143,143,0,3204
2026-09-03T10:14:00+00:00,554,152,138,0,3218
2026-09-03T10:15:00+00:00,531,136,143,0,3162
2026-09-03T10:16:00+00:00,497,137,133,0,3197
2026-09-03T10:17:00+00:00,542,133,135,0,3261
2026-09-03T10:18:00+00:00,500,112,132,1,3210
2026-09-03T10:19:00+00:00,496,120,125,0,3190
2026-09-03T10:20:00+00:00,497,135,130,0,3204
2026-09-03T10:21:00+00:00,497,138,165,0,3210
2026-09-03T10:22:00+00:00,536,142,138,0,3180
2026-09-03T10:23:00+00:00,562,165,157,7,3224
2026-09-03T10:24:00+00:00,539,167,202,0,3238
2026-09-03T10:25:00+00:00,501,157,164,0,3238
2026-09-03T10:26:00+00:00,499,145,128,0,3172
2026-09-03T10:27:00+00:00,542,144,143,1,3188
2026-09-03T10:28:00+00:00,497,154,146,0,3234
2026-09-03T10:29:00+00:00,549,175,179,0,3162
2026-09-03T10:30:00+00:00,540,170,160,11,3196
2026-09-03T10:31:00+00:00,563,143,135,0,3222
2026-09-03T10:32:00+00:00,495,126,157,0,3142
2026-09-03T10:33:00+00:00,539,162,155,1,3222
2026-09-03T10:34:00+00:00,545,158,155,2,3229
2026-09-03T10:35:00+00:00,498,144,151,1,3248
2026-09-03T10:36:00+00:00,500,155,151,0,3199
2026-09-03T10:37:00+00:00,497,151,157,0,3165
2026-09-03T10:38:00+00:00,556,132,133,0,3250
2026-09-03T10:39:00+00:00,542,133,153,3,3208
2026-09-03T10:40:00+00:00,555,137,132,1,3177
2026-09-03T10:41:00+00:00,547,124,143,0,3123
2026-09-03T10:42:00+00:00,499,135,146,1,3160
2026-09-03T10:43:00+00:00,563,146,172,0,3216
2026-09-03T10:44:00+00:00,498,117,133,1,3186
2026-09-03T10:45:00+00:00,570,155,145,2,3192
2026-09-03T10:46:00+00:00,499,150,169,0,3217
2026-09-03T10:47:00+00:00,499,133,122,0,3219
2026-09-03T10:48:00+00:00,497,127,166,1,3158
2026-09-03T10:49:00+00:00,544,135,152,5,3206
2026-09-03T10:50:00+00:00,496,120,122,0,3185
2026-09-03T10:51:00+00:00,499,144,155,0,3258
2026-09-03T10:52:00+00:00,539,131,144,0,3232
2026-09-03T10:53:00+00:00,564,162,178,1,3233
2026-09-03T10:54:00+00:00,542,127,129,0,3191
2026-09-03T10:55:00+00:00,499,127,128,0,3207
2026-09-03T10:56:00+00:00,559,146,149,1,3191
2026-09-03T10:57:00+00:00,548,135,134,1,3175
2026-09-03T10:58:00+00:00,574,142,158,0,3179
2026-09-03T10:59:00+00:00,494,131,125,5,3177
2026-09-03T11:00:00+00:00,563,142,136,4,3222
2026-09-03T11:01:00+00:00,580,141,147,1,3158
2026-09-03T11:02:00+00:00,560,155,150,1,3191
2026-09-03T11:03:00+00:00,548,131,123,11,3220
2026-09-03T11:04:00+00:00,572,142,132,0,3150
2026-09-03T11:05:00+00:00,500,155,148,14,3193
2026-09-03T11:06:00+00:00,496,152,148,0,3176
2026-09-03T11:07:00+00:00,581,162,152,0,3178
2026-09-03T11:08:00+00:00,581,158,151,1,3169
2026-09-03T11:09:00+00:00,495,167,157,12,3201
2026-09-03T11:10:00+00:00,557,129,134,2,3198
2026-09-03T11:11:00+00:00,500,129,118,0,3184
2026-09-03T11:12:00+00:00,587,152,170,0,3200
2026-09-03T11:13:00+00:00,558,154,153,2,3175
2026-09-03T11:14:00+00:00,500,158,139,0,3138
2026-09-03T11:15:00+00:00,553,155,157,0,3187
2026-09-03T11:16:00+00:00,497,159,138,1,3202
2026-09-03T11:17:00+00:00,497,131,135,0,3188
2026-09-03T11:18:00+00:00,575,138,145,0,3092
2026-09-03T11:19:00+00:00,497,138,138,7,3188
2026-09-03T11:20:00+00:00,569,161,173,5,3163
2026-09-03T11:21:00+00:00,499,157,126,0,3083
2026-09-03T11:22:00+00:00,565,164,179,19,3117
2026-09-03T11:23:00+00:00,567,131,151,20,3171
2026-09-03T11:24:00+00:00,581,132,140,3,3129
2026-09-03T11:25:00+00:00,495,131,145,0,3113
2026-09-03T11:26:00+00:00,499,144,156,1,3137
2026-09-03T11:27:00+00:00,495,147,151,2,3208
2026-09-03T11:28:00+00:00,498,131,136,1,3126
2026-09-03T11:29:00+00:00,574,145,158,0,3143
2026-09-03T11:30:00+00:00,568,150,150,0,3149
2026-09-03T11:31:00+00:00,580,129,120,7,3156
2026-09-03T11:32:00+00:00,559,147,149,1,3113
2026-09-03T11:33:00+00:00,498,123,122,0,3117
2026-09-03T11:34:00+00:00,498,147,145,0,3161
2026-09-03T11:35:00+00:00,495,119,108,2,3156
2026-09-03T11:36:00+00:00,563,150,160,0,3119
2026-09-03T11:37:00+00:00,569,140,126,0,3106
2026-09-03T11:38:00+00:00,563,151,169,0,3179
2026-09-03T11:39:00+00:00,496,144,137,10,3179
2026-09-03T11:40:00+00:00,497,122,123,1,3151
2026-09-03T11:41:00+00:00,498,147,136,1,3186
2026-09-03T11:42:00+00:00,555,154,151,2,3172
2026-09-03T11:43:00+00:00,497,145,138,4,3159
2026-09-03T11:44:00+00:00,576,155,165,13,3086
2026-09-03T11:45:00+00:00,496,129,141,12,3116
2026-09-03T11:46:00+00:00,496,148,157,0,3155
2026-09-03T11:47:00+00:00,497,134,134,2,3103
2026-09-03T11:48:00+00:00,495,142,136,1,3121
2026-09-03T11:49:00+00:00,567,145,142,1,3098
2026-09-03T11:50:00+00:00,557,137,134,0,3130
2026-09-03T11:51:00+00:00,584,157,137,5,3154
2026-09-03T11:52:00+00:00,597,135,143,2,3143
2026-09-03T11:53:00+00:00,500,130,129,4,3134
2026-09-03T11:54:00+00:00,593,163,151,0,3092
2026-09-03T11:55:00+00:00,566,128,126,1,3112
2026-09-03T11:56:00+00:00,565,139,127,0,3131
2026-09-03T11:57:00+00:00,498,155,149,0,3124
2026-09-03T11:58:00+00:00,583,122,145,0,3132
2026-09-03T11:59:00+00:00,497,137,138,5,3141
2026-09-03T12:00:00+00:00,500,134,121,2,3130
2026-09-03T12:01:00+00:00,499,152,176,1,3080
2026-09-03T12:02:00+00:00,497,152,173,2,3118
2026-09-03T12:03:00+00:00,499,151,139,0,3147
2026-09-03T12:04:00+00:00,575,134,144,18,3122
2026-09-03T12:05:00+00:00,496,136,141,0,3137
2026-09-03T12:06:00+00:00,499,130,112,0,3143
2026-09-03T12:07:00+00:00,499,123,127,2,3141
2026-09-03T12:08:00+00:00,498,162,153,0,3146
2026-09-03T12:09:00+00:00,497,147,147,0,3135
2026-09-03T12:10:00+00:00,591,170,157,9,3151
2026-09-03T12:11:00+00:00,601,160,152,9,3093
2026-09-03T12:12:00+00:00,586,126,143,1,3142
2026-09-03T12:13:00+00:00,495,118,121,8,3116
2026-09-03T12:14:00+00:00,584,139,133,2,3103
2026-09-03T12:15:00+00:00,497,144,135,1,3050
2026-09-03T12:16:00+00:00,575,146,139,1,3155
2026-09-03T12:17:00+00:00,568,152,130,0,3105
2026-09-03T12:18:00+00:00,499,140,135,0,3100
2026-09-03T12:19:00+00:00,595,174,149,0,3081
2026-09-03T12:20:00+00:00,497,151,139,0,3115
2026-09-03T12:21:00+00:00,580,148,154,2,3155
2026-09-03T12:22:00+00:00,565,114,98,0,3128
2026-09-03T12:23:00+00:00,499,167,175,0,3041
2026-09-03T12:24:00+00:00,500,141,151,2,3148
2026-09-03T12:25:00+00:00,499,150,132,2,3060
2026-09-03T12:26:00+00:00,499,124,116,0,3099
2026-09-03T12:27:00+00:00,607,145,148,2,3101
2026-09-03T12:28:00+00:00,498,157,165,0,3089
2026-09-03T12:29:00+00:00,580,151,147,7,3071
2026-09-03T12:30:00+00:00,499,126,150,0,3104
2026-09-03T12:31:00+00:00,496,135,132,9,3087
2026-09-03T12:32:00+00:00,496,127,136,0,3145
2026-09-03T12:33:00+00:00,496,158,154,0,3113
2026-09-03T12:34:00+00:00,581,143,132,0,3151
2026-09-03T12:35:00+00:00,571,166,173,2,3034
2026-09-03T12:36:00+00:00,498,149,152,8,3015
2026-09-03T12:37:00+00:00,499,161,144,0,3095
2026-09-03T12:38:00+00:00,575,123,125,8,3065
2026-09-03T12:39:00+00:00,571,135,145,0,3103
2026-09-03T12:40:00+00:00,598,161,140,2,3082
2026-09-03T12:41:00+00:00,497,144,155,0,3072
2026-09-03T12:42:00+00:00,496,140,139,7,3137
2026-09-03T12:43:00+00:00,597,128,135,0,3096
2026-09-03T12:44:00+00:00,600,141,162,2,3061
2026-09-03T12:45:00+00:00,495,151,199,1,3132
2026-09-03T12:46:00+00:00,499,171,159,5,3078
2026-09-03T12:47:00+00:00,586,135,149,0,3061
2026-09-03T12:48:00+00:00,497,139,147,2,3087
2026-09-03T12:49:00+00:00,499,160,141,12,3121
2026-09-03T12:50:00+00:00,623,150,142,0,3104
2026-09-03T12:51:00+00:00,496,150,176,1,3094
2026-09-03T12:52:00+00:00,498,124,140,0,3057
2026-09-03T12:53:00+00:00,592,151,146,0,3125
2026-09-03T12:54:00+00:00,498,140,127,0,3065
2026-09-03T12:55:00+00:00,498,124,113,1,3048
2026-09-03T12:56:00+00:00,573,141,135,0,3074
2026-09-03T12:57:00+00:00,592,148,160,2,3065
2026-09-03T12:58:00+00:00,606,139,128,2,3086
2026-09-03T12:59:00+00:00,621,155,156,15,3084
2026-09-03T13:00:00+00:00,498,112,109,3,3136
2026-09-03T13:01:00+00:00,497,124,119,2,3101
2026-09-03T13:02:00+00:00,598,131,140,0,3063
2026-09-03T13:03:00+00:00,499,119,130,0,3101
2026-09-03T13:04:00+00:00,570,154,154,2,3062
2026-09-03T13:05:00+00:00,592,133,146,0,3060
2026-09-03T13:06:00+00:00,497,184,184,0,3057
2026-09-03T13:07:00+00:00,498,150,149,10,3010
2026-09-03T13:08:00+00:00,579,149,152,18,3039
2026-09-03T13:09:00+00:00,622,145,151,7,3074
2026-09-03T13:10:00+00:00,496,112,119,2,3065
2026-09-03T13:11:00+00:00,498,132,116,3,3049
2026-09-03T13:12:00+00:00,498,136,146,0,3069
2026-09-03T13:13:00+00:00,496,177,184,0,3056
2026-09-03T13:14:00+00:00,581,137,132,1,3023
2026-09-03T13:15:00+00:00,568,163,171,2,3051
2026-09-03T13:16:00+00:00,499,141,129,0,3024
2026-09-03T13:17:00+00:00,609,150,163,0,3066
2026-09-03T13:18:00+00:00,604,152,149,0,3127
2026-09-03T13:19:00+00:00,496,147,129,0,3091
2026-09-03T13:20:00+00:00,496,139,153,0,3069
2026-09-03T13:21:00+00:00,496,125,120,0,2961
2026-09-03T13:22:00+00:00,606,119,122,0,3067
2026-09-03T13:23:00+00:00,498,148,140,0,3042
2026-09-03T13:24:00+00:00,500,141,159,9,3086
2026-09-03T13:25:00+00:00,496,146,146,16,3076
2026-09-03T13:26:00+00:00,575,118,117,1,3057
2026-09-03T13:27:00+00:00,499,143,143,17,3053
2026-09-03T13:28:00+00:00,587,123,116,1,3130
2026-09-03T13:29:00+00:00,501,150,157,0,3001
2026-09-03T13:30:00+00:00,598,150,139,0,3085
2026-09-03T13:31:00+00:00,496,127,118,1,3028
2026-09-03T13:32:00+00:00,497,155,151,1,3037
2026-09-03T13:33:00+00:00,497,174,178,0,3039
2026-09-03T13:34:00+00:00,497,152,156,0,3096
2026-09-03T13:35:00+00:00,500,162,159,0,3057
2026-09-03T13:36:00+00:00,607,173,184,0,3089
2026-09-03T13:37:00+00:00,500,137,129,0,3051
2026-09-03T13:38:00+00:00,496,149,143,0,3045
2026-09-03T13:39:00+00:00,501,126,144,1,3137
2026-09-03T13:40:00+00:00,580,120,128,0,3065
2026-09-03T13:41:00+00:00,623,133,133,2,3012
2026-09-03T13:42:00+00:00,592,133,130,0,3027
2026-09-03T13:43:00+00:00,500,139,132,2,3074
2026-09-03T13:44:00+00:00,497,134,110,0,3048
2026-09-03T13:45:00+00:00,497,122,117,9,3063
2026-09-03T13:46:00+00:00,500,121,105,4,3083
2026-09-03T13:47:00+00:00,584,142,147,5,3069
2026-09-03T13:48:00+00:00,499,142,141,0,3083
2026-09-03T13:49:00+00:00,597,133,137,0,3080
2026-09-03T13:50:00+00:00,609,137,149,1,3083
2026-09-03T13:51:00+00:00,602,114,118,0,3086
2026-09-03T13:52:00+00:00,618,121,123,0,3025
2026-09-03T13:53:00+00:00,500,128,135,0,3059
2026-09-03T13:54:00+00:00,499,126,121,0,3078
2026-09-03T13:55:00+00:00,497,179,189,0,3040
2026-09-03T13:56:00+00:00,572,159,158,0,2989
2026-09-03T13:57:00+00:00,496,117,102,0,3053
2026-09-03T13:58:00+00:00,499,136,134,2,3025
2026-09-03T13:59:00+00:00,497,144,152,0,3018
2026-09-03T14:00:00+00:00,619,112,120,2,3036
2026-09-03T14:01:00+00:00,498,131,126,11,3066
2026-09-03T14:02:00+00:00,496,151,180,0,2964
2026-09-03T14:03:00+00:00,498,136,127,2,3019
2026-09-03T14:04:00+00:00,608,132,123,0,3030
2026-09-03T14:05:00+00:00,497,124,109,0,3060
2026-09-03T14:06:00+00:00,608,157,143,17,3082
2026-09-03T14:07:00+00:00,500,128,130,2,3078
2026-09-03T14:08:00+00:00,613,145,141,0,3045
2026-09-03T14:09:00+00:00,582,149,147,7,3054
2026-09-03T14:10:00+00:00,581,150,155,0,3072
2026-09-03T14:11:00+00:00,498,131,141,0,3037
2026-09-03T14:12:00+00:00,578,166,181,0,3013
2026-09-03T14:13:00+00:00,614,163,159,2,3058
2026-09-03T14:14:00+00:00,496,122,126,1,3100
2026-09-03T14:15:00+00:00,600,141,141,1,3047
2026-09-03T14:16:00+00:00,496,144,150,8,3067
2026-09-03T14:17:00+00:00,500,153,151,0,3059
2026-09-03T14:18:00+00:00,496,142,152,0,3022
2026-09-03T14:19:00+00:00,496,155,154,0,3059
2026-09-03T14:20:00+00:00,575,132,133,6,3039
2026-09-03T14:21:00+00:00,615,132,125,2,3083
2026-09-03T14:22:00+00:00,498,131,154,0,3009
2026-09-03T14:23:00+00:00,496,158,158,0,3077
2026-09-03T14:24:00+00:00,499,139,152,4,3088
2026-09-03T14:25:00+00:00,500,142,154,0,3004
2026-09-03T14:26:00+00:00,496,123,153,0,3024
2026-09-03T14:27:00+00:00,584,149,131,1,3067
2026-09-03T14:28:00+00:00,498,130,126,2,3008
2026-09-03T14:29:00+00:00,577,136,129,0,3039
2026-09-03T14:30:00+00:00,499,123,128,10,3027
2026-09-03T14:31:00+00:00,580,150,149,0,3020
2026-09-03T14:32:00+00:00,498,137,120,8,3059
2026-09-03T14:33:00+00:00,500,133,142,1,2946
2026-09-03T14:34:00+00:00,586,160,158,0,2996
2026-09-03T14:35:00+00:00,499,179,146,0,3080
2026-09-03T14:36:00+00:00,496,130,128,9,3012
2026-09-03T14:37:00+00:00,569,141,138,0,3033
2026-09-03T14:38:00+00:00,498,129,130,2,3009
2026-09-03T14:39:00+00:00,496,142,142,2,3090
2026-09-03T14:40:00+00:00,496,129,148,0,2990
2026-09-03T14:41:00+00:00,592,147,150,0,3039
2026-09-03T14:42:00+00:00,584,159,161,1,3002
2026-09-03T14:43:00+00:00,559,134,144,9,3014
2026-09-03T14:44:00+00:00,597,168,139,6,3079
2026-09-03T14:45:00+00:00,496,137,132,7,3031
2026-09-03T14:46:00+00:00,561,152,159,0,3025
2026-09-03T14:47:00+00:00,497,140,145,0,3071
2026-09-03T14:48:00+00:00,575,144,135,1,3071
2026-09-03T14:49:00+00:00,570,150,167,0,3045
2026-09-03T14:50:00+00:00,501,116,123,0,3111
2026-09-03T14:51:00+00:00,580,114,136,2,3077
2026-09-03T14:52:00+00:00,581,148,149,2,3016
2026-09-03T14:53:00+00:00,573,159,163,0,3057
2026-09-03T14:54:00+00:00,495,137,141,0,2945
2026-09-03T14:55:00+00:00,497,149,139,1,3106
2026-09-03T14:56:00+00:00,600,153,160,7,3074
2026-09-03T14:57:00+00:00,496,172,171,0,3060
2026-09-03T14:58:00+00:00,572,156,157,2,3014
2026-09-03T14:59:00+00:00,582,114,108,0,3072
2026-09-03T15:00:00+00:00,500,137,151,0,3052
2026-09-03T15:01:00+00:00,499,136,128,10,3064
2026-09-03T15:02:00+00:00,569,131,131,0,3027
2026-09-03T15:03:00+00:00,499,147,166,0,3078
2026-09-03T15:04:00+00:00,498,147,141,0,3059
2026-09-03T15:05:00+00:00,599,137,172,0,3069
2026-09-03T15:06:00+00:00,497,138,138,0,3082
2026-09-03T15:07:00+00:00,573,153,151,0,3092
2026-09-03T15:08:00+00:00,591,146,153,0,3054
2026-09-03T15:09:00+00:00,497,127,124,0,3056
2026-09-03T15:10:00+00:00,597,141,125,0,3004
2026-09-03T15:11:00+00:00,499,136,135,0,3054
2026-09-03T15:12:00+00:00,497,128,136,0,3011
2026-09-03T15:13:00+00:00,582,131,122,2,3012
2026-09-03T15:14:00+00:00,582,118,124,9,3015
2026-09-03T15:15:00+00:00,499,137,146,0,3051
2026-09-03T15:16:00+00:00,573,168,162,0,3063
2026-09-03T15:17:00+00:00,595,158,147,2,3108
2026-09-03T15:18:00+00:00,563,163,132,0,3038
2026-09-03T15:19:00+00:00,562,124,129,0,3101
2026-09-03T15:20:00+00:00,498,156,175,1,3060
2026-09-03T15:21:00+00:00,564,123,138,0,3070
2026-09-03T15:22:00+00:00,495,150,144,0,3084
2026-09-03T15:23:00+00:00,495,140,127,0,3084
2026-09-03T15:24:00+00:00,581,129,144,0,3086
2026-09-03T15:25:00+00:00,552,153,143,0,3101
2026-09-03T15:26:00+00:00,500,142,131,0,3051
2026-09-03T15:27:00+00:00,499,142,136,0,3043
2026-09-03T15:28:00+00:00,497,156,167,0,3085
2026-09-03T15:29:00+00:00,495,134,139,1,3067
2026-09-03T15:30:00+00:00,589,160,133,0,3045
2026-09-03T15:31:00+00:00,558,150,166,4,3001
2026-09-03T15:32:00+00:00,584,149,156,1,3031
2026-09-03T15:33:00+00:00,498,159,152,1,3048
2026-09-03T15:34:00+00:00,500,123,101,0,3061
2026-09-03T15:35:00+00:00,497,143,141,0,3059
2026-09-03T15:36:00+00:00,497,131,165,2,3056
2026-09-03T15:37:00+00:00,499,164,159,11,2967
2026-09-03T15:38:00+00:00,563,147,139,8,3046
2026-09-03T15:39:00+00:00,499,133,128,2,3010
2026-09-03T15:40:00+00:00,579,134,148,0,2990
2026-09-03T15:41:00+00:00,494,124,151,1,3024
2026-09-03T15:42:00+00:00,578,148,135,0,3034
2026-09-03T15:43:00+00:00,579,139,131,0,3096
2026-09-03T15:44:00+00:00,558,142,146,2,3072
2026-09-03T15:45:00+00:00,499,135,132,2,3108
2026-09-03T15:46:00+00:00,582,157,158,0,3065
2026-09-03T15:47:00+00:00,548,144,139,2,3039
2026-09-03T15:48:00+00:00,499,123,124,0,3030
2026-09-03T15:49:00+00:00,558,139,135,11,3074
2026-09-03T15:50:00+00:00,556,157,154,13,3071
2026-09-03T15:51:00+00:00,499,135,129,2,3095
2026-09-03T15:52:00+00:00,567,159,161,0,3100
2026-09-03T15:53:00+00:00,498,130,153,7,3033
2026-09-03T15:54:00+00:00,500,129,132,0,3051
2026-09-03T15:55:00+00:00,552,143,161,3,3089
2026-09-03T15:56:00+00:00,497,125,132,0,3108
2026-09-03T15:57:00+00:00,500,136,144,0,3106
2026-09-03T15:58:00+00:00,549,116,128,2,3051
2026-09-03T15:59:00+00:00,568,128,147,2,3012
2026-09-03T16:00:00+00:00,497,126,124,1,3055
2026-09-03T16:01:00+00:00,499,104,102,4,3067
2026-09-03T16:02:00+00:00,499,134,120,0,3087
2026-09-03T16:03:00+00:00,547,150,138,0,3041
2026-09-03T16:04:00+00:00,500,147,146,0,3006
2026-09-03T16:05:00+00:00,498,143,140,1,3105
2026-09-03T16:06:00+00:00,564,156,146,4,3090
2026-09-03T16:07:00+00:00,498,121,117,1,3110
2026-09-03T16:08:00+00:00,551,130,145,9,3108
2026-09-03T16:09:00+00:00,500,149,147,5,3042
2026-09-03T16:10:00+00:00,555,147,122,2,3054
2026-09-03T16:11:00+00:00,500,163,171,2,3126
2026-09-03T16:12:00+00:00,562,134,124,1,3113
2026-09-03T16:13:00+00:00,555,158,161,0,3036
2026-09-03T16:14:00+00:00,497,128,137,0,3057
2026-09-03T16:15:00+00:00,497,122,125,0,3025
2026-09-03T16:16:00+00:00,550,164,158,0,3062
2026-09-03T16:17:00+00:00,498,162,147,6,3056
2026-09-03T16:18:00+00:00,561,134,149,2,3079
2026-09-03T16:19:00+00:00,500,126,115,1,3104
2026-09-03T16:20:00+00:00,569,107,107,0,3065
2026-09-03T16:21:00+00:00,499,125,126,1,3123
2026-09-03T16:22:00+00:00,551,142,176,0,3051
2026-09-03T16:23:00+00:00,499,109,111,2,3086
2026-09-03T16:24:00+00:00,501,139,138,0,3116
2026-09-03T16:25:00+00:00,497,147,143,9,3083
2026-09-03T16:26:00+00:00,497,137,126,3,2994
2026-09-03T16:27:00+00:00,497,151,140,12,3066
2026-09-03T16:28:00+00:00,500,150,156,0,3016
2026-09-03T16:29:00+00:00,564,115,119,0,3062
2026-09-03T16:30:00+00:00,551,152,154,0,3061
2026-09-03T16:31:00+00:00,535,165,158,0,3025
2026-09-03T16:32:00+00:00,496,136,145,2,3039
2026-09-03T16:33:00+00:00,500,142,152,2,3114
2026-09-03T16:34:00+00:00,555,135,149,0,3020
2026-09-03T16:35:00+00:00,497,156,186,0,3045
2026-09-03T16:36:00+00:00,545,161,150,1,3104
2026-09-03T16:37:00+00:00,496,151,140,10,3037
2026-09-03T16:38:00+00:00,557,159,144,1,3046
2026-09-03T16:39:00+00:00,537,143,135,1,3077
2026-09-03T16:40:00+00:00,497,133,134,5,3129
2026-09-03T16:41:00+00:00,533,143,138,2,3052
2026-09-03T16:42:00+00:00,495,164,151,0,3098
2026-09-03T16:43:00+00:00,557,125,130,12,3052
2026-09-03T16:44:00+00:00,497,128,138,0,3139
2026-09-03T16:45:00+00:00,499,145,146,0,3087
2026-09-03T16:46:00+00:00,495,153,141,0,3070
2026-09-03T16:47:00+00:00,499,136,158,0,3098
2026-09-03T16:48:00+00:00,497,130,153,0,3065
2026-09-03T16:49:00+00:00,497,146,141,1,3135
2026-09-03T16:50:00+00:00,497,147,131,13,3083
2026-09-03T16:51:00+00:00,544,143,147,2,3095
2026-09-03T16:52:00+00:00,554,134,120,1,3145
2026-09-03T16:53:00+00:00,497,156,180,2,3091
2026-09-03T16:54:00+00:00,497,139,143,0,3064
2026-09-03T16:55:00+00:00,531,122,129,14,3087
2026-09-03T16:56:00+00:00,499,140,136,0,3076
2026-09-03T16:57:00+00:00,543,160,158,9,3061
2026-09-03T16:58:00+00:00,498,159,143,0,3070
2026-09-03T16:59:00+00:00,499,129,127,0,3096
2026-09-03T17:00:00+00:00,544,140,136,2,3092
2026-09-03T17:01:00+00:00,498,153,139,1,3076
2026-09-03T17:02:00+00:00,547,152,143,1,3082
2026-09-03T17:03:00+00:00,497,151,166,0,3061
2026-09-03T17:04:00+00:00,533,126,119,0,3111
2026-09-03T17:05:00+00:00,498,136,143,0,3141
2026-09-03T17:06:00+00:00,497,143,143,1,3060
2026-09-03T17:07:00+00:00,497,163,155,0,3101
2026-09-03T17:08:00+00:00,496,145,164,2,3018
2026-09-03T17:09:00+00:00,494,140,132,2,3095
2026-09-03T17:10:00+00:00,529,158,149,2,2992
2026-09-03T17:11:00+00:00,534,134,157,2,3125
2026-09-03T17:12:00+00:00,538,151,163,0,3127
2026-09-03T17:13:00+00:00,537,147,135,0,3105
2026-09-03T17:14:00+00:00,498,140,131,0,3124
2026-09-03T17:15:00+00:00,497,181,171,2,3069
2026-09-03T17:16:00+00:00,501,137,137,1,3052
2026-09-03T17:17:00+00:00,524,151,152,0,3100
2026-09-03T17:18:00+00:00,540,141,146,0,3161
2026-09-03T17:19:00+00:00,497,128,137,3,3102
2026-09-03T17:20:00+00:00,497,154,152,1,3078
2026-09-03T17:21:00+00:00,495,106,123,0,3121
2026-09-03T17:22:00+00:00,498,163,167,0,3130
2026-09-03T17:23:00+00:00,495,137,136,7,3071
2026-09-03T17:24:00+00:00,528,151,129,0,3122
2026-09-03T17:25:00+00:00,501,132,137,1,3153
2026-09-03T17:26:00+00:00,532,154,178,1,3136
2026-09-03T17:27:00+00:00,531,139,144,2,3128
2026-09-03T17:28:00+00:00,500,122,118,2,3170
2026-09-03T17:29:00+00:00,530,130,126,0,3024
2026-09-03T17:30:00+00:00,530,138,128,2,3088
2026-09-03T17:31:00+00:00,527,148,149,1,3092
2026-09-03T17:32:00+00:00,528,131,143,0,3116
2026-09-03T17:33:00+00:00,526,133,117,0,3104
2026-09-03T17:34:00+00:00,530,131,147,1,3107
2026-09-03T17:35:00+00:00,499,125,110,5,3144
2026-09-03T17:36:00+00:00,500,112,109,4,3071
2026-09-03T17:37:00+00:00,497,162,141,0,3126
2026-09-03T17:38:00+00:00,495,142,136,2,3077
2026-09-03T17:39:00+00:00,500,151,145,0,3105
2026-09-03T17:40:00+00:00,497,139,153,2,3123
2026-09-03T17:41:00+00:00,517,149,152,0,3133
2026-09-03T17:42:00+00:00,498,161,153,6,3108
2026-09-03T17:43:00+00:00,497,154,174,0,3139
2026-09-03T17:44:00+00:00,526,128,128,4,3053
2026-09-03T17:45:00+00:00,526,141,163,6,3123
2026-09-03T17:46:00+00:00,513,132,153,0,3168
2026-09-03T17:47:00+00:00,523,128,120,17,3079
2026-09-03T17:48:00+00:00,515,130,147,0,3081
2026-09-03T17:49:00+00:00,499,122,117,0,3150
2026-09-03T17:50:00+00:00,516,129,143,2,3121
2026-09-03T17:51:00+00:00,500,158,142,11,3157
2026-09-03T17:52:00+00:00,512,145,132,0,3131
2026-09-03T17:53:00+00:00,498,150,147,0,3140
2026-09-03T17:54:00+00:00,497,144,153,1,3146
2026-09-03T17:55:00+00:00,499,119,110,11,3162
2026-09-03T17:56:00+00:00,511,166,181,0,3132
2026-09-03T17:57:00+00:00,497,146,136,7,3143
2026-09-03T17:58:00+00:00,514,130,117,2,3143
2026-09-03T17:59:00+00:00,520,110,115,0,3115
2026-09-03T18:00:00+00:00,496,128,128,0,3174
2026-09-03T18:01:00+00:00,517,162,153,0,3152
2026-09-03T18:02:00+00:00,497,128,115,2,3111
2026-09-03T18:03:00+00:00,513,127,133,0,3109
2026-09-03T18:04:00+00:00,513,145,141,6,3155
2026-09-03T18:05:00+00:00,520,122,124,0,3145
2026-09-03T18:06:00+00:00,513,142,137,11,3127
2026-09-03T18:07:00+00:00,496,149,150,1,3081
2026-09-03T18:08:00+00:00,498,134,141,1,3165
2026-09-03T18:09:00+00:00,516,167,158,0,3127
2026-09-03T18:10:00+00:00,497,154,145,0,3141
2026-09-03T18:11:00+00:00,497,144,138,1,3116
2026-09-03T18:12:00+00:00,498,150,157,0,3126
2026-09-03T18:13:00+00:00,512,167,161,0,3162
2026-09-03T18:14:00+00:00,509,144,134,0,3076
2026-09-03T18:15:00+00:00,514,115,117,2,3164
2026-09-03T18:16:00+00:00,514,109,100,10,3137
2026-09-03T18:17:00+00:00,499,160,168,1,3071
2026-09-03T18:18:00+00:00,509,139,149,14,3123
2026-09-03T18:19:00+00:00,500,136,123,1,3163
2026-09-03T18:20:00+00:00,497,142,140,0,3113
2026-09-03T18:21:00+00:00,497,153,152,0,3144
2026-09-03T18:22:00+00:00,495,134,123,0,3147
2026-09-03T18:23:00+00:00,510,113,149,2,3127
2026-09-03T18:24:00+00:00,511,153,151,0,3127
2026-09-03T18:25:00+00:00,498,124,114,2,3144
2026-09-03T18:26:00+00:00,497,158,159,0,3159
2026-09-03T18:27:00+00:00,498,150,158,5,3170
2026-09-03T18:28:00+00:00,498,156,139,13,3173
2026-09-03T18:29:00+00:00,509,135,139,0,3121
2026-09-03T18:30:00+00:00,499,114,123,2,3149
2026-09-03T18:31:00+00:00,498,143,145,1,3133
2026-09-03T18:32:00+00:00,505,163,167,0,3147
2026-09-03T18:33:00+00:00,496,143,144,2,3164
2026-09-03T18:34:00+00:00,505,168,133,1,3160
2026-09-03T18:35:00+00:00,497,132,137,0,3144
2026-09-03T18:36:00+00:00,509,135,153,12,3146
2026-09-03T18:37:00+00:00,499,128,132,7,3149
2026-09-03T18:38:00+00:00,499,140,139,0,3142
2026-09-03T18:39:00+00:00,497,158,163,7,3164
2026-09-03T18:40:00+00:00,500,136,141,0,3154
2026-09-03T18:41:00+00:00,499,153,148,0,3173
2026-09-03T18:42:00+00:00,506,139,139,1,3184
2026-09-03T18:43:00+00:00,504,150,133,2,3128
2026-09-03T18:44:00+00:00,497,130,149,7,3176
2026-09-03T18:45:00+00:00,499,140,131,9,3179
2026-09-03T18:46:00+00:00,503,152,144,0,3117
2026-09-03T18:47:00+00:00,499,148,153,2,3105
2026-09-03T18:48:00+00:00,499,145,142,17,3169
2026-09-03T18:49:00+00:00,498,150,150,2,3118
2026-09-03T18:50:00+00:00,495,138,145,0,3150
2026-09-03T18:51:00+00:00,498,143,152,0,3167
2026-09-03T18:52:00+00:00,499,143,152,0,3122
2026-09-03T18:53:00+00:00,499,139,149,0,3164
2026-09-03T18:54:00+00:00,498,151,135,2,3197
2026-09-03T18:55:00+00:00,498,174,174,16,3100
2026-09-03T18:56:00+00:00,503,117,115,1,3172
2026-09-03T18:57:00+00:00,499,108,125,0,3187
2026-09-03T18:58:00+00:00,500,162,167,2,3204
2026-09-03T18:59:00+00:00,498,144,138,0,3209
2026-09-03T19:00:00+00:00,495,122,133,3,3183
2026-09-03T19:01:00+00:00,500,132,139,0,3172
2026-09-03T19:02:00+00:00,498,158,149,7,3197
2026-09-03T19:03:00+00:00,498,167,152,2,3162
2026-09-03T19:04:00+00:00,498,160,186,7,3166
2026-09-03T19:05:00+00:00,499,118,126,0,3193
2026-09-03T19:06:00+00:00,500,118,118,2,3182
2026-09-03T19:07:00+00:00,498,148,139,13,3138
2026-09-03T19:08:00+00:00,499,107,106,7,3183
2026-09-03T19:09:00+00:00,498,121,121,7,3183
2026-09-03T19:10:00+00:00,499,141,144,0,3182
2026-09-03T19:11:00+00:00,496,128,108,0,3164
2026-09-03T19:12:00+00:00,499,121,132,1,3149
2026-09-03T19:13:00+00:00,495,136,135,1,3135
2026-09-03T19:14:00+00:00,496,109,104,0,3142
2026-09-03T19:15:00+00:00,494,131,149,1,3171
2026-09-03T19:16:00+00:00,494,131,122,16,3141
2026-09-03T19:17:00+00:00,498,131,123,4,3153
2026-09-03T19:18:00+00:00,498,127,122,1,3196
2026-09-03T19:19:00+00:00,496,146,118,6,3164
2026-09-03T19:20:00+00:00,497,133,116,1,3167
2026-09-03T19:21:00+00:00,497,101,104,0,3178
2026-09-03T19:22:00+00:00,496,127,125,0,3217
2026-09-03T19:23:00+00:00,497,152,140,2,3118
2026-09-03T19:24:00+00:00,501,143,131,5,3199
2026-09-03T19:25:00+00:00,496,133,148,1,3182
2026-09-03T19:26:00+00:00,498,159,166,0,3139
2026-09-03T19:27:00+00:00,499,143,145,0,3149
2026-09-03T19:28:00+00:00,496,125,129,0,3143
2026-09-03T19:29:00+00:00,498,146,133,10,3154
2026-09-03T19:30:00+00:00,496,144,129,15,3155
2026-09-03T19:31:00+00:00,495,151,152,2,3199
2026-09-03T19:32:00+00:00,499,153,145,2,3168
2026-09-03T19:33:00+00:00,498,133,142,0,3113
2026-09-03T19:34:00+00:00,498,120,128,2,3175
2026-09-03T19:35:00+00:00,495,125,127,0,3154
2026-09-03T19:36:00+00:00,497,123,114,15,3155
2026-09-03T19:37:00+00:00,498,148,152,8,3198
2026-09-03T19:38:00+00:00,496,148,155,0,3143
2026-09-03T19:39:00+00:00,499,129,145,7,3198
2026-09-03T19:40:00+00:00,496,140,159,6,3204
2026-09-03T19:41:00+00:00,494,131,118,2,3162
2026-09-03T19:42:00+00:00,501,137,153,0,3152
2026-09-03T19:43:00+00:00,499,142,140,2,3150
2026-09-03T19:44:00+00:00,497,128,125,0,3210
2026-09-03T19:45:00+00:00,499,157,163,0,3141
2026-09-03T19:46:00+00:00,494,155,162,2,3137
2026-09-03T19:47:00+00:00,498,137,143,0,3173
2026-09-03T19:48:00+00:00,499,139,165,0,3134
2026-09-03T19:49:00+00:00,501,107,105,0,3166
2026-09-03T19:50:00+00:00,499,146,131,0,3164
2026-09-03T19:51:00+00:00,497,116,138,0,3158
2026-09-03T19:52:00+00:00,498,139,151,0,3176
2026-09-03T19:53:00+00:00,500,142,158,1,3145
2026-09-03T19:54:00+00:00,499,132,151,0,3106
2026-09-03T19:55:00+00:00,498,139,142,8,3201
2026-09-03T19:56:00+00:00,499,172,167,4,3118
2026-09-03T19:57:00+00:00,495,131,132,0,3218
2026-09-03T19:58:00+00:00,495,146,127,0,3153
2026-09-03T19:59:00+00:00,498,135,147,0,3186
2026-09-03T20:00:00+00:00,496,144,147,2,3172
2026-09-03T20:01:00+00:00,497,143,130,0,3151
2026-09-03T20:02:00+00:00,501,133,119,0,3176
2026-09-03T20:03:00+00:00,495,127,165,0,3208
2026-09-03T20:04:00+00:00,498,180,175,1,3143
2026-09-03T20:05:00+00:00,497,116,113,5,3146
2026-09-03T20:06:00+00:00,499,125,110,0,3191
2026-09-03T20:07:00+00:00,500,149,149,0,3183
2026-09-03T20:08:00+00:00,499,147,139,15,3181
2026-09-03T20:09:00+00:00,499,150,161,0,3205
2026-09-03T20:10:00+00:00,496,149,154,0,3166
2026-09-03T20:11:00+00:00,496,129,138,2,3135
2026-09-03T20:12:00+00:00,498,140,138,0,3121
2026-09-03T20:13:00+00:00,500,133,142,1,3147
2026-09-03T20:14:00+00:00,497,137,126,0,3141
2026-09-03T20:15:00+00:00,494,110,108,0,3173
2026-09-03T20:16:00+00:00,499,145,134,0,3213
2026-09-03T20:17:00+00:00,499,151,144,0,3203
2026-09-03T20:18:00+00:00,497,152,154,0,3165
2026-09-03T20:19:00+00:00,496,122,155,2,3174
2026-09-03T20:20:00+00:00,499,159,168,14,3162
2026-09-03T20:21:00+00:00,497,151,155,11,3181
2026-09-03T20:22:00+00:00,495,131,130,0,3143
2026-09-03T20:23:00+00:00,498,130,170,0,3162
2026-09-03T20:24:00+00:00,495,143,132,8,3203
2026-09-03T20:25:00+00:00,501,127,145,0,3165
2026-09-03T20:26:00+00:00,500,143,148,2,3193
2026-09-03T20:27:00+00:00,497,141,128,1,3165
2026-09-03T20:28:00+00:00,499,147,147,2,3188
2026-09-03T20:29:00+00:00,496,165,153,0,3200
2026-09-03T20:30:00+00:00,497,146,132,12,3194
2026-09-03T20:31:00+00:00,499,146,173,0,3188
2026-09-03T20:32:00+00:00,498,150,155,0,3184
2026-09-03T20:33:00+00:00,500,165,142,0,3181
2026-09-03T20:34:00+00:00,498,157,190,1,3188
2026-09-03T20:35:00+00:00,496,129,129,0,3172
2026-09-03T20:36:00+00:00,496,147,119,1,3187
2026-09-03T20:37:00+00:00,497,156,144,0,3186
2026-09-03T20:38:00+00:00,497,149,116,0,3195
2026-09-03T20:39:00+00:00,499,118,108,0,3179
2026-09-03T20:40:00+00:00,497,136,149,2,3124
2026-09-03T20:41:00+00:00,498,151,142,2,3190
2026-09-03T20:42:00+00:00,494,160,140,0,3180
2026-09-03T20:43:00+00:00,497,149,148,1,3178
2026-09-03T20:44:00+00:00,500,121,111,13,3195
2026-09-03T20:45:00+00:00,497,178,161,11,3122
2026-09-03T20:46:00+00:00,498,154,150,0,3171
2026-09-03T20:47:00+00:00,497,154,155,8,3182
2026-09-03T20:48:00+00:00,497,140,134,1,3132
2026-09-03T20:49:00+00:00,499,148,148,1,3176
2026-09-03T20:50:00+00:00,498,138,145,0,3155
2026-09-03T20:51:00+00:00,494,134,134,1,3182
2026-09-03T20:52:00+00:00,495,134,129,0,3166
2026-09-03T20:53:00+00:00,499,146,137,0,3149
2026-09-03T20:54:00+00:00,498,138,130,0,3108
2026-09-03T20:55:00+00:00,499,141,147,11,3186
2026-09-03T20:56:00+00:00,496,140,119,0,3207
2026-09-03T20:57:00+00:00,497,142,150,2,3135
2026-09-03T20:58:00+00:00,496,150,171,5,3129
2026-09-03T20:59:00+00:00,499,158,144,0,3160
2026-09-03T21:00:00+00:00,498,124,127,0,3161
2026-09-03T21:01:00+00:00,497,145,155,0,3157
2026-09-03T21:02:00+00:00,500,129,118,7,3164
2026-09-03T21:03:00+00:00,494,153,146,2,3195
2026-09-03T21:04:00+00:00,495,119,118,0,3182
2026-09-03T21:05:00+00:00,494,152,163,0,3198
2026-09-03T21:06:00+00:00,495,118,116,1,3164
2026-09-03T21:07:00+00:00,497,126,153,0,3180
2026-09-03T21:08:00+00:00,496,146,131,9,3170
2026-09-03T21:09:00+00:00,496,134,127,1,3162
2026-09-03T21:10:00+00:00,497,156,142,2,3178
2026-09-03T21:11:00+00:00,498,149,140,13,3153
2026-09-03T21:12:00+00:00,497,132,153,0,3141
2026-09-03T21:13:00+00:00,497,115,119,0,3104
2026-09-03T21:14:00+00:00,495,112,110,8,3132
2026-09-03T21:15:00+00:00,494,146,146,0,3119
2026-09-03T21:16:00+00:00,496,143,153,1,3186
2026-09-03T21:17:00+00:00,500,140,144,0,3123
2026-09-03T21:18:00+00:00,501,124,109,1,3100
2026-09-03T21:19:00+00:00,498,121,119,0,3204
2026-09-03T21:20:00+00:00,496,149,157,0,3201
2026-09-03T21:21:00+00:00,497,146,156,1,3146
2026-09-03T21:22:00+00:00,500,142,150,0,3172
2026-09-03T21:23:00+00:00,497,138,122,1,3190
2026-09-03T21:24:00+00:00,495,133,167,0,3120
2026-09-03T21:25:00+00:00,495,174,180,0,3172
2026-09-03T21:26:00+00:00,498,145,146,0,3149
2026-09-03T21:27:00+00:00,494,136,134,0,3152
2026-09-03T21:28:00+00:00,496,146,176,0,3152
2026-09-03T21:29:00+00:00,496,120,117,4,3153
2026-09-03T21:30:00+00:00,494,141,148,0,3187
2026-09-03T21:31:00+00:00,500,120,143,1,3125
2026-09-03T21:32:00+00:00,494,158,148,0,3075
2026-09-03T21:33:00+00:00,498,137,136,1,3168
2026-09-03T21:34:00+00:00,496,140,169,2,3151
2026-09-03T21:35:00+00:00,496,128,144,0,3171
2026-09-03T21:36:00+00:00,498,134,136,5,3112
2026-09-03T21:37:00+00:00,496,132,133,1,3152
2026-09-03T21:38:00+00:00,497,166,168,0,3166
2026-09-03T21:39:00+00:00,498,118,124,12,3121
2026-09-03T21:40:00+00:00,496,155,140,0,3116
2026-09-03T21:41:00+00:00,500,137,140,2,3156
2026-09-03T21:42:00+00:00,496,154,178,2,3129
2026-09-03T21:43:00+00:00,495,152,146,0,3139
2026-09-03T21:44:00+00:00,497,168,174,5,3096
2026-09-03T21:45:00+00:00,497,146,124,0,3168
2026-09-03T21:46:00+00:00,498,162,167,7,3212
2026-09-03T21:47:00+00:00,498,144,132,9,3135
2026-09-03T21:48:00+00:00,499,148,128,0,3092
2026-09-03T21:49:00+00:00,496,134,136,0,3112
2026-09-03T21:50:00+00:00,496,160,152,17,3160
2026-09-03T21:51:00+00:00,501,145,134,0,3161
2026-09-03T21:52:00+00:00,499,130,123,0,3118
2026-09-03T21:53:00+00:00,500,112,121,7,3136
2026-09-03T21:54:00+00:00,500,133,159,13,3108
2026-09-03T21:55:00+00:00,497,142,160,1,3134
2026-09-03T21:56:00+00:00,498,149,151,0,3123
2026-09-03T21:57:00+00:00,495,108,104,2,3068
2026-09-03T21:58:00+00:00,498,132,118,2,3165
2026-09-03T21:59:00+00:00,495,177,164,19,3161
2026-09-03T22:00:00+00:00,498,144,132,0,3163
2026-09-03T22:01:00+00:00,499,130,134,1,3090
2026-09-03T22:02:00+00:00,498,151,145,0,3151
2026-09-03T22:03:00+00:00,495,133,130,1,3112
2026-09-03T22:04:00+00:00,498,143,137,14,3137
2026-09-03T22:05:00+00:00,499,149,151,0,3100
2026-09-03T22:06:00+00:00,499,137,144,1,3164
2026-09-03T22:07:00+00:00,495,172,163,0,3116
2026-09-03T22:08:00+00:00,495,142,134,16,3114
2026-09-03T22:09:00+00:00,496,132,120,1,3103
2026-09-03T22:10:00+00:00,499,131,147,0,3136
2026-09-03T22:11:00+00:00,496,140,147,1,3070
2026-09-03T22:12:00+00:00,497,147,150,0,3128
2026-09-03T22:13:00+00:00,495,125,135,3,3116
2026-09-03T22:14:00+00:00,497,153,145,9,3151
2026-09-03T22:15:00+00:00,497,123,122,2,3129
2026-09-03T22:16:00+00:00,497,142,135,2,3095
2026-09-03T22:17:00+00:00,496,101,106,0,3095
2026-09-03T22:18:00+00:00,497,140,144,3,3112
2026-09-03T22:19:00+00:00,495,148,159,1,3103
2026-09-03T22:20:00+00:00,495,152,150,2,3116
2026-09-03T22:21:00+00:00,494,168,171,2,3025
2026-09-03T22:22:00+00:00,500,128,136,12,3131
2026-09-03T22:23:00+00:00,497,131,112,0,3124
2026-09-03T22:24:00+00:00,499,128,136,1,3115
2026-09-03T22:25:00+00:00,498,146,139,0,3121
2026-09-03T22:26:00+00:00,498,143,129,2,3054
2026-09-03T22:27:00+00:00,500,149,179,0,3108
2026-09-03T22:28:00+00:00,500,165,158,0,3110
2026-09-03T22:29:00+00:00,497,151,149,0,3113
2026-09-03T22:30:00+00:00,495,153,149,2,3097
2026-09-03T22:31:00+00:00,497,128,148,0,3114
2026-09-03T22:32:00+00:00,498,159,167,12,3130
2026-09-03T22:33:00+00:00,494,175,180,12,3159
2026-09-03T22:34:00+00:00,497,142,149,1,3116
2026-09-03T22:35:00+00:00,498,118,125,1,3136
2026-09-03T22:36:00+00:00,497,145,123,2,3096
2026-09-03T22:37:00+00:00,498,135,126,2,3109
2026-09-03T22:38:00+00:00,500,125,129,0,3081
2026-09-03T22:39:00+00:00,497,127,123,0,3137
2026-09-03T22:40:00+00:00,497,106,101,1,3112
2026-09-03T22:41:00+00:00,495,133,145,1,3091
2026-09-03T22:42:00+00:00,494,159,153,4,3062
2026-09-03T22:43:00+00:00,498,141,143,0,3061
2026-09-03T22:44:00+00:00,496,142,134,0,3077
2026-09-03T22:45:00+00:00,497,145,123,0,3101
2026-09-03T22:46:00+00:00,497,153,162,0,3095
2026-09-03T22:47:00+00:00,497,148,138,0,3131
2026-09-03T22:48:00+00:00,497,136,149,9,3144
2026-09-03T22:49:00+00:00,498,147,147,3,3116
2026-09-03T22:50:00+00:00,496,159,151,12,3133
2026-09-03T22:51:00+00:00,496,148,153,2,3079
2026-09-03T22:52:00+00:00,498,129,136,2,3084
2026-09-03T22:53:00+00:00,501,125,124,0,3095
2026-09-03T22:54:00+00:00,497,140,148,0,3081
2026-09-03T22:55:00+00:00,496,145,169,0,3029
2026-09-03T22:56:00+00:00,497,142,136,2,3126
2026-09-03T22:57:00+00:00,498,144,150,0,3088
2026-09-03T22:58:00+00:00,499,130,131,9,3005
2026-09-03T22:59:00+00:00,499,136,147,0,3059
2026-09-03T23:00:00+00:00,496,169,175,1,3110
2026-09-03T23:01:00+00:00,498,170,153,0,3101
2026-09-03T23:02:00+00:00,494,163,148,0,3066
2026-09-03T23:03:00+00:00,497,130,127,1,3068
2026-09-03T23:04:00+00:00,497,145,146,2,3066
2026-09-03T23:05:00+00:00,497,136,144,1,3118
2026-09-03T23:06:00+00:00,498,119,109,0,3083
2026-09-03T23:07:00+00:00,495,163,156,9,3050
2026-09-03T23:08:00+00:00,496,121,119,7,3093
2026-09-03T23:09:00+00:00,498,151,140,0,3131
2026-09-03T23:10:00+00:00,498,134,153,0,3100
2026-09-03T23:11:00+00:00,494,134,131,2,3050
2026-09-03T23:12:00+00:00,497,153,178,0,3065
2026-09-03T23:13:00+00:00,498,161,179,7,3075
2026-09-03T23:14:00+00:00,500,142,133,6,3140
2026-09-03T23:15:00+00:00,495,138,153,0,3056
2026-09-03T23:16:00+00:00,496,129,142,1,3089
2026-09-03T23:17:00+00:00,498,143,145,1,3067
2026-09-03T23:18:00+00:00,496,132,131,1,3100
2026-09-03T23:19:00+00:00,496,149,153,0,3116
2026-09-03T23:20:00+00:00,496,147,141,2,3055
2026-09-03T23:21:00+00:00,495,149,148,0,2988
2026-09-03T23:22:00+00:00,499,145,127,0,3046
2026-09-03T23:23:00+00:00,497,157,134,0,3096
2026-09-03T23:24:00+00:00,499,144,146,5,3102
2026-09-03T23:25:00+00:00,496,148,126,0,3050
2026-09-03T23:26:00+00:00,498,157,156,3,3074
2026-09-03T23:27:00+00:00,495,129,128,1,3047
2026-09-03T23:28:00+00:00,495,147,120,1,3088
2026-09-03T23:29:00+00:00,498,164,157,22,3114
2026-09-03T23:30:00+00:00,497,162,164,0,3107
2026-09-03T23:31:00+00:00,497,138,125,2,3100
2026-09-03T23:32:00+00:00,498,145,168,0,3045
2026-09-03T23:33:00+00:00,500,178,176,0,3058
2026-09-03T23:34:00+00:00,500,144,145,6,3106
2026-09-03T23:35:00+00:00,497,157,162,0,3037
2026-09-03T23:36:00+00:00,498,137,137,0,3028
2026-09-03T23:37:00+00:00,496,134,140,0,3059
2026-09-03T23:38:00+00:00,497,150,160,1,3132
2026-09-03T23:39:00+00:00,494,135,131,0,3030
2026-09-03T23:40:00+00:00,497,166,156,11,3058
2026-09-03T23:41:00+00:00,498,121,115,0,3100
2026-09-03T23:42:00+00:00,497,146,135,0,3065
2026-09-03T23:43:00+00:00,494,143,152,1,3029
2026-09-03T23:44:00+00:00,500,115,135,0,3051
2026-09-03T23:45:00+00:00,498,144,161,0,3067
2026-09-03T23:46:00+00:00,499,168,170,0,3088
2026-09-03T23:47:00+00:00,496,116,118,5,3058
2026-09-03T23:48:00+00:00,497,137,140,0,3051
2026-09-03T23:49:00+00:00,498,147,141,0,3077
2026-09-03T23:50:00+00:00,497,127,119,2,3143
2026-09-03T23:51:00+00:00,497,129,132,0,2994
2026-09-03T23:52:00+00:00,496,154,174,0,3064
2026-09-03T23:53:00+00:00,498,132,137,0,3072
2026-09-03T23:54:00+00:00,497,149,132,0,3027
2026-09-03T23:55:00+00:00,496,150,155,0,3027
2026-09-03T23:56:00+00:00,496,152,135,2,3072
2026-09-03T23:57:00+00:00,498,153,148,0,3059
2026-09-03T23:58:00+00:00,499,133,127,2,3053
2026-09-03T23:59:00+00:00,496,147,145,1,3041
2026-09-04T00:00:00+00:00,500,100,122,0,3064
2026-09-04T00:01:00+00:00,496,119,129,5,3020
2026-09-04T00:02:00+00:00,497,169,165,0,3052
2026-09-04T00:03:00+00:00,498,182,172,4,3044
2026-09-04T00:04:00+00:00,495,172,160,0,3015
2026-09-04T00:05:00+00:00,498,106,130,0,3031
2026-09-04T00:06:00+00:00,495,196,184,0,3032
2026-09-04T00:07:00+00:00,496,102,128,8,3013
2026-09-04T00:08:00+00:00,498,214,177,0,3021
2026-09-04T00:09:00+00:00,498,123,122,1,3031
2026-09-04T00:10:00+00:00,497,152,155,2,2997
2026-09-04T00:11:00+00:00,498,126,128,9,3036
2026-09-04T00:12:00+00:00,496,123,124,1,3032
2026-09-04T00:13:00+00:00,496,153,150,1,3027
2026-09-04T00:14:00+00:00,496,148,133,0,3027
2026-09-04T00:15:00+00:00,498,161,137,0,3055
2026-09-04T00:16:00+00:00,498,162,168,0,3014
2026-09-04T00:17:00+00:00,498,126,124,8,3057
2026-09-04T00:18:00+00:00,498,146,119,1,3065
2026-09-04T00:19:00+00:00,496,102,99,0,2963
2026-09-04T00:20:00+00:00,496,115,150,0,2966
2026-09-04T00:21:00+00:00,497,177,184,0,3056
2026-09-04T00:22:00+00:00,495,185,171,2,3023
2026-09-04T00:23:00+00:00,497,147,138,0,3025
2026-09-04T00:24:00+00:00,500,125,128,0,3028
2026-09-04T00:25:00+00:00,495,121,128,2,3056
2026-09-04T00:26:00+00:00,496,108,143,0,3067
2026-09-04T00:27:00+00:00,495,128,134,7,2977
2026-09-04T00:28:00+00:00,496,153,151,0,2996
2026-09-04T00:29:00+00:00,500,140,136,0,2985
2026-09-04T00:30:00+00:00,496,150,165,0,2985
2026-09-04T00:31:00+00:00,497,195,178,3,2985
2026-09-04T00:32:00+00:00,498,131,134,0,3011
2026-09-04T00:33:00+00:00,494,117,123,2,3021
2026-09-04T00:34:00+00:00,498,119,115,0,3040
2026-09-04T00:35:00+00:00,498,150,167,0,3032
2026-09-04T00:36:00+00:00,495,137,133,2,2972
2026-09-04T00:37:00+00:00,500,102,116,0,2991
2026-09-04T00:38:00+00:00,501,99,114,0,3029
2026-09-04T00:39:00+00:00,499,204,178,0,3012
2026-09-04T00:40:00+00:00,499,149,142,12,3022
2026-09-04T00:41:00+00:00,497,163,192,2,2986
2026-09-04T00:42:00+00:00,496,102,112,0,3005
2026-09-04T00:43:00+00:00,495,179,184,1,3006
2026-09-04T00:44:00+00:00,496,99,126,0,3053
2026-09-04T00:45:00+00:00,498,141,136,0,3044
2026-09-04T00:46:00+00:00,497,156,144,0,3031
2026-09-04T00:47:00+00:00,499,180,149,1,3040
2026-09-04T00:48:00+00:00,499,122,117,0,2989
2026-09-04T00:49:00+00:00,500,152,161,0,3084
2026-09-04T00:50:00+00:00,501,101,100,8,3007
2026-09-04T00:51:00+00:00,501,149,164,2,3030
2026-09-04T00:52:00+00:00,497,99,116,0,3064
2026-09-04T00:53:00+00:00,497,122,135,0,3017
2026-09-04T00:54:00+00:00,498,175,149,0,3020
2026-09-04T00:55:00+00:00,497,102,131,0,2975
2026-09-04T00:56:00+00:00,498,107,116,6,3072
2026-09-04T00:57:00+00:00,496,165,140,0,2987
2026-09-04T00:58:00+00:00,497,198,198,0,3113
2026-09-04T00:59:00+00:00,499,138,146,0,3105
2026-09-04T01:00:00+00:00,494,106,109,1,3034
2026-09-04T01:01:00+00:00,496,142,151,2,3091
2026-09-04T01:02:00+00:00,497,130,126,0,3066
2026-09-04T01:03:00+00:00,497,209,226,14,3066
2026-09-04T01:04:00+00:00,496,107,135,5,2963
2026-09-04T01:05:00+00:00,496,153,166,1,3025
2026-09-04T01:06:00+00:00,498,141,141,0,3030
2026-09-04T01:07:00+00:00,497,99,127,2,3038
2026-09-04T01:08:00+00:00,499,121,125,0,3043
2026-09-04T01:09:00+00:00,496,142,120,21,3079
2026-09-04T01:10:00+00:00,494,100,99,0,3020
2026-09-04T01:11:00+00:00,495,163,164,2,3078
2026-09-04T01:12:00+00:00,498,195,195,1,3058
2026-09-04T01:13:00+00:00,499,172,182,0,2927
2026-09-04T01:14:00+00:00,501,114,107,1,3030
2026-09-04T01:15:00+00:00,496,101,99,14,2981
2026-09-04T01:16:00+00:00,498,99,126,13,3062
2026-09-04T01:17:00+00:00,497,164,199,8,3030
2026-09-04T01:18:00+00:00,497,154,146,13,3036
2026-09-04T01:19:00+00:00,498,168,161,0,3070
2026-09-04T01:20:00+00:00,497,154,164,1,3045
2026-09-04T01:21:00+00:00,498,166,160,4,3003
2026-09-04T01:22:00+00:00,499,111,115,0,3014
2026-09-04T01:23:00+00:00,494,128,114,8,2957
2026-09-04T01:24:00+00:00,499,109,114,5,3038
2026-09-04T01:25:00+00:00,494,171,181,0,3050
2026-09-04T01:26:00+00:00,498,118,146,2,3043
2026-09-04T01:27:00+00:00,499,173,164,5,3044
2026-09-04T01:28:00+00:00,494,153,137,0,2989
2026-09-04T01:29:00+00:00,495,144,160,0,3017
2026-09-04T01:30:00+00:00,499,122,130,11,3083
2026-09-04T01:31:00+00:00,494,157,149,0,3018
2026-09-04T01:32:00+00:00,496,144,154,2,3068
2026-09-04T01:33:00+00:00,500,105,139,0,3103
2026-09-04T01:34:00+00:00,494,108,120,4,3020
2026-09-04T01:35:00+00:00,498,165,150,0,3008
2026-09-04T01:36:00+00:00,497,99,104,0,3066
2026-09-04T01:37:00+00:00,496,148,150,0,3016
2026-09-04T01:38:00+00:00,495,159,142,1,3026
2026-09-04T01:39:00+00:00,495,156,162,2,3036
2026-09-04T01:40:00+00:00,497,164,161,0,2970
2026-09-04T01:41:00+00:00,498,143,142,0,3074
2026-09-04T01:42:00+00:00,498,124,115,0,3065
2026-09-04T01:43:00+00:00,494,114,120,0,3080
2026-09-04T01:44:00+00:00,494,159,156,1,3032
2026-09-04T01:45:00+00:00,498,113,128,0,3040
2026-09-04T01:46:00+00:00,497,225,228,2,3124
2026-09-04T01:47:00+00:00,500,180,172,1,3057
2026-09-04T01:48:00+00:00,500,145,170,1,3067
2026-09-04T01:49:00+00:00,497,143,146,5,2994
2026-09-04T01:50:00+00:00,498,131,143,0,3018
2026-09-04T01:51:00+00:00,497,175,158,4,3039
2026-09-04T01:52:00+00:00,494,173,158,0,3029
2026-09-04T01:53:00+00:00,497,140,156,8,3047
2026-09-04T01:54:00+00:00,496,132,134,2,3007
2026-09-04T01:55:00+00:00,498,137,128,0,3012
2026-09-04T01:56:00+00:00,497,143,136,0,3014
2026-09-04T01:57:00+00:00,500,118,134,6,2980
2026-09-04T01:58:00+00:00,498,128,118,0,3008
2026-09-04T01:59:00+00:00,495,145,144,2,3061
2026-09-04T02:00:00+00:00,495,106,112,2,3023
2026-09-04T02:01:00+00:00,495,177,188,0,3013
2026-09-04T02:02:00+00:00,501,175,175,2,3035
2026-09-04T02:03:00+00:00,496,99,100,4,3038
2026-09-04T02:04:00+00:00,494,146,157,6,3002
2026-09-04T02:05:00+00:00,495,129,110,0,3039
2026-09-04T02:06:00+00:00,497,143,142,1,3047
2026-09-04T02:07:00+00:00,497,125,128,6,2935
2026-09-04T02:08:00+00:00,499,155,160,6,2994
2026-09-04T02:09:00+00:00,498,142,158,0,3024
2026-09-04T02:10:00+00:00,495,154,142,0,2999
2026-09-04T02:11:00+00:00,499,129,142,1,2994
2026-09-04T02:12:00+00:00,494,176,176,0,3043
2026-09-04T02:13:00+00:00,500,156,139,0,3058
2026-09-04T02:14:00+00:00,495,136,142,0,3042
2026-09-04T02:15:00+00:00,497,103,104,2,3032
2026-09-04T02:16:00+00:00,498,127,122,0,3019
2026-09-04T02:17:00+00:00,497,118,116,0,3033
2026-09-04T02:18:00+00:00,497,169,152,2,3054
2026-09-04T02:19:00+00:00,494,115,121,2,3024
2026-09-04T02:20:00+00:00,497,160,159,0,3070
2026-09-04T02:21:00+00:00,498,139,157,0,3032
2026-09-04T02:22:00+00:00,496,161,173,18,3035
2026-09-04T02:23:00+00:00,494,108,115,2,2982
2026-09-04T02:24:00+00:00,496,123,109,0,3056
2026-09-04T02:25:00+00:00,498,137,128,0,3085
2026-09-04T02:26:00+00:00,498,167,173,8,3059
2026-09-04T02:27:00+00:00,498,127,128,2,3031
2026-09-04T02:28:00+00:00,497,132,149,5,3055
2026-09-04T02:29:00+00:00,497,157,159,1,3085
2026-09-04T02:30:00+00:00,498,172,173,0,3011
2026-09-04T02:31:00+00:00,495,103,108,0,3073
2026-09-04T02:32:00+00:00,499,139,147,0,3002
2026-09-04T02:33:00+00:00,497,127,130,2,3043
2026-09-04T02:34:00+00:00,495,112,116,0,3047
2026-09-04T02:35:00+00:00,495,110,129,0,3036
2026-09-04T02:36:00+00:00,495,198,210,0,2974
2026-09-04T02:37:00+00:00,495,167,149,6,3004
2026-09-04T02:38:00+00:00,498,129,131,0,3042
2026-09-04T02:39:00+00:00,495,161,161,0,3018
2026-09-04T02:40:00+00:00,494,153,155,0,3016
2026-09-04T02:41:00+00:00,496,147,140,1,3050
2026-09-04T02:42:00+00:00,500,172,211,0,3034
2026-09-04T02:43:00+00:00,498,162,175,0,3074
2026-09-04T02:44:00+00:00,501,99,108,4,3050
2026-09-04T02:45:00+00:00,497,119,120,0,3014
2026-09-04T02:46:00+00:00,497,157,154,0,3032
2026-09-04T02:47:00+00:00,495,150,150,0,3015
2026-09-04T02:48:00+00:00,498,133,129,1,3050
2026-09-04T02:49:00+00:00,496,151,148,0,3051
2026-09-04T02:50:00+00:00,498,147,136,0,3035
2026-09-04T02:51:00+00:00,501,154,157,2,3064
2026-09-04T02:52:00+00:00,499,120,137,27,3018
2026-09-04T02:53:00+00:00,498,114,113,2,3072
2026-09-04T02:54:00+00:00,495,173,162,2,3114
2026-09-04T02:55:00+00:00,496,138,158,9,3089
2026-09-04T02:56:00+00:00,497,139,142,13,3034
2026-09-04T02:57:00+00:00,497,155,159,2,3029
2026-09-04T02:58:00+00:00,497,103,114,1,3049
2026-09-04T02:59:00+00:00,497,130,152,1,3026
2026-09-04T03:00:00+00:00,498,178,181,13,3041
2026-09-04T03:01:00+00:00,499,152,129,0,2985
2026-09-04T03:02:00+00:00,500,159,157,2,2977
2026-09-04T03:03:00+00:00,499,119,119,0,3019
2026-09-04T03:04:00+00:00,497,126,139,4,3061
2026-09-04T03:05:00+00:00,496,149,145,1,3070
2026-09-04T03:06:00+00:00,497,164,157,7,3051
2026-09-04T03:07:00+00:00,497,110,134,0,3081
2026-09-04T03:08:00+00:00,498,124,131,2,3068
2026-09-04T03:09:00+00:00,496,146,130,0,3012
2026-09-04T03:10:00+00:00,494,133,122,0,2977
2026-09-04T03:11:00+00:00,497,105,104,0,2993
2026-09-04T03:12:00+00:00,497,129,128,2,2984
2026-09-04T03:13:00+00:00,498,131,150,0,3080
2026-09-04T03:14:00+00:00,498,158,152,0,3041
2026-09-04T03:15:00+00:00,498,146,161,0,3023
2026-09-04T03:16:00+00:00,497,126,111,0,3058
2026-09-04T03:17:00+00:00,496,148,154,4,3050
2026-09-04T03:18:00+00:00,499,217,219,0,2981
2026-09-04T03:19:00+00:00,499,138,124,2,3051
2026-09-04T03:20:00+00:00,499,210,205,2,3011
2026-09-04T03:21:00+00:00,500,169,190,5,2974
2026-09-04T03:22:00+00:00,501,177,169,0,3015
2026-09-04T03:23:00+00:00,499,128,110,0,2976
2026-09-04T03:24:00+00:00,497,137,139,0,3058
2026-09-04T03:25:00+00:00,495,141,146,0,3049
2026-09-04T03:26:00+00:00,497,117,126,14,3051
2026-09-04T03:27:00+00:00,496,135,135,0,3021
2026-09-04T03:28:00+00:00,498,99,105,0,3019
2026-09-04T03:29:00+00:00,498,136,124,2,3031
2026-09-04T03:30:00+00:00,497,144,124,0,3039
2026-09-04T03:31:00+00:00,496,185,160,0,2955
2026-09-04T03:32:00+00:00,496,157,134,0,2986
2026-09-04T03:33:00+00:00,496,132,134,0,2965
2026-09-04T03:34:00+00:00,497,143,163,0,2998
2026-09-04T03:35:00+00:00,499,118,140,0,2985
2026-09-04T03:36:00+00:00,494,140,159,2,3013
2026-09-04T03:37:00+00:00,497,151,147,4,3012
2026-09-04T03:38:00+00:00,500,137,168,2,3016
2026-09-04T03:39:00+00:00,494,163,158,2,3060
2026-09-04T03:40:00+00:00,496,131,120,0,3035
2026-09-04T03:41:00+00:00,498,199,186,0,2971
2026-09-04T03:42:00+00:00,497,135,137,2,2988
2026-09-04T03:43:00+00:00,498,127,156,0,3071
2026-09-04T03:44:00+00:00,495,134,135,11,3065
2026-09-04T03:45:00+00:00,498,148,154,2,3005
2026-09-04T03:46:00+00:00,500,136,149,0,2977
2026-09-04T03:47:00+00:00,495,153,148,0,3012
2026-09-04T03:48:00+00:00,494,120,133,0,3014
2026-09-04T03:49:00+00:00,501,111,116,1,3057
2026-09-04T03:50:00+00:00,500,151,154,0,2977
2026-09-04T03:51:00+00:00,497,146,128,1,2996
2026-09-04T03:52:00+00:00,497,152,130,0,3016
2026-09-04T03:53:00+00:00,497,155,146,1,3005
2026-09-04T03:54:00+00:00,497,126,122,2,3061
2026-09-04T03:55:00+00:00,499,121,134,0,3054
2026-09-04T03:56:00+00:00,499,156,152,2,3016
2026-09-04T03:57:00+00:00,496,143,147,0,3046
2026-09-04T03:58:00+00:00,497,117,118,8,3039
2026-09-04T03:59:00+00:00,496,184,160,0,2989
2026-09-04T04:00:00+00:00,499,137,164,0,3066
2026-09-04T04:01:00+00:00,494,210,198,0,3013
2026-09-04T04:02:00+00:00,497,143,160,10,3094
2026-09-04T04:03:00+00:00,496,116,102,2,3079
2026-09-04T04:04:00+00:00,497,152,148,1,3050
2026-09-04T04:05:00+00:00,499,131,129,0,3037
2026-09-04T04:06:00+00:00,495,150,156,0,3078
2026-09-04T04:07:00+00:00,496,142,139,0,3060
2026-09-04T04:08:00+00:00,499,189,190,0,3124
2026-09-04T04:09:00+00:00,500,131,122,1,3046
2026-09-04T04:10:00+00:00,497,155,156,3,3081
2026-09-04T04:11:00+00:00,494,127,119,0,3005
2026-09-04T04:12:00+00:00,496,127,145,13,2998
2026-09-04T04:13:00+00:00,497,161,154,10,3011
2026-09-04T04:14:00+00:00,497,171,143,11,3020
2026-09-04T04:15:00+00:00,497,165,148,10,3016
2026-09-04T04:16:00+00:00,498,156,155,2,3047
2026-09-04T04:17:00+00:00,497,128,150,0,3011
2026-09-04T04:18:00+00:00,496,106,117,2,3050
2026-09-04T04:19:00+00:00,498,188,186,10,3043
2026-09-04T04:20:00+00:00,497,113,108,1,3027
2026-09-04T04:21:00+00:00,498,172,175,1,3087
2026-09-04T04:22:00+00:00,496,127,139,0,3007
2026-09-04T04:23:00+00:00,497,153,153,0,3045
2026-09-04T04:24:00+00:00,498,129,144,3,3007
2026-09-04T04:25:00+00:00,496,125,136,1,3090
2026-09-04T04:26:00+00:00,494,108,125,2,3002
2026-09-04T04:27:00+00:00,495,138,143,0,3029
2026-09-04T04:28:00+00:00,498,158,158,0,3090
2026-09-04T04:29:00+00:00,494,115,126,0,3041
2026-09-04T04:30:00+00:00,498,156,141,1,3041
2026-09-04T04:31:00+00:00,495,129,123,0,3069
2026-09-04T04:32:00+00:00,495,117,138,0,3030
2026-09-04T04:33:00+00:00,497,152,150,2,3080
2026-09-04T04:34:00+00:00,494,156,146,1,3053
2026-09-04T04:35:00+00:00,498,122,143,2,3092
2026-09-04T04:36:00+00:00,495,170,172,0,3060
2026-09-04T04:37:00+00:00,498,162,164,2,3011
2026-09-04T04:38:00+00:00,496,149,167,0,2983
2026-09-04T04:39:00+00:00,495,141,121,0,3022
2026-09-04T04:40:00+00:00,496,161,151,1,3011
2026-09-04T04:41:00+00:00,496,124,132,2,3081
2026-09-04T04:42:00+00:00,497,150,159,0,3033
2026-09-04T04:43:00+00:00,498,108,116,0,3052
2026-09-04T04:44:00+00:00,497,169,144,1,3074
2026-09-04T04:45:00+00:00,496,149,146,1,3017
2026-09-04T04:46:00+00:00,499,156,162,0,3057
2026-09-04T04:47:00+00:00,499,129,152,4,3049
2026-09-04T04:48:00+00:00,497,99,105,3,3005
2026-09-04T04:49:00+00:00,494,138,139,0,3061
2026-09-04T04:50:00+00:00,497,147,135,8,3032
2026-09-04T04:51:00+00:00,498,142,138,0,2987
2026-09-04T04:52:00+00:00,496,120,139,1,3035
2026-09-04T04:53:00+00:00,501,160,148,0,3032
2026-09-04T04:54:00+00:00,497,123,136,0,3084
2026-09-04T04:55:00+00:00,495,164,155,0,2980
2026-09-04T04:56:00+00:00,500,135,134,6,3042
2026-09-04T04:57:00+00:00,497,170,156,9,3032
2026-09-04T04:58:00+00:00,498,141,139,2,3066
2026-09-04T04:59:00+00:00,496,131,115,1,2996
2026-09-04T05:00:00+00:00,498,116,102,4,3103
2026-09-04T05:01:00+00:00,495,152,140,10,3010
2026-09-04T05:02:00+00:00,498,155,165,0,3011
2026-09-04T05:03:00+00:00,501,136,133,13,3042
2026-09-04T05:04:00+00:00,496,155,148,1,3008
2026-09-04T05:05:00+00:00,501,174,167,0,3087
2026-09-04T05:06:00+00:00,498,147,135,0,3089
2026-09-04T05:07:00+00:00,498,148,148,2,3053
2026-09-04T05:08:00+00:00,496,158,168,0,3005
2026-09-04T05:09:00+00:00,496,133,134,2,3050
2026-09-04T05:10:00+00:00,496,178,180,0,3006
2026-09-04T05:11:00+00:00,496,144,143,0,2987
2026-09-04T05:12:00+00:00,498,139,148,0,3062
2026-09-04T05:13:00+00:00,497,124,131,5,3077
2026-09-04T05:14:00+00:00,495,149,162,1,3027
2026-09-04T05:15:00+00:00,498,168,177,1,3028
2026-09-04T05:16:00+00:00,497,161,160,1,3034
2026-09-04T05:17:00+00:00,499,150,155,2,3018
2026-09-04T05:18:00+00:00,498,130,137,1,3086
2026-09-04T05:19:00+00:00,498,140,153,0,3090
2026-09-04T05:20:00+00:00,499,170,177,0,3047
2026-09-04T05:21:00+00:00,496,139,145,11,3006
2026-09-04T05:22:00+00:00,495,156,148,1,3020
2026-09-04T05:23:00+00:00,497,151,148,1,2980
2026-09-04T05:24:00+00:00,496,140,123,0,3046
2026-09-04T05:25:00+00:00,499,125,134,1,3043
2026-09-04T05:26:00+00:00,498,135,136,0,3057
2026-09-04T05:27:00+00:00,496,149,139,4,3003
2026-09-04T05:28:00+00:00,499,154,160,0,3055
2026-09-04T05:29:00+00:00,498,127,137,1,3012
2026-09-04T05:30:00+00:00,497,145,148,0,3016
2026-09-04T05:31:00+00:00,497,159,151,1,3028
2026-09-04T05:32:00+00:00,497,107,126,2,3043
2026-09-04T05:33:00+00:00,500,160,155,7,3051
2026-09-04T05:34:00+00:00,496,137,161,0,2995
2026-09-04T05:35:00+00:00,499,140,123,0,2982
2026-09-04T05:36:00+00:00,497,135,144,9,3001
2026-09-04T05:37:00+00:00,495,108,118,3,3081
2026-09-04T05:38:00+00:00,499,119,129,1,2920
2026-09-04T05:39:00+00:00,500,149,136,0,3002
2026-09-04T05:40:00+00:00,498,141,160,0,3000
2026-09-04T05:41:00+00:00,500,116,128,1,3054
2026-09-04T05:42:00+00:00,494,120,132,0,3008
2026-09-04T05:43:00+00:00,496,125,109,0,3056
2026-09-04T05:44:00+00:00,497,117,125,6,3074
2026-09-04T05:45:00+00:00,497,134,147,0,3043
2026-09-04T05:46:00+00:00,500,145,134,0,3040
2026-09-04T05:47:00+00:00,498,125,131,1,3026
2026-09-04T05:48:00+00:00,498,159,146,0,3061
2026-09-04T05:49:00+00:00,498,150,149,0,3010
2026-09-04T05:50:00+00:00,496,123,128,0,3038
2026-09-04T05:51:00+00:00,499,152,152,0,3023
2026-09-04T05:52:00+00:00,497,133,122,6,3045
2026-09-04T05:53:00+00:00,496,137,146,0,3029
2026-09-04T05:54:00+00:00,498,130,131,14,3055
2026-09-04T05:55:00+00:00,494,157,157,1,3021
2026-09-04T05:56:00+00:00,497,163,157,0,2988
2026-09-04T05:57:00+00:00,496,143,147,2,3028
2026-09-04T05:58:00+00:00,497,171,152,0,3064
2026-09-04T05:59:00+00:00,494,136,131,0,3014
2026-09-04T06:00:00+00:00,497,132,133,2,3069
2026-09-04T06:01:00+00:00,497,119,129,1,3008
2026-09-04T06:02:00+00:00,496,130,147,0,3077
2026-09-04T06:03:00+00:00,500,160,152,7,3048
2026-09-04T06:04:00+00:00,495,149,156,8,3023
2026-09-04T06:05:00+00:00,500,169,169,7,3065
2026-09-04T06:06:00+00:00,494,174,175,3,3027
2026-09-04T06:07:00+00:00,496,161,164,2,3053
2026-09-04T06:08:00+00:00,499,171,167,0,3071
2026-09-04T06:09:00+00:00,498,99,99,0,3008
2026-09-04T06:10:00+00:00,498,116,156,1,3062
2026-09-04T06:11:00+00:00,496,143,156,0,3064
2026-09-04T06:12:00+00:00,499,152,159,1,3042
2026-09-04T06:13:00+00:00,498,141,132,14,3079
2026-09-04T06:14:00+00:00,496,154,157,1,3092
2026-09-04T06:15:00+00:00,495,141,135,1,3043
2026-09-04T06:16:00+00:00,497,117,118,6,3057
2026-09-04T06:17:00+00:00,498,160,178,7,3070
2026-09-04T06:18:00+00:00,500,132,149,3,3083
2026-09-04T06:19:00+00:00,498,144,145,1,3104
2026-09-04T06:20:00+00:00,495,137,173,5,3022
2026-09-04T06:21:00+00:00,496,147,146,0,2933
2026-09-04T06:22:00+00:00,496,151,155,0,3052
2026-09-04T06:23:00+00:00,498,163,172,2,3097
2026-09-04T06:24:00+00:00,496,151,150,0,3062
2026-09-04T06:25:00+00:00,497,128,131,0,3015
2026-09-04T06:26:00+00:00,501,176,182,1,3026
2026-09-04T06:27:00+00:00,498,149,154,1,3004
2026-09-04T06:28:00+00:00,499,146,158,14,2998
2026-09-04T06:29:00+00:00,499,154,145,1,3082
2026-09-04T06:30:00+00:00,499,147,161,1,3026
2026-09-04T06:31:00+00:00,500,130,140,17,3063
2026-09-04T06:32:00+00:00,495,179,152,8,3089
2026-09-04T06:33:00+00:00,496,151,142,2,3093
2026-09-04T06:34:00+00:00,499,136,163,2,3033
2026-09-04T06:35:00+00:00,496,155,154,1,3017
2026-09-04T06:36:00+00:00,498,158,152,5,3059
2026-09-04T06:37:00+00:00,497,127,138,0,3066
2026-09-04T06:38:00+00:00,500,123,130,1,3085
2026-09-04T06:39:00+00:00,499,167,155,0,3089
2026-09-04T06:40:00+00:00,494,166,161,1,3029
2026-09-04T06:41:00+00:00,498,109,122,0,3072
2026-09-04T06:42:00+00:00,498,153,150,1,3013
2026-09-04T06:43:00+00:00,497,100,111,1,3012
2026-09-04T06:44:00+00:00,497,116,124,1,3024
2026-09-04T06:45:00+00:00,499,138,137,5,3077
2026-09-04T06:46:00+00:00,498,137,132,0,3084
2026-09-04T06:47:00+00:00,494,130,146,2,3060
2026-09-04T06:48:00+00:00,497,143,136,1,3067
2026-09-04T06:49:00+00:00,500,161,155,0,2997
2026-09-04T06:50:00+00:00,495,104,107,15,3072
2026-09-04T06:51:00+00:00,497,176,178,1,3084
2026-09-04T06:52:00+00:00,498,142,133,7,3123
2026-09-04T06:53:00+00:00,496,130,133,2,3034
2026-09-04T06:54:00+00:00,495,142,144,1,3091
2026-09-04T06:55:00+00:00,498,128,121,0,3014
2026-09-04T06:56:00+00:00,498,143,158,1,3091
2026-09-04T06:57:00+00:00,500,142,142,2,3097
2026-09-04T06:58:00+00:00,494,130,125,9,3094
2026-09-04T06:59:00+00:00,497,123,144,0,2992
2026-09-04T07:00:00+00:00,501,121,109,0,3067
2026-09-04T07:01:00+00:00,499,128,124,15,3139
2026-09-04T07:02:00+00:00,497,114,110,2,3106
2026-09-04T07:03:00+00:00,500,156,163,1,3080
2026-09-04T07:04:00+00:00,495,145,136,2,3013
2026-09-04T07:05:00+00:00,501,141,142,1,3009
2026-09-04T07:06:00+00:00,495,136,142,0,3059
2026-09-04T07:07:00+00:00,495,162,154,1,3108
2026-09-04T07:08:00+00:00,498,116,126,0,3107
2026-09-04T07:09:00+00:00,495,132,116,0,3037
2026-09-04T07:10:00+00:00,495,149,166,2,3120
2026-09-04T07:11:00+00:00,494,157,145,13,3090
2026-09-04T07:12:00+00:00,496,154,156,2,3078
2026-09-04T07:13:00+00:00,497,152,155,2,3051
2026-09-04T07:14:00+00:00,495,151,147,0,3073
2026-09-04T07:15:00+00:00,496,146,137,1,3050
2026-09-04T07:16:00+00:00,497,133,126,0,3116
2026-09-04T07:17:00+00:00,498,115,128,0,3085
2026-09-04T07:18:00+00:00,496,157,180,0,3060
2026-09-04T07:19:00+00:00,495,169,170,0,3091
2026-09-04T07:20:00+00:00,495,145,131,0,3122
2026-09-04T07:21:00+00:00,497,115,135,19,3141
2026-09-04T07:22:00+00:00,494,134,119,2,3072
2026-09-04T07:23:00+00:00,497,152,136,0,3130
2026-09-04T07:24:00+00:00,498,122,128,1,3065
2026-09-04T07:25:00+00:00,500,120,106,1,3098
2026-09-04T07:26:00+00:00,498,164,145,5,3031
2026-09-04T07:27:00+00:00,498,170,180,2,3130
2026-09-04T07:28:00+00:00,497,132,133,0,3100
2026-09-04T07:29:00+00:00,497,121,119,0,3112
2026-09-04T07:30:00+00:00,498,154,148,0,3059
2026-09-04T07:31:00+00:00,498,144,139,2,3106
2026-09-04T07:32:00+00:00,499,149,140,1,3063
2026-09-04T07:33:00+00:00,499,153,146,1,3109
2026-09-04T07:34:00+00:00,496,162,181,0,3079
2026-09-04T07:35:00+00:00,498,133,135,0,3128
2026-09-04T07:36:00+00:00,494,138,140,2,3113
2026-09-04T07:37:00+00:00,497,153,138,5,3172
2026-09-04T07:38:00+00:00,497,152,170,1,3120
2026-09-04T07:39:00+00:00,496,193,188,0,3087
2026-09-04T07:40:00+00:00,497,139,141,0,3057
2026-09-04T07:41:00+00:00,499,133,136,0,3113
2026-09-04T07:42:00+00:00,497,127,122,2,3103
2026-09-04T07:43:00+00:00,500,134,130,0,3090
2026-09-04T07:44:00+00:00,496,133,137,0,3138
2026-09-04T07:45:00+00:00,498,151,144,0,3094
2026-09-04T07:46:00+00:00,495,106,125,0,3110
2026-09-04T07:47:00+00:00,495,151,141,0,3064
2026-09-04T07:48:00+00:00,495,148,134,0,3063
2026-09-04T07:49:00+00:00,498,161,160,5,3122
2026-09-04T07:50:00+00:00,495,140,144,10,3113
2026-09-04T07:51:00+00:00,496,129,143,3,3127
2026-09-04T07:52:00+00:00,499,165,181,0,3145
2026-09-04T07:53:00+00:00,498,148,161,0,3112
2026-09-04T07:54:00+00:00,500,140,132,0,3042
2026-09-04T07:55:00+00:00,498,127,143,2,3154
2026-09-04T07:56:00+00:00,496,147,135,1,3093
2026-09-04T07:57:00+00:00,496,156,167,25,3145
2026-09-04T07:58:00+00:00,498,144,128,0,3099
2026-09-04T07:59:00+00:00,502,124,129,6,3153
2026-09-04T08:00:00+00:00,498,161,152,2,3146
2026-09-04T08:01:00+00:00,498,116,138,0,3136
2026-09-04T08:02:00+00:00,501,173,169,1,3205
2026-09-04T08:03:00+00:00,498,144,126,0,3099
2026-09-04T08:04:00+00:00,501,141,177,0,3113
2026-09-04T08:05:00+00:00,498,139,158,2,3120
2026-09-04T08:06:00+00:00,500,153,144,0,3127
2026-09-04T08:07:00+00:00,500,141,143,6,3137
2026-09-04T08:08:00+00:00,498,145,140,10,3159
2026-09-04T08:09:00+00:00,499,138,129,1,3155
2026-09-04T08:10:00+00:00,497,146,133,0,3129
2026-09-04T08:11:00+00:00,496,140,136,0,3125
2026-09-04T08:12:00+00:00,496,143,142,4,3153
2026-09-04T08:13:00+00:00,499,150,124,14,3117
2026-09-04T08:14:00+00:00,496,143,137,17,3155
2026-09-04T08:15:00+00:00,498,181,152,0,3133
2026-09-04T08:16:00+00:00,501,121,128,2,3145
2026-09-04T08:17:00+00:00,499,128,123,1,3140
2026-09-04T08:18:00+00:00,497,138,167,0,3129
2026-09-04T08:19:00+00:00,503,136,136,0,3157
2026-09-04T08:20:00+00:00,504,131,147,0,3133
2026-09-04T08:21:00+00:00,495,127,125,3,3149
2026-09-04T08:22:00+00:00,497,150,137,1,3192
2026-09-04T08:23:00+00:00,498,132,128,2,3156
2026-09-04T08:24:00+00:00,496,148,115,1,3204
2026-09-04T08:25:00+00:00,504,144,154,1,3167
2026-09-04T08:26:00+00:00,499,138,133,0,3089
2026-09-04T08:27:00+00:00,498,144,140,8,3177
2026-09-04T08:28:00+00:00,496,145,131,0,3195
2026-09-04T08:29:00+00:00,504,160,168,12,3161
2026-09-04T08:30:00+00:00,498,133,137,0,3155
2026-09-04T08:31:00+00:00,497,166,162,0,3122
2026-09-04T08:32:00+00:00,497,140,134,15,3086
2026-09-04T08:33:00+00:00,496,130,159,5,3148
2026-09-04T08:34:00+00:00,512,142,160,0,3192
2026-09-04T08:35:00+00:00,496,112,107,11,3178
2026-09-04T08:36:00+00:00,508,143,151,0,3121
2026-09-04T08:37:00+00:00,497,148,160,0,3117
2026-09-04T08:38:00+00:00,498,146,132,1,3099
2026-09-04T08:39:00+00:00,500,160,160,0,3187
2026-09-04T08:40:00+00:00,513,142,162,4,3102
2026-09-04T08:41:00+00:00,497,105,98,7,3142
2026-09-04T08:42:00+00:00,498,171,173,1,3169
2026-09-04T08:43:00+00:00,501,105,107,0,3141
2026-09-04T08:44:00+00:00,508,114,115,7,3190
2026-09-04T08:45:00+00:00,497,127,114,16,3175
2026-09-04T08:46:00+00:00,497,131,132,5,3126
2026-09-04T08:47:00+00:00,495,144,154,2,3162
2026-09-04T08:48:00+00:00,496,166,157,2,3166
2026-09-04T08:49:00+00:00,512,150,151,2,3190
2026-09-04T08:50:00+00:00,509,108,127,0,3198
2026-09-04T08:51:00+00:00,499,115,114,0,3157
2026-09-04T08:52:00+00:00,501,139,131,1,3204
2026-09-04T08:53:00+00:00,496,134,142,0,3171
2026-09-04T08:54:00+00:00,500,147,171,1,3163
2026-09-04T08:55:00+00:00,495,143,121,17,3192
2026-09-04T08:56:00+00:00,513,168,156,1,3200
2026-09-04T08:57:00+00:00,497,148,120,5,3238
2026-09-04T08:58:00+00:00,498,147,141,0,3169
2026-09-04T08:59:00+00:00,520,153,163,1,3171
2026-09-04T09:00:00+00:00,496,139,148,0,3147
2026-09-04T09:01:00+00:00,522,145,135,1,3200
2026-09-04T09:02:00+00:00,511,154,144,9,3178
2026-09-04T09:03:00+00:00,500,135,131,2,3156
2026-09-04T09:04:00+00:00,525,126,118,7,3212
2026-09-04T09:05:00+00:00,519,136,150,1,3226
2026-09-04T09:06:00+00:00,498,150,151,1,3176
2026-09-04T09:07:00+00:00,518,107,121,1,3220
2026-09-04T09:08:00+00:00,500,138,156,2,3212
2026-09-04T09:09:00+00:00,513,149,154,8,3193
2026-09-04T09:10:00+00:00,519,141,128,0,3180
2026-09-04T09:11:00+00:00,514,146,152,0,3177
2026-09-04T09:12:00+00:00,500,149,164,3,3185
2026-09-04T09:13:00+00:00,498,153,165,0,3243
2026-09-04T09:14:00+00:00,514,136,120,0,3180
2026-09-04T09:15:00+00:00,522,149,156,0,3257
2026-09-04T09:16:00+00:00,526,150,151,0,3192
2026-09-04T09:17:00+00:00,499,141,148,0,3206
2026-09-04T09:18:00+00:00,499,139,136,0,3189
2026-09-04T09:19:00+00:00,499,146,158,0,3239
2026-09-04T09:20:00+00:00,529,134,137,0,3189
2026-09-04T09:21:00+00:00,497,136,138,2,3223
2026-09-04T09:22:00+00:00,524,162,165,0,3173
2026-09-04T09:23:00+00:00,499,122,142,0,3215
2026-09-04T09:24:00+00:00,525,148,157,0,3197
2026-09-04T09:25:00+00:00,499,146,156,0,3189
2026-09-04T09:26:00+00:00,521,143,160,1,3236
2026-09-04T09:27:00+00:00,527,141,152,7,3160
2026-09-04T09:28:00+00:00,500,146,163,2,3214
2026-09-04T09:29:00+00:00,496,125,144,0,3206
2026-09-04T09:30:00+00:00,499,137,127,0,3192
2026-09-04T09:31:00+00:00,533,142,142,0,3177
2026-09-04T09:32:00+00:00,495,130,141,0,3191
2026-09-04T09:33:00+00:00,532,145,125,0,3221
2026-09-04T09:34:00+00:00,497,155,136,2,3253
2026-09-04T09:35:00+00:00,520,166,169,1,3203
2026-09-04T09:36:00+00:00,497,160,166,0,3165
2026-09-04T09:37:00+00:00,527,160,167,0,3232
2026-09-04T09:38:00+00:00,497,166,168,0,3245
2026-09-04T09:39:00+00:00,501,153,170,1,3178
2026-09-04T09:40:00+00:00,497,156,159,1,3232
2026-09-04T09:41:00+00:00,499,143,140,0,3212
2026-09-04T09:42:00+00:00,498,141,159,1,3195
2026-09-04T09:43:00+00:00,526,141,155,0,3236
2026-09-04T09:44:00+00:00,521,116,107,0,3211
2026-09-04T09:45:00+00:00,531,134,133,1,3227
2026-09-04T09:46:00+00:00,523,138,128,0,3186
2026-09-04T09:47:00+00:00,533,156,144,1,3201
2026-09-04T09:48:00+00:00,539,146,130,0,3238
2026-09-04T09:49:00+00:00,496,133,126,10,3221
2026-09-04T09:50:00+00:00,533,158,142,0,3227
2026-09-04T09:51:00+00:00,498,151,167,2,3163
2026-09-04T09:52:00+00:00,538,126,150,0,3163
2026-09-04T09:53:00+00:00,542,124,123,0,3200
2026-09-04T09:54:00+00:00,537,129,148,2,3229
2026-09-04T09:55:00+00:00,496,175,165,1,3234
2026-09-04T09:56:00+00:00,526,133,143,0,3177
2026-09-04T09:57:00+00:00,535,143,154,1,3220
2026-09-04T09:58:00+00:00,496,129,141,1,3138
2026-09-04T09:59:00+00:00,497,153,162,9,3198
2026-09-04T10:00:00+00:00,499,128,126,0,3211
2026-09-04T10:01:00+00:00,533,154,146,0,3188
2026-09-04T10:02:00+00:00,497,146,141,0,3168
2026-09-04T10:03:00+00:00,500,151,143,0,3172
2026-09-04T10:04:00+00:00,495,138,140,0,3219
2026-09-04T10:05:00+00:00,539,158,150,1,3231
2026-09-04T10:06:00+00:00,548,138,125,1,3182
2026-09-04T10:07:00+00:00,542,158,153,2,3205
2026-09-04T10:08:00+00:00,533,131,149,1,3210
2026-09-04T10:09:00+00:00,547,135,159,0,3208
2026-09-04T10:10:00+00:00,498,144,156,1,3254
2026-09-04T10:11:00+00:00,497,128,131,9,3251
2026-09-04T10:12:00+00:00,549,159,155,0,3216
2026-09-04T10:13:00+00:00,498,145,141,2,3204
2026-09-04T10:14:00+00:00,496,138,147,1,3236
2026-09-04T10:15:00+00:00,496,144,130,0,3257
2026-09-04T10:16:00+00:00,555,154,171,0,3210
2026-09-04T10:17:00+00:00,539,129,129,0,3208
2026-09-04T10:18:00+00:00,551,131,127,0,3237
2026-09-04T10:19:00+00:00,497,135,131,0,3177
2026-09-04T10:20:00+00:00,500,149,158,4,3258
2026-09-04T10:21:00+00:00,559,161,159,0,3216
2026-09-04T10:22:00+00:00,496,114,141,1,3188
2026-09-04T10:23:00+00:00,499,130,127,1,3206
2026-09-04T10:24:00+00:00,548,135,139,4,3234
2026-09-04T10:25:00+00:00,500,140,136,1,3228
2026-09-04T10:26:00+00:00,496,163,158,0,3221
2026-09-04T10:27:00+00:00,499,142,152,1,3267
2026-09-04T10:28:00+00:00,549,119,125,1,3205
2026-09-04T10:29:00+00:00,500,126,142,0,3178
2026-09-04T10:30:00+00:00,547,127,132,0,3172
2026-09-04T10:31:00+00:00,547,145,141,0,3198
2026-09-04T10:32:00+00:00,540,149,174,1,3212
2026-09-04T10:33:00+00:00,557,130,135,1,3221
2026-09-04T10:34:00+00:00,568,114,121,8,3229
2026-09-04T10:35:00+00:00,496,156,145,6,3198
2026-09-04T10:36:00+00:00,559,129,137,0,3171
2026-09-04T10:37:00+00:00,540,141,128,0,3151
2026-09-04T10:38:00+00:00,499,147,138,1,3147
2026-09-04T10:39:00+00:00,569,137,137,2,3211
2026-09-04T10:40:00+00:00,553,158,146,0,3245
2026-09-04T10:41:00+00:00,499,160,143,2,3187
2026-09-04T10:42:00+00:00,565,139,133,0,3236
2026-09-04T10:43:00+00:00,497,150,153,2,3175
2026-09-04T10:44:00+00:00,563,148,163,8,3252
2026-09-04T10:45:00+00:00,567,133,118,0,3207
2026-09-04T10:46:00+00:00,497,163,167,1,3173
2026-09-04T10:47:00+00:00,544,130,131,0,3216
2026-09-04T10:48:00+00:00,499,123,127,0,3219
2026-09-04T10:49:00+00:00,570,149,141,0,3269
2026-09-04T10:50:00+00:00,495,126,129,0,3160
2026-09-04T10:51:00+00:00,500,148,150,0,3221
2026-09-04T10:52:00+00:00,495,155,148,0,3202
2026-09-04T10:53:00+00:00,542,158,174,1,3162
2026-09-04T10:54:00+00:00,498,153,153,2,3205
2026-09-04T10:55:00+00:00,498,141,150,6,3159
2026-09-04T10:56:00+00:00,498,125,139,0,3202
2026-09-04T10:57:00+00:00,498,148,158,0,3154
2026-09-04T10:58:00+00:00,500,147,136,1,3188
2026-09-04T10:59:00+00:00,498,165,182,0,3210
2026-09-04T11:00:00+00:00,578,146,148,2,3199
2026-09-04T11:01:00+00:00,556,118,139,0,3141
2026-09-04T11:02:00+00:00,500,139,126,0,3135
2026-09-04T11:03:00+00:00,551,131,120,0,3201
2026-09-04T11:04:00+00:00,545,150,140,2,3183
2026-09-04T11:05:00+00:00,564,145,147,0,3201
2026-09-04T11:06:00+00:00,498,156,152,2,3161
2026-09-04T11:07:00+00:00,499,125,139,0,3187
2026-09-04T11:08:00+00:00,500,144,135,1,3127
2026-09-04T11:09:00+00:00,576,139,127,0,3162
2026-09-04T11:10:00+00:00,561,161,151,2,3160
2026-09-04T11:11:00+00:00,571,140,131,5,3163
2026-09-04T11:12:00+00:00,499,129,141,1,3165
2026-09-04T11:13:00+00:00,573,187,190,0,3158
2026-09-04T11:14:00+00:00,570,131,142,7,3191
2026-09-04T11:15:00+00:00,496,157,144,0,3192
2026-09-04T11:16:00+00:00,499,144,141,2,3199
2026-09-04T11:17:00+00:00,500,128,118,1,3183
2026-09-04T11:18:00+00:00,498,140,132,2,3139
2026-09-04T11:19:00+00:00,574,136,140,1,3183
2026-09-04T11:20:00+00:00,497,130,124,2,3205
2026-09-04T11:21:00+00:00,580,140,128,0,3159
2026-09-04T11:22:00+00:00,498,126,132,2,3182
2026-09-04T11:23:00+00:00,557,123,141,1,3119
2026-09-04T11:24:00+00:00,585,141,132,1,3130
2026-09-04T11:25:00+00:00,496,152,141,1,3167
2026-09-04T11:26:00+00:00,555,132,107,1,3174
2026-09-04T11:27:00+00:00,557,144,145,0,3161
2026-09-04T11:28:00+00:00,498,166,148,0,3139
2026-09-04T11:29:00+00:00,500,146,140,9,3161
2026-09-04T11:30:00+00:00,496,134,128,2,3167
2026-09-04T11:31:00+00:00,590,119,135,0,3047
2026-09-04T11:32:00+00:00,499,133,149,1,3154
2026-09-04T11:33:00+00:00,551,128,137,8,3138
2026-09-04T11:34:00+00:00,496,129,130,0,3151
2026-09-04T11:35:00+00:00,573,149,144,10,3181
2026-09-04T11:36:00+00:00,590,168,160,1,3110
2026-09-04T11:37:00+00:00,596,155,154,0,3109
2026-09-04T11:38:00+00:00,497,123,126,0,3129
2026-09-04T11:39:00+00:00,501,116,125,2,3094
2026-09-04T11:40:00+00:00,496,152,146,7,3147
2026-09-04T11:41:00+00:00,499,145,128,0,3111
2026-09-04T11:42:00+00:00,496,158,154,0,3100
2026-09-04T11:43:00+00:00,498,132,134,0,3138
2026-09-04T11:44:00+00:00,556,149,157,0,3123
2026-09-04T11:45:00+00:00,593,126,128,16,3116
2026-09-04T11:46:00+00:00,498,154,141,16,3122
2026-09-04T11:47:00+00:00,499,132,127,6,3089
2026-09-04T11:48:00+00:00,495,161,156,0,3142
2026-09-04T11:49:00+00:00,500,120,127,0,3154
2026-09-04T11:50:00+00:00,496,115,119,9,3137
2026-09-04T11:51:00+00:00,592,137,142,1,3188
2026-09-04T11:52:00+00:00,497,143,178,1,3107
2026-09-04T11:53:00+00:00,496,141,142,2,3109
2026-09-04T11:54:00+00:00,498,150,147,11,3119
2026-09-04T11:55:00+00:00,500,116,137,1,3105
2026-09-04T11:56:00+00:00,574,163,169,0,3099
2026-09-04T11:57:00+00:00,496,132,142,2,3074
2026-09-04T11:58:00+00:00,499,126,140,0,3150
2026-09-04T11:59:00+00:00,600,144,162,2,3152
2026-09-04T12:00:00+00:00,602,147,141,0,3125
2026-09-04T12:01:00+00:00,497,160,154,0,3127
2026-09-04T12:02:00+00:00,496,106,110,0,3128
2026-09-04T12:03:00+00:00,495,128,148,0,3095
2026-09-04T12:04:00+00:00,495,161,161,0,3151
2026-09-04T12:05:00+00:00,499,149,144,0,3130
2026-09-04T12:06:00+00:00,497,147,139,2,3115
2026-09-04T12:07:00+00:00,497,116,115,0,3162
2026-09-04T12:08:00+00:00,572,140,119,0,3141
2026-09-04T12:09:00+00:00,604,153,138,1,3115
2026-09-04T12:10:00+00:00,607,122,126,2,3125
2026-09-04T12:11:00+00:00,500,165,158,15,3105
2026-09-04T12:12:00+00:00,495,118,123,1,3191
2026-09-04T12:13:00+00:00,574,124,116,1,3126
2026-09-04T12:14:00+00:00,609,145,156,0,3160
2026-09-04T12:15:00+00:00,586,143,140,0,3087
2026-09-04T12:16:00+00:00,496,122,122,2,3109
2026-09-04T12:17:00+00:00,499,147,137,10,3079
2026-09-04T12:18:00+00:00,584,140,129,0,3145
2026-09-04T12:19:00+00:00,500,135,133,0,3112
2026-09-04T12:20:00+00:00,498,148,124,13,3114
2026-09-04T12:21:00+00:00,565,107,118,0,3129
2026-09-04T12:22:00+00:00,584,142,151,0,3067
2026-09-04T12:23:00+00:00,592,143,143,9,3120
2026-09-04T12:24:00+00:00,586,137,130,1,3109
2026-09-04T12:25:00+00:00,597,152,155,0,3153
2026-09-04T12:26:00+00:00,496,134,127,0,3113
2026-09-04T12:27:00+00:00,498,128,137,0,3107
2026-09-04T12:28:00+00:00,496,141,141,0,3051
2026-09-04T12:29:00+00:00,498,119,124,9,3123
2026-09-04T12:30:00+00:00,573,186,176,0,3060
2026-09-04T12:31:00+00:00,495,168,176,0,3069
2026-09-04T12:32:00+00:00,500,150,142,0,3130
2026-09-04T12:33:00+00:00,585,141,143,1,3155
2026-09-04T12:34:00+00:00,501,141,136,3,3101
2026-09-04T12:35:00+00:00,499,155,128,3,3059
2026-09-04T12:36:00+00:00,602,123,118,0,3076
2026-09-04T12:37:00+00:00,581,145,119,1,3126
2026-09-04T12:38:00+00:00,499,148,155,1,3070
2026-09-04T12:39:00+00:00,589,151,153,0,3078
2026-09-04T12:40:00+00:00,500,135,131,2,3038
2026-09-04T12:41:00+00:00,606,154,124,0,3111
2026-09-04T12:42:00+00:00,615,159,151,0,3103
2026-09-04T12:43:00+00:00,500,133,131,0,3061
2026-09-04T12:44:00+00:00,571,154,156,0,3071
2026-09-04T12:45:00+00:00,599,129,131,0,3072
2026-09-04T12:46:00+00:00,586,127,120,0,3072
2026-09-04T12:47:00+00:00,498,148,152,0,3043
2026-09-04T12:48:00+00:00,498,143,152,3,3036
2026-09-04T12:49:00+00:00,616,151,176,1,3072
2026-09-04T12:50:00+00:00,498,151,136,1,3062
2026-09-04T12:51:00+00:00,498,142,143,14,3066
2026-09-04T12:52:00+00:00,566,118,106,1,3143
2026-09-04T12:53:00+00:00,499,169,172,0,3159
2026-09-04T12:54:00+00:00,581,131,140,3,3047
2026-09-04T12:55:00+00:00,577,164,173,2,3077
2026-09-04T12:56:00+00:00,584,116,133,0,3081
2026-09-04T12:57:00+00:00,574,144,163,7,3043
2026-09-04T12:58:00+00:00,572,151,163,2,3010
2026-09-04T12:59:00+00:00,499,123,118,0,3131
2026-09-04T13:00:00+00:00,606,123,126,9,3118
2026-09-04T13:01:00+00:00,500,155,146,1,3070
2026-09-04T13:02:00+00:00,496,132,129,0,3031
2026-09-04T13:03:00+00:00,500,137,140,0,3015
2026-09-04T13:04:00+00:00,494,148,165,0,3091
2026-09-04T13:05:00+00:00,602,157,163,2,2982
2026-09-04T13:06:00+00:00,569,154,154,0,3024
2026-09-04T13:07:00+00:00,606,138,122,1,3121
2026-09-04T13:08:00+00:00,577,160,146,0,3040
2026-09-04T13:09:00+00:00,595,140,157,7,3027
2026-09-04T13:10:00+00:00,499,145,142,5,3056
2026-09-04T13:11:00+00:00,498,131,120,8,3033
2026-09-04T13:12:00+00:00,593,132,136,8,3009
2026-09-04T13:13:00+00:00,501,136,148,8,2999
2026-09-04T13:14:00+00:00,498,119,130,2,3031
2026-09-04T13:15:00+00:00,498,140,157,0,3076
2026-09-04T13:16:00+00:00,495,157,162,2,3054
2026-09-04T13:17:00+00:00,596,159,139,1,3046
2026-09-04T13:18:00+00:00,500,159,147,0,3104
2026-09-04T13:19:00+00:00,498,139,151,1,3044
2026-09-04T13:20:00+00:00,498,151,163,2,3030
2026-09-04T13:21:00+00:00,498,151,178,12,3080
2026-09-04T13:22:00+00:00,500,160,179,2,3025
2026-09-04T13:23:00+00:00,610,148,153,2,3054
2026-09-04T13:24:00+00:00,496,143,161,0,3123
2026-09-04T13:25:00+00:00,587,161,157,2,3135
2026-09-04T13:26:00+00:00,496,147,169,0,2994
2026-09-04T13:27:00+00:00,499,160,145,0,3101
2026-09-04T13:28:00+00:00,597,121,136,0,3016
2026-09-04T13:29:00+00:00,576,146,152,2,3110
2026-09-04T13:30:00+00:00,610,137,133,8,3096
2026-09-04T13:31:00+00:00,497,150,139,0,3066
2026-09-04T13:32:00+00:00,496,160,155,0,3036
2026-09-04T13:33:00+00:00,594,151,152,3,3095
2026-09-04T13:34:00+00:00,618,146,141,0,3028
2026-09-04T13:35:00+00:00,498,132,150,0,2999
2026-09-04T13:36:00+00:00,579,154,161,10,3095
2026-09-04T13:37:00+00:00,599,144,145,1,3071
2026-09-04T13:38:00+00:00,498,127,125,2,3034
2026-09-04T13:39:00+00:00,610,150,173,7,3019
2026-09-04T13:40:00+00:00,619,130,131,0,3028
2026-09-04T13:41:00+00:00,571,141,130,0,3014
2026-09-04T13:42:00+00:00,614,144,131,1,3027
2026-09-04T13:43:00+00:00,499,152,141,1,3066
2026-09-04T13:44:00+00:00,581,131,124,7,3061
2026-09-04T13:45:00+00:00,499,136,140,0,3077
2026-09-04T13:46:00+00:00,496,136,134,0,3071
2026-09-04T13:47:00+00:00,496,136,117,20,3061
2026-09-04T13:48:00+00:00,577,132,159,0,3084
2026-09-04T13:49:00+00:00,497,178,165,0,3142
2026-09-04T13:50:00+00:00,500,146,130,0,3096
2026-09-04T13:51:00+00:00,500,128,115,0,3055
2026-09-04T13:52:00+00:00,580,121,122,0,3127
2026-09-04T13:53:00+00:00,497,149,153,2,3053
2026-09-04T13:54:00+00:00,619,128,139,12,3070
2026-09-04T13:55:00+00:00,601,141,166,1,3050
2026-09-04T13:56:00+00:00,496,153,181,0,3047
2026-09-04T13:57:00+00:00,608,153,153,0,3032
2026-09-04T13:58:00+00:00,596,148,135,0,3068
2026-09-04T13:59:00+00:00,498,138,151,0,3023
2026-09-04T14:00:00+00:00,586,152,153,16,3074
2026-09-04T14:01:00+00:00,617,143,155,0,3026
2026-09-04T14:02:00+00:00,499,134,149,8,3087
2026-09-04T14:03:00+00:00,578,144,135,2,3064
2026-09-04T14:04:00+00:00,499,165,151,2,3029
2026-09-04T14:05:00+00:00,499,180,207,12,2976
2026-09-04T14:06:00+00:00,500,151,161,0,3089
2026-09-04T14:07:00+00:00,499,138,144,1,3033
2026-09-04T14:08:00+00:00,583,127,143,9,3017
2026-09-04T14:09:00+00:00,601,145,131,2,2996
2026-09-04T14:10:00+00:00,615,112,104,0,3094
2026-09-04T14:11:00+00:00,585,145,167,1,3036
2026-09-04T14:12:00+00:00,498,153,149,0,3003
2026-09-04T14:13:00+00:00,497,145,136,3,2999
2026-09-04T14:14:00+00:00,496,130,138,0,3053
2026-09-04T14:15:00+00:00,497,155,154,0,3038
2026-09-04T14:16:00+00:00,496,109,128,1,3035
2026-09-04T14:17:00+00:00,499,143,132,11,3066
2026-09-04T14:18:00+00:00,497,154,134,0,3057
2026-09-04T14:19:00+00:00,495,151,148,0,3057
2026-09-04T14:20:00+00:00,498,180,168,0,3031
2026-09-04T14:21:00+00:00,581,136,135,0,3038
2026-09-04T14:22:00+00:00,580,149,134,1,3053
2026-09-04T14:23:00+00:00,500,151,151,0,3024
2026-09-04T14:24:00+00:00,498,127,122,0,3028
2026-09-04T14:25:00+00:00,613,156,156,1,3082
2026-09-04T14:26:00+00:00,604,137,142,0,3041
2026-09-04T14:27:00+00:00,591,166,161,17,3008
2026-09-04T14:28:00+00:00,616,168,189,1,3032
2026-09-04T14:29:00+00:00,585,144,162,0,3043
2026-09-04T14:30:00+00:00,567,132,145,2,3020
2026-09-04T14:31:00+00:00,496,137,133,6,3076
2026-09-04T14:32:00+00:00,497,147,136,12,3080
2026-09-04T14:33:00+00:00,573,143,145,2,3000
2026-09-04T14:34:00+00:00,498,140,130,0,3057
2026-09-04T14:35:00+00:00,600,132,144,0,2996
2026-09-04T14:36:00+00:00,612,117,120,0,3087
2026-09-04T14:37:00+00:00,496,133,134,0,3046
2026-09-04T14:38:00+00:00,498,154,141,5,3009
2026-09-04T14:39:00+00:00,498,157,175,0,3004
2026-09-04T14:40:00+00:00,571,152,157,0,2994
2026-09-04T14:41:00+00:00,499,122,104,2,3062
2026-09-04T14:42:00+00:00,494,164,167,7,3092
2026-09-04T14:43:00+00:00,497,149,142,0,3041
2026-09-04T14:44:00+00:00,499,117,124,12,2998
2026-09-04T14:45:00+00:00,496,144,135,7,2954
2026-09-04T14:46:00+00:00,562,144,148,0,3012
2026-09-04T14:47:00+00:00,591,150,170,1,3024
2026-09-04T14:48:00+00:00,608,122,133,1,3039
2026-09-04T14:49:00+00:00,579,162,156,0,3042
2026-09-04T14:50:00+00:00,500,143,143,1,3060
2026-09-04T14:51:00+00:00,496,122,135,0,3013
2026-09-04T14:52:00+00:00,597,136,137,0,3013
2026-09-04T14:53:00+00:00,496,187,209,0,3030
2026-09-04T14:54:00+00:00,594,128,124,0,3067
2026-09-04T14:55:00+00:00,501,166,175,2,3016
2026-09-04T14:56:00+00:00,500,157,166,0,3058
2026-09-04T14:57:00+00:00,499,142,137,0,3087
2026-09-04T14:58:00+00:00,497,143,151,2,3077
2026-09-04T14:59:00+00:00,497,117,129,4,3049
2026-09-04T15:00:00+00:00,570,142,147,8,3103
2026-09-04T15:01:00+00:00,575,140,139,2,3113
2026-09-04T15:02:00+00:00,500,161,149,0,3090
2026-09-04T15:03:00+00:00,497,137,144,0,3097
2026-09-04T15:04:00+00:00,501,158,163,2,3052
2026-09-04T15:05:00+00:00,596,147,156,1,3084
2026-09-04T15:06:00+00:00,566,138,142,0,3014
2026-09-04T15:07:00+00:00,566,138,116,2,2989
2026-09-04T15:08:00+00:00,496,151,170,6,3000
2026-09-04T15:09:00+00:00,571,125,130,0,3027
2026-09-04T15:10:00+00:00,500,133,133,2,3040
2026-09-04T15:11:00+00:00,501,147,169,10,3070
2026-09-04T15:12:00+00:00,497,147,144,0,3051
2026-09-04T15:13:00+00:00,500,164,179,0,2961
2026-09-04T15:14:00+00:00,498,136,136,1,3084
2026-09-04T15:15:00+00:00,500,139,150,0,3075
2026-09-04T15:16:00+00:00,571,148,133,0,2962
2026-09-04T15:17:00+00:00,562,125,126,0,3087
2026-09-04T15:18:00+00:00,599,161,163,1,3101
2026-09-04T15:19:00+00:00,498,154,149,14,3010
2026-09-04T15:20:00+00:00,498,167,177,0,3043
2026-09-04T15:21:00+00:00,557,144,122,0,3034
2026-09-04T15:22:00+00:00,556,130,146,0,3088
2026-09-04T15:23:00+00:00,499,136,116,1,3040
2026-09-04T15:24:00+00:00,501,129,154,0,3074
2026-09-04T15:25:00+00:00,501,131,132,0,2994
2026-09-04T15:26:00+00:00,496,133,123,2,3098
2026-09-04T15:27:00+00:00,555,140,147,0,3067
2026-09-04T15:28:00+00:00,583,143,147,0,3050
2026-09-04T15:29:00+00:00,498,156,167,0,3052
2026-09-04T15:30:00+00:00,496,136,126,7,2975
2026-09-04T15:31:00+00:00,500,143,142,2,3101
2026-09-04T15:32:00+00:00,498,148,149,2,3074
2026-09-04T15:33:00+00:00,572,151,137,0,3024
2026-09-04T15:34:00+00:00,498,151,155,10,3040
2026-09-04T15:35:00+00:00,550,150,159,0,3091
2026-09-04T15:36:00+00:00,499,131,126,17,3028
2026-09-04T15:37:00+00:00,498,145,137,2,3029
2026-09-04T15:38:00+00:00,501,140,138,1,3077
2026-09-04T15:39:00+00:00,499,142,146,2,3050
2026-09-04T15:40:00+00:00,582,143,180,18,3065
2026-09-04T15:41:00+00:00,564,126,133,1,3058
2026-09-04T15:42:00+00:00,555,140,134,0,3062
2026-09-04T15:43:00+00:00,549,141,140,0,3037
2026-09-04T15:44:00+00:00,497,155,153,1,3002
2026-09-04T15:45:00+00:00,498,137,120,1,3017
2026-09-04T15:46:00+00:00,497,146,151,2,3060
2026-09-04T15:47:00+00:00,586,127,137,9,3117
2026-09-04T15:48:00+00:00,497,124,147,3,3037
2026-09-04T15:49:00+00:00,497,149,132,1,3076
2026-09-04T15:50:00+00:00,567,114,128,0,3069
2026-09-04T15:51:00+00:00,568,122,111,0,3082
2026-09-04T15:52:00+00:00,576,144,141,10,3114
2026-09-04T15:53:00+00:00,499,139,134,2,3051
2026-09-04T15:54:00+00:00,580,166,166,0,2999
2026-09-04T15:55:00+00:00,576,149,127,2,3017
2026-09-04T15:56:00+00:00,498,135,139,1,3052
2026-09-04T15:57:00+00:00,501,128,122,0,3013
2026-09-04T15:58:00+00:00,563,141,144,0,3112
2026-09-04T15:59:00+00:00,495,148,154,2,2998
2026-09-04T16:00:00+00:00,499,148,141,0,3058
2026-09-04T16:01:00+00:00,497,135,155,0,3091
2026-09-04T16:02:00+00:00,551,112,121,0,3102
2026-09-04T16:03:00+00:00,497,118,127,0,3018
2026-09-04T16:04:00+00:00,497,127,119,2,2997
2026-09-04T16:05:00+00:00,495,146,151,0,3058
2026-09-04T16:06:00+00:00,548,144,135,1,3077
2026-09-04T16:07:00+00:00,497,158,147,2,3084
2026-09-04T16:08:00+00:00,496,124,114,2,3057
2026-09-04T16:09:00+00:00,500,138,129,2,3070
2026-09-04T16:10:00+00:00,573,164,151,1,3077
2026-09-04T16:11:00+00:00,496,143,138,0,3002
2026-09-04T16:12:00+00:00,571,177,178,10,3058
2026-09-04T16:13:00+00:00,499,121,115,11,3025
2026-09-04T16:14:00+00:00,548,139,145,0,3098
2026-09-04T16:15:00+00:00,542,130,144,0,3031
2026-09-04T16:16:00+00:00,553,164,179,0,3095
2026-09-04T16:17:00+00:00,497,142,143,11,3069
2026-09-04T16:18:00+00:00,497,147,132,6,3069
2026-09-04T16:19:00+00:00,497,136,133,2,3075
2026-09-04T16:20:00+00:00,501,129,150,0,3112
2026-09-04T16:21:00+00:00,539,149,148,0,3068
2026-09-04T16:22:00+00:00,496,131,130,0,2999
2026-09-04T16:23:00+00:00,547,131,142,2,3072
2026-09-04T16:24:00+00:00,497,155,153,1,3002
2026-09-04T16:25:00+00:00,553,124,115,0,3087
2026-09-04T16:26:00+00:00,539,119,126,1,3067
2026-09-04T16:27:00+00:00,551,137,134,0,3090
2026-09-04T16:28:00+00:00,538,140,124,9,3074
2026-09-04T16:29:00+00:00,494,150,176,0,3032
2026-09-04T16:30:00+00:00,499,140,134,2,3080
2026-09-04T16:31:00+00:00,559,148,157,0,3037
2026-09-04T16:32:00+00:00,496,128,124,0,3075
2026-09-04T16:33:00+00:00,549,129,129,0,3052
2026-09-04T16:34:00+00:00,538,166,158,8,3115
2026-09-04T16:35:00+00:00,560,145,141,4,3032
2026-09-04T16:36:00+00:00,559,130,136,3,2985
2026-09-04T16:37:00+00:00,536,155,143,1,3025
2026-09-04T16:38:00+00:00,556,152,162,1,3058
2026-09-04T16:39:00+00:00,544,157,154,2,3045
2026-09-04T16:40:00+00:00,499,121,129,0,3043
2026-09-04T16:41:00+00:00,559,155,169,0,3121
2026-09-04T16:42:00+00:00,499,169,170,5,3091
2026-09-04T16:43:00+00:00,499,133,136,0,3063
2026-09-04T16:44:00+00:00,534,142,142,5,3076
2026-09-04T16:45:00+00:00,499,140,150,0,3049
2026-09-04T16:46:00+00:00,499,163,160,0,3110
2026-09-04T16:47:00+00:00,538,141,146,2,3066
2026-09-04T16:48:00+00:00,530,132,123,3,3105
2026-09-04T16:49:00+00:00,500,138,150,0,3084
2026-09-04T16:50:00+00:00,497,141,133,9,3086
2026-09-04T16:51:00+00:00,498,129,131,1,3117
2026-09-04T16:52:00+00:00,499,130,132,0,3122
2026-09-04T16:53:00+00:00,501,130,137,1,3135
2026-09-04T16:54:00+00:00,497,136,157,0,3097
2026-09-04T16:55:00+00:00,526,132,131,0,3100
2026-09-04T16:56:00+00:00,548,145,151,7,3074
2026-09-04T16:57:00+00:00,496,128,151,1,3142
2026-09-04T16:58:00+00:00,501,154,155,0,3056
2026-09-04T16:59:00+00:00,497,136,135,2,3030
2026-09-04T17:00:00+00:00,534,149,145,0,3100
2026-09-04T17:01:00+00:00,542,159,159,0,3070
2026-09-04T17:02:00+00:00,538,144,146,2,3092
2026-09-04T17:03:00+00:00,544,125,146,0,3005
2026-09-04T17:04:00+00:00,535,166,184,0,3066
2026-09-04T17:05:00+00:00,499,157,145,12,3104
2026-09-04T17:06:00+00:00,499,135,130,0,3102
2026-09-04T17:07:00+00:00,496,144,113,0,3084
2026-09-04T17:08:00+00:00,541,156,165,9,3082
2026-09-04T17:09:00+00:00,501,125,133,0,3098
2026-09-04T17:10:00+00:00,535,148,147,0,3055
2026-09-04T17:11:00+00:00,497,127,126,8,3041
2026-09-04T17:12:00+00:00,498,145,150,0,3061
2026-09-04T17:13:00+00:00,524,132,123,2,3101
2026-09-04T17:14:00+00:00,496,142,136,2,3119
2026-09-04T17:15:00+00:00,531,162,152,2,3123
2026-09-04T17:16:00+00:00,498,121,125,0,3075
2026-09-04T17:17:00+00:00,531,141,137,0,3095
2026-09-04T17:18:00+00:00,497,126,132,0,3176
2026-09-04T17:19:00+00:00,497,142,144,3,3148
2026-09-04T17:20:00+00:00,522,117,141,0,3147
2026-09-04T17:21:00+00:00,529,141,150,8,3008
2026-09-04T17:22:00+00:00,528,158,161,1,3106
2026-09-04T17:23:00+00:00,495,142,134,1,3076
2026-09-04T17:24:00+00:00,536,142,164,0,3098
2026-09-04T17:25:00+00:00,497,150,137,0,3063
2026-09-04T17:26:00+00:00,501,131,130,0,3087
2026-09-04T17:27:00+00:00,497,166,169,1,3112
2026-09-04T17:28:00+00:00,499,172,174,0,3086
2026-09-04T17:29:00+00:00,526,134,124,0,3115
2026-09-04T17:30:00+00:00,521,139,121,11,3140
2026-09-04T17:31:00+00:00,501,157,152,0,3108
2026-09-04T17:32:00+00:00,498,141,128,11,3159
2026-09-04T17:33:00+00:00,498,123,143,2,3107
2026-09-04T17:34:00+00:00,524,151,170,12,3012
2026-09-04T17:35:00+00:00,495,136,125,16,3049
2026-09-04T17:36:00+00:00,499,119,110,2,3120
2026-09-04T17:37:00+00:00,498,152,155,1,3113
2026-09-04T17:38:00+00:00,529,138,155,0,3089
2026-09-04T17:39:00+00:00,495,163,168,0,3111
2026-09-04T17:40:00+00:00,498,173,153,0,3106
2026-09-04T17:41:00+00:00,518,161,142,12,3143
2026-09-04T17:42:00+00:00,500,150,161,0,3090
2026-09-04T17:43:00+00:00,494,140,126,0,3130
2026-09-04T17:44:00+00:00,499,129,147,0,3098
2026-09-04T17:45:00+00:00,495,145,139,1,3077
2026-09-04T17:46:00+00:00,526,136,134,0,3119
2026-09-04T17:47:00+00:00,496,131,134,16,3104
2026-09-04T17:48:00+00:00,496,142,130,0,3125
2026-09-04T17:49:00+00:00,497,149,126,1,3146
2026-09-04T17:50:00+00:00,498,155,139,8,3130
2026-09-04T17:51:00+00:00,520,149,149,0,3112
2026-09-04T17:52:00+00:00,511,179,171,0,3120
2026-09-04T17:53:00+00:00,523,147,143,11,3122
2026-09-04T17:54:00+00:00,498,132,133,10,3125
2026-09-04T17:55:00+00:00,515,156,139,0,3086
2026-09-04T17:56:00+00:00,498,134,123,7,3105
2026-09-04T17:57:00+00:00,515,142,158,0,3156
2026-09-04T17:58:00+00:00,511,149,139,0,3150
2026-09-04T17:59:00+00:00,498,158,152,0,3139
2026-09-04T18:00:00+00:00,497,137,159,0,3120
2026-09-04T18:01:00+00:00,518,141,143,2,3117
2026-09-04T18:02:00+00:00,497,165,167,0,3136
2026-09-04T18:03:00+00:00,497,136,142,14,3158
2026-09-04T18:04:00+00:00,511,144,139,0,3153
2026-09-04T18:05:00+00:00,516,127,126,0,3154
2026-09-04T18:06:00+00:00,495,137,151,1,3135
2026-09-04T18:07:00+00:00,497,186,177,0,3119
2026-09-04T18:08:00+00:00,499,155,166,11,3110
2026-09-04T18:09:00+00:00,501,137,138,8,3069
2026-09-04T18:10:00+00:00,495,131,158,1,3142
2026-09-04T18:11:00+00:00,498,159,181,2,3101
2026-09-04T18:12:00+00:00,517,125,101,0,3090
2026-09-04T18:13:00+00:00,495,126,123,1,3143
2026-09-04T18:14:00+00:00,512,143,132,6,3188
2026-09-04T18:15:00+00:00,508,134,142,2,3156
2026-09-04T18:16:00+00:00,497,137,147,0,3102
2026-09-04T18:17:00+00:00,497,156,179,0,3112
2026-09-04T18:18:00+00:00,498,166,167,7,3193
2026-09-04T18:19:00+00:00,512,140,153,0,3125
2026-09-04T18:20:00+00:00,508,151,149,0,3178
2026-09-04T18:21:00+00:00,495,121,126,0,3135
2026-09-04T18:22:00+00:00,495,144,169,0,3137
2026-09-04T18:23:00+00:00,500,142,150,0,3127
2026-09-04T18:24:00+00:00,511,165,143,0,3110
2026-09-04T18:25:00+00:00,499,146,136,0,3179
2026-09-04T18:26:00+00:00,498,155,146,2,3145
2026-09-04T18:27:00+00:00,499,133,157,0,3160
2026-09-04T18:28:00+00:00,497,134,131,0,3132
2026-09-04T18:29:00+00:00,505,121,114,1,3099
2026-09-04T18:30:00+00:00,506,124,121,0,3099
2026-09-04T18:31:00+00:00,497,163,147,5,3127
2026-09-04T18:32:00+00:00,505,159,148,10,3171
2026-09-04T18:33:00+00:00,503,109,127,0,3158
2026-09-04T18:34:00+00:00,499,163,143,15,3173
2026-09-04T18:35:00+00:00,499,146,156,0,3154
2026-09-04T18:36:00+00:00,505,122,132,0,3145
2026-09-04T18:37:00+00:00,508,159,155,0,3146
2026-09-04T18:38:00+00:00,497,128,103,0,3172
2026-09-04T18:39:00+00:00,500,150,142,0,3127
2026-09-04T18:40:00+00:00,505,137,130,8,3148
2026-09-04T18:41:00+00:00,502,145,143,5,3150
2026-09-04T18:42:00+00:00,506,141,150,3,3156
2026-09-04T18:43:00+00:00,501,155,170,2,3130
2026-09-04T18:44:00+00:00,500,151,157,0,3148
2026-09-04T18:45:00+00:00,498,147,141,2,3144
2026-09-04T18:46:00+00:00,503,153,158,2,3131
2026-09-04T18:47:00+00:00,495,146,137,2,3090
2026-09-04T18:48:00+00:00,501,144,161,1,3153
2026-09-04T18:49:00+00:00,498,137,112,0,3141
2026-09-04T18:50:00+00:00,497,121,132,0,3113
2026-09-04T18:51:00+00:00,503,130,159,0,3149
2026-09-04T18:52:00+00:00,503,123,128,0,3149
2026-09-04T18:53:00+00:00,500,156,143,0,3194
2026-09-04T18:54:00+00:00,499,151,157,2,3159
2026-09-04T18:55:00+00:00,498,135,121,0,3150
2026-09-04T18:56:00+00:00,502,156,140,0,3136
2026-09-04T18:57:00+00:00,500,139,130,9,3124
2026-09-04T18:58:00+00:00,496,155,136,8,3166
2026-09-04T18:59:00+00:00,500,121,141,1,3160
2026-09-04T19:00:00+00:00,500,129,127,2,3126
2026-09-04T19:01:00+00:00,500,141,124,4,3188
2026-09-04T19:02:00+00:00,501,157,180,2,3160
2026-09-04T19:03:00+00:00,500,146,153,0,3199
2026-09-04T19:04:00+00:00,498,150,152,1,3143
2026-09-04T19:05:00+00:00,496,106,102,0,3185
2026-09-04T19:06:00+00:00,496,138,133,0,3142
2026-09-04T19:07:00+00:00,497,428,367,0,3178
2026-09-04T19:08:00+00:00,499,426,349,0,3168
2026-09-04T19:09:00+00:00,496,402,388,2,3186
2026-09-04T19:10:00+00:00,495,418,365,0,3176
2026-09-04T19:11:00+00:00,496,410,358,0,3203
2026-09-04T19:12:00+00:00,495,443,407,2,3137
2026-09-04T19:13:00+00:00,495,437,400,5,3073
2026-09-04T19:14:00+00:00,501,419,348,0,3183
2026-09-04T19:15:00+00:00,495,425,389,0,3173
2026-09-04T19:16:00+00:00,498,444,369,0,3180
2026-09-04T19:17:00+00:00,497,414,366,1,3130
2026-09-04T19:18:00+00:00,498,448,380,0,3167
2026-09-04T19:19:00+00:00,496,442,379,2,3179
2026-09-04T19:20:00+00:00,498,428,388,6,3167
2026-09-04T19:21:00+00:00,495,428,379,1,3168
2026-09-04T19:22:00+00:00,500,435,355,2,3230
2026-09-04T19:23:00+00:00,497,420,349,0,3149
2026-09-04T19:24:00+00:00,496,402,366,2,3148
2026-09-04T19:25:00+00:00,499,390,356,0,3169
2026-09-04T19:26:00+00:00,498,403,371,2,3195
2026-09-04T19:27:00+00:00,498,411,370,2,3158
2026-09-04T19:28:00+00:00,500,409,386,2,3196
2026-09-04T19:29:00+00:00,499,390,340,2,3145
2026-09-04T19:30:00+00:00,499,382,323,1,3175
2026-09-04T19:31:00+00:00,497,442,398,0,3131
2026-09-04T19:32:00+00:00,498,415,353,6,3192
2026-09-04T19:33:00+00:00,496,395,407,0,3158
2026-09-04T19:34:00+00:00,499,402,336,15,3174
2026-09-04T19:35:00+00:00,500,393,354,0,3126
2026-09-04T19:36:00+00:00,495,438,410,0,3132
2026-09-04T19:37:00+00:00,497,376,336,0,3155
2026-09-04T19:38:00+00:00,499,398,345,0,3168
2026-09-04T19:39:00+00:00,495,374,312,0,3157
2026-09-04T19:40:00+00:00,498,381,337,1,3191
2026-09-04T19:41:00+00:00,497,127,128,19,3177
2026-09-04T19:42:00+00:00,496,136,144,0,3159
2026-09-04T19:43:00+00:00,495,147,143,0,3149
2026-09-04T19:44:00+00:00,496,130,135,2,3224
2026-09-04T19:45:00+00:00,496,147,162,2,3181
2026-09-04T19:46:00+00:00,495,144,160,2,3152
2026-09-04T19:47:00+00:00,501,137,137,0,3165
2026-09-04T19:48:00+00:00,496,142,136,6,3173
2026-09-04T19:49:00+00:00,495,137,127,0,3214
2026-09-04T19:50:00+00:00,496,132,128,0,3192
2026-09-04T19:51:00+00:00,498,129,126,12,3149
2026-09-04T19:52:00+00:00,498,134,140,1,3150
2026-09-04T19:53:00+00:00,499,125,100,1,3205
2026-09-04T19:54:00+00:00,497,123,142,0,3202
2026-09-04T19:55:00+00:00,496,133,134,0,3138
2026-09-04T19:56:00+00:00,499,154,148,0,3175
2026-09-04T19:57:00+00:00,496,154,157,9,3198
2026-09-04T19:58:00+00:00,498,140,157,22,3147
2026-09-04T19:59:00+00:00,497,124,119,1,3216
2026-09-04T20:00:00+00:00,495,135,118,0,3144
2026-09-04T20:01:00+00:00,498,150,151,0,3134
2026-09-04T20:02:00+00:00,500,130,140,9,3179
2026-09-04T20:03:00+00:00,494,141,143,0,3179
2026-09-04T20:04:00+00:00,496,135,145,0,3154
2026-09-04T20:05:00+00:00,499,166,179,1,3233
2026-09-04T20:06:00+00:00,499,151,158,0,3220
2026-09-04T20:07:00+00:00,496,146,155,0,3180
2026-09-04T20:08:00+00:00,494,133,139,0,3216
2026-09-04T20:09:00+00:00,494,152,145,0,3177
2026-09-04T20:10:00+00:00,494,176,186,0,3193
2026-09-04T20:11:00+00:00,496,140,133,0,3163
2026-09-04T20:12:00+00:00,496,163,172,1,3184
2026-09-04T20:13:00+00:00,500,133,135,0,3194
2026-09-04T20:14:00+00:00,500,168,163,0,3169
2026-09-04T20:15:00+00:00,498,150,165,6,3184
2026-09-04T20:16:00+00:00,498,147,158,0,3156
2026-09-04T20:17:00+00:00,494,149,166,0,3178
2026-09-04T20:18:00+00:00,499,110,108,0,3132
2026-09-04T20:19:00+00:00,496,149,146,2,3180
2026-09-04T20:20:00+00:00,498,157,165,0,3143
2026-09-04T20:21:00+00:00,499,122,124,0,3178
2026-09-04T20:22:00+00:00,498,138,134,5,3209
2026-09-04T20:23:00+00:00,497,128,149,2,3217
2026-09-04T20:24:00+00:00,497,131,121,0,3183
2026-09-04T20:25:00+00:00,499,151,134,1,3145
2026-09-04T20:26:00+00:00,494,132,147,0,3202
2026-09-04T20:27:00+00:00,497,124,111,0,3112
2026-09-04T20:28:00+00:00,496,129,131,0,3158
2026-09-04T20:29:00+00:00,497,134,166,0,3145
2026-09-04T20:30:00+00:00,499,140,131,2,3233
2026-09-04T20:31:00+00:00,497,116,133,11,3166
2026-09-04T20:32:00+00:00,500,155,149,1,3187
2026-09-04T20:33:00+00:00,498,144,142,0,3231
2026-09-04T20:34:00+00:00,494,171,181,16,3140
2026-09-04T20:35:00+00:00,498,162,184,3,3191
2026-09-04T20:36:00+00:00,496,117,135,0,3179
2026-09-04T20:37:00+00:00,495,155,147,0,3139
2026-09-04T20:38:00+00:00,500,141,173,0,3199
2026-09-04T20:39:00+00:00,498,135,145,0,3153
2026-09-04T20:40:00+00:00,495,144,165,6,3180
2026-09-04T20:41:00+00:00,495,142,134,0,3195
2026-09-04T20:42:00+00:00,495,143,130,0,3172
2026-09-04T20:43:00+00:00,495,121,115,0,3164
2026-09-04T20:44:00+00:00,494,121,131,0,3099
2026-09-04T20:45:00+00:00,496,123,123,0,3191
2026-09-04T20:46:00+00:00,494,138,154,1,3162
2026-09-04T20:47:00+00:00,497,137,151,6,3117
2026-09-04T20:48:00+00:00,498,164,177,1,3137
2026-09-04T20:49:00+00:00,496,135,119,0,3153
2026-09-04T20:50:00+00:00,499,153,149,1,3143
2026-09-04T20:51:00+00:00,495,160,146,0,3116
2026-09-04T20:52:00+00:00,495,157,171,0,3204
2026-09-04T20:53:00+00:00,495,158,175,0,3147
2026-09-04T20:54:00+00:00,498,120,118,2,3158
2026-09-04T20:55:00+00:00,497,129,140,0,3171
2026-09-04T20:56:00+00:00,498,174,193,1,3111
2026-09-04T20:57:00+00:00,496,159,157,0,3179
2026-09-04T20:58:00+00:00,495,142,158,0,3181
2026-09-04T20:59:00+00:00,500,156,147,2,3210
2026-09-04T21:00:00+00:00,497,108,112,0,3140
2026-09-04T21:01:00+00:00,498,151,163,0,3155
2026-09-04T21:02:00+00:00,497,149,135,1,3149
2026-09-04T21:03:00+00:00,496,121,107,8,3175
2026-09-04T21:04:00+00:00,498,158,142,0,3159
2026-09-04T21:05:00+00:00,498,140,156,11,3186
2026-09-04T21:06:00+00:00,497,144,138,0,3201
2026-09-04T21:07:00+00:00,498,143,144,2,3090
2026-09-04T21:08:00+00:00,499,145,156,0,3164
2026-09-04T21:09:00+00:00,497,142,125,11,3155
2026-09-04T21:10:00+00:00,498,123,147,2,3152
2026-09-04T21:11:00+00:00,495,145,160,1,3182
2026-09-04T21:12:00+00:00,497,180,178,0,3175
2026-09-04T21:13:00+00:00,494,150,155,2,3152
2026-09-04T21:14:00+00:00,498,141,131,2,3095
2026-09-04T21:15:00+00:00,497,170,166,0,3186
2026-09-04T21:16:00+00:00,498,125,112,0,3184
2026-09-04T21:17:00+00:00,496,112,121,1,3146
2026-09-04T21:18:00+00:00,495,140,134,4,3154
2026-09-04T21:19:00+00:00,496,136,129,0,3157
2026-09-04T21:20:00+00:00,495,139,139,0,3144
2026-09-04T21:21:00+00:00,496,138,154,2,3121
2026-09-04T21:22:00+00:00,495,134,152,2,3195
2026-09-04T21:23:00+00:00,500,138,133,1,3124
2026-09-04T21:24:00+00:00,498,151,160,0,3159
2026-09-04T21:25:00+00:00,499,143,145,1,3135
2026-09-04T21:26:00+00:00,497,133,159,3,3092
2026-09-04T21:27:00+00:00,495,146,167,0,3209
2026-09-04T21:28:00+00:00,496,138,169,1,3112
2026-09-04T21:29:00+00:00,497,140,154,0,3127
2026-09-04T21:30:00+00:00,498,142,137,0,3079
2026-09-04T21:31:00+00:00,495,106,128,0,3149
2026-09-04T21:32:00+00:00,498,156,151,0,3119
2026-09-04T21:33:00+00:00,497,162,153,0,3152
2026-09-04T21:34:00+00:00,497,142,151,0,3104
2026-09-04T21:35:00+00:00,499,130,125,0,3135
2026-09-04T21:36:00+00:00,496,168,163,2,3101
2026-09-04T21:37:00+00:00,496,136,123,2,3185
2026-09-04T21:38:00+00:00,495,139,154,9,3173
2026-09-04T21:39:00+00:00,496,163,160,0,3123
2026-09-04T21:40:00+00:00,497,155,167,2,3106
2026-09-04T21:41:00+00:00,499,142,148,2,3082
2026-09-04T21:42:00+00:00,494,147,146,2,3150
2026-09-04T21:43:00+00:00,498,178,178,0,3141
2026-09-04T21:44:00+00:00,498,147,147,1,3177
2026-09-04T21:45:00+00:00,496,146,156,1,3071
2026-09-04T21:46:00+00:00,496,134,124,4,3145
2026-09-04T21:47:00+00:00,497,127,117,0,3104
2026-09-04T21:48:00+00:00,494,134,130,0,3195
2026-09-04T21:49:00+00:00,500,153,141,0,3146
2026-09-04T21:50:00+00:00,495,143,144,0,3135
2026-09-04T21:51:00+00:00,497,150,159,0,3135
2026-09-04T21:52:00+00:00,495,137,149,0,3136
2026-09-04T21:53:00+00:00,494,125,119,5,3143
2026-09-04T21:54:00+00:00,498,123,131,9,3130
2026-09-04T21:55:00+00:00,498,162,162,2,3127
2026-09-04T21:56:00+00:00,496,147,162,2,3065
2026-09-04T21:57:00+00:00,496,137,130,2,3119
2026-09-04T21:58:00+00:00,496,143,155,14,3107
2026-09-04T21:59:00+00:00,495,180,187,1,3137
2026-09-04T22:00:00+00:00,495,137,138,1,3074
2026-09-04T22:01:00+00:00,496,146,156,2,3117
2026-09-04T22:02:00+00:00,497,153,141,0,3113
2026-09-04T22:03:00+00:00,494,116,106,0,3064
2026-09-04T22:04:00+00:00,496,162,157,2,3121
2026-09-04T22:05:00+00:00,499,137,155,0,3115
2026-09-04T22:06:00+00:00,497,145,161,13,3126
2026-09-04T22:07:00+00:00,497,149,169,0,3155
2026-09-04T22:08:00+00:00,500,116,134,0,3136
2026-09-04T22:09:00+00:00,495,140,149,9,3126
2026-09-04T22:10:00+00:00,497,134,142,0,3117
2026-09-04T22:11:00+00:00,499,150,159,0,3142
2026-09-04T22:12:00+00:00,496,149,145,0,3118
2026-09-04T22:13:00+00:00,494,144,123,0,3146
2026-09-04T22:14:00+00:00,496,154,160,0,3130
2026-09-04T22:15:00+00:00,496,149,147,2,3131
2026-09-04T22:16:00+00:00,497,139,147,2,3134
2026-09-04T22:17:00+00:00,495,146,162,0,3126
2026-09-04T22:18:00+00:00,499,127,149,1,3070
2026-09-04T22:19:00+00:00,496,137,127,0,3090
2026-09-04T22:20:00+00:00,497,177,161,5,3110
2026-09-04T22:21:00+00:00,496,169,154,1,3069
2026-09-04T22:22:00+00:00,495,152,138,0,3130
2026-09-04T22:23:00+00:00,498,157,148,0,3104
2026-09-04T22:24:00+00:00,494,144,175,2,3113
2026-09-04T22:25:00+00:00,496,137,133,0,3106
2026-09-04T22:26:00+00:00,499,151,163,0,3051
2026-09-04T22:27:00+00:00,497,121,115,2,3130
2026-09-04T22:28:00+00:00,497,165,181,1,3086
2026-09-04T22:29:00+00:00,496,171,172,10,3074
2026-09-04T22:30:00+00:00,497,152,156,0,3119
2026-09-04T22:31:00+00:00,497,132,126,4,3075
2026-09-04T22:32:00+00:00,496,118,150,16,3101
2026-09-04T22:33:00+00:00,496,128,119,2,3066
2026-09-04T22:34:00+00:00,495,153,165,11,3094
2026-09-04T22:35:00+00:00,494,176,184,5,3109
2026-09-04T22:36:00+00:00,497,120,105,26,3090
2026-09-04T22:37:00+00:00,497,116,109,0,3088
2026-09-04T22:38:00+00:00,496,138,133,0,3127
2026-09-04T22:39:00+00:00,494,158,163,2,3093
2026-09-04T22:40:00+00:00,496,147,136,1,3154
2026-09-04T22:41:00+00:00,495,156,166,0,3130
2026-09-04T22:42:00+00:00,497,157,179,13,3125
2026-09-04T22:43:00+00:00,494,141,139,0,3121
2026-09-04T22:44:00+00:00,496,140,148,0,3123
2026-09-04T22:45:00+00:00,495,159,166,1,3091
2026-09-04T22:46:00+00:00,496,146,150,2,3062
2026-09-04T22:47:00+00:00,498,113,115,0,3097
2026-09-04T22:48:00+00:00,495,159,160,0,3072
2026-09-04T22:49:00+00:00,497,150,137,1,3054
2026-09-04T22:50:00+00:00,497,126,147,0,3151
2026-09-04T22:51:00+00:00,495,125,112,4,3064
2026-09-04T22:52:00+00:00,496,181,172,2,3043
2026-09-04T22:53:00+00:00,494,137,124,11,3121
2026-09-04T22:54:00+00:00,498,133,155,0,3075
2026-09-04T22:55:00+00:00,496,148,148,0,3033
2026-09-04T22:56:00+00:00,500,142,145,0,3097
2026-09-04T22:57:00+00:00,498,158,157,0,3103
2026-09-04T22:58:00+00:00,499,146,134,16,3099
2026-09-04T22:59:00+00:00,495,126,118,0,3128
2026-09-04T23:00:00+00:00,494,157,144,0,3050
2026-09-04T23:01:00+00:00,497,141,147,1,3117
2026-09-04T23:02:00+00:00,498,104,126,0,3041
2026-09-04T23:03:00+00:00,495,127,117,0,3112
2026-09-04T23:04:00+00:00,497,130,116,0,3073
2026-09-04T23:05:00+00:00,494,162,167,0,3090
2026-09-04T23:06:00+00:00,500,150,151,0,3131
2026-09-04T23:07:00+00:00,497,145,158,2,3098
2026-09-04T23:08:00+00:00,499,143,129,2,3087
2026-09-04T23:09:00+00:00,494,137,163,0,3049
2026-09-04T23:10:00+00:00,498,109,122,8,3108
2026-09-04T23:11:00+00:00,495,124,140,0,3080
2026-09-04T23:12:00+00:00,497,139,142,13,3034
2026-09-04T23:13:00+00:00,494,170,160,5,3114
2026-09-04T23:14:00+00:00,498,142,128,6,2993
2026-09-04T23:15:00+00:00,496,135,133,0,3120
2026-09-04T23:16:00+00:00,494,148,145,1,3106
2026-09-04T23:17:00+00:00,498,135,120,5,3050
2026-09-04T23:18:00+00:00,499,141,137,2,3031
2026-09-04T23:19:00+00:00,495,156,147,1,3122
2026-09-04T23:20:00+00:00,496,153,134,0,3097
2026-09-04T23:21:00+00:00,499,137,145,1,3064
2026-09-04T23:22:00+00:00,495,143,163,0,3114
2026-09-04T23:23:00+00:00,495,161,157,0,3030
2026-09-04T23:24:00+00:00,495,158,163,2,3086
2026-09-04T23:25:00+00:00,494,154,145,0,3071
2026-09-04T23:26:00+00:00,497,148,159,3,3058
2026-09-04T23:27:00+00:00,499,152,130,0,3043
2026-09-04T23:28:00+00:00,497,160,141,0,3094
2026-09-04T23:29:00+00:00,497,140,135,2,3032
2026-09-04T23:30:00+00:00,497,142,123,0,3077
2026-09-04T23:31:00+00:00,500,134,123,1,3055
2026-09-04T23:32:00+00:00,499,138,147,0,3058
2026-09-04T23:33:00+00:00,498,146,176,0,3041
2026-09-04T23:34:00+00:00,498,154,147,0,3085
2026-09-04T23:35:00+00:00,499,133,129,0,3089
2026-09-04T23:36:00+00:00,501,141,131,0,3088
2026-09-04T23:37:00+00:00,494,133,123,0,3088
2026-09-04T23:38:00+00:00,501,151,152,9,3072
2026-09-04T23:39:00+00:00,494,136,135,1,3095
2026-09-04T23:40:00+00:00,496,139,151,5,3039
2026-09-04T23:41:00+00:00,496,152,135,5,3117
2026-09-04T23:42:00+00:00,496,136,139,0,3060
2026-09-04T23:43:00+00:00,496,151,136,2,3073
2026-09-04T23:44:00+00:00,498,115,129,0,3055
2026-09-04T23:45:00+00:00,497,145,153,0,3073
2026-09-04T23:46:00+00:00,495,136,119,1,3018
2026-09-04T23:47:00+00:00,498,158,173,1,3052
2026-09-04T23:48:00+00:00,495,135,122,0,2992
2026-09-04T23:49:00+00:00,498,149,134,0,3056
2026-09-04T23:50:00+00:00,498,171,175,0,3001
2026-09-04T23:51:00+00:00,500,114,153,8,3094
2026-09-04T23:52:00+00:00,499,113,109,9,3110
2026-09-04T23:53:00+00:00,497,118,112,0,3045
2026-09-04T23:54:00+00:00,495,150,159,1,3110
2026-09-04T23:55:00+00:00,498,138,139,2,3040
2026-09-04T23:56:00+00:00,494,111,125,2,3051
2026-09-04T23:57:00+00:00,494,160,153,11,3045
2026-09-04T23:58:00+00:00,497,145,152,10,3002
2026-09-04T23:59:00+00:00,495,134,142,0,3062
2026-09-05T00:00:00+00:00,497,147,137,2,3068
2026-09-05T00:01:00+00:00,494,124,124,0,2985
2026-09-05T00:02:00+00:00,499,167,147,0,2998
2026-09-05T00:03:00+00:00,495,140,143,0,3019
2026-09-05T00:04:00+00:00,498,167,151,2,3033
2026-09-05T00:05:00+00:00,496,152,163,2,3098
2026-09-05T00:06:00+00:00,497,103,102,0,3092
2026-09-05T00:07:00+00:00,500,162,144,4,3000
2026-09-05T00:08:00+00:00,497,153,147,0,3045
2026-09-05T00:09:00+00:00,500,120,117,3,3081
2026-09-05T00:10:00+00:00,500,101,122,1,3033
2026-09-05T00:11:00+00:00,497,156,141,0,3074
2026-09-05T00:12:00+00:00,496,130,131,0,3031
2026-09-05T00:13:00+00:00,501,107,99,2,3010
2026-09-05T00:14:00+00:00,495,179,180,0,3051
2026-09-05T00:15:00+00:00,494,121,117,0,3075
2026-09-05T00:16:00+00:00,497,170,175,0,3082
2026-09-05T00:17:00+00:00,499,145,151,0,3050
2026-09-05T00:18:00+00:00,501,169,162,8,3008
2026-09-05T00:19:00+00:00,498,145,139,1,2994
2026-09-05T00:20:00+00:00,501,188,163,2,3026
2026-09-05T00:21:00+00:00,499,177,167,0,2983
2026-09-05T00:22:00+00:00,498,138,136,12,3049
2026-09-05T00:23:00+00:00,497,122,120,0,3050
2026-09-05T00:24:00+00:00,496,194,172,1,3058
2026-09-05T00:25:00+00:00,498,102,106,0,3018
2026-09-05T00:26:00+00:00,498,100,130,9,3049
2026-09-05T00:27:00+00:00,497,165,182,10,3031
2026-09-05T00:28:00+00:00,496,147,138,2,3028
2026-09-05T00:29:00+00:00,498,154,154,19,3087
2026-09-05T00:30:00+00:00,496,145,149,1,2994
2026-09-05T00:31:00+00:00,498,143,134,1,2932
2026-09-05T00:32:00+00:00,497,159,154,7,3050
2026-09-05T00:33:00+00:00,500,114,111,1,2946
2026-09-05T00:34:00+00:00,496,133,128,0,3112
2026-09-05T00:35:00+00:00,494,152,144,11,3093
2026-09-05T00:36:00+00:00,497,101,101,1,3043
2026-09-05T00:37:00+00:00,495,151,160,2,3000
2026-09-05T00:38:00+00:00,498,121,139,5,3011
2026-09-05T00:39:00+00:00,496,131,134,1,3031
2026-09-05T00:40:00+00:00,496,182,169,2,3010
2026-09-05T00:41:00+00:00,497,146,143,0,3046
2026-09-05T00:42:00+00:00,494,186,163,0,3021
2026-09-05T00:43:00+00:00,497,132,130,12,3040
2026-09-05T00:44:00+00:00,494,119,129,0,3062
2026-09-05T00:45:00+00:00,494,157,158,2,3119
2026-09-05T00:46:00+00:00,494,103,103,6,3067
2026-09-05T00:47:00+00:00,499,171,144,2,2985
2026-09-05T00:48:00+00:00,497,117,132,1,2989
2026-09-05T00:49:00+00:00,496,103,98,0,3062
2026-09-05T00:50:00+00:00,496,188,184,2,3040
2026-09-05T00:51:00+00:00,500,118,118,0,3098
2026-09-05T00:52:00+00:00,499,108,114,0,3026
2026-09-05T00:53:00+00:00,495,137,130,0,3001
2026-09-05T00:54:00+00:00,494,135,149,1,3047
2026-09-05T00:55:00+00:00,500,103,99,5,3078
2026-09-05T00:56:00+00:00,496,113,146,2,3086
2026-09-05T00:57:00+00:00,495,155,159,0,3088
2026-09-05T00:58:00+00:00,497,102,98,0,3020
2026-09-05T00:59:00+00:00,497,146,139,0,3039
2026-09-05T01:00:00+00:00,500,179,200,0,2991
2026-09-05T01:01:00+00:00,495,102,102,0,3009
2026-09-05T01:02:00+00:00,500,176,182,2,3042
2026-09-05T01:03:00+00:00,495,176,179,2,3080
2026-09-05T01:04:00+00:00,496,134,142,0,3020
2026-09-05T01:05:00+00:00,499,180,166,0,3084
2026-09-05T01:06:00+00:00,499,112,104,0,2995
2026-09-05T01:07:00+00:00,498,179,173,0,2978
2026-09-05T01:08:00+00:00,499,144,146,11,3026
2026-09-05T01:09:00+00:00,497,208,207,2,3077
2026-09-05T01:10:00+00:00,495,132,103,1,3073
2026-09-05T01:11:00+00:00,498,135,125,2,3020
2026-09-05T01:12:00+00:00,498,143,150,2,3000
2026-09-05T01:13:00+00:00,496,121,147,5,2958
2026-09-05T01:14:00+00:00,498,176,168,0,3020
2026-09-05T01:15:00+00:00,497,198,187,2,3007
2026-09-05T01:16:00+00:00,499,109,132,0,3055
2026-09-05T01:17:00+00:00,496,103,115,11,2999
2026-09-05T01:18:00+00:00,495,173,180,0,3017
2026-09-05T01:19:00+00:00,500,110,134,3,3025
2026-09-05T01:20:00+00:00,496,153,154,0,3040
2026-09-05T01:21:00+00:00,495,141,151,2,3092
2026-09-05T01:22:00+00:00,500,152,146,5,3086
2026-09-05T01:23:00+00:00,496,127,150,0,3014
2026-09-05T01:24:00+00:00,496,102,129,6,2985
2026-09-05T01:25:00+00:00,494,168,178,5,3041
2026-09-05T01:26:00+00:00,495,167,162,1,3087
2026-09-05T01:27:00+00:00,494,192,172,6,3005
2026-09-05T01:28:00+00:00,496,222,207,0,3070
2026-09-05T01:29:00+00:00,497,137,156,13,3054
2026-09-05T01:30:00+00:00,498,138,135,9,2989
2026-09-05T01:31:00+00:00,499,106,114,0,3011
2026-09-05T01:32:00+00:00,499,174,171,0,3031
2026-09-05T01:33:00+00:00,496,189,198,1,3057
2026-09-05T01:34:00+00:00,494,126,147,0,3020
2026-09-05T01:35:00+00:00,499,221,198,2,3016
2026-09-05T01:36:00+00:00,496,159,144,2,3110
2026-09-05T01:37:00+00:00,496,133,125,17,3071
2026-09-05T01:38:00+00:00,495,123,113,2,3038
2026-09-05T01:39:00+00:00,498,172,174,0,3069
2026-09-05T01:40:00+00:00,497,154,145,1,2984
2026-09-05T01:41:00+00:00,499,159,166,1,3083
2026-09-05T01:42:00+00:00,496,140,164,0,3027
2026-09-05T01:43:00+00:00,498,100,116,0,3061
2026-09-05T01:44:00+00:00,498,131,150,14,2971
2026-09-05T01:45:00+00:00,501,171,173,19,3039
2026-09-05T01:46:00+00:00,497,103,108,9,2981
2026-09-05T01:47:00+00:00,499,163,168,4,2965
2026-09-05T01:48:00+00:00,500,169,156,2,3016
2026-09-05T01:49:00+00:00,498,145,137,0,3054
2026-09-05T01:50:00+00:00,499,218,216,1,3050
2026-09-05T01:51:00+00:00,498,136,134,0,3018
2026-09-05T01:52:00+00:00,498,160,147,1,3074
2026-09-05T01:53:00+00:00,498,166,150,0,2977
2026-09-05T01:54:00+00:00,499,100,118,0,2961
2026-09-05T01:55:00+00:00,498,179,155,0,3027
2026-09-05T01:56:00+00:00,496,160,154,9,3008
2026-09-05T01:57:00+00:00,494,99,108,0,3062
2026-09-05T01:58:00+00:00,497,135,129,0,3022
2026-09-05T01:59:00+00:00,496,131,149,0,3016
2026-09-05T02:00:00+00:00,499,159,162,1,3033
2026-09-05T02:01:00+00:00,497,150,156,15,3055
2026-09-05T02:02:00+00:00,499,119,150,10,3037
2026-09-05T02:03:00+00:00,497,152,134,0,3007
2026-09-05T02:04:00+00:00,499,99,102,12,3025
2026-09-05T02:05:00+00:00,499,143,138,3,3069
2026-09-05T02:06:00+00:00,500,227,193,1,2998
2026-09-05T02:07:00+00:00,495,109,103,4,2992
2026-09-05T02:08:00+00:00,496,133,138,0,3051
2026-09-05T02:09:00+00:00,494,122,121,1,3027
2026-09-05T02:10:00+00:00,499,176,174,0,3058
2026-09-05T02:11:00+00:00,496,200,193,0,3010
2026-09-05T02:12:00+00:00,500,102,98,0,3059
2026-09-05T02:13:00+00:00,498,200,196,0,3043
2026-09-05T02:14:00+00:00,497,112,138,3,3031
2026-09-05T02:15:00+00:00,494,124,145,6,3033
2026-09-05T02:16:00+00:00,494,105,114,0,3010
2026-09-05T02:17:00+00:00,494,105,120,0,3048
2026-09-05T02:18:00+00:00,497,123,122,1,2912
2026-09-05T02:19:00+00:00,499,167,153,3,3089
2026-09-05T02:20:00+00:00,497,154,143,10,2949
2026-09-05T02:21:00+00:00,496,130,121,1,3054
2026-09-05T02:22:00+00:00,497,141,127,0,3033
2026-09-05T02:23:00+00:00,500,154,146,0,2987
2026-09-05T02:24:00+00:00,495,148,159,2,3072
2026-09-05T02:25:00+00:00,495,174,184,0,3081
2026-09-05T02:26:00+00:00,498,122,137,0,3003
2026-09-05T02:27:00+00:00,498,100,102,1,2990
2026-09-05T02:28:00+00:00,496,126,138,0,3063
2026-09-05T02:29:00+00:00,498,113,125,4,3048
2026-09-05T02:30:00+00:00,495,129,126,1,3011
2026-09-05T02:31:00+00:00,495,148,175,0,3047
2026-09-05T02:32:00+00:00,498,105,139,0,3076
2026-09-05T02:33:00+00:00,495,115,129,0,3057
2026-09-05T02:34:00+00:00,495,137,133,0,3064
2026-09-05T02:35:00+00:00,496,127,128,0,3030
2026-09-05T02:36:00+00:00,501,158,167,0,3051
2026-09-05T02:37:00+00:00,497,104,116,9,3041
2026-09-05T02:38:00+00:00,494,176,168,2,3050
2026-09-05T02:39:00+00:00,494,165,157,0,3028
2026-09-05T02:40:00+00:00,497,133,116,1,2989
2026-09-05T02:41:00+00:00,496,142,132,2,3052
2026-09-05T02:42:00+00:00,497,121,121,1,3049
2026-09-05T02:43:00+00:00,494,137,131,2,3006
2026-09-05T02:44:00+00:00,496,148,137,2,3001
2026-09-05T02:45:00+00:00,499,147,156,0,3096
2026-09-05T02:46:00+00:00,497,145,174,1,3052
2026-09-05T02:47:00+00:00,498,145,141,3,3045
2026-09-05T02:48:00+00:00,498,188,189,12,3036
2026-09-05T02:49:00+00:00,498,148,154,2,3053
2026-09-05T02:50:00+00:00,497,148,137,2,3095
2026-09-05T02:51:00+00:00,498,190,193,4,2983
2026-09-05T02:52:00+00:00,496,120,129,2,3027
2026-09-05T02:53:00+00:00,498,120,120,14,2983
2026-09-05T02:54:00+00:00,494,102,124,1,3064
2026-09-05T02:55:00+00:00,496,111,114,2,3009
2026-09-05T02:56:00+00:00,497,102,110,4,3069
2026-09-05T02:57:00+00:00,498,155,143,1,3040
2026-09-05T02:58:00+00:00,497,193,175,1,3073
2026-09-05T02:59:00+00:00,494,180,195,0,3046
2026-09-05T03:00:00+00:00,496,126,116,0,3000
2026-09-05T03:01:00+00:00,495,159,175,0,3031
2026-09-05T03:02:00+00:00,501,169,155,4,3038
2026-09-05T03:03:00+00:00,497,99,119,0,2978
2026-09-05T03:04:00+00:00,498,137,136,0,3031
2026-09-05T03:05:00+00:00,498,112,112,22,3037
2026-09-05T03:06:00+00:00,495,174,184,0,2959
2026-09-05T03:07:00+00:00,499,152,150,0,3041
2026-09-05T03:08:00+00:00,496,101,102,2,3010
2026-09-05T03:09:00+00:00,496,140,125,1,3020
2026-09-05T03:10:00+00:00,494,161,184,5,2959
2026-09-05T03:11:00+00:00,498,170,159,0,3056
2026-09-05T03:12:00+00:00,498,103,127,2,2961
2026-09-05T03:13:00+00:00,497,144,138,0,3060
2026-09-05T03:14:00+00:00,495,157,157,0,3010
2026-09-05T03:15:00+00:00,494,166,162,0,3041
2026-09-05T03:16:00+00:00,494,136,136,0,3010
2026-09-05T03:17:00+00:00,498,100,104,0,2983
2026-09-05T03:18:00+00:00,497,130,144,0,3082
2026-09-05T03:19:00+00:00,498,131,141,9,3020
2026-09-05T03:20:00+00:00,498,200,212,6,3062
2026-09-05T03:21:00+00:00,501,100,128,2,3030
2026-09-05T03:22:00+00:00,497,151,170,1,3039
2026-09-05T03:23:00+00:00,497,132,135,2,3039
2026-09-05T03:24:00+00:00,495,200,177,2,3039
2026-09-05T03:25:00+00:00,500,134,130,0,2961
2026-09-05T03:26:00+00:00,500,138,153,1,3041
2026-09-05T03:27:00+00:00,498,163,161,0,3085
2026-09-05T03:28:00+00:00,500,138,131,8,2963
2026-09-05T03:29:00+00:00,496,99,129,7,3018
2026-09-05T03:30:00+00:00,498,128,121,15,3053
2026-09-05T03:31:00+00:00,497,121,137,4,2996
2026-09-05T03:32:00+00:00,494,190,187,0,3027
2026-09-05T03:33:00+00:00,497,167,168,2,3050
2026-09-05T03:34:00+00:00,498,163,176,0,3001
2026-09-05T03:35:00+00:00,497,142,146,2,3039
2026-09-05T03:36:00+00:00,496,133,134,12,3059
2026-09-05T03:37:00+00:00,500,126,150,1,2956
2026-09-05T03:38:00+00:00,494,143,150,0,3086
2026-09-05T03:39:00+00:00,494,138,142,0,3010
2026-09-05T03:40:00+00:00,495,140,140,0,3086
2026-09-05T03:41:00+00:00,494,130,140,1,3020
2026-09-05T03:42:00+00:00,496,146,162,2,2976
2026-09-05T03:43:00+00:00,496,134,125,2,2997
2026-09-05T03:44:00+00:00,498,139,143,6,3047
2026-09-05T03:45:00+00:00,498,138,150,7,3028
2026-09-05T03:46:00+00:00,497,195,168,2,2972
2026-09-05T03:47:00+00:00,497,180,178,0,3059
2026-09-05T03:48:00+00:00,496,134,142,13,3040
2026-09-05T03:49:00+00:00,498,124,139,0,3057
2026-09-05T03:50:00+00:00,501,148,146,0,3007
2026-09-05T03:51:00+00:00,497,150,190,0,3026
2026-09-05T03:52:00+00:00,496,174,199,0,3065
2026-09-05T03:53:00+00:00,496,171,161,0,3024
2026-09-05T03:54:00+00:00,497,143,134,0,3066
2026-09-05T03:55:00+00:00,498,180,189,15,3042
2026-09-05T03:56:00+00:00,498,158,183,1,3107
2026-09-05T03:57:00+00:00,496,115,116,0,3036
2026-09-05T03:58:00+00:00,499,165,167,0,3000
2026-09-05T03:59:00+00:00,499,113,112,14,3018
2026-09-05T04:00:00+00:00,501,137,141,0,3044
2026-09-05T04:01:00+00:00,495,147,149,8,3006
2026-09-05T04:02:00+00:00,497,153,157,7,3004
2026-09-05T04:03:00+00:00,500,131,149,0,3038
2026-09-05T04:04:00+00:00,498,149,137,8,2977
2026-09-05T04:05:00+00:00,496,179,173,1,3038
2026-09-05T04:06:00+00:00,495,139,158,1,3024
2026-09-05T04:07:00+00:00,499,110,113,2,2979
2026-09-05T04:08:00+00:00,501,146,132,10,2995
2026-09-05T04:09:00+00:00,497,107,113,2,3046
2026-09-05T04:10:00+00:00,499,138,163,12,3012
2026-09-05T04:11:00+00:00,500,121,132,0,2964
2026-09-05T04:12:00+00:00,498,172,143,1,3041
2026-09-05T04:13:00+00:00,497,146,144,0,3083
2026-09-05T04:14:00+00:00,499,185,165,4,3001
2026-09-05T04:15:00+00:00,496,158,175,0,3029
2026-09-05T04:16:00+00:00,496,127,152,6,3089
2026-09-05T04:17:00+00:00,494,108,107,0,2971
2026-09-05T04:18:00+00:00,495,153,140,13,3054
2026-09-05T04:19:00+00:00,499,132,146,1,3034
2026-09-05T04:20:00+00:00,494,161,163,10,3062
2026-09-05T04:21:00+00:00,495,127,121,0,2971
2026-09-05T04:22:00+00:00,495,143,140,0,3015
2026-09-05T04:23:00+00:00,501,138,137,10,3060
2026-09-05T04:24:00+00:00,495,180,167,2,3037
2026-09-05T04:25:00+00:00,497,128,105,2,3065
2026-09-05T04:26:00+00:00,501,172,171,0,3062
2026-09-05T04:27:00+00:00,496,124,121,0,3074
2026-09-05T04:28:00+00:00,500,145,150,6,3021
2026-09-05T04:29:00+00:00,498,167,171,0,3064
2026-09-05T04:30:00+00:00,494,110,116,0,2996
2026-09-05T04:31:00+00:00,496,168,166,0,3028
2026-09-05T04:32:00+00:00,494,156,154,12,2999
2026-09-05T04:33:00+00:00,500,152,163,1,3040
2026-09-05T04:34:00+00:00,498,138,133,2,3024
2026-09-05T04:35:00+00:00,496,150,151,1,3027
2026-09-05T04:36:00+00:00,498,157,149,0,3020
2026-09-05T04:37:00+00:00,495,133,118,2,2969
2026-09-05T04:38:00+00:00,498,121,118,2,3043
2026-09-05T04:39:00+00:00,494,134,124,0,2987
2026-09-05T04:40:00+00:00,497,138,147,2,3009
2026-09-05T04:41:00+00:00,498,140,127,0,3081
2026-09-05T04:42:00+00:00,495,135,135,1,3026
2026-09-05T04:43:00+00:00,495,129,118,1,3033
2026-09-05T04:44:00+00:00,498,99,108,0,3020
2026-09-05T04:45:00+00:00,497,184,161,2,3050
2026-09-05T04:46:00+00:00,499,151,142,5,3010
2026-09-05T04:47:00+00:00,497,136,150,1,3022
2026-09-05T04:48:00+00:00,495,140,153,0,3054
2026-09-05T04:49:00+00:00,500,152,149,0,2949
2026-09-05T04:50:00+00:00,494,100,144,5,3000
2026-09-05T04:51:00+00:00,495,129,131,2,3026
2026-09-05T04:52:00+00:00,500,130,115,8,3035
2026-09-05T04:53:00+00:00,498,151,176,2,3040
2026-09-05T04:54:00+00:00,495,117,109,0,3056
2026-09-05T04:55:00+00:00,497,164,191,3,3088
2026-09-05T04:56:00+00:00,499,112,115,0,3071
2026-09-05T04:57:00+00:00,494,125,124,4,3032
2026-09-05T04:58:00+00:00,495,135,116,0,3036
2026-09-05T04:59:00+00:00,497,162,148,1,3027
2026-09-05T05:00:00+00:00,497,162,134,2,3035
2026-09-05T05:01:00+00:00,500,146,130,6,3048
2026-09-05T05:02:00+00:00,499,151,159,2,3031
2026-09-05T05:03:00+00:00,494,148,131,12,3014
2026-09-05T05:04:00+00:00,499,171,149,0,3038
2026-09-05T05:05:00+00:00,496,156,135,0,3059
2026-09-05T05:06:00+00:00,499,129,136,0,3062
2026-09-05T05:07:00+00:00,495,143,130,0,3053
2026-09-05T05:08:00+00:00,495,118,106,1,3072
2026-09-05T05:09:00+00:00,498,123,137,15,3085
2026-09-05T05:10:00+00:00,497,160,171,0,3045
2026-09-05T05:11:00+00:00,498,147,125,16,2996
2026-09-05T05:12:00+00:00,499,188,203,0,3032
2026-09-05T05:13:00+00:00,496,148,124,0,3018
2026-09-05T05:14:00+00:00,496,149,134,3,3036
2026-09-05T05:15:00+00:00,497,137,152,0,3032
2026-09-05T05:16:00+00:00,500,155,150,5,3051
2026-09-05T05:17:00+00:00,498,130,132,6,2994
2026-09-05T05:18:00+00:00,496,112,119,11,2975
2026-09-05T05:19:00+00:00,498,170,160,8,3054
2026-09-05T05:20:00+00:00,496,116,119,0,3035
2026-09-05T05:21:00+00:00,496,145,167,6,3067
2026-09-05T05:22:00+00:00,498,122,137,4,2995
2026-09-05T05:23:00+00:00,499,116,126,2,3048
2026-09-05T05:24:00+00:00,497,145,147,2,3049
2026-09-05T05:25:00+00:00,497,129,155,0,3056
2026-09-05T05:26:00+00:00,497,152,146,2,3021
2026-09-05T05:27:00+00:00,497,157,163,0,3020
2026-09-05T05:28:00+00:00,496,155,131,2,3058
2026-09-05T05:29:00+00:00,497,131,152,1,3079
2026-09-05T05:30:00+00:00,494,123,124,0,3007
2026-09-05T05:31:00+00:00,496,139,143,2,3098
2026-09-05T05:32:00+00:00,499,100,114,7,3023
2026-09-05T05:33:00+00:00,496,171,178,0,3040
2026-09-05T05:34:00+00:00,498,156,153,0,2976
2026-09-05T05:35:00+00:00,496,146,155,0,3019
2026-09-05T05:36:00+00:00,496,138,138,13,3020
2026-09-05T05:37:00+00:00,495,151,153,11,3052
2026-09-05T05:38:00+00:00,499,124,133,1,3069
2026-09-05T05:39:00+00:00,494,155,156,1,3059
2026-09-05T05:40:00+00:00,498,153,187,2,3046
2026-09-05T05:41:00+00:00,494,150,140,6,2932
2026-09-05T05:42:00+00:00,500,140,163,0,3054
2026-09-05T05:43:00+00:00,496,144,150,15,2992
2026-09-05T05:44:00+00:00,500,138,161,1,3024
2026-09-05T05:45:00+00:00,498,111,137,7,3035
2026-09-05T05:46:00+00:00,498,158,146,1,3084
2026-09-05T05:47:00+00:00,498,119,119,0,3047
2026-09-05T05:48:00+00:00,498,118,124,0,2995
2026-09-05T05:49:00+00:00,495,127,118,0,3084
2026-09-05T05:50:00+00:00,499,106,99,0,3026
2026-09-05T05:51:00+00:00,498,134,136,2,3026
2026-09-05T05:52:00+00:00,497,163,157,1,3037
2026-09-05T05:53:00+00:00,498,122,106,2,3045
2026-09-05T05:54:00+00:00,496,148,147,0,3053
2026-09-05T05:55:00+00:00,501,156,152,1,3078
2026-09-05T05:56:00+00:00,498,159,157,7,3033
2026-09-05T05:57:00+00:00,495,156,176,1,3063
2026-09-05T05:58:00+00:00,495,152,157,1,3078
2026-09-05T05:59:00+00:00,498,124,132,0,3050
2026-09-05T06:00:00+00:00,498,158,175,0,3046
2026-09-05T06:01:00+00:00,495,155,156,0,3088
2026-09-05T06:02:00+00:00,495,121,128,12,2987
2026-09-05T06:03:00+00:00,501,169,147,0,3036
2026-09-05T06:04:00+00:00,495,166,164,1,3021
2026-09-05T06:05:00+00:00,496,166,145,9,3046
2026-09-05T06:06:00+00:00,496,131,143,1,2980
2026-09-05T06:07:00+00:00,498,146,131,3,3044
2026-09-05T06:08:00+00:00,499,142,126,0,3074
2026-09-05T06:09:00+00:00,497,155,154,2,3033
2026-09-05T06:10:00+00:00,494,156,169,2,3064
2026-09-05T06:11:00+00:00,498,146,142,0,3072
2026-09-05T06:12:00+00:00,495,137,124,2,3023
2026-09-05T06:13:00+00:00,497,147,149,1,3047
2026-09-05T06:14:00+00:00,497,162,173,8,3077
2026-09-05T06:15:00+00:00,496,141,136,2,3054
2026-09-05T06:16:00+00:00,494,149,145,7,3088
2026-09-05T06:17:00+00:00,496,142,170,0,3101
2026-09-05T06:18:00+00:00,500,124,118,3,3038
2026-09-05T06:19:00+00:00,494,149,144,2,3057
2026-09-05T06:20:00+00:00,499,181,171,0,3054
2026-09-05T06:21:00+00:00,496,130,157,0,3065
2026-09-05T06:22:00+00:00,496,125,130,0,3072
2026-09-05T06:23:00+00:00,497,136,121,0,3026
2026-09-05T06:24:00+00:00,500,166,171,2,3040
2026-09-05T06:25:00+00:00,495,147,160,0,3015
2026-09-05T06:26:00+00:00,498,130,144,2,3071
2026-09-05T06:27:00+00:00,496,177,175,6,3044
2026-09-05T06:28:00+00:00,498,148,141,2,3090
2026-09-05T06:29:00+00:00,497,133,139,8,3094
2026-09-05T06:30:00+00:00,497,171,177,5,3053
2026-09-05T06:31:00+00:00,499,140,136,2,3092
2026-09-05T06:32:00+00:00,495,163,145,0,3015
2026-09-05T06:33:00+00:00,500,155,143,0,3081
2026-09-05T06:34:00+00:00,498,146,166,0,3058
2026-09-05T06:35:00+00:00,497,177,174,15,3080
2026-09-05T06:36:00+00:00,497,138,145,7,3075
2026-09-05T06:37:00+00:00,500,149,133,7,3098
2026-09-05T06:38:00+00:00,494,161,146,2,3050
2026-09-05T06:39:00+00:00,498,137,122,0,3040
2026-09-05T06:40:00+00:00,500,155,156,0,3082
2026-09-05T06:41:00+00:00,497,149,153,1,3030
2026-09-05T06:42:00+00:00,497,111,144,0,3006
2026-09-05T06:43:00+00:00,498,124,128,1,3070
2026-09-05T06:44:00+00:00,494,157,154,0,3079
2026-09-05T06:45:00+00:00,494,147,157,0,3076
2026-09-05T06:46:00+00:00,501,134,146,0,3072
2026-09-05T06:47:00+00:00,496,120,112,1,3046
2026-09-05T06:48:00+00:00,495,175,180,0,3066
2026-09-05T06:49:00+00:00,499,175,175,0,3043
2026-09-05T06:50:00+00:00,494,175,185,1,3083
2026-09-05T06:51:00+00:00,498,150,128,6,3044
2026-09-05T06:52:00+00:00,497,144,162,11,3103
2026-09-05T06:53:00+00:00,501,138,141,4,3095
2026-09-05T06:54:00+00:00,499,150,147,0,3129
2026-09-05T06:55:00+00:00,496,151,147,0,3071
2026-09-05T06:56:00+00:00,500,150,148,1,3082
2026-09-05T06:57:00+00:00,498,152,165,2,3114
2026-09-05T06:58:00+00:00,498,139,143,14,3061
2026-09-05T06:59:00+00:00,499,142,128,0,3067
2026-09-05T07:00:00+00:00,496,129,142,1,3129
2026-09-05T07:01:00+00:00,498,112,130,0,3117
2026-09-05T07:02:00+00:00,500,137,167,0,3058
2026-09-05T07:03:00+00:00,498,118,122,17,3089
2026-09-05T07:04:00+00:00,498,141,148,1,3089
2026-09-05T07:05:00+00:00,497,136,122,2,3057
2026-09-05T07:06:00+00:00,497,141,140,2,3116
2026-09-05T07:07:00+00:00,496,151,139,2,3065
2026-09-05T07:08:00+00:00,494,140,154,0,3046
2026-09-05T07:09:00+00:00,499,142,159,1,3066
2026-09-05T07:10:00+00:00,499,144,149,1,3073
2026-09-05T07:11:00+00:00,494,161,142,0,3109
2026-09-05T07:12:00+00:00,497,137,146,0,3103
2026-09-05T07:13:00+00:00,495,176,181,1,3111
2026-09-05T07:14:00+00:00,498,139,138,1,3063
2026-09-05T07:15:00+00:00,497,131,147,4,3069
2026-09-05T07:16:00+00:00,498,119,120,2,3126
2026-09-05T07:17:00+00:00,494,172,158,0,3069
2026-09-05T07:18:00+00:00,497,134,134,11,3090
2026-09-05T07:19:00+00:00,495,145,143,0,3106
2026-09-05T07:20:00+00:00,495,128,127,0,3093
2026-09-05T07:21:00+00:00,494,143,161,0,3069
2026-09-05T07:22:00+00:00,498,142,154,7,3114
2026-09-05T07:23:00+00:00,500,156,152,1,3044
2026-09-05T07:24:00+00:00,494,149,144,2,3083
2026-09-05T07:25:00+00:00,498,135,150,0,3094
2026-09-05T07:26:00+00:00,497,137,127,1,3075
2026-09-05T07:27:00+00:00,495,135,133,0,3155
2026-09-05T07:28:00+00:00,496,129,144,2,3038
2026-09-05T07:29:00+00:00,495,138,144,0,3074
2026-09-05T07:30:00+00:00,498,129,124,0,3114
2026-09-05T07:31:00+00:00,496,114,109,2,3094
2026-09-05T07:32:00+00:00,496,116,116,0,3103
2026-09-05T07:33:00+00:00,495,139,135,1,3112
2026-09-05T07:34:00+00:00,495,159,157,0,3061
2026-09-05T07:35:00+00:00,496,142,132,11,3081
2026-09-05T07:36:00+00:00,496,155,170,2,3086
2026-09-05T07:37:00+00:00,496,132,115,2,3149
2026-09-05T07:38:00+00:00,498,125,133,2,3131
2026-09-05T07:39:00+00:00,501,146,133,0,3121
2026-09-05T07:40:00+00:00,494,160,149,6,3067
2026-09-05T07:41:00+00:00,494,178,167,0,3056
2026-09-05T07:42:00+00:00,500,160,162,0,3104
2026-09-05T07:43:00+00:00,497,122,130,0,3080
2026-09-05T07:44:00+00:00,495,122,147,6,3006
2026-09-05T07:45:00+00:00,501,166,177,0,3094
2026-09-05T07:46:00+00:00,496,137,148,2,3107
2026-09-05T07:47:00+00:00,496,146,151,2,3147
2026-09-05T07:48:00+00:00,498,149,133,0,3120
2026-09-05T07:49:00+00:00,499,150,145,0,3127
2026-09-05T07:50:00+00:00,498,149,148,0,3136
2026-09-05T07:51:00+00:00,500,128,134,2,3122
2026-09-05T07:52:00+00:00,498,131,115,3,3140
2026-09-05T07:53:00+00:00,500,150,140,1,3169
2026-09-05T07:54:00+00:00,500,157,150,6,3091
2026-09-05T07:55:00+00:00,497,148,139,3,3066
2026-09-05T07:56:00+00:00,500,149,149,1,3128
2026-09-05T07:57:00+00:00,497,146,145,1,3107
2026-09-05T07:58:00+00:00,496,139,154,0,3117
2026-09-05T07:59:00+00:00,497,152,160,17,3136
2026-09-05T08:00:00+00:00,501,160,151,12,3093
2026-09-05T08:01:00+00:00,498,157,155,1,3144
2026-09-05T08:02:00+00:00,497,140,152,0,3108
2026-09-05T08:03:00+00:00,497,130,121,0,3125
2026-09-05T08:04:00+00:00,495,156,161,0,3151
2026-09-05T08:05:00+00:00,501,172,169,0,3134
2026-09-05T08:06:00+00:00,503,173,161,0,3121
2026-09-05T08:07:00+00:00,500,134,157,2,3086
2026-09-05T08:08:00+00:00,503,121,129,2,3163
2026-09-05T08:09:00+00:00,504,162,156,0,3139
2026-09-05T08:10:00+00:00,495,137,145,0,3082
2026-09-05T08:11:00+00:00,501,132,145,0,3113
2026-09-05T08:12:00+00:00,500,131,117,0,3160
2026-09-05T08:13:00+00:00,497,145,140,4,3102
2026-09-05T08:14:00+00:00,504,154,149,1,3149
2026-09-05T08:15:00+00:00,506,154,173,2,3134
2026-09-05T08:16:00+00:00,504,141,135,1,3162
2026-09-05T08:17:00+00:00,504,138,149,0,3155
2026-09-05T08:18:00+00:00,497,114,143,0,3146
2026-09-05T08:19:00+00:00,505,154,158,0,3183
2026-09-05T08:20:00+00:00,499,101,101,1,3107
2026-09-05T08:21:00+00:00,496,141,146,0,3164
2026-09-05T08:22:00+00:00,496,153,156,12,3140
2026-09-05T08:23:00+00:00,498,158,162,0,3182
2026-09-05T08:24:00+00:00,494,149,150,0,3143
2026-09-05T08:25:00+00:00,502,166,160,0,3192
2026-09-05T08:26:00+00:00,507,134,131,4,3164
2026-09-05T08:27:00+00:00,498,136,147,4,3145
2026-09-05T08:28:00+00:00,496,166,163,9,3188
2026-09-05T08:29:00+00:00,495,143,139,0,3158
2026-09-05T08:30:00+00:00,497,117,121,2,3162
2026-09-05T08:31:00+00:00,507,164,165,13,3164
2026-09-05T08:32:00+00:00,501,153,158,0,3148
2026-09-05T08:33:00+00:00,503,170,186,0,3143
2026-09-05T08:34:00+00:00,500,131,129,2,3157
2026-09-05T08:35:00+00:00,499,116,126,0,3184
2026-09-05T08:36:00+00:00,513,156,153,11,3173
2026-09-05T08:37:00+00:00,508,160,156,0,3124
2026-09-05T08:38:00+00:00,496,158,152,2,3199
2026-09-05T08:39:00+00:00,494,147,159,1,3195
2026-09-05T08:40:00+00:00,509,150,142,0,3145
2026-09-05T08:41:00+00:00,496,137,124,1,3169
2026-09-05T08:42:00+00:00,508,130,120,0,3129
2026-09-05T08:43:00+00:00,498,150,148,0,3218
2026-09-05T08:44:00+00:00,507,148,143,7,3131
2026-09-05T08:45:00+00:00,498,110,136,0,3172
2026-09-05T08:46:00+00:00,498,148,139,0,3140
2026-09-05T08:47:00+00:00,498,147,160,2,3170
2026-09-05T08:48:00+00:00,516,134,114,2,3174
2026-09-05T08:49:00+00:00,498,172,175,10,3195
2026-09-05T08:50:00+00:00,496,146,159,2,3130
2026-09-05T08:51:00+00:00,497,126,129,0,3179
2026-09-05T08:52:00+00:00,497,158,158,2,3147
2026-09-05T08:53:00+00:00,499,158,137,0,3199
2026-09-05T08:54:00+00:00,495,127,115,0,3180
2026-09-05T08:55:00+00:00,497,144,143,2,3204
2026-09-05T08:56:00+00:00,500,142,119,2,3184
2026-09-05T08:57:00+00:00,513,150,157,0,3168
2026-09-05T08:58:00+00:00,499,156,156,0,3217
2026-09-05T08:59:00+00:00,494,149,140,18,3195
2026-09-05T09:00:00+00:00,515,131,130,1,3143
2026-09-05T09:01:00+00:00,494,163,143,0,3148
2026-09-05T09:02:00+00:00,495,123,126,0,3198
2026-09-05T09:03:00+00:00,511,165,164,0,3245
2026-09-05T09:04:00+00:00,498,137,149,2,3158
2026-09-05T09:05:00+00:00,498,167,155,1,3148
2026-09-05T09:06:00+00:00,495,142,138,2,3170
2026-09-05T09:07:00+00:00,496,156,160,0,3172
2026-09-05T09:08:00+00:00,517,144,146,0,3178
2026-09-05T09:09:00+00:00,501,152,134,8,3234
2026-09-05T09:10:00+00:00,499,151,126,10,3206
2026-09-05T09:11:00+00:00,512,150,141,1,3229
2026-09-05T09:12:00+00:00,520,135,140,12,3192
2026-09-05T09:13:00+00:00,518,158,142,2,3107
2026-09-05T09:14:00+00:00,519,137,145,2,3177
2026-09-05T09:15:00+00:00,515,132,136,0,3174
2026-09-05T09:16:00+00:00,497,130,137,19,3185
2026-09-05T09:17:00+00:00,498,153,136,0,3187
2026-09-05T09:18:00+00:00,499,137,143,0,3240
2026-09-05T09:19:00+00:00,530,129,129,1,3182
2026-09-05T09:20:00+00:00,521,160,160,0,3201
2026-09-05T09:21:00+00:00,529,131,121,2,3188
2026-09-05T09:22:00+00:00,498,138,125,18,3199
2026-09-05T09:23:00+00:00,499,136,134,1,3194
2026-09-05T09:24:00+00:00,496,169,153,0,3137
2026-09-05T09:25:00+00:00,500,160,148,1,3236
2026-09-05T09:26:00+00:00,496,152,147,0,3238
2026-09-05T09:27:00+00:00,496,146,146,16,3229
2026-09-05T09:28:00+00:00,528,137,147,0,3214
2026-09-05T09:29:00+00:00,500,169,177,0,3186
2026-09-05T09:30:00+00:00,496,155,180,0,3218
2026-09-05T09:31:00+00:00,495,149,146,0,3206
2026-09-05T09:32:00+00:00,529,135,136,1,3233
2026-09-05T09:33:00+00:00,526,136,146,0,3188
2026-09-05T09:34:00+00:00,495,144,150,2,3168
2026-09-05T09:35:00+00:00,535,142,143,2,3225
2026-09-05T09:36:00+00:00,522,158,145,0,3215
2026-09-05T09:37:00+00:00,529,171,199,0,3200
2026-09-05T09:38:00+00:00,499,126,103,6,3196
2026-09-05T09:39:00+00:00,536,139,154,12,3240
2026-09-05T09:40:00+00:00,497,131,146,0,3203
2026-09-05T09:41:00+00:00,497,146,151,1,3183
2026-09-05T09:42:00+00:00,540,139,117,1,3244
2026-09-05T09:43:00+00:00,496,136,142,8,3215
2026-09-05T09:44:00+00:00,499,140,127,1,3202
2026-09-05T09:45:00+00:00,529,154,156,0,3219
2026-09-05T09:46:00+00:00,535,157,150,0,3182
2026-09-05T09:47:00+00:00,498,115,124,0,3230
2026-09-05T09:48:00+00:00,527,161,171,0,3193
2026-09-05T09:49:00+00:00,527,124,115,0,3214
2026-09-05T09:50:00+00:00,535,148,153,0,3191
2026-09-05T09:51:00+00:00,496,162,160,1,3235
2026-09-05T09:52:00+00:00,543,134,155,0,3192
2026-09-05T09:53:00+00:00,529,173,176,2,3201
2026-09-05T09:54:00+00:00,533,155,134,0,3157
2026-09-05T09:55:00+00:00,497,146,142,0,3190
2026-09-05T09:56:00+00:00,498,143,135,0,3191
2026-09-05T09:57:00+00:00,540,132,124,0,3206
2026-09-05T09:58:00+00:00,497,140,137,8,3215
2026-09-05T09:59:00+00:00,495,118,127,1,3225
2026-09-05T10:00:00+00:00,494,162,154,0,3227
2026-09-05T10:01:00+00:00,549,150,164,11,3176
2026-09-05T10:02:00+00:00,498,131,121,1,3215
2026-09-05T10:03:00+00:00,496,135,113,0,3195
2026-09-05T10:04:00+00:00,536,161,156,0,3221
2026-09-05T10:05:00+00:00,538,149,138,2,3232
2026-09-05T10:06:00+00:00,498,142,146,1,3223
2026-09-05T10:07:00+00:00,537,129,108,0,3184
2026-09-05T10:08:00+00:00,497,155,147,0,3251
2026-09-05T10:09:00+00:00,498,167,179,0,3202
2026-09-05T10:10:00+00:00,498,119,149,2,3263
2026-09-05T10:11:00+00:00,499,134,131,0,3199
2026-09-05T10:12:00+00:00,527,148,132,0,3220
2026-09-05T10:13:00+00:00,536,135,127,0,3210
2026-09-05T10:14:00+00:00,497,135,147,0,3224
2026-09-05T10:15:00+00:00,497,130,171,8,3153
2026-09-05T10:16:00+00:00,533,161,166,1,3219
2026-09-05T10:17:00+00:00,545,144,144,0,3238
2026-09-05T10:18:00+00:00,501,137,123,0,3190
2026-09-05T10:19:00+00:00,496,131,133,7,3243
2026-09-05T10:20:00+00:00,497,119,125,2,3186
2026-09-05T10:21:00+00:00,497,134,137,9,3197
2026-09-05T10:22:00+00:00,548,134,152,11,3212
2026-09-05T10:23:00+00:00,555,173,186,0,3202
2026-09-05T10:24:00+00:00,534,161,152,11,3190
2026-09-05T10:25:00+00:00,498,148,144,0,3223
2026-09-05T10:26:00+00:00,497,137,133,3,3166
2026-09-05T10:27:00+00:00,500,148,164,2,3205
2026-09-05T10:28:00+00:00,543,151,146,0,3195
2026-09-05T10:29:00+00:00,562,151,152,2,3206
2026-09-05T10:30:00+00:00,499,139,131,0,3225
2026-09-05T10:31:00+00:00,548,112,129,1,3190
2026-09-05T10:32:00+00:00,496,125,117,7,3227
2026-09-05T10:33:00+00:00,498,159,157,1,3189
2026-09-05T10:34:00+00:00,559,128,149,0,3153
2026-09-05T10:35:00+00:00,498,146,142,2,3208
2026-09-05T10:36:00+00:00,551,148,132,2,3232
2026-09-05T10:37:00+00:00,495,124,117,0,3169
2026-09-05T10:38:00+00:00,496,146,122,0,3180
2026-09-05T10:39:00+00:00,562,152,166,0,3186
2026-09-05T10:40:00+00:00,496,139,134,8,3175
2026-09-05T10:41:00+00:00,497,139,147,1,3189
2026-09-05T10:42:00+00:00,501,141,136,1,3197
2026-09-05T10:43:00+00:00,545,121,135,6,3195
2026-09-05T10:44:00+00:00,497,156,150,0,3221
2026-09-05T10:45:00+00:00,499,168,161,0,3222
2026-09-05T10:46:00+00:00,496,134,143,1,3149
2026-09-05T10:47:00+00:00,496,149,155,0,3223
2026-09-05T10:48:00+00:00,555,148,141,17,3186
2026-09-05T10:49:00+00:00,496,156,141,1,3161
2026-09-05T10:50:00+00:00,567,131,128,0,3181
2026-09-05T10:51:00+00:00,572,126,135,2,3211
2026-09-05T10:52:00+00:00,562,176,161,2,3237
2026-09-05T10:53:00+00:00,560,133,161,2,3228
2026-09-05T10:54:00+00:00,495,140,149,0,3240
2026-09-05T10:55:00+00:00,499,130,139,0,3248
2026-09-05T10:56:00+00:00,499,136,121,1,3203
2026-09-05T10:57:00+00:00,552,139,138,2,3223
2026-09-05T10:58:00+00:00,567,123,138,2,3168
2026-09-05T10:59:00+00:00,495,144,154,3,3133
2026-09-05T11:00:00+00:00,499,136,138,0,3187
2026-09-05T11:01:00+00:00,566,120,117,0,3179
2026-09-05T11:02:00+00:00,498,145,132,10,3199
2026-09-05T11:03:00+00:00,548,154,153,1,3138
2026-09-05T11:04:00+00:00,501,137,149,2,3135
2026-09-05T11:05:00+00:00,495,143,138,0,3200
2026-09-05T11:06:00+00:00,579,154,162,0,3194
2026-09-05T11:07:00+00:00,497,117,122,0,3190
2026-09-05T11:08:00+00:00,552,177,180,2,3199
2026-09-05T11:09:00+00:00,544,153,133,0,3211
2026-09-05T11:10:00+00:00,547,126,128,0,3189
2026-09-05T11:11:00+00:00,496,137,156,11,3191
2026-09-05T11:12:00+00:00,499,118,145,0,3122
2026-09-05T11:13:00+00:00,499,150,144,0,3128
2026-09-05T11:14:00+00:00,498,130,129,0,3209
2026-09-05T11:15:00+00:00,496,137,169,0,3169
2026-09-05T11:16:00+00:00,499,140,134,0,3160
2026-09-05T11:17:00+00:00,554,142,154,0,3182
2026-09-05T11:18:00+00:00,496,155,154,1,3204
2026-09-05T11:19:00+00:00,576,154,155,2,3147
2026-09-05T11:20:00+00:00,590,133,124,6,3193
2026-09-05T11:21:00+00:00,563,155,160,9,3152
2026-09-05T11:22:00+00:00,495,134,149,11,3211
2026-09-05T11:23:00+00:00,496,122,125,0,3164
2026-09-05T11:24:00+00:00,497,112,139,0,3126
2026-09-05T11:25:00+00:00,577,158,171,0,3227
2026-09-05T11:26:00+00:00,495,118,123,2,3181
2026-09-05T11:27:00+00:00,568,140,131,1,3177
2026-09-05T11:28:00+00:00,572,126,129,4,3206
2026-09-05T11:29:00+00:00,581,169,148,2,3095
2026-09-05T11:30:00+00:00,578,147,147,2,3097
2026-09-05T11:31:00+00:00,584,152,150,0,3172
2026-09-05T11:32:00+00:00,499,181,185,0,3150
2026-09-05T11:33:00+00:00,576,130,131,0,3144
2026-09-05T11:34:00+00:00,496,109,128,0,3150
2026-09-05T11:35:00+00:00,556,150,146,2,3143
2026-09-05T11:36:00+00:00,584,128,131,1,3106
2026-09-05T11:37:00+00:00,498,147,146,2,3136
2026-09-05T11:38:00+00:00,566,113,119,2,3157
2026-09-05T11:39:00+00:00,498,132,144,0,3136
2026-09-05T11:40:00+00:00,588,167,167,8,3139
2026-09-05T11:41:00+00:00,495,119,122,5,3144
2026-09-05T11:42:00+00:00,559,153,176,5,3161
2026-09-05T11:43:00+00:00,497,113,110,2,3104
2026-09-05T11:44:00+00:00,499,146,164,0,3175
2026-09-05T11:45:00+00:00,565,141,146,1,3104
2026-09-05T11:46:00+00:00,596,132,137,0,3165
2026-09-05T11:47:00+00:00,590,141,138,8,3113
2026-09-05T11:48:00+00:00,500,147,145,1,3106
2026-09-05T11:49:00+00:00,497,160,136,1,3147
2026-09-05T11:50:00+00:00,577,133,143,2,3122
2026-09-05T11:51:00+00:00,569,142,134,0,3120
2026-09-05T11:52:00+00:00,561,130,166,2,3084
2026-09-05T11:53:00+00:00,496,126,124,2,3130
2026-09-05T11:54:00+00:00,575,133,146,0,3193
2026-09-05T11:55:00+00:00,574,163,153,4,3090
2026-09-05T11:56:00+00:00,568,153,155,2,3104
2026-09-05T11:57:00+00:00,498,142,151,0,3077
2026-09-05T11:58:00+00:00,495,138,149,1,3048
2026-09-05T11:59:00+00:00,497,132,143,0,3075
2026-09-05T12:00:00+00:00,498,137,143,0,3137
2026-09-05T12:01:00+00:00,498,128,130,0,3127
2026-09-05T12:02:00+00:00,494,129,117,4,3140
2026-09-05T12:03:00+00:00,495,141,146,16,3121
2026-09-05T12:04:00+00:00,605,119,121,0,3126
2026-09-05T12:05:00+00:00,565,127,138,1,3143
2026-09-05T12:06:00+00:00,584,157,153,0,3150
2026-09-05T12:07:00+00:00,498,141,138,0,3123
2026-09-05T12:08:00+00:00,568,129,133,0,3025
2026-09-05T12:09:00+00:00,500,137,126,2,3128
2026-09-05T12:10:00+00:00,571,126,127,1,3117
2026-09-05T12:11:00+00:00,600,143,150,6,3170
2026-09-05T12:12:00+00:00,497,149,159,2,3126
2026-09-05T12:13:00+00:00,499,169,164,2,3098
2026-09-05T12:14:00+00:00,496,136,148,17,3115
2026-09-05T12:15:00+00:00,600,124,131,5,3057
2026-09-05T12:16:00+00:00,499,146,142,0,3042
2026-09-05T12:17:00+00:00,500,164,158,0,3104
2026-09-05T12:18:00+00:00,605,130,147,12,3120
2026-09-05T12:19:00+00:00,498,151,160,0,3038
2026-09-05T12:20:00+00:00,563,138,153,1,3118
2026-09-05T12:21:00+00:00,610,127,148,0,3124
2026-09-05T12:22:00+00:00,499,146,141,0,3137
2026-09-05T12:23:00+00:00,499,140,152,2,3117
2026-09-05T12:24:00+00:00,496,148,162,2,3110
2026-09-05T12:25:00+00:00,592,137,157,1,3081
2026-09-05T12:26:00+00:00,498,130,146,0,3112
2026-09-05T12:27:00+00:00,610,131,146,0,3124
2026-09-05T12:28:00+00:00,499,152,134,0,3102
2026-09-05T12:29:00+00:00,602,139,147,2,3087
2026-09-05T12:30:00+00:00,615,151,161,2,3095
2026-09-05T12:31:00+00:00,563,141,148,0,3069
2026-09-05T12:32:00+00:00,585,142,136,7,3115
2026-09-05T12:33:00+00:00,498,146,150,0,3082
2026-09-05T12:34:00+00:00,500,137,131,0,3085
2026-09-05T12:35:00+00:00,580,147,150,8,3085
2026-09-05T12:36:00+00:00,613,127,135,8,3098
2026-09-05T12:37:00+00:00,499,122,115,9,3054
2026-09-05T12:38:00+00:00,497,146,137,0,3040
2026-09-05T12:39:00+00:00,500,157,165,0,3109
2026-09-05T12:40:00+00:00,586,129,138,1,3099
2026-09-05T12:41:00+00:00,498,160,161,1,3119
2026-09-05T12:42:00+00:00,607,145,147,0,3095
2026-09-05T12:43:00+00:00,498,123,143,0,3107
2026-09-05T12:44:00+00:00,609,175,147,0,3079
2026-09-05T12:45:00+00:00,615,141,138,0,3128
2026-09-05T12:46:00+00:00,501,133,141,1,3110
2026-09-05T12:47:00+00:00,563,142,132,14,3106
2026-09-05T12:48:00+00:00,498,124,104,0,3053
2026-09-05T12:49:00+00:00,497,114,104,1,3105
2026-09-05T12:50:00+00:00,498,141,160,7,3140
2026-09-05T12:51:00+00:00,587,139,154,2,3084
2026-09-05T12:52:00+00:00,573,155,162,1,3092
2026-09-05T12:53:00+00:00,615,178,164,0,3101
2026-09-05T12:54:00+00:00,496,133,116,0,3074
2026-09-05T12:55:00+00:00,605,156,170,1,3074
2026-09-05T12:56:00+00:00,499,100,109,2,3027
2026-09-05T12:57:00+00:00,495,134,132,0,3082
2026-09-05T12:58:00+00:00,566,130,132,8,3046
2026-09-05T12:59:00+00:00,499,128,150,0,3100
2026-09-05T13:00:00+00:00,498,141,134,1,3067
2026-09-05T13:01:00+00:00,499,144,151,0,3103
2026-09-05T13:02:00+00:00,497,139,120,0,3092
2026-09-05T13:03:00+00:00,567,122,99,0,3073
2026-09-05T13:04:00+00:00,496,137,164,1,3105
2026-09-05T13:05:00+00:00,497,135,156,1,2967
2026-09-05T13:06:00+00:00,596,143,135,3,3041
2026-09-05T13:07:00+00:00,605,110,120,2,3119
2026-09-05T13:08:00+00:00,495,127,125,0,3068
2026-09-05T13:09:00+00:00,500,125,142,1,3013
2026-09-05T13:10:00+00:00,584,136,128,0,3000
2026-09-05T13:11:00+00:00,499,150,159,0,3068
2026-09-05T13:12:00+00:00,498,140,142,1,3074
2026-09-05T13:13:00+00:00,499,121,128,0,3042
2026-09-05T13:14:00+00:00,499,134,144,0,3070
2026-09-05T13:15:00+00:00,601,138,144,0,3127
2026-09-05T13:16:00+00:00,498,134,130,0,3123
2026-09-05T13:17:00+00:00,585,148,154,0,3082
2026-09-05T13:18:00+00:00,582,152,162,0,3098
2026-09-05T13:19:00+00:00,498,139,136,5,3027
2026-09-05T13:20:00+00:00,620,142,159,9,3033
2026-09-05T13:21:00+00:00,496,129,135,1,3026
2026-09-05T13:22:00+00:00,596,130,140,0,3094
2026-09-05T13:23:00+00:00,588,150,160,0,3103
2026-09-05T13:24:00+00:00,496,127,127,6,3013
2026-09-05T13:25:00+00:00,496,114,110,7,3012
2026-09-05T13:26:00+00:00,497,143,147,3,3055
2026-09-05T13:27:00+00:00,612,128,156,14,3044
2026-09-05T13:28:00+00:00,500,127,158,4,3095
2026-09-05T13:29:00+00:00,625,162,164,11,3118
2026-09-05T13:30:00+00:00,498,149,174,1,3068
2026-09-05T13:31:00+00:00,499,123,127,0,3051
2026-09-05T13:32:00+00:00,580,115,127,0,3054
2026-09-05T13:33:00+00:00,605,153,156,0,3030
2026-09-05T13:34:00+00:00,497,151,144,2,3044
2026-09-05T13:35:00+00:00,501,138,140,1,3050
2026-09-05T13:36:00+00:00,496,148,154,0,3071
2026-09-05T13:37:00+00:00,497,118,126,0,3043
2026-09-05T13:38:00+00:00,597,148,158,1,3088
2026-09-05T13:39:00+00:00,597,138,137,0,3063
2026-09-05T13:40:00+00:00,499,131,113,0,3072
2026-09-05T13:41:00+00:00,500,125,157,9,3036
2026-09-05T13:42:00+00:00,497,132,144,0,3049
2026-09-05T13:43:00+00:00,499,131,151,0,3054
2026-09-05T13:44:00+00:00,500,142,137,1,3038
2026-09-05T13:45:00+00:00,495,153,161,1,3116
2026-09-05T13:46:00+00:00,499,181,166,0,3040
2026-09-05T13:47:00+00:00,615,139,150,0,3045
2026-09-05T13:48:00+00:00,498,150,163,14,3031
2026-09-05T13:49:00+00:00,606,142,135,6,3092
2026-09-05T13:50:00+00:00,496,155,155,0,2994
2026-09-05T13:51:00+00:00,584,133,135,8,3006
2026-09-05T13:52:00+00:00,497,141,141,0,3055
2026-09-05T13:53:00+00:00,610,150,156,0,3073
2026-09-05T13:54:00+00:00,497,162,143,0,3053
2026-09-05T13:55:00+00:00,497,109,116,0,3053
2026-09-05T13:56:00+00:00,614,166,167,1,3006
2026-09-05T13:57:00+00:00,499,118,120,7,3075
2026-09-05T13:58:00+00:00,497,138,130,10,3025
2026-09-05T13:59:00+00:00,607,136,140,0,3046
2026-09-05T14:00:00+00:00,498,141,138,0,3098
2026-09-05T14:01:00+00:00,500,137,127,5,3017
2026-09-05T14:02:00+00:00,498,130,125,1,3094
2026-09-05T14:03:00+00:00,499,144,151,0,3039
2026-09-05T14:04:00+00:00,499,138,142,0,3054
2026-09-05T14:05:00+00:00,604,151,144,12,3062
2026-09-05T14:06:00+00:00,587,155,153,2,3073
2026-09-05T14:07:00+00:00,498,151,146,13,3069
2026-09-05T14:08:00+00:00,500,137,123,2,3087
2026-09-05T14:09:00+00:00,622,131,115,7,3066
2026-09-05T14:10:00+00:00,499,150,124,8,3037
2026-09-05T14:11:00+00:00,499,142,134,0,3078
2026-09-05T14:12:00+00:00,618,145,140,0,2972
2026-09-05T14:13:00+00:00,579,175,165,3,3009
2026-09-05T14:14:00+00:00,498,156,167,1,3025
2026-09-05T14:15:00+00:00,498,149,150,2,3011
2026-09-05T14:16:00+00:00,609,151,133,12,2989
2026-09-05T14:17:00+00:00,498,133,143,2,3007
2026-09-05T14:18:00+00:00,589,131,132,0,3044
2026-09-05T14:19:00+00:00,614,137,153,0,2991
2026-09-05T14:20:00+00:00,569,128,125,0,3023
2026-09-05T14:21:00+00:00,495,139,140,0,3003
2026-09-05T14:22:00+00:00,498,121,118,0,3110
2026-09-05T14:23:00+00:00,497,134,127,0,3052
2026-09-05T14:24:00+00:00,605,170,167,6,3033
2026-09-05T14:25:00+00:00,497,117,123,2,2994
2026-09-05T14:26:00+00:00,498,151,141,0,3045
2026-09-05T14:27:00+00:00,579,109,135,0,3085
2026-09-05T14:28:00+00:00,496,152,157,4,3022
2026-09-05T14:29:00+00:00,496,155,148,16,3065
2026-09-05T14:30:00+00:00,499,155,174,0,3044
2026-09-05T14:31:00+00:00,497,171,169,11,3033
2026-09-05T14:32:00+00:00,500,123,109,0,3023
2026-09-05T14:33:00+00:00,596,152,136,0,3008
2026-09-05T14:34:00+00:00,604,164,148,4,3032
2026-09-05T14:35:00+00:00,576,128,134,0,3085
2026-09-05T14:36:00+00:00,500,150,150,2,3057
2026-09-05T14:37:00+00:00,599,139,138,2,3001
2026-09-05T14:38:00+00:00,563,134,145,1,3069
2026-09-05T14:39:00+00:00,572,127,124,9,3036
2026-09-05T14:40:00+00:00,499,159,149,0,3064
2026-09-05T14:41:00+00:00,498,136,143,0,3091
2026-09-05T14:42:00+00:00,582,130,132,0,3034
2026-09-05T14:43:00+00:00,500,138,155,2,3054
2026-09-05T14:44:00+00:00,563,138,160,0,3060
2026-09-05T14:45:00+00:00,589,144,161,0,2999
2026-09-05T14:46:00+00:00,500,160,170,1,2945
2026-09-05T14:47:00+00:00,497,129,124,10,3022
2026-09-05T14:48:00+00:00,609,141,118,2,3001
2026-09-05T14:49:00+00:00,498,172,161,21,3035
2026-09-05T14:50:00+00:00,501,155,149,3,2987
2026-09-05T14:51:00+00:00,496,138,152,0,3076
2026-09-05T14:52:00+00:00,499,124,139,1,3105
2026-09-05T14:53:00+00:00,594,152,150,0,3035
2026-09-05T14:54:00+00:00,496,139,135,1,3007
2026-09-05T14:55:00+00:00,595,147,154,4,3044
2026-09-05T14:56:00+00:00,501,153,172,8,3064
2026-09-05T14:57:00+00:00,598,135,114,0,3052
2026-09-05T14:58:00+00:00,497,105,104,2,3049
2026-09-05T14:59:00+00:00,501,138,136,0,2996
2026-09-05T15:00:00+00:00,497,147,159,2,3015
2026-09-05T15:01:00+00:00,497,152,132,0,2991
2026-09-05T15:02:00+00:00,494,140,147,4,3044
2026-09-05T15:03:00+00:00,601,144,134,0,2967
2026-09-05T15:04:00+00:00,498,139,125,3,3077
2026-09-05T15:05:00+00:00,562,107,113,2,3065
2026-09-05T15:06:00+00:00,575,159,143,0,3011
2026-09-05T15:07:00+00:00,498,143,166,0,3005
2026-09-05T15:08:00+00:00,567,162,158,8,2993
2026-09-05T15:09:00+00:00,499,155,143,7,3023
2026-09-05T15:10:00+00:00,573,124,123,0,3059
2026-09-05T15:11:00+00:00,562,159,154,0,3031
2026-09-05T15:12:00+00:00,591,124,137,0,3072
2026-09-05T15:13:00+00:00,501,131,140,7,3065
2026-09-05T15:14:00+00:00,496,138,136,0,3100
2026-09-05T15:15:00+00:00,579,128,147,2,3056
2026-09-05T15:16:00+00:00,501,121,130,0,3071
2026-09-05T15:17:00+00:00,561,125,117,2,2965
2026-09-05T15:18:00+00:00,569,170,162,0,3037
2026-09-05T15:19:00+00:00,499,125,109,5,3089
2026-09-05T15:20:00+00:00,575,168,160,0,3028
2026-09-05T15:21:00+00:00,499,141,140,14,3049
2026-09-05T15:22:00+00:00,496,112,103,8,3043
2026-09-05T15:23:00+00:00,496,122,137,13,3061
2026-09-05T15:24:00+00:00,568,144,150,13,3049
2026-09-05T15:25:00+00:00,497,150,128,5,3056
2026-09-05T15:26:00+00:00,498,140,162,1,3111
2026-09-05T15:27:00+00:00,573,166,167,0,3030
2026-09-05T15:28:00+00:00,565,142,135,0,3024
2026-09-05T15:29:00+00:00,497,136,144,2,3048
2026-09-05T15:30:00+00:00,497,141,136,18,3052
2026-09-05T15:31:00+00:00,498,133,140,5,3056
2026-09-05T15:32:00+00:00,500,160,150,1,3021
2026-09-05T15:33:00+00:00,561,152,149,16,3044
2026-09-05T15:34:00+00:00,500,134,131,12,3010
2026-09-05T15:35:00+00:00,499,155,181,0,3035
2026-09-05T15:36:00+00:00,562,141,150,7,3048
2026-09-05T15:37:00+00:00,496,140,157,0,3079
2026-09-05T15:38:00+00:00,497,143,157,0,3049
2026-09-05T15:39:00+00:00,500,172,168,0,3019
2026-09-05T15:40:00+00:00,570,122,164,1,3105
2026-09-05T15:41:00+00:00,572,148,168,2,3035
2026-09-05T15:42:00+00:00,549,137,132,6,3079
2026-09-05T15:43:00+00:00,499,153,152,2,3090
2026-09-05T15:44:00+00:00,496,108,105,2,3028
2026-09-05T15:45:00+00:00,548,141,130,4,3020
2026-09-05T15:46:00+00:00,498,131,111,1,3081
2026-09-05T15:47:00+00:00,577,139,143,2,3072
2026-09-05T15:48:00+00:00,497,139,126,17,3071
2026-09-05T15:49:00+00:00,498,145,144,5,3001
2026-09-05T15:50:00+00:00,553,138,129,8,3046
2026-09-05T15:51:00+00:00,498,141,156,2,3006
2026-09-05T15:52:00+00:00,567,151,184,1,3050
2026-09-05T15:53:00+00:00,499,141,149,0,3070
2026-09-05T15:54:00+00:00,558,142,166,5,2991
2026-09-05T15:55:00+00:00,499,155,139,0,3077
2026-09-05T15:56:00+00:00,499,139,136,0,3016
2026-09-05T15:57:00+00:00,496,125,140,1,3054
2026-09-05T15:58:00+00:00,495,149,130,17,3078
2026-09-05T15:59:00+00:00,543,156,157,0,3043
2026-09-05T16:00:00+00:00,499,152,143,0,3062
2026-09-05T16:01:00+00:00,496,108,100,0,3030
2026-09-05T16:02:00+00:00,495,133,135,1,3064
2026-09-05T16:03:00+00:00,495,141,133,7,3108
2026-09-05T16:04:00+00:00,560,105,101,9,2997
2026-09-05T16:05:00+00:00,497,149,132,1,3017
2026-09-05T16:06:00+00:00,556,159,146,0,3100
2026-09-05T16:07:00+00:00,496,136,150,4,3105
2026-09-05T16:08:00+00:00,568,139,144,2,3131
2026-09-05T16:09:00+00:00,497,127,123,1,3042
2026-09-05T16:10:00+00:00,499,127,117,0,3007
2026-09-05T16:11:00+00:00,498,143,147,0,3095
2026-09-05T16:12:00+00:00,499,151,138,6,3091
2026-09-05T16:13:00+00:00,499,156,151,0,3025
2026-09-05T16:14:00+00:00,556,132,146,0,3075
2026-09-05T16:15:00+00:00,498,170,171,5,3126
2026-09-05T16:16:00+00:00,565,121,140,1,3062
2026-09-05T16:17:00+00:00,499,125,130,0,3038
2026-09-05T16:18:00+00:00,500,140,132,1,3081
2026-09-05T16:19:00+00:00,499,144,140,0,3065
2026-09-05T16:20:00+00:00,542,171,184,3,3047
2026-09-05T16:21:00+00:00,564,132,130,1,3051
2026-09-05T16:22:00+00:00,500,155,153,0,3057
2026-09-05T16:23:00+00:00,560,120,124,0,3053
2026-09-05T16:24:00+00:00,497,137,137,2,3040
2026-09-05T16:25:00+00:00,499,125,129,0,3047
2026-09-05T16:26:00+00:00,542,133,138,0,3058
2026-09-05T16:27:00+00:00,536,154,142,1,3037
2026-09-05T16:28:00+00:00,551,141,119,0,3017
2026-09-05T16:29:00+00:00,496,137,143,2,3069
2026-09-05T16:30:00+00:00,559,132,123,0,3056
2026-09-05T16:31:00+00:00,497,133,111,0,3091
2026-09-05T16:32:00+00:00,497,140,147,2,3069
2026-09-05T16:33:00+00:00,559,162,168,2,3093
2026-09-05T16:34:00+00:00,500,153,141,7,3051
2026-09-05T16:35:00+00:00,545,140,144,2,2973
2026-09-05T16:36:00+00:00,499,132,131,0,3052
2026-09-05T16:37:00+00:00,543,169,179,0,3035
2026-09-05T16:38:00+00:00,548,129,121,2,3065
2026-09-05T16:39:00+00:00,496,133,129,1,3050
2026-09-05T16:40:00+00:00,558,150,147,1,3099
2026-09-05T16:41:00+00:00,497,130,137,0,3069
2026-09-05T16:42:00+00:00,496,112,119,1,3019
2026-09-05T16:43:00+00:00,540,154,142,1,3146
2026-09-05T16:44:00+00:00,497,122,142,0,3088
2026-09-05T16:45:00+00:00,496,152,178,2,3004
2026-09-05T16:46:00+00:00,497,119,119,0,3054
2026-09-05T16:47:00+00:00,540,134,135,0,3062
2026-09-05T16:48:00+00:00,495,155,159,5,3124
2026-09-05T16:49:00+00:00,537,158,149,0,3070
2026-09-05T16:50:00+00:00,536,126,131,7,3034
2026-09-05T16:51:00+00:00,547,135,125,0,3077
2026-09-05T16:52:00+00:00,496,146,144,0,3031
2026-09-05T16:53:00+00:00,496,130,137,0,3052
2026-09-05T16:54:00+00:00,531,163,174,18,3084
2026-09-05T16:55:00+00:00,498,156,156,0,3090
2026-09-05T16:56:00+00:00,540,149,154,2,3070
2026-09-05T16:57:00+00:00,498,163,176,2,3074
2026-09-05T16:58:00+00:00,532,131,144,1,3040
2026-09-05T16:59:00+00:00,536,145,139,1,3033
2026-09-05T17:00:00+00:00,535,164,162,4,3056
2026-09-05T17:01:00+00:00,497,155,137,4,3091
2026-09-05T17:02:00+00:00,546,114,127,0,3089
2026-09-05T17:03:00+00:00,495,136,112,5,3123
2026-09-05T17:04:00+00:00,499,137,127,0,3115
2026-09-05T17:05:00+00:00,498,147,139,2,3093
2026-09-05T17:06:00+00:00,501,170,152,7,3089
2026-09-05T17:07:00+00:00,499,131,145,0,3114
2026-09-05T17:08:00+00:00,496,139,145,0,3110
2026-09-05T17:09:00+00:00,496,138,149,1,3095
2026-09-05T17:10:00+00:00,501,157,153,0,3128
2026-09-05T17:11:00+00:00,499,169,181,6,3115
2026-09-05T17:12:00+00:00,500,173,159,2,3038
2026-09-05T17:13:00+00:00,523,139,143,5,3106
2026-09-05T17:14:00+00:00,527,135,127,0,3071
2026-09-05T17:15:00+00:00,523,146,145,0,3048
2026-09-05T17:16:00+00:00,496,165,183,1,3086
2026-09-05T17:17:00+00:00,498,135,120,9,3147
2026-09-05T17:18:00+00:00,496,161,162,2,3104
2026-09-05T17:19:00+00:00,495,149,133,2,3077
2026-09-05T17:20:00+00:00,533,119,121,0,3116
2026-09-05T17:21:00+00:00,497,132,127,7,3093
2026-09-05T17:22:00+00:00,501,140,138,0,3101
2026-09-05T17:23:00+00:00,500,142,139,0,3114
2026-09-05T17:24:00+00:00,496,138,147,0,3105
2026-09-05T17:25:00+00:00,524,147,137,2,3047
2026-09-05T17:26:00+00:00,528,132,139,17,3083
2026-09-05T17:27:00+00:00,496,139,135,1,3131
2026-09-05T17:28:00+00:00,499,139,150,0,3137
2026-09-05T17:29:00+00:00,495,162,147,5,3147
2026-09-05T17:30:00+00:00,534,132,128,1,3138
2026-09-05T17:31:00+00:00,497,159,160,2,3079
2026-09-05T17:32:00+00:00,524,134,126,1,3121
2026-09-05T17:33:00+00:00,525,157,147,0,3089
2026-09-05T17:34:00+00:00,496,143,143,0,3102
2026-09-05T17:35:00+00:00,498,171,161,1,3151
2026-09-05T17:36:00+00:00,526,142,152,0,3113
2026-09-05T17:37:00+00:00,530,157,144,10,3104
2026-09-05T17:38:00+00:00,495,154,145,0,3069
2026-09-05T17:39:00+00:00,528,150,155,7,3106
2026-09-05T17:40:00+00:00,496,140,121,0,3180
2026-09-05T17:41:00+00:00,525,139,126,2,3075
2026-09-05T17:42:00+00:00,521,138,122,1,3140
2026-09-05T17:43:00+00:00,499,171,158,9,3138
2026-09-05T17:44:00+00:00,518,135,132,0,3105
2026-09-05T17:45:00+00:00,495,113,112,0,3092
2026-09-05T17:46:00+00:00,522,144,147,0,3109
2026-09-05T17:47:00+00:00,501,169,152,0,3142
2026-09-05T17:48:00+00:00,497,157,181,0,3125
2026-09-05T17:49:00+00:00,496,156,163,2,3145
2026-09-05T17:50:00+00:00,516,164,156,0,3163
2026-09-05T17:51:00+00:00,497,163,159,0,3143
2026-09-05T17:52:00+00:00,497,175,173,1,3179
2026-09-05T17:53:00+00:00,514,145,155,0,3133
2026-09-05T17:54:00+00:00,498,145,151,1,3188
2026-09-05T17:55:00+00:00,499,137,148,3,3155
2026-09-05T17:56:00+00:00,516,177,207,8,3154
2026-09-05T17:57:00+00:00,497,150,174,0,3135
2026-09-05T17:58:00+00:00,498,146,151,0,3036
2026-09-05T17:59:00+00:00,498,145,164,8,3133
2026-09-05T18:00:00+00:00,521,141,134,2,3120
2026-09-05T18:01:00+00:00,496,119,102,1,3045
2026-09-05T18:02:00+00:00,497,148,125,0,3129
2026-09-05T18:03:00+00:00,517,125,121,2,3142
2026-09-05T18:04:00+00:00,518,164,150,1,3142
2026-09-05T18:05:00+00:00,498,161,159,1,3100
2026-09-05T18:06:00+00:00,499,146,150,0,3156
2026-09-05T18:07:00+00:00,514,111,106,15,3107
2026-09-05T18:08:00+00:00,513,156,152,0,3169
2026-09-05T18:09:00+00:00,517,136,126,2,3150
2026-09-05T18:10:00+00:00,515,136,157,2,3125
2026-09-05T18:11:00+00:00,515,155,131,0,3078
2026-09-05T18:12:00+00:00,496,154,168,0,3091
2026-09-05T18:13:00+00:00,500,139,128,0,3132
2026-09-05T18:14:00+00:00,500,150,169,2,3119
2026-09-05T18:15:00+00:00,511,153,139,3,3160
2026-09-05T18:16:00+00:00,508,152,153,1,3142
2026-09-05T18:17:00+00:00,497,138,131,0,3126
2026-09-05T18:18:00+00:00,512,148,149,0,3157
2026-09-05T18:19:00+00:00,499,158,183,0,3138
2026-09-05T18:20:00+00:00,513,142,141,6,3093
2026-09-05T18:21:00+00:00,511,138,145,0,3136
2026-09-05T18:22:00+00:00,497,145,151,0,3123
2026-09-05T18:23:00+00:00,499,125,139,0,3133
2026-09-05T18:24:00+00:00,511,152,136,0,3109
2026-09-05T18:25:00+00:00,499,116,126,2,3086
2026-09-05T18:26:00+00:00,508,154,163,2,3170
2026-09-05T18:27:00+00:00,496,121,112,12,3118
2026-09-05T18:28:00+00:00,505,135,127,0,3119
2026-09-05T18:29:00+00:00,509,152,162,0,3167
2026-09-05T18:30:00+00:00,511,127,116,1,3181
2026-09-05T18:31:00+00:00,508,136,129,4,3174
2026-09-05T18:32:00+00:00,506,121,137,0,3155
2026-09-05T18:33:00+00:00,504,124,119,1,3195
2026-09-05T18:34:00+00:00,496,152,161,9,3183
2026-09-05T18:35:00+00:00,498,132,149,8,3152
2026-09-05T18:36:00+00:00,502,155,160,2,3184
2026-09-05T18:37:00+00:00,495,116,126,2,3158
2026-09-05T18:38:00+00:00,500,125,146,1,3152
2026-09-05T18:39:00+00:00,499,140,160,0,3142
2026-09-05T18:40:00+00:00,499,145,139,0,3125
2026-09-05T18:41:00+00:00,498,156,161,0,3088
2026-09-05T18:42:00+00:00,501,163,161,0,3176
2026-09-05T18:43:00+00:00,501,149,123,1,3171
2026-09-05T18:44:00+00:00,499,152,135,0,3207
2026-09-05T18:45:00+00:00,504,154,164,0,3132
2026-09-05T18:46:00+00:00,506,136,138,0,3175
2026-09-05T18:47:00+00:00,498,151,155,0,3156
2026-09-05T18:48:00+00:00,498,158,148,0,3154
2026-09-05T18:49:00+00:00,501,138,143,0,3143
2026-09-05T18:50:00+00:00,499,144,136,1,3132
2026-09-05T18:51:00+00:00,498,154,145,7,3165
2026-09-05T18:52:00+00:00,500,141,143,0,3185
2026-09-05T18:53:00+00:00,504,185,180,0,3125
2026-09-05T18:54:00+00:00,498,145,141,0,3166
2026-09-05T18:55:00+00:00,499,147,144,1,3151
2026-09-05T18:56:00+00:00,500,153,150,0,3209
2026-09-05T18:57:00+00:00,500,147,130,0,3146
2026-09-05T18:58:00+00:00,501,140,164,2,3165
2026-09-05T18:59:00+00:00,501,155,149,11,3194
2026-09-05T19:00:00+00:00,495,138,126,0,3136
2026-09-05T19:01:00+00:00,500,146,137,0,3158
2026-09-05T19:02:00+00:00,498,138,138,2,3141
2026-09-05T19:03:00+00:00,495,137,133,0,3166
2026-09-05T19:04:00+00:00,500,157,156,0,3131
2026-09-05T19:05:00+00:00,501,144,155,8,3157
2026-09-05T19:06:00+00:00,499,142,144,0,3156
2026-09-05T19:07:00+00:00,498,153,154,0,3154
2026-09-05T19:08:00+00:00,499,133,129,0,3130
2026-09-05T19:09:00+00:00,500,134,130,0,3165
2026-09-05T19:10:00+00:00,498,140,151,0,3184
2026-09-05T19:11:00+00:00,497,123,107,6,3148
2026-09-05T19:12:00+00:00,496,154,160,18,3198
2026-09-05T19:13:00+00:00,497,147,149,0,3158
2026-09-05T19:14:00+00:00,497,156,149,4,3196
2026-09-05T19:15:00+00:00,498,127,129,0,3136
2026-09-05T19:16:00+00:00,495,140,154,2,3150
2026-09-05T19:17:00+00:00,496,138,145,1,3149
2026-09-05T19:18:00+00:00,496,131,128,1,3147
2026-09-05T19:19:00+00:00,497,149,126,0,3190
2026-09-05T19:20:00+00:00,501,157,163,3,3179
2026-09-05T19:21:00+00:00,496,131,121,7,3178
2026-09-05T19:22:00+00:00,495,129,112,5,3147
2026-09-05T19:23:00+00:00,498,147,148,2,3180
2026-09-05T19:24:00+00:00,499,149,160,0,3195
2026-09-05T19:25:00+00:00,497,131,136,1,3198
2026-09-05T19:26:00+00:00,496,164,156,1,3167
2026-09-05T19:27:00+00:00,501,121,120,0,3179
2026-09-05T19:28:00+00:00,498,147,143,0,3198
2026-09-05T19:29:00+00:00,496,134,153,0,3166
2026-09-05T19:30:00+00:00,497,169,179,0,3182
2026-09-05T19:31:00+00:00,497,145,155,0,3137
2026-09-05T19:32:00+00:00,496,134,141,1,3223
2026-09-05T19:33:00+00:00,497,139,143,0,3191
2026-09-05T19:34:00+00:00,498,158,156,0,3165
2026-09-05T19:35:00+00:00,497,158,155,0,3173
2026-09-05T19:36:00+00:00,495,144,130,0,3165
2026-09-05T19:37:00+00:00,498,132,143,0,3213
2026-09-05T19:38:00+00:00,496,140,151,0,3202
2026-09-05T19:39:00+00:00,496,124,113,2,3178
2026-09-05T19:40:00+00:00,497,143,164,1,3120
2026-09-05T19:41:00+00:00,496,151,140,1,3142
2026-09-05T19:42:00+00:00,494,149,163,2,3199
2026-09-05T19:43:00+00:00,497,122,130,0,3147
2026-09-05T19:44:00+00:00,496,154,160,0,3222
2026-09-05T19:45:00+00:00,496,138,142,0,3203
2026-09-05T19:46:00+00:00,496,155,174,4,3167
2026-09-05T19:47:00+00:00,494,137,136,0,3160
2026-09-05T19:48:00+00:00,499,144,142,2,3193
2026-09-05T19:49:00+00:00,495,140,139,0,3175
2026-09-05T19:50:00+00:00,501,119,139,0,3215
2026-09-05T19:51:00+00:00,496,135,155,2,3160
2026-09-05T19:52:00+00:00,500,150,150,0,3152
2026-09-05T19:53:00+00:00,494,142,150,5,3168
2026-09-05T19:54:00+00:00,496,130,151,1,3177
2026-09-05T19:55:00+00:00,496,155,159,0,3152
2026-09-05T19:56:00+00:00,501,120,111,19,3206
2026-09-05T19:57:00+00:00,498,149,162,0,3163
2026-09-05T19:58:00+00:00,497,145,131,2,3115
2026-09-05T19:59:00+00:00,496,155,157,1,3185
2026-09-05T20:00:00+00:00,496,128,132,0,3172
2026-09-05T20:01:00+00:00,495,134,142,0,3140
2026-09-05T20:02:00+00:00,501,141,137,0,3148
2026-09-05T20:03:00+00:00,495,143,130,0,3174
2026-09-05T20:04:00+00:00,500,124,137,0,3112
2026-09-05T20:05:00+00:00,496,161,172,0,3136
2026-09-05T20:06:00+00:00,496,144,136,5,3170
2026-09-05T20:07:00+00:00,495,129,131,8,3191
2026-09-05T20:08:00+00:00,494,173,148,2,3155
2026-09-05T20:09:00+00:00,496,147,153,1,3187
2026-09-05T20:10:00+00:00,494,144,148,0,3215
2026-09-05T20:11:00+00:00,498,170,149,0,3178
2026-09-05T20:12:00+00:00,498,126,132,1,3210
2026-09-05T20:13:00+00:00,498,164,156,2,3210
2026-09-05T20:14:00+00:00,496,159,173,0,3214
2026-09-05T20:15:00+00:00,495,142,137,0,3120
2026-09-05T20:16:00+00:00,497,133,142,6,3181
2026-09-05T20:17:00+00:00,495,127,132,11,3191
2026-09-05T20:18:00+00:00,494,148,129,2,3174
2026-09-05T20:19:00+00:00,500,149,158,0,3203
2026-09-05T20:20:00+00:00,498,155,164,2,3249
2026-09-05T20:21:00+00:00,500,144,134,2,3175
2026-09-05T20:22:00+00:00,498,101,104,5,3167
2026-09-05T20:23:00+00:00,499,122,133,3,3202
2026-09-05T20:24:00+00:00,497,159,143,2,3097
2026-09-05T20:25:00+00:00,498,143,149,0,3162
2026-09-05T20:26:00+00:00,498,146,163,0,3140
2026-09-05T20:27:00+00:00,497,145,131,0,3187
2026-09-05T20:28:00+00:00,495,131,140,0,3180
2026-09-05T20:29:00+00:00,499,159,169,0,3182
2026-09-05T20:30:00+00:00,495,110,118,0,3144
2026-09-05T20:31:00+00:00,496,145,148,2,3157
2026-09-05T20:32:00+00:00,498,136,122,0,3119
2026-09-05T20:33:00+00:00,498,140,136,18,3141
2026-09-05T20:34:00+00:00,495,151,143,0,3148
2026-09-05T20:35:00+00:00,496,163,157,0,3187
2026-09-05T20:36:00+00:00,497,143,143,8,3172
2026-09-05T20:37:00+00:00,500,120,114,1,3146
2026-09-05T20:38:00+00:00,498,145,146,14,3118
2026-09-05T20:39:00+00:00,496,149,148,6,3168
2026-09-05T20:40:00+00:00,499,137,122,2,3187
2026-09-05T20:41:00+00:00,497,141,127,2,3204
2026-09-05T20:42:00+00:00,496,152,156,0,3217
2026-09-05T20:43:00+00:00,496,134,125,0,3174
2026-09-05T20:44:00+00:00,499,134,149,0,3112
2026-09-05T20:45:00+00:00,496,152,137,6,3168
2026-09-05T20:46:00+00:00,500,146,144,0,3196
2026-09-05T20:47:00+00:00,496,163,160,0,3179
2026-09-05T20:48:00+00:00,495,154,170,1,3175
2026-09-05T20:49:00+00:00,497,157,156,2,3102
2026-09-05T20:50:00+00:00,496,136,139,0,3172
2026-09-05T20:51:00+00:00,498,158,146,0,3172
2026-09-05T20:52:00+00:00,494,120,133,2,3093
2026-09-05T20:53:00+00:00,496,145,159,6,3148
2026-09-05T20:54:00+00:00,496,140,144,0,3191
2026-09-05T20:55:00+00:00,499,167,152,0,3172
2026-09-05T20:56:00+00:00,497,122,114,1,3155
2026-09-05T20:57:00+00:00,497,156,164,0,3124
2026-09-05T20:58:00+00:00,497,137,135,1,3130
2026-09-05T20:59:00+00:00,497,139,155,16,3117
2026-09-05T21:00:00+00:00,496,158,158,0,3174
2026-09-05T21:01:00+00:00,495,145,156,12,3163
2026-09-05T21:02:00+00:00,496,134,136,0,3175
2026-09-05T21:03:00+00:00,494,125,123,0,3135
2026-09-05T21:04:00+00:00,498,155,165,0,3146
2026-09-05T21:05:00+00:00,498,126,131,8,3203
2026-09-05T21:06:00+00:00,494,135,130,0,3145
2026-09-05T21:07:00+00:00,497,117,126,1,3130
2026-09-05T21:08:00+00:00,499,125,129,0,3150
2026-09-05T21:09:00+00:00,498,165,153,0,3193
2026-09-05T21:10:00+00:00,497,109,123,0,3134
2026-09-05T21:11:00+00:00,494,142,134,7,3117
2026-09-05T21:12:00+00:00,498,147,133,0,3185
2026-09-05T21:13:00+00:00,501,131,136,1,3131
2026-09-05T21:14:00+00:00,498,159,154,0,3133
2026-09-05T21:15:00+00:00,498,124,147,0,3176
2026-09-05T21:16:00+00:00,496,142,138,0,3143
2026-09-05T21:17:00+00:00,496,149,145,0,3168
2026-09-05T21:18:00+00:00,498,151,175,2,3155
2026-09-05T21:19:00+00:00,499,123,118,0,3117
2026-09-05T21:20:00+00:00,497,146,144,0,3112
2026-09-05T21:21:00+00:00,496,186,209,0,3148
2026-09-05T21:22:00+00:00,494,121,124,2,3201
2026-09-05T21:23:00+00:00,496,137,129,7,3139
2026-09-05T21:24:00+00:00,500,122,128,0,3172
2026-09-05T21:25:00+00:00,498,146,157,2,3178
2026-09-05T21:26:00+00:00,499,143,138,0,3105
2026-09-05T21:27:00+00:00,494,145,128,4,3172
2026-09-05T21:28:00+00:00,498,151,160,2,3132
2026-09-05T21:29:00+00:00,497,139,133,11,3142
2026-09-05T21:30:00+00:00,499,124,117,0,3168
2026-09-05T21:31:00+00:00,495,126,123,4,3158
2026-09-05T21:32:00+00:00,500,145,135,0,3164
2026-09-05T21:33:00+00:00,494,150,138,0,3183
2026-09-05T21:34:00+00:00,498,155,147,6,3130
2026-09-05T21:35:00+00:00,499,124,122,3,3121
2026-09-05T21:36:00+00:00,496,133,135,1,3150
2026-09-05T21:37:00+00:00,496,138,139,2,3176
2026-09-05T21:38:00+00:00,496,160,157,4,3160
2026-09-05T21:39:00+00:00,496,176,167,0,3120
2026-09-05T21:40:00+00:00,495,144,156,0,3144
2026-09-05T21:41:00+00:00,499,106,120,2,3164
2026-09-05T21:42:00+00:00,495,146,145,0,3138
2026-09-05T21:43:00+00:00,497,162,139,2,3138
2026-09-05T21:44:00+00:00,499,154,158,0,3165
2026-09-05T21:45:00+00:00,498,157,142,0,3124
2026-09-05T21:46:00+00:00,499,136,143,1,3179
2026-09-05T21:47:00+00:00,496,151,143,0,3127
2026-09-05T21:48:00+00:00,500,136,127,7,3136
2026-09-05T21:49:00+00:00,498,163,158,0,3137
2026-09-05T21:50:00+00:00,498,152,130,5,3149
2026-09-05T21:51:00+00:00,494,175,170,2,3165
2026-09-05T21:52:00+00:00,497,149,151,0,3124
2026-09-05T21:53:00+00:00,497,138,144,0,3103
2026-09-05T21:54:00+00:00,495,132,143,1,3105
2026-09-05T21:55:00+00:00,494,150,156,2,3095
2026-09-05T21:56:00+00:00,496,154,168,0,3154
2026-09-05T21:57:00+00:00,494,145,161,18,3053
2026-09-05T21:58:00+00:00,498,153,143,0,3139
2026-09-05T21:59:00+00:00,497,138,123,0,3152
2026-09-05T22:00:00+00:00,497,155,157,0,3112
2026-09-05T22:01:00+00:00,494,118,134,0,3183
2026-09-05T22:02:00+00:00,500,147,147,0,3176
2026-09-05T22:03:00+00:00,494,138,128,0,3135
2026-09-05T22:04:00+00:00,498,159,156,0,3130
2026-09-05T22:05:00+00:00,497,148,144,4,3127
2026-09-05T22:06:00+00:00,501,151,156,0,3153
2026-09-05T22:07:00+00:00,495,159,150,2,3124
2026-09-05T22:08:00+00:00,496,166,159,1,3107
2026-09-05T22:09:00+00:00,496,134,140,1,3171
2026-09-05T22:10:00+00:00,495,134,136,0,3148
2026-09-05T22:11:00+00:00,495,136,139,0,3127
2026-09-05T22:12:00+00:00,497,170,175,3,3103
2026-09-05T22:13:00+00:00,498,135,138,0,3079
2026-09-05T22:14:00+00:00,495,125,133,12,3143
2026-09-05T22:15:00+00:00,498,151,169,0,3126
2026-09-05T22:16:00+00:00,498,139,130,2,3100
2026-09-05T22:17:00+00:00,499,160,151,0,3126
2026-09-05T22:18:00+00:00,495,134,109,0,3083
2026-09-05T22:19:00+00:00,500,144,137,1,3081
2026-09-05T22:20:00+00:00,498,124,118,3,3168
2026-09-05T22:21:00+00:00,498,145,161,0,3091
2026-09-05T22:22:00+00:00,499,141,123,0,3107
2026-09-05T22:23:00+00:00,497,156,148,0,3148
2026-09-05T22:24:00+00:00,498,140,123,16,3072
2026-09-05T22:25:00+00:00,497,125,129,0,3119
2026-09-05T22:26:00+00:00,496,132,153,0,3128
2026-09-05T22:27:00+00:00,500,159,155,0,3112
2026-09-05T22:28:00+00:00,498,166,169,0,3075
2026-09-05T22:29:00+00:00,500,154,163,1,3103
2026-09-05T22:30:00+00:00,496,128,133,2,3089
2026-09-05T22:31:00+00:00,496,124,126,0,3082
2026-09-05T22:32:00+00:00,494,130,145,2,3072
2026-09-05T22:33:00+00:00,495,128,133,1,3099
2026-09-05T22:34:00+00:00,499,159,158,1,3082
2026-09-05T22:35:00+00:00,501,134,115,5,3080
2026-09-05T22:36:00+00:00,498,108,131,2,3100
2026-09-05T22:37:00+00:00,498,138,128,2,3152
2026-09-05T22:38:00+00:00,498,135,138,2,3091
2026-09-05T22:39:00+00:00,497,176,189,0,3115
2026-09-05T22:40:00+00:00,499,133,160,0,3081
2026-09-05T22:41:00+00:00,495,145,158,0,3058
2026-09-05T22:42:00+00:00,496,161,143,0,3078
2026-09-05T22:43:00+00:00,499,116,113,0,3102
2026-09-05T22:44:00+00:00,496,117,120,0,3099
2026-09-05T22:45:00+00:00,498,116,126,1,3053
2026-09-05T22:46:00+00:00,499,116,106,2,3086
2026-09-05T22:47:00+00:00,496,145,121,0,3066
2026-09-05T22:48:00+00:00,499,140,152,0,3136
2026-09-05T22:49:00+00:00,497,130,133,2,3143
2026-09-05T22:50:00+00:00,499,139,158,4,3098
2026-09-05T22:51:00+00:00,496,162,155,0,3043
2026-09-05T22:52:00+00:00,496,141,134,1,3070
2026-09-05T22:53:00+00:00,499,161,142,3,3096
2026-09-05T22:54:00+00:00,498,141,134,0,3067
2026-09-05T22:55:00+00:00,495,146,137,2,3105
2026-09-05T22:56:00+00:00,497,110,103,2,3104
2026-09-05T22:57:00+00:00,496,126,127,0,3109
2026-09-05T22:58:00+00:00,498,121,131,8,3078
2026-09-05T22:59:00+00:00,494,133,145,0,3110
2026-09-05T23:00:00+00:00,497,183,191,0,3127
2026-09-05T23:01:00+00:00,494,123,112,1,3130
2026-09-05T23:02:00+00:00,496,154,141,0,3100
2026-09-05T23:03:00+00:00,495,127,122,0,3101
2026-09-05T23:04:00+00:00,498,105,100,1,3047
2026-09-05T23:05:00+00:00,500,162,151,2,3133
2026-09-05T23:06:00+00:00,498,129,121,0,3089
2026-09-05T23:07:00+00:00,497,151,159,7,3135
2026-09-05T23:08:00+00:00,498,150,151,0,3069
2026-09-05T23:09:00+00:00,500,110,105,4,3104
2026-09-05T23:10:00+00:00,498,141,151,0,3037
2026-09-05T23:11:00+00:00,497,129,116,1,3072
2026-09-05T23:12:00+00:00,497,113,117,0,3031
2026-09-05T23:13:00+00:00,498,151,162,0,2981
2026-09-05T23:14:00+00:00,500,130,146,1,3001
2026-09-05T23:15:00+00:00,497,138,147,0,3116
2026-09-05T23:16:00+00:00,497,182,192,2,3092
2026-09-05T23:17:00+00:00,497,140,130,0,3134
2026-09-05T23:18:00+00:00,496,167,171,2,3066
2026-09-05T23:19:00+00:00,496,143,146,0,3059
2026-09-05T23:20:00+00:00,496,139,133,2,3086
2026-09-05T23:21:00+00:00,497,129,145,18,3076
2026-09-05T23:22:00+00:00,497,160,143,0,3045
2026-09-05T23:23:00+00:00,498,139,130,0,3031
2026-09-05T23:24:00+00:00,498,142,153,4,3061
2026-09-05T23:25:00+00:00,497,148,149,0,3069
2026-09-05T23:26:00+00:00,497,162,153,0,3061
2026-09-05T23:27:00+00:00,495,122,127,2,3078
2026-09-05T23:28:00+00:00,498,137,145,0,3103
2026-09-05T23:29:00+00:00,497,142,125,2,3068
2026-09-05T23:30:00+00:00,495,143,167,6,3123
2026-09-05T23:31:00+00:00,496,147,156,0,3034
2026-09-05T23:32:00+00:00,497,140,137,1,3073
2026-09-05T23:33:00+00:00,496,121,114,0,3059
2026-09-05T23:34:00+00:00,497,126,116,14,3138
2026-09-05T23:35:00+00:00,495,156,126,0,3010
2026-09-05T23:36:00+00:00,499,149,146,2,3056
2026-09-05T23:37:00+00:00,498,163,191,17,3008
2026-09-05T23:38:00+00:00,495,129,119,0,3023
2026-09-05T23:39:00+00:00,496,131,119,6,3039
2026-09-05T23:40:00+00:00,495,145,145,2,3037
2026-09-05T23:41:00+00:00,498,143,137,0,3080
2026-09-05T23:42:00+00:00,499,126,113,2,3070
2026-09-05T23:43:00+00:00,496,142,129,8,3046
2026-09-05T23:44:00+00:00,499,171,153,8,3017
2026-09-05T23:45:00+00:00,497,141,140,0,3035
2026-09-05T23:46:00+00:00,496,154,166,1,2980
2026-09-05T23:47:00+00:00,499,131,144,0,3089
2026-09-05T23:48:00+00:00,498,136,147,0,3030
2026-09-05T23:49:00+00:00,495,154,161,0,3082
2026-09-05T23:50:00+00:00,494,155,159,8,3010
2026-09-05T23:51:00+00:00,499,132,146,8,3101
2026-09-05T23:52:00+00:00,499,135,125,6,3074
2026-09-05T23:53:00+00:00,494,165,163,2,3057
2026-09-05T23:54:00+00:00,494,105,119,5,3056
2026-09-05T23:55:00+00:00,498,136,142,0,3015
2026-09-05T23:56:00+00:00,495,123,133,9,3057
2026-09-05T23:57:00+00:00,499,153,161,0,3057
2026-09-05T23:58:00+00:00,496,162,183,0,3066
2026-09-05T23:59:00+00:00,498,150,136,0,3093
2026-09-06T00:00:00+00:00,497,170,171,0,3026
2026-09-06T00:01:00+00:00,497,145,140,0,3019
2026-09-06T00:02:00+00:00,498,124,109,1,3042
2026-09-06T00:03:00+00:00,496,112,136,1,3020
2026-09-06T00:04:00+00:00,494,124,141,21,3027
2026-09-06T00:05:00+00:00,500,109,115,5,3016
2026-09-06T00:06:00+00:00,498,118,102,9,2993
2026-09-06T00:07:00+00:00,500,115,147,1,2999
2026-09-06T00:08:00+00:00,495,101,99,0,3046
2026-09-06T00:09:00+00:00,495,141,138,1,3062
2026-09-06T00:10:00+00:00,495,154,161,4,3039
2026-09-06T00:11:00+00:00,496,173,172,0,3071
2026-09-06T00:12:00+00:00,500,123,125,2,3111
2026-09-06T00:13:00+00:00,495,100,109,1,3055
2026-09-06T00:14:00+00:00,497,156,154,0,2995
2026-09-06T00:15:00+00:00,494,201,190,0,3043
2026-09-06T00:16:00+00:00,499,191,185,9,3056
2026-09-06T00:17:00+00:00,501,169,145,1,3056
2026-09-06T00:18:00+00:00,497,192,178,13,3030
2026-09-06T00:19:00+00:00,499,144,149,0,3038
2026-09-06T00:20:00+00:00,497,186,184,13,3046
2026-09-06T00:21:00+00:00,494,170,155,2,3069
2026-09-06T00:22:00+00:00,497,209,233,12,2981
2026-09-06T00:23:00+00:00,496,172,153,2,3002
2026-09-06T00:24:00+00:00,497,226,207,2,2939
2026-09-06T00:25:00+00:00,500,129,145,0,3019
2026-09-06T00:26:00+00:00,494,187,169,0,3021
2026-09-06T00:27:00+00:00,496,136,127,0,3110
2026-09-06T00:28:00+00:00,496,142,148,0,3003
2026-09-06T00:29:00+00:00,496,177,168,2,3031
2026-09-06T00:30:00+00:00,500,144,141,14,2996
2026-09-06T00:31:00+00:00,500,181,166,5,3063
2026-09-06T00:32:00+00:00,494,185,170,2,2982
2026-09-06T00:33:00+00:00,497,145,165,0,3030
2026-09-06T00:34:00+00:00,499,117,122,2,3057
2026-09-06T00:35:00+00:00,494,208,197,4,3049
2026-09-06T00:36:00+00:00,499,117,126,0,3038
2026-09-06T00:37:00+00:00,495,100,99,0,3050
2026-09-06T00:38:00+00:00,498,141,123,0,2998
2026-09-06T00:39:00+00:00,499,155,146,6,3035
2026-09-06T00:40:00+00:00,497,156,154,2,3480
2026-09-06T00:41:00+00:00,498,185,179,0,3505
2026-09-06T00:42:00+00:00,497,104,99,0,3520
2026-09-06T00:43:00+00:00,499,102,118,5,3476
2026-09-06T00:44:00+00:00,500,195,168,2,3458
2026-09-06T00:45:00+00:00,497,103,113,4,3521
2026-09-06T00:46:00+00:00,499,145,143,2,3506
2026-09-06T00:47:00+00:00,497,165,170,5,3465
2026-09-06T00:48:00+00:00,499,209,206,5,3508
2026-09-06T00:49:00+00:00,495,120,123,1,3470
2026-09-06T00:50:00+00:00,497,108,128,2,3467
2026-09-06T00:51:00+00:00,495,103,110,5,3511
2026-09-06T00:52:00+00:00,497,119,110,11,3487
2026-09-06T00:53:00+00:00,497,146,136,0,2992
2026-09-06T00:54:00+00:00,496,125,116,2,2945
2026-09-06T00:55:00+00:00,496,151,149,0,3040
2026-09-06T00:56:00+00:00,497,99,106,11,3044
2026-09-06T00:57:00+00:00,498,149,145,2,3088
2026-09-06T00:58:00+00:00,496,187,196,1,3028
2026-09-06T00:59:00+00:00,497,99,101,1,3015
2026-09-06T01:00:00+00:00,500,163,142,4,3052
2026-09-06T01:01:00+00:00,497,147,140,0,3044
2026-09-06T01:02:00+00:00,499,150,136,2,3064
2026-09-06T01:03:00+00:00,496,142,146,0,2981
2026-09-06T01:04:00+00:00,496,178,167,1,3040
2026-09-06T01:05:00+00:00,497,175,166,1,3061
2026-09-06T01:06:00+00:00,494,172,142,2,3007
2026-09-06T01:07:00+00:00,498,141,128,0,3058
2026-09-06T01:08:00+00:00,499,150,131,8,3031
2026-09-06T01:09:00+00:00,495,147,137,6,2963
2026-09-06T01:10:00+00:00,498,137,134,2,3066
2026-09-06T01:11:00+00:00,500,152,156,0,3081
2026-09-06T01:12:00+00:00,497,136,164,1,3021
2026-09-06T01:13:00+00:00,495,100,102,1,2998
2026-09-06T01:14:00+00:00,499,160,150,0,3022
2026-09-06T01:15:00+00:00,494,170,162,0,3050
2026-09-06T01:16:00+00:00,495,119,123,0,3053
2026-09-06T01:17:00+00:00,496,129,150,1,3063
2026-09-06T01:18:00+00:00,498,111,144,2,3007
2026-09-06T01:19:00+00:00,495,203,204,0,2984
2026-09-06T01:20:00+00:00,500,149,155,0,3086
2026-09-06T01:21:00+00:00,497,109,102,0,3072
2026-09-06T01:22:00+00:00,497,196,174,1,2997
2026-09-06T01:23:00+00:00,499,99,110,1,3034
2026-09-06T01:24:00+00:00,500,100,100,0,3068
2026-09-06T01:25:00+00:00,500,100,106,2,3021
2026-09-06T01:26:00+00:00,496,144,148,1,3020
2026-09-06T01:27:00+00:00,496,186,183,11,2984
2026-09-06T01:28:00+00:00,498,139,151,16,3034
2026-09-06T01:29:00+00:00,495,215,203,2,3069
2026-09-06T01:30:00+00:00,494,155,139,0,2972
2026-09-06T01:31:00+00:00,497,127,124,0,3070
2026-09-06T01:32:00+00:00,494,145,128,0,3049
2026-09-06T01:33:00+00:00,496,115,127,1,3051
2026-09-06T01:34:00+00:00,494,152,162,0,2957
2026-09-06T01:35:00+00:00,495,167,161,0,3002
2026-09-06T01:36:00+00:00,498,157,169,0,3035
2026-09-06T01:37:00+00:00,495,193,188,1,3030
2026-09-06T01:38:00+00:00,498,199,181,2,3025
2026-09-06T01:39:00+00:00,500,127,126,0,3070
2026-09-06T01:40:00+00:00,497,128,141,0,3011
2026-09-06T01:41:00+00:00,498,100,125,1,3070
2026-09-06T01:42:00+00:00,494,159,148,0,3016
2026-09-06T01:43:00+00:00,494,103,117,2,3010
2026-09-06T01:44:00+00:00,497,139,149,0,3045
2026-09-06T01:45:00+00:00,495,112,111,2,3028
2026-09-06T01:46:00+00:00,494,156,173,1,3063
2026-09-06T01:47:00+00:00,494,175,176,0,3056
2026-09-06T01:48:00+00:00,497,181,160,2,3064
2026-09-06T01:49:00+00:00,499,143,138,0,3052
2026-09-06T01:50:00+00:00,495,169,171,0,2965
2026-09-06T01:51:00+00:00,495,154,161,7,3066
2026-09-06T01:52:00+00:00,497,143,150,1,2998
2026-09-06T01:53:00+00:00,498,121,131,2,3058
2026-09-06T01:54:00+00:00,499,129,152,0,2987
2026-09-06T01:55:00+00:00,496,136,128,0,3060
2026-09-06T01:56:00+00:00,497,160,151,20,2966
2026-09-06T01:57:00+00:00,494,180,161,0,3031
2026-09-06T01:58:00+00:00,497,100,110,0,3029
2026-09-06T01:59:00+00:00,496,184,198,0,3037
2026-09-06T02:00:00+00:00,495,138,136,0,3017
2026-09-06T02:01:00+00:00,498,119,121,2,2995
2026-09-06T02:02:00+00:00,496,134,141,1,3004
2026-09-06T02:03:00+00:00,494,122,138,0,2995
2026-09-06T02:04:00+00:00,496,108,102,2,2976
2026-09-06T02:05:00+00:00,497,99,111,0,3074
2026-09-06T02:06:00+00:00,499,142,148,0,3082
2026-09-06T02:07:00+00:00,501,134,134,0,3046
2026-09-06T02:08:00+00:00,499,101,105,1,3005
2026-09-06T02:09:00+00:00,494,210,208,0,3010
2026-09-06T02:10:00+00:00,499,202,200,0,3027
2026-09-06T02:11:00+00:00,498,148,175,13,3062
2026-09-06T02:12:00+00:00,497,136,138,11,3000
2026-09-06T02:13:00+00:00,496,141,128,1,3068
2026-09-06T02:14:00+00:00,498,107,129,0,3052
2026-09-06T02:15:00+00:00,497,177,177,0,3014
2026-09-06T02:16:00+00:00,496,195,194,7,3037
2026-09-06T02:17:00+00:00,498,178,178,11,3041
2026-09-06T02:18:00+00:00,499,113,116,0,3047
2026-09-06T02:19:00+00:00,498,186,189,2,3029
2026-09-06T02:20:00+00:00,494,142,146,10,3104
2026-09-06T02:21:00+00:00,499,112,107,0,3109
2026-09-06T02:22:00+00:00,497,190,175,2,3087
2026-09-06T02:23:00+00:00,496,136,155,0,3041
2026-09-06T02:24:00+00:00,499,103,113,15,3081
2026-09-06T02:25:00+00:00,498,141,143,2,2997
2026-09-06T02:26:00+00:00,499,195,202,2,3070
2026-09-06T02:27:00+00:00,497,140,127,0,3020
2026-09-06T02:28:00+00:00,495,105,101,2,2961
2026-09-06T02:29:00+00:00,494,125,129,12,3109
2026-09-06T02:30:00+00:00,496,139,142,1,3035
2026-09-06T02:31:00+00:00,498,128,139,2,3025
2026-09-06T02:32:00+00:00,498,103,124,2,3046
2026-09-06T02:33:00+00:00,497,121,146,1,3083
2026-09-06T02:34:00+00:00,497,111,115,0,3012
2026-09-06T02:35:00+00:00,498,117,133,0,3070
2026-09-06T02:36:00+00:00,497,127,128,11,2977
2026-09-06T02:37:00+00:00,500,99,120,5,3061
2026-09-06T02:38:00+00:00,495,156,144,10,3018
2026-09-06T02:39:00+00:00,499,151,153,1,3013
2026-09-06T02:40:00+00:00,494,115,123,0,3104
2026-09-06T02:41:00+00:00,495,136,132,7,2996
2026-09-06T02:42:00+00:00,496,163,154,0,2975
2026-09-06T02:43:00+00:00,496,122,127,2,3088
2026-09-06T02:44:00+00:00,494,143,152,1,3016
2026-09-06T02:45:00+00:00,496,150,144,4,3075
2026-09-06T02:46:00+00:00,494,123,139,0,3072
2026-09-06T02:47:00+00:00,496,127,114,1,3016
2026-09-06T02:48:00+00:00,498,185,175,1,3003
2026-09-06T02:49:00+00:00,496,152,160,0,3035
2026-09-06T02:50:00+00:00,498,173,174,1,3062
2026-09-06T02:51:00+00:00,496,159,137,1,3047
2026-09-06T02:52:00+00:00,496,115,116,0,2962
2026-09-06T02:53:00+00:00,496,185,204,0,2938
2026-09-06T02:54:00+00:00,496,139,148,0,3084
2026-09-06T02:55:00+00:00,497,186,179,0,2924
2026-09-06T02:56:00+00:00,496,131,144,2,3033
2026-09-06T02:57:00+00:00,498,126,127,2,3022
2026-09-06T02:58:00+00:00,496,130,131,1,3021
2026-09-06T02:59:00+00:00,497,102,124,0,3056
2026-09-06T03:00:00+00:00,498,133,132,2,3029
2026-09-06T03:01:00+00:00,501,171,157,1,3061
2026-09-06T03:02:00+00:00,496,149,159,2,3077
2026-09-06T03:03:00+00:00,494,110,98,1,3092
2026-09-06T03:04:00+00:00,498,125,131,12,3020
2026-09-06T03:05:00+00:00,495,140,145,1,3007
2026-09-06T03:06:00+00:00,497,148,166,1,3009
2026-09-06T03:07:00+00:00,496,148,142,0,3033
2026-09-06T03:08:00+00:00,494,156,160,0,3087
2026-09-06T03:09:00+00:00,497,129,100,2,3011
2026-09-06T03:10:00+00:00,496,169,169,10,3064
2026-09-06T03:11:00+00:00,497,126,127,18,3085
2026-09-06T03:12:00+00:00,499,157,162,7,3057
2026-09-06T03:13:00+00:00,495,162,159,0,3007
2026-09-06T03:14:00+00:00,495,131,135,0,3068
2026-09-06T03:15:00+00:00,497,120,130,0,3059
2026-09-06T03:16:00+00:00,500,142,141,0,2976
2026-09-06T03:17:00+00:00,496,121,124,12,3094
2026-09-06T03:18:00+00:00,498,128,144,2,3012
2026-09-06T03:19:00+00:00,499,134,139,0,3021
2026-09-06T03:20:00+00:00,496,101,105,2,3025
2026-09-06T03:21:00+00:00,494,103,123,14,3045
2026-09-06T03:22:00+00:00,498,143,142,1,3070
2026-09-06T03:23:00+00:00,499,133,144,3,3061
2026-09-06T03:24:00+00:00,497,111,121,14,3047
2026-09-06T03:25:00+00:00,498,128,125,0,3022
2026-09-06T03:26:00+00:00,495,131,134,1,3082
2026-09-06T03:27:00+00:00,501,112,100,0,3063
2026-09-06T03:28:00+00:00,498,124,134,0,2998
2026-09-06T03:29:00+00:00,498,153,155,2,2993
2026-09-06T03:30:00+00:00,497,142,138,0,3079
2026-09-06T03:31:00+00:00,498,184,192,12,3014
2026-09-06T03:32:00+00:00,496,138,137,2,2989
2026-09-06T03:33:00+00:00,496,122,119,5,3021
2026-09-06T03:34:00+00:00,494,189,213,1,3110
2026-09-06T03:35:00+00:00,496,100,117,1,3039
2026-09-06T03:36:00+00:00,495,144,170,2,3058
2026-09-06T03:37:00+00:00,494,163,169,0,3079
2026-09-06T03:38:00+00:00,497,154,152,9,3041
2026-09-06T03:39:00+00:00,495,182,187,0,3054
2026-09-06T03:40:00+00:00,495,116,135,0,3066
2026-09-06T03:41:00+00:00,496,147,135,8,3021
2026-09-06T03:42:00+00:00,497,149,141,3,3083
2026-09-06T03:43:00+00:00,497,156,123,3,2968
2026-09-06T03:44:00+00:00,495,110,124,6,3046
2026-09-06T03:45:00+00:00,495,159,158,1,3039
2026-09-06T03:46:00+00:00,497,101,139,2,3050
2026-09-06T03:47:00+00:00,498,152,148,0,3057
2026-09-06T03:48:00+00:00,496,140,156,2,3042
2026-09-06T03:49:00+00:00,495,151,159,2,3039
2026-09-06T03:50:00+00:00,495,133,138,2,3077
2026-09-06T03:51:00+00:00,498,101,104,2,3060
2026-09-06T03:52:00+00:00,497,158,139,0,3011
2026-09-06T03:53:00+00:00,499,158,159,0,3072
2026-09-06T03:54:00+00:00,496,158,170,10,3013
2026-09-06T03:55:00+00:00,498,139,140,13,3000
2026-09-06T03:56:00+00:00,498,136,146,0,3052
2026-09-06T03:57:00+00:00,495,159,151,0,3042
2026-09-06T03:58:00+00:00,500,144,144,2,2984
2026-09-06T03:59:00+00:00,497,181,179,2,3059
2026-09-06T04:00:00+00:00,501,106,114,6,3072
2026-09-06T04:01:00+00:00,498,120,126,0,3044
2026-09-06T04:02:00+00:00,497,169,169,0,3062
2026-09-06T04:03:00+00:00,497,169,158,0,3107
2026-09-06T04:04:00+00:00,499,100,106,0,2983
2026-09-06T04:05:00+00:00,497,159,143,1,3076
2026-09-06T04:06:00+00:00,496,167,152,0,3053
2026-09-06T04:07:00+00:00,494,132,138,6,2984
2026-09-06T04:08:00+00:00,497,118,119,1,2982
2026-09-06T04:09:00+00:00,495,124,126,4,3013
2026-09-06T04:10:00+00:00,494,160,149,0,3018
2026-09-06T04:11:00+00:00,495,140,171,0,3056
2026-09-06T04:12:00+00:00,498,118,125,2,3043
2026-09-06T04:13:00+00:00,494,132,139,3,3049
2026-09-06T04:14:00+00:00,497,185,180,0,3017
2026-09-06T04:15:00+00:00,499,165,151,3,3052
2026-09-06T04:16:00+00:00,495,124,119,0,3006
2026-09-06T04:17:00+00:00,501,137,149,0,3031
2026-09-06T04:18:00+00:00,494,156,163,1,2965
2026-09-06T04:19:00+00:00,500,164,181,0,3101
2026-09-06T04:20:00+00:00,501,173,161,0,3076
2026-09-06T04:21:00+00:00,498,161,160,0,3006
2026-09-06T04:22:00+00:00,500,132,152,0,2969
2026-09-06T04:23:00+00:00,498,159,146,1,3070
2026-09-06T04:24:00+00:00,495,143,147,0,3036
2026-09-06T04:25:00+00:00,495,122,129,5,3064
2026-09-06T04:26:00+00:00,496,146,138,0,3037
2026-09-06T04:27:00+00:00,494,139,146,0,3110
2026-09-06T04:28:00+00:00,496,160,184,2,3045
2026-09-06T04:29:00+00:00,497,125,126,7,3078
2026-09-06T04:30:00+00:00,496,140,159,1,3078
2026-09-06T04:31:00+00:00,500,100,134,0,3027
2026-09-06T04:32:00+00:00,498,170,152,0,3020
2026-09-06T04:33:00+00:00,501,174,171,2,3027
2026-09-06T04:34:00+00:00,496,144,145,0,2972
2026-09-06T04:35:00+00:00,496,160,162,0,3019
2026-09-06T04:36:00+00:00,497,130,108,1,2996
2026-09-06T04:37:00+00:00,496,143,137,0,3021
2026-09-06T04:38:00+00:00,498,153,145,12,3002
2026-09-06T04:39:00+00:00,498,134,125,2,3046
2026-09-06T04:40:00+00:00,498,173,176,2,3044
2026-09-06T04:41:00+00:00,495,103,100,6,3037
2026-09-06T04:42:00+00:00,499,133,142,0,3078
2026-09-06T04:43:00+00:00,497,175,162,7,2905
2026-09-06T04:44:00+00:00,500,143,152,0,3061
2026-09-06T04:45:00+00:00,496,139,157,2,2996
2026-09-06T04:46:00+00:00,494,135,127,1,3045
2026-09-06T04:47:00+00:00,498,130,149,0,2970
2026-09-06T04:48:00+00:00,497,138,129,9,3074
2026-09-06T04:49:00+00:00,494,128,128,2,3078
2026-09-06T04:50:00+00:00,497,148,142,0,3077
2026-09-06T04:51:00+00:00,495,125,136,0,3134
2026-09-06T04:52:00+00:00,497,139,147,2,3004
2026-09-06T04:53:00+00:00,500,146,137,11,3070
2026-09-06T04:54:00+00:00,498,163,147,2,3025
2026-09-06T04:55:00+00:00,496,154,165,1,3061
2026-09-06T04:56:00+00:00,497,120,143,16,3061
2026-09-06T04:57:00+00:00,499,141,137,7,3016
2026-09-06T04:58:00+00:00,497,163,151,1,3049
2026-09-06T04:59:00+00:00,498,135,137,0,3077
2026-09-06T05:00:00+00:00,494,170,166,0,3059
2026-09-06T05:01:00+00:00,496,129,140,0,3104
2026-09-06T05:02:00+00:00,498,140,159,1,3067
2026-09-06T05:03:00+00:00,501,131,136,0,3072
2026-09-06T05:04:00+00:00,500,162,161,1,3037
2026-09-06T05:05:00+00:00,498,106,118,0,3015
2026-09-06T05:06:00+00:00,495,157,153,0,2997
2026-09-06T05:07:00+00:00,497,162,177,0,3038
2026-09-06T05:08:00+00:00,498,142,139,2,3092
2026-09-06T05:09:00+00:00,496,152,142,1,2942
2026-09-06T05:10:00+00:00,498,141,156,0,3078
2026-09-06T05:11:00+00:00,498,158,155,0,3045
2026-09-06T05:12:00+00:00,497,139,137,0,3026
2026-09-06T05:13:00+00:00,496,139,128,8,3068
2026-09-06T05:14:00+00:00,497,134,154,6,3109
2026-09-06T05:15:00+00:00,498,159,146,1,3024
2026-09-06T05:16:00+00:00,494,167,152,0,3032
2026-09-06T05:17:00+00:00,499,120,121,0,3010
2026-09-06T05:18:00+00:00,495,122,168,0,2968
2026-09-06T05:19:00+00:00,494,138,149,2,3013
2026-09-06T05:20:00+00:00,497,153,122,0,3034
2026-09-06T05:21:00+00:00,496,141,142,0,3021
2026-09-06T05:22:00+00:00,498,155,157,1,3035
2026-09-06T05:23:00+00:00,496,129,127,12,3104
2026-09-06T05:24:00+00:00,494,149,134,4,3103
2026-09-06T05:25:00+00:00,496,127,132,0,3021
2026-09-06T05:26:00+00:00,494,143,132,1,3013
2026-09-06T05:27:00+00:00,498,140,141,0,3033
2026-09-06T05:28:00+00:00,495,137,123,0,3079
2026-09-06T05:29:00+00:00,499,141,172,0,3021
2026-09-06T05:30:00+00:00,497,139,154,4,3100
2026-09-06T05:31:00+00:00,498,153,168,1,3094
2026-09-06T05:32:00+00:00,497,169,168,0,3086
2026-09-06T05:33:00+00:00,497,122,115,3,3001
2026-09-06T05:34:00+00:00,497,134,141,0,3068
2026-09-06T05:35:00+00:00,495,149,174,9,2972
2026-09-06T05:36:00+00:00,497,141,132,0,3079
2026-09-06T05:37:00+00:00,498,122,151,0,3059
2026-09-06T05:38:00+00:00,494,152,150,0,3061
2026-09-06T05:39:00+00:00,496,157,164,3,2975
2026-09-06T05:40:00+00:00,494,108,111,0,3004
2026-09-06T05:41:00+00:00,496,139,149,0,3010
2026-09-06T05:42:00+00:00,499,152,159,2,3079
2026-09-06T05:43:00+00:00,499,140,147,1,3007
2026-09-06T05:44:00+00:00,498,134,167,2,3070
2026-09-06T05:45:00+00:00,498,145,168,0,3072
2026-09-06T05:46:00+00:00,498,125,128,0,2999
2026-09-06T05:47:00+00:00,499,152,135,1,3009
2026-09-06T05:48:00+00:00,496,139,129,9,3000
2026-09-06T05:49:00+00:00,498,155,150,1,3092
2026-09-06T05:50:00+00:00,495,132,144,6,2990
2026-09-06T05:51:00+00:00,500,162,140,0,3061
2026-09-06T05:52:00+00:00,498,111,103,0,3048
2026-09-06T05:53:00+00:00,500,149,134,0,2994
2026-09-06T05:54:00+00:00,497,158,161,1,3070
2026-09-06T05:55:00+00:00,498,144,181,0,3070
2026-09-06T05:56:00+00:00,495,130,132,1,3078
2026-09-06T05:57:00+00:00,497,149,153,0,3029
2026-09-06T05:58:00+00:00,498,156,154,2,3019
2026-09-06T05:59:00+00:00,494,128,137,1,3019
2026-09-06T06:00:00+00:00,497,145,136,0,3090
2026-09-06T06:01:00+00:00,499,147,139,11,3059
2026-09-06T06:02:00+00:00,494,154,150,0,3005
2026-09-06T06:03:00+00:00,497,171,164,0,3047
2026-09-06T06:04:00+00:00,499,129,133,11,3021
2026-09-06T06:05:00+00:00,496,150,145,0,3104
2026-09-06T06:06:00+00:00,498,107,102,0,2989
2026-09-06T06:07:00+00:00,497,146,135,0,3044
2026-09-06T06:08:00+00:00,495,116,112,1,3008
2026-09-06T06:09:00+00:00,499,161,157,0,3019
2026-09-06T06:10:00+00:00,495,129,106,0,3018
2026-09-06T06:11:00+00:00,498,128,134,2,3079
2026-09-06T06:12:00+00:00,499,130,149,0,3086
2026-09-06T06:13:00+00:00,494,129,136,25,3051
2026-09-06T06:14:00+00:00,498,152,140,0,3023
2026-09-06T06:15:00+00:00,500,153,133,0,3063
2026-09-06T06:16:00+00:00,496,148,168,1,3067
2026-09-06T06:17:00+00:00,498,160,177,0,3014
2026-09-06T06:18:00+00:00,498,162,158,1,3004
2026-09-06T06:19:00+00:00,494,137,123,12,3031
2026-09-06T06:20:00+00:00,497,114,99,0,3057
2026-09-06T06:21:00+00:00,497,164,137,0,3056
2026-09-06T06:22:00+00:00,495,165,160,2,3062
2026-09-06T06:23:00+00:00,496,143,151,0,3104
2026-09-06T06:24:00+00:00,495,142,140,0,2999
2026-09-06T06:25:00+00:00,495,150,153,0,3104
2026-09-06T06:26:00+00:00,494,156,152,2,3114
2026-09-06T06:27:00+00:00,494,157,137,1,3016
2026-09-06T06:28:00+00:00,500,142,150,0,3043
2026-09-06T06:29:00+00:00,496,145,130,2,3017
2026-09-06T06:30:00+00:00,495,141,157,1,3031
2026-09-06T06:31:00+00:00,498,157,143,5,3139
2026-09-06T06:32:00+00:00,498,139,131,0,3009
2026-09-06T06:33:00+00:00,496,149,161,12,3061
2026-09-06T06:34:00+00:00,497,118,112,0,3117
2026-09-06T06:35:00+00:00,498,133,138,0,2955
2026-09-06T06:36:00+00:00,498,169,163,0,3028
2026-09-06T06:37:00+00:00,497,154,168,1,3035
2026-09-06T06:38:00+00:00,495,132,149,0,3103
2026-09-06T06:39:00+00:00,497,153,116,0,3032
2026-09-06T06:40:00+00:00,496,138,138,0,3034
2026-09-06T06:41:00+00:00,497,119,132,2,3111
2026-09-06T06:42:00+00:00,497,146,152,0,3027
2026-09-06T06:43:00+00:00,499,196,167,2,3039
2026-09-06T06:44:00+00:00,498,161,173,10,3052
2026-09-06T06:45:00+00:00,499,145,147,1,3086
2026-09-06T06:46:00+00:00,496,168,168,1,3050
2026-09-06T06:47:00+00:00,499,167,162,1,3083
2026-09-06T06:48:00+00:00,495,140,137,6,3100
2026-09-06T06:49:00+00:00,497,129,119,0,3054
2026-09-06T06:50:00+00:00,497,154,147,0,3061
2026-09-06T06:51:00+00:00,494,142,133,0,3092
2026-09-06T06:52:00+00:00,496,132,116,0,3032
2026-09-06T06:53:00+00:00,495,138,150,0,3048
2026-09-06T06:54:00+00:00,497,125,125,0,3051
2026-09-06T06:55:00+00:00,500,147,170,2,3072
2026-09-06T06:56:00+00:00,500,155,135,0,3060
2026-09-06T06:57:00+00:00,498,157,143,2,3024
2026-09-06T06:58:00+00:00,500,147,143,1,3118
2026-09-06T06:59:00+00:00,494,135,135,7,3051
2026-09-06T07:00:00+00:00,496,124,136,0,3082
2026-09-06T07:01:00+00:00,500,149,147,0,3028
2026-09-06T07:02:00+00:00,497,136,129,1,3124
2026-09-06T07:03:00+00:00,494,198,176,5,3062
2026-09-06T07:04:00+00:00,497,156,141,0,3089
2026-09-06T07:05:00+00:00,498,119,124,2,3118
2026-09-06T07:06:00+00:00,500,153,163,0,3089
2026-09-06T07:07:00+00:00,498,153,158,6,3105
2026-09-06T07:08:00+00:00,497,140,123,0,3133
2026-09-06T07:09:00+00:00,495,151,144,0,3065
2026-09-06T07:10:00+00:00,499,150,164,19,3115
2026-09-06T07:11:00+00:00,496,170,153,2,3012
2026-09-06T07:12:00+00:00,495,137,151,0,3114
2026-09-06T07:13:00+00:00,495,158,167,10,3085
2026-09-06T07:14:00+00:00,498,129,140,0,3062
2026-09-06T07:15:00+00:00,500,148,163,0,3104
2026-09-06T07:16:00+00:00,498,122,127,0,3114
2026-09-06T07:17:00+00:00,498,160,172,1,3089
2026-09-06T07:18:00+00:00,494,115,121,1,3028
2026-09-06T07:19:00+00:00,496,128,131,1,3042
2026-09-06T07:20:00+00:00,499,144,134,0,3115
2026-09-06T07:21:00+00:00,494,142,150,1,3060
2026-09-06T07:22:00+00:00,497,113,99,0,3072
2026-09-06T07:23:00+00:00,494,155,121,0,3145
2026-09-06T07:24:00+00:00,496,127,131,0,3101
2026-09-06T07:25:00+00:00,499,134,139,0,3048
2026-09-06T07:26:00+00:00,499,141,161,2,3164
2026-09-06T07:27:00+00:00,497,138,149,0,3117
2026-09-06T07:28:00+00:00,497,140,120,16,3083
2026-09-06T07:29:00+00:00,497,131,123,3,3089
2026-09-06T07:30:00+00:00,494,157,159,0,3087
2026-09-06T07:31:00+00:00,498,166,184,1,3092
2026-09-06T07:32:00+00:00,497,154,158,19,3129
2026-09-06T07:33:00+00:00,495,132,119,1,3078
2026-09-06T07:34:00+00:00,499,165,162,8,3125
2026-09-06T07:35:00+00:00,501,148,134,4,3054
2026-09-06T07:36:00+00:00,500,174,191,0,3015
2026-09-06T07:37:00+00:00,498,154,157,0,3123
2026-09-06T07:38:00+00:00,497,137,138,0,3142
2026-09-06T07:39:00+00:00,497,134,125,0,3134
2026-09-06T07:40:00+00:00,500,108,111,0,3069
2026-09-06T07:41:00+00:00,498,141,145,1,3068
2026-09-06T07:42:00+00:00,498,134,141,5,3088
2026-09-06T07:43:00+00:00,495,157,177,0,3095
2026-09-06T07:44:00+00:00,494,134,138,0,3162
2026-09-06T07:45:00+00:00,495,136,129,0,3071
2026-09-06T07:46:00+00:00,497,137,150,12,3128
2026-09-06T07:47:00+00:00,499,138,127,0,3173
2026-09-06T07:48:00+00:00,496,156,163,1,3042
2026-09-06T07:49:00+00:00,497,137,142,1,3125
2026-09-06T07:50:00+00:00,495,162,172,6,3104
2026-09-06T07:51:00+00:00,499,141,156,0,3108
2026-09-06T07:52:00+00:00,499,143,153,0,3155
2026-09-06T07:53:00+00:00,497,164,166,2,3054
2026-09-06T07:54:00+00:00,497,155,153,2,3109
2026-09-06T07:55:00+00:00,500,150,144,1,3107
2026-09-06T07:56:00+00:00,497,131,143,15,3150
2026-09-06T07:57:00+00:00,495,165,138,1,3117
2026-09-06T07:58:00+00:00,497,123,131,2,3104
2026-09-06T07:59:00+00:00,500,136,123,6,3166
2026-09-06T08:00:00+00:00,501,122,136,1,3184
2026-09-06T08:01:00+00:00,498,138,135,1,3120
2026-09-06T08:02:00+00:00,495,162,153,2,3113
2026-09-06T08:03:00+00:00,497,126,140,2,3101
2026-09-06T08:04:00+00:00,498,142,148,1,3138
2026-09-06T08:05:00+00:00,495,108,101,12,3126
2026-09-06T08:06:00+00:00,500,127,131,7,3095
2026-09-06T08:07:00+00:00,502,131,135,1,3166
2026-09-06T08:08:00+00:00,497,127,135,11,3137
2026-09-06T08:09:00+00:00,498,142,139,1,3158
2026-09-06T08:10:00+00:00,504,158,166,0,3124
2026-09-06T08:11:00+00:00,497,165,150,0,3145
2026-09-06T08:12:00+00:00,501,153,144,0,3169
2026-09-06T08:13:00+00:00,503,113,132,2,3117
2026-09-06T08:14:00+00:00,499,138,161,2,3107
2026-09-06T08:15:00+00:00,502,120,128,0,3120
2026-09-06T08:16:00+00:00,500,149,163,2,3138
2026-09-06T08:17:00+00:00,498,162,152,7,3145
2026-09-06T08:18:00+00:00,494,121,118,2,3109
2026-09-06T08:19:00+00:00,496,154,139,2,3127
2026-09-06T08:20:00+00:00,496,158,157,0,3177
2026-09-06T08:21:00+00:00,507,146,156,0,3125
2026-09-06T08:22:00+00:00,504,133,128,0,3188
2026-09-06T08:23:00+00:00,505,147,136,0,3152
2026-09-06T08:24:00+00:00,497,153,157,2,3150
2026-09-06T08:25:00+00:00,508,144,133,2,3120
2026-09-06T08:26:00+00:00,496,158,153,0,3164
2026-09-06T08:27:00+00:00,505,125,124,0,3183
2026-09-06T08:28:00+00:00,498,152,142,0,3197
2026-09-06T08:29:00+00:00,506,132,140,0,3172
2026-09-06T08:30:00+00:00,509,147,180,0,3213
2026-09-06T08:31:00+00:00,505,114,129,2,3162
2026-09-06T08:32:00+00:00,506,156,160,1,3207
2026-09-06T08:33:00+00:00,499,133,138,0,3086
2026-09-06T08:34:00+00:00,497,139,134,2,3210
2026-09-06T08:35:00+00:00,506,118,141,1,3164
2026-09-06T08:36:00+00:00,499,165,167,2,3147
2026-09-06T08:37:00+00:00,509,159,185,2,3150
2026-09-06T08:38:00+00:00,514,144,129,2,3155
2026-09-06T08:39:00+00:00,496,164,167,2,3145
2026-09-06T08:40:00+00:00,507,138,160,4,3191
2026-09-06T08:41:00+00:00,496,145,154,0,3174
2026-09-06T08:42:00+00:00,500,157,150,1,3162
2026-09-06T08:43:00+00:00,497,126,129,2,3169
2026-09-06T08:44:00+00:00,512,162,170,6,3173
2026-09-06T08:45:00+00:00,496,161,155,1,3168
2026-09-06T08:46:00+00:00,495,123,124,0,3168
2026-09-06T08:47:00+00:00,501,132,145,4,3130
2026-09-06T08:48:00+00:00,513,108,135,1,3111
2026-09-06T08:49:00+00:00,494,131,144,0,3195
2026-09-06T08:50:00+00:00,501,130,129,1,3167
2026-09-06T08:51:00+00:00,513,129,136,0,3178
2026-09-06T08:52:00+00:00,510,136,162,0,3189
2026-09-06T08:53:00+00:00,511,146,158,0,3140
2026-09-06T08:54:00+00:00,518,136,121,1,3158
2026-09-06T08:55:00+00:00,499,152,177,9,3210
2026-09-06T08:56:00+00:00,516,138,159,7,3151
2026-09-06T08:57:00+00:00,517,158,180,0,3144
2026-09-06T08:58:00+00:00,499,121,125,0,3217
2026-09-06T08:59:00+00:00,514,127,127,1,3183
2026-09-06T09:00:00+00:00,495,157,162,2,3233
2026-09-06T09:01:00+00:00,518,139,144,4,3156
2026-09-06T09:02:00+00:00,501,149,171,0,3196
2026-09-06T09:03:00+00:00,515,124,125,0,3135
2026-09-06T09:04:00+00:00,525,132,143,9,3212
2026-09-06T09:05:00+00:00,501,165,168,2,3233
2026-09-06T09:06:00+00:00,515,157,145,0,3229
2026-09-06T09:07:00+00:00,500,118,117,13,3188
2026-09-06T09:08:00+00:00,498,162,154,0,3220
2026-09-06T09:09:00+00:00,526,145,157,17,3210
2026-09-06T09:10:00+00:00,521,140,128,1,3165
2026-09-06T09:11:00+00:00,524,143,147,0,3186
2026-09-06T09:12:00+00:00,500,142,127,2,3184
2026-09-06T09:13:00+00:00,499,150,139,0,3173
2026-09-06T09:14:00+00:00,519,130,143,0,3218
2026-09-06T09:15:00+00:00,521,162,177,0,3205
2026-09-06T09:16:00+00:00,497,135,157,17,3210
2026-09-06T09:17:00+00:00,526,173,147,0,3206
2026-09-06T09:18:00+00:00,518,187,185,0,3179
2026-09-06T09:19:00+00:00,526,144,130,2,3203
2026-09-06T09:20:00+00:00,499,140,157,0,3198
2026-09-06T09:21:00+00:00,524,150,148,2,3179
2026-09-06T09:22:00+00:00,521,143,129,0,3161
2026-09-06T09:23:00+00:00,498,133,144,3,3214
2026-09-06T09:24:00+00:00,515,137,165,0,3222
2026-09-06T09:25:00+00:00,522,134,147,1,3223
2026-09-06T09:26:00+00:00,527,373,335,0,3217
2026-09-06T09:27:00+00:00,497,372,320,0,3214
2026-09-06T09:28:00+00:00,497,342,315,1,3178
2026-09-06T09:29:00+00:00,500,366,328,0,3253
2026-09-06T09:30:00+00:00,522,399,334,17,3185
2026-09-06T09:31:00+00:00,524,370,353,0,3234
2026-09-06T09:32:00+00:00,525,386,341,0,3199
2026-09-06T09:33:00+00:00,497,384,333,0,3232
2026-09-06T09:34:00+00:00,499,385,322,0,3175
2026-09-06T09:35:00+00:00,497,409,338,2,3187
2026-09-06T09:36:00+00:00,501,406,357,2,3195
2026-09-06T09:37:00+00:00,527,354,323,4,3171
2026-09-06T09:38:00+00:00,496,427,358,0,3226
2026-09-06T09:39:00+00:00,520,400,354,0,3204
2026-09-06T09:40:00+00:00,499,405,378,8,3219
2026-09-06T09:41:00+00:00,529,406,361,15,3185
2026-09-06T09:42:00+00:00,497,387,339,10,3160
2026-09-06T09:43:00+00:00,530,361,352,1,3203
2026-09-06T09:44:00+00:00,526,382,352,9,3234
2026-09-06T09:45:00+00:00,528,396,338,0,3256
2026-09-06T09:46:00+00:00,496,371,323,11,3215
2026-09-06T09:47:00+00:00,497,393,364,2,3251
2026-09-06T09:48:00+00:00,522,379,340,0,3209
2026-09-06T09:49:00+00:00,535,377,347,0,3230
2026-09-06T09:50:00+00:00,543,395,341,0,3217
2026-09-06T09:51:00+00:00,499,405,363,0,3142
2026-09-06T09:52:00+00:00,500,399,339,0,3230
2026-09-06T09:53:00+00:00,532,395,360,2,3208
2026-09-06T09:54:00+00:00,539,341,308,0,3211
2026-09-06T09:55:00+00:00,535,377,329,5,3231
2026-09-06T09:56:00+00:00,535,364,334,0,3236
2026-09-06T09:57:00+00:00,497,395,335,0,3193
2026-09-06T09:58:00+00:00,533,395,346,10,3219
2026-09-06T09:59:00+00:00,501,405,345,2,3224
2026-09-06T10:00:00+00:00,497,383,368,0,3227
2026-09-06T10:01:00+00:00,498,136,130,0,3239
2026-09-06T10:02:00+00:00,534,128,139,1,3219
2026-09-06T10:03:00+00:00,527,147,176,0,3177
2026-09-06T10:04:00+00:00,547,154,162,0,3207
2026-09-06T10:05:00+00:00,499,107,126,10,3230
2026-09-06T10:06:00+00:00,529,150,130,2,3235
2026-09-06T10:07:00+00:00,529,119,124,0,3217
2026-09-06T10:08:00+00:00,537,140,134,12,3209
2026-09-06T10:09:00+00:00,499,119,152,0,3153
2026-09-06T10:10:00+00:00,501,130,162,0,3238
2026-09-06T10:11:00+00:00,497,114,124,0,3195
2026-09-06T10:12:00+00:00,498,147,163,0,3234
2026-09-06T10:13:00+00:00,542,140,134,0,3226
2026-09-06T10:14:00+00:00,496,124,174,1,3200
2026-09-06T10:15:00+00:00,496,126,123,0,3211
2026-09-06T10:16:00+00:00,539,144,170,2,3184
2026-09-06T10:17:00+00:00,499,142,126,9,3180
2026-09-06T10:18:00+00:00,496,143,117,2,3206
2026-09-06T10:19:00+00:00,498,129,127,12,3191
2026-09-06T10:20:00+00:00,499,152,144,2,3207
2026-09-06T10:21:00+00:00,534,175,158,2,3212
2026-09-06T10:22:00+00:00,496,123,134,0,3278
2026-09-06T10:23:00+00:00,498,131,127,0,3196
2026-09-06T10:24:00+00:00,497,148,160,0,3235
2026-09-06T10:25:00+00:00,498,150,155,2,3209
2026-09-06T10:26:00+00:00,549,138,163,0,3209
2026-09-06T10:27:00+00:00,499,169,155,1,3213
2026-09-06T10:28:00+00:00,498,130,119,11,3183
2026-09-06T10:29:00+00:00,498,139,144,0,3211
2026-09-06T10:30:00+00:00,498,137,139,1,3216
2026-09-06T10:31:00+00:00,555,148,141,0,3261
2026-09-06T10:32:00+00:00,557,169,168,2,3217
2026-09-06T10:33:00+00:00,501,150,131,0,3243
2026-09-06T10:34:00+00:00,542,146,144,0,3193
2026-09-06T10:35:00+00:00,546,113,124,8,3212
2026-09-06T10:36:00+00:00,498,129,126,10,3205
2026-09-06T10:37:00+00:00,553,145,136,0,3192
2026-09-06T10:38:00+00:00,498,153,136,0,3170
2026-09-06T10:39:00+00:00,546,136,145,0,3233
2026-09-06T10:40:00+00:00,554,147,151,0,3183
2026-09-06T10:41:00+00:00,550,147,153,10,3207
2026-09-06T10:42:00+00:00,565,132,134,5,3216
2026-09-06T10:43:00+00:00,499,139,132,0,3236
2026-09-06T10:44:00+00:00,550,158,163,0,3212
2026-09-06T10:45:00+00:00,568,150,140,1,3186
2026-09-06T10:46:00+00:00,567,129,140,0,3205
2026-09-06T10:47:00+00:00,497,157,140,0,3238
2026-09-06T10:48:00+00:00,563,141,140,15,3215
2026-09-06T10:49:00+00:00,498,144,137,2,3180
2026-09-06T10:50:00+00:00,496,130,119,0,3157
2026-09-06T10:51:00+00:00,498,108,102,0,3211
2026-09-06T10:52:00+00:00,547,149,143,0,3208
2026-09-06T10:53:00+00:00,561,138,146,2,3181
2026-09-06T10:54:00+00:00,574,139,133,0,3174
2026-09-06T10:55:00+00:00,574,122,151,19,3223
2026-09-06T10:56:00+00:00,554,172,165,0,3212
2026-09-06T10:57:00+00:00,559,179,174,0,3163
2026-09-06T10:58:00+00:00,552,145,156,0,3173
2026-09-06T10:59:00+00:00,552,176,162,0,3219
2026-09-06T11:00:00+00:00,572,182,188,2,3221
2026-09-06T11:01:00+00:00,498,158,152,4,3175
2026-09-06T11:02:00+00:00,496,133,160,2,3162
2026-09-06T11:03:00+00:00,562,136,134,0,3170
2026-09-06T11:04:00+00:00,565,171,160,0,3180
2026-09-06T11:05:00+00:00,500,156,161,6,3197
2026-09-06T11:06:00+00:00,566,139,141,0,3133
2026-09-06T11:07:00+00:00,499,147,138,0,3187
2026-09-06T11:08:00+00:00,563,114,148,0,3195
2026-09-06T11:09:00+00:00,557,155,181,1,3154
2026-09-06T11:10:00+00:00,498,132,137,0,3210
2026-09-06T11:11:00+00:00,497,153,159,0,3101
2026-09-06T11:12:00+00:00,497,156,186,0,3182
2026-09-06T11:13:00+00:00,497,141,153,1,3147
2026-09-06T11:14:00+00:00,575,164,158,1,3132
2026-09-06T11:15:00+00:00,497,145,159,0,3184
2026-09-06T11:16:00+00:00,497,160,148,0,3183
2026-09-06T11:17:00+00:00,499,124,161,0,3205
2026-09-06T11:18:00+00:00,498,149,177,0,3149
2026-09-06T11:19:00+00:00,497,152,165,0,3121
2026-09-06T11:20:00+00:00,558,136,138,2,3170
2026-09-06T11:21:00+00:00,578,116,131,6,3141
2026-09-06T11:22:00+00:00,566,129,139,7,3186
2026-09-06T11:23:00+00:00,585,143,151,2,3163
2026-09-06T11:24:00+00:00,577,149,166,2,3181
2026-09-06T11:25:00+00:00,496,130,131,1,3123
2026-09-06T11:26:00+00:00,498,137,125,0,3114
2026-09-06T11:27:00+00:00,566,138,138,0,3138
2026-09-06T11:28:00+00:00,562,141,152,1,3172
2026-09-06T11:29:00+00:00,497,137,157,1,3194
2026-09-06T11:30:00+00:00,500,123,154,2,3163
2026-09-06T11:31:00+00:00,563,160,162,0,3110
2026-09-06T11:32:00+00:00,552,138,152,0,3089
2026-09-06T11:33:00+00:00,571,125,123,0,3114
2026-09-06T11:34:00+00:00,499,139,142,0,3204
2026-09-06T11:35:00+00:00,583,128,127,19,3151
2026-09-06T11:36:00+00:00,497,143,149,5,3143
2026-09-06T11:37:00+00:00,581,128,137,2,3172
2026-09-06T11:38:00+00:00,496,130,154,0,3122
2026-09-06T11:39:00+00:00,560,128,135,0,3155
2026-09-06T11:40:00+00:00,595,135,132,0,3143
2026-09-06T11:41:00+00:00,585,142,140,0,3146
2026-09-06T11:42:00+00:00,496,151,151,0,3180
2026-09-06T11:43:00+00:00,498,134,179,1,3172
2026-09-06T11:44:00+00:00,564,137,150,2,3162
2026-09-06T11:45:00+00:00,559,156,150,12,3163
2026-09-06T11:46:00+00:00,495,141,144,2,3118
2026-09-06T11:47:00+00:00,562,136,128,0,3170
2026-09-06T11:48:00+00:00,496,142,146,2,3175
2026-09-06T11:49:00+00:00,498,166,161,0,3141
2026-09-06T11:50:00+00:00,498,122,126,0,3180
2026-09-06T11:51:00+00:00,559,126,124,9,3192
2026-09-06T11:52:00+00:00,558,130,147,0,3103
2026-09-06T11:53:00+00:00,574,160,150,1,3147
2026-09-06T11:54:00+00:00,499,115,108,0,3137
2026-09-06T11:55:00+00:00,498,107,130,0,3121
2026-09-06T11:56:00+00:00,570,136,120,0,3145
2026-09-06T11:57:00+00:00,592,136,123,2,3157
2026-09-06T11:58:00+00:00,499,125,122,0,3167
2026-09-06T11:59:00+00:00,599,123,113,2,3112
2026-09-06T12:00:00+00:00,588,184,183,0,3095
2026-09-06T12:01:00+00:00,497,140,147,0,3111
2026-09-06T12:02:00+00:00,496,137,150,6,3113
2026-09-06T12:03:00+00:00,577,146,140,0,3151
2026-09-06T12:04:00+00:00,495,132,119,0,3112
2026-09-06T12:05:00+00:00,580,125,118,0,3155
2026-09-06T12:06:00+00:00,608,130,154,0,3139
2026-09-06T12:07:00+00:00,500,143,128,12,3119
2026-09-06T12:08:00+00:00,607,132,136,1,3091
2026-09-06T12:09:00+00:00,569,151,182,0,3075
2026-09-06T12:10:00+00:00,497,153,159,0,3112
2026-09-06T12:11:00+00:00,498,137,127,14,3071
2026-09-06T12:12:00+00:00,565,147,139,0,3144
2026-09-06T12:13:00+00:00,600,151,147,0,3078
2026-09-06T12:14:00+00:00,501,169,164,0,3112
2026-09-06T12:15:00+00:00,498,144,141,3,3164
2026-09-06T12:16:00+00:00,497,136,141,8,3109
2026-09-06T12:17:00+00:00,499,130,148,0,3096
2026-09-06T12:18:00+00:00,497,152,166,2,3088
2026-09-06T12:19:00+00:00,499,148,140,2,3121
2026-09-06T12:20:00+00:00,501,124,123,0,3074
2026-09-06T12:21:00+00:00,586,147,146,1,3108
2026-09-06T12:22:00+00:00,498,147,158,1,3154
2026-09-06T12:23:00+00:00,565,140,124,0,3111
2026-09-06T12:24:00+00:00,495,128,159,0,3083
2026-09-06T12:25:00+00:00,498,148,140,6,3047
2026-09-06T12:26:00+00:00,612,156,147,17,3055
2026-09-06T12:27:00+00:00,499,143,140,17,3148
2026-09-06T12:28:00+00:00,497,153,150,0,3053
2026-09-06T12:29:00+00:00,496,172,155,3,3084
2026-09-06T12:30:00+00:00,500,137,120,2,3106
2026-09-06T12:31:00+00:00,496,152,159,9,3125
2026-09-06T12:32:00+00:00,500,139,133,0,3077
2026-09-06T12:33:00+00:00,499,129,133,16,3077
2026-09-06T12:34:00+00:00,587,140,142,2,3087
2026-09-06T12:35:00+00:00,592,161,144,0,3091
2026-09-06T12:36:00+00:00,565,136,128,0,3059
2026-09-06T12:37:00+00:00,609,151,155,0,3040
2026-09-06T12:38:00+00:00,594,130,134,2,3089
2026-09-06T12:39:00+00:00,582,154,152,0,3125
2026-09-06T12:40:00+00:00,495,137,136,2,3091
2026-09-06T12:41:00+00:00,496,146,149,2,3115
2026-09-06T12:42:00+00:00,501,153,166,1,3153
2026-09-06T12:43:00+00:00,500,140,121,6,3127
2026-09-06T12:44:00+00:00,614,140,154,2,3110
2026-09-06T12:45:00+00:00,496,133,123,1,3043
2026-09-06T12:46:00+00:00,498,141,124,0,3047
2026-09-06T12:47:00+00:00,496,152,140,0,3102
2026-09-06T12:48:00+00:00,500,123,113,5,3023
2026-09-06T12:49:00+00:00,595,156,174,2,3084
2026-09-06T12:50:00+00:00,495,117,116,0,3069
2026-09-06T12:51:00+00:00,601,137,131,4,3043
2026-09-06T12:52:00+00:00,497,147,143,0,3144
2026-09-06T12:53:00+00:00,497,154,152,15,3091
2026-09-06T12:54:00+00:00,497,144,157,0,3113
2026-09-06T12:55:00+00:00,500,134,138,1,3053
2026-09-06T12:56:00+00:00,600,147,139,1,3046
2026-09-06T12:57:00+00:00,586,135,136,26,3114
2026-09-06T12:58:00+00:00,497,131,139,2,2996
2026-09-06T12:59:00+00:00,501,126,131,2,3093
2026-09-06T13:00:00+00:00,621,127,138,0,3123
2026-09-06T13:01:00+00:00,500,125,128,0,3097
2026-09-06T13:02:00+00:00,496,146,153,9,3159
2026-09-06T13:03:00+00:00,500,123,125,1,3068
2026-09-06T13:04:00+00:00,501,160,183,9,3057
2026-09-06T13:05:00+00:00,496,149,151,0,3106
2026-09-06T13:06:00+00:00,499,125,135,0,3039
2026-09-06T13:07:00+00:00,605,130,147,0,3104
2026-09-06T13:08:00+00:00,495,145,135,0,3153
2026-09-06T13:09:00+00:00,495,134,136,2,3082
2026-09-06T13:10:00+00:00,608,137,131,13,3052
2026-09-06T13:11:00+00:00,583,132,139,6,3124
2026-09-06T13:12:00+00:00,616,114,113,2,3066
2026-09-06T13:13:00+00:00,624,157,174,0,3080
2026-09-06T13:14:00+00:00,497,151,143,2,3025
2026-09-06T13:15:00+00:00,494,134,153,0,3085
2026-09-06T13:16:00+00:00,501,142,153,0,3073
2026-09-06T13:17:00+00:00,499,140,140,10,3049
2026-09-06T13:18:00+00:00,616,126,128,18,3065
2026-09-06T13:19:00+00:00,499,111,115,7,3087
2026-09-06T13:20:00+00:00,495,170,159,1,3090
2026-09-06T13:21:00+00:00,498,135,135,8,3066
2026-09-06T13:22:00+00:00,570,125,126,0,3052
2026-09-06T13:23:00+00:00,497,132,126,6,3056
2026-09-06T13:24:00+00:00,585,147,132,0,3031
2026-09-06T13:25:00+00:00,578,112,143,0,3058
2026-09-06T13:26:00+00:00,624,153,152,0,3069
2026-09-06T13:27:00+00:00,624,125,148,2,2998
2026-09-06T13:28:00+00:00,586,140,159,0,3026
2026-09-06T13:29:00+00:00,621,178,171,1,3056
2026-09-06T13:30:00+00:00,501,159,166,0,3061
2026-09-06T13:31:00+00:00,608,135,122,0,3072
2026-09-06T13:32:00+00:00,498,154,149,0,3075
2026-09-06T13:33:00+00:00,499,150,134,9,3011
2026-09-06T13:34:00+00:00,593,119,121,0,3119
2026-09-06T13:35:00+00:00,570,154,144,0,3036
2026-09-06T13:36:00+00:00,614,132,116,1,3071
2026-09-06T13:37:00+00:00,592,123,148,0,3067
2026-09-06T13:38:00+00:00,592,118,122,7,3047
2026-09-06T13:39:00+00:00,498,147,162,11,3033
2026-09-06T13:40:00+00:00,569,166,174,0,3062
2026-09-06T13:41:00+00:00,495,148,162,0,3027
2026-09-06T13:42:00+00:00,497,132,138,9,3099
2026-09-06T13:43:00+00:00,497,147,149,0,3083
2026-09-06T13:44:00+00:00,582,148,150,9,3128
2026-09-06T13:45:00+00:00,496,165,179,0,3016
2026-09-06T13:46:00+00:00,569,141,164,2,3030
2026-09-06T13:47:00+00:00,578,138,155,0,3077
2026-09-06T13:48:00+00:00,497,148,141,2,3075
2026-09-06T13:49:00+00:00,495,146,143,5,3050
