created_at,pm2_5_ispu,pm10_ispu,co_ispu,no2_ispu,o3_ispu
2026-08-30T13:49:00+00:00,36.48,14.87,33.53,0.26,8.59
2026-08-30T13:50:00+00:00,50.85,21.71,33.42,0.0,30.8
2026-08-30T13:51:00+00:00,49.45,17.59,35.23,0.0,8.77
2026-08-30T13:52:00+00:00,42.58,9.97,31.86,0.27,8.77
2026-08-30T13:53:00+00:00,51.5,17.53,31.72,0.0,33.6
2026-08-30T13:54:00+00:00,44.55,18.7,36.23,0.0,8.28
2026-08-30T13:55:00+00:00,54.15,23.18,35.46,0.16,35.8
2026-08-30T13:56:00+00:00,52.99,23.0,32.42,0.0,36.24
2026-08-30T13:57:00+00:00,38.48,10.17,30.95,0.08,8.5
2026-08-30T13:58:00+00:00,42.45,13.91,32.75,0.0,8.63
2026-08-30T13:59:00+00:00,51.89,27.96,30.51,0.0,36.21
2026-08-30T14:00:00+00:00,42.32,17.95,34.07,0.0,8.32
2026-08-30T14:01:00+00:00,48.23,20.08,30.19,0.0,35.8
2026-08-30T14:02:00+00:00,51.34,14.29,33.54,0.0,23.75
2026-08-30T14:03:00+00:00,54.79,21.28,35.45,0.0,23.72
2026-08-30T14:04:00+00:00,33.87,16.52,32.31,0.0,8.26
2026-08-30T14:05:00+00:00,52.67,19.08,33.45,0.0,35.55
2026-08-30T14:06:00+00:00,52.68,21.66,34.0,0.0,8.6
2026-08-30T14:07:00+00:00,50.29,14.24,32.28,0.0,8.58
2026-08-30T14:08:00+00:00,36.61,14.75,36.46,0.0,8.62
2026-08-30T14:09:00+00:00,54.57,23.76,33.67,0.0,8.6
2026-08-30T14:10:00+00:00,38.32,11.97,35.59,0.0,34.96
2026-08-30T14:11:00+00:00,49.35,20.95,34.17,0.0,25.93
2026-08-30T14:12:00+00:00,51.07,18.66,33.64,0.0,27.46
2026-08-30T14:13:00+00:00,39.77,11.1,34.68,0.01,8.38
2026-08-30T14:14:00+00:00,41.81,13.69,34.38,0.0,8.77
2026-08-30T14:15:00+00:00,35.94,19.1,32.02,0.0,30.11
2026-08-30T14:16:00+00:00,40.87,15.5,33.66,0.58,8.59
2026-08-30T14:17:00+00:00,50.64,21.59,31.07,0.0,24.75
2026-08-30T14:18:00+00:00,49.61,20.16,33.41,0.0,8.51
2026-08-30T14:19:00+00:00,50.79,19.59,32.98,0.0,8.7
2026-08-30T14:20:00+00:00,41.61,14.05,32.68,0.38,30.69
2026-08-30T14:21:00+00:00,49.55,14.88,33.26,0.0,27.81
2026-08-30T14:22:00+00:00,28.45,14.15,33.32,0.0,30.62
2026-08-30T14:23:00+00:00,53.98,18.88,32.23,0.22,8.78
2026-08-30T14:24:00+00:00,47.94,13.4,34.27,0.0,30.8
2026-08-30T14:25:00+00:00,51.79,19.55,33.89,0.53,8.33
2026-08-30T14:26:00+00:00,49.77,16.66,30.85,0.0,30.42
2026-08-30T14:27:00+00:00,47.94,11.69,32.67,0.0,8.66
2026-08-30T14:28:00+00:00,52.16,20.76,31.45,0.0,8.77
2026-08-30T14:29:00+00:00,49.16,18.55,37.08,0.0,8.21
2026-08-30T14:30:00+00:00,45.68,17.96,31.37,0.0,24.36
2026-08-30T14:31:00+00:00,48.13,20.15,29.97,0.0,8.69
2026-08-30T14:32:00+00:00,50.41,17.99,32.03,0.2,31.95
2026-08-30T14:33:00+00:00,55.43,25.19,31.95,0.0,23.73
2026-08-30T14:34:00+00:00,37.77,11.19,35.94,0.0,23.88
2026-08-30T14:35:00+00:00,52.81,20.08,34.81,0.49,25.67
2026-08-30T14:36:00+00:00,42.71,17.43,35.02,0.0,8.48
2026-08-30T14:37:00+00:00,56.69,24.37,35.81,0.0,25.45
2026-08-30T14:38:00+00:00,52.07,17.67,34.58,0.0,8.35
2026-08-30T14:39:00+00:00,45.26,10.12,36.88,0.0,8.46
2026-08-30T14:40:00+00:00,51.6,18.08,31.2,0.0,8.77
2026-08-30T14:41:00+00:00,52.23,16.49,31.04,0.0,27.4
2026-08-30T14:42:00+00:00,50.6,22.21,34.83,0.29,8.39
2026-08-30T14:43:00+00:00,49.55,16.86,33.25,0.32,24.53
2026-08-30T14:44:00+00:00,51.0,16.0,35.23,0.0,33.19
2026-08-30T14:45:00+00:00,53.52,19.43,35.85,0.0,26.22
2026-08-30T14:46:00+00:00,43.26,16.28,33.11,0.28,27.36
2026-08-30T14:47:00+00:00,52.63,19.55,37.55,0.0,8.75
2026-08-30T14:48:00+00:00,42.39,12.51,34.42,0.0,33.67
2026-08-30T14:49:00+00:00,51.27,21.92,33.91,0.0,8.42
2026-08-30T14:50:00+00:00,51.35,16.74,35.12,0.0,23.46
2026-08-30T14:51:00+00:00,49.65,16.08,32.38,0.19,8.53
2026-08-30T14:52:00+00:00,40.58,13.73,33.08,0.0,29.24
2026-08-30T14:53:00+00:00,51.34,20.75,32.98,0.0,26.07
2026-08-30T14:54:00+00:00,45.48,12.95,35.83,0.0,32.15
2026-08-30T14:55:00+00:00,48.71,20.4,31.98,0.59,8.47
2026-08-30T14:56:00+00:00,51.94,18.37,32.5,0.41,30.0
2026-08-30T14:57:00+00:00,52.13,17.74,32.77,0.0,32.86
2026-08-30T14:58:00+00:00,34.19,16.22,34.37,0.0,27.8
2026-08-30T14:59:00+00:00,52.56,22.86,36.5,0.0,8.66
2026-08-30T15:00:00+00:00,40.06,14.89,31.38,0.0,30.58
2026-08-30T15:01:00+00:00,38.61,9.33,30.71,0.0,8.26
2026-08-30T15:02:00+00:00,49.48,25.47,34.12,0.0,21.95
2026-08-30T15:03:00+00:00,49.13,19.19,34.28,0.0,8.36
2026-08-30T15:04:00+00:00,42.97,14.58,31.12,0.0,23.63
2026-08-30T15:05:00+00:00,53.48,20.37,31.54,0.0,22.64
2026-08-30T15:06:00+00:00,51.8,17.59,36.43,0.89,27.14
2026-08-30T15:07:00+00:00,48.29,13.85,33.3,0.0,8.68
2026-08-30T15:08:00+00:00,48.0,18.03,32.9,0.0,8.58
2026-08-30T15:09:00+00:00,54.79,23.53,32.96,0.0,28.72
2026-08-30T15:10:00+00:00,51.17,23.36,35.69,0.0,23.59
2026-08-30T15:11:00+00:00,59.0,23.46,27.71,0.0,8.62
2026-08-30T15:12:00+00:00,44.9,21.96,31.85,0.0,8.44
2026-08-30T15:13:00+00:00,36.84,14.68,33.24,0.0,8.28
2026-08-30T15:14:00+00:00,39.35,12.43,33.12,0.0,28.78
2026-08-30T15:15:00+00:00,37.26,14.17,31.8,0.0,8.22
2026-08-30T15:16:00+00:00,44.26,17.03,34.44,0.18,8.27
2026-08-30T15:17:00+00:00,48.81,14.91,35.58,0.0,8.55
2026-08-30T15:18:00+00:00,41.06,11.9,33.87,0.0,8.66
2026-08-30T15:19:00+00:00,53.11,18.64,35.13,0.0,8.28
2026-08-30T15:20:00+00:00,46.39,17.23,31.06,0.0,30.99
2026-08-30T15:21:00+00:00,46.45,15.6,32.82,0.16,8.19
2026-08-30T15:22:00+00:00,50.39,20.37,34.58,0.14,8.4
2026-08-30T15:23:00+00:00,36.03,8.96,34.18,0.0,30.23
2026-08-30T15:24:00+00:00,50.51,20.12,32.45,0.0,8.57
2026-08-30T15:25:00+00:00,49.39,16.04,36.01,0.0,8.78
2026-08-30T15:26:00+00:00,35.13,7.5,38.94,0.0,29.85
2026-08-30T15:27:00+00:00,50.05,18.67,32.71,0.39,28.38
2026-08-30T15:28:00+00:00,49.94,17.3,32.69,0.27,26.19
2026-08-30T15:29:00+00:00,36.29,13.84,34.2,0.53,24.82
2026-08-30T15:30:00+00:00,48.06,17.62,35.73,0.0,8.38
2026-08-30T15:31:00+00:00,39.16,11.27,33.68,0.25,8.22
2026-08-30T15:32:00+00:00,27.61,11.5,33.27,0.0,8.78
2026-08-30T15:33:00+00:00,50.01,14.43,35.19,0.0,8.35
2026-08-30T15:34:00+00:00,34.03,12.65,32.16,0.0,27.38
2026-08-30T15:35:00+00:00,48.13,17.99,36.06,0.0,8.6
2026-08-30T15:36:00+00:00,51.95,21.91,33.95,0.0,8.34
2026-08-30T15:37:00+00:00,54.91,22.48,34.4,0.0,8.75
2026-08-30T15:38:00+00:00,50.61,17.72,31.37,0.0,27.48
2026-08-30T15:39:00+00:00,44.65,16.69,35.96,0.0,8.59
2026-08-30T15:40:00+00:00,45.9,18.23,31.6,0.0,26.0
2026-08-30T15:41:00+00:00,42.58,15.59,32.48,0.0,8.69
2026-08-30T15:42:00+00:00,49.97,17.72,31.1,0.0,22.34
2026-08-30T15:43:00+00:00,40.1,17.97,36.51,0.0,8.31
2026-08-30T15:44:00+00:00,45.87,14.64,35.23,0.0,8.28
2026-08-30T15:45:00+00:00,50.84,19.88,33.61,0.0,24.87
2026-08-30T15:46:00+00:00,51.94,18.78,36.13,0.08,8.25
2026-08-30T15:47:00+00:00,52.63,19.24,34.05,0.0,8.23
2026-08-30T15:48:00+00:00,52.83,19.71,31.82,0.2,21.41
2026-08-30T15:49:00+00:00,54.79,21.79,32.37,0.39,21.95
2026-08-30T15:50:00+00:00,53.1,23.96,33.9,0.0,8.68
2026-08-30T15:51:00+00:00,38.29,19.1,33.47,0.0,8.78
2026-08-30T15:52:00+00:00,41.61,13.73,31.06,0.68,8.65
2026-08-30T15:53:00+00:00,49.65,16.45,34.88,0.0,8.46
2026-08-30T15:54:00+00:00,50.93,21.93,33.52,0.0,8.45
2026-08-30T15:55:00+00:00,49.19,18.81,35.34,0.0,8.41
2026-08-30T15:56:00+00:00,38.68,15.08,31.9,0.29,8.61
2026-08-30T15:57:00+00:00,50.54,18.73,34.19,0.0,26.14
2026-08-30T15:58:00+00:00,50.34,17.12,34.31,0.0,8.65
2026-08-30T15:59:00+00:00,47.0,17.38,31.87,0.0,21.05
2026-08-30T16:00:00+00:00,45.65,12.94,34.81,0.39,8.52
2026-08-30T16:01:00+00:00,50.58,17.45,35.54,0.08,8.27
2026-08-30T16:02:00+00:00,52.38,16.55,32.41,0.0,22.18
2026-08-30T16:03:00+00:00,53.97,26.42,34.8,0.0,23.5
2026-08-30T16:04:00+00:00,55.99,21.03,36.56,0.0,8.43
2026-08-30T16:05:00+00:00,49.39,21.88,34.12,0.0,8.24
2026-08-30T16:06:00+00:00,45.84,19.35,33.56,0.0,8.32
2026-08-30T16:07:00+00:00,45.29,19.1,31.97,0.0,8.5
2026-08-30T16:08:00+00:00,45.58,21.81,39.5,0.0,20.9
2026-08-30T16:09:00+00:00,48.55,14.61,32.06,0.0,8.5
2026-08-30T16:10:00+00:00,29.84,10.46,37.39,0.9,8.6
2026-08-30T16:11:00+00:00,51.09,22.69,34.99,0.0,17.98
2026-08-30T16:12:00+00:00,51.14,18.45,34.39,0.0,18.03
2026-08-30T16:13:00+00:00,56.87,25.54,34.42,0.14,8.21
2026-08-30T16:14:00+00:00,48.61,23.54,36.72,0.0,8.68
2026-08-30T16:15:00+00:00,40.06,12.12,37.62,0.42,8.8
2026-08-30T16:16:00+00:00,46.03,12.55,34.69,0.17,23.61
2026-08-30T16:17:00+00:00,40.65,14.76,32.9,0.14,8.28
2026-08-30T16:18:00+00:00,43.19,16.57,34.0,0.0,8.47
2026-08-30T16:19:00+00:00,45.81,15.46,33.51,0.0,8.75
2026-08-30T16:20:00+00:00,50.98,20.01,33.12,0.0,8.73
2026-08-30T16:21:00+00:00,52.36,14.68,34.9,0.0,8.42
2026-08-30T16:22:00+00:00,53.47,22.3,36.3,0.0,8.71
2026-08-30T16:23:00+00:00,29.65,8.2,33.19,0.0,8.38
2026-08-30T16:24:00+00:00,51.34,18.48,34.29,0.14,8.41
2026-08-30T16:25:00+00:00,42.81,11.94,35.93,0.0,8.6
2026-08-30T16:26:00+00:00,33.9,8.65,32.98,0.0,17.82
2026-08-30T16:27:00+00:00,49.35,15.9,39.65,0.0,8.52
2026-08-30T16:28:00+00:00,51.98,19.74,35.9,0.0,8.8
2026-08-30T16:29:00+00:00,31.0,8.9,33.11,0.0,8.49
2026-08-30T16:30:00+00:00,49.71,12.88,34.28,0.0,8.3
2026-08-30T16:31:00+00:00,50.83,14.89,35.52,0.0,20.11
2026-08-30T16:32:00+00:00,38.16,16.31,31.18,0.0,8.31
2026-08-30T16:33:00+00:00,42.58,14.47,35.21,0.0,21.73
2026-08-30T16:34:00+00:00,50.68,17.81,34.51,0.0,20.73
2026-08-30T16:35:00+00:00,55.0,21.5,35.15,0.0,8.49
2026-08-30T16:36:00+00:00,55.51,27.08,35.65,0.0,8.38
2026-08-30T16:37:00+00:00,50.59,16.25,36.37,0.0,22.21
2026-08-30T16:38:00+00:00,42.68,17.45,34.71,0.0,21.67
2026-08-30T16:39:00+00:00,55.51,23.38,34.78,0.0,8.34
2026-08-30T16:40:00+00:00,39.84,12.93,33.63,0.0,20.05
2026-08-30T16:41:00+00:00,38.32,16.55,33.83,0.0,16.08
2026-08-30T16:42:00+00:00,46.45,17.45,34.75,0.0,21.8
2026-08-30T16:43:00+00:00,52.51,22.3,34.2,0.0,8.37
2026-08-30T16:44:00+00:00,50.19,18.58,36.64,0.16,8.66
2026-08-30T16:45:00+00:00,46.16,20.75,32.2,0.0,8.64
2026-08-30T16:46:00+00:00,54.71,22.89,34.48,0.0,17.65
2026-08-30T16:47:00+00:00,34.61,11.86,34.35,0.0,8.25
2026-08-30T16:48:00+00:00,43.84,14.83,34.51,0.0,16.25
2026-08-30T16:49:00+00:00,54.47,21.91,36.25,0.44,15.37
2026-08-30T16:50:00+00:00,52.34,18.76,33.42,0.3,17.02
2026-08-30T16:51:00+00:00,54.89,20.02,35.47,0.0,17.91
2026-08-30T16:52:00+00:00,50.09,16.06,33.54,0.0,20.19
2026-08-30T16:53:00+00:00,36.16,9.09,34.38,0.0,8.62
2026-08-30T16:54:00+00:00,45.19,21.7,34.61,0.0,8.32
2026-08-30T16:55:00+00:00,36.84,13.71,33.92,0.39,15.5
2026-08-30T16:56:00+00:00,44.74,15.82,33.34,0.2,16.84
2026-08-30T16:57:00+00:00,48.87,16.87,35.27,0.0,8.65
2026-08-30T16:58:00+00:00,48.1,17.99,36.03,0.0,19.82
2026-08-30T16:59:00+00:00,49.55,17.84,38.91,0.12,16.99
2026-08-30T17:00:00+00:00,53.42,23.97,37.95,0.0,18.52
2026-08-30T17:01:00+00:00,54.79,20.58,36.84,0.0,8.65
2026-08-30T17:02:00+00:00,54.31,21.26,35.47,0.0,16.21
2026-08-30T17:03:00+00:00,51.58,19.37,35.95,0.0,8.53
2026-08-30T17:04:00+00:00,37.58,15.24,33.75,0.09,8.67
2026-08-30T17:05:00+00:00,42.03,11.36,38.15,0.0,8.58
2026-08-30T17:06:00+00:00,39.03,10.28,36.25,0.0,8.24
2026-08-30T17:07:00+00:00,55.51,24.25,37.19,0.0,14.61
2026-08-30T17:08:00+00:00,52.84,18.07,35.7,0.0,16.86
2026-08-30T17:09:00+00:00,40.06,13.58,35.88,0.0,8.68
2026-08-30T17:10:00+00:00,52.16,21.95,34.44,0.0,15.1
2026-08-30T17:11:00+00:00,25.81,7.77,35.77,0.0,8.54
2026-08-30T17:12:00+00:00,53.68,19.58,35.49,0.0,8.32
2026-08-30T17:13:00+00:00,46.29,21.31,35.41,0.14,17.34
2026-08-30T17:14:00+00:00,34.77,11.57,34.71,0.0,8.5
2026-08-30T17:15:00+00:00,54.84,20.23,37.68,0.0,8.21
2026-08-30T17:16:00+00:00,44.55,16.26,40.45,0.0,15.45
2026-08-30T17:17:00+00:00,41.19,11.02,35.92,0.0,8.41
2026-08-30T17:18:00+00:00,43.71,14.79,35.68,0.0,8.28
2026-08-30T17:19:00+00:00,39.58,13.28,35.55,0.0,16.95
2026-08-30T17:20:00+00:00,52.08,16.0,36.1,0.0,8.67
2026-08-30T17:21:00+00:00,47.32,15.7,36.51,0.0,15.07
2026-08-30T17:22:00+00:00,52.02,16.38,33.36,0.0,8.59
2026-08-30T17:23:00+00:00,29.19,7.5,35.23,0.0,14.05
2026-08-30T17:24:00+00:00,52.76,21.17,37.62,0.0,8.58
2026-08-30T17:25:00+00:00,52.62,18.94,33.82,0.97,8.49
2026-08-30T17:26:00+00:00,53.3,22.01,35.25,0.0,8.3
2026-08-30T17:27:00+00:00,56.68,24.32,38.22,0.42,16.91
2026-08-30T17:28:00+00:00,41.58,11.62,36.11,0.0,8.62
2026-08-30T17:29:00+00:00,56.32,26.81,35.45,0.71,16.71
2026-08-30T17:30:00+00:00,44.87,16.13,36.84,0.68,8.38
2026-08-30T17:31:00+00:00,50.75,16.99,34.22,0.0,13.51
2026-08-30T17:32:00+00:00,48.48,18.44,34.73,0.0,14.38
2026-08-30T17:33:00+00:00,33.48,9.63,38.64,0.0,8.26
2026-08-30T17:34:00+00:00,55.18,23.44,35.69,0.0,14.01
2026-08-30T17:35:00+00:00,54.67,21.1,38.61,0.0,8.36
2026-08-30T17:36:00+00:00,54.0,19.65,35.91,0.0,15.39
2026-08-30T17:37:00+00:00,43.26,20.83,37.41,0.0,12.69
2026-08-30T17:38:00+00:00,54.1,18.93,36.33,0.0,8.48
2026-08-30T17:39:00+00:00,45.03,15.9,35.4,0.0,8.41
2026-08-30T17:40:00+00:00,49.19,16.72,37.56,0.0,8.28
2026-08-30T17:41:00+00:00,46.74,15.43,35.69,0.14,8.25
2026-08-30T17:42:00+00:00,51.28,17.32,37.73,0.26,8.41
2026-08-30T17:43:00+00:00,52.13,13.25,37.37,0.0,13.63
2026-08-30T17:44:00+00:00,57.03,22.88,37.97,0.63,15.01
2026-08-30T17:45:00+00:00,42.77,19.5,35.71,0.0,13.15
2026-08-30T17:46:00+00:00,38.87,18.39,37.05,0.0,8.62
2026-08-30T17:47:00+00:00,53.18,17.27,37.16,0.41,8.58
2026-08-30T17:48:00+00:00,54.21,22.66,38.97,0.0,8.59
2026-08-30T17:49:00+00:00,49.77,17.51,35.01,0.0,11.88
2026-08-30T17:50:00+00:00,51.24,21.84,40.31,0.27,8.42
2026-08-30T17:51:00+00:00,46.42,12.46,40.32,0.0,8.55
2026-08-30T17:52:00+00:00,50.88,20.59,36.28,0.0,12.84
2026-08-30T17:53:00+00:00,55.3,23.68,37.89,0.0,8.28
2026-08-30T17:54:00+00:00,44.68,19.42,40.87,0.0,11.85
2026-08-30T17:55:00+00:00,50.31,16.95,38.05,0.0,8.38
2026-08-30T17:56:00+00:00,50.04,18.93,37.17,0.0,8.45
2026-08-30T17:57:00+00:00,49.1,19.47,35.46,0.83,8.4
2026-08-30T17:58:00+00:00,46.23,20.32,39.02,0.18,8.7
2026-08-30T17:59:00+00:00,49.06,17.44,39.64,0.0,12.3
2026-08-30T18:00:00+00:00,46.84,18.92,37.66,0.0,8.42
2026-08-30T18:01:00+00:00,52.06,18.97,38.61,0.46,8.57
2026-08-30T18:02:00+00:00,51.45,18.14,38.03,0.0,13.56
2026-08-30T18:03:00+00:00,52.73,21.55,39.14,0.0,8.8
2026-08-30T18:04:00+00:00,50.25,21.59,39.0,0.17,12.6
2026-08-30T18:05:00+00:00,46.0,16.18,38.77,0.0,8.71
2026-08-30T18:06:00+00:00,50.26,19.38,38.62,0.0,12.57
2026-08-30T18:07:00+00:00,53.7,21.55,37.18,0.36,8.43
2026-08-30T18:08:00+00:00,51.73,15.01,36.19,0.0,11.88
2026-08-30T18:09:00+00:00,53.05,22.02,39.33,0.0,8.25
2026-08-30T18:10:00+00:00,44.1,15.05,36.77,0.0,8.66
2026-08-30T18:11:00+00:00,38.29,16.39,39.35,0.0,11.66
2026-08-30T18:12:00+00:00,50.49,16.76,40.22,0.38,11.27
2026-08-30T18:13:00+00:00,46.74,17.08,36.2,0.11,8.51
2026-08-30T18:14:00+00:00,36.26,13.49,39.45,0.0,11.83
2026-08-30T18:15:00+00:00,46.06,27.62,37.26,0.0,11.19
2026-08-30T18:16:00+00:00,52.46,22.77,37.18,0.54,8.2
2026-08-30T18:17:00+00:00,44.39,12.76,39.62,0.0,8.28
2026-08-30T18:18:00+00:00,47.0,14.87,37.87,0.38,11.23
2026-08-30T18:19:00+00:00,56.5,19.02,40.28,0.59,12.04
2026-08-30T18:20:00+00:00,40.23,15.63,41.59,0.0,11.64
2026-08-30T18:21:00+00:00,46.26,11.98,40.4,0.72,8.38
2026-08-30T18:22:00+00:00,44.06,10.81,37.39,0.0,8.65
2026-08-30T18:23:00+00:00,29.03,10.68,38.79,0.0,10.47
2026-08-30T18:24:00+00:00,50.13,16.48,41.48,0.0,10.65
2026-08-30T18:25:00+00:00,50.93,22.9,36.21,0.14,8.6
2026-08-30T18:26:00+00:00,52.08,17.75,36.8,0.12,8.54
2026-08-30T18:27:00+00:00,44.61,19.14,36.28,0.0,8.24
2026-08-30T18:28:00+00:00,51.18,18.97,39.55,0.0,10.86
2026-08-30T18:29:00+00:00,44.97,21.31,40.11,0.22,11.17
2026-08-30T18:30:00+00:00,51.17,18.78,38.91,0.0,8.76
2026-08-30T18:31:00+00:00,46.29,17.75,36.3,0.0,8.57
2026-08-30T18:32:00+00:00,42.94,16.03,41.15,0.43,8.67
2026-08-30T18:33:00+00:00,52.98,20.27,41.43,0.35,8.25
2026-08-30T18:34:00+00:00,51.55,17.87,44.39,0.0,8.42
2026-08-30T18:35:00+00:00,51.27,20.78,37.62,0.0,8.27
2026-08-30T18:36:00+00:00,39.48,14.25,40.55,0.0,9.9
2026-08-30T18:37:00+00:00,49.19,12.69,39.24,0.0,8.2
2026-08-30T18:38:00+00:00,36.9,12.76,38.18,0.12,10.02
2026-08-30T18:39:00+00:00,52.08,23.54,36.07,0.0,8.27
2026-08-30T18:40:00+00:00,51.09,20.02,38.31,0.0,10.17
2026-08-30T18:41:00+00:00,50.1,17.99,38.04,0.0,10.03
2026-08-30T18:42:00+00:00,52.71,19.21,39.49,0.0,8.2
2026-08-30T18:43:00+00:00,48.71,17.08,40.67,0.0,9.51
2026-08-30T18:44:00+00:00,47.77,17.24,40.18,0.0,8.55
2026-08-30T18:45:00+00:00,45.81,14.74,40.02,0.0,9.93
2026-08-30T18:46:00+00:00,51.07,21.27,39.83,0.0,8.29
2026-08-30T18:47:00+00:00,54.07,22.65,40.57,0.31,9.5
2026-08-30T18:48:00+00:00,51.64,23.93,44.26,0.12,8.58
2026-08-30T18:49:00+00:00,49.42,19.49,39.66,0.34,9.32
2026-08-30T18:50:00+00:00,52.86,19.79,39.95,0.0,8.26
2026-08-30T18:51:00+00:00,50.76,17.38,39.65,0.0,9.06
2026-08-30T18:52:00+00:00,33.52,10.3,40.08,0.52,8.47
2026-08-30T18:53:00+00:00,50.89,27.48,39.46,0.1,9.21
2026-08-30T18:54:00+00:00,39.39,15.38,37.97,0.0,9.25
2026-08-30T18:55:00+00:00,52.63,19.6,42.63,0.0,8.52
2026-08-30T18:56:00+00:00,42.61,16.13,36.93,0.0,9.25
2026-08-30T18:57:00+00:00,50.44,17.09,39.8,0.0,8.61
2026-08-30T18:58:00+00:00,43.71,13.02,40.36,0.0,9.07
2026-08-30T18:59:00+00:00,43.45,18.59,39.8,0.0,9.14
2026-08-30T19:00:00+00:00,54.52,21.1,40.78,0.0,8.25
2026-08-30T19:01:00+00:00,56.28,31.87,39.59,0.0,8.94
2026-08-30T19:02:00+00:00,50.1,16.01,40.37,0.42,8.46
2026-08-30T19:03:00+00:00,38.39,13.66,40.09,0.22,8.53
2026-08-30T19:04:00+00:00,51.79,16.69,41.55,0.0,8.18
2026-08-30T19:05:00+00:00,42.65,9.99,41.07,0.23,8.58
2026-08-30T19:06:00+00:00,54.55,26.44,40.87,0.0,8.57
2026-08-30T19:07:00+00:00,50.98,19.85,41.12,0.03,8.54
2026-08-30T19:08:00+00:00,54.62,17.86,40.82,0.36,8.75
2026-08-30T19:09:00+00:00,44.58,11.29,42.07,0.11,8.61
2026-08-30T19:10:00+00:00,51.44,17.3,42.16,0.0,8.66
2026-08-30T19:11:00+00:00,49.29,14.67,40.94,0.15,8.31
2026-08-30T19:12:00+00:00,35.94,13.16,43.49,0.65,8.31
2026-08-30T19:13:00+00:00,51.42,19.17,39.87,0.0,8.4
2026-08-30T19:14:00+00:00,51.05,18.21,39.67,0.38,8.8
2026-08-30T19:15:00+00:00,51.17,16.01,41.29,0.0,8.45
2026-08-30T19:16:00+00:00,46.45,16.87,40.7,0.0,8.21
2026-08-30T19:17:00+00:00,39.35,12.44,42.21,0.0,8.18
2026-08-30T19:18:00+00:00,33.42,9.15,39.61,0.0,8.25
2026-08-30T19:19:00+00:00,46.9,16.21,43.16,0.76,8.18
2026-08-30T19:20:00+00:00,49.74,18.51,40.84,0.0,8.2
2026-08-30T19:21:00+00:00,42.32,13.75,37.72,0.0,8.56
2026-08-30T19:22:00+00:00,34.13,9.92,38.44,0.0,8.23
2026-08-30T19:23:00+00:00,32.48,10.4,39.42,0.0,8.18
2026-08-30T19:24:00+00:00,48.71,17.28,39.76,0.0,8.18
2026-08-30T19:25:00+00:00,45.45,22.68,43.04,0.51,8.68
2026-08-30T19:26:00+00:00,41.48,13.61,44.08,0.0,8.18
2026-08-30T19:27:00+00:00,44.81,17.44,39.05,0.56,8.55
2026-08-30T19:28:00+00:00,40.35,22.86,42.1,0.0,8.18
2026-08-30T19:29:00+00:00,43.03,20.28,40.45,0.0,8.77
2026-08-30T19:30:00+00:00,47.45,15.62,39.51,0.51,8.22
2026-08-30T19:31:00+00:00,49.13,14.55,42.52,0.07,8.55
2026-08-30T19:32:00+00:00,44.45,20.74,42.53,0.0,8.18
2026-08-30T19:33:00+00:00,47.71,17.53,41.25,0.0,8.18
2026-08-30T19:34:00+00:00,36.97,16.89,41.65,0.41,8.55
2026-08-30T19:35:00+00:00,53.35,21.46,40.72,0.0,8.18
2026-08-30T19:36:00+00:00,50.36,16.39,37.61,0.51,8.62
2026-08-30T19:37:00+00:00,39.77,15.82,39.76,0.72,8.18
2026-08-30T19:38:00+00:00,54.79,30.77,38.42,0.0,8.63
2026-08-30T19:39:00+00:00,49.81,18.73,41.74,0.83,8.38
2026-08-30T19:40:00+00:00,41.26,13.23,40.9,0.0,8.18
2026-08-30T19:41:00+00:00,46.81,19.24,40.64,0.0,8.42
2026-08-30T19:42:00+00:00,50.76,19.57,40.91,0.0,8.18
2026-08-30T19:43:00+00:00,54.52,15.78,41.51,0.0,8.75
2026-08-30T19:44:00+00:00,51.77,17.98,41.51,0.18,8.59
2026-08-30T19:45:00+00:00,50.68,15.93,42.07,0.0,8.6
2026-08-30T19:46:00+00:00,43.26,15.68,40.7,0.0,8.37
2026-08-30T19:47:00+00:00,40.94,13.51,43.4,0.0,8.18
2026-08-30T19:48:00+00:00,50.94,16.37,40.54,0.0,8.18
2026-08-30T19:49:00+00:00,49.65,14.74,40.88,0.0,8.57
2026-08-30T19:50:00+00:00,31.65,12.5,39.87,0.0,8.44
2026-08-30T19:51:00+00:00,53.85,17.09,41.07,0.21,8.18
2026-08-30T19:52:00+00:00,55.33,21.07,42.0,0.0,8.18
2026-08-30T19:53:00+00:00,39.81,12.05,39.77,0.0,8.18
2026-08-30T19:54:00+00:00,55.8,20.95,39.85,0.38,8.57
2026-08-30T19:55:00+00:00,41.39,12.25,42.56,0.0,8.38
2026-08-30T19:56:00+00:00,48.16,17.0,40.18,0.16,8.51
2026-08-30T19:57:00+00:00,44.45,16.58,40.63,0.0,8.8
2026-08-30T19:58:00+00:00,49.81,20.7,42.23,0.18,8.18
2026-08-30T19:59:00+00:00,41.9,11.12,39.04,0.0,8.18
2026-08-30T20:00:00+00:00,52.36,20.75,42.25,0.21,8.53
2026-08-30T20:01:00+00:00,39.81,16.62,37.77,0.0,8.28
2026-08-30T20:02:00+00:00,46.29,17.25,38.89,0.0,8.18
2026-08-30T20:03:00+00:00,32.55,12.92,42.77,0.0,8.47
2026-08-30T20:04:00+00:00,44.68,12.86,40.73,0.29,8.18
2026-08-30T20:05:00+00:00,50.68,17.11,36.8,0.24,8.18
2026-08-30T20:06:00+00:00,53.57,25.64,41.55,0.0,8.66
2026-08-30T20:07:00+00:00,42.68,14.38,44.36,0.05,8.18
2026-08-30T20:08:00+00:00,56.38,24.27,41.38,0.0,8.23
2026-08-30T20:09:00+00:00,53.27,20.99,40.22,1.0,8.55
2026-08-30T20:10:00+00:00,50.64,14.55,40.03,0.0,8.18
2026-08-30T20:11:00+00:00,55.98,23.98,40.5,0.38,8.18
2026-08-30T20:12:00+00:00,42.35,15.52,41.03,0.0,8.19
2026-08-30T20:13:00+00:00,51.63,19.33,40.26,0.33,8.18
2026-08-30T20:14:00+00:00,53.76,16.86,42.33,0.79,8.18
2026-08-30T20:15:00+00:00,50.26,18.67,40.0,0.0,8.23
2026-08-30T20:16:00+00:00,33.9,12.49,40.03,0.0,8.39
2026-08-30T20:17:00+00:00,49.84,16.31,40.59,0.48,8.18
2026-08-30T20:18:00+00:00,48.39,16.13,42.46,0.0,8.18
2026-08-30T20:19:00+00:00,51.02,17.85,40.08,0.0,8.21
2026-08-30T20:20:00+00:00,48.32,15.65,42.43,0.0,8.18
2026-08-30T20:21:00+00:00,43.65,18.72,41.91,0.0,8.18
2026-08-30T20:22:00+00:00,41.42,12.78,42.47,0.0,8.57
2026-08-30T20:23:00+00:00,49.16,15.92,41.07,0.0,8.18
2026-08-30T20:24:00+00:00,56.35,23.41,41.18,0.0,8.42
2026-08-30T20:25:00+00:00,44.35,15.64,42.15,0.0,8.18
2026-08-30T20:26:00+00:00,44.48,10.92,38.42,0.0,8.32
2026-08-30T20:27:00+00:00,50.53,18.76,44.51,0.0,8.47
2026-08-30T20:28:00+00:00,46.29,18.66,43.7,0.31,8.52
2026-08-30T20:29:00+00:00,48.45,20.75,41.78,0.0,8.18
2026-08-30T20:30:00+00:00,45.97,15.26,39.34,0.0,8.18
2026-08-30T20:31:00+00:00,42.42,11.67,40.1,0.0,8.55
2026-08-30T20:32:00+00:00,55.01,19.16,37.58,0.62,8.6
2026-08-30T20:33:00+00:00,47.32,14.86,43.26,0.0,8.25
2026-08-30T20:34:00+00:00,42.58,12.32,39.68,0.0,8.7
2026-08-30T20:35:00+00:00,50.99,19.87,39.19,0.0,8.74
2026-08-30T20:36:00+00:00,56.63,23.52,40.18,0.0,8.18
2026-08-30T20:37:00+00:00,39.39,13.19,38.08,0.42,8.6
2026-08-30T20:38:00+00:00,44.94,12.35,42.07,0.0,8.45
2026-08-30T20:39:00+00:00,43.45,18.68,44.24,0.0,8.33
2026-08-30T20:40:00+00:00,48.61,15.45,42.18,0.0,8.18
2026-08-30T20:41:00+00:00,46.03,16.55,41.67,0.0,8.55
2026-08-30T20:42:00+00:00,46.81,15.97,43.83,0.4,8.18
2026-08-30T20:43:00+00:00,43.39,15.4,39.27,0.47,8.18
2026-08-30T20:44:00+00:00,43.48,15.63,40.95,0.0,8.61
2026-08-30T20:45:00+00:00,59.21,28.0,39.38,0.0,8.5
2026-08-30T20:46:00+00:00,51.58,23.24,42.61,0.0,8.56
2026-08-30T20:47:00+00:00,48.1,15.96,40.28,0.0,8.47
2026-08-30T20:48:00+00:00,37.06,12.09,41.28,0.0,8.18
2026-08-30T20:49:00+00:00,48.48,14.15,43.32,0.0,8.18
2026-08-30T20:50:00+00:00,37.52,13.08,43.1,0.0,8.7
2026-08-30T20:51:00+00:00,35.58,9.69,41.16,0.0,8.28
2026-08-30T20:52:00+00:00,52.91,23.01,39.89,0.01,8.18
2026-08-30T20:53:00+00:00,53.25,18.97,38.73,0.19,8.18
2026-08-30T20:54:00+00:00,36.9,17.72,41.53,0.0,8.4
2026-08-30T20:55:00+00:00,49.13,20.15,41.7,0.0,8.18
2026-08-30T20:56:00+00:00,31.58,17.69,38.95,0.0,8.3
2026-08-30T20:57:00+00:00,51.02,18.63,42.15,0.49,8.18
2026-08-30T20:58:00+00:00,46.45,11.44,41.02,0.0,8.18
2026-08-30T20:59:00+00:00,47.87,12.62,37.95,0.0,8.18
2026-08-30T21:00:00+00:00,43.26,16.03,39.5,0.22,8.32
2026-08-30T21:01:00+00:00,39.81,9.55,40.79,0.0,8.7
2026-08-30T21:02:00+00:00,50.06,13.95,41.24,0.0,8.18
2026-08-30T21:03:00+00:00,40.06,17.05,40.46,0.33,8.18
2026-08-30T21:04:00+00:00,29.1,11.44,40.03,0.0,8.18
2026-08-30T21:05:00+00:00,41.13,11.54,41.64,0.0,8.23
2026-08-30T21:06:00+00:00,42.13,13.28,39.44,0.0,8.18
2026-08-30T21:07:00+00:00,45.26,16.18,37.64,0.0,8.18
2026-08-30T21:08:00+00:00,45.52,19.1,39.55,0.64,8.77
2026-08-30T21:09:00+00:00,43.45,13.12,38.88,0.0,8.18
2026-08-30T21:10:00+00:00,45.0,18.01,38.87,0.0,8.57
2026-08-30T21:11:00+00:00,55.41,22.81,37.27,0.0,8.24
2026-08-30T21:12:00+00:00,46.68,18.66,40.08,0.0,8.18
2026-08-30T21:13:00+00:00,46.97,18.68,42.48,0.56,8.42
2026-08-30T21:14:00+00:00,47.61,21.59,39.27,0.0,8.18
2026-08-30T21:15:00+00:00,49.81,15.8,36.36,0.0,8.8
2026-08-30T21:16:00+00:00,28.48,12.86,38.97,0.0,8.18
2026-08-30T21:17:00+00:00,51.79,18.59,38.36,0.0,8.37
2026-08-30T21:18:00+00:00,46.68,12.36,40.83,0.0,8.45
2026-08-30T21:19:00+00:00,46.32,16.15,41.49,0.0,8.4
2026-08-30T21:20:00+00:00,38.77,9.65,39.38,0.0,8.18
2026-08-30T21:21:00+00:00,54.55,20.04,41.39,0.0,8.36
2026-08-30T21:22:00+00:00,44.58,12.0,40.87,0.0,8.71
2026-08-30T21:23:00+00:00,50.51,17.49,39.03,0.6,8.5
2026-08-30T21:24:00+00:00,42.77,16.13,37.71,0.0,8.39
2026-08-30T21:25:00+00:00,53.88,22.61,38.57,0.0,8.18
2026-08-30T21:26:00+00:00,48.03,13.61,38.91,0.0,8.18
2026-08-30T21:27:00+00:00,51.88,24.11,40.62,0.39,8.51
2026-08-30T21:28:00+00:00,50.64,20.62,38.64,0.0,8.32
2026-08-30T21:29:00+00:00,54.07,29.85,36.74,0.07,8.18
2026-08-30T21:30:00+00:00,34.71,11.51,39.76,0.0,8.18
2026-08-30T21:31:00+00:00,36.97,9.44,36.31,0.0,8.49
2026-08-30T21:32:00+00:00,52.37,18.83,36.71,0.0,8.51
2026-08-30T21:33:00+00:00,53.75,22.14,41.95,0.0,8.18
2026-08-30T21:34:00+00:00,53.7,17.83,39.15,0.05,8.18
2026-08-30T21:35:00+00:00,52.72,18.74,40.69,0.96,8.4
2026-08-30T21:36:00+00:00,42.87,14.17,37.67,0.0,8.18
2026-08-30T21:37:00+00:00,45.26,15.19,40.16,0.56,8.48
2026-08-30T21:38:00+00:00,49.48,21.62,38.61,0.0,8.4
2026-08-30T21:39:00+00:00,50.76,18.67,42.81,0.0,8.18
2026-08-30T21:40:00+00:00,44.94,13.84,39.15,0.37,8.66
2026-08-30T21:41:00+00:00,51.34,18.93,40.5,0.0,8.18
2026-08-30T21:42:00+00:00,48.42,14.73,39.72,0.18,8.18
2026-08-30T21:43:00+00:00,36.1,8.47,38.33,0.57,8.18
2026-08-30T21:44:00+00:00,56.8,20.87,36.29,0.0,8.18
2026-08-30T21:45:00+00:00,50.58,20.41,35.67,0.0,8.6
2026-08-30T21:46:00+00:00,50.49,16.98,40.99,0.0,8.18
2026-08-30T21:47:00+00:00,44.13,17.0,36.28,0.0,8.18
2026-08-30T21:48:00+00:00,39.77,14.01,39.65,0.16,8.46
2026-08-30T21:49:00+00:00,50.38,14.96,37.4,0.0,8.18
2026-08-30T21:50:00+00:00,39.9,13.22,37.85,0.0,8.2
2026-08-30T21:51:00+00:00,51.65,17.17,38.29,0.0,8.31
2026-08-30T21:52:00+00:00,44.42,15.67,37.95,0.0,8.18
2026-08-30T21:53:00+00:00,51.33,23.67,38.3,0.5,8.46
2026-08-30T21:54:00+00:00,44.32,13.8,37.94,0.0,8.37
2026-08-30T21:55:00+00:00,39.19,18.3,42.02,0.47,8.59
2026-08-30T21:56:00+00:00,29.84,7.5,38.26,0.11,8.42
2026-08-30T21:57:00+00:00,50.06,18.37,39.84,0.0,8.74
2026-08-30T21:58:00+00:00,51.73,19.57,37.91,0.0,8.18
2026-08-30T21:59:00+00:00,50.96,13.01,38.14,0.0,8.45
2026-08-30T22:00:00+00:00,43.68,13.47,36.28,0.0,8.18
2026-08-30T22:01:00+00:00,51.12,15.31,34.52,0.38,8.18
2026-08-30T22:02:00+00:00,40.71,13.14,40.37,0.0,8.79
2026-08-30T22:03:00+00:00,46.77,18.02,36.02,0.0,8.23
2026-08-30T22:04:00+00:00,52.71,20.72,34.43,0.0,8.18
2026-08-30T22:05:00+00:00,51.04,19.31,37.17,0.0,8.74
2026-08-30T22:06:00+00:00,51.87,16.85,38.22,0.66,8.53
2026-08-30T22:07:00+00:00,54.42,18.0,39.06,0.0,8.3
2026-08-30T22:08:00+00:00,46.39,24.27,35.89,0.14,8.74
2026-08-30T22:09:00+00:00,46.52,14.91,36.13,0.0,8.18
2026-08-30T22:10:00+00:00,43.1,17.2,37.93,0.0,8.61
2026-08-30T22:11:00+00:00,30.94,12.19,36.18,0.0,8.18
2026-08-30T22:12:00+00:00,48.03,18.74,35.4,0.0,8.79
2026-08-30T22:13:00+00:00,53.1,16.69,37.66,0.0,8.41
2026-08-30T22:14:00+00:00,46.23,14.01,37.41,0.0,8.59
2026-08-30T22:15:00+00:00,48.48,16.45,37.26,0.0,8.18
2026-08-30T22:16:00+00:00,50.23,16.01,37.84,0.0,8.18
2026-08-30T22:17:00+00:00,48.77,19.62,34.13,0.14,8.18
2026-08-30T22:18:00+00:00,52.66,23.87,37.86,0.0,8.6
2026-08-30T22:19:00+00:00,52.13,17.46,38.79,0.0,8.18
2026-08-30T22:20:00+00:00,51.57,26.62,33.72,0.0,8.24
2026-08-30T22:21:00+00:00,31.9,7.92,36.18,0.0,8.68
2026-08-30T22:22:00+00:00,46.39,17.14,35.92,0.2,8.7
2026-08-30T22:23:00+00:00,36.65,13.01,36.03,0.0,8.18
2026-08-30T22:24:00+00:00,46.06,20.36,36.69,0.21,8.37
2026-08-30T22:25:00+00:00,45.9,19.53,40.87,0.0,8.66
2026-08-30T22:26:00+00:00,49.32,18.44,37.27,0.0,8.21
2026-08-30T22:27:00+00:00,42.74,9.76,35.02,0.0,8.6
2026-08-30T22:28:00+00:00,50.2,21.17,35.45,101.21,8.33
2026-08-30T22:29:00+00:00,48.81,14.18,35.37,102.52,8.55
2026-08-30T22:30:00+00:00,40.55,15.73,37.46,102.26,8.27
2026-08-30T22:31:00+00:00,43.87,14.78,35.53,102.37,8.67
2026-08-30T22:32:00+00:00,50.25,15.83,33.91,101.56,8.21
2026-08-30T22:33:00+00:00,48.35,17.1,36.24,104.52,8.56
2026-08-30T22:34:00+00:00,46.45,15.08,38.73,100.87,8.3
2026-08-30T22:35:00+00:00,49.58,21.44,38.89,101.51,8.18
2026-08-30T22:36:00+00:00,50.41,17.01,34.55,98.47,8.25
2026-08-30T22:37:00+00:00,51.09,18.01,39.32,103.47,8.18
2026-08-30T22:38:00+00:00,49.45,14.93,35.32,103.85,8.22
2026-08-30T22:39:00+00:00,44.65,16.95,35.68,100.67,8.67
2026-08-30T22:40:00+00:00,46.42,15.57,35.82,102.13,8.74
2026-08-30T22:41:00+00:00,48.74,19.76,35.97,96.7,8.18
2026-08-30T22:42:00+00:00,51.88,19.52,37.3,0.0,8.18
2026-08-30T22:43:00+00:00,45.84,14.75,32.69,0.0,8.27
2026-08-30T22:44:00+00:00,50.28,16.73,36.38,0.6,8.71
2026-08-30T22:45:00+00:00,53.45,21.42,35.12,0.0,8.18
2026-08-30T22:46:00+00:00,42.23,21.05,32.45,0.0,8.18
2026-08-30T22:47:00+00:00,42.06,15.0,36.87,0.19,8.37
2026-08-30T22:48:00+00:00,40.97,17.41,33.48,0.0,8.34
2026-08-30T22:49:00+00:00,51.18,20.05,34.96,0.55,8.18
2026-08-30T22:50:00+00:00,52.51,21.0,36.24,0.0,8.38
2026-08-30T22:51:00+00:00,46.87,16.99,35.06,0.0,8.18
2026-08-30T22:52:00+00:00,48.81,14.68,33.51,0.0,8.47
2026-08-30T22:53:00+00:00,57.64,20.4,33.91,0.0,8.18
2026-08-30T22:54:00+00:00,56.75,23.9,36.45,0.0,8.43
2026-08-30T22:55:00+00:00,49.77,16.87,35.32,0.53,8.45
2026-08-30T22:56:00+00:00,48.48,15.69,37.46,0.0,8.26
2026-08-30T22:57:00+00:00,51.94,19.79,38.44,0.0,8.51
2026-08-30T22:58:00+00:00,47.97,14.09,35.93,0.0,8.48
2026-08-30T22:59:00+00:00,53.47,21.61,36.96,0.0,8.77
2026-08-30T23:00:00+00:00,54.9,19.29,36.9,0.0,8.5
2026-08-30T23:01:00+00:00,34.1,12.88,37.92,0.05,8.18
2026-08-30T23:02:00+00:00,38.13,14.56,37.86,0.33,8.55
2026-08-30T23:03:00+00:00,45.29,16.92,34.02,0.0,8.6
2026-08-30T23:04:00+00:00,50.88,11.84,34.53,0.0,8.18
2026-08-30T23:05:00+00:00,42.48,12.45,36.11,0.0,8.56
2026-08-30T23:06:00+00:00,55.81,20.32,35.94,0.0,8.53
2026-08-30T23:07:00+00:00,39.61,16.67,33.38,0.0,8.18
2026-08-30T23:08:00+00:00,34.23,9.92,34.98,0.12,8.35
2026-08-30T23:09:00+00:00,49.1,17.75,33.86,0.0,8.79
2026-08-30T23:10:00+00:00,43.71,14.62,35.92,0.0,8.7
2026-08-30T23:11:00+00:00,51.4,18.07,34.87,0.0,8.47
2026-08-30T23:12:00+00:00,51.75,22.55,35.36,0.0,8.73
2026-08-30T23:13:00+00:00,45.84,20.28,35.25,0.0,8.39
2026-08-30T23:14:00+00:00,54.69,21.6,29.81,0.38,8.18
2026-08-30T23:15:00+00:00,53.75,18.66,33.44,0.07,8.53
2026-08-30T23:16:00+00:00,44.0,15.42,36.89,0.0,8.73
2026-08-30T23:17:00+00:00,41.45,14.19,38.33,0.0,8.18
2026-08-30T23:18:00+00:00,41.9,14.86,31.59,0.0,8.53
2026-08-30T23:19:00+00:00,52.22,21.47,35.01,0.0,8.21
2026-08-30T23:20:00+00:00,33.81,14.66,35.39,0.13,8.71
2026-08-30T23:21:00+00:00,52.92,15.86,35.69,0.0,8.77
2026-08-30T23:22:00+00:00,50.85,17.83,36.87,0.0,8.39
2026-08-30T23:23:00+00:00,49.68,15.43,36.2,0.0,8.6
2026-08-30T23:24:00+00:00,55.88,23.25,36.26,0.0,8.18
2026-08-30T23:25:00+00:00,51.79,14.12,35.7,0.0,8.66
2026-08-30T23:26:00+00:00,47.16,18.73,36.88,0.0,8.58
2026-08-30T23:27:00+00:00,36.26,15.69,34.04,0.0,8.2
2026-08-30T23:28:00+00:00,40.84,15.05,38.17,0.0,8.39
2026-08-30T23:29:00+00:00,50.89,17.13,34.89,0.0,8.4
2026-08-30T23:30:00+00:00,53.37,23.91,35.51,0.0,8.48
2026-08-30T23:31:00+00:00,46.32,15.06,32.59,0.19,8.29
2026-08-30T23:32:00+00:00,52.08,22.79,37.13,0.02,8.48
2026-08-30T23:33:00+00:00,50.61,15.01,34.37,0.16,8.18
2026-08-30T23:34:00+00:00,49.55,15.62,34.26,0.0,8.6
2026-08-30T23:35:00+00:00,50.31,17.45,34.51,0.12,8.79
2026-08-30T23:36:00+00:00,50.2,15.18,33.63,0.0,8.3
2026-08-30T23:37:00+00:00,49.61,23.62,32.08,0.0,8.18
2026-08-30T23:38:00+00:00,47.58,18.26,37.33,0.08,8.56
2026-08-30T23:39:00+00:00,55.11,23.19,33.21,0.0,8.43
2026-08-30T23:40:00+00:00,54.1,18.24,33.5,0.0,8.18
2026-08-30T23:41:00+00:00,59.56,26.01,35.51,0.0,8.43
2026-08-30T23:42:00+00:00,53.3,22.21,33.81,0.0,8.76
2026-08-30T23:43:00+00:00,52.11,22.49,32.67,0.0,8.18
2026-08-30T23:44:00+00:00,40.29,14.87,33.45,0.0,8.77
2026-08-30T23:45:00+00:00,27.48,12.55,36.09,0.35,8.18
2026-08-30T23:46:00+00:00,46.58,13.23,34.54,0.0,8.18
2026-08-30T23:47:00+00:00,47.81,20.28,31.86,0.0,8.18
2026-08-30T23:48:00+00:00,44.58,15.2,33.38,0.27,8.73
2026-08-30T23:49:00+00:00,52.84,20.8,36.21,0.0,8.19
2026-08-30T23:50:00+00:00,47.84,17.97,32.73,0.0,8.6
2026-08-30T23:51:00+00:00,51.44,24.52,30.61,0.0,8.31
2026-08-30T23:52:00+00:00,48.52,17.37,35.1,0.0,8.18
2026-08-30T23:53:00+00:00,52.37,19.65,37.96,0.0,8.52
2026-08-30T23:54:00+00:00,49.9,17.29,31.97,0.0,8.68
2026-08-30T23:55:00+00:00,46.9,17.49,35.73,0.0,8.79
2026-08-30T23:56:00+00:00,43.19,15.79,35.19,0.22,8.18
2026-08-30T23:57:00+00:00,45.26,18.25,34.87,0.0,8.76
2026-08-30T23:58:00+00:00,35.9,9.59,34.8,0.0,8.47
2026-08-30T23:59:00+00:00,48.0,13.64,37.46,0.28,8.18
2026-08-31T00:00:00+00:00,57.64,24.69,31.93,0.0,8.18
2026-08-31T00:01:00+00:00,27.52,9.34,31.94,0.0,8.18
2026-08-31T00:02:00+00:00,34.35,11.72,32.74,0.0,8.21
2026-08-31T00:03:00+00:00,45.1,14.68,31.74,0.04,8.71
2026-08-31T00:04:00+00:00,59.66,29.12,32.24,0.0,8.54
2026-08-31T00:05:00+00:00,25.81,9.35,33.26,0.0,8.18
2026-08-31T00:06:00+00:00,56.25,20.1,34.04,0.4,8.77
2026-08-31T00:07:00+00:00,52.19,17.73,31.46,0.5,8.65
2026-08-31T00:08:00+00:00,25.81,8.8,34.52,0.0,8.38
2026-08-31T00:09:00+00:00,64.1,31.21,34.81,0.21,8.55
2026-08-31T00:10:00+00:00,25.81,12.67,34.07,0.28,8.18
2026-08-31T00:11:00+00:00,50.6,14.31,32.83,0.36,8.78
2026-08-31T00:12:00+00:00,58.33,24.68,32.16,0.0,8.18
2026-08-31T00:13:00+00:00,32.19,8.05,32.94,0.0,8.74
2026-08-31T00:14:00+00:00,52.57,19.24,36.17,0.0,8.18
2026-08-31T00:15:00+00:00,40.65,18.24,34.53,0.0,8.18
2026-08-31T00:16:00+00:00,50.63,20.76,32.31,0.0,8.18
2026-08-31T00:17:00+00:00,26.23,9.65,33.07,0.0,8.28
2026-08-31T00:18:00+00:00,32.81,13.83,30.87,0.36,8.22
2026-08-31T00:19:00+00:00,39.42,12.83,37.84,0.0,8.4
2026-08-31T00:20:00+00:00,49.71,19.73,34.0,0.0,8.26
2026-08-31T00:21:00+00:00,60.34,24.04,34.47,0.0,8.18
2026-08-31T00:22:00+00:00,55.5,19.63,32.91,0.0,8.68
2026-08-31T00:23:00+00:00,40.1,12.12,34.66,0.0,8.66
2026-08-31T00:24:00+00:00,51.45,20.45,34.84,0.0,8.57
2026-08-31T00:25:00+00:00,50.44,17.4,32.61,0.0,8.18
2026-08-31T00:26:00+00:00,64.16,30.01,33.59,0.0,8.62
2026-08-31T00:27:00+00:00,25.81,9.78,35.68,0.47,8.18
2026-08-31T00:28:00+00:00,25.81,7.5,34.57,0.0,8.52
2026-08-31T00:29:00+00:00,40.26,11.18,36.49,0.0,8.5
2026-08-31T00:30:00+00:00,65.03,37.63,30.38,0.03,8.18
2026-08-31T00:31:00+00:00,25.81,9.96,33.03,0.0,8.53
2026-08-31T00:32:00+00:00,51.09,20.91,32.91,0.41,8.18
2026-08-31T00:33:00+00:00,50.46,18.35,33.04,0.61,8.18
2026-08-31T00:34:00+00:00,25.81,10.24,31.81,0.0,8.38
2026-08-31T00:35:00+00:00,31.1,15.97,34.79,0.0,8.28
2026-08-31T00:36:00+00:00,54.84,30.1,32.64,0.0,8.41
2026-08-31T00:37:00+00:00,62.13,32.56,36.1,0.0,8.3
2026-08-31T00:38:00+00:00,65.03,29.4,35.93,0.54,8.18
2026-08-31T00:39:00+00:00,51.7,20.77,30.79,0.0,8.2
2026-08-31T00:40:00+00:00,55.94,23.27,34.49,0.0,8.21
2026-08-31T00:41:00+00:00,51.53,18.69,34.19,0.0,8.18
2026-08-31T00:42:00+00:00,53.06,21.86,32.78,0.03,8.18
2026-08-31T00:43:00+00:00,27.48,8.04,35.75,0.0,8.6
2026-08-31T00:44:00+00:00,25.81,11.91,32.54,0.21,8.23
2026-08-31T00:45:00+00:00,46.42,16.78,32.16,0.0,8.18
2026-08-31T00:46:00+00:00,41.13,15.1,33.02,0.3,8.3
2026-08-31T00:47:00+00:00,51.47,20.42,33.62,0.0,8.74
2026-08-31T00:48:00+00:00,54.67,24.8,35.39,0.0,8.18
2026-08-31T00:49:00+00:00,57.13,23.1,32.08,0.0,8.44
2026-08-31T00:50:00+00:00,34.48,15.05,30.78,0.49,8.3
2026-08-31T00:51:00+00:00,43.19,19.38,31.27,0.0,8.74
2026-08-31T00:52:00+00:00,44.52,15.61,32.19,0.0,8.18
2026-08-31T00:53:00+00:00,50.46,18.02,36.6,0.0,8.31
2026-08-31T00:54:00+00:00,42.32,10.82,33.94,0.0,8.18
2026-08-31T00:55:00+00:00,25.81,7.72,30.4,0.0,8.6
2026-08-31T00:56:00+00:00,67.71,29.22,34.45,0.0,8.8
2026-08-31T00:57:00+00:00,25.81,7.5,33.21,0.0,8.65
2026-08-31T00:58:00+00:00,44.71,18.38,31.19,0.5,8.5
2026-08-31T00:59:00+00:00,25.81,15.33,31.63,0.56,8.22
2026-08-31T01:00:00+00:00,55.55,19.91,32.56,0.04,8.65
2026-08-31T01:01:00+00:00,50.39,16.93,31.98,0.0,8.18
2026-08-31T01:02:00+00:00,54.21,22.74,34.16,0.0,8.7
2026-08-31T01:03:00+00:00,50.93,16.13,30.98,0.0,8.18
2026-08-31T01:04:00+00:00,50.19,16.33,32.29,0.58,8.47
2026-08-31T01:05:00+00:00,54.79,21.66,34.1,0.31,8.18
2026-08-31T01:06:00+00:00,53.38,19.1,33.84,0.0,8.6
2026-08-31T01:07:00+00:00,56.19,23.12,33.78,0.0,8.35
2026-08-31T01:08:00+00:00,32.65,10.35,29.99,0.0,8.68
2026-08-31T01:09:00+00:00,58.72,22.09,29.55,0.0,8.18
2026-08-31T01:10:00+00:00,51.72,20.41,34.35,0.0,8.38
2026-08-31T01:11:00+00:00,33.74,9.65,33.56,0.18,8.18
2026-08-31T01:12:00+00:00,36.45,12.25,32.42,0.59,8.38
2026-08-31T01:13:00+00:00,35.39,14.07,32.17,0.0,8.76
2026-08-31T01:14:00+00:00,42.32,13.22,31.08,0.0,8.25
2026-08-31T01:15:00+00:00,25.81,10.89,33.35,0.0,8.5
2026-08-31T01:16:00+00:00,25.81,9.17,32.44,0.0,8.53
2026-08-31T01:17:00+00:00,59.79,27.9,33.05,0.16,8.18
2026-08-31T01:18:00+00:00,32.48,7.66,29.81,0.31,8.18
2026-08-31T01:19:00+00:00,49.29,21.22,31.22,0.0,8.18
2026-08-31T01:20:00+00:00,56.62,21.63,34.74,0.0,8.18
2026-08-31T01:21:00+00:00,37.1,13.34,31.17,0.0,8.6
2026-08-31T01:22:00+00:00,25.81,11.1,32.43,0.0,8.18
2026-08-31T01:23:00+00:00,53.43,18.09,34.55,0.0,8.38
2026-08-31T01:24:00+00:00,31.29,12.2,32.32,0.59,8.6
2026-08-31T01:25:00+00:00,51.69,18.78,32.1,0.35,8.25
2026-08-31T01:26:00+00:00,43.84,14.11,29.92,0.0,8.18
2026-08-31T01:27:00+00:00,57.42,28.11,30.41,0.34,8.18
2026-08-31T01:28:00+00:00,25.84,9.09,33.7,0.0,8.2
2026-08-31T01:29:00+00:00,51.69,19.78,29.81,0.0,8.18
2026-08-31T01:30:00+00:00,52.81,18.11,29.26,0.0,8.18
2026-08-31T01:31:00+00:00,25.81,8.6,33.83,0.41,8.7
2026-08-31T01:32:00+00:00,50.11,17.56,30.36,0.78,8.49
2026-08-31T01:33:00+00:00,54.95,23.36,31.34,0.0,8.18
2026-08-31T01:34:00+00:00,50.8,16.72,33.84,0.11,8.18
2026-08-31T01:35:00+00:00,58.1,23.37,33.2,0.38,8.18
2026-08-31T01:36:00+00:00,26.19,10.76,34.24,0.0,8.43
2026-08-31T01:37:00+00:00,57.77,23.24,35.76,0.54,8.2
2026-08-31T01:38:00+00:00,26.87,12.14,34.36,0.0,8.18
2026-08-31T01:39:00+00:00,44.48,19.98,32.66,0.0,8.18
2026-08-31T01:40:00+00:00,25.81,13.83,31.51,0.07,8.68
2026-08-31T01:41:00+00:00,49.61,20.52,32.59,0.03,8.78
2026-08-31T01:42:00+00:00,43.87,11.2,32.06,0.0,8.25
2026-08-31T01:43:00+00:00,37.29,11.64,32.67,0.01,8.57
2026-08-31T01:44:00+00:00,51.85,17.34,32.53,0.0,8.48
2026-08-31T01:45:00+00:00,39.52,12.49,35.04,0.0,8.46
2026-08-31T01:46:00+00:00,50.86,16.64,32.93,0.26,8.18
2026-08-31T01:47:00+00:00,44.97,14.77,34.68,0.0,8.4
2026-08-31T01:48:00+00:00,52.41,22.54,34.51,0.14,8.21
2026-08-31T01:49:00+00:00,55.64,24.9,34.3,0.77,8.18
2026-08-31T01:50:00+00:00,47.42,13.83,29.65,0.01,8.18
2026-08-31T01:51:00+00:00,50.98,17.23,34.01,0.0,8.18
2026-08-31T01:52:00+00:00,58.2,26.35,32.63,0.0,8.58
2026-08-31T01:53:00+00:00,59.96,32.64,38.2,0.0,8.48
2026-08-31T01:54:00+00:00,41.03,14.6,34.22,0.72,8.58
2026-08-31T01:55:00+00:00,62.79,25.98,34.13,0.0,8.18
2026-08-31T01:56:00+00:00,36.19,12.95,35.31,0.0,8.18
2026-08-31T01:57:00+00:00,46.55,13.18,33.98,0.0,8.37
2026-08-31T01:58:00+00:00,62.47,28.14,32.79,0.0,8.18
2026-08-31T01:59:00+00:00,52.12,20.37,33.15,0.0,8.18
2026-08-31T02:00:00+00:00,51.92,17.98,30.27,0.0,8.18
2026-08-31T02:01:00+00:00,53.3,19.8,37.42,0.14,8.69
2026-08-31T02:02:00+00:00,39.29,15.76,31.61,0.34,8.23
2026-08-31T02:03:00+00:00,40.06,20.14,32.91,0.0,8.38
2026-08-31T02:04:00+00:00,47.42,20.56,36.57,0.38,8.18
2026-08-31T02:05:00+00:00,25.81,7.5,32.04,0.0,8.18
2026-08-31T02:06:00+00:00,51.87,18.33,33.74,0.0,8.18
2026-08-31T02:07:00+00:00,51.44,20.88,32.81,0.0,8.18
2026-08-31T02:08:00+00:00,50.19,16.26,36.18,0.0,8.18
2026-08-31T02:09:00+00:00,49.97,19.6,33.03,0.0,8.51
2026-08-31T02:10:00+00:00,49.23,17.74,29.57,0.0,8.18
2026-08-31T02:11:00+00:00,53.8,16.4,31.45,0.21,8.18
2026-08-31T02:12:00+00:00,25.81,9.35,33.45,0.0,8.18
2026-08-31T02:13:00+00:00,57.47,25.75,33.18,0.12,8.64
2026-08-31T02:14:00+00:00,54.69,22.19,35.4,0.0,8.25
2026-08-31T02:15:00+00:00,55.15,23.23,30.1,0.0,8.18
2026-08-31T02:16:00+00:00,39.68,16.9,33.45,0.0,8.58
2026-08-31T02:17:00+00:00,47.58,21.35,30.25,0.0,8.18
2026-08-31T02:18:00+00:00,60.53,24.5,32.46,0.0,8.7
2026-08-31T02:19:00+00:00,55.98,20.51,36.46,0.0,8.24
2026-08-31T02:20:00+00:00,38.45,13.31,31.07,0.0,8.18
2026-08-31T02:21:00+00:00,40.19,13.28,34.72,0.58,8.47
2026-08-31T02:22:00+00:00,55.96,18.14,34.8,0.67,8.18
2026-08-31T02:23:00+00:00,57.68,31.14,30.63,0.0,8.57
2026-08-31T02:24:00+00:00,58.37,22.47,34.13,0.71,8.18
2026-08-31T02:25:00+00:00,56.2,25.89,34.04,0.0,8.18
2026-08-31T02:26:00+00:00,56.39,21.22,33.53,0.0,8.18
2026-08-31T02:27:00+00:00,56.32,21.56,32.95,0.0,8.18
2026-08-31T02:28:00+00:00,52.54,22.28,35.11,0.12,8.18
2026-08-31T02:29:00+00:00,29.13,12.61,30.76,0.0,8.66
2026-08-31T02:30:00+00:00,27.87,12.35,33.91,0.0,8.57
2026-08-31T02:31:00+00:00,53.52,17.57,35.13,0.0,8.18
2026-08-31T02:32:00+00:00,60.5,32.26,28.59,0.57,8.55
2026-08-31T02:33:00+00:00,25.81,9.04,29.0,0.0,8.18
2026-08-31T02:34:00+00:00,53.9,23.43,33.13,0.0,8.22
2026-08-31T02:35:00+00:00,37.03,8.36,33.88,0.32,8.18
2026-08-31T02:36:00+00:00,46.35,21.08,30.92,0.0,8.18
2026-08-31T02:37:00+00:00,54.09,20.18,33.05,0.0,8.76
2026-08-31T02:38:00+00:00,44.06,19.17,33.36,0.78,8.52
2026-08-31T02:39:00+00:00,52.82,23.06,34.2,0.0,8.18
2026-08-31T02:40:00+00:00,37.13,9.26,32.3,0.0,8.61
2026-08-31T02:41:00+00:00,39.61,17.63,33.51,0.18,8.27
2026-08-31T02:42:00+00:00,56.2,20.4,32.35,0.0,8.18
2026-08-31T02:43:00+00:00,50.4,21.55,34.61,0.0,8.62
2026-08-31T02:44:00+00:00,32.61,9.85,32.72,0.09,8.26
2026-08-31T02:45:00+00:00,42.97,12.15,35.07,0.0,8.35
2026-08-31T02:46:00+00:00,53.56,20.72,33.83,0.0,8.38
2026-08-31T02:47:00+00:00,51.29,17.58,34.84,0.0,8.18
2026-08-31T02:48:00+00:00,42.26,13.57,29.3,0.06,8.63
2026-08-31T02:49:00+00:00,53.11,25.29,34.92,0.0,8.63
2026-08-31T02:50:00+00:00,54.19,19.32,30.16,0.0,8.18
2026-08-31T02:51:00+00:00,41.32,16.11,36.48,0.37,8.18
2026-08-31T02:52:00+00:00,36.87,11.35,32.31,0.0,8.18
2026-08-31T02:53:00+00:00,55.68,20.39,31.34,0.35,8.2
2026-08-31T02:54:00+00:00,51.72,20.72,32.76,0.0,8.77
2026-08-31T02:55:00+00:00,55.38,28.4,35.51,0.0,8.73
2026-08-31T02:56:00+00:00,41.19,12.52,35.98,0.0,8.25
2026-08-31T02:57:00+00:00,56.92,26.16,32.38,0.24,8.18
2026-08-31T02:58:00+00:00,45.19,17.5,32.81,0.0,8.19
2026-08-31T02:59:00+00:00,29.77,14.68,32.97,0.0,8.18
2026-08-31T03:00:00+00:00,37.16,13.8,32.9,0.0,8.18
2026-08-31T03:01:00+00:00,57.22,23.19,32.59,0.0,8.18
2026-08-31T03:02:00+00:00,55.45,19.63,34.21,0.0,8.4
2026-08-31T03:03:00+00:00,50.24,13.11,34.54,0.0,8.57
2026-08-31T03:04:00+00:00,43.61,19.89,32.56,0.0,8.55
2026-08-31T03:05:00+00:00,25.81,7.5,29.75,0.0,8.23
2026-08-31T03:06:00+00:00,58.3,24.34,35.38,0.0,8.18
2026-08-31T03:07:00+00:00,47.26,17.63,33.75,0.0,8.18
2026-08-31T03:08:00+00:00,58.93,27.3,32.21,0.01,8.46
2026-08-31T03:09:00+00:00,50.51,21.88,31.97,0.34,8.7
2026-08-31T03:10:00+00:00,36.68,10.86,32.93,0.0,8.18
2026-08-31T03:11:00+00:00,41.97,17.46,33.63,0.0,8.19
2026-08-31T03:12:00+00:00,36.81,11.64,33.78,0.0,8.18
2026-08-31T03:13:00+00:00,49.1,9.99,36.36,0.0,8.18
2026-08-31T03:14:00+00:00,50.14,13.87,33.06,0.03,8.18
2026-08-31T03:15:00+00:00,53.31,23.37,35.41,0.0,8.55
2026-08-31T03:16:00+00:00,59.37,26.9,31.76,0.04,8.63
2026-08-31T03:17:00+00:00,52.28,12.92,34.52,0.0,8.18
2026-08-31T03:18:00+00:00,42.55,17.09,34.88,0.0,8.56
2026-08-31T03:19:00+00:00,41.13,17.04,31.32,0.0,8.18
2026-08-31T03:20:00+00:00,33.9,11.41,31.18,0.0,8.34
2026-08-31T03:21:00+00:00,57.78,24.95,32.42,0.0,8.18
2026-08-31T03:22:00+00:00,50.28,16.51,32.05,0.0,8.77
2026-08-31T03:23:00+00:00,38.35,15.74,35.78,0.0,8.56
2026-08-31T03:24:00+00:00,50.61,19.41,30.12,0.0,8.18
2026-08-31T03:25:00+00:00,51.97,19.51,32.74,0.0,8.18
2026-08-31T03:26:00+00:00,43.65,14.99,32.6,0.0,8.18
2026-08-31T03:27:00+00:00,52.73,16.44,32.3,0.0,8.18
2026-08-31T03:28:00+00:00,52.81,19.2,32.81,0.0,8.39
2026-08-31T03:29:00+00:00,35.23,17.18,33.84,0.0,8.18
2026-08-31T03:30:00+00:00,45.1,13.26,33.58,0.0,8.37
2026-08-31T03:31:00+00:00,25.81,10.05,31.41,0.0,8.71
2026-08-31T03:32:00+00:00,51.92,21.36,32.87,0.0,8.18
2026-08-31T03:33:00+00:00,52.84,19.27,32.7,0.0,8.18
2026-08-31T03:34:00+00:00,36.81,11.36,33.32,0.0,8.18
2026-08-31T03:35:00+00:00,44.74,16.76,34.51,0.0,8.54
2026-08-31T03:36:00+00:00,39.39,13.52,32.14,0.0,8.18
2026-08-31T03:37:00+00:00,54.17,20.53,34.05,0.0,8.18
2026-08-31T03:38:00+00:00,50.99,15.45,34.37,0.0,8.74
2026-08-31T03:39:00+00:00,56.1,23.16,31.27,0.69,8.18
2026-08-31T03:40:00+00:00,42.65,17.52,31.33,0.0,8.18
2026-08-31T03:41:00+00:00,51.14,18.66,32.67,0.0,8.18
2026-08-31T03:42:00+00:00,48.19,13.82,33.27,0.0,8.55
2026-08-31T03:43:00+00:00,54.85,20.69,35.65,0.0,8.42
2026-08-31T03:44:00+00:00,39.61,13.22,35.49,0.0,8.31
2026-08-31T03:45:00+00:00,53.53,24.18,31.45,0.47,8.7
2026-08-31T03:46:00+00:00,27.45,7.5,36.31,0.53,8.18
2026-08-31T03:47:00+00:00,54.22,22.85,34.4,0.0,8.28
2026-08-31T03:48:00+00:00,46.9,15.67,33.91,0.0,8.62
2026-08-31T03:49:00+00:00,39.26,13.19,32.06,0.0,8.18
2026-08-31T03:50:00+00:00,50.11,16.46,33.72,0.36,8.46
2026-08-31T03:51:00+00:00,41.97,13.82,37.27,0.0,8.21
2026-08-31T03:52:00+00:00,40.29,13.55,33.52,0.33,8.72
2026-08-31T03:53:00+00:00,27.65,14.58,34.14,0.0,8.18
2026-08-31T03:54:00+00:00,52.46,16.95,37.92,0.0,8.55
2026-08-31T03:55:00+00:00,30.42,9.18,32.35,0.0,8.18
2026-08-31T03:56:00+00:00,43.45,16.52,34.72,0.0,8.18
2026-08-31T03:57:00+00:00,51.18,18.42,33.01,0.1,8.18
2026-08-31T03:58:00+00:00,56.84,21.32,31.07,0.36,8.18
2026-08-31T03:59:00+00:00,37.06,16.33,37.0,0.0,8.18
2026-08-31T04:00:00+00:00,42.55,19.86,37.05,0.0,8.18
2026-08-31T04:01:00+00:00,57.82,22.98,30.28,0.0,8.6
2026-08-31T04:02:00+00:00,58.32,23.0,35.15,0.0,8.18
2026-08-31T04:03:00+00:00,27.35,8.06,33.91,0.0,8.36
2026-08-31T04:04:00+00:00,33.84,11.71,31.78,0.0,8.56
2026-08-31T04:05:00+00:00,46.84,15.88,32.38,0.0,8.52
2026-08-31T04:06:00+00:00,52.49,21.16,34.02,0.0,8.57
2026-08-31T04:07:00+00:00,41.39,16.0,33.65,0.0,8.33
2026-08-31T04:08:00+00:00,49.29,14.68,31.77,0.0,8.67
2026-08-31T04:09:00+00:00,51.19,19.4,35.25,0.0,8.46
2026-08-31T04:10:00+00:00,38.74,20.3,31.52,0.0,8.76
2026-08-31T04:11:00+00:00,54.49,24.79,34.71,0.0,8.18
2026-08-31T04:12:00+00:00,26.87,9.35,33.56,0.0,8.34
2026-08-31T04:13:00+00:00,47.35,25.26,34.45,0.0,8.18
2026-08-31T04:14:00+00:00,54.26,21.57,32.46,0.0,8.18
2026-08-31T04:15:00+00:00,52.24,18.07,31.73,0.15,8.18
2026-08-31T04:16:00+00:00,26.45,12.5,36.41,0.0,8.25
2026-08-31T04:17:00+00:00,50.49,12.85,35.61,0.0,8.18
2026-08-31T04:18:00+00:00,54.57,25.06,35.71,0.0,8.28
2026-08-31T04:19:00+00:00,38.16,16.57,34.42,0.0,8.6
2026-08-31T04:20:00+00:00,46.06,20.7,31.95,0.0,8.76
2026-08-31T04:21:00+00:00,34.23,12.55,31.86,0.38,8.18
2026-08-31T04:22:00+00:00,47.32,21.34,32.17,0.16,8.18
2026-08-31T04:23:00+00:00,47.29,13.09,30.39,0.0,8.29
2026-08-31T04:24:00+00:00,52.14,19.58,35.32,0.0,8.18
2026-08-31T04:25:00+00:00,37.68,12.27,35.5,0.0,8.8
2026-08-31T04:26:00+00:00,58.31,22.85,35.27,0.07,8.53
2026-08-31T04:27:00+00:00,51.55,18.42,37.01,0.66,8.18
2026-08-31T04:28:00+00:00,37.9,16.78,34.11,0.0,8.18
2026-08-31T04:29:00+00:00,45.06,10.1,30.67,0.0,8.18
2026-08-31T04:30:00+00:00,49.84,19.25,31.78,0.0,8.69
2026-08-31T04:31:00+00:00,43.06,14.87,34.7,0.0,8.24
2026-08-31T04:32:00+00:00,47.13,18.49,28.51,0.0,8.31
2026-08-31T04:33:00+00:00,35.58,15.28,32.59,0.0,8.56
2026-08-31T04:34:00+00:00,44.06,17.79,34.42,0.0,8.18
2026-08-31T04:35:00+00:00,44.77,16.33,31.48,0.26,8.47
2026-08-31T04:36:00+00:00,43.97,15.16,32.56,0.17,8.5
2026-08-31T04:37:00+00:00,51.6,19.96,33.42,0.62,8.7
2026-08-31T04:38:00+00:00,56.09,22.74,35.39,0.0,8.18
2026-08-31T04:39:00+00:00,48.87,13.26,33.84,0.0,8.67
2026-08-31T04:40:00+00:00,54.75,19.95,35.66,0.0,8.69
2026-08-31T04:41:00+00:00,49.42,21.26,35.18,0.0,8.62
2026-08-31T04:42:00+00:00,52.11,21.55,34.08,0.0,8.18
2026-08-31T04:43:00+00:00,51.82,19.16,32.66,0.0,8.18
2026-08-31T04:44:00+00:00,25.81,10.42,36.31,0.0,8.18
2026-08-31T04:45:00+00:00,34.0,10.52,33.91,0.02,8.21
2026-08-31T04:46:00+00:00,39.35,14.53,35.05,0.0,8.18
2026-08-31T04:47:00+00:00,44.65,16.3,31.01,0.0,8.63
2026-08-31T04:48:00+00:00,52.89,23.82,34.11,0.0,8.38
2026-08-31T04:49:00+00:00,54.42,20.91,36.15,0.0,8.18
2026-08-31T04:50:00+00:00,56.85,20.82,30.93,0.0,8.18
2026-08-31T04:51:00+00:00,48.45,23.84,34.78,0.0,8.41
2026-08-31T04:52:00+00:00,50.29,20.74,35.44,0.0,8.18
2026-08-31T04:53:00+00:00,58.03,23.26,29.63,0.0,8.18
2026-08-31T04:54:00+00:00,40.97,15.97,34.56,0.0,8.32
2026-08-31T04:55:00+00:00,56.79,24.6,33.87,0.0,8.18
2026-08-31T04:56:00+00:00,57.06,25.95,31.4,0.01,8.18
2026-08-31T04:57:00+00:00,52.17,21.78,31.71,0.0,8.18
2026-08-31T04:58:00+00:00,40.16,16.14,33.21,0.0,8.18
2026-08-31T04:59:00+00:00,44.81,15.5,33.21,0.0,8.18
2026-08-31T05:00:00+00:00,39.1,15.83,34.44,0.0,8.78
2026-08-31T05:01:00+00:00,34.45,10.61,33.75,0.64,8.48
2026-08-31T05:02:00+00:00,33.84,11.77,32.42,0.0,8.62
2026-08-31T05:03:00+00:00,38.35,10.96,35.58,0.0,8.8
2026-08-31T05:04:00+00:00,50.79,19.97,33.67,0.0,8.18
2026-08-31T05:05:00+00:00,57.49,23.9,32.94,0.0,8.18
2026-08-31T05:06:00+00:00,54.99,25.13,29.21,0.22,8.18
2026-08-31T05:07:00+00:00,50.78,19.07,31.66,0.0,8.18
2026-08-31T05:08:00+00:00,28.71,12.29,31.25,0.12,8.73
2026-08-31T05:09:00+00:00,54.37,21.2,33.94,0.39,8.78
2026-08-31T05:10:00+00:00,50.96,17.6,35.86,0.0,8.79
2026-08-31T05:11:00+00:00,48.03,18.54,36.04,0.51,8.18
2026-08-31T05:12:00+00:00,40.23,20.73,34.95,0.0,8.23
2026-08-31T05:13:00+00:00,50.21,16.56,35.71,0.0,8.29
2026-08-31T05:14:00+00:00,46.19,15.64,35.5,0.0,8.18
2026-08-31T05:15:00+00:00,52.42,24.76,37.65,0.59,8.79
2026-08-31T05:16:00+00:00,49.29,16.74,30.73,0.0,8.18
2026-08-31T05:17:00+00:00,48.39,19.98,35.11,0.0,8.52
2026-08-31T05:18:00+00:00,51.97,18.68,33.91,0.0,8.54
2026-08-31T05:19:00+00:00,42.19,11.21,30.36,0.0,8.63
2026-08-31T05:20:00+00:00,50.98,18.44,30.88,0.0,8.18
2026-08-31T05:21:00+00:00,44.65,13.88,34.58,0.18,8.18
2026-08-31T05:22:00+00:00,33.42,14.3,35.12,0.0,8.18
2026-08-31T05:23:00+00:00,59.71,24.16,34.43,0.0,8.57
2026-08-31T05:24:00+00:00,58.55,23.77,35.23,0.0,8.59
2026-08-31T05:25:00+00:00,48.03,19.22,33.38,0.47,8.18
2026-08-31T05:26:00+00:00,46.61,15.49,34.62,0.09,8.18
2026-08-31T05:27:00+00:00,54.64,19.48,32.99,0.0,8.49
2026-08-31T05:28:00+00:00,45.35,17.1,32.87,0.0,8.18
2026-08-31T05:29:00+00:00,51.47,23.28,34.97,0.0,8.43
2026-08-31T05:30:00+00:00,39.74,17.5,37.18,0.29,8.3
2026-08-31T05:31:00+00:00,53.17,19.5,32.58,0.0,8.18
2026-08-31T05:32:00+00:00,38.74,14.96,33.62,0.07,8.8
2026-08-31T05:33:00+00:00,47.03,17.49,35.59,0.0,8.18
2026-08-31T05:34:00+00:00,44.26,13.43,34.52,0.32,8.18
2026-08-31T05:35:00+00:00,32.32,14.4,36.33,0.0,8.25
2026-08-31T05:36:00+00:00,50.0,21.53,33.08,0.26,8.63
2026-08-31T05:37:00+00:00,49.71,15.03,32.2,0.0,8.71
2026-08-31T05:38:00+00:00,44.97,17.61,34.52,0.0,8.2
2026-08-31T05:39:00+00:00,42.23,15.14,31.26,0.0,8.18
2026-08-31T05:40:00+00:00,50.99,18.02,34.46,0.43,8.18
2026-08-31T05:41:00+00:00,41.03,9.8,35.99,0.0,8.2
2026-08-31T05:42:00+00:00,54.34,21.56,32.23,0.11,8.7
2026-08-31T05:43:00+00:00,33.32,12.21,33.42,0.62,8.26
2026-08-31T05:44:00+00:00,43.9,17.16,36.53,0.39,8.48
2026-08-31T05:45:00+00:00,40.61,15.69,35.88,0.29,8.26
2026-08-31T05:46:00+00:00,41.77,19.67,34.03,0.0,8.18
2026-08-31T05:47:00+00:00,50.7,19.03,32.64,0.0,8.18
2026-08-31T05:48:00+00:00,39.68,17.95,32.29,0.0,8.3
2026-08-31T05:49:00+00:00,53.06,18.02,33.62,0.0,8.18
2026-08-31T05:50:00+00:00,44.06,13.33,32.52,0.0,8.29
2026-08-31T05:51:00+00:00,51.13,18.3,34.28,0.0,8.18
2026-08-31T05:52:00+00:00,48.87,14.78,31.33,0.38,8.18
2026-08-31T05:53:00+00:00,51.25,22.06,34.99,0.0,8.46
2026-08-31T05:54:00+00:00,52.79,22.14,33.55,0.56,8.38
2026-08-31T05:55:00+00:00,51.24,20.66,31.73,0.0,8.18
2026-08-31T05:56:00+00:00,51.3,17.78,33.73,0.0,8.69
2026-08-31T05:57:00+00:00,51.87,21.65,35.25,0.0,8.18
2026-08-31T05:58:00+00:00,39.65,16.57,33.24,0.0,8.38
2026-08-31T05:59:00+00:00,51.17,18.74,31.87,0.01,8.18
2026-08-31T06:00:00+00:00,34.61,13.56,35.87,0.0,8.18
2026-08-31T06:01:00+00:00,49.94,16.01,33.34,0.66,8.43
2026-08-31T06:02:00+00:00,40.19,17.5,33.43,0.0,8.18
2026-08-31T06:03:00+00:00,52.79,20.04,34.33,0.0,8.65
2026-08-31T06:04:00+00:00,49.06,13.31,34.37,0.0,8.6
2026-08-31T06:05:00+00:00,26.87,10.32,34.06,0.0,8.57
2026-08-31T06:06:00+00:00,34.48,14.63,30.18,0.0,8.18
2026-08-31T06:07:00+00:00,53.53,17.0,31.79,0.0,8.18
2026-08-31T06:08:00+00:00,37.52,9.76,32.55,0.23,8.66
2026-08-31T06:09:00+00:00,35.39,15.56,34.99,0.0,8.78
2026-08-31T06:10:00+00:00,51.22,29.75,36.0,0.0,8.36
2026-08-31T06:11:00+00:00,48.39,12.72,34.2,0.0,8.25
2026-08-31T06:12:00+00:00,36.84,10.9,36.01,0.0,8.72
2026-08-31T06:13:00+00:00,38.87,17.33,34.19,0.0,8.36
2026-08-31T06:14:00+00:00,42.0,20.17,36.04,0.0,8.18
2026-08-31T06:15:00+00:00,50.73,19.93,35.77,0.0,8.37
2026-08-31T06:16:00+00:00,43.19,14.19,34.04,0.6,8.18
2026-08-31T06:17:00+00:00,52.93,24.65,35.32,0.0,8.39
2026-08-31T06:18:00+00:00,55.23,18.07,34.6,0.0,8.35
2026-08-31T06:19:00+00:00,52.91,21.35,31.7,0.07,8.56
2026-08-31T06:20:00+00:00,52.99,20.08,34.05,0.0,8.18
2026-08-31T06:21:00+00:00,38.87,14.78,35.22,0.32,8.18
2026-08-31T06:22:00+00:00,41.06,13.13,34.5,0.13,8.61
2026-08-31T06:23:00+00:00,52.34,16.09,35.77,0.44,8.42
2026-08-31T06:24:00+00:00,37.52,14.17,36.62,0.0,8.2
2026-08-31T06:25:00+00:00,52.47,23.4,34.75,0.0,8.35
2026-08-31T06:26:00+00:00,50.26,18.17,32.82,0.0,8.55
2026-08-31T06:27:00+00:00,53.81,22.7,33.45,0.46,8.78
2026-08-31T06:28:00+00:00,47.1,16.08,32.49,0.0,8.33
2026-08-31T06:29:00+00:00,57.56,21.22,33.93,0.05,8.38
2026-08-31T06:30:00+00:00,33.87,15.06,34.11,0.0,8.18
2026-08-31T06:31:00+00:00,48.29,16.12,35.72,0.0,8.51
2026-08-31T06:32:00+00:00,54.09,24.24,31.05,0.19,8.4
2026-08-31T06:33:00+00:00,53.72,20.98,32.37,0.43,8.39
2026-08-31T06:34:00+00:00,52.91,21.13,32.06,0.0,8.44
2026-08-31T06:35:00+00:00,46.42,20.31,32.37,0.0,8.18
2026-08-31T06:36:00+00:00,56.07,25.53,36.33,0.0,8.25
2026-08-31T06:37:00+00:00,46.61,14.31,32.33,0.0,8.18
2026-08-31T06:38:00+00:00,49.26,14.48,34.28,0.78,8.71
2026-08-31T06:39:00+00:00,35.06,12.99,35.73,0.0,8.52
2026-08-31T06:40:00+00:00,49.16,20.55,35.26,0.0,8.18
2026-08-31T06:41:00+00:00,44.52,18.94,33.68,0.0,8.18
2026-08-31T06:42:00+00:00,38.23,8.47,35.85,0.07,8.47
2026-08-31T06:43:00+00:00,52.98,19.94,33.12,0.0,8.24
2026-08-31T06:44:00+00:00,51.69,22.31,33.93,0.83,8.18
2026-08-31T06:45:00+00:00,50.65,17.51,31.95,0.43,8.56
2026-08-31T06:46:00+00:00,30.58,10.76,35.87,0.19,8.75
2026-08-31T06:47:00+00:00,50.45,16.91,33.24,0.0,8.4
2026-08-31T06:48:00+00:00,48.19,14.21,35.71,0.0,8.2
2026-08-31T06:49:00+00:00,48.68,20.32,33.11,0.0,8.25
2026-08-31T06:50:00+00:00,36.71,15.44,34.83,0.0,8.73
2026-08-31T06:51:00+00:00,55.28,24.84,34.32,0.0,8.36
2026-08-31T06:52:00+00:00,56.93,21.86,34.08,0.0,8.18
2026-08-31T06:53:00+00:00,48.16,17.6,36.04,0.19,8.77
2026-08-31T06:54:00+00:00,54.87,20.91,33.91,0.0,8.18
2026-08-31T06:55:00+00:00,46.71,15.2,35.26,0.0,8.63
2026-08-31T06:56:00+00:00,54.19,22.32,34.65,0.06,8.18
2026-08-31T06:57:00+00:00,53.66,21.47,34.67,0.0,8.71
2026-08-31T06:58:00+00:00,54.14,23.31,34.94,0.29,8.18
2026-08-31T06:59:00+00:00,51.53,19.7,31.93,0.0,8.38
2026-08-31T07:00:00+00:00,47.61,15.96,35.64,0.0,8.61
2026-08-31T07:01:00+00:00,43.74,13.39,33.8,0.22,8.47
2026-08-31T07:02:00+00:00,53.81,16.34,34.92,0.0,8.18
2026-08-31T07:03:00+00:00,54.36,20.13,35.5,0.21,8.18
2026-08-31T07:04:00+00:00,43.94,16.43,34.92,0.0,8.46
2026-08-31T07:05:00+00:00,54.75,19.88,35.44,0.0,8.47
2026-08-31T07:06:00+00:00,25.81,7.5,35.56,0.38,8.63
2026-08-31T07:07:00+00:00,43.81,13.53,35.29,0.0,8.18
2026-08-31T07:08:00+00:00,41.81,14.35,36.25,0.45,8.5
2026-08-31T07:09:00+00:00,54.86,22.95,34.06,0.68,8.2
2026-08-31T07:10:00+00:00,56.25,24.68,31.7,0.0,8.18
2026-08-31T07:11:00+00:00,43.71,14.64,35.35,0.0,8.57
2026-08-31T07:12:00+00:00,50.94,15.85,38.11,0.19,8.51
2026-08-31T07:13:00+00:00,50.46,14.8,36.71,0.0,8.18
2026-08-31T07:14:00+00:00,52.53,16.03,35.75,0.0,8.68
2026-08-31T07:15:00+00:00,55.05,19.22,36.85,0.0,8.18
2026-08-31T07:16:00+00:00,46.1,18.93,35.29,0.0,8.18
2026-08-31T07:17:00+00:00,46.35,19.85,36.37,0.0,8.18
2026-08-31T07:18:00+00:00,50.05,13.9,36.82,0.8,8.75
2026-08-31T07:19:00+00:00,47.65,15.98,37.54,0.0,8.66
2026-08-31T07:20:00+00:00,52.87,21.85,37.83,0.0,8.18
2026-08-31T07:21:00+00:00,44.87,15.92,33.91,0.22,8.18
2026-08-31T07:22:00+00:00,49.03,18.96,34.61,0.0,8.6
2026-08-31T07:23:00+00:00,55.79,22.64,34.48,0.3,8.18
2026-08-31T07:24:00+00:00,31.84,15.45,36.22,0.0,8.18
2026-08-31T07:25:00+00:00,51.98,14.93,38.33,0.12,8.43
2026-08-31T07:26:00+00:00,39.32,19.22,36.63,0.39,8.3
2026-08-31T07:27:00+00:00,45.84,20.28,34.61,0.0,8.31
2026-08-31T07:28:00+00:00,52.96,21.1,37.72,0.0,8.22
2026-08-31T07:29:00+00:00,51.03,15.91,36.14,0.0,8.29
2026-08-31T07:30:00+00:00,49.94,11.85,35.51,0.42,8.73
2026-08-31T07:31:00+00:00,46.94,19.74,36.47,0.0,8.33
2026-08-31T07:32:00+00:00,52.58,18.75,35.73,0.61,8.18
2026-08-31T07:33:00+00:00,46.29,17.58,36.93,0.0,8.28
2026-08-31T07:34:00+00:00,48.65,17.98,34.49,0.0,8.18
2026-08-31T07:35:00+00:00,42.58,13.94,37.06,0.0,8.18
2026-08-31T07:36:00+00:00,53.07,18.94,34.43,0.0,8.18
2026-08-31T07:37:00+00:00,38.94,14.24,34.84,0.56,8.18
2026-08-31T07:38:00+00:00,50.66,15.95,36.59,0.0,8.33
2026-08-31T07:39:00+00:00,50.04,14.01,36.42,0.0,8.18
2026-08-31T07:40:00+00:00,44.19,16.36,39.02,0.0,8.2
2026-08-31T07:41:00+00:00,51.49,15.21,35.98,0.0,8.38
2026-08-31T07:42:00+00:00,52.83,23.85,39.61,0.0,8.18
2026-08-31T07:43:00+00:00,45.55,20.14,38.14,0.0,8.33
2026-08-31T07:44:00+00:00,42.19,15.64,39.03,0.0,8.51
2026-08-31T07:45:00+00:00,36.55,16.05,39.48,0.0,8.41
2026-08-31T07:46:00+00:00,42.74,11.85,35.71,0.01,8.2
2026-08-31T07:47:00+00:00,49.13,15.37,37.08,0.0,8.18
2026-08-31T07:48:00+00:00,37.48,14.61,36.19,0.22,8.7
2026-08-31T07:49:00+00:00,52.89,22.58,39.67,0.0,8.3
2026-08-31T07:50:00+00:00,54.86,24.84,35.81,0.0,8.44
2026-08-31T07:51:00+00:00,55.66,22.63,36.76,0.0,8.4
2026-08-31T07:52:00+00:00,50.18,16.96,36.6,0.0,8.57
2026-08-31T07:53:00+00:00,45.61,17.01,37.39,0.0,8.42
2026-08-31T07:54:00+00:00,48.13,19.47,36.65,0.0,8.53
2026-08-31T07:55:00+00:00,51.32,16.16,36.14,0.0,8.51
2026-08-31T07:56:00+00:00,50.66,21.86,37.54,0.0,8.44
2026-08-31T07:57:00+00:00,54.5,25.25,36.83,0.0,8.47
2026-08-31T07:58:00+00:00,50.79,19.02,42.7,0.66,8.76
2026-08-31T07:59:00+00:00,53.07,16.1,37.63,0.0,8.82
2026-08-31T08:00:00+00:00,36.0,8.42,38.45,0.0,8.5
2026-08-31T08:01:00+00:00,54.36,23.93,39.89,0.0,9.05
2026-08-31T08:02:00+00:00,38.81,13.75,34.56,0.0,9.02
2026-08-31T08:03:00+00:00,55.35,17.43,39.66,0.0,8.55
2026-08-31T08:04:00+00:00,47.68,14.63,39.99,0.0,8.29
2026-08-31T08:05:00+00:00,39.58,12.67,35.78,0.0,8.94
2026-08-31T08:06:00+00:00,39.32,14.1,36.55,0.0,9.34
2026-08-31T08:07:00+00:00,50.79,16.99,33.65,0.0,8.57
2026-08-31T08:08:00+00:00,43.84,10.53,38.98,0.39,9.3
2026-08-31T08:09:00+00:00,45.65,13.8,37.96,0.0,9.1
2026-08-31T08:10:00+00:00,40.81,9.38,37.87,0.0,9.51
2026-08-31T08:11:00+00:00,45.32,16.89,40.8,0.22,9.78
2026-08-31T08:12:00+00:00,53.52,19.96,36.23,0.0,9.22
2026-08-31T08:13:00+00:00,42.29,15.12,39.59,0.0,9.84
2026-08-31T08:14:00+00:00,51.25,17.38,38.59,0.0,8.36
2026-08-31T08:15:00+00:00,57.33,25.43,40.79,0.0,10.08
2026-08-31T08:16:00+00:00,43.16,13.19,40.47,0.0,9.95
2026-08-31T08:17:00+00:00,48.61,23.29,38.1,0.0,8.51
2026-08-31T08:18:00+00:00,47.29,20.31,41.04,0.0,9.42
2026-08-31T08:19:00+00:00,56.0,21.16,37.74,0.0,8.6
2026-08-31T08:20:00+00:00,51.67,15.23,38.05,0.0,10.27
2026-08-31T08:21:00+00:00,49.29,14.97,40.66,0.0,9.92
2026-08-31T08:22:00+00:00,51.64,21.05,39.36,0.14,8.58
2026-08-31T08:23:00+00:00,43.61,14.28,41.01,0.0,8.47
2026-08-31T08:24:00+00:00,32.45,9.45,42.69,84.92,9.61
2026-08-31T08:25:00+00:00,41.74,9.97,39.2,72.34,10.11
2026-08-31T08:26:00+00:00,50.65,15.35,40.9,78.64,8.6
2026-08-31T08:27:00+00:00,52.46,20.36,40.17,67.86,10.71
2026-08-31T08:28:00+00:00,50.2,18.04,38.24,77.3,10.3
2026-08-31T08:29:00+00:00,37.23,17.15,38.18,71.24,8.63
2026-08-31T08:30:00+00:00,54.94,25.26,40.42,78.39,10.53
2026-08-31T08:31:00+00:00,56.15,20.94,40.02,70.14,8.39
2026-08-31T08:32:00+00:00,43.23,17.62,41.87,70.16,10.4
2026-08-31T08:33:00+00:00,52.86,18.82,40.82,0.53,8.43
2026-08-31T08:34:00+00:00,45.23,16.51,40.81,0.19,8.51
2026-08-31T08:35:00+00:00,49.74,18.19,39.51,0.0,10.91
2026-08-31T08:36:00+00:00,54.74,21.25,41.15,0.18,10.44
2026-08-31T08:37:00+00:00,47.16,14.41,37.18,0.0,8.38
2026-08-31T08:38:00+00:00,44.19,18.73,35.45,0.0,8.4
2026-08-31T08:39:00+00:00,39.16,11.97,43.33,0.0,10.96
2026-08-31T08:40:00+00:00,45.32,17.03,40.27,0.0,10.43
2026-08-31T08:41:00+00:00,45.32,15.4,40.27,0.59,8.41
2026-08-31T08:42:00+00:00,51.89,16.7,43.96,0.0,12.12
2026-08-31T08:43:00+00:00,40.81,15.64,39.35,0.28,8.47
2026-08-31T08:44:00+00:00,51.87,23.6,38.12,0.0,10.74
2026-08-31T08:45:00+00:00,52.73,19.5,40.56,0.0,12.33
2026-08-31T08:46:00+00:00,50.83,17.08,39.23,0.0,8.37
2026-08-31T08:47:00+00:00,48.13,23.78,38.66,0.44,11.79
2026-08-31T08:48:00+00:00,40.16,19.64,40.59,0.0,8.77
2026-08-31T08:49:00+00:00,50.65,15.3,42.96,0.0,11.37
2026-08-31T08:50:00+00:00,39.03,11.31,41.32,0.0,8.28
2026-08-31T08:51:00+00:00,52.98,16.65,42.31,0.0,8.51
2026-08-31T08:52:00+00:00,40.48,12.88,41.13,0.47,8.7
2026-08-31T08:53:00+00:00,36.48,10.9,38.75,0.0,11.15
2026-08-31T08:54:00+00:00,53.35,27.42,41.96,0.1,8.74
2026-08-31T08:55:00+00:00,51.07,20.96,38.24,0.0,8.21
2026-08-31T08:56:00+00:00,44.13,14.83,42.68,0.0,12.57
2026-08-31T08:57:00+00:00,52.08,17.3,45.92,0.0,12.91
2026-08-31T08:58:00+00:00,52.08,17.72,41.5,0.0,12.01
2026-08-31T08:59:00+00:00,54.69,16.87,42.0,0.0,8.71
2026-08-31T09:00:00+00:00,28.74,13.65,44.52,0.0,11.95
2026-08-31T09:01:00+00:00,53.4,15.53,42.06,0.0,12.99
2026-08-31T09:02:00+00:00,41.06,13.41,41.92,0.0,13.42
2026-08-31T09:03:00+00:00,40.84,20.19,41.0,0.0,11.88
2026-08-31T09:04:00+00:00,49.9,14.78,44.01,0.27,13.51
2026-08-31T09:05:00+00:00,48.52,19.43,45.45,0.0,11.88
2026-08-31T09:06:00+00:00,47.71,17.46,41.63,0.0,8.7
2026-08-31T09:07:00+00:00,47.19,21.71,44.17,0.0,8.28
2026-08-31T09:08:00+00:00,51.05,20.57,42.62,0.0,13.15
2026-08-31T09:09:00+00:00,55.43,20.56,41.4,0.0,8.46
2026-08-31T09:10:00+00:00,45.77,12.44,41.1,0.0,8.49
2026-08-31T09:11:00+00:00,50.4,15.45,41.48,0.0,8.43
2026-08-31T09:12:00+00:00,39.1,13.9,43.21,0.0,12.31
2026-08-31T09:13:00+00:00,46.52,16.79,42.51,0.0,13.55
2026-08-31T09:14:00+00:00,47.45,16.26,39.54,0.0,8.33
2026-08-31T09:15:00+00:00,44.58,11.76,43.83,0.0,8.62
2026-08-31T09:16:00+00:00,51.95,18.81,46.37,0.0,8.43
2026-08-31T09:17:00+00:00,45.0,13.95,39.62,0.0,8.36
2026-08-31T09:18:00+00:00,51.77,13.42,42.98,0.0,13.41
2026-08-31T09:19:00+00:00,44.61,15.77,43.3,0.0,8.69
2026-08-31T09:20:00+00:00,54.7,24.5,39.42,0.0,8.63
2026-08-31T09:21:00+00:00,51.23,22.22,41.55,0.03,14.31
2026-08-31T09:22:00+00:00,50.53,15.27,41.92,0.0,14.54
2026-08-31T09:23:00+00:00,38.26,10.6,44.99,0.0,8.26
2026-08-31T09:24:00+00:00,52.39,13.39,37.06,0.0,8.55
2026-08-31T09:25:00+00:00,39.94,13.2,42.55,0.0,8.57
2026-08-31T09:26:00+00:00,47.06,15.1,47.15,0.0,12.91
2026-08-31T09:27:00+00:00,51.13,14.81,40.1,0.0,16.38
2026-08-31T09:28:00+00:00,42.06,11.2,42.5,0.0,8.65
2026-08-31T09:29:00+00:00,51.74,21.9,41.97,0.0,8.73
2026-08-31T09:30:00+00:00,41.03,15.07,41.9,0.0,8.55
2026-08-31T09:31:00+00:00,50.01,18.87,45.48,0.0,8.39
2026-08-31T09:32:00+00:00,51.54,17.61,42.16,0.19,13.22
2026-08-31T09:33:00+00:00,51.75,18.82,40.63,0.0,8.72
2026-08-31T09:34:00+00:00,46.23,13.97,43.55,0.69,16.24
2026-08-31T09:35:00+00:00,32.71,16.35,43.2,0.61,8.36
2026-08-31T09:36:00+00:00,50.54,20.48,42.64,0.0,14.28
2026-08-31T09:37:00+00:00,52.79,20.97,40.12,0.0,8.71
2026-08-31T09:38:00+00:00,55.3,25.52,42.54,0.0,14.04
2026-08-31T09:39:00+00:00,52.94,17.72,46.55,0.03,16.49
2026-08-31T09:40:00+00:00,54.76,19.04,44.97,0.0,8.49
2026-08-31T09:41:00+00:00,35.32,9.62,43.84,0.0,14.53
2026-08-31T09:42:00+00:00,54.29,21.96,43.28,0.0,16.35
2026-08-31T09:43:00+00:00,50.91,20.39,44.16,0.0,17.05
2026-08-31T09:44:00+00:00,51.23,14.61,42.58,0.75,8.6
2026-08-31T09:45:00+00:00,45.19,13.53,44.3,0.0,8.66
2026-08-31T09:46:00+00:00,48.0,15.22,43.99,0.0,8.68
2026-08-31T09:47:00+00:00,53.71,19.47,42.29,0.0,16.69
2026-08-31T09:48:00+00:00,51.94,21.4,43.21,0.0,8.78
2026-08-31T09:49:00+00:00,38.81,7.85,42.68,0.0,8.22
2026-08-31T09:50:00+00:00,25.81,7.5,47.44,0.55,8.25
2026-08-31T09:51:00+00:00,39.29,15.03,41.99,0.38,8.75
2026-08-31T09:52:00+00:00,51.14,16.91,45.66,0.0,17.5
2026-08-31T09:53:00+00:00,48.71,19.27,44.57,0.08,17.27
2026-08-31T09:54:00+00:00,51.14,18.47,44.76,0.0,19.1
2026-08-31T09:55:00+00:00,49.55,13.46,45.04,0.0,8.72
2026-08-31T09:56:00+00:00,46.23,12.84,41.12,0.0,8.55
2026-08-31T09:57:00+00:00,54.39,23.46,39.84,0.32,8.19
2026-08-31T09:58:00+00:00,38.48,13.98,42.12,0.0,8.33
2026-08-31T09:59:00+00:00,49.97,17.39,49.12,0.0,17.24
2026-08-31T10:00:00+00:00,41.94,15.47,46.47,0.0,15.36
2026-08-31T10:01:00+00:00,49.84,14.21,43.29,0.24,20.1
2026-08-31T10:02:00+00:00,52.54,21.97,43.75,0.0,8.39
2026-08-31T10:03:00+00:00,49.26,18.75,44.19,0.1,16.52
2026-08-31T10:04:00+00:00,53.12,17.14,43.31,0.0,8.53
2026-08-31T10:05:00+00:00,41.16,14.98,41.52,0.0,17.81
2026-08-31T10:06:00+00:00,49.1,16.34,43.54,0.0,17.0
2026-08-31T10:07:00+00:00,49.13,16.67,39.5,0.41,18.9
2026-08-31T10:08:00+00:00,50.25,18.79,45.37,0.0,19.19
2026-08-31T10:09:00+00:00,50.35,22.43,45.34,0.0,16.47
2026-08-31T10:10:00+00:00,50.76,13.22,41.55,0.0,15.58
2026-08-31T10:11:00+00:00,45.94,12.49,41.22,0.33,19.64
2026-08-31T10:12:00+00:00,52.27,25.39,45.14,0.27,8.75
2026-08-31T10:13:00+00:00,45.03,21.41,42.3,0.0,19.56
2026-08-31T10:14:00+00:00,53.83,21.18,43.07,0.0,15.88
2026-08-31T10:15:00+00:00,54.16,21.83,42.62,0.31,8.52
2026-08-31T10:16:00+00:00,51.45,16.84,42.07,0.0,8.75
2026-08-31T10:17:00+00:00,52.69,12.81,41.83,0.0,16.38
2026-08-31T10:18:00+00:00,36.77,10.67,42.76,0.0,8.46
2026-08-31T10:19:00+00:00,43.81,15.41,46.7,0.0,19.78
2026-08-31T10:20:00+00:00,51.54,21.97,44.2,0.0,8.42
2026-08-31T10:21:00+00:00,36.0,10.73,44.71,0.0,8.26
2026-08-31T10:22:00+00:00,43.87,18.41,47.07,0.0,8.73
2026-08-31T10:23:00+00:00,43.55,18.96,39.65,0.0,20.69
2026-08-31T10:24:00+00:00,52.94,16.08,42.64,0.2,17.1
2026-08-31T10:25:00+00:00,59.44,28.14,46.12,0.0,8.77
2026-08-31T10:26:00+00:00,38.13,18.64,47.42,0.0,18.2
2026-08-31T10:27:00+00:00,45.74,16.02,47.83,0.0,21.24
2026-08-31T10:28:00+00:00,52.04,20.17,40.86,0.0,18.76
2026-08-31T10:29:00+00:00,48.1,17.99,41.37,0.16,17.25
2026-08-31T10:30:00+00:00,37.68,13.25,42.7,0.0,8.45
2026-08-31T10:31:00+00:00,52.39,20.53,44.3,0.0,18.41
2026-08-31T10:32:00+00:00,37.19,10.37,44.07,0.46,20.0
2026-08-31T10:33:00+00:00,45.03,11.97,42.48,0.0,8.42
2026-08-31T10:34:00+00:00,43.32,15.35,43.75,0.0,8.75
2026-08-31T10:35:00+00:00,50.19,17.64,41.11,0.0,8.61
2026-08-31T10:36:00+00:00,54.62,20.44,43.86,0.14,8.69
2026-08-31T10:37:00+00:00,43.03,12.09,38.25,0.0,21.47
2026-08-31T10:38:00+00:00,40.71,13.71,48.78,0.0,18.54
2026-08-31T10:39:00+00:00,52.24,21.5,40.8,0.27,8.43
2026-08-31T10:40:00+00:00,53.63,19.56,42.48,0.0,8.62
2026-08-31T10:41:00+00:00,46.58,17.31,45.2,0.47,8.77
2026-08-31T10:42:00+00:00,44.81,14.6,42.98,0.0,17.57
2026-08-31T10:43:00+00:00,50.46,19.55,44.49,0.39,17.81
2026-08-31T10:44:00+00:00,50.55,19.83,36.13,0.0,8.25
2026-08-31T10:45:00+00:00,40.23,17.78,42.11,0.0,19.28
2026-08-31T10:46:00+00:00,50.29,16.31,40.25,0.0,25.25
2026-08-31T10:47:00+00:00,52.97,19.8,39.95,0.0,21.03
2026-08-31T10:48:00+00:00,61.44,26.34,42.97,0.0,8.48
2026-08-31T10:49:00+00:00,47.03,18.92,39.71,0.0,8.76
2026-08-31T10:50:00+00:00,50.69,18.89,41.26,0.56,8.56
2026-08-31T10:51:00+00:00,28.23,11.16,42.78,0.0,8.64
2026-08-31T10:52:00+00:00,50.09,23.03,42.51,0.0,21.16
2026-08-31T10:53:00+00:00,43.84,14.92,40.49,0.0,8.58
2026-08-31T10:54:00+00:00,53.2,22.24,42.44,0.0,8.58
2026-08-31T10:55:00+00:00,50.04,16.53,46.59,0.14,8.42
2026-08-31T10:56:00+00:00,39.9,17.22,41.55,0.0,23.17
2026-08-31T10:57:00+00:00,50.19,18.78,39.76,0.0,22.75
2026-08-31T10:58:00+00:00,37.68,10.96,45.94,0.0,26.57
2026-08-31T10:59:00+00:00,55.31,24.27,43.33,0.0,8.73
2026-08-31T11:00:00+00:00,48.97,17.48,41.16,0.0,8.35
2026-08-31T11:01:00+00:00,45.45,16.32,41.54,0.0,20.57
2026-08-31T11:02:00+00:00,53.6,21.92,39.81,0.82,23.71
2026-08-31T11:03:00+00:00,49.58,18.01,38.24,0.0,26.31
2026-08-31T11:04:00+00:00,45.58,15.7,43.27,0.0,19.03
2026-08-31T11:05:00+00:00,49.26,18.67,40.82,0.29,20.38
2026-08-31T11:06:00+00:00,52.04,21.8,38.72,0.0,8.5
2026-08-31T11:07:00+00:00,43.61,18.19,41.06,0.65,8.2
2026-08-31T11:08:00+00:00,57.23,20.41,44.27,0.0,23.89
2026-08-31T11:09:00+00:00,50.78,14.79,42.5,0.04,23.22
2026-08-31T11:10:00+00:00,42.81,14.25,42.36,0.0,22.4
2026-08-31T11:11:00+00:00,38.68,12.54,36.67,0.0,8.46
2026-08-31T11:12:00+00:00,52.01,22.87,42.12,0.0,8.48
2026-08-31T11:13:00+00:00,46.13,17.13,42.04,0.26,20.42
2026-08-31T11:14:00+00:00,53.73,22.46,38.54,0.28,8.56
2026-08-31T11:15:00+00:00,48.06,17.83,40.87,0.23,8.33
2026-08-31T11:16:00+00:00,52.21,21.39,42.15,0.0,8.67
2026-08-31T11:17:00+00:00,49.26,16.18,41.74,0.0,8.21
2026-08-31T11:18:00+00:00,34.68,13.67,41.31,0.0,8.67
2026-08-31T11:19:00+00:00,51.57,16.45,37.89,0.0,8.65
2026-08-31T11:20:00+00:00,52.74,18.96,41.36,0.24,8.71
2026-08-31T11:21:00+00:00,47.32,17.23,42.38,0.0,8.78
2026-08-31T11:22:00+00:00,33.87,18.08,35.6,0.42,8.53
2026-08-31T11:23:00+00:00,37.68,13.47,38.44,0.0,27.21
2026-08-31T11:24:00+00:00,48.29,18.45,43.3,0.0,8.35
2026-08-31T11:25:00+00:00,36.52,12.04,41.86,0.0,22.38
2026-08-31T11:26:00+00:00,46.03,21.28,38.01,0.0,8.24
2026-08-31T11:27:00+00:00,50.56,15.9,38.1,0.0,29.45
2026-08-31T11:28:00+00:00,54.91,23.81,40.47,0.0,8.51
2026-08-31T11:29:00+00:00,51.15,19.95,39.55,0.0,8.56
2026-08-31T11:30:00+00:00,53.7,20.12,38.39,0.0,28.88
2026-08-31T11:31:00+00:00,46.55,19.01,41.11,0.0,23.5
2026-08-31T11:32:00+00:00,50.79,15.5,42.28,0.41,8.24
2026-08-31T11:33:00+00:00,53.77,22.05,42.62,0.0,25.07
2026-08-31T11:34:00+00:00,49.29,19.74,39.77,0.44,8.45
2026-08-31T11:35:00+00:00,55.21,21.81,40.63,0.0,27.86
2026-08-31T11:36:00+00:00,42.32,16.24,39.17,0.0,22.12
2026-08-31T11:37:00+00:00,40.26,14.84,37.69,0.0,8.3
2026-08-31T11:38:00+00:00,44.32,12.3,39.7,0.0,29.99
2026-08-31T11:39:00+00:00,52.94,17.58,40.54,0.0,26.93
2026-08-31T11:40:00+00:00,54.2,25.87,40.77,0.11,8.45
2026-08-31T11:41:00+00:00,50.43,18.78,41.35,0.0,8.45
2026-08-31T11:42:00+00:00,52.18,19.11,35.87,0.0,31.12
2026-08-31T11:43:00+00:00,39.39,13.25,41.91,0.39,8.68
2026-08-31T11:44:00+00:00,46.1,19.33,38.61,0.0,8.54
2026-08-31T11:45:00+00:00,56.94,28.44,40.16,0.0,8.39
2026-08-31T11:46:00+00:00,39.81,17.0,39.43,0.0,28.49
2026-08-31T11:47:00+00:00,49.84,19.89,40.85,0.0,8.27
2026-08-31T11:48:00+00:00,50.55,16.13,37.09,0.0,8.73
2026-08-31T11:49:00+00:00,42.77,12.58,36.3,0.0,8.19
2026-08-31T11:50:00+00:00,54.94,18.2,39.58,0.0,8.4
2026-08-31T11:51:00+00:00,43.81,13.64,37.66,0.0,8.25
2026-08-31T11:52:00+00:00,50.35,14.22,37.99,0.0,8.6
2026-08-31T11:53:00+00:00,49.74,21.02,37.02,0.0,28.93
2026-08-31T11:54:00+00:00,50.56,15.77,41.77,0.0,21.72
2026-08-31T11:55:00+00:00,34.74,15.26,37.73,0.68,8.2
2026-08-31T11:56:00+00:00,44.61,12.58,38.95,0.0,8.2
2026-08-31T11:57:00+00:00,49.23,20.67,33.96,0.0,28.29
2026-08-31T11:58:00+00:00,52.04,22.08,34.68,0.0,8.58
2026-08-31T11:59:00+00:00,40.35,11.79,39.95,0.0,32.68
2026-08-31T12:00:00+00:00,40.03,17.21,40.87,0.0,26.5
2026-08-31T12:01:00+00:00,53.86,16.04,38.99,0.17,8.3
2026-08-31T12:02:00+00:00,48.84,18.49,37.04,0.0,8.24
2026-08-31T12:03:00+00:00,50.19,13.32,40.07,0.0,28.0
2026-08-31T12:04:00+00:00,49.94,22.32,36.37,0.18,31.15
2026-08-31T12:05:00+00:00,44.81,18.8,33.04,0.0,33.35
2026-08-31T12:06:00+00:00,43.97,23.29,35.78,0.0,31.67
2026-08-31T12:07:00+00:00,52.56,19.86,37.02,0.0,8.22
2026-08-31T12:08:00+00:00,54.89,19.18,36.67,0.0,8.8
2026-08-31T12:09:00+00:00,52.39,24.67,38.18,0.0,22.39
2026-08-31T12:10:00+00:00,45.29,15.16,36.99,0.0,8.26
2026-08-31T12:11:00+00:00,52.79,14.67,38.47,0.0,8.53
2026-08-31T12:12:00+00:00,50.98,20.8,39.23,0.0,8.3
2026-08-31T12:13:00+00:00,47.61,16.22,33.44,0.0,8.42
2026-08-31T12:14:00+00:00,55.01,24.5,33.75,0.51,8.45
2026-08-31T12:15:00+00:00,39.03,12.27,36.79,0.0,33.99
2026-08-31T12:16:00+00:00,50.88,18.16,35.56,0.0,28.12
2026-08-31T12:17:00+00:00,47.94,24.02,35.58,0.17,24.45
2026-08-31T12:18:00+00:00,39.87,12.7,33.9,0.0,23.99
2026-08-31T12:19:00+00:00,47.26,17.16,36.8,0.0,30.46
2026-08-31T12:20:00+00:00,40.23,14.67,40.44,0.0,8.19
2026-08-31T12:21:00+00:00,50.18,23.88,35.92,0.0,31.13
2026-08-31T12:22:00+00:00,46.42,18.66,38.65,0.0,31.8
2026-08-31T12:23:00+00:00,50.25,15.17,33.92,0.0,8.63
2026-08-31T12:24:00+00:00,49.45,14.58,35.81,0.04,8.52
2026-08-31T12:25:00+00:00,46.84,14.63,35.96,0.4,33.79
2026-08-31T12:26:00+00:00,45.94,18.41,38.41,0.0,23.28
2026-08-31T12:27:00+00:00,50.85,13.94,36.75,0.0,8.64
2026-08-31T12:28:00+00:00,52.39,21.08,36.13,0.0,28.4
2026-08-31T12:29:00+00:00,47.55,21.76,36.22,0.0,8.6
2026-08-31T12:30:00+00:00,51.07,18.96,36.3,0.0,8.52
2026-08-31T12:31:00+00:00,47.9,16.58,36.06,0.24,8.66
2026-08-31T12:32:00+00:00,35.42,12.08,35.36,0.03,8.55
2026-08-31T12:33:00+00:00,47.52,16.43,37.19,0.0,8.41
2026-08-31T12:34:00+00:00,45.42,18.63,32.22,0.44,8.19
2026-08-31T12:35:00+00:00,53.52,25.63,33.06,0.0,8.31
2026-08-31T12:36:00+00:00,51.39,19.63,33.78,0.0,33.17
2026-08-31T12:37:00+00:00,53.61,16.64,34.21,0.0,8.4
2026-08-31T12:38:00+00:00,45.55,12.1,32.87,0.34,8.69
2026-08-31T12:39:00+00:00,50.04,21.32,38.02,0.0,8.51
2026-08-31T12:40:00+00:00,45.19,16.63,37.14,0.0,33.89
2026-08-31T12:41:00+00:00,48.26,12.18,36.22,0.0,8.41
2026-08-31T12:42:00+00:00,30.19,10.92,37.42,0.0,8.77
2026-08-31T12:43:00+00:00,50.4,17.14,36.61,0.0,33.93
2026-08-31T12:44:00+00:00,52.07,13.42,35.16,0.0,31.73
2026-08-31T12:45:00+00:00,46.0,12.14,35.3,0.0,8.67
2026-08-31T12:46:00+00:00,52.19,18.47,35.4,0.27,8.73
2026-08-31T12:47:00+00:00,50.13,16.51,36.4,0.0,8.44
2026-08-31T12:48:00+00:00,50.53,14.83,34.91,0.0,31.74
2026-08-31T12:49:00+00:00,47.71,14.94,37.42,0.74,30.63
2026-08-31T12:50:00+00:00,52.66,18.18,33.91,0.0,8.29
2026-08-31T12:51:00+00:00,50.85,17.01,36.05,0.0,29.31
2026-08-31T12:52:00+00:00,46.61,12.14,34.87,0.42,8.32
2026-08-31T12:53:00+00:00,51.2,22.37,33.76,0.0,30.94
2026-08-31T12:54:00+00:00,41.23,13.95,37.41,0.13,8.39
2026-08-31T12:55:00+00:00,51.39,20.35,32.14,0.02,27.75
2026-08-31T12:56:00+00:00,48.9,19.08,31.91,0.0,26.99
2026-08-31T12:57:00+00:00,51.88,20.54,35.29,0.0,8.55
2026-08-31T12:58:00+00:00,41.61,15.22,32.31,0.0,8.53
2026-08-31T12:59:00+00:00,53.5,24.01,35.13,0.0,8.63
2026-08-31T13:00:00+00:00,54.0,19.37,33.94,0.3,32.12
2026-08-31T13:01:00+00:00,45.94,24.16,34.55,0.0,26.11
2026-08-31T13:02:00+00:00,50.55,18.06,37.58,0.0,8.71
2026-08-31T13:03:00+00:00,37.71,16.62,34.16,0.39,8.67
2026-08-31T13:04:00+00:00,42.39,15.94,32.06,0.0,36.22
2026-08-31T13:05:00+00:00,45.84,13.36,37.1,0.0,24.3
2026-08-31T13:06:00+00:00,50.76,16.07,33.69,0.0,31.11
2026-08-31T13:07:00+00:00,40.35,12.72,35.4,0.0,26.82
2026-08-31T13:08:00+00:00,53.31,23.07,38.27,0.0,24.86
2026-08-31T13:09:00+00:00,44.16,16.4,35.42,0.0,8.43
2026-08-31T13:10:00+00:00,43.74,18.65,30.56,0.0,30.24
2026-08-31T13:11:00+00:00,52.43,18.41,35.8,0.0,8.24
2026-08-31T13:12:00+00:00,51.44,18.37,37.88,0.0,8.35
2026-08-31T13:13:00+00:00,55.69,23.84,33.82,0.0,8.55
2026-08-31T13:14:00+00:00,51.89,14.63,33.82,0.0,8.61
2026-08-31T13:15:00+00:00,44.97,18.23,36.66,0.0,26.02
2026-08-31T13:16:00+00:00,36.19,12.81,35.92,0.0,8.72
2026-08-31T13:17:00+00:00,54.29,24.55,33.84,0.0,8.28
2026-08-31T13:18:00+00:00,53.81,16.67,34.98,0.94,29.91
2026-08-31T13:19:00+00:00,56.88,25.18,33.84,0.0,8.37
2026-08-31T13:20:00+00:00,51.13,18.6,35.9,0.0,35.86
2026-08-31T13:21:00+00:00,42.29,13.4,33.2,0.0,8.49
2026-08-31T13:22:00+00:00,35.26,10.01,33.88,0.0,8.3
2026-08-31T13:23:00+00:00,36.65,8.32,35.11,0.38,8.32
2026-08-31T13:24:00+00:00,52.78,25.44,34.64,0.0,8.21
2026-08-31T13:25:00+00:00,56.3,23.63,34.77,0.0,36.6
2026-08-31T13:26:00+00:00,50.69,14.88,33.0,0.0,30.71
2026-08-31T13:27:00+00:00,46.84,16.89,31.37,0.0,36.39
2026-08-31T13:28:00+00:00,53.86,25.15,36.22,0.0,8.26
2026-08-31T13:29:00+00:00,51.37,19.45,34.07,0.4,32.93
2026-08-31T13:30:00+00:00,50.21,21.82,34.57,0.0,8.31
2026-08-31T13:31:00+00:00,45.45,15.7,34.1,0.0,36.96
2026-08-31T13:32:00+00:00,44.26,13.87,34.0,0.0,8.28
2026-08-31T13:33:00+00:00,55.11,23.5,34.73,0.0,32.18
2026-08-31T13:34:00+00:00,50.39,18.68,35.81,0.0,8.37
2026-08-31T13:35:00+00:00,45.84,14.44,34.83,0.19,8.39
2026-08-31T13:36:00+00:00,53.21,21.8,36.41,0.0,25.94
2026-08-31T13:37:00+00:00,51.65,19.43,39.47,0.0,26.65
2026-08-31T13:38:00+00:00,42.74,12.9,34.24,0.0,8.56
2026-08-31T13:39:00+00:00,55.04,19.78,33.52,0.0,30.75
2026-08-31T13:40:00+00:00,52.68,16.34,33.66,0.0,8.41
2026-08-31T13:41:00+00:00,50.73,19.93,36.01,0.0,31.14
2026-08-31T13:42:00+00:00,44.13,15.35,30.84,0.26,8.52
2026-08-31T13:43:00+00:00,54.61,17.64,35.73,0.0,34.51
2026-08-31T13:44:00+00:00,52.58,19.03,31.63,0.0,31.93
2026-08-31T13:45:00+00:00,52.06,17.52,32.37,0.3,36.2
2026-08-31T13:46:00+00:00,52.94,17.74,33.19,1.33,8.59
2026-08-31T13:47:00+00:00,29.03,12.62,33.75,0.0,8.35
2026-08-31T13:48:00+00:00,51.92,16.34,37.13,0.0,8.57
2026-08-31T13:49:00+00:00,47.48,16.17,33.57,0.0,8.51
2026-08-31T13:50:00+00:00,29.87,15.29,34.58,0.0,32.1
2026-08-31T13:51:00+00:00,56.12,24.05,33.53,0.0,36.25
2026-08-31T13:52:00+00:00,53.61,21.07,32.44,0.0,8.36
2026-08-31T13:53:00+00:00,42.03,13.37,36.17,0.05,8.67
2026-08-31T13:54:00+00:00,32.29,9.32,30.26,0.0,29.97
2026-08-31T13:55:00+00:00,54.71,21.2,34.78,0.0,8.57
2026-08-31T13:56:00+00:00,51.23,20.25,33.96,0.0,8.53
2026-08-31T13:57:00+00:00,38.48,14.64,32.87,0.12,31.39
2026-08-31T13:58:00+00:00,53.01,22.83,33.92,0.0,33.38
2026-08-31T13:59:00+00:00,55.44,19.61,34.31,0.06,8.55
2026-08-31T14:00:00+00:00,47.45,13.89,32.81,0.0,34.42
2026-08-31T14:01:00+00:00,47.26,21.02,31.69,0.8,35.76
2026-08-31T14:02:00+00:00,25.81,8.8,33.04,0.0,31.72
2026-08-31T14:03:00+00:00,41.74,12.31,32.78,0.78,33.67
2026-08-31T14:04:00+00:00,51.53,16.02,35.01,0.0,30.89
2026-08-31T14:05:00+00:00,43.45,16.59,35.77,0.34,27.55
2026-08-31T14:06:00+00:00,41.77,19.61,35.41,0.0,34.95
2026-08-31T14:07:00+00:00,53.13,18.68,32.92,0.0,8.3
2026-08-31T14:08:00+00:00,50.14,22.23,33.57,0.0,29.77
2026-08-31T14:09:00+00:00,53.12,18.63,33.02,0.0,8.45
2026-08-31T14:10:00+00:00,49.1,23.12,34.59,0.0,36.14
2026-08-31T14:11:00+00:00,50.06,20.56,33.52,0.0,8.22
2026-08-31T14:12:00+00:00,43.23,14.53,32.13,0.16,27.65
2026-08-31T14:13:00+00:00,44.35,17.51,34.06,0.0,8.2
2026-08-31T14:14:00+00:00,52.24,21.18,31.39,0.0,8.43
2026-08-31T14:15:00+00:00,48.84,18.95,35.97,0.0,8.2
2026-08-31T14:16:00+00:00,55.4,19.56,33.1,0.19,8.19
2026-08-31T14:17:00+00:00,36.77,14.77,32.68,0.0,35.7
2026-08-31T14:18:00+00:00,39.55,18.3,32.55,0.0,27.29
2026-08-31T14:19:00+00:00,52.01,22.05,31.87,0.0,8.65
2026-08-31T14:20:00+00:00,55.01,23.37,34.17,0.67,8.43
2026-08-31T14:21:00+00:00,39.61,12.07,33.67,0.0,8.43
2026-08-31T14:22:00+00:00,51.03,16.44,34.02,0.0,23.92
2026-08-31T14:23:00+00:00,49.26,17.01,31.85,0.0,30.67
2026-08-31T14:24:00+00:00,33.06,12.33,34.18,0.0,31.52
2026-08-31T14:25:00+00:00,47.23,21.09,35.49,0.0,8.49
2026-08-31T14:26:00+00:00,55.88,19.48,32.98,0.0,8.59
2026-08-31T14:27:00+00:00,51.58,18.38,35.36,0.0,8.69
2026-08-31T14:28:00+00:00,41.48,11.31,31.31,0.0,35.2
2026-08-31T14:29:00+00:00,42.55,13.1,33.87,0.0,8.28
2026-08-31T14:30:00+00:00,52.43,17.91,36.08,0.0,34.73
2026-08-31T14:31:00+00:00,42.81,16.78,31.89,0.95,8.45
2026-08-31T14:32:00+00:00,50.38,16.92,33.86,0.0,26.1
2026-08-31T14:33:00+00:00,41.87,19.56,32.14,0.0,8.28
2026-08-31T14:34:00+00:00,48.71,18.96,33.11,0.43,27.75
2026-08-31T14:35:00+00:00,43.77,13.87,31.46,0.0,31.17
2026-08-31T14:36:00+00:00,45.06,12.01,36.0,0.0,8.75
2026-08-31T14:37:00+00:00,51.07,17.83,31.62,0.0,31.79
2026-08-31T14:38:00+00:00,50.23,17.95,32.24,0.14,29.38
2026-08-31T14:39:00+00:00,47.03,13.21,31.68,0.0,24.41
2026-08-31T14:40:00+00:00,52.83,21.11,32.0,0.0,32.42
2026-08-31T14:41:00+00:00,38.68,12.4,30.71,0.0,8.48
2026-08-31T14:42:00+00:00,51.85,23.19,34.43,0.61,27.27
2026-08-31T14:43:00+00:00,50.98,16.98,32.11,0.0,23.33
2026-08-31T14:44:00+00:00,25.81,8.34,33.96,0.0,8.43
2026-08-31T14:45:00+00:00,49.1,15.84,35.57,0.36,30.05
2026-08-31T14:46:00+00:00,44.42,18.42,34.63,0.43,8.7
2026-08-31T14:47:00+00:00,53.5,24.71,35.04,0.0,30.56
2026-08-31T14:48:00+00:00,35.32,14.61,31.57,0.81,8.65
2026-08-31T14:49:00+00:00,46.81,16.33,34.96,0.0,8.77
2026-08-31T14:50:00+00:00,35.65,15.7,33.23,0.52,8.59
2026-08-31T14:51:00+00:00,44.94,19.57,36.48,0.0,8.2
2026-08-31T14:52:00+00:00,46.9,19.22,34.1,0.0,32.06
2026-08-31T14:53:00+00:00,51.64,20.12,31.82,0.0,29.55
2026-08-31T14:54:00+00:00,51.82,16.0,34.61,0.0,32.01
2026-08-31T14:55:00+00:00,50.68,15.06,31.91,0.0,8.34
2026-08-31T14:56:00+00:00,51.13,20.98,33.04,0.0,26.8
2026-08-31T14:57:00+00:00,27.19,12.11,33.84,0.0,23.42
2026-08-31T14:58:00+00:00,43.58,17.14,33.12,0.51,27.82
2026-08-31T14:59:00+00:00,55.4,20.2,33.69,0.0,8.2
2026-08-31T15:00:00+00:00,37.32,16.8,34.69,0.0,8.58
2026-08-31T15:01:00+00:00,43.87,18.91,35.39,0.0,8.73
2026-08-31T15:02:00+00:00,51.39,17.67,36.37,0.01,32.15
2026-08-31T15:03:00+00:00,53.38,23.33,32.78,0.0,8.28
2026-08-31T15:04:00+00:00,50.13,19.81,33.72,0.0,8.73
2026-08-31T15:05:00+00:00,49.97,14.26,33.53,0.0,8.65
2026-08-31T15:06:00+00:00,54.05,23.75,34.48,0.0,8.39
2026-08-31T15:07:00+00:00,52.26,16.26,34.42,0.31,29.8
2026-08-31T15:08:00+00:00,47.97,21.09,35.02,0.0,8.67
2026-08-31T15:09:00+00:00,33.26,9.19,31.81,0.08,22.07
2026-08-31T15:10:00+00:00,34.1,11.86,35.91,0.0,8.44
2026-08-31T15:11:00+00:00,53.48,24.85,31.78,0.47,8.53
2026-08-31T15:12:00+00:00,55.44,19.07,32.99,0.0,8.47
2026-08-31T15:13:00+00:00,47.16,12.71,35.16,0.0,23.68
2026-08-31T15:14:00+00:00,38.1,11.66,35.77,0.0,8.76
2026-08-31T15:15:00+00:00,50.71,23.15,32.37,0.21,8.68
2026-08-31T15:16:00+00:00,51.74,18.83,36.68,0.0,29.3
2026-08-31T15:17:00+00:00,51.65,25.01,33.59,0.0,8.48
2026-08-31T15:18:00+00:00,52.59,18.16,32.94,0.0,22.04
2026-08-31T15:19:00+00:00,32.48,9.29,32.39,0.25,8.28
2026-08-31T15:20:00+00:00,33.87,9.59,35.01,0.08,8.69
2026-08-31T15:21:00+00:00,46.03,22.87,36.43,0.0,8.37
2026-08-31T15:22:00+00:00,54.04,21.91,32.12,0.31,8.28
2026-08-31T15:23:00+00:00,41.39,11.29,33.93,0.0,24.27
2026-08-31T15:24:00+00:00,51.82,22.79,35.99,0.59,30.57
2026-08-31T15:25:00+00:00,42.39,13.33,32.88,0.0,22.98
2026-08-31T15:26:00+00:00,34.29,9.74,33.7,0.0,8.71
2026-08-31T15:27:00+00:00,52.57,22.37,33.86,0.35,25.86
2026-08-31T15:28:00+00:00,51.29,14.17,31.83,0.0,8.75
2026-08-31T15:29:00+00:00,39.61,14.62,33.17,0.0,25.07
2026-08-31T15:30:00+00:00,46.74,14.23,34.55,0.19,8.68
2026-08-31T15:31:00+00:00,40.77,16.74,36.78,0.19,8.57
2026-08-31T15:32:00+00:00,59.54,24.55,35.04,0.32,22.96
2026-08-31T15:33:00+00:00,46.06,15.54,34.4,0.0,8.51
2026-08-31T15:34:00+00:00,34.84,12.1,36.83,0.0,8.67
2026-08-31T15:35:00+00:00,28.71,12.95,34.03,0.0,21.76
2026-08-31T15:36:00+00:00,51.57,21.8,33.54,0.0,8.7
2026-08-31T15:37:00+00:00,46.16,21.2,36.62,0.0,8.47
2026-08-31T15:38:00+00:00,41.16,11.14,34.72,0.78,8.47
2026-08-31T15:39:00+00:00,53.6,17.89,33.82,0.0,8.62
2026-08-31T15:40:00+00:00,41.26,22.16,31.14,0.24,21.61
2026-08-31T15:41:00+00:00,51.19,17.12,35.95,0.0,8.76
2026-08-31T15:42:00+00:00,31.26,12.42,31.21,0.0,23.83
2026-08-31T15:43:00+00:00,39.55,16.26,33.61,0.0,8.53
2026-08-31T15:44:00+00:00,47.45,9.47,33.07,0.0,8.45
2026-08-31T15:45:00+00:00,50.66,18.09,32.24,0.0,23.73
2026-08-31T15:46:00+00:00,37.55,13.27,30.71,0.0,19.61
2026-08-31T15:47:00+00:00,38.71,14.09,33.63,0.0,8.36
2026-08-31T15:48:00+00:00,48.42,14.58,32.05,0.0,19.19
2026-08-31T15:49:00+00:00,55.78,22.28,34.68,0.88,8.75
2026-08-31T15:50:00+00:00,47.87,18.64,27.57,0.0,23.4
2026-08-31T15:51:00+00:00,51.34,18.46,33.79,0.0,8.27
2026-08-31T15:52:00+00:00,45.87,11.02,30.84,0.0,8.31
2026-08-31T15:53:00+00:00,34.16,9.42,33.97,0.0,8.48
2026-08-31T15:54:00+00:00,54.12,21.61,32.93,0.0,26.7
2026-08-31T15:55:00+00:00,45.48,14.81,35.16,0.0,22.7
2026-08-31T15:56:00+00:00,41.84,16.59,34.04,0.0,26.69
2026-08-31T15:57:00+00:00,42.26,17.44,32.28,0.42,8.45
2026-08-31T15:58:00+00:00,39.35,15.78,35.41,0.0,23.88
2026-08-31T15:59:00+00:00,54.51,17.45,34.43,0.0,8.3
2026-08-31T16:00:00+00:00,49.61,20.13,33.65,0.0,26.5
2026-08-31T16:01:00+00:00,46.87,18.12,35.49,0.0,21.69
2026-08-31T16:02:00+00:00,54.96,20.68,34.03,0.0,23.01
2026-08-31T16:03:00+00:00,50.66,12.74,31.98,0.0,25.92
2026-08-31T16:04:00+00:00,55.63,20.82,32.89,0.0,8.53
2026-08-31T16:05:00+00:00,40.45,13.06,35.56,0.51,22.5
2026-08-31T16:06:00+00:00,50.1,16.25,35.23,0.0,23.37
2026-08-31T16:07:00+00:00,59.29,25.71,31.48,0.22,8.31
2026-08-31T16:08:00+00:00,47.58,21.03,32.95,0.54,8.69
2026-08-31T16:09:00+00:00,35.19,12.66,32.05,0.01,20.88
2026-08-31T16:10:00+00:00,36.42,9.13,35.64,0.0,8.72
2026-08-31T16:11:00+00:00,46.0,17.82,31.09,0.0,20.73
2026-08-31T16:12:00+00:00,38.71,13.4,36.43,0.0,23.29
2026-08-31T16:13:00+00:00,53.13,24.85,33.27,0.83,24.48
2026-08-31T16:14:00+00:00,50.9,21.22,32.29,0.0,25.23
2026-08-31T16:15:00+00:00,44.52,11.81,33.97,0.33,23.17
2026-08-31T16:16:00+00:00,35.65,11.71,31.6,0.26,19.63
2026-08-31T16:17:00+00:00,42.58,13.28,30.17,0.39,8.43
2026-08-31T16:18:00+00:00,45.13,13.82,35.49,0.0,8.53
2026-08-31T16:19:00+00:00,52.23,17.42,32.63,0.0,8.34
2026-08-31T16:20:00+00:00,46.13,17.23,35.63,0.0,17.83
2026-08-31T16:21:00+00:00,44.87,10.63,35.01,0.0,8.68
2026-08-31T16:22:00+00:00,46.52,23.19,34.5,0.0,20.11
2026-08-31T16:23:00+00:00,50.56,18.49,35.9,0.0,8.65
2026-08-31T16:24:00+00:00,51.35,18.97,34.61,0.0,19.34
2026-08-31T16:25:00+00:00,49.26,19.55,35.66,0.0,23.54
2026-08-31T16:26:00+00:00,42.45,16.31,33.09,0.0,8.65
2026-08-31T16:27:00+00:00,55.7,23.45,37.7,0.0,23.59
2026-08-31T16:28:00+00:00,45.61,17.3,34.59,0.0,8.66
2026-08-31T16:29:00+00:00,45.77,18.38,36.69,0.0,8.21
2026-08-31T16:30:00+00:00,40.97,14.02,36.44,0.0,8.62
2026-08-31T16:31:00+00:00,38.29,10.74,35.13,0.0,17.15
2026-08-31T16:32:00+00:00,52.32,18.72,34.89,0.0,8.76
2026-08-31T16:33:00+00:00,30.03,7.5,36.08,0.28,17.77
2026-08-31T16:34:00+00:00,45.39,15.52,36.59,0.0,22.6
2026-08-31T16:35:00+00:00,53.16,17.4,36.32,0.08,17.49
2026-08-31T16:36:00+00:00,41.94,12.47,36.8,0.0,8.47
2026-08-31T16:37:00+00:00,48.26,18.62,38.29,0.0,16.95
2026-08-31T16:38:00+00:00,43.39,20.52,34.74,0.0,18.41
2026-08-31T16:39:00+00:00,54.16,20.9,35.63,0.0,19.75
2026-08-31T16:40:00+00:00,53.76,18.29,35.29,0.0,8.42
2026-08-31T16:41:00+00:00,38.45,13.51,34.8,0.0,8.66
2026-08-31T16:42:00+00:00,51.29,16.86,34.39,0.0,8.55
2026-08-31T16:43:00+00:00,48.19,17.19,34.82,0.0,8.32
2026-08-31T16:44:00+00:00,53.93,20.94,35.26,0.0,16.28
2026-08-31T16:45:00+00:00,54.52,16.14,39.52,0.0,19.4
2026-08-31T16:46:00+00:00,52.16,21.16,35.75,0.0,19.02
2026-08-31T16:47:00+00:00,49.1,16.69,35.33,0.64,16.73
2026-08-31T16:48:00+00:00,35.68,9.0,32.1,0.0,8.42
2026-08-31T16:49:00+00:00,51.54,23.16,34.64,0.0,18.91
2026-08-31T16:50:00+00:00,52.31,18.76,32.68,0.0,8.2
2026-08-31T16:51:00+00:00,48.9,12.53,34.58,0.62,8.69
2026-08-31T16:52:00+00:00,50.83,20.2,34.49,0.0,8.62
2026-08-31T16:53:00+00:00,45.0,18.78,36.07,0.68,8.33
2026-08-31T16:54:00+00:00,51.32,13.22,35.42,0.0,20.49
2026-08-31T16:55:00+00:00,45.81,18.37,38.69,0.0,15.24
2026-08-31T16:56:00+00:00,50.26,17.97,38.01,0.0,8.72
2026-08-31T16:57:00+00:00,44.9,13.61,35.16,0.0,8.65
2026-08-31T16:58:00+00:00,47.16,18.44,35.15,0.0,20.12
2026-08-31T16:59:00+00:00,49.84,17.18,38.24,0.0,16.72
2026-08-31T17:00:00+00:00,58.15,27.27,35.24,0.0,8.72
2026-08-31T17:01:00+00:00,41.13,17.48,37.04,0.0,8.77
2026-08-31T17:02:00+00:00,32.58,17.72,40.74,0.0,14.73
2026-08-31T17:03:00+00:00,47.81,18.16,36.04,0.0,8.55
2026-08-31T17:04:00+00:00,42.68,15.33,36.44,0.0,8.27
2026-08-31T17:05:00+00:00,50.34,25.09,36.62,0.41,18.88
2026-08-31T17:06:00+00:00,51.62,18.37,36.18,0.0,15.69
2026-08-31T17:07:00+00:00,52.02,17.01,35.04,0.0,8.41
2026-08-31T17:08:00+00:00,37.06,14.26,33.59,0.0,8.68
2026-08-31T17:09:00+00:00,44.52,15.13,36.54,0.33,8.71
2026-08-31T17:10:00+00:00,51.03,17.99,37.0,0.0,17.14
2026-08-31T17:11:00+00:00,43.16,13.38,36.86,0.12,15.77
2026-08-31T17:12:00+00:00,43.77,12.16,36.0,0.0,18.41
2026-08-31T17:13:00+00:00,44.58,14.2,36.95,0.48,8.49
2026-08-31T17:14:00+00:00,54.89,29.49,34.66,0.0,16.45
2026-08-31T17:15:00+00:00,48.03,10.68,38.7,0.29,8.47
2026-08-31T17:16:00+00:00,46.42,12.4,37.67,0.0,8.5
2026-08-31T17:17:00+00:00,50.53,21.08,38.82,0.0,16.99
2026-08-31T17:18:00+00:00,29.06,11.8,35.84,0.34,14.93
2026-08-31T17:19:00+00:00,49.32,17.99,37.34,0.0,8.35
2026-08-31T17:20:00+00:00,43.81,12.88,35.21,0.0,8.46
2026-08-31T17:21:00+00:00,43.65,14.27,36.75,0.0,15.17
2026-08-31T17:22:00+00:00,42.35,22.55,38.34,0.09,8.27
2026-08-31T17:23:00+00:00,49.97,18.45,34.05,0.0,14.57
2026-08-31T17:24:00+00:00,44.9,14.4,36.82,0.0,8.42
2026-08-31T17:25:00+00:00,52.01,19.18,36.28,0.09,8.45
2026-08-31T17:26:00+00:00,50.04,17.7,35.86,0.0,13.5
2026-08-31T17:27:00+00:00,50.05,17.25,37.49,0.0,8.62
2026-08-31T17:28:00+00:00,48.65,13.81,40.52,0.0,13.61
2026-08-31T17:29:00+00:00,53.71,23.35,37.3,0.49,8.72
2026-08-31T17:30:00+00:00,51.73,19.93,35.84,0.74,8.46
2026-08-31T17:31:00+00:00,51.37,18.96,35.29,0.0,8.2
2026-08-31T17:32:00+00:00,42.16,11.09,35.26,0.41,15.64
2026-08-31T17:33:00+00:00,53.06,24.48,35.78,0.33,8.68
2026-08-31T17:34:00+00:00,43.58,18.31,37.59,0.5,8.29
2026-08-31T17:35:00+00:00,47.26,15.04,35.81,0.16,8.36
2026-08-31T17:36:00+00:00,51.04,22.91,33.39,0.22,8.58
2026-08-31T17:37:00+00:00,37.03,14.93,39.72,0.0,8.46
2026-08-31T17:38:00+00:00,51.9,17.74,34.83,0.0,15.92
2026-08-31T17:39:00+00:00,52.78,22.11,33.67,0.0,8.4
2026-08-31T17:40:00+00:00,52.61,19.31,34.82,0.0,13.95
2026-08-31T17:41:00+00:00,51.93,15.62,38.77,0.0,14.02
2026-08-31T17:42:00+00:00,37.55,16.3,36.29,0.0,8.2
2026-08-31T17:43:00+00:00,45.81,15.58,35.96,0.0,14.34
2026-08-31T17:44:00+00:00,39.0,8.26,36.97,0.0,14.87
2026-08-31T17:45:00+00:00,36.68,13.54,38.21,0.0,8.26
2026-08-31T17:46:00+00:00,40.0,11.67,39.47,0.12,13.23
2026-08-31T17:47:00+00:00,46.81,16.42,36.55,0.0,8.41
2026-08-31T17:48:00+00:00,36.19,13.6,37.9,0.02,12.31
2026-08-31T17:49:00+00:00,51.39,19.91,33.5,0.0,8.45
2026-08-31T17:50:00+00:00,44.68,14.3,38.45,0.0,8.37
2026-08-31T17:51:00+00:00,45.26,21.11,37.5,0.83,8.64
2026-08-31T17:52:00+00:00,45.1,18.68,33.59,0.0,8.65
2026-08-31T17:53:00+00:00,50.36,17.48,35.7,0.0,11.63
2026-08-31T17:54:00+00:00,44.87,16.81,36.88,0.0,8.24
2026-08-31T17:55:00+00:00,34.58,16.44,39.68,0.04,11.97
2026-08-31T17:56:00+00:00,53.08,15.61,37.09,0.0,11.64
2026-08-31T17:57:00+00:00,50.68,16.32,36.84,0.04,8.66
2026-08-31T17:58:00+00:00,51.74,14.11,37.86,0.34,8.64
2026-08-31T17:59:00+00:00,47.52,12.75,38.42,0.0,8.69
2026-08-31T18:00:00+00:00,50.99,21.46,35.57,0.0,8.25
2026-08-31T18:01:00+00:00,53.46,24.94,36.0,0.0,8.57
2026-08-31T18:02:00+00:00,46.0,17.78,37.15,0.0,13.65
2026-08-31T18:03:00+00:00,39.03,18.39,38.68,0.9,12.45
2026-08-31T18:04:00+00:00,49.32,20.75,39.6,0.21,12.99
2026-08-31T18:05:00+00:00,51.95,19.19,38.65,0.0,8.46
2026-08-31T18:06:00+00:00,51.77,21.03,41.24,0.22,12.04
2026-08-31T18:07:00+00:00,48.94,20.31,39.7,0.0,8.53
2026-08-31T18:08:00+00:00,46.32,18.99,37.15,0.46,11.66
2026-08-31T18:09:00+00:00,38.55,11.24,37.46,0.0,8.47
2026-08-31T18:10:00+00:00,38.84,11.91,36.09,0.0,11.67
2026-08-31T18:11:00+00:00,40.23,16.01,38.62,0.39,12.45
2026-08-31T18:12:00+00:00,30.0,8.29,37.85,0.0,8.43
2026-08-31T18:13:00+00:00,48.45,20.29,39.88,0.0,8.62
2026-08-31T18:14:00+00:00,51.54,15.14,37.05,0.93,11.47
2026-08-31T18:15:00+00:00,46.1,16.19,38.93,0.0,8.51
2026-08-31T18:16:00+00:00,52.93,17.05,42.02,0.0,8.21
2026-08-31T18:17:00+00:00,51.5,18.3,36.65,0.56,11.52
2026-08-31T18:18:00+00:00,47.68,16.18,37.33,0.22,8.19
2026-08-31T18:19:00+00:00,48.9,22.46,41.93,0.0,11.9
2026-08-31T18:20:00+00:00,40.29,11.43,40.47,0.0,10.44
2026-08-31T18:21:00+00:00,52.62,20.41,38.41,0.0,11.14
2026-08-31T18:22:00+00:00,43.1,14.45,36.64,0.63,11.69
2026-08-31T18:23:00+00:00,38.97,11.88,40.8,0.0,8.44
2026-08-31T18:24:00+00:00,44.55,15.93,38.33,0.07,8.65
2026-08-31T18:25:00+00:00,34.42,9.53,40.57,0.0,10.24
2026-08-31T18:26:00+00:00,51.15,20.96,36.5,0.0,8.77
2026-08-31T18:27:00+00:00,35.9,15.11,38.9,0.0,8.23
2026-08-31T18:28:00+00:00,45.81,14.85,34.94,0.0,10.91
2026-08-31T18:29:00+00:00,55.46,23.68,37.75,0.0,8.7
2026-08-31T18:30:00+00:00,49.23,21.34,41.8,0.0,9.99
2026-08-31T18:31:00+00:00,51.3,15.76,40.18,0.0,10.89
2026-08-31T18:32:00+00:00,33.23,8.59,40.02,0.0,8.55
2026-08-31T18:33:00+00:00,52.06,19.19,39.4,0.0,8.26
2026-08-31T18:34:00+00:00,46.55,22.4,41.05,0.0,8.51
2026-08-31T18:35:00+00:00,50.15,15.71,36.15,0.35,8.6
2026-08-31T18:36:00+00:00,39.26,16.88,39.75,0.0,8.68
2026-08-31T18:37:00+00:00,53.93,16.85,39.43,0.59,10.56
2026-08-31T18:38:00+00:00,32.29,9.96,41.57,0.0,8.71
2026-08-31T18:39:00+00:00,56.02,23.92,39.89,0.53,9.51
2026-08-31T18:40:00+00:00,44.13,16.55,38.63,0.0,9.99
2026-08-31T18:41:00+00:00,43.42,16.36,38.47,0.0,8.47
2026-08-31T18:42:00+00:00,51.47,20.55,39.54,0.08,9.56
2026-08-31T18:43:00+00:00,50.55,16.93,40.18,0.34,9.79
2026-08-31T18:44:00+00:00,44.68,18.5,39.69,0.11,9.99
2026-08-31T18:45:00+00:00,48.74,19.29,42.38,0.0,9.77
2026-08-31T18:46:00+00:00,53.92,20.72,39.82,0.0,9.68
2026-08-31T18:47:00+00:00,53.42,21.85,39.85,0.53,9.2
2026-08-31T18:48:00+00:00,46.16,17.04,37.42,0.0,8.58
2026-08-31T18:49:00+00:00,46.58,13.09,39.82,0.0,8.33
2026-08-31T18:50:00+00:00,52.71,18.16,40.75,0.0,8.3
2026-08-31T18:51:00+00:00,50.36,15.95,37.32,0.0,8.4
2026-08-31T18:52:00+00:00,35.55,7.5,37.18,0.51,8.49
2026-08-31T18:53:00+00:00,33.23,14.45,37.57,0.0,9.34
2026-08-31T18:54:00+00:00,33.06,13.78,40.22,0.0,9.42
2026-08-31T18:55:00+00:00,30.55,14.09,39.02,0.0,8.46
2026-08-31T18:56:00+00:00,53.77,26.44,41.7,0.16,8.48
2026-08-31T18:57:00+00:00,41.52,20.87,38.13,0.68,8.4
2026-08-31T18:58:00+00:00,40.06,10.92,39.92,0.03,8.42
2026-08-31T18:59:00+00:00,56.45,22.34,40.77,0.0,8.55
2026-08-31T19:00:00+00:00,49.06,9.53,38.76,0.15,8.21
2026-08-31T19:01:00+00:00,51.59,18.71,43.33,0.24,8.49
2026-08-31T19:02:00+00:00,49.03,10.54,39.79,0.0,8.69
2026-08-31T19:03:00+00:00,56.08,18.64,40.43,0.0,8.61
2026-08-31T19:04:00+00:00,53.18,19.94,37.55,0.15,8.37
2026-08-31T19:05:00+00:00,34.29,15.8,41.93,0.0,8.71
2026-08-31T19:06:00+00:00,41.97,15.35,42.42,0.0,8.57
2026-08-31T19:07:00+00:00,51.7,19.18,37.34,0.0,8.67
2026-08-31T19:08:00+00:00,50.08,17.21,40.87,0.0,8.69
2026-08-31T19:09:00+00:00,47.13,16.73,40.09,0.44,8.47
2026-08-31T19:10:00+00:00,45.52,14.71,40.4,0.0,8.41
2026-08-31T19:11:00+00:00,54.0,22.7,40.32,0.0,8.39
2026-08-31T19:12:00+00:00,36.97,15.46,40.79,0.0,8.27
2026-08-31T19:13:00+00:00,52.18,19.49,43.25,0.0,8.19
2026-08-31T19:14:00+00:00,40.84,18.57,41.37,0.0,8.43
2026-08-31T19:15:00+00:00,54.0,19.81,39.27,0.0,8.18
2026-08-31T19:16:00+00:00,52.72,22.63,40.14,0.69,8.18
2026-08-31T19:17:00+00:00,50.05,16.16,37.02,0.0,8.76
2026-08-31T19:18:00+00:00,43.1,14.34,38.61,0.0,8.18
2026-08-31T19:19:00+00:00,52.54,23.25,42.01,0.0,8.21
2026-08-31T19:20:00+00:00,52.77,20.12,42.19,0.0,8.55
2026-08-31T19:21:00+00:00,52.32,22.2,44.01,0.47,8.18
2026-08-31T19:22:00+00:00,52.64,22.5,39.87,0.26,8.18
2026-08-31T19:23:00+00:00,40.87,11.86,42.09,0.0,8.18
2026-08-31T19:24:00+00:00,47.84,14.14,41.8,0.0,8.41
2026-08-31T19:25:00+00:00,33.94,15.56,39.49,0.0,8.7
2026-08-31T19:26:00+00:00,39.84,19.84,42.4,0.0,8.69
2026-08-31T19:27:00+00:00,44.19,13.79,40.25,0.21,8.18
2026-08-31T19:28:00+00:00,50.04,18.04,41.85,0.0,8.71
2026-08-31T19:29:00+00:00,49.35,15.06,40.86,0.0,8.8
2026-08-31T19:30:00+00:00,50.43,17.21,37.84,0.07,8.49
2026-08-31T19:31:00+00:00,43.55,19.38,40.8,0.0,8.5
2026-08-31T19:32:00+00:00,41.16,15.03,41.65,0.0,8.69
2026-08-31T19:33:00+00:00,54.17,20.43,41.89,0.0,8.4
2026-08-31T19:34:00+00:00,35.16,17.27,41.32,0.0,8.18
2026-08-31T19:35:00+00:00,52.13,26.54,43.1,0.0,8.25
2026-08-31T19:36:00+00:00,37.26,13.42,41.66,0.0,8.76
2026-08-31T19:37:00+00:00,56.93,25.82,41.62,0.0,8.18
2026-08-31T19:38:00+00:00,52.57,26.17,41.86,0.24,8.18
2026-08-31T19:39:00+00:00,50.0,13.67,40.16,0.14,8.18
2026-08-31T19:40:00+00:00,41.35,14.39,43.59,0.0,8.18
2026-08-31T19:41:00+00:00,52.39,22.76,42.81,0.0,8.23
2026-08-31T19:42:00+00:00,51.08,17.39,40.5,0.0,8.74
2026-08-31T19:43:00+00:00,40.42,11.66,41.79,0.31,8.46
2026-08-31T19:44:00+00:00,51.28,16.9,39.42,0.0,8.6
2026-08-31T19:45:00+00:00,54.87,24.77,41.43,0.36,8.18
2026-08-31T19:46:00+00:00,49.52,19.73,43.77,0.0,8.18
2026-08-31T19:47:00+00:00,53.06,17.49,41.93,0.0,8.29
2026-08-31T19:48:00+00:00,54.41,18.3,38.75,0.0,8.18
2026-08-31T19:49:00+00:00,45.81,14.85,39.81,0.0,8.75
2026-08-31T19:50:00+00:00,50.3,19.54,42.96,0.78,8.68
2026-08-31T19:51:00+00:00,44.65,14.67,41.14,0.0,8.18
2026-08-31T19:52:00+00:00,36.48,9.52,43.6,0.0,8.62
2026-08-31T19:53:00+00:00,49.71,15.44,45.01,0.0,8.18
2026-08-31T19:54:00+00:00,53.26,19.57,42.07,0.16,8.43
2026-08-31T19:55:00+00:00,53.16,19.45,38.46,0.0,8.68
2026-08-31T19:56:00+00:00,31.65,16.8,41.55,0.0,8.39
2026-08-31T19:57:00+00:00,53.75,19.7,42.83,0.0,8.79
2026-08-31T19:58:00+00:00,54.89,21.0,41.05,0.0,8.18
2026-08-31T19:59:00+00:00,43.39,14.98,41.98,0.0,8.47
2026-08-31T20:00:00+00:00,53.33,22.16,42.38,0.21,8.35
2026-08-31T20:01:00+00:00,53.43,21.45,42.79,0.68,8.18
2026-08-31T20:02:00+00:00,49.52,19.35,40.35,0.19,8.53
2026-08-31T20:03:00+00:00,43.84,14.45,39.83,0.0,8.18
2026-08-31T20:04:00+00:00,39.68,15.55,38.44,0.0,8.79
2026-08-31T20:05:00+00:00,49.26,17.39,40.04,0.18,8.47
2026-08-31T20:06:00+00:00,52.17,18.01,41.2,0.42,8.68
2026-08-31T20:07:00+00:00,42.13,16.49,38.54,0.0,8.29
2026-08-31T20:08:00+00:00,50.85,15.87,42.02,0.13,8.18
2026-08-31T20:09:00+00:00,37.0,12.72,42.06,0.0,8.73
2026-08-31T20:10:00+00:00,53.12,18.76,40.86,0.0,8.28
2026-08-31T20:11:00+00:00,40.81,20.6,40.8,0.0,8.32
2026-08-31T20:12:00+00:00,52.92,17.28,41.91,0.0,8.8
2026-08-31T20:13:00+00:00,47.26,13.91,41.74,0.0,8.18
2026-08-31T20:14:00+00:00,39.48,12.74,38.2,0.3,8.18
2026-08-31T20:15:00+00:00,39.39,8.09,44.21,0.0,8.75
2026-08-31T20:16:00+00:00,40.0,16.63,40.46,0.0,8.39
2026-08-31T20:17:00+00:00,52.66,18.47,39.44,0.0,8.18
2026-08-31T20:18:00+00:00,41.42,16.9,43.22,0.0,8.42
2026-08-31T20:19:00+00:00,53.67,21.74,43.11,0.0,8.18
2026-08-31T20:20:00+00:00,51.92,21.49,40.51,0.09,8.41
2026-08-31T20:21:00+00:00,36.55,14.44,37.22,0.07,8.18
2026-08-31T20:22:00+00:00,44.13,18.26,38.88,0.0,8.34
2026-08-31T20:23:00+00:00,34.94,17.77,39.59,0.0,8.18
2026-08-31T20:24:00+00:00,44.9,16.93,40.41,0.41,8.18
2026-08-31T20:25:00+00:00,38.35,12.9,39.04,0.0,8.75
2026-08-31T20:26:00+00:00,52.14,17.14,39.98,0.0,8.33
2026-08-31T20:27:00+00:00,51.53,17.82,39.62,0.29,8.18
2026-08-31T20:28:00+00:00,51.24,21.68,39.26,0.0,8.48
2026-08-31T20:29:00+00:00,51.23,26.89,43.61,0.0,8.33
2026-08-31T20:30:00+00:00,40.1,15.39,40.91,0.29,8.18
2026-08-31T20:31:00+00:00,52.49,18.98,40.16,0.0,8.68
2026-08-31T20:32:00+00:00,42.13,14.05,40.65,0.09,8.25
2026-08-31T20:33:00+00:00,43.06,16.26,41.19,0.28,8.18
2026-08-31T20:34:00+00:00,51.65,19.26,38.91,0.24,8.71
2026-08-31T20:35:00+00:00,55.78,21.06,39.7,0.62,8.18
2026-08-31T20:36:00+00:00,35.26,11.09,40.9,0.0,8.62
2026-08-31T20:37:00+00:00,48.71,22.96,39.02,0.49,8.54
2026-08-31T20:38:00+00:00,54.75,19.89,42.82,0.07,8.18
2026-08-31T20:39:00+00:00,56.07,31.14,41.27,0.0,8.18
2026-08-31T20:40:00+00:00,52.33,25.86,39.5,0.0,8.18
2026-08-31T20:41:00+00:00,50.41,18.08,39.98,0.0,8.77
2026-08-31T20:42:00+00:00,43.35,15.72,40.42,0.0,8.36
2026-08-31T20:43:00+00:00,53.22,23.07,36.74,0.0,8.46
2026-08-31T20:44:00+00:00,48.87,13.99,40.38,0.0,8.28
2026-08-31T20:45:00+00:00,44.84,13.34,42.35,0.0,8.18
2026-08-31T20:46:00+00:00,29.39,12.35,39.33,0.38,8.33
2026-08-31T20:47:00+00:00,50.48,23.96,41.19,0.0,8.18
2026-08-31T20:48:00+00:00,39.16,14.46,38.41,0.31,8.18
2026-08-31T20:49:00+00:00,25.81,12.32,39.92,0.0,8.18
2026-08-31T20:50:00+00:00,45.77,19.97,41.0,0.0,8.18
2026-08-31T20:51:00+00:00,53.43,19.05,37.58,0.0,8.44
2026-08-31T20:52:00+00:00,44.77,13.41,43.65,0.0,8.68
2026-08-31T20:53:00+00:00,39.06,13.38,42.09,0.0,8.18
2026-08-31T20:54:00+00:00,52.89,20.35,40.23,0.0,8.18
2026-08-31T20:55:00+00:00,54.15,21.88,43.31,0.0,8.4
2026-08-31T20:56:00+00:00,47.1,15.72,42.64,0.0,8.22
2026-08-31T20:57:00+00:00,46.06,16.23,39.83,0.0,8.38
2026-08-31T20:58:00+00:00,42.45,16.99,46.58,0.0,8.18
2026-08-31T20:59:00+00:00,53.21,16.3,41.59,0.0,8.51
2026-08-31T21:00:00+00:00,54.25,16.95,39.78,0.0,8.4
2026-08-31T21:01:00+00:00,39.03,11.96,38.33,0.43,8.32
2026-08-31T21:02:00+00:00,51.58,17.53,36.8,0.0,8.18
2026-08-31T21:03:00+00:00,55.06,18.83,36.93,0.0,8.18
2026-08-31T21:04:00+00:00,43.97,15.33,42.31,0.0,8.43
2026-08-31T21:05:00+00:00,45.65,16.36,39.42,0.49,8.18
2026-08-31T21:06:00+00:00,47.19,14.95,43.22,0.0,8.56
2026-08-31T21:07:00+00:00,50.01,21.32,39.26,0.0,8.43
2026-08-31T21:08:00+00:00,41.81,16.41,42.65,0.49,8.38
2026-08-31T21:09:00+00:00,50.26,13.03,41.57,0.0,8.76
2026-08-31T21:10:00+00:00,32.97,13.76,40.24,0.22,8.18
2026-08-31T21:11:00+00:00,49.29,12.68,41.55,0.0,8.67
2026-08-31T21:12:00+00:00,42.19,13.27,41.64,0.0,8.65
2026-08-31T21:13:00+00:00,49.39,15.17,38.21,0.0,8.18
2026-08-31T21:14:00+00:00,46.03,24.36,39.02,0.0,8.18
2026-08-31T21:15:00+00:00,54.44,21.47,39.95,0.03,8.29
2026-08-31T21:16:00+00:00,42.68,18.11,39.93,0.0,8.18
2026-08-31T21:17:00+00:00,52.94,17.34,35.95,0.26,8.25
2026-08-31T21:18:00+00:00,36.81,13.28,41.07,0.0,8.19
2026-08-31T21:19:00+00:00,46.71,14.29,41.67,0.0,8.7
2026-08-31T21:20:00+00:00,51.82,19.04,40.35,0.0,8.18
2026-08-31T21:21:00+00:00,46.26,17.78,39.7,0.0,8.63
2026-08-31T21:22:00+00:00,50.79,17.54,40.85,0.0,8.42
2026-08-31T21:23:00+00:00,39.84,14.48,36.73,0.0,8.18
2026-08-31T21:24:00+00:00,45.0,11.15,39.86,0.0,8.66
2026-08-31T21:25:00+00:00,44.13,15.78,40.05,0.0,8.49
2026-08-31T21:26:00+00:00,53.57,19.46,39.17,0.0,8.47
2026-08-31T21:27:00+00:00,55.61,22.28,42.96,0.0,8.65
2026-08-31T21:28:00+00:00,47.97,22.3,38.64,0.0,8.28
2026-08-31T21:29:00+00:00,51.57,19.0,37.21,0.0,8.18
2026-08-31T21:30:00+00:00,42.29,11.92,38.48,0.2,8.55
2026-08-31T21:31:00+00:00,41.87,15.14,37.0,0.0,8.68
2026-08-31T21:32:00+00:00,48.0,18.49,42.68,0.0,8.68
2026-08-31T21:33:00+00:00,52.42,17.83,45.04,0.0,8.18
2026-08-31T21:34:00+00:00,47.61,17.91,43.04,0.0,8.31
2026-08-31T21:35:00+00:00,43.94,10.82,37.44,0.0,8.18
2026-08-31T21:36:00+00:00,40.55,13.76,36.96,0.4,8.78
2026-08-31T21:37:00+00:00,51.64,17.15,37.54,0.0,8.18
2026-08-31T21:38:00+00:00,28.55,9.17,36.85,0.0,8.49
2026-08-31T21:39:00+00:00,56.35,21.22,40.68,0.11,8.4
2026-08-31T21:40:00+00:00,57.91,26.05,40.08,0.69,8.19
2026-08-31T21:41:00+00:00,56.59,21.43,36.86,0.57,8.18
2026-08-31T21:42:00+00:00,41.26,12.26,38.2,0.0,8.68
2026-08-31T21:43:00+00:00,47.45,15.96,41.59,0.0,8.18
2026-08-31T21:44:00+00:00,36.13,15.49,38.64,0.0,8.18
2026-08-31T21:45:00+00:00,45.39,15.64,37.35,0.0,8.18
2026-08-31T21:46:00+00:00,54.87,21.32,39.78,0.0,8.18
2026-08-31T21:47:00+00:00,42.61,12.44,37.91,0.0,8.44
2026-08-31T21:48:00+00:00,44.23,15.03,40.26,0.49,8.18
2026-08-31T21:49:00+00:00,39.84,13.54,38.68,0.0,8.18
2026-08-31T21:50:00+00:00,38.03,14.58,34.45,0.0,8.18
2026-08-31T21:51:00+00:00,42.84,13.9,35.44,0.0,8.18
2026-08-31T21:52:00+00:00,37.71,10.94,38.41,0.0,8.18
2026-08-31T21:53:00+00:00,51.63,18.28,37.1,0.0,8.46
2026-08-31T21:54:00+00:00,34.1,11.58,36.88,0.0,8.45
2026-08-31T21:55:00+00:00,49.1,20.21,38.85,0.32,8.48
2026-08-31T21:56:00+00:00,48.35,22.35,36.54,0.0,8.39
2026-08-31T21:57:00+00:00,54.64,20.03,38.79,0.0,8.5
2026-08-31T21:58:00+00:00,37.77,17.28,40.99,0.0,8.18
2026-08-31T21:59:00+00:00,38.16,15.17,36.47,0.0,8.6
2026-08-31T22:00:00+00:00,43.9,16.44,40.48,0.0,8.18
2026-08-31T22:01:00+00:00,44.52,20.47,39.51,0.0,8.18
2026-08-31T22:02:00+00:00,54.61,19.67,36.02,0.05,8.44
2026-08-31T22:03:00+00:00,50.96,17.66,40.91,0.0,8.18
2026-08-31T22:04:00+00:00,39.65,12.34,40.09,0.0,8.18
2026-08-31T22:05:00+00:00,44.19,16.23,38.95,0.0,8.48
2026-08-31T22:06:00+00:00,41.84,16.44,36.39,0.54,8.67
2026-08-31T22:07:00+00:00,50.13,14.65,38.96,0.0,8.77
2026-08-31T22:08:00+00:00,52.07,17.54,39.55,0.0,8.31
2026-08-31T22:09:00+00:00,51.02,15.49,36.14,0.0,8.56
2026-08-31T22:10:00+00:00,51.83,20.14,37.13,0.0,8.8
2026-08-31T22:11:00+00:00,50.98,21.79,39.41,0.0,8.75
2026-08-31T22:12:00+00:00,54.64,21.96,39.37,0.0,8.37
2026-08-31T22:13:00+00:00,54.15,22.31,36.84,0.35,8.18
2026-08-31T22:14:00+00:00,51.12,19.31,38.71,0.0,8.29
2026-08-31T22:15:00+00:00,50.9,20.5,36.31,0.0,8.8
2026-08-31T22:16:00+00:00,40.87,13.86,38.24,0.0,8.18
2026-08-31T22:17:00+00:00,52.83,22.6,38.54,0.0,8.18
2026-08-31T22:18:00+00:00,50.96,14.55,37.18,0.0,8.18
2026-08-31T22:19:00+00:00,46.39,14.35,35.86,0.0,8.18
2026-08-31T22:20:00+00:00,30.32,12.77,37.89,0.0,8.32
2026-08-31T22:21:00+00:00,48.61,15.6,36.73,0.0,8.18
2026-08-31T22:22:00+00:00,41.71,11.09,37.12,0.41,8.45
2026-08-31T22:23:00+00:00,49.52,19.11,36.77,0.0,8.18
2026-08-31T22:24:00+00:00,50.61,20.12,37.74,0.0,8.18
2026-08-31T22:25:00+00:00,50.58,24.8,37.09,0.0,8.36
2026-08-31T22:26:00+00:00,47.29,18.67,34.81,0.0,8.33
2026-08-31T22:27:00+00:00,29.84,10.12,35.63,0.0,8.64
2026-08-31T22:28:00+00:00,35.26,13.09,38.31,0.0,8.18
2026-08-31T22:29:00+00:00,52.41,15.58,37.12,0.0,8.18
2026-08-31T22:30:00+00:00,48.42,14.65,35.5,0.0,8.5
2026-08-31T22:31:00+00:00,43.74,14.51,37.75,0.0,8.18
2026-08-31T22:32:00+00:00,50.09,16.32,37.7,0.58,8.5
2026-08-31T22:33:00+00:00,54.77,22.04,37.9,0.0,8.18
2026-08-31T22:34:00+00:00,46.32,15.37,38.68,0.41,8.78
2026-08-31T22:35:00+00:00,52.14,20.25,37.55,0.0,8.41
2026-08-31T22:36:00+00:00,52.48,16.73,35.85,0.22,8.18
2026-08-31T22:37:00+00:00,53.26,18.93,37.01,0.01,8.36
2026-08-31T22:38:00+00:00,50.23,20.56,39.07,0.0,8.35
2026-08-31T22:39:00+00:00,47.74,14.59,35.87,0.0,8.18
2026-08-31T22:40:00+00:00,51.35,17.54,35.93,0.0,8.64
2026-08-31T22:41:00+00:00,51.05,21.78,35.56,0.35,8.62
2026-08-31T22:42:00+00:00,39.03,13.83,34.0,0.0,8.25
2026-08-31T22:43:00+00:00,44.48,12.88,37.52,0.33,8.18
2026-08-31T22:44:00+00:00,44.1,17.14,36.35,0.0,8.18
2026-08-31T22:45:00+00:00,46.06,9.32,36.23,0.13,8.7
2026-08-31T22:46:00+00:00,42.1,19.62,34.15,0.0,8.18
2026-08-31T22:47:00+00:00,51.72,17.98,36.69,0.0,8.74
2026-08-31T22:48:00+00:00,52.03,19.81,33.34,0.0,8.18
2026-08-31T22:49:00+00:00,54.45,24.16,39.05,0.0,8.18
2026-08-31T22:50:00+00:00,50.68,19.66,37.05,0.0,8.18
2026-08-31T22:51:00+00:00,40.74,17.81,38.05,0.0,8.18
2026-08-31T22:52:00+00:00,50.14,16.49,33.96,0.0,8.18
2026-08-31T22:53:00+00:00,50.45,20.65,36.93,0.0,8.19
2026-08-31T22:54:00+00:00,46.58,13.51,36.7,0.0,8.52
2026-08-31T22:55:00+00:00,36.74,7.5,36.21,0.0,8.18
2026-08-31T22:56:00+00:00,50.83,16.81,37.44,0.58,8.18
2026-08-31T22:57:00+00:00,52.88,18.22,38.65,0.18,8.18
2026-08-31T22:58:00+00:00,57.08,21.37,37.71,0.0,8.18
2026-08-31T22:59:00+00:00,48.45,15.13,36.53,0.0,8.18
2026-08-31T23:00:00+00:00,55.56,20.09,34.87,0.0,8.33
2026-08-31T23:01:00+00:00,42.65,12.23,35.65,0.0,8.18
2026-08-31T23:02:00+00:00,52.03,14.07,36.3,0.0,8.18
2026-08-31T23:03:00+00:00,56.07,22.39,34.54,0.0,8.68
2026-08-31T23:04:00+00:00,43.9,11.55,37.85,0.0,8.18
2026-08-31T23:05:00+00:00,45.97,14.36,39.02,0.0,8.42
2026-08-31T23:06:00+00:00,46.42,21.68,39.44,0.0,8.53
2026-08-31T23:07:00+00:00,46.1,14.31,33.75,0.39,8.62
2026-08-31T23:08:00+00:00,51.48,16.9,35.93,0.0,8.23
2026-08-31T23:09:00+00:00,51.22,24.22,31.58,0.0,8.63
2026-08-31T23:10:00+00:00,42.23,14.79,35.82,0.82,8.18
2026-08-31T23:11:00+00:00,43.13,11.76,36.35,0.0,8.18
2026-08-31T23:12:00+00:00,50.81,18.77,33.44,0.0,8.77
2026-08-31T23:13:00+00:00,41.16,15.69,39.07,0.45,8.36
2026-08-31T23:14:00+00:00,52.47,19.62,37.63,0.39,8.33
2026-08-31T23:15:00+00:00,45.48,14.32,37.55,0.1,8.71
2026-08-31T23:16:00+00:00,52.44,22.29,35.01,0.47,8.18
2026-08-31T23:17:00+00:00,41.06,14.26,33.96,0.0,8.18
2026-08-31T23:18:00+00:00,49.1,16.67,33.8,0.0,8.65
2026-08-31T23:19:00+00:00,42.0,14.98,35.75,0.0,8.18
2026-08-31T23:20:00+00:00,36.94,10.94,34.45,0.0,8.46
2026-08-31T23:21:00+00:00,52.09,22.03,37.34,0.0,8.18
2026-08-31T23:22:00+00:00,48.94,20.93,33.66,0.44,8.18
2026-08-31T23:23:00+00:00,47.52,19.84,31.71,0.0,8.25
2026-08-31T23:24:00+00:00,45.03,15.8,35.87,0.03,8.48
2026-08-31T23:25:00+00:00,37.74,14.18,36.56,0.0,8.66
2026-08-31T23:26:00+00:00,41.52,16.61,37.0,0.0,8.18
2026-08-31T23:27:00+00:00,52.48,17.69,35.43,0.0,8.18
2026-08-31T23:28:00+00:00,53.3,18.26,33.83,0.0,8.18
2026-08-31T23:29:00+00:00,39.61,13.82,32.15,0.0,8.18
2026-08-31T23:30:00+00:00,55.21,18.52,34.42,0.0,8.3
2026-08-31T23:31:00+00:00,48.52,17.08,30.87,0.0,8.38
2026-08-31T23:32:00+00:00,41.45,9.57,36.47,0.0,8.75
2026-08-31T23:33:00+00:00,45.19,17.07,34.84,0.0,8.44
2026-08-31T23:34:00+00:00,48.87,16.29,40.15,0.0,8.18
2026-08-31T23:35:00+00:00,43.68,16.64,32.33,0.24,8.26
2026-08-31T23:36:00+00:00,53.65,25.8,35.18,0.31,8.18
2026-08-31T23:37:00+00:00,40.9,9.74,36.8,0.0,8.61
2026-08-31T23:38:00+00:00,52.23,21.14,33.9,0.0,8.18
2026-08-31T23:39:00+00:00,40.0,11.78,38.37,0.01,8.49
2026-08-31T23:40:00+00:00,42.13,14.71,37.42,0.14,8.18
2026-08-31T23:41:00+00:00,52.69,18.89,34.66,0.74,8.19
2026-08-31T23:42:00+00:00,36.32,10.47,34.71,0.0,8.18
2026-08-31T23:43:00+00:00,55.61,26.2,32.83,0.0,8.18
2026-08-31T23:44:00+00:00,47.74,15.36,32.85,0.22,8.34
2026-08-31T23:45:00+00:00,43.84,19.9,33.71,0.0,8.18
2026-08-31T23:46:00+00:00,34.61,7.5,36.8,0.0,8.59
2026-08-31T23:47:00+00:00,48.81,14.15,32.38,0.0,8.18
2026-08-31T23:48:00+00:00,42.68,12.13,31.23,0.0,8.47
2026-08-31T23:49:00+00:00,52.67,21.78,36.18,0.0,8.18
2026-08-31T23:50:00+00:00,56.29,25.83,35.37,0.0,8.18
2026-08-31T23:51:00+00:00,51.95,19.09,35.67,0.0,8.18
2026-08-31T23:52:00+00:00,50.09,17.37,30.15,0.0,8.18
2026-08-31T23:53:00+00:00,56.08,19.18,33.57,0.0,8.62
2026-08-31T23:54:00+00:00,51.39,22.5,32.29,0.12,8.56
2026-08-31T23:55:00+00:00,48.61,18.03,35.59,0.0,8.32
2026-08-31T23:56:00+00:00,51.0,16.61,35.02,0.0,8.56
2026-08-31T23:57:00+00:00,51.23,17.55,36.62,0.0,8.18
2026-08-31T23:58:00+00:00,53.67,18.42,33.75,0.0,8.58
2026-08-31T23:59:00+00:00,45.39,14.58,35.54,0.54,8.18
2026-09-01T00:00:00+00:00,62.62,25.78,30.37,0.0,8.18
2026-09-01T00:01:00+00:00,34.39,14.27,34.13,0.0,8.18
2026-09-01T00:02:00+00:00,25.81,10.32,34.05,0.0,8.47
2026-09-01T00:03:00+00:00,53.8,21.02,34.5,0.0,8.18
2026-09-01T00:04:00+00:00,25.81,7.5,34.74,0.0,8.5
2026-09-01T00:05:00+00:00,50.96,16.65,34.24,0.0,8.43
2026-09-01T00:06:00+00:00,41.52,18.03,31.67,0.0,8.21
2026-09-01T00:07:00+00:00,49.06,22.41,31.85,0.0,8.46
2026-09-01T00:08:00+00:00,25.81,14.62,35.4,0.0,8.8
2026-09-01T00:09:00+00:00,59.31,22.41,36.81,0.07,8.18
2026-09-01T00:10:00+00:00,25.81,16.01,33.11,0.0,8.55
2026-09-01T00:11:00+00:00,36.71,13.07,34.44,0.0,8.73
2026-09-01T00:12:00+00:00,52.61,19.08,30.83,0.06,8.23
2026-09-01T00:13:00+00:00,51.77,21.64,32.88,0.0,8.79
2026-09-01T00:14:00+00:00,55.5,19.87,34.46,0.0,8.36
2026-09-01T00:15:00+00:00,28.1,8.06,34.92,0.24,8.18
2026-09-01T00:16:00+00:00,50.71,16.41,33.55,0.0,8.18
2026-09-01T00:17:00+00:00,53.33,15.13,31.14,0.0,8.18
2026-09-01T00:18:00+00:00,39.71,16.04,33.36,0.0,8.78
2026-09-01T00:19:00+00:00,25.81,11.77,34.08,0.0,8.24
2026-09-01T00:20:00+00:00,56.92,28.5,34.33,0.0,8.59
2026-09-01T00:21:00+00:00,29.1,7.86,35.48,0.0,8.72
2026-09-01T00:22:00+00:00,25.81,10.29,34.01,0.0,8.18
2026-09-01T00:23:00+00:00,58.18,24.47,35.87,0.28,8.52
2026-09-01T00:24:00+00:00,36.81,14.16,32.6,0.0,8.53
2026-09-01T00:25:00+00:00,38.9,13.65,32.06,0.0,8.71
2026-09-01T00:26:00+00:00,55.88,20.33,33.88,0.0,8.29
2026-09-01T00:27:00+00:00,31.13,7.5,34.73,0.46,8.47
2026-09-01T00:28:00+00:00,29.1,11.96,34.91,0.0,8.62
2026-09-01T00:29:00+00:00,26.45,13.92,33.39,0.0,8.18
2026-09-01T00:30:00+00:00,46.48,17.46,34.78,0.47,8.71
2026-09-01T00:31:00+00:00,33.52,15.12,32.49,0.06,8.79
2026-09-01T00:32:00+00:00,53.48,21.74,32.19,0.0,8.18
2026-09-01T00:33:00+00:00,45.81,15.0,30.67,0.0,8.18
2026-09-01T00:34:00+00:00,52.51,15.39,31.78,0.33,8.18
2026-09-01T00:35:00+00:00,54.71,23.34,32.78,0.28,8.18
2026-09-01T00:36:00+00:00,25.81,13.89,31.21,0.0,8.18
2026-09-01T00:37:00+00:00,25.81,9.39,33.83,0.0,8.18
2026-09-01T00:38:00+00:00,54.96,20.53,33.92,0.0,8.53
2026-09-01T00:39:00+00:00,36.65,12.78,36.07,0.41,8.18
2026-09-01T00:40:00+00:00,25.81,10.41,31.87,0.0,8.18
2026-09-01T00:41:00+00:00,54.74,23.19,33.51,0.0,8.74
2026-09-01T00:42:00+00:00,53.51,22.71,36.89,0.94,8.63
2026-09-01T00:43:00+00:00,51.9,25.21,32.33,0.0,8.18
2026-09-01T00:44:00+00:00,50.65,17.42,30.56,0.0,8.35
2026-09-01T00:45:00+00:00,54.82,19.17,31.0,0.0,8.28
2026-09-01T00:46:00+00:00,25.81,12.37,31.93,0.0,8.45
2026-09-01T00:47:00+00:00,60.53,26.86,33.78,0.0,8.43
2026-09-01T00:48:00+00:00,51.7,19.19,33.35,0.0,8.18
2026-09-01T00:49:00+00:00,26.23,7.5,32.05,0.0,8.18
2026-09-01T00:50:00+00:00,49.32,14.39,28.71,0.0,8.18
2026-09-01T00:51:00+00:00,34.58,10.85,32.07,0.0,8.18
2026-09-01T00:52:00+00:00,54.22,15.54,32.64,0.24,8.18
2026-09-01T00:53:00+00:00,54.17,20.41,32.33,0.31,8.18
2026-09-01T00:54:00+00:00,69.82,34.06,33.24,0.03,8.18
2026-09-01T00:55:00+00:00,66.19,33.93,35.28,0.0,8.18
2026-09-01T00:56:00+00:00,50.74,18.28,33.49,0.0,8.54
2026-09-01T00:57:00+00:00,52.77,15.03,34.13,0.53,8.53
2026-09-01T00:58:00+00:00,60.24,26.2,34.93,0.0,8.66
2026-09-01T00:59:00+00:00,25.81,8.61,33.94,0.0,8.58
2026-09-01T01:00:00+00:00,25.81,9.04,32.06,0.0,8.41
2026-09-01T01:01:00+00:00,51.5,10.85,32.85,0.0,8.34
2026-09-01T01:02:00+00:00,53.36,22.16,33.24,0.0,8.35
2026-09-01T01:03:00+00:00,40.0,17.25,34.78,0.0,8.18
2026-09-01T01:04:00+00:00,59.67,25.43,34.97,0.0,8.18
2026-09-01T01:05:00+00:00,53.95,17.24,34.63,0.0,8.18
2026-09-01T01:06:00+00:00,60.14,28.75,30.78,0.46,8.74
2026-09-01T01:07:00+00:00,55.29,21.1,31.46,0.0,8.18
2026-09-01T01:08:00+00:00,60.26,25.25,32.34,0.0,8.79
2026-09-01T01:09:00+00:00,56.55,25.22,34.41,0.0,8.18
2026-09-01T01:10:00+00:00,45.77,10.49,33.83,0.0,8.7
2026-09-01T01:11:00+00:00,51.67,17.2,34.43,0.0,8.46
2026-09-01T01:12:00+00:00,50.95,12.96,33.65,0.0,8.33
2026-09-01T01:13:00+00:00,43.65,16.29,34.63,0.0,8.73
2026-09-01T01:14:00+00:00,36.03,14.23,30.87,0.0,8.43
2026-09-01T01:15:00+00:00,31.58,10.18,34.33,0.0,8.53
2026-09-01T01:16:00+00:00,48.77,13.15,32.79,0.0,8.18
2026-09-01T01:17:00+00:00,48.52,9.81,35.03,0.71,8.74
2026-09-01T01:18:00+00:00,56.08,23.44,36.33,0.0,8.52
2026-09-01T01:19:00+00:00,29.68,13.09,32.51,0.0,8.25
2026-09-01T01:20:00+00:00,48.42,20.71,32.44,0.53,8.18
2026-09-01T01:21:00+00:00,25.81,8.65,34.46,0.0,8.7
2026-09-01T01:22:00+00:00,25.81,9.97,32.92,0.0,8.18
2026-09-01T01:23:00+00:00,43.52,17.84,37.69,0.0,8.48
2026-09-01T01:24:00+00:00,34.77,12.96,33.32,0.0,8.35
2026-09-01T01:25:00+00:00,59.42,27.92,32.52,0.0,8.65
2026-09-01T01:26:00+00:00,37.13,12.78,31.25,0.57,8.18
2026-09-01T01:27:00+00:00,58.76,28.34,33.66,0.36,8.32
2026-09-01T01:28:00+00:00,57.17,25.41,33.15,0.0,8.18
2026-09-01T01:29:00+00:00,47.97,15.27,33.3,0.0,8.18
2026-09-01T01:30:00+00:00,57.43,24.81,32.58,0.0,8.19
2026-09-01T01:31:00+00:00,46.32,14.21,33.73,0.0,8.18
2026-09-01T01:32:00+00:00,25.81,17.26,34.57,0.0,8.72
2026-09-01T01:33:00+00:00,30.35,8.57,29.96,0.0,8.18
2026-09-01T01:34:00+00:00,50.19,19.7,30.68,0.0,8.18
2026-09-01T01:35:00+00:00,61.14,26.76,32.24,0.0,8.42
2026-09-01T01:36:00+00:00,44.81,16.5,32.18,0.0,8.3
2026-09-01T01:37:00+00:00,54.0,19.65,33.36,0.0,8.18
2026-09-01T01:38:00+00:00,25.81,7.5,32.99,0.0,8.39
2026-09-01T01:39:00+00:00,27.45,7.5,32.67,0.0,8.18
2026-09-01T01:40:00+00:00,53.37,21.82,28.61,0.0,8.18
2026-09-01T01:41:00+00:00,52.27,17.75,33.94,0.0,8.31
2026-09-01T01:42:00+00:00,46.74,17.03,32.39,0.31,8.72
2026-09-01T01:43:00+00:00,53.33,17.82,34.65,0.44,8.3
2026-09-01T01:44:00+00:00,52.28,21.95,32.86,0.03,8.27
2026-09-01T01:45:00+00:00,54.77,17.88,33.15,0.0,8.38
2026-09-01T01:46:00+00:00,46.81,12.4,33.75,0.0,8.18
2026-09-01T01:47:00+00:00,34.19,15.7,31.79,0.36,8.18
2026-09-01T01:48:00+00:00,56.52,21.02,32.6,0.0,8.25
2026-09-01T01:49:00+00:00,25.81,10.01,31.87,0.31,8.18
2026-09-01T01:50:00+00:00,51.57,17.86,33.95,0.47,8.18
2026-09-01T01:51:00+00:00,25.81,9.07,31.36,0.0,8.73
2026-09-01T01:52:00+00:00,26.84,8.75,35.65,0.0,8.36
2026-09-01T01:53:00+00:00,63.85,32.97,30.43,0.0,8.18
2026-09-01T01:54:00+00:00,52.58,15.63,36.1,0.09,8.18
2026-09-01T01:55:00+00:00,38.19,14.75,33.48,0.62,8.3
2026-09-01T01:56:00+00:00,45.52,12.38,35.52,0.0,8.18
2026-09-01T01:57:00+00:00,51.0,24.91,32.36,0.13,8.34
2026-09-01T01:58:00+00:00,66.59,36.53,32.57,0.0,8.19
2026-09-01T01:59:00+00:00,50.4,18.72,31.37,0.03,8.18
2026-09-01T02:00:00+00:00,56.69,21.42,31.87,0.32,8.74
2026-09-01T02:01:00+00:00,40.84,18.79,30.95,0.44,8.49
2026-09-01T02:02:00+00:00,28.84,12.09,38.41,0.0,8.18
2026-09-01T02:03:00+00:00,57.63,23.02,31.08,0.0,8.21
2026-09-01T02:04:00+00:00,46.52,21.18,33.71,0.0,8.78
2026-09-01T02:05:00+00:00,50.11,20.11,35.77,0.0,8.34
2026-09-01T02:06:00+00:00,25.81,8.6,34.11,0.0,8.18
2026-09-01T02:07:00+00:00,35.81,15.14,35.95,0.0,8.43
2026-09-01T02:08:00+00:00,41.29,16.42,32.14,0.0,8.18
2026-09-01T02:09:00+00:00,44.52,17.29,32.93,0.0,8.18
2026-09-01T02:10:00+00:00,51.49,17.75,32.05,0.03,8.18
2026-09-01T02:11:00+00:00,25.81,8.27,32.4,0.2,8.18
2026-09-01T02:12:00+00:00,40.94,12.58,33.28,0.0,8.34
2026-09-01T02:13:00+00:00,51.0,20.28,31.03,0.0,8.75
2026-09-01T02:14:00+00:00,48.16,19.79,31.82,0.04,8.53
2026-09-01T02:15:00+00:00,50.99,14.47,36.8,1.0,8.18
2026-09-01T02:16:00+00:00,53.15,18.98,35.23,0.0,8.73
2026-09-01T02:17:00+00:00,53.45,16.18,32.59,0.0,8.18
2026-09-01T02:18:00+00:00,27.94,7.5,31.39,0.0,8.62
2026-09-01T02:19:00+00:00,56.5,24.23,36.11,0.0,8.53
2026-09-01T02:20:00+00:00,54.85,19.34,33.64,0.0,8.35
2026-09-01T02:21:00+00:00,28.42,7.85,30.84,0.0,8.33
2026-09-01T02:22:00+00:00,56.98,25.29,32.45,0.0,8.41
2026-09-01T02:23:00+00:00,37.29,12.92,33.1,0.0,8.18
2026-09-01T02:24:00+00:00,56.19,24.71,31.34,0.0,8.18
2026-09-01T02:25:00+00:00,48.16,13.33,32.94,0.59,8.18
2026-09-01T02:26:00+00:00,51.97,17.31,33.79,0.0,8.18
2026-09-01T02:27:00+00:00,40.32,15.58,34.51,0.0,8.43
2026-09-01T02:28:00+00:00,38.48,14.48,30.95,0.28,8.53
2026-09-01T02:29:00+00:00,46.81,16.44,33.75,0.0,8.18
2026-09-01T02:30:00+00:00,46.84,17.35,33.68,0.0,8.22
2026-09-01T02:31:00+00:00,56.23,23.14,31.64,0.0,8.18
2026-09-01T02:32:00+00:00,36.77,12.07,33.91,0.0,8.37
2026-09-01T02:33:00+00:00,50.54,20.84,30.15,0.0,8.66
2026-09-01T02:34:00+00:00,32.77,12.33,31.07,0.0,8.35
2026-09-01T02:35:00+00:00,38.68,15.02,34.72,0.18,8.79
2026-09-01T02:36:00+00:00,35.55,14.79,32.97,0.0,8.18
2026-09-01T02:37:00+00:00,25.81,9.16,33.53,0.0,8.43
2026-09-01T02:38:00+00:00,50.25,18.03,33.31,0.34,8.18
2026-09-01T02:39:00+00:00,53.47,17.5,34.09,0.0,8.21
2026-09-01T02:40:00+00:00,51.04,17.36,35.72,0.0,8.18
2026-09-01T02:41:00+00:00,60.19,29.4,31.85,0.0,8.61
2026-09-01T02:42:00+00:00,26.45,9.47,34.7,0.59,8.53
2026-09-01T02:43:00+00:00,49.74,16.42,34.66,0.0,8.18
2026-09-01T02:44:00+00:00,53.73,21.33,31.72,0.52,8.64
2026-09-01T02:45:00+00:00,30.42,14.14,32.55,0.0,8.69
2026-09-01T02:46:00+00:00,65.4,31.58,33.18,0.64,8.6
2026-09-01T02:47:00+00:00,50.39,15.45,31.72,0.42,8.24
2026-09-01T02:48:00+00:00,54.94,20.92,32.91,0.0,8.61
2026-09-01T02:49:00+00:00,62.44,26.5,33.29,0.21,8.3
2026-09-01T02:50:00+00:00,54.04,24.77,30.61,0.0,8.18
2026-09-01T02:51:00+00:00,30.61,12.17,30.37,0.07,8.18
2026-09-01T02:52:00+00:00,41.42,14.18,31.04,0.0,8.68
2026-09-01T02:53:00+00:00,27.77,13.28,36.19,0.0,8.38
2026-09-01T02:54:00+00:00,28.84,7.5,33.75,0.0,8.18
2026-09-01T02:55:00+00:00,58.82,26.18,32.81,0.0,8.18
2026-09-01T02:56:00+00:00,37.77,9.04,33.58,0.0,8.18
2026-09-01T02:57:00+00:00,30.13,12.4,32.54,0.0,8.64
2026-09-01T02:58:00+00:00,60.19,24.88,32.24,0.48,8.72
2026-09-01T02:59:00+00:00,28.87,14.35,34.88,0.0,8.57
2026-09-01T03:00:00+00:00,53.81,16.38,33.52,0.0,8.18
2026-09-01T03:01:00+00:00,47.23,12.99,35.6,0.0,8.18
2026-09-01T03:02:00+00:00,44.1,19.06,31.12,0.0,8.18
2026-09-01T03:03:00+00:00,28.48,10.35,36.49,0.0,8.36
2026-09-01T03:04:00+00:00,50.78,19.28,28.99,0.0,8.32
2026-09-01T03:05:00+00:00,57.59,25.66,33.55,0.65,8.7
2026-09-01T03:06:00+00:00,59.17,22.73,37.3,0.0,8.23
2026-09-01T03:07:00+00:00,39.45,14.31,32.27,0.0,8.18
2026-09-01T03:08:00+00:00,54.95,23.28,31.44,0.0,8.18
2026-09-01T03:09:00+00:00,58.98,26.04,32.86,0.0,8.18
2026-09-01T03:10:00+00:00,44.03,15.03,30.7,0.0,8.18
2026-09-01T03:11:00+00:00,58.06,25.21,32.14,0.03,8.18
2026-09-01T03:12:00+00:00,59.77,26.2,34.12,0.57,8.18
2026-09-01T03:13:00+00:00,25.81,8.08,29.19,0.01,8.43
2026-09-01T03:14:00+00:00,38.97,10.61,31.24,0.0,8.18
2026-09-01T03:15:00+00:00,52.57,20.15,33.8,0.24,8.71
2026-09-01T03:16:00+00:00,31.71,12.15,31.77,0.0,8.2
2026-09-01T03:17:00+00:00,45.87,12.67,31.85,0.0,8.18
2026-09-01T03:18:00+00:00,33.52,13.4,34.93,0.0,8.43
2026-09-01T03:19:00+00:00,43.65,12.0,32.83,0.32,8.18
2026-09-01T03:20:00+00:00,36.13,13.98,30.59,0.0,8.35
2026-09-01T03:21:00+00:00,53.53,24.18,31.34,0.0,8.65
2026-09-01T03:22:00+00:00,50.28,18.04,33.68,0.0,8.19
2026-09-01T03:23:00+00:00,60.68,28.31,79.84,0.0,8.65
2026-09-01T03:24:00+00:00,25.81,9.95,87.06,0.35,8.54
2026-09-01T03:25:00+00:00,25.81,9.96,87.18,0.0,8.18
2026-09-01T03:26:00+00:00,48.29,11.89,83.44,0.0,8.18
2026-09-01T03:27:00+00:00,36.26,12.06,86.69,0.0,8.18
2026-09-01T03:28:00+00:00,51.24,19.42,87.89,0.61,8.78
2026-09-01T03:29:00+00:00,53.55,18.18,80.25,0.0,8.18
2026-09-01T03:30:00+00:00,34.06,13.84,74.26,0.0,8.18
2026-09-01T03:31:00+00:00,48.94,15.47,84.35,0.0,8.62
2026-09-01T03:32:00+00:00,54.35,18.76,81.01,0.0,8.18
2026-09-01T03:33:00+00:00,40.1,16.24,87.55,0.0,8.61
2026-09-01T03:34:00+00:00,50.15,22.05,85.65,0.0,8.18
2026-09-01T03:35:00+00:00,31.35,11.58,80.49,0.0,8.8
2026-09-01T03:36:00+00:00,40.03,13.74,81.7,0.0,8.57
2026-09-01T03:37:00+00:00,34.55,14.52,85.77,0.0,8.18
2026-09-01T03:38:00+00:00,53.65,23.8,81.6,0.0,8.18
2026-09-01T03:39:00+00:00,25.81,10.2,85.79,0.0,8.44
2026-09-01T03:40:00+00:00,37.19,13.57,83.39,0.0,8.63
2026-09-01T03:41:00+00:00,54.12,19.14,85.05,0.0,8.41
2026-09-01T03:42:00+00:00,37.26,12.35,80.69,0.0,8.33
2026-09-01T03:43:00+00:00,54.3,21.18,32.51,0.0,8.18
2026-09-01T03:44:00+00:00,53.23,17.34,34.62,0.0,8.47
2026-09-01T03:45:00+00:00,46.39,16.73,29.86,0.0,8.78
2026-09-01T03:46:00+00:00,46.13,16.99,34.8,0.0,8.18
2026-09-01T03:47:00+00:00,40.35,13.93,32.51,0.0,8.18
2026-09-01T03:48:00+00:00,48.1,18.41,34.01,0.0,8.35
2026-09-01T03:49:00+00:00,45.0,19.66,33.11,0.0,8.68
2026-09-01T03:50:00+00:00,54.71,20.45,32.88,0.15,8.25
2026-09-01T03:51:00+00:00,53.42,18.0,31.4,0.0,8.29
2026-09-01T03:52:00+00:00,51.52,22.38,29.81,0.6,8.18
2026-09-01T03:53:00+00:00,58.03,22.25,33.02,0.0,8.27
2026-09-01T03:54:00+00:00,51.63,21.91,32.11,0.59,8.58
2026-09-01T03:55:00+00:00,53.2,20.85,31.16,0.0,8.74
2026-09-01T03:56:00+00:00,49.06,15.98,35.09,0.53,8.79
2026-09-01T03:57:00+00:00,40.77,11.7,34.69,0.0,8.77
2026-09-01T03:58:00+00:00,48.06,15.63,34.31,0.1,8.18
2026-09-01T03:59:00+00:00,45.26,17.58,34.13,0.0,8.18
2026-09-01T04:00:00+00:00,37.94,17.04,31.92,0.0,8.18
2026-09-01T04:01:00+00:00,50.13,15.38,34.43,0.0,8.5
2026-09-01T04:02:00+00:00,38.58,15.79,34.84,0.0,8.57
2026-09-01T04:03:00+00:00,32.68,16.73,33.44,0.0,8.18
2026-09-01T04:04:00+00:00,53.37,16.95,33.79,0.0,8.58
2026-09-01T04:05:00+00:00,28.71,13.57,34.96,0.0,8.43
2026-09-01T04:06:00+00:00,54.5,22.49,35.28,0.0,8.18
2026-09-01T04:07:00+00:00,51.68,18.61,31.33,0.36,8.47
2026-09-01T04:08:00+00:00,50.25,14.4,32.77,0.34,8.55
2026-09-01T04:09:00+00:00,55.66,25.04,32.53,0.44,8.22
2026-09-01T04:10:00+00:00,33.45,13.45,33.81,0.0,8.18
2026-09-01T04:11:00+00:00,45.16,14.52,34.5,0.0,8.25
2026-09-01T04:12:00+00:00,57.29,16.49,32.11,0.0,8.25
2026-09-01T04:13:00+00:00,41.26,16.52,31.2,0.0,8.56
2026-09-01T04:14:00+00:00,30.0,8.66,32.33,0.0,8.18
2026-09-01T04:15:00+00:00,42.45,14.83,33.52,0.11,8.18
2026-09-01T04:16:00+00:00,38.06,14.82,31.91,0.0,8.18
2026-09-01T04:17:00+00:00,50.54,13.77,33.1,0.0,8.5
2026-09-01T04:18:00+00:00,48.77,14.71,32.3,0.14,8.23
2026-09-01T04:19:00+00:00,29.71,12.3,30.95,0.0,8.18
2026-09-01T04:20:00+00:00,25.81,7.5,29.96,0.0,8.55
2026-09-01T04:21:00+00:00,50.88,20.89,31.85,0.0,8.18
2026-09-01T04:22:00+00:00,40.23,12.14,33.65,0.34,8.29
2026-09-01T04:23:00+00:00,39.42,11.74,35.1,0.0,8.18
2026-09-01T04:24:00+00:00,39.74,15.49,33.51,0.0,8.18
2026-09-01T04:25:00+00:00,55.38,16.9,33.89,0.0,8.78
2026-09-01T04:26:00+00:00,43.48,17.23,35.02,0.22,8.18
2026-09-01T04:27:00+00:00,37.45,10.28,33.2,0.0,8.23
2026-09-01T04:28:00+00:00,53.2,17.52,33.57,0.0,8.18
2026-09-01T04:29:00+00:00,48.84,15.9,32.52,0.0,8.18
2026-09-01T04:30:00+00:00,42.81,12.2,30.91,0.59,8.36
2026-09-01T04:31:00+00:00,46.52,17.8,32.86,0.25,8.32
2026-09-01T04:32:00+00:00,53.42,19.85,32.94,0.0,8.18
2026-09-01T04:33:00+00:00,56.73,21.27,32.54,0.0,8.18
2026-09-01T04:34:00+00:00,33.13,13.28,32.73,0.0,8.18
2026-09-01T04:35:00+00:00,54.96,21.87,34.96,0.0,8.18
2026-09-01T04:36:00+00:00,46.77,16.46,31.14,0.0,8.18
2026-09-01T04:37:00+00:00,51.49,20.32,33.05,0.0,8.4
2026-09-01T04:38:00+00:00,54.57,21.88,34.18,0.0,8.18
2026-09-01T04:39:00+00:00,53.21,20.75,33.13,0.0,8.18
2026-09-01T04:40:00+00:00,53.71,17.01,34.17,0.0,8.18
2026-09-01T04:41:00+00:00,53.36,25.08,34.18,0.0,8.34
2026-09-01T04:42:00+00:00,114.14,64.1,31.08,0.0,8.69
2026-09-01T04:43:00+00:00,112.37,61.78,28.7,0.0,8.18
2026-09-01T04:44:00+00:00,119.35,65.24,32.15,0.0,8.18
2026-09-01T04:45:00+00:00,110.02,60.65,35.62,0.0,8.18
2026-09-01T04:46:00+00:00,111.01,60.21,35.31,0.05,8.18
2026-09-01T04:47:00+00:00,111.73,59.67,29.98,0.0,8.18
2026-09-01T04:48:00+00:00,120.72,64.21,33.87,0.0,8.18
2026-09-01T04:49:00+00:00,114.94,64.55,35.56,0.0,8.18
2026-09-01T04:50:00+00:00,126.53,70.78,34.01,0.0,8.18
2026-09-01T04:51:00+00:00,117.52,67.27,32.25,0.0,8.8
2026-09-01T04:52:00+00:00,107.26,58.47,34.78,0.24,8.18
2026-09-01T04:53:00+00:00,108.27,57.67,33.59,0.0,8.43
2026-09-01T04:54:00+00:00,117.93,64.2,34.49,0.0,8.18
2026-09-01T04:55:00+00:00,120.75,62.92,35.05,0.12,8.68
2026-09-01T04:56:00+00:00,120.03,65.3,30.88,0.0,8.59
2026-09-01T04:57:00+00:00,124.53,67.87,32.72,0.53,8.18
2026-09-01T04:58:00+00:00,117.09,62.42,30.65,0.0,8.65
2026-09-01T04:59:00+00:00,124.33,67.76,32.57,0.0,8.78
2026-09-01T05:00:00+00:00,127.35,68.69,33.88,0.0,8.64
2026-09-01T05:01:00+00:00,115.13,63.57,35.62,0.0,8.18
2026-09-01T05:02:00+00:00,130.35,74.88,34.24,0.0,8.18
2026-09-01T05:03:00+00:00,114.66,60.43,33.84,0.0,8.35
2026-09-01T05:04:00+00:00,128.65,66.75,32.46,0.0,8.18
2026-09-01T05:05:00+00:00,118.57,67.56,27.77,0.0,8.18
2026-09-01T05:06:00+00:00,122.35,66.7,33.54,0.0,8.72
2026-09-01T05:07:00+00:00,124.74,66.03,33.13,0.0,8.75
2026-09-01T05:08:00+00:00,112.76,62.45,32.61,0.0,8.31
2026-09-01T05:09:00+00:00,35.52,7.5,33.73,0.23,8.18
2026-09-01T05:10:00+00:00,33.26,9.13,33.1,0.0,8.18
2026-09-01T05:11:00+00:00,58.16,32.38,35.72,0.0,8.18
2026-09-01T05:12:00+00:00,43.13,19.93,34.35,0.0,8.18
2026-09-01T05:13:00+00:00,51.77,17.5,33.6,0.0,8.79
2026-09-01T05:14:00+00:00,46.0,16.7,32.01,0.0,8.6
2026-09-01T05:15:00+00:00,47.97,16.62,32.08,0.0,8.29
2026-09-01T05:16:00+00:00,42.32,20.97,33.62,0.0,8.53
2026-09-01T05:17:00+00:00,51.98,24.61,31.73,0.0,8.28
2026-09-01T05:18:00+00:00,35.16,14.6,31.71,0.79,8.18
2026-09-01T05:19:00+00:00,52.76,18.23,33.6,0.0,8.71
2026-09-01T05:20:00+00:00,35.1,14.93,36.55,0.0,8.43
2026-09-01T05:21:00+00:00,41.03,11.73,31.89,0.0,8.18
2026-09-01T05:22:00+00:00,51.44,20.74,34.62,0.0,8.78
2026-09-01T05:23:00+00:00,51.15,17.64,34.95,0.0,8.73
2026-09-01T05:24:00+00:00,38.35,12.33,33.04,0.26,8.18
2026-09-01T05:25:00+00:00,42.39,18.84,28.55,0.0,8.53
2026-09-01T05:26:00+00:00,50.79,14.01,33.1,0.0,8.77
2026-09-01T05:27:00+00:00,52.87,18.78,34.94,0.0,8.7
2026-09-01T05:28:00+00:00,37.97,13.46,31.73,0.0,8.69
2026-09-01T05:29:00+00:00,52.69,23.16,36.77,0.0,8.19
2026-09-01T05:30:00+00:00,42.35,13.91,32.16,0.0,8.18
2026-09-01T05:31:00+00:00,51.73,20.67,32.98,0.17,8.35
2026-09-01T05:32:00+00:00,42.84,13.74,33.39,0.0,8.2
2026-09-01T05:33:00+00:00,48.65,18.38,30.91,0.0,8.52
2026-09-01T05:34:00+00:00,57.51,24.69,35.92,0.0,8.68
2026-09-01T05:35:00+00:00,46.97,14.97,36.65,0.29,8.29
2026-09-01T05:36:00+00:00,43.45,11.7,35.49,0.0,8.63
2026-09-01T05:37:00+00:00,50.64,24.66,34.44,0.24,8.31
2026-09-01T05:38:00+00:00,43.03,16.99,33.42,0.0,8.65
2026-09-01T05:39:00+00:00,46.19,20.22,34.77,0.0,8.21
2026-09-01T05:40:00+00:00,44.65,11.53,34.1,0.28,8.78
2026-09-01T05:41:00+00:00,53.92,23.2,28.92,0.0,8.43
2026-09-01T05:42:00+00:00,51.07,14.03,31.59,0.36,8.18
2026-09-01T05:43:00+00:00,52.82,20.39,31.2,0.0,8.18
2026-09-01T05:44:00+00:00,47.68,14.2,30.58,0.0,8.18
2026-09-01T05:45:00+00:00,51.0,17.25,32.32,0.0,8.44
2026-09-01T05:46:00+00:00,42.9,12.38,32.92,0.0,8.27
2026-09-01T05:47:00+00:00,39.03,16.95,31.32,0.0,8.38
2026-09-01T05:48:00+00:00,47.16,15.92,33.3,0.0,8.57
2026-09-01T05:49:00+00:00,51.35,19.41,32.47,0.3,8.27
2026-09-01T05:50:00+00:00,44.61,12.62,33.68,0.07,8.18
2026-09-01T05:51:00+00:00,53.12,20.01,32.46,0.0,8.79
2026-09-01T05:52:00+00:00,47.61,17.32,35.05,0.0,8.18
2026-09-01T05:53:00+00:00,36.13,17.54,29.06,0.47,8.18
2026-09-01T05:54:00+00:00,47.71,13.61,34.99,0.0,8.29
2026-09-01T05:55:00+00:00,48.1,15.14,34.23,0.24,8.76
2026-09-01T05:56:00+00:00,47.94,16.21,34.23,0.0,8.18
2026-09-01T05:57:00+00:00,51.39,17.72,34.97,0.0,8.18
2026-09-01T05:58:00+00:00,32.9,14.3,31.26,0.0,8.18
2026-09-01T05:59:00+00:00,52.07,18.9,35.74,0.26,8.67
2026-09-01T06:00:00+00:00,50.39,19.88,36.49,0.0,8.18
2026-09-01T06:01:00+00:00,44.19,14.81,32.79,0.0,8.24
2026-09-01T06:02:00+00:00,52.93,17.12,34.68,0.0,8.18
2026-09-01T06:03:00+00:00,50.34,20.67,32.37,0.0,8.39
2026-09-01T06:04:00+00:00,45.29,18.58,35.08,0.0,8.18
2026-09-01T06:05:00+00:00,53.73,20.69,34.42,0.0,8.18
2026-09-01T06:06:00+00:00,46.84,14.3,34.76,0.0,8.18
2026-09-01T06:07:00+00:00,37.29,12.26,34.55,0.0,8.18
2026-09-01T06:08:00+00:00,33.71,10.17,31.99,0.0,8.38
2026-09-01T06:09:00+00:00,52.72,20.16,33.58,0.0,8.76
2026-09-01T06:10:00+00:00,39.1,12.59,34.49,0.0,8.18
2026-09-01T06:11:00+00:00,55.25,20.48,33.41,0.35,8.18
2026-09-01T06:12:00+00:00,51.48,17.65,34.24,0.0,8.3
2026-09-01T06:13:00+00:00,49.74,18.57,32.94,0.0,8.18
2026-09-01T06:14:00+00:00,53.26,20.5,32.52,0.0,8.18
2026-09-01T06:15:00+00:00,46.0,16.58,34.17,0.0,8.18
2026-09-01T06:16:00+00:00,27.71,8.29,34.49,0.0,8.18
2026-09-01T06:17:00+00:00,54.8,19.68,31.11,0.0,8.4
2026-09-01T06:18:00+00:00,39.1,10.36,36.22,0.24,8.57
2026-09-01T06:19:00+00:00,42.97,11.48,32.71,0.0,8.18
2026-09-01T06:20:00+00:00,52.44,20.3,33.63,0.0,8.18
2026-09-01T06:21:00+00:00,55.1,24.54,32.78,0.0,8.71
2026-09-01T06:22:00+00:00,51.9,19.86,34.1,0.0,8.4
2026-09-01T06:23:00+00:00,50.54,20.03,37.73,0.58,8.18
2026-09-01T06:24:00+00:00,39.45,13.49,34.0,0.0,8.25
2026-09-01T06:25:00+00:00,52.52,21.02,34.27,0.0,8.18
2026-09-01T06:26:00+00:00,46.48,14.5,34.52,0.0,8.18
2026-09-01T06:27:00+00:00,51.27,18.95,32.6,0.43,8.18
2026-09-01T06:28:00+00:00,54.37,18.73,35.52,0.26,8.18
2026-09-01T06:29:00+00:00,32.97,10.53,33.07,0.41,8.18
2026-09-01T06:30:00+00:00,52.58,21.98,33.8,0.0,8.49
2026-09-01T06:31:00+00:00,52.83,23.17,38.54,0.0,8.32
2026-09-01T06:32:00+00:00,41.42,17.84,31.63,0.0,8.63
2026-09-01T06:33:00+00:00,49.03,17.46,32.93,0.0,8.18
2026-09-01T06:34:00+00:00,52.67,19.59,36.28,0.0,8.67
2026-09-01T06:35:00+00:00,39.74,17.54,36.92,0.0,8.18
2026-09-01T06:36:00+00:00,44.58,22.98,32.54,0.0,8.18
2026-09-01T06:37:00+00:00,42.65,20.24,34.68,0.24,8.28
2026-09-01T06:38:00+00:00,36.71,15.58,34.39,0.0,8.26
2026-09-01T06:39:00+00:00,45.81,20.08,34.57,0.0,8.18
2026-09-01T06:40:00+00:00,49.55,18.65,33.27,0.0,8.67
2026-09-01T06:41:00+00:00,51.04,16.71,35.32,0.0,8.18
2026-09-01T06:42:00+00:00,43.29,15.09,34.34,0.0,8.18
2026-09-01T06:43:00+00:00,52.86,22.58,34.33,0.0,8.57
2026-09-01T06:44:00+00:00,36.71,16.23,35.1,0.0,8.8
2026-09-01T06:45:00+00:00,52.28,18.64,32.57,0.0,8.18
2026-09-01T06:46:00+00:00,51.58,22.47,33.41,0.0,8.18
2026-09-01T06:47:00+00:00,51.47,21.99,37.93,0.0,8.18
2026-09-01T06:48:00+00:00,44.42,15.94,33.23,0.0,8.71
2026-09-01T06:49:00+00:00,49.58,15.03,34.47,0.17,8.5
2026-09-01T06:50:00+00:00,54.01,20.69,31.8,0.22,8.23
2026-09-01T06:51:00+00:00,46.16,14.24,35.39,0.0,8.25
2026-09-01T06:52:00+00:00,46.26,17.24,37.94,0.0,8.18
2026-09-01T06:53:00+00:00,50.13,19.36,35.29,0.0,8.4
2026-09-01T06:54:00+00:00,53.63,18.51,33.28,0.0,8.18
2026-09-01T06:55:00+00:00,45.65,16.5,32.95,0.0,8.18
2026-09-01T06:56:00+00:00,44.1,16.0,35.81,0.0,8.3
2026-09-01T06:57:00+00:00,52.43,18.97,35.05,0.0,8.34
2026-09-01T06:58:00+00:00,45.71,15.95,36.79,0.0,8.69
2026-09-01T06:59:00+00:00,50.51,18.17,35.85,0.0,8.4
2026-09-01T07:00:00+00:00,50.08,17.42,34.2,0.36,8.32
2026-09-01T07:01:00+00:00,47.06,19.4,32.6,0.0,8.18
2026-09-01T07:02:00+00:00,53.47,17.9,34.91,0.0,8.73
2026-09-01T07:03:00+00:00,45.13,19.8,34.26,0.69,8.74
2026-09-01T07:04:00+00:00,48.16,26.78,35.9,0.0,8.76
2026-09-01T07:05:00+00:00,52.16,17.5,33.69,0.0,8.18
2026-09-01T07:06:00+00:00,47.32,20.2,33.58,0.0,8.58
2026-09-01T07:07:00+00:00,56.64,23.0,35.79,0.0,8.18
2026-09-01T07:08:00+00:00,48.55,15.82,35.85,0.0,8.65
2026-09-01T07:09:00+00:00,43.16,18.89,32.55,0.0,8.18
2026-09-01T07:10:00+00:00,49.45,22.26,32.79,0.0,8.18
2026-09-01T07:11:00+00:00,51.52,17.69,32.88,0.59,8.18
2026-09-01T07:12:00+00:00,50.06,17.01,36.9,0.0,8.38
2026-09-01T07:13:00+00:00,54.17,20.56,33.16,0.74,8.18
2026-09-01T07:14:00+00:00,44.1,17.81,35.37,0.0,8.18
2026-09-01T07:15:00+00:00,50.95,19.1,37.35,0.0,8.18
2026-09-01T07:16:00+00:00,41.03,12.44,33.55,0.0,8.26
2026-09-01T07:17:00+00:00,46.71,15.96,36.04,0.0,8.25
2026-09-01T07:18:00+00:00,30.71,13.04,36.2,0.0,8.67
2026-09-01T07:19:00+00:00,40.03,11.31,36.28,0.0,8.26
2026-09-01T07:20:00+00:00,45.29,19.85,36.45,0.0,8.28
2026-09-01T07:21:00+00:00,33.52,12.13,32.74,0.0,8.31
2026-09-01T07:22:00+00:00,51.23,19.11,36.82,0.0,8.51
2026-09-01T07:23:00+00:00,50.75,21.62,36.12,0.0,8.18
2026-09-01T07:24:00+00:00,58.17,24.48,34.18,0.0,8.18
2026-09-01T07:25:00+00:00,51.52,13.88,36.98,0.0,8.18
2026-09-01T07:26:00+00:00,42.06,13.76,39.69,0.0,8.18
2026-09-01T07:27:00+00:00,49.81,15.48,37.21,0.0,8.18
2026-09-01T07:28:00+00:00,49.87,15.61,40.61,0.0,8.18
2026-09-01T07:29:00+00:00,49.94,22.04,34.18,0.41,8.76
2026-09-01T07:30:00+00:00,52.53,18.12,34.63,0.0,8.18
2026-09-01T07:31:00+00:00,39.23,13.32,33.84,0.36,8.19
2026-09-01T07:32:00+00:00,54.72,18.06,37.29,0.0,8.33
2026-09-01T07:33:00+00:00,42.0,15.35,35.84,0.0,8.25
2026-09-01T07:34:00+00:00,32.74,11.02,38.6,0.0,8.18
2026-09-01T07:35:00+00:00,45.1,15.76,34.75,0.04,8.19
2026-09-01T07:36:00+00:00,48.16,16.23,37.89,0.0,8.18
2026-09-01T07:37:00+00:00,45.94,14.18,37.34,0.36,8.18
2026-09-01T07:38:00+00:00,49.16,20.71,36.47,0.0,8.3
2026-09-01T07:39:00+00:00,52.48,18.39,37.93,0.0,8.62
2026-09-01T07:40:00+00:00,42.84,14.51,36.28,0.34,8.18
2026-09-01T07:41:00+00:00,54.42,23.69,36.85,0.0,8.7
2026-09-01T07:42:00+00:00,43.35,13.91,37.38,0.0,8.38
2026-09-01T07:43:00+00:00,48.1,14.68,37.98,0.39,8.18
2026-09-01T07:44:00+00:00,40.19,7.81,37.73,0.0,8.6
2026-09-01T07:45:00+00:00,51.34,14.54,36.22,0.0,8.67
2026-09-01T07:46:00+00:00,46.19,15.38,35.83,0.0,8.77
2026-09-01T07:47:00+00:00,39.61,20.88,35.89,0.0,8.27
2026-09-01T07:48:00+00:00,50.39,15.62,38.13,0.0,8.25
2026-09-01T07:49:00+00:00,37.84,11.57,35.81,0.0,8.34
2026-09-01T07:50:00+00:00,35.65,11.11,37.67,0.0,8.37
2026-09-01T07:51:00+00:00,49.97,16.14,39.65,0.0,8.36
2026-09-01T07:52:00+00:00,55.71,25.03,39.0,0.0,8.31
2026-09-01T07:53:00+00:00,50.19,19.11,38.88,0.0,8.55
2026-09-01T07:54:00+00:00,44.94,16.24,34.22,0.0,8.65
2026-09-01T07:55:00+00:00,50.75,17.44,34.95,0.0,8.44
2026-09-01T07:56:00+00:00,45.68,19.25,36.46,0.0,8.6
2026-09-01T07:57:00+00:00,48.45,15.12,38.28,0.19,8.42
2026-09-01T07:58:00+00:00,44.9,18.13,37.44,0.41,8.64
2026-09-01T07:59:00+00:00,53.81,22.5,37.64,0.0,8.75
2026-09-01T08:00:00+00:00,46.06,12.08,36.29,0.0,8.22
2026-09-01T08:01:00+00:00,39.13,15.24,37.68,0.0,9.0
2026-09-01T08:02:00+00:00,50.05,16.75,40.1,0.27,8.28
2026-09-01T08:03:00+00:00,51.33,15.78,40.75,0.43,9.27
2026-09-01T08:04:00+00:00,53.05,22.27,36.89,0.0,8.37
2026-09-01T08:05:00+00:00,43.74,20.27,41.23,0.0,8.73
2026-09-01T08:06:00+00:00,48.06,14.19,37.52,0.0,8.31
2026-09-01T08:07:00+00:00,52.99,25.34,36.99,0.0,8.27
2026-09-01T08:08:00+00:00,47.06,15.43,37.04,0.0,8.23
2026-09-01T08:09:00+00:00,42.52,12.16,40.37,0.0,9.22
2026-09-01T08:10:00+00:00,52.37,18.73,36.89,0.0,9.54
2026-09-01T08:11:00+00:00,51.87,14.21,39.32,0.35,9.09
2026-09-01T08:12:00+00:00,51.72,16.74,39.08,0.0,8.62
2026-09-01T08:13:00+00:00,50.46,18.9,38.88,0.0,8.62
2026-09-01T08:14:00+00:00,50.95,19.09,37.41,0.15,8.37
2026-09-01T08:15:00+00:00,44.23,14.09,38.39,0.0,8.3
2026-09-01T08:16:00+00:00,46.52,14.98,36.74,0.0,8.73
2026-09-01T08:17:00+00:00,50.93,22.31,36.75,0.0,8.53
2026-09-01T08:18:00+00:00,38.68,9.9,40.66,0.0,8.56
2026-09-01T08:19:00+00:00,39.03,10.19,40.68,0.0,9.55
2026-09-01T08:20:00+00:00,46.03,13.65,42.49,0.0,8.59
2026-09-01T08:21:00+00:00,53.7,23.25,34.29,0.11,8.4
2026-09-01T08:22:00+00:00,32.55,14.37,38.81,0.0,8.66
2026-09-01T08:23:00+00:00,35.68,11.06,37.76,0.0,10.28
2026-09-01T08:24:00+00:00,48.84,17.47,36.7,0.58,9.98
2026-09-01T08:25:00+00:00,50.7,18.77,37.51,0.0,8.33
2026-09-01T08:26:00+00:00,56.58,19.21,39.47,0.0,10.76
2026-09-01T08:27:00+00:00,50.95,19.05,39.3,0.26,9.76
2026-09-01T08:28:00+00:00,36.29,11.65,42.49,0.24,8.56
2026-09-01T08:29:00+00:00,51.87,17.99,40.01,0.0,8.59
2026-09-01T08:30:00+00:00,51.25,17.07,36.88,0.0,8.42
2026-09-01T08:31:00+00:00,40.13,13.22,38.87,0.0,9.91
2026-09-01T08:32:00+00:00,50.78,21.38,39.26,0.0,8.44
2026-09-01T08:33:00+00:00,44.65,15.06,44.96,0.0,11.4
2026-09-01T08:34:00+00:00,46.71,14.69,42.35,0.21,11.0
2026-09-01T08:35:00+00:00,35.97,10.27,42.91,0.0,8.47
2026-09-01T08:36:00+00:00,51.23,18.98,36.39,0.0,10.25
2026-09-01T08:37:00+00:00,41.23,16.49,42.95,0.65,8.58
2026-09-01T08:38:00+00:00,53.01,16.39,38.48,1.05,11.11
2026-09-01T08:39:00+00:00,44.94,14.35,43.89,0.0,10.83
2026-09-01T08:40:00+00:00,40.42,17.6,44.44,0.0,8.25
2026-09-01T08:41:00+00:00,52.84,23.1,43.5,0.0,8.73
2026-09-01T08:42:00+00:00,44.55,15.61,43.03,0.0,8.49
2026-09-01T08:43:00+00:00,49.71,20.33,38.58,0.0,11.16
2026-09-01T08:44:00+00:00,38.84,11.47,40.16,0.0,10.63
2026-09-01T08:45:00+00:00,52.42,14.33,41.56,0.0,8.66
2026-09-01T08:46:00+00:00,52.02,16.84,43.43,0.66,8.19
2026-09-01T08:47:00+00:00,51.57,18.16,39.48,0.6,8.23
2026-09-01T08:48:00+00:00,42.39,16.04,41.54,0.0,8.7
2026-09-01T08:49:00+00:00,55.64,23.1,40.88,0.0,11.53
2026-09-01T08:50:00+00:00,50.0,19.92,41.5,0.0,8.25
2026-09-01T08:51:00+00:00,50.26,14.51,39.9,0.0,8.63
2026-09-01T08:52:00+00:00,52.87,16.91,39.72,0.0,10.94
2026-09-01T08:53:00+00:00,40.58,17.73,37.48,0.0,8.2
2026-09-01T08:54:00+00:00,46.1,17.52,41.94,0.03,8.33
2026-09-01T08:55:00+00:00,57.61,24.92,42.3,0.0,11.47
2026-09-01T08:56:00+00:00,44.29,14.98,41.52,0.14,8.68
2026-09-01T08:57:00+00:00,44.58,16.24,38.65,0.22,12.96
2026-09-01T08:58:00+00:00,45.45,14.26,39.78,0.0,11.97
2026-09-01T08:59:00+00:00,35.97,7.5,41.47,0.0,8.23
2026-09-01T09:00:00+00:00,50.83,19.34,42.63,0.73,8.67
2026-09-01T09:01:00+00:00,54.09,19.29,43.42,0.0,8.22
2026-09-01T09:02:00+00:00,54.06,21.86,44.29,0.23,11.49
2026-09-01T09:03:00+00:00,51.79,16.53,41.47,0.0,8.26
2026-09-01T09:04:00+00:00,52.43,21.62,44.42,0.0,12.98
2026-09-01T09:05:00+00:00,46.74,12.92,38.82,0.0,12.1
2026-09-01T09:06:00+00:00,51.83,26.18,40.73,0.0,12.9
2026-09-01T09:07:00+00:00,49.68,16.88,44.04,0.0,13.01
2026-09-01T09:08:00+00:00,38.35,10.38,42.56,0.0,8.29
2026-09-01T09:09:00+00:00,50.1,13.78,41.71,0.09,8.26
2026-09-01T09:10:00+00:00,43.23,13.76,42.48,0.0,8.71
2026-09-01T09:11:00+00:00,49.94,18.92,43.24,0.0,14.88
2026-09-01T09:12:00+00:00,43.77,14.55,44.87,0.0,8.24
2026-09-01T09:13:00+00:00,50.24,17.84,44.08,0.0,14.23
2026-09-01T09:14:00+00:00,52.19,24.22,41.47,0.0,14.89
2026-09-01T09:15:00+00:00,43.81,15.96,43.79,0.0,8.78
2026-09-01T09:16:00+00:00,37.61,19.08,40.71,0.0,8.24
2026-09-01T09:17:00+00:00,43.03,13.12,41.25,0.0,8.33
2026-09-01T09:18:00+00:00,42.16,10.04,40.71,0.0,12.39
2026-09-01T09:19:00+00:00,51.79,22.92,42.78,0.0,8.34
2026-09-01T09:20:00+00:00,49.06,14.08,43.63,0.36,8.55
2026-09-01T09:21:00+00:00,41.61,15.51,42.74,0.0,8.65
2026-09-01T09:22:00+00:00,54.41,19.4,43.49,0.36,8.33
2026-09-01T09:23:00+00:00,51.28,21.72,40.52,0.0,13.6
2026-09-01T09:24:00+00:00,51.23,17.75,42.0,0.0,8.69
2026-09-01T09:25:00+00:00,51.83,21.73,41.04,0.0,8.57
2026-09-01T09:26:00+00:00,43.39,18.76,40.53,0.0,12.67
2026-09-01T09:27:00+00:00,51.87,16.76,43.32,0.0,8.36
2026-09-01T09:28:00+00:00,52.68,17.78,42.36,0.0,14.24
2026-09-01T09:29:00+00:00,50.76,22.7,46.29,0.12,15.69
2026-09-01T09:30:00+00:00,52.82,20.58,43.77,0.0,16.11
2026-09-01T09:31:00+00:00,50.36,19.45,45.32,0.3,13.9
2026-09-01T09:32:00+00:00,43.48,15.49,47.81,0.56,16.26
2026-09-01T09:33:00+00:00,50.99,17.21,41.7,0.0,14.28
2026-09-01T09:34:00+00:00,46.45,19.99,40.19,0.36,8.8
2026-09-01T09:35:00+00:00,57.74,22.74,43.36,0.0,15.01
2026-09-01T09:36:00+00:00,39.03,17.32,42.07,0.67,16.46
2026-09-01T09:37:00+00:00,36.68,10.77,46.61,0.51,15.06
2026-09-01T09:38:00+00:00,46.19,17.8,37.39,0.0,8.68
2026-09-01T09:39:00+00:00,36.19,15.06,45.75,0.0,15.7
2026-09-01T09:40:00+00:00,44.42,12.92,42.47,0.33,8.45
2026-09-01T09:41:00+00:00,41.84,15.97,42.0,0.0,8.57
2026-09-01T09:42:00+00:00,48.81,16.02,42.53,0.0,8.25
2026-09-01T09:43:00+00:00,39.58,12.66,43.68,0.0,15.01
2026-09-01T09:44:00+00:00,51.04,17.38,40.2,0.01,13.83
2026-09-01T09:45:00+00:00,39.03,21.67,43.97,0.0,8.38
2026-09-01T09:46:00+00:00,47.32,22.42,43.42,0.0,8.32
2026-09-01T09:47:00+00:00,39.23,16.25,47.72,0.11,14.15
2026-09-01T09:48:00+00:00,51.77,15.34,45.42,0.0,8.67
2026-09-01T09:49:00+00:00,42.42,11.65,42.33,0.0,18.59
2026-09-01T09:50:00+00:00,38.16,11.37,44.12,0.0,8.73
2026-09-01T09:51:00+00:00,50.64,19.22,43.72,0.0,8.78
2026-09-01T09:52:00+00:00,54.44,22.98,45.71,0.0,15.27
2026-09-01T09:53:00+00:00,56.47,21.64,44.77,0.43,8.48
2026-09-01T09:54:00+00:00,49.39,21.23,45.79,0.0,8.3
2026-09-01T09:55:00+00:00,57.21,21.58,44.96,0.0,8.44
2026-09-01T09:56:00+00:00,44.26,13.18,46.06,0.1,16.75
2026-09-01T09:57:00+00:00,54.32,21.62,44.88,0.0,17.95
2026-09-01T09:58:00+00:00,55.1,17.39,43.94,0.14,18.99
2026-09-01T09:59:00+00:00,51.42,18.04,41.04,0.0,16.97
2026-09-01T10:00:00+00:00,54.05,27.06,43.69,0.67,20.0
2026-09-01T10:01:00+00:00,53.07,18.8,41.52,0.0,18.07
2026-09-01T10:02:00+00:00,49.13,20.93,40.23,0.66,8.22
2026-09-01T10:03:00+00:00,50.14,16.96,44.12,0.54,8.77
2026-09-01T10:04:00+00:00,39.06,13.81,44.03,0.0,8.25
2026-09-01T10:05:00+00:00,51.74,17.85,45.01,0.0,8.48
2026-09-01T10:06:00+00:00,28.94,15.91,41.16,0.0,8.57
2026-09-01T10:07:00+00:00,50.39,17.23,47.37,0.58,18.88
2026-09-01T10:08:00+00:00,50.03,15.55,42.14,0.0,8.37
2026-09-01T10:09:00+00:00,47.55,13.97,46.34,0.0,19.9
2026-09-01T10:10:00+00:00,52.87,18.54,44.65,0.0,8.43
2026-09-01T10:11:00+00:00,42.19,14.3,44.53,0.0,8.38
2026-09-01T10:12:00+00:00,47.06,16.72,44.4,0.0,8.23
2026-09-01T10:13:00+00:00,50.58,17.34,49.37,0.0,16.45
2026-09-01T10:14:00+00:00,50.0,15.01,41.45,0.0,8.36
2026-09-01T10:15:00+00:00,43.45,24.07,44.36,0.0,17.15
2026-09-01T10:16:00+00:00,52.54,21.76,42.8,0.0,8.37
2026-09-01T10:17:00+00:00,53.43,21.51,41.48,0.0,17.56
2026-09-01T10:18:00+00:00,48.39,18.79,45.55,0.0,16.07
2026-09-01T10:19:00+00:00,51.75,19.39,47.26,0.0,17.94
2026-09-01T10:20:00+00:00,50.59,18.76,40.91,0.0,8.73
2026-09-01T10:21:00+00:00,55.09,20.88,42.1,0.0,21.24
2026-09-01T10:22:00+00:00,47.71,18.82,47.44,0.28,8.6
2026-09-01T10:23:00+00:00,47.26,16.72,40.64,0.0,19.13
2026-09-01T10:24:00+00:00,45.42,18.38,41.03,0.0,21.5
2026-09-01T10:25:00+00:00,57.63,21.79,45.11,0.34,16.32
2026-09-01T10:26:00+00:00,40.74,14.68,43.98,0.42,21.59
2026-09-01T10:27:00+00:00,41.35,19.91,43.09,0.0,20.6
2026-09-01T10:28:00+00:00,50.8,18.94,41.06,0.04,8.52
2026-09-01T10:29:00+00:00,48.81,17.81,43.4,0.0,8.47
2026-09-01T10:30:00+00:00,43.26,18.88,41.55,0.0,8.2
2026-09-01T10:31:00+00:00,31.77,12.4,43.59,0.0,23.18
2026-09-01T10:32:00+00:00,42.65,15.3,47.11,0.0,18.48
2026-09-01T10:33:00+00:00,50.15,12.19,41.43,0.0,8.5
2026-09-01T10:34:00+00:00,56.54,26.99,47.51,0.28,8.41
2026-09-01T10:35:00+00:00,47.52,18.63,42.84,0.36,8.54
2026-09-01T10:36:00+00:00,43.13,11.44,44.0,0.0,8.76
2026-09-01T10:37:00+00:00,47.87,15.38,42.89,0.0,22.25
2026-09-01T10:38:00+00:00,52.23,20.39,46.0,0.0,8.21
2026-09-01T10:39:00+00:00,52.31,16.34,42.52,0.0,24.01
2026-09-01T10:40:00+00:00,53.95,24.94,41.63,0.0,22.48
2026-09-01T10:41:00+00:00,52.24,23.91,45.09,0.0,20.33
2026-09-01T10:42:00+00:00,57.03,21.12,43.47,0.0,23.15
2026-09-01T10:43:00+00:00,45.23,15.45,42.76,0.0,8.72
2026-09-01T10:44:00+00:00,53.17,25.76,38.98,0.0,8.49
2026-09-01T10:45:00+00:00,50.05,16.02,43.26,0.0,8.22
2026-09-01T10:46:00+00:00,49.29,16.96,43.73,0.0,22.55
2026-09-01T10:47:00+00:00,47.29,13.55,42.56,0.5,8.34
2026-09-01T10:48:00+00:00,45.61,17.55,42.88,0.0,24.91
2026-09-01T10:49:00+00:00,38.16,9.41,41.96,0.0,24.83
2026-09-01T10:50:00+00:00,46.23,14.0,41.5,0.12,8.7
2026-09-01T10:51:00+00:00,53.85,22.4,40.49,0.0,24.27
2026-09-01T10:52:00+00:00,53.05,16.67,41.94,0.0,8.53
2026-09-01T10:53:00+00:00,54.52,26.52,43.85,0.12,8.68
2026-09-01T10:54:00+00:00,33.58,10.79,41.78,0.0,19.83
2026-09-01T10:55:00+00:00,55.13,25.29,41.12,0.2,22.65
2026-09-01T10:56:00+00:00,48.71,23.57,41.31,0.0,8.27
2026-09-01T10:57:00+00:00,54.09,24.59,39.47,0.0,8.72
2026-09-01T10:58:00+00:00,55.33,24.63,43.46,0.0,8.33
2026-09-01T10:59:00+00:00,42.1,18.45,42.16,0.0,20.74
2026-09-01T11:00:00+00:00,48.94,15.06,43.75,0.22,8.62
2026-09-01T11:01:00+00:00,51.28,18.83,44.28,0.0,22.16
2026-09-01T11:02:00+00:00,40.48,17.14,40.71,0.42,26.48
2026-09-01T11:03:00+00:00,37.45,18.35,40.2,0.09,21.22
2026-09-01T11:04:00+00:00,49.87,22.32,42.48,0.0,20.77
2026-09-01T11:05:00+00:00,56.39,29.48,41.29,0.0,8.66
2026-09-01T11:06:00+00:00,51.12,21.03,41.26,0.0,24.83
2026-09-01T11:07:00+00:00,45.9,11.61,42.69,0.0,8.62
2026-09-01T11:08:00+00:00,54.22,26.42,41.05,0.0,23.68
2026-09-01T11:09:00+00:00,48.42,16.32,42.95,0.0,27.62
2026-09-01T11:10:00+00:00,53.76,18.96,39.09,0.18,8.27
2026-09-01T11:11:00+00:00,50.66,17.8,39.13,0.15,22.02
2026-09-01T11:12:00+00:00,52.61,18.14,42.48,0.0,23.57
2026-09-01T11:13:00+00:00,52.37,19.96,42.54,0.0,8.56
2026-09-01T11:14:00+00:00,53.05,21.28,45.92,0.0,26.0
2026-09-01T11:15:00+00:00,45.16,15.94,41.93,0.0,8.57
2026-09-01T11:16:00+00:00,52.46,18.44,40.13,0.0,24.98
2026-09-01T11:17:00+00:00,51.87,18.51,41.38,0.21,8.2
2026-09-01T11:18:00+00:00,31.39,13.86,43.48,0.0,8.25
2026-09-01T11:19:00+00:00,38.81,15.98,39.75,0.0,8.43
2026-09-01T11:20:00+00:00,53.13,21.91,42.65,0.21,25.01
2026-09-01T11:21:00+00:00,47.81,14.85,42.67,0.0,8.48
2026-09-01T11:22:00+00:00,52.61,20.15,39.6,0.0,20.84
2026-09-01T11:23:00+00:00,49.32,23.39,41.54,0.0,8.4
2026-09-01T11:24:00+00:00,39.45,10.71,44.22,0.0,22.12
2026-09-01T11:25:00+00:00,53.05,20.49,40.26,0.0,8.7
2026-09-01T11:26:00+00:00,36.84,15.19,42.26,0.0,23.37
2026-09-01T11:27:00+00:00,54.14,23.71,40.48,0.38,20.08
2026-09-01T11:28:00+00:00,42.45,15.98,39.85,0.03,28.2
2026-09-01T11:29:00+00:00,47.97,16.41,38.76,0.0,8.63
2026-09-01T11:30:00+00:00,48.23,16.03,41.19,0.0,25.3
2026-09-01T11:31:00+00:00,54.71,20.35,38.88,0.0,8.49
2026-09-01T11:32:00+00:00,46.61,11.08,39.26,0.0,8.2
2026-09-01T11:33:00+00:00,34.39,12.05,41.76,0.0,8.34
2026-09-01T11:34:00+00:00,48.45,16.09,40.57,0.0,8.76
2026-09-01T11:35:00+00:00,30.23,18.44,41.61,0.0,8.43
2026-09-01T11:36:00+00:00,50.15,17.49,37.75,0.0,8.41
2026-09-01T11:37:00+00:00,41.32,11.31,41.12,0.0,22.35
2026-09-01T11:38:00+00:00,50.66,26.21,38.94,0.0,30.36
2026-09-01T11:39:00+00:00,52.36,19.38,38.4,0.0,8.38
2026-09-01T11:40:00+00:00,31.32,15.33,38.21,0.07,8.52
2026-09-01T11:41:00+00:00,57.63,24.89,39.3,0.0,8.8
2026-09-01T11:42:00+00:00,33.61,7.5,41.38,0.0,8.68
2026-09-01T11:43:00+00:00,45.1,18.04,38.24,0.0,30.38
2026-09-01T11:44:00+00:00,50.36,19.3,40.92,0.53,25.0
2026-09-01T11:45:00+00:00,40.94,13.09,37.19,0.0,28.86
2026-09-01T11:46:00+00:00,53.96,21.21,34.93,0.0,31.03
2026-09-01T11:47:00+00:00,55.73,25.21,37.42,0.01,21.53
2026-09-01T11:48:00+00:00,51.83,18.73,37.12,0.35,26.25
2026-09-01T11:49:00+00:00,38.68,22.15,40.65,0.0,8.47
2026-09-01T11:50:00+00:00,52.02,20.18,37.61,0.0,28.91
2026-09-01T11:51:00+00:00,51.4,19.71,39.41,0.0,24.34
2026-09-01T11:52:00+00:00,44.06,11.89,37.89,0.0,8.22
2026-09-01T11:53:00+00:00,47.42,15.95,39.15,0.0,31.87
2026-09-01T11:54:00+00:00,57.28,22.72,39.79,0.0,8.43
2026-09-01T11:55:00+00:00,45.87,17.3,40.64,0.31,8.46
2026-09-01T11:56:00+00:00,41.03,20.19,36.58,0.0,22.33
2026-09-01T11:57:00+00:00,51.94,19.13,36.21,0.0,8.31
2026-09-01T11:58:00+00:00,46.45,19.39,37.82,0.0,27.27
2026-09-01T11:59:00+00:00,44.61,14.4,38.23,0.0,32.06
2026-09-01T12:00:00+00:00,43.19,14.71,36.1,0.0,8.38
2026-09-01T12:01:00+00:00,46.35,15.8,35.68,0.0,8.45
2026-09-01T12:02:00+00:00,52.93,21.68,38.02,0.0,8.72
2026-09-01T12:03:00+00:00,52.01,18.3,41.12,0.49,8.28
2026-09-01T12:04:00+00:00,40.71,12.05,37.39,0.0,30.7
2026-09-01T12:05:00+00:00,53.37,17.52,39.75,0.0,22.16
2026-09-01T12:06:00+00:00,53.61,21.43,36.98,0.0,8.76
2026-09-01T12:07:00+00:00,48.52,17.51,37.37,0.96,29.89
2026-09-01T12:08:00+00:00,38.35,12.18,33.62,0.0,8.6
2026-09-01T12:09:00+00:00,44.97,16.91,36.56,0.54,23.73
2026-09-01T12:10:00+00:00,49.77,16.86,37.67,0.42,8.59
2026-09-01T12:11:00+00:00,51.24,20.15,35.46,0.16,8.71
2026-09-01T12:12:00+00:00,51.08,20.87,37.14,0.0,8.38
2026-09-01T12:13:00+00:00,47.35,14.51,37.27,0.0,8.29
2026-09-01T12:14:00+00:00,51.48,19.47,37.02,0.0,8.56
2026-09-01T12:15:00+00:00,53.91,21.84,39.19,0.0,24.83
2026-09-01T12:16:00+00:00,54.61,19.3,35.84,0.0,8.18
2026-09-01T12:17:00+00:00,53.82,23.54,40.19,0.12,26.57
2026-09-01T12:18:00+00:00,54.25,22.62,36.33,0.0,8.35
2026-09-01T12:19:00+00:00,44.97,15.95,37.81,0.0,33.35
2026-09-01T12:20:00+00:00,38.39,13.07,38.04,0.0,8.77
2026-09-01T12:21:00+00:00,52.78,24.01,39.53,0.0,8.75
2026-09-01T12:22:00+00:00,50.06,15.28,38.24,0.0,30.85
2026-09-01T12:23:00+00:00,33.9,15.05,36.69,0.0,8.64
2026-09-01T12:24:00+00:00,48.87,16.28,33.39,0.0,33.67
2026-09-01T12:25:00+00:00,47.06,15.21,32.98,0.0,34.41
2026-09-01T12:26:00+00:00,48.26,11.63,36.74,0.0,33.48
2026-09-01T12:27:00+00:00,53.11,19.72,37.19,0.13,8.61
2026-09-01T12:28:00+00:00,35.19,10.66,35.06,0.0,34.45
2026-09-01T12:29:00+00:00,36.94,13.25,34.67,0.47,34.81
2026-09-01T12:30:00+00:00,50.76,18.31,33.7,0.0,24.26
2026-09-01T12:31:00+00:00,36.42,13.48,35.12,0.16,25.13
2026-09-01T12:32:00+00:00,53.66,19.28,33.65,0.0,8.2
2026-09-01T12:33:00+00:00,41.1,12.27,36.63,0.0,8.4
2026-09-01T12:34:00+00:00,48.84,13.73,36.92,0.18,24.67
2026-09-01T12:35:00+00:00,29.68,15.0,35.74,0.0,8.42
2026-09-01T12:36:00+00:00,40.81,13.56,34.75,0.0,34.95
2026-09-01T12:37:00+00:00,41.97,15.64,34.41,0.0,8.24
2026-09-01T12:38:00+00:00,47.26,17.31,35.59,0.0,24.62
2026-09-01T12:39:00+00:00,52.23,20.06,36.21,0.0,8.73
2026-09-01T12:40:00+00:00,43.1,19.35,36.7,0.0,8.2
2026-09-01T12:41:00+00:00,53.41,22.66,31.26,0.0,24.89
2026-09-01T12:42:00+00:00,49.03,22.24,34.66,0.43,8.45
2026-09-01T12:43:00+00:00,50.55,13.4,36.36,0.0,8.2
2026-09-01T12:44:00+00:00,36.87,14.62,33.47,0.0,28.77
2026-09-01T12:45:00+00:00,45.65,17.49,36.09,0.0,8.64
2026-09-01T12:46:00+00:00,25.81,7.5,36.67,0.0,27.63
2026-09-01T12:47:00+00:00,50.99,17.85,36.99,0.0,33.73
2026-09-01T12:48:00+00:00,51.03,19.42,35.74,0.14,27.05
2026-09-01T12:49:00+00:00,48.03,14.08,36.32,0.53,8.52
2026-09-01T12:50:00+00:00,44.58,14.61,35.97,0.0,8.36
2026-09-01T12:51:00+00:00,36.77,16.9,36.38,0.26,8.43
2026-09-01T12:52:00+00:00,45.42,17.5,34.68,0.0,26.75
2026-09-01T12:53:00+00:00,54.21,15.99,35.59,0.0,8.73
2026-09-01T12:54:00+00:00,53.5,21.02,35.95,0.0,36.3
2026-09-01T12:55:00+00:00,39.94,12.71,33.75,0.0,8.5
2026-09-01T12:56:00+00:00,45.81,12.3,33.29,0.0,33.27
2026-09-01T12:57:00+00:00,45.77,15.34,36.78,0.0,8.52
2026-09-01T12:58:00+00:00,42.29,13.13,35.11,0.0,31.81
2026-09-01T12:59:00+00:00,51.9,18.29,36.81,0.03,33.98
2026-09-01T13:00:00+00:00,50.29,16.25,35.32,0.16,8.44
2026-09-01T13:01:00+00:00,43.81,18.46,36.41,0.0,8.64
2026-09-01T13:02:00+00:00,52.27,19.85,33.84,0.0,8.43
2026-09-01T13:03:00+00:00,31.68,7.5,34.66,0.0,8.32
2026-09-01T13:04:00+00:00,39.81,18.59,38.69,0.0,8.22
2026-09-01T13:05:00+00:00,39.48,15.69,35.3,0.0,32.5
2026-09-01T13:06:00+00:00,50.29,23.17,34.74,0.0,24.62
2026-09-01T13:07:00+00:00,47.81,16.03,35.36,0.0,28.15
2026-09-01T13:08:00+00:00,44.65,11.54,33.78,0.42,8.26
2026-09-01T13:09:00+00:00,52.11,18.54,37.5,0.0,33.02
2026-09-01T13:10:00+00:00,57.96,23.61,34.28,0.0,32.91
2026-09-01T13:11:00+00:00,50.09,11.45,35.71,0.0,35.63
2026-09-01T13:12:00+00:00,57.57,24.09,33.12,0.24,8.47
2026-09-01T13:13:00+00:00,51.94,23.74,34.79,0.43,8.48
2026-09-01T13:14:00+00:00,50.76,20.35,32.57,0.0,8.35
2026-09-01T13:15:00+00:00,44.9,18.97,32.74,0.0,8.51
2026-09-01T13:16:00+00:00,52.22,24.14,33.21,0.0,8.23
2026-09-01T13:17:00+00:00,50.14,17.21,33.78,0.0,36.65
2026-09-01T13:18:00+00:00,50.99,17.99,36.51,0.2,30.31
2026-09-01T13:19:00+00:00,44.58,21.05,37.29,0.0,27.83
2026-09-01T13:20:00+00:00,40.61,20.67,31.11,0.0,35.95
2026-09-01T13:21:00+00:00,46.19,17.47,30.97,0.0,8.49
2026-09-01T13:22:00+00:00,41.9,18.52,36.42,0.0,8.18
2026-09-01T13:23:00+00:00,42.77,16.09,34.72,0.0,8.19
2026-09-01T13:24:00+00:00,47.77,14.11,35.7,0.62,8.33
2026-09-01T13:25:00+00:00,39.74,14.99,31.93,0.0,26.6
2026-09-01T13:26:00+00:00,35.48,12.74,34.5,0.0,8.19
2026-09-01T13:27:00+00:00,52.49,16.22,29.99,0.0,8.61
2026-09-01T13:28:00+00:00,45.16,17.43,35.15,0.0,8.59
2026-09-01T13:29:00+00:00,50.49,21.88,30.85,0.12,8.65
2026-09-01T13:30:00+00:00,46.84,15.51,34.19,0.0,24.03
2026-09-01T13:31:00+00:00,51.42,21.3,31.37,0.0,8.34
2026-09-01T13:32:00+00:00,46.1,22.1,35.03,0.96,26.32
2026-09-01T13:33:00+00:00,53.61,20.02,35.82,0.0,26.06
2026-09-01T13:34:00+00:00,47.9,18.28,34.45,0.0,8.2
2026-09-01T13:35:00+00:00,52.31,19.85,34.22,0.0,30.22
2026-09-01T13:36:00+00:00,41.74,15.28,36.45,0.0,8.43
2026-09-01T13:37:00+00:00,52.16,20.61,35.53,0.0,8.54
2026-09-01T13:38:00+00:00,45.19,19.69,35.76,0.0,8.68
2026-09-01T13:39:00+00:00,51.0,15.14,32.61,0.0,8.7
2026-09-01T13:40:00+00:00,53.28,24.12,35.05,0.44,34.37
2026-09-01T13:41:00+00:00,33.23,7.91,32.48,0.0,8.32
2026-09-01T13:42:00+00:00,39.58,15.03,33.21,0.0,8.34
2026-09-01T13:43:00+00:00,51.39,18.82,31.59,0.0,8.54
2026-09-01T13:44:00+00:00,43.97,17.11,32.08,0.68,8.28
2026-09-01T13:45:00+00:00,56.65,21.98,33.23,0.68,8.65
2026-09-01T13:46:00+00:00,49.97,15.38,30.89,0.0,29.57
2026-09-01T13:47:00+00:00,50.94,17.47,36.35,0.0,8.51
2026-09-01T13:48:00+00:00,50.95,16.37,32.84,0.0,32.23
2026-09-01T13:49:00+00:00,54.46,24.01,34.25,0.0,8.71
2026-09-01T13:50:00+00:00,51.25,16.68,33.78,0.0,34.13
2026-09-01T13:51:00+00:00,51.27,20.9,31.67,0.0,34.2
2026-09-01T13:52:00+00:00,43.06,15.31,36.37,0.0,8.26
2026-09-01T13:53:00+00:00,51.15,15.29,35.35,0.0,33.95
2026-09-01T13:54:00+00:00,55.24,22.19,30.11,0.0,34.1
2026-09-01T13:55:00+00:00,32.39,7.62,35.25,0.0,26.54
2026-09-01T13:56:00+00:00,41.55,13.63,33.33,0.0,31.79
2026-09-01T13:57:00+00:00,47.32,13.72,34.17,0.0,8.32
2026-09-01T13:58:00+00:00,51.77,19.1,35.6,0.26,8.66
2026-09-01T13:59:00+00:00,52.23,17.61,33.01,0.0,8.62
2026-09-01T14:00:00+00:00,52.16,18.77,32.78,0.0,24.21
2026-09-01T14:01:00+00:00,53.21,18.45,34.33,0.0,8.74
2026-09-01T14:02:00+00:00,43.26,16.49,34.44,0.0,8.55
2026-09-01T14:03:00+00:00,40.35,14.36,33.47,0.0,8.24
2026-09-01T14:04:00+00:00,49.74,13.57,30.65,0.0,8.45
2026-09-01T14:05:00+00:00,48.74,16.41,31.69,0.0,8.24
2026-09-01T14:06:00+00:00,52.68,20.67,33.29,0.0,34.93
2026-09-01T14:07:00+00:00,50.36,20.24,35.03,0.19,26.85
2026-09-01T14:08:00+00:00,52.37,21.79,31.58,0.0,27.62
2026-09-01T14:09:00+00:00,51.49,20.7,31.55,0.22,24.55
2026-09-01T14:10:00+00:00,50.99,22.25,34.55,0.0,24.9
2026-09-01T14:11:00+00:00,52.21,17.25,33.72,0.0,8.67
2026-09-01T14:12:00+00:00,38.52,12.0,34.93,0.0,35.69
2026-09-01T14:13:00+00:00,46.42,17.54,30.71,0.0,8.51
2026-09-01T14:14:00+00:00,48.68,13.21,35.19,0.0,8.57
2026-09-01T14:15:00+00:00,51.13,14.53,34.39,0.0,32.62
2026-09-01T14:16:00+00:00,49.68,19.81,32.09,0.0,27.46
2026-09-01T14:17:00+00:00,40.29,12.22,32.64,0.09,8.27
2026-09-01T14:18:00+00:00,35.42,12.13,36.24,0.47,8.37
2026-09-01T14:19:00+00:00,37.65,10.5,35.2,0.0,8.6
2026-09-01T14:20:00+00:00,48.94,16.94,33.33,0.0,30.33
2026-09-01T14:21:00+00:00,47.45,26.75,31.14,0.31,24.52
2026-09-01T14:22:00+00:00,55.18,23.47,35.25,0.0,26.76
2026-09-01T14:23:00+00:00,40.97,20.85,32.01,0.0,8.5
2026-09-01T14:24:00+00:00,51.19,20.69,31.59,0.0,8.21
2026-09-01T14:25:00+00:00,50.35,15.3,30.9,0.31,8.63
2026-09-01T14:26:00+00:00,48.77,18.95,33.98,0.0,33.41
2026-09-01T14:27:00+00:00,51.45,15.12,34.14,0.29,8.4
2026-09-01T14:28:00+00:00,53.61,26.65,32.94,0.0,35.05
2026-09-01T14:29:00+00:00,41.74,13.45,34.46,0.0,8.65
2026-09-01T14:30:00+00:00,32.16,8.46,28.94,0.46,28.02
2026-09-01T14:31:00+00:00,58.63,25.89,36.33,0.0,33.73
2026-09-01T14:32:00+00:00,44.39,13.51,34.13,0.21,8.37
2026-09-01T14:33:00+00:00,44.74,18.65,36.01,0.0,8.62
2026-09-01T14:34:00+00:00,51.57,17.64,35.37,0.0,8.45
2026-09-01T14:35:00+00:00,48.19,18.02,35.89,0.0,8.32
2026-09-01T14:36:00+00:00,53.85,21.99,33.21,0.61,8.62
2026-09-01T14:37:00+00:00,50.0,19.51,31.04,0.0,8.58
2026-09-01T14:38:00+00:00,50.28,23.48,31.88,0.11,8.6
2026-09-01T14:39:00+00:00,35.77,14.35,35.61,0.0,8.8
2026-09-01T14:40:00+00:00,49.13,18.75,35.16,0.28,8.62
2026-09-01T14:41:00+00:00,49.71,15.85,38.62,0.0,30.2
2026-09-01T14:42:00+00:00,53.72,18.49,34.65,0.65,8.23
2026-09-01T14:43:00+00:00,50.7,14.66,32.1,0.0,24.54
2026-09-01T14:44:00+00:00,48.71,19.92,31.62,0.0,32.35
2026-09-01T14:45:00+00:00,53.13,19.32,32.29,0.0,32.1
2026-09-01T14:46:00+00:00,50.93,19.25,35.1,0.0,8.19
2026-09-01T14:47:00+00:00,45.94,18.71,32.41,0.0,8.64
2026-09-01T14:48:00+00:00,44.71,17.56,32.84,0.0,8.37
2026-09-01T14:49:00+00:00,54.55,26.37,32.65,0.81,8.24
2026-09-01T14:50:00+00:00,50.21,14.75,35.9,0.27,8.22
2026-09-01T14:51:00+00:00,41.9,14.29,34.04,0.0,27.48
2026-09-01T14:52:00+00:00,48.23,14.4,33.19,0.0,24.75
2026-09-01T14:53:00+00:00,50.38,15.96,34.25,0.0,32.9
2026-09-01T14:54:00+00:00,41.16,14.9,32.91,0.79,24.57
2026-09-01T14:55:00+00:00,49.48,16.68,32.52,0.0,8.35
2026-09-01T14:56:00+00:00,52.39,18.73,35.83,0.1,26.3
2026-09-01T14:57:00+00:00,55.18,19.88,33.95,0.0,8.68
2026-09-01T14:58:00+00:00,56.23,22.41,34.07,0.0,8.57
2026-09-01T14:59:00+00:00,36.26,7.5,35.26,0.0,8.75
2026-09-01T15:00:00+00:00,44.55,12.49,34.65,0.0,32.27
2026-09-01T15:01:00+00:00,42.87,16.38,31.01,0.0,8.8
2026-09-01T15:02:00+00:00,51.13,19.22,31.45,0.0,8.38
2026-09-01T15:03:00+00:00,28.06,8.27,32.65,0.0,31.53
2026-09-01T15:04:00+00:00,55.6,25.81,32.15,0.05,8.3
2026-09-01T15:05:00+00:00,43.97,12.25,35.16,0.0,8.67
2026-09-01T15:06:00+00:00,43.58,18.83,30.76,0.36,8.26
2026-09-01T15:07:00+00:00,49.55,12.29,32.96,0.0,8.33
2026-09-01T15:08:00+00:00,49.32,15.32,33.92,0.19,28.31
2026-09-01T15:09:00+00:00,35.9,13.32,31.38,0.0,22.23
2026-09-01T15:10:00+00:00,37.29,10.23,34.33,0.0,8.36
2026-09-01T15:11:00+00:00,46.13,17.93,33.95,0.0,21.82
2026-09-01T15:12:00+00:00,42.39,17.14,34.0,0.0,23.72
2026-09-01T15:13:00+00:00,56.38,23.68,33.51,0.22,8.5
2026-09-01T15:14:00+00:00,52.69,21.82,31.4,0.0,21.94
2026-09-01T15:15:00+00:00,55.61,19.52,35.11,0.0,8.37
2026-09-01T15:16:00+00:00,50.49,20.29,36.38,0.0,8.75
2026-09-01T15:17:00+00:00,39.45,14.34,34.12,0.0,8.48
2026-09-01T15:18:00+00:00,54.84,24.34,35.55,0.0,26.82
2026-09-01T15:19:00+00:00,50.44,18.98,33.06,0.0,8.68
2026-09-01T15:20:00+00:00,52.28,22.27,32.77,0.0,28.47
2026-09-01T15:21:00+00:00,54.91,18.01,32.86,0.0,30.26
2026-09-01T15:22:00+00:00,50.39,21.47,31.36,0.38,8.79
2026-09-01T15:23:00+00:00,55.68,22.82,35.82,0.0,30.38
2026-09-01T15:24:00+00:00,41.23,13.75,31.36,0.18,8.49
2026-09-01T15:25:00+00:00,46.45,15.06,34.25,0.0,29.28
2026-09-01T15:26:00+00:00,52.57,16.65,36.34,0.0,28.18
2026-09-01T15:27:00+00:00,44.77,17.94,30.96,0.0,21.01
2026-09-01T15:28:00+00:00,49.9,18.75,33.41,0.0,27.13
2026-09-01T15:29:00+00:00,49.19,17.53,31.02,0.49,24.55
2026-09-01T15:30:00+00:00,45.39,14.63,32.93,0.0,28.63
2026-09-01T15:31:00+00:00,51.6,16.46,34.15,0.78,8.77
2026-09-01T15:32:00+00:00,37.55,11.9,35.75,0.06,22.9
2026-09-01T15:33:00+00:00,53.45,20.69,36.71,0.0,8.54
2026-09-01T15:34:00+00:00,47.61,16.5,35.47,0.26,23.73
2026-09-01T15:35:00+00:00,55.41,27.9,34.67,0.0,8.54
2026-09-01T15:36:00+00:00,43.0,15.38,32.8,0.0,8.7
2026-09-01T15:37:00+00:00,50.38,16.98,32.73,0.0,25.11
2026-09-01T15:38:00+00:00,53.37,20.44,34.24,0.0,26.28
2026-09-01T15:39:00+00:00,51.39,21.73,33.63,0.0,8.49
2026-09-01T15:40:00+00:00,46.06,13.02,33.25,0.14,24.47
2026-09-01T15:41:00+00:00,50.55,23.63,34.84,0.0,8.42
2026-09-01T15:42:00+00:00,48.35,19.29,34.13,0.16,19.57
2026-09-01T15:43:00+00:00,37.1,11.92,34.69,0.0,27.26
2026-09-01T15:44:00+00:00,45.81,16.15,34.27,0.36,8.42
2026-09-01T15:45:00+00:00,52.58,22.91,33.95,0.0,8.77
2026-09-01T15:46:00+00:00,49.87,15.4,33.96,0.0,8.43
2026-09-01T15:47:00+00:00,48.32,18.97,36.58,0.0,21.71
2026-09-01T15:48:00+00:00,49.52,19.13,32.42,0.0,26.0
2026-09-01T15:49:00+00:00,53.92,21.46,32.28,0.0,8.68
2026-09-01T15:50:00+00:00,51.69,23.07,34.98,0.0,8.41
2026-09-01T15:51:00+00:00,41.29,20.13,31.92,0.0,25.78
2026-09-01T15:52:00+00:00,51.27,17.57,35.91,0.0,20.27
2026-09-01T15:53:00+00:00,30.65,11.81,34.83,0.0,20.97
2026-09-01T15:54:00+00:00,53.23,15.39,34.29,0.0,8.75
2026-09-01T15:55:00+00:00,39.39,10.9,33.89,0.0,19.04
2026-09-01T15:56:00+00:00,50.6,21.15,33.99,0.0,21.6
2026-09-01T15:57:00+00:00,55.16,23.59,32.65,0.21,8.8
2026-09-01T15:58:00+00:00,45.13,17.19,33.13,0.0,19.72
2026-09-01T15:59:00+00:00,52.06,22.83,34.64,0.83,8.79
2026-09-01T16:00:00+00:00,51.92,16.55,33.85,0.0,23.69
2026-09-01T16:01:00+00:00,49.0,18.99,34.21,0.0,19.34
2026-09-01T16:02:00+00:00,50.26,19.88,29.82,0.0,26.0
2026-09-01T16:03:00+00:00,43.58,17.64,34.78,0.0,8.32
2026-09-01T16:04:00+00:00,52.84,21.09,31.93,0.0,8.28
2026-09-01T16:05:00+00:00,40.68,14.51,34.6,0.0,24.66
2026-09-01T16:06:00+00:00,46.0,20.08,35.66,0.0,8.43
2026-09-01T16:07:00+00:00,43.45,14.48,31.85,0.0,8.7
2026-09-01T16:08:00+00:00,54.84,19.8,32.65,0.0,8.44
2026-09-01T16:09:00+00:00,49.42,17.87,36.25,0.52,8.8
2026-09-01T16:10:00+00:00,39.26,12.38,36.31,0.0,18.66
2026-09-01T16:11:00+00:00,46.26,18.75,33.91,0.0,8.33
2026-09-01T16:12:00+00:00,41.03,16.16,34.79,0.0,19.73
2026-09-01T16:13:00+00:00,53.41,19.02,31.45,0.13,8.51
2026-09-01T16:14:00+00:00,38.65,12.59,34.03,0.44,24.02
2026-09-01T16:15:00+00:00,43.03,14.15,35.76,0.0,8.66
2026-09-01T16:16:00+00:00,51.09,17.19,35.38,0.0,24.13
2026-09-01T16:17:00+00:00,39.1,12.46,33.38,0.0,8.41
2026-09-01T16:18:00+00:00,50.08,17.0,35.9,0.14,8.25
2026-09-01T16:19:00+00:00,54.5,21.47,35.68,0.0,8.62
2026-09-01T16:20:00+00:00,38.26,13.65,34.4,0.0,8.76
2026-09-01T16:21:00+00:00,46.58,20.39,35.95,0.22,8.53
2026-09-01T16:22:00+00:00,39.13,8.35,33.71,0.0,8.4
2026-09-01T16:23:00+00:00,37.42,12.08,33.95,0.0,23.21
2026-09-01T16:24:00+00:00,47.94,19.06,33.15,0.09,8.75
2026-09-01T16:25:00+00:00,52.58,22.74,35.66,0.0,8.2
2026-09-01T16:26:00+00:00,51.87,17.59,37.64,0.0,22.91
2026-09-01T16:27:00+00:00,51.32,17.64,36.53,0.0,8.49
2026-09-01T16:28:00+00:00,52.78,21.51,37.47,0.0,8.45
2026-09-01T16:29:00+00:00,44.0,12.64,33.63,0.0,8.3
2026-09-01T16:30:00+00:00,46.68,20.3,33.95,0.12,8.33
2026-09-01T16:31:00+00:00,43.06,10.1,36.69,0.0,8.5
2026-09-01T16:32:00+00:00,41.74,15.45,34.16,0.0,8.49
2026-09-01T16:33:00+00:00,41.81,14.61,37.07,0.56,8.27
2026-09-01T16:34:00+00:00,52.97,20.38,36.24,0.0,8.53
2026-09-01T16:35:00+00:00,47.61,17.44,35.26,0.0,18.73
2026-09-01T16:36:00+00:00,53.38,20.62,34.78,0.0,8.64
2026-09-01T16:37:00+00:00,45.94,21.72,38.46,0.0,8.73
2026-09-01T16:38:00+00:00,32.39,13.16,32.32,0.0,16.35
2026-09-01T16:39:00+00:00,45.84,20.74,34.98,0.0,8.54
2026-09-01T16:40:00+00:00,54.15,20.59,33.46,0.0,8.45
2026-09-01T16:41:00+00:00,51.59,18.34,35.09,0.0,19.54
2026-09-01T16:42:00+00:00,40.03,11.85,35.78,0.31,8.29
2026-09-01T16:43:00+00:00,48.39,16.4,34.96,0.0,8.24
2026-09-01T16:44:00+00:00,46.77,14.64,33.8,0.37,18.69
2026-09-01T16:45:00+00:00,37.9,17.88,34.44,0.0,8.5
2026-09-01T16:46:00+00:00,53.13,21.07,33.17,0.0,8.54
2026-09-01T16:47:00+00:00,38.1,12.9,35.58,0.22,18.35
2026-09-01T16:48:00+00:00,48.39,12.29,38.99,0.78,17.45
2026-09-01T16:49:00+00:00,53.92,26.69,35.22,0.0,16.98
2026-09-01T16:50:00+00:00,48.29,22.71,34.8,0.0,8.42
2026-09-01T16:51:00+00:00,51.15,20.79,37.98,0.59,8.35
2026-09-01T16:52:00+00:00,53.12,19.37,34.68,0.0,8.75
2026-09-01T16:53:00+00:00,42.42,13.68,32.02,0.0,8.43
2026-09-01T16:54:00+00:00,50.05,24.1,34.37,0.0,8.18
2026-09-01T16:55:00+00:00,49.87,19.02,33.43,0.0,8.77
2026-09-01T16:56:00+00:00,47.03,17.71,33.65,0.0,8.66
2026-09-01T16:57:00+00:00,47.0,16.13,36.16,0.0,8.71
2026-09-01T16:58:00+00:00,48.65,17.6,34.96,0.0,17.78
2026-09-01T16:59:00+00:00,36.35,11.34,36.54,0.0,16.27
2026-09-01T17:00:00+00:00,51.12,18.12,34.75,0.0,20.07
2026-09-01T17:01:00+00:00,51.83,19.15,34.6,0.0,15.45
2026-09-01T17:02:00+00:00,51.42,17.56,30.73,0.62,8.64
2026-09-01T17:03:00+00:00,45.0,20.87,36.95,0.0,15.99
2026-09-01T17:04:00+00:00,48.06,17.63,35.76,0.0,8.54
2026-09-01T17:05:00+00:00,38.58,11.89,36.61,0.0,8.55
2026-09-01T17:06:00+00:00,40.35,14.93,35.7,0.0,14.96
2026-09-01T17:07:00+00:00,51.02,20.54,36.33,0.0,8.43
2026-09-01T17:08:00+00:00,46.55,17.8,37.47,0.0,8.4
2026-09-01T17:09:00+00:00,54.01,27.91,39.36,0.0,8.27
2026-09-01T17:10:00+00:00,50.99,14.94,35.51,0.0,8.71
2026-09-01T17:11:00+00:00,53.26,19.83,39.5,0.0,8.8
2026-09-01T17:12:00+00:00,40.9,13.28,42.58,0.0,8.63
2026-09-01T17:13:00+00:00,36.52,12.28,36.55,0.0,17.9
2026-09-01T17:14:00+00:00,45.13,15.01,36.3,0.0,8.52
2026-09-01T17:15:00+00:00,54.49,18.8,38.04,0.0,8.49
2026-09-01T17:16:00+00:00,39.16,17.62,37.47,0.0,8.25
2026-09-01T17:17:00+00:00,32.19,9.62,38.11,0.0,8.72
2026-09-01T17:18:00+00:00,57.07,21.8,35.69,0.0,17.74
2026-09-01T17:19:00+00:00,41.65,17.73,37.79,0.8,8.53
2026-09-01T17:20:00+00:00,49.48,15.34,40.09,0.0,15.96
2026-09-01T17:21:00+00:00,50.78,19.94,35.7,0.0,8.6
2026-09-01T17:22:00+00:00,36.26,9.78,37.6,0.0,8.57
2026-09-01T17:23:00+00:00,50.76,17.51,37.49,0.0,8.65
2026-09-01T17:24:00+00:00,35.68,11.41,35.31,0.0,13.85
2026-09-01T17:25:00+00:00,51.84,17.04,35.48,0.0,15.27
2026-09-01T17:26:00+00:00,52.24,20.43,37.33,0.0,8.23
2026-09-01T17:27:00+00:00,52.24,20.2,38.33,0.17,8.3
2026-09-01T17:28:00+00:00,47.97,23.07,33.69,0.0,8.56
2026-09-01T17:29:00+00:00,42.68,20.39,37.37,0.0,15.93
2026-09-01T17:30:00+00:00,53.18,22.54,37.36,0.45,8.76
2026-09-01T17:31:00+00:00,37.52,15.66,34.21,0.0,8.41
2026-09-01T17:32:00+00:00,41.23,13.26,37.72,0.0,8.55
2026-09-01T17:33:00+00:00,38.03,16.6,40.33,0.0,8.33
2026-09-01T17:34:00+00:00,36.13,14.15,34.79,0.0,8.73
2026-09-01T17:35:00+00:00,42.03,19.0,36.4,0.33,14.05
2026-09-01T17:36:00+00:00,48.13,18.16,37.38,0.0,8.3
2026-09-01T17:37:00+00:00,49.03,17.33,38.57,0.0,8.24
2026-09-01T17:38:00+00:00,54.39,23.96,36.33,0.0,8.38
2026-09-01T17:39:00+00:00,52.29,18.99,37.85,0.0,8.2
2026-09-01T17:40:00+00:00,45.39,20.46,37.88,0.0,13.24
2026-09-01T17:41:00+00:00,53.58,24.57,35.48,0.0,8.4
2026-09-01T17:42:00+00:00,45.45,16.33,36.46,0.3,14.12
2026-09-01T17:43:00+00:00,47.03,13.44,38.09,0.0,8.64
2026-09-01T17:44:00+00:00,54.22,19.58,35.58,0.0,8.75
2026-09-01T17:45:00+00:00,36.65,12.71,36.6,0.0,8.34
2026-09-01T17:46:00+00:00,50.86,15.93,35.04,0.0,8.69
2026-09-01T17:47:00+00:00,50.21,15.02,37.5,0.0,14.75
2026-09-01T17:48:00+00:00,47.58,19.68,37.1,0.0,8.43
2026-09-01T17:49:00+00:00,51.68,19.83,41.35,0.0,8.45
2026-09-01T17:50:00+00:00,44.61,19.76,34.65,0.28,8.78
2026-09-01T17:51:00+00:00,46.68,22.78,38.13,0.0,13.48
2026-09-01T17:52:00+00:00,52.98,23.11,38.66,0.44,8.22
2026-09-01T17:53:00+00:00,53.27,24.67,39.54,0.69,13.8
2026-09-01T17:54:00+00:00,50.14,14.17,39.44,0.0,8.34
2026-09-01T17:55:00+00:00,39.23,10.28,37.48,0.36,13.87
2026-09-01T17:56:00+00:00,46.35,16.3,36.31,0.0,8.18
2026-09-01T17:57:00+00:00,50.86,17.51,36.18,0.0,8.26
2026-09-01T17:58:00+00:00,50.26,19.5,37.89,0.0,8.76
2026-09-01T17:59:00+00:00,46.48,15.68,40.89,0.0,12.43
2026-09-01T18:00:00+00:00,43.26,16.51,36.0,0.0,8.22
2026-09-01T18:01:00+00:00,46.52,18.66,39.85,0.0,8.64
2026-09-01T18:02:00+00:00,40.1,13.72,39.94,0.0,8.26
2026-09-01T18:03:00+00:00,32.45,11.24,38.38,0.24,8.55
2026-09-01T18:04:00+00:00,47.42,17.47,41.28,0.0,12.61
2026-09-01T18:05:00+00:00,53.05,22.57,40.95,0.0,12.37
2026-09-01T18:06:00+00:00,48.19,15.35,42.08,0.0,8.47
2026-09-01T18:07:00+00:00,56.0,24.41,36.99,0.11,11.67
2026-09-01T18:08:00+00:00,36.55,11.2,36.95,0.0,8.47
2026-09-01T18:09:00+00:00,37.65,13.39,38.17,0.15,12.98
2026-09-01T18:10:00+00:00,48.87,22.87,37.82,0.18,12.7
2026-09-01T18:11:00+00:00,52.22,18.94,34.86,0.0,8.77
2026-09-01T18:12:00+00:00,52.97,25.16,37.24,0.11,8.64
2026-09-01T18:13:00+00:00,53.7,23.33,38.72,0.0,10.96
2026-09-01T18:14:00+00:00,53.77,20.4,37.19,0.0,8.63
2026-09-01T18:15:00+00:00,50.78,18.15,39.04,0.36,11.66
2026-09-01T18:16:00+00:00,31.94,15.77,40.18,0.38,8.37
2026-09-01T18:17:00+00:00,40.16,14.82,40.26,0.0,8.39
2026-09-01T18:18:00+00:00,47.45,20.01,39.32,0.0,11.88
2026-09-01T18:19:00+00:00,46.42,15.19,41.67,0.35,10.67
2026-09-01T18:20:00+00:00,41.16,12.25,36.84,0.69,11.25
2026-09-01T18:21:00+00:00,52.93,20.92,41.23,0.38,8.59
2026-09-01T18:22:00+00:00,52.67,17.34,34.59,0.0,8.39
2026-09-01T18:23:00+00:00,37.13,11.01,37.25,0.0,8.34
2026-09-01T18:24:00+00:00,56.03,23.47,40.42,0.0,8.47
2026-09-01T18:25:00+00:00,45.39,16.02,39.68,0.05,10.97
2026-09-01T18:26:00+00:00,51.33,16.76,40.05,0.0,8.62
2026-09-01T18:27:00+00:00,39.81,10.6,42.29,0.0,8.38
2026-09-01T18:28:00+00:00,40.26,12.19,36.86,0.5,8.4
2026-09-01T18:29:00+00:00,43.29,17.54,37.76,0.0,8.3
2026-09-01T18:30:00+00:00,48.74,16.62,40.25,0.64,10.66
2026-09-01T18:31:00+00:00,35.0,11.45,39.45,0.0,10.08
2026-09-01T18:32:00+00:00,53.96,25.2,40.75,0.0,11.08
2026-09-01T18:33:00+00:00,50.09,19.08,37.56,0.0,10.85
2026-09-01T18:34:00+00:00,50.91,18.62,42.03,0.0,10.8
2026-09-01T18:35:00+00:00,27.23,13.72,40.35,0.0,10.47
2026-09-01T18:36:00+00:00,40.84,14.15,40.51,0.0,10.0
2026-09-01T18:37:00+00:00,47.1,16.5,39.5,0.06,10.3
2026-09-01T18:38:00+00:00,51.47,22.71,40.92,0.0,9.56
2026-09-01T18:39:00+00:00,45.77,14.3,39.12,0.0,8.35
2026-09-01T18:40:00+00:00,51.02,22.55,39.33,0.0,8.33
2026-09-01T18:41:00+00:00,33.87,12.28,42.44,0.51,10.19
2026-09-01T18:42:00+00:00,37.13,13.58,41.09,0.0,8.36
2026-09-01T18:43:00+00:00,52.18,17.09,39.23,0.0,10.12
2026-09-01T18:44:00+00:00,52.08,18.94,39.66,0.0,9.65
2026-09-01T18:45:00+00:00,52.68,21.23,41.01,0.0,9.8
2026-09-01T18:46:00+00:00,53.35,16.96,41.76,0.0,9.88
2026-09-01T18:47:00+00:00,46.65,18.57,40.35,0.0,9.57
2026-09-01T18:48:00+00:00,46.0,16.06,36.15,0.0,8.68
2026-09-01T18:49:00+00:00,39.94,11.26,38.13,0.0,8.65
2026-09-01T18:50:00+00:00,57.61,24.56,41.38,0.06,8.59
2026-09-01T18:51:00+00:00,51.73,19.4,40.79,0.0,9.51
2026-09-01T18:52:00+00:00,44.39,16.75,42.61,0.0,9.06
2026-09-01T18:53:00+00:00,52.87,17.67,39.93,0.03,9.01
2026-09-01T18:54:00+00:00,41.35,17.02,41.75,0.14,9.46
2026-09-01T18:55:00+00:00,54.81,22.06,40.65,0.0,8.75
2026-09-01T18:56:00+00:00,51.32,16.95,40.17,0.0,8.97
2026-09-01T18:57:00+00:00,35.71,13.53,41.04,0.0,8.31
2026-09-01T18:58:00+00:00,45.45,13.77,40.17,0.0,8.47
2026-09-01T18:59:00+00:00,40.71,18.92,40.97,0.54,8.36
2026-09-01T19:00:00+00:00,47.06,18.25,42.32,0.0,8.84
2026-09-01T19:01:00+00:00,51.73,22.36,42.87,0.0,8.95
2026-09-01T19:02:00+00:00,33.52,16.0,39.97,0.0,8.75
2026-09-01T19:03:00+00:00,40.52,10.1,41.14,0.0,8.33
2026-09-01T19:04:00+00:00,42.65,14.02,38.68,0.0,8.74
2026-09-01T19:05:00+00:00,50.65,16.97,40.8,0.0,8.35
2026-09-01T19:06:00+00:00,44.74,13.23,41.96,0.0,8.51
2026-09-01T19:07:00+00:00,58.85,22.37,39.87,0.0,8.47
2026-09-01T19:08:00+00:00,56.97,22.11,40.95,0.0,8.43
2026-09-01T19:09:00+00:00,49.71,17.04,40.98,0.0,8.43
2026-09-01T19:10:00+00:00,56.18,23.74,40.26,0.0,8.45
2026-09-01T19:11:00+00:00,46.52,20.34,38.65,0.0,8.33
2026-09-01T19:12:00+00:00,50.58,17.26,41.32,0.0,8.64
2026-09-01T19:13:00+00:00,45.94,12.5,39.43,0.0,8.28
2026-09-01T19:14:00+00:00,50.38,17.54,41.12,0.0,8.63
2026-09-01T19:15:00+00:00,48.1,17.51,41.61,0.0,8.51
2026-09-01T19:16:00+00:00,51.25,15.23,41.68,0.0,8.78
2026-09-01T19:17:00+00:00,52.69,17.39,41.19,0.0,8.18
2026-09-01T19:18:00+00:00,50.78,17.39,42.37,0.04,8.8
2026-09-01T19:19:00+00:00,52.78,20.39,39.92,0.18,8.18
2026-09-01T19:20:00+00:00,52.79,16.9,40.42,0.0,8.18
2026-09-01T19:21:00+00:00,50.05,14.26,39.53,0.0,8.5
2026-09-01T19:22:00+00:00,51.72,15.82,41.18,0.53,8.4
2026-09-01T19:23:00+00:00,52.77,13.4,44.65,0.0,8.18
2026-09-01T19:24:00+00:00,50.01,18.45,38.99,0.0,8.18
2026-09-01T19:25:00+00:00,43.61,19.39,41.52,0.0,8.67
2026-09-01T19:26:00+00:00,53.66,20.44,36.6,0.2,8.18
2026-09-01T19:27:00+00:00,52.44,19.88,38.77,0.0,8.18
2026-09-01T19:28:00+00:00,51.88,24.07,40.01,0.0,8.18
2026-09-01T19:29:00+00:00,43.23,17.31,41.03,0.0,8.18
2026-09-01T19:30:00+00:00,51.39,19.02,43.57,0.0,8.18
2026-09-01T19:31:00+00:00,54.34,23.32,43.01,0.68,8.62
2026-09-01T19:32:00+00:00,51.64,15.12,37.88,0.0,8.7
2026-09-01T19:33:00+00:00,40.65,16.73,42.58,0.47,8.62
2026-09-01T19:34:00+00:00,53.22,22.06,40.91,0.0,8.18
2026-09-01T19:35:00+00:00,46.61,18.93,42.36,0.0,8.18
2026-09-01T19:36:00+00:00,48.9,14.66,43.42,0.0,8.58
2026-09-01T19:37:00+00:00,45.1,16.53,43.39,0.0,8.51
2026-09-01T19:38:00+00:00,41.77,17.08,37.75,0.42,8.18
2026-09-01T19:39:00+00:00,57.96,20.74,44.38,0.0,8.18
2026-09-01T19:40:00+00:00,46.55,16.26,43.75,0.0,8.18
2026-09-01T19:41:00+00:00,38.32,15.08,43.27,0.0,8.18
2026-09-01T19:42:00+00:00,44.48,15.45,37.23,0.0,8.5
2026-09-01T19:43:00+00:00,41.55,11.44,42.26,0.0,8.39
2026-09-01T19:44:00+00:00,39.84,15.07,42.03,0.3,8.59
2026-09-01T19:45:00+00:00,43.97,10.76,41.94,0.0,8.21
2026-09-01T19:46:00+00:00,25.81,10.7,45.14,0.44,8.18
2026-09-01T19:47:00+00:00,53.52,23.33,41.71,0.0,8.25
2026-09-01T19:48:00+00:00,46.13,12.69,42.66,0.0,8.68
2026-09-01T19:49:00+00:00,50.1,15.46,41.7,0.0,8.18
2026-09-01T19:50:00+00:00,42.0,11.47,42.62,0.0,8.35
2026-09-01T19:51:00+00:00,50.18,19.36,42.18,0.0,8.75
2026-09-01T19:52:00+00:00,50.73,15.02,41.48,0.0,8.54
2026-09-01T19:53:00+00:00,41.16,12.95,46.94,0.0,8.18
2026-09-01T19:54:00+00:00,33.45,19.95,37.94,0.52,8.22
2026-09-01T19:55:00+00:00,54.42,24.6,41.17,0.0,8.48
2026-09-01T19:56:00+00:00,47.52,17.29,41.74,1.01,8.18
2026-09-01T19:57:00+00:00,51.39,16.41,36.86,0.0,8.18
2026-09-01T19:58:00+00:00,46.52,16.09,41.35,0.0,8.18
2026-09-01T19:59:00+00:00,49.97,14.44,41.87,0.42,8.18
2026-09-01T20:00:00+00:00,36.06,13.07,40.72,0.0,8.25
2026-09-01T20:01:00+00:00,43.58,14.29,39.8,0.26,8.7
2026-09-01T20:02:00+00:00,46.45,19.9,37.33,0.0,8.57
2026-09-01T20:03:00+00:00,47.61,18.12,41.29,0.0,8.18
2026-09-01T20:04:00+00:00,53.95,20.49,41.18,0.0,8.79
2026-09-01T20:05:00+00:00,50.05,20.24,41.47,0.9,8.41
2026-09-01T20:06:00+00:00,50.36,16.73,42.65,0.0,8.18
2026-09-01T20:07:00+00:00,45.19,13.77,41.6,0.0,8.3
2026-09-01T20:08:00+00:00,43.42,20.71,40.21,0.0,8.18
2026-09-01T20:09:00+00:00,51.82,19.87,37.33,0.0,8.57
2026-09-01T20:10:00+00:00,46.35,17.51,41.45,0.66,8.76
2026-09-01T20:11:00+00:00,54.39,21.06,45.9,0.0,8.62
2026-09-01T20:12:00+00:00,48.68,12.55,43.04,0.0,8.18
2026-09-01T20:13:00+00:00,50.41,19.1,39.93,0.0,8.54
2026-09-01T20:14:00+00:00,50.69,15.36,39.03,0.0,8.39
2026-09-01T20:15:00+00:00,39.77,11.74,41.24,0.0,8.2
2026-09-01T20:16:00+00:00,50.89,22.12,45.12,0.0,8.18
2026-09-01T20:17:00+00:00,51.98,22.61,40.45,0.14,8.18
2026-09-01T20:18:00+00:00,44.71,14.32,42.14,0.0,8.18
2026-09-01T20:19:00+00:00,35.84,15.37,39.03,0.0,8.18
2026-09-01T20:20:00+00:00,53.71,22.26,42.27,0.07,8.18
2026-09-01T20:21:00+00:00,40.29,13.67,40.64,0.0,8.18
2026-09-01T20:22:00+00:00,32.61,11.21,39.39,0.0,8.18
2026-09-01T20:23:00+00:00,42.81,10.54,43.24,0.0,8.45
2026-09-01T20:24:00+00:00,57.93,22.05,38.98,0.0,8.26
2026-09-01T20:25:00+00:00,53.4,21.63,40.23,0.0,8.32
2026-09-01T20:26:00+00:00,44.61,17.1,41.39,0.66,8.44
2026-09-01T20:27:00+00:00,50.21,22.86,42.63,0.09,8.23
2026-09-01T20:28:00+00:00,52.84,25.79,43.82,0.0,8.18
2026-09-01T20:29:00+00:00,55.53,20.56,40.05,0.0,8.18
2026-09-01T20:30:00+00:00,47.26,16.96,42.71,0.0,8.72
2026-09-01T20:31:00+00:00,46.9,12.81,42.9,0.0,8.18
2026-09-01T20:32:00+00:00,51.59,24.81,38.68,0.0,8.79
2026-09-01T20:33:00+00:00,48.26,19.75,40.77,0.0,8.77
2026-09-01T20:34:00+00:00,53.71,22.23,39.57,0.0,8.18
2026-09-01T20:35:00+00:00,43.87,18.11,39.35,0.21,8.71
2026-09-01T20:36:00+00:00,52.32,25.2,39.48,0.0,8.79
2026-09-01T20:37:00+00:00,50.58,17.51,41.34,0.0,8.78
2026-09-01T20:38:00+00:00,54.54,21.92,43.54,0.0,8.18
2026-09-01T20:39:00+00:00,32.87,8.6,39.28,0.4,8.18
2026-09-01T20:40:00+00:00,56.15,22.71,42.65,0.0,8.59
2026-09-01T20:41:00+00:00,51.62,14.29,39.21,0.0,8.18
2026-09-01T20:42:00+00:00,52.93,24.07,41.86,0.0,8.18
2026-09-01T20:43:00+00:00,47.35,17.78,38.25,0.0,8.18
2026-09-01T20:44:00+00:00,45.29,16.25,39.08,0.0,8.33
2026-09-01T20:45:00+00:00,38.9,18.58,37.65,0.0,8.18
2026-09-01T20:46:00+00:00,50.06,17.56,40.8,0.0,8.18
2026-09-01T20:47:00+00:00,47.65,14.78,41.5,0.0,8.43
2026-09-01T20:48:00+00:00,52.86,20.19,39.45,0.0,8.77
2026-09-01T20:49:00+00:00,43.65,13.75,39.81,0.0,8.18
2026-09-01T20:50:00+00:00,52.88,18.27,42.49,0.0,8.18
2026-09-01T20:51:00+00:00,52.83,19.45,40.05,0.0,8.18
2026-09-01T20:52:00+00:00,43.68,13.52,41.37,0.0,8.72
2026-09-01T20:53:00+00:00,50.54,19.65,38.26,0.1,8.73
2026-09-01T20:54:00+00:00,49.74,17.66,37.84,0.0,8.65
2026-09-01T20:55:00+00:00,49.26,17.64,39.61,0.0,8.18
2026-09-01T20:56:00+00:00,34.84,18.46,43.01,0.0,8.47
2026-09-01T20:57:00+00:00,51.82,19.25,37.03,0.0,8.23
2026-09-01T20:58:00+00:00,50.49,17.36,37.96,0.0,8.7
2026-09-01T20:59:00+00:00,53.42,20.41,39.97,0.0,8.18
2026-09-01T21:00:00+00:00,45.35,16.65,39.19,0.24,8.18
2026-09-01T21:01:00+00:00,57.22,23.56,43.46,0.0,8.53
2026-09-01T21:02:00+00:00,55.45,21.27,43.42,0.0,8.57
2026-09-01T21:03:00+00:00,44.32,14.21,37.6,0.0,8.55
2026-09-01T21:04:00+00:00,43.81,17.64,39.46,0.09,8.21
2026-09-01T21:05:00+00:00,50.34,14.88,42.05,0.0,8.18
2026-09-01T21:06:00+00:00,52.93,20.1,37.13,0.0,8.18
2026-09-01T21:07:00+00:00,42.87,12.74,40.87,0.0,8.3
2026-09-01T21:08:00+00:00,52.48,26.03,40.07,0.0,8.4
2026-09-01T21:09:00+00:00,45.0,19.44,40.92,0.0,8.53
2026-09-01T21:10:00+00:00,46.0,17.27,43.26,0.0,8.18
2026-09-01T21:11:00+00:00,40.13,16.75,41.86,0.38,8.18
2026-09-01T21:12:00+00:00,37.94,17.57,40.28,0.16,8.57
2026-09-01T21:13:00+00:00,54.76,19.95,41.61,0.0,8.57
2026-09-01T21:14:00+00:00,56.7,25.68,38.39,0.0,8.38
2026-09-01T21:15:00+00:00,39.81,17.61,37.76,0.0,8.25
2026-09-01T21:16:00+00:00,40.9,15.28,39.59,0.0,8.18
2026-09-01T21:17:00+00:00,48.0,20.42,40.52,0.29,8.43
2026-09-01T21:18:00+00:00,42.32,14.92,39.73,0.0,8.39
2026-09-01T21:19:00+00:00,44.74,16.52,39.81,0.4,8.51
2026-09-01T21:20:00+00:00,34.97,9.24,39.34,0.0,8.18
2026-09-01T21:21:00+00:00,50.03,23.89,38.05,0.0,8.18
2026-09-01T21:22:00+00:00,35.71,13.2,37.98,0.75,8.18
2026-09-01T21:23:00+00:00,52.78,22.09,42.11,0.0,8.18
2026-09-01T21:24:00+00:00,50.98,19.49,42.44,0.0,8.4
2026-09-01T21:25:00+00:00,51.23,18.81,36.53,0.0,8.18
2026-09-01T21:26:00+00:00,47.74,15.99,38.92,0.36,8.18
2026-09-01T21:27:00+00:00,47.35,17.34,39.53,0.0,8.74
2026-09-01T21:28:00+00:00,45.03,16.63,36.66,0.0,8.18
2026-09-01T21:29:00+00:00,47.9,18.15,38.25,0.0,8.18
2026-09-01T21:30:00+00:00,43.13,14.1,37.39,0.0,8.19
2026-09-01T21:31:00+00:00,51.83,23.06,38.9,0.23,8.44
2026-09-01T21:32:00+00:00,46.29,20.58,39.83,0.0,8.18
2026-09-01T21:33:00+00:00,47.97,17.27,39.93,0.0,8.74
2026-09-01T21:34:00+00:00,41.97,12.97,39.21,0.0,8.29
2026-09-01T21:35:00+00:00,38.19,18.45,42.92,0.0,8.18
2026-09-01T21:36:00+00:00,46.9,18.13,38.5,0.0,8.21
2026-09-01T21:37:00+00:00,47.39,19.15,41.11,0.0,8.67
2026-09-01T21:38:00+00:00,51.04,16.0,37.15,0.59,8.39
2026-09-01T21:39:00+00:00,44.58,16.67,39.44,0.0,8.18
2026-09-01T21:40:00+00:00,51.22,14.58,41.12,0.0,8.18
2026-09-01T21:41:00+00:00,36.45,17.46,37.85,0.0,8.72
2026-09-01T21:42:00+00:00,50.44,16.71,38.37,0.0,8.53
2026-09-01T21:43:00+00:00,53.51,22.79,38.79,0.0,8.18
2026-09-01T21:44:00+00:00,50.16,18.95,37.3,0.38,8.18
2026-09-01T21:45:00+00:00,46.71,19.95,37.6,0.0,8.47
2026-09-01T21:46:00+00:00,47.61,17.4,41.55,0.0,8.25
2026-09-01T21:47:00+00:00,52.03,21.82,40.86,0.0,8.29
2026-09-01T21:48:00+00:00,51.94,21.4,39.5,0.0,8.18
2026-09-01T21:49:00+00:00,54.96,21.75,37.81,0.0,8.28
2026-09-01T21:50:00+00:00,48.06,15.21,38.3,0.0,8.34
2026-09-01T21:51:00+00:00,49.45,16.08,40.45,0.59,8.34
2026-09-01T21:52:00+00:00,36.48,15.16,39.06,0.0,8.18
2026-09-01T21:53:00+00:00,30.81,9.46,35.72,0.0,8.18
2026-09-01T21:54:00+00:00,39.23,15.04,37.9,0.0,8.18
2026-09-01T21:55:00+00:00,51.04,20.88,39.29,0.03,8.62
2026-09-01T21:56:00+00:00,42.65,15.21,37.03,0.0,8.62
2026-09-01T21:57:00+00:00,40.58,14.44,37.87,0.0,8.18
2026-09-01T21:58:00+00:00,47.71,22.21,40.34,0.0,8.62
2026-09-01T21:59:00+00:00,50.25,14.4,41.28,0.0,8.37
2026-09-01T22:00:00+00:00,42.45,14.84,36.58,0.0,8.74
2026-09-01T22:01:00+00:00,45.03,14.43,38.0,0.0,8.18
2026-09-01T22:02:00+00:00,39.61,13.11,38.31,0.0,8.33
2026-09-01T22:03:00+00:00,32.58,14.34,40.96,0.0,8.18
2026-09-01T22:04:00+00:00,53.92,21.5,36.53,0.23,8.18
2026-09-01T22:05:00+00:00,34.97,13.63,37.01,0.0,8.2
2026-09-01T22:06:00+00:00,51.33,24.61,38.65,0.0,8.18
2026-09-01T22:07:00+00:00,52.21,18.04,41.19,0.0,8.24
2026-09-01T22:08:00+00:00,46.77,13.18,37.93,0.0,8.78
2026-09-01T22:09:00+00:00,48.94,16.95,36.33,0.24,8.26
2026-09-01T22:10:00+00:00,52.26,23.31,38.9,0.0,8.18
2026-09-01T22:11:00+00:00,44.58,20.49,40.67,0.0,8.62
2026-09-01T22:12:00+00:00,46.23,14.76,37.58,0.0,8.57
2026-09-01T22:13:00+00:00,39.81,16.44,36.2,0.0,8.27
2026-09-01T22:14:00+00:00,52.94,24.93,36.11,0.0,8.56
2026-09-01T22:15:00+00:00,35.48,16.41,38.75,0.0,8.71
2026-09-01T22:16:00+00:00,38.39,17.42,37.55,0.0,8.21
2026-09-01T22:17:00+00:00,48.52,18.1,38.67,0.0,8.18
2026-09-01T22:18:00+00:00,53.1,22.24,36.38,0.0,8.41
2026-09-01T22:19:00+00:00,51.75,23.64,37.91,0.0,8.41
2026-09-01T22:20:00+00:00,52.32,20.86,38.74,0.38,8.73
2026-09-01T22:21:00+00:00,55.16,17.42,36.88,0.0,8.25
2026-09-01T22:22:00+00:00,52.54,18.23,38.68,0.0,8.57
2026-09-01T22:23:00+00:00,51.99,20.22,36.31,0.0,8.38
2026-09-01T22:24:00+00:00,52.84,21.16,32.94,0.14,8.39
2026-09-01T22:25:00+00:00,52.28,18.31,38.41,0.0,8.18
2026-09-01T22:26:00+00:00,35.03,10.75,38.83,0.0,8.18
2026-09-01T22:27:00+00:00,54.54,26.0,32.94,0.0,8.65
2026-09-01T22:28:00+00:00,50.89,16.25,37.05,0.52,8.18
2026-09-01T22:29:00+00:00,55.99,22.72,38.5,0.0,8.58
2026-09-01T22:30:00+00:00,50.33,13.53,37.37,0.0,8.54
2026-09-01T22:31:00+00:00,42.16,16.04,34.36,0.0,8.72
2026-09-01T22:32:00+00:00,37.65,13.02,39.66,0.69,8.6
2026-09-01T22:33:00+00:00,58.03,28.28,36.13,0.0,8.18
2026-09-01T22:34:00+00:00,50.44,18.47,36.86,0.0,8.18
2026-09-01T22:35:00+00:00,43.1,15.28,33.95,0.0,8.18
2026-09-01T22:36:00+00:00,51.49,24.1,36.32,0.0,8.31
2026-09-01T22:37:00+00:00,51.1,12.35,39.53,0.0,8.26
2026-09-01T22:38:00+00:00,49.74,19.54,35.32,0.0,8.75
2026-09-01T22:39:00+00:00,40.06,11.91,38.43,0.0,8.3
2026-09-01T22:40:00+00:00,47.16,15.29,34.56,0.0,8.35
2026-09-01T22:41:00+00:00,38.71,16.0,36.07,0.0,8.18
2026-09-01T22:42:00+00:00,34.42,13.45,38.16,0.0,8.75
2026-09-01T22:43:00+00:00,40.97,14.35,35.23,0.0,8.18
2026-09-01T22:44:00+00:00,46.42,21.01,33.17,0.0,8.18
2026-09-01T22:45:00+00:00,42.58,14.61,36.06,0.0,8.18
2026-09-01T22:46:00+00:00,48.81,15.54,39.2,0.0,8.42
2026-09-01T22:47:00+00:00,55.45,25.68,34.58,0.28,8.36
2026-09-01T22:48:00+00:00,49.74,18.81,39.12,0.26,8.49
2026-09-01T22:49:00+00:00,42.06,12.52,33.8,0.0,8.53
2026-09-01T22:50:00+00:00,53.9,23.1,35.76,0.0,8.75
2026-09-01T22:51:00+00:00,50.9,20.79,34.04,0.0,8.18
2026-09-01T22:52:00+00:00,53.02,21.98,36.17,0.0,8.18
2026-09-01T22:53:00+00:00,52.82,21.31,36.04,0.0,8.18
2026-09-01T22:54:00+00:00,50.18,19.41,35.9,0.0,8.71
2026-09-01T22:55:00+00:00,43.81,10.58,32.67,0.0,8.67
2026-09-01T22:56:00+00:00,52.37,16.5,36.12,0.0,8.37
2026-09-01T22:57:00+00:00,51.37,28.08,37.67,0.0,8.18
2026-09-01T22:58:00+00:00,45.87,21.54,36.07,0.0,8.6
2026-09-01T22:59:00+00:00,49.74,16.47,35.5,0.0,8.18
2026-09-01T23:00:00+00:00,49.81,15.87,34.12,0.0,8.28
2026-09-01T23:01:00+00:00,46.16,15.85,34.68,0.36,8.18
2026-09-01T23:02:00+00:00,53.4,13.97,35.72,0.61,8.28
2026-09-01T23:03:00+00:00,51.92,12.5,33.92,0.0,8.18
2026-09-01T23:04:00+00:00,50.35,19.78,34.38,0.0,8.47
2026-09-01T23:05:00+00:00,49.55,19.55,33.29,0.0,8.18
2026-09-01T23:06:00+00:00,50.58,19.05,34.48,0.0,8.49
2026-09-01T23:07:00+00:00,36.16,14.67,34.43,0.51,8.18
2026-09-01T23:08:00+00:00,40.48,15.95,35.44,0.73,8.18
2026-09-01T23:09:00+00:00,50.31,18.22,37.32,0.19,8.18
2026-09-01T23:10:00+00:00,47.81,14.46,38.81,0.0,8.18
2026-09-01T23:11:00+00:00,44.32,13.02,37.89,0.0,8.61
2026-09-01T23:12:00+00:00,35.87,13.19,36.31,0.0,8.72
2026-09-01T23:13:00+00:00,45.97,15.98,33.81,0.12,8.18
2026-09-01T23:14:00+00:00,50.96,21.34,34.16,0.0,8.18
2026-09-01T23:15:00+00:00,45.1,15.59,31.78,0.0,8.21
2026-09-01T23:16:00+00:00,56.93,22.05,36.23,0.16,8.18
2026-09-01T23:17:00+00:00,53.71,15.81,37.95,0.0,8.18
2026-09-01T23:18:00+00:00,48.68,17.17,32.12,0.0,8.38
2026-09-01T23:19:00+00:00,51.7,16.5,32.94,0.0,8.18
2026-09-01T23:20:00+00:00,40.23,18.64,32.76,0.0,8.18
2026-09-01T23:21:00+00:00,53.21,17.8,37.61,0.0,8.18
2026-09-01T23:22:00+00:00,42.23,14.55,33.76,0.4,8.54
2026-09-01T23:23:00+00:00,45.19,12.79,35.71,0.0,8.8
2026-09-01T23:24:00+00:00,53.47,21.88,36.63,0.0,8.22
2026-09-01T23:25:00+00:00,50.74,17.18,32.57,0.44,8.6
2026-09-01T23:26:00+00:00,48.94,12.18,36.48,0.28,8.27
2026-09-01T23:27:00+00:00,49.81,14.66,33.34,0.46,8.18
2026-09-01T23:28:00+00:00,51.0,17.27,33.13,0.0,8.5
2026-09-01T23:29:00+00:00,44.29,15.25,33.46,0.0,8.19
2026-09-01T23:30:00+00:00,54.04,20.16,35.35,0.16,8.18
2026-09-01T23:31:00+00:00,45.55,18.15,34.52,0.0,8.18
2026-09-01T23:32:00+00:00,43.58,16.98,36.64,0.0,8.62
2026-09-01T23:33:00+00:00,50.29,17.17,35.75,0.0,8.18
2026-09-01T23:34:00+00:00,44.42,16.88,35.78,0.0,8.4
2026-09-01T23:35:00+00:00,56.53,23.82,34.56,0.12,8.59
2026-09-01T23:36:00+00:00,46.97,18.41,34.94,0.0,8.18
2026-09-01T23:37:00+00:00,52.63,21.15,32.56,0.48,8.18
2026-09-01T23:38:00+00:00,52.28,21.68,33.71,0.0,8.8
2026-09-01T23:39:00+00:00,51.67,21.49,34.26,0.34,8.42
2026-09-01T23:40:00+00:00,54.8,24.14,34.96,0.0,8.18
2026-09-01T23:41:00+00:00,47.06,12.31,33.93,0.0,8.73
2026-09-01T23:42:00+00:00,50.19,14.33,32.19,0.0,8.2
2026-09-01T23:43:00+00:00,41.19,16.0,36.07,0.0,8.41
2026-09-01T23:44:00+00:00,55.39,22.85,32.07,0.0,8.32
2026-09-01T23:45:00+00:00,54.39,20.24,33.78,0.0,8.18
2026-09-01T23:46:00+00:00,54.82,19.22,32.93,0.0,8.18
2026-09-01T23:47:00+00:00,53.16,21.16,35.61,0.0,8.61
2026-09-01T23:48:00+00:00,49.19,24.26,37.26,0.74,8.57
2026-09-01T23:49:00+00:00,44.55,19.76,33.29,0.0,8.18
2026-09-01T23:50:00+00:00,44.68,9.54,31.46,0.26,8.18
2026-09-01T23:51:00+00:00,40.0,18.13,37.71,0.0,8.22
2026-09-01T23:52:00+00:00,44.94,18.77,34.68,0.0,8.51
2026-09-01T23:53:00+00:00,50.88,18.59,38.59,0.0,8.18
2026-09-01T23:54:00+00:00,38.06,19.22,35.46,0.72,8.58
2026-09-01T23:55:00+00:00,44.58,14.05,32.42,0.0,8.75
2026-09-01T23:56:00+00:00,49.65,13.48,36.36,0.53,8.18
2026-09-01T23:57:00+00:00,43.71,19.37,34.41,0.0,8.63
2026-09-01T23:58:00+00:00,34.32,9.8,34.4,0.0,8.54
2026-09-01T23:59:00+00:00,43.03,14.18,36.77,0.0,8.18
2026-09-02T00:00:00+00:00,25.81,9.54,32.69,0.0,8.18
2026-09-02T00:01:00+00:00,52.93,19.77,34.77,0.0,8.18
2026-09-02T00:02:00+00:00,57.86,26.05,33.11,0.67,8.51
2026-09-02T00:03:00+00:00,27.55,10.3,32.84,0.0,8.62
2026-09-02T00:04:00+00:00,55.86,21.88,35.1,0.0,8.18
2026-09-02T00:05:00+00:00,25.81,8.6,32.24,0.0,8.22
2026-09-02T00:06:00+00:00,29.23,11.49,31.42,0.0,8.18
2026-09-02T00:07:00+00:00,25.81,12.72,33.81,0.0,8.18
2026-09-02T00:08:00+00:00,40.32,12.49,32.35,0.0,8.66
2026-09-02T00:09:00+00:00,52.56,19.35,32.33,0.0,8.18
2026-09-02T00:10:00+00:00,50.93,20.65,33.34,0.58,8.76
2026-09-02T00:11:00+00:00,43.77,13.36,32.81,0.0,8.18
2026-09-02T00:12:00+00:00,52.04,16.06,30.13,0.0,8.18
2026-09-02T00:13:00+00:00,25.81,10.91,33.32,0.0,8.27
2026-09-02T00:14:00+00:00,25.81,15.31,33.7,0.0,8.18
2026-09-02T00:15:00+00:00,40.52,13.15,35.85,0.0,8.18
2026-09-02T00:16:00+00:00,53.26,20.76,35.9,0.0,8.18
2026-09-02T00:17:00+00:00,66.4,29.2,29.25,0.21,8.18
2026-09-02T00:18:00+00:00,52.94,15.8,32.58,0.0,8.35
2026-09-02T00:19:00+00:00,58.88,23.23,32.06,0.0,8.8
2026-09-02T00:20:00+00:00,28.58,12.94,32.02,0.0,8.18
2026-09-02T00:21:00+00:00,26.77,10.19,32.2,0.0,8.18
2026-09-02T00:22:00+00:00,52.13,18.04,35.04,0.0,8.18
2026-09-02T00:23:00+00:00,37.87,10.1,35.06,0.0,8.18
2026-09-02T00:24:00+00:00,43.52,15.92,37.07,0.0,8.63
2026-09-02T00:25:00+00:00,65.99,32.8,32.22,0.38,8.18
2026-09-02T00:26:00+00:00,33.1,13.09,33.65,0.89,8.77
2026-09-02T00:27:00+00:00,25.81,7.5,32.84,0.44,8.29
2026-09-02T00:28:00+00:00,33.65,8.16,33.63,0.0,8.68
2026-09-02T00:29:00+00:00,57.01,23.88,33.4,0.0,8.55
2026-09-02T00:30:00+00:00,31.32,7.87,31.96,0.0,8.18
2026-09-02T00:31:00+00:00,29.42,13.4,33.88,0.0,8.18
2026-09-02T00:32:00+00:00,53.55,20.72,34.26,0.19,8.18
2026-09-02T00:33:00+00:00,25.81,9.61,33.31,0.0,8.18
2026-09-02T00:34:00+00:00,25.81,15.67,33.36,0.0,8.18
2026-09-02T00:35:00+00:00,25.81,7.61,34.57,0.0,8.18
2026-09-02T00:36:00+00:00,50.09,14.39,34.64,0.0,8.18
2026-09-02T00:37:00+00:00,67.18,35.32,33.22,0.0,8.18
2026-09-02T00:38:00+00:00,50.94,19.61,32.09,0.0,8.18
2026-09-02T00:39:00+00:00,50.93,19.34,31.93,0.0,8.48
2026-09-02T00:40:00+00:00,33.29,10.65,33.4,0.69,8.25
2026-09-02T00:41:00+00:00,25.81,9.85,31.87,0.59,8.54
2026-09-02T00:42:00+00:00,46.29,12.98,32.58,0.0,8.18
2026-09-02T00:43:00+00:00,42.68,17.53,31.18,0.0,8.61
2026-09-02T00:44:00+00:00,55.45,23.49,33.13,0.0,8.18
2026-09-02T00:45:00+00:00,37.68,10.84,31.3,0.0,8.6
2026-09-02T00:46:00+00:00,52.53,16.73,32.47,0.28,8.18
2026-09-02T00:47:00+00:00,35.03,10.65,32.11,0.0,8.59
2026-09-02T00:48:00+00:00,53.15,22.93,34.48,0.0,8.32
2026-09-02T00:49:00+00:00,36.32,13.4,29.9,0.16,8.38
2026-09-02T00:50:00+00:00,54.39,20.42,33.0,0.0,8.25
2026-09-02T00:51:00+00:00,38.58,10.46,34.85,0.22,8.18
2026-09-02T00:52:00+00:00,62.93,36.9,35.43,0.0,8.18
2026-09-02T00:53:00+00:00,25.81,11.66,31.13,0.38,8.73
2026-09-02T00:54:00+00:00,25.81,9.36,32.24,0.0,8.7
2026-09-02T00:55:00+00:00,25.81,8.57,32.59,0.0,8.23
2026-09-02T00:56:00+00:00,25.81,10.02,32.51,0.0,8.68
2026-09-02T00:57:00+00:00,60.5,28.06,31.27,0.56,8.59
2026-09-02T00:58:00+00:00,54.14,18.93,30.12,0.0,8.18
2026-09-02T00:59:00+00:00,25.81,12.12,35.3,0.0,8.78
2026-09-02T01:00:00+00:00,43.06,20.04,34.14,0.45,8.25
2026-09-02T01:01:00+00:00,42.23,16.16,35.14,0.38,8.58
2026-09-02T01:02:00+00:00,33.55,13.8,33.44,0.0,8.3
2026-09-02T01:03:00+00:00,36.03,18.43,31.84,0.0,8.72
2026-09-02T01:04:00+00:00,48.65,16.48,34.88,0.0,8.18
2026-09-02T01:05:00+00:00,64.9,32.57,32.64,0.0,8.18
2026-09-02T01:06:00+00:00,47.13,13.24,36.24,0.0,8.18
2026-09-02T01:07:00+00:00,63.62,27.51,30.92,0.0,8.78
2026-09-02T01:08:00+00:00,61.73,23.02,36.69,0.0,8.2
2026-09-02T01:09:00+00:00,48.03,18.23,33.4,0.0,8.18
2026-09-02T01:10:00+00:00,50.04,12.71,32.32,0.29,8.22
2026-09-02T01:11:00+00:00,74.66,41.58,33.65,0.0,8.4
2026-09-02T01:12:00+00:00,43.23,13.23,36.26,0.0,8.43
2026-09-02T01:13:00+00:00,36.45,19.74,33.54,0.0,8.64
2026-09-02T01:14:00+00:00,41.9,18.96,31.62,0.0,8.22
2026-09-02T01:15:00+00:00,34.06,17.15,34.44,0.0,8.18
2026-09-02T01:16:00+00:00,63.47,30.71,34.93,0.0,8.18
2026-09-02T01:17:00+00:00,48.94,17.93,33.97,0.72,8.18
2026-09-02T01:18:00+00:00,55.39,24.18,32.05,0.0,8.18
2026-09-02T01:19:00+00:00,55.75,25.71,33.47,0.0,8.22
2026-09-02T01:20:00+00:00,29.74,10.76,30.04,0.0,8.7
2026-09-02T01:21:00+00:00,53.4,20.89,34.09,0.0,8.48
2026-09-02T01:22:00+00:00,56.79,21.96,33.59,0.0,8.18
2026-09-02T01:23:00+00:00,27.45,9.67,32.83,0.56,8.18
2026-09-02T01:24:00+00:00,31.06,9.36,34.43,0.0,8.28
2026-09-02T01:25:00+00:00,54.89,24.74,31.32,0.44,8.2
2026-09-02T01:26:00+00:00,58.53,26.13,30.48,0.0,8.43
2026-09-02T01:27:00+00:00,34.19,14.49,28.85,0.0,8.48
2026-09-02T01:28:00+00:00,29.19,7.5,36.62,0.0,8.77
2026-09-02T01:29:00+00:00,47.06,19.46,29.23,0.0,8.37
2026-09-02T01:30:00+00:00,53.17,21.26,35.15,0.01,8.18
2026-09-02T01:31:00+00:00,49.1,21.67,35.83,0.0,8.18
2026-09-02T01:32:00+00:00,45.26,13.16,31.06,0.0,8.58
2026-09-02T01:33:00+00:00,58.73,25.62,32.84,0.0,8.46
2026-09-02T01:34:00+00:00,34.61,8.84,30.24,0.0,8.6
2026-09-02T01:35:00+00:00,25.81,7.5,35.83,0.78,8.18
2026-09-02T01:36:00+00:00,60.4,27.91,31.47,0.0,8.51
2026-09-02T01:37:00+00:00,31.65,15.14,30.68,0.0,8.36
2026-09-02T01:38:00+00:00,32.45,9.39,33.99,0.0,8.67
2026-09-02T01:39:00+00:00,41.87,12.66,32.86,0.02,8.28
2026-09-02T01:40:00+00:00,37.9,10.76,33.28,0.0,8.18
2026-09-02T01:41:00+00:00,28.13,12.07,33.25,0.0,8.38
2026-09-02T01:42:00+00:00,53.88,17.66,33.04,0.0,8.66
2026-09-02T01:43:00+00:00,60.3,33.57,32.05,0.4,8.18
2026-09-02T01:44:00+00:00,62.89,28.22,33.95,0.0,8.47
2026-09-02T01:45:00+00:00,26.45,10.23,34.53,0.47,8.4
2026-09-02T01:46:00+00:00,50.89,14.04,33.16,0.0,8.27
2026-09-02T01:47:00+00:00,50.21,15.14,34.3,0.29,8.18
2026-09-02T01:48:00+00:00,33.84,11.59,34.33,0.0,8.18
2026-09-02T01:49:00+00:00,36.1,20.06,29.73,0.0,8.18
2026-09-02T01:50:00+00:00,51.87,22.47,32.02,0.0,8.57
2026-09-02T01:51:00+00:00,57.19,24.13,34.81,0.0,8.21
2026-09-02T01:52:00+00:00,50.25,13.63,35.58,0.46,8.39
2026-09-02T01:53:00+00:00,25.81,7.59,33.01,0.0,8.18
2026-09-02T01:54:00+00:00,50.41,16.96,32.64,0.0,8.59
2026-09-02T01:55:00+00:00,36.23,12.18,32.09,0.0,8.18
2026-09-02T01:56:00+00:00,58.23,24.61,34.67,0.0,8.18
2026-09-02T01:57:00+00:00,26.58,11.85,33.92,0.41,8.18
2026-09-02T01:58:00+00:00,49.94,15.23,33.16,0.0,8.25
2026-09-02T01:59:00+00:00,54.29,23.71,33.43,0.0,8.68
2026-09-02T02:00:00+00:00,25.81,14.22,33.81,0.33,8.8
2026-09-02T02:01:00+00:00,40.74,16.27,36.32,0.0,8.18
2026-09-02T02:02:00+00:00,48.32,15.65,30.07,0.0,8.3
2026-09-02T02:03:00+00:00,28.84,7.53,35.27,0.0,8.18
2026-09-02T02:04:00+00:00,57.03,24.32,32.29,0.07,8.18
2026-09-02T02:05:00+00:00,50.51,20.48,32.74,0.0,8.38
2026-09-02T02:06:00+00:00,60.89,30.33,34.6,0.0,8.38
2026-09-02T02:07:00+00:00,51.92,17.35,30.47,0.24,8.18
2026-09-02T02:08:00+00:00,46.26,14.11,33.74,0.0,8.45
2026-09-02T02:09:00+00:00,60.63,25.19,31.11,0.0,8.18
2026-09-02T02:10:00+00:00,34.81,10.94,32.9,0.0,8.18
2026-09-02T02:11:00+00:00,56.24,24.79,32.96,0.0,8.26
2026-09-02T02:12:00+00:00,62.29,31.44,32.41,0.0,8.21
2026-09-02T02:13:00+00:00,30.0,10.5,34.22,0.28,8.42
2026-09-02T02:14:00+00:00,34.03,11.48,32.33,0.0,8.18
2026-09-02T02:15:00+00:00,51.47,24.0,32.64,0.38,8.18
2026-09-02T02:16:00+00:00,37.97,17.22,34.7,0.0,8.42
2026-09-02T02:17:00+00:00,50.19,16.6,34.93,0.0,8.18
2026-09-02T02:18:00+00:00,50.96,17.31,33.92,0.0,8.38
2026-09-02T02:19:00+00:00,59.99,29.99,34.06,0.19,8.18
2026-09-02T02:20:00+00:00,40.71,12.2,33.19,0.0,8.54
2026-09-02T02:21:00+00:00,53.02,24.73,34.19,0.0,8.42
2026-09-02T02:22:00+00:00,50.76,20.07,28.55,0.0,8.77
2026-09-02T02:23:00+00:00,35.26,11.75,33.23,0.0,8.41
2026-09-02T02:24:00+00:00,42.65,19.21,33.94,0.0,8.47
2026-09-02T02:25:00+00:00,44.03,17.32,28.8,0.1,8.63
2026-09-02T02:26:00+00:00,25.94,14.82,34.62,0.86,8.77
2026-09-02T02:27:00+00:00,55.5,17.56,32.34,0.0,8.18
2026-09-02T02:28:00+00:00,60.23,24.15,31.78,0.0,8.28
2026-09-02T02:29:00+00:00,44.0,16.73,32.4,0.0,8.18
2026-09-02T02:30:00+00:00,40.26,14.26,29.71,0.09,8.18
2026-09-02T02:31:00+00:00,57.41,23.01,35.52,0.0,8.18
2026-09-02T02:32:00+00:00,35.23,15.48,32.75,0.0,8.28
2026-09-02T02:33:00+00:00,50.65,16.77,34.2,0.29,8.18
2026-09-02T02:34:00+00:00,47.97,17.22,31.44,0.0,8.18
2026-09-02T02:35:00+00:00,41.29,15.38,33.37,0.0,8.43
2026-09-02T02:36:00+00:00,39.29,11.04,33.09,0.29,8.43
2026-09-02T02:37:00+00:00,57.46,24.62,29.16,0.0,8.61
2026-09-02T02:38:00+00:00,52.62,21.48,38.51,0.0,8.18
2026-09-02T02:39:00+00:00,35.74,14.43,32.66,0.5,8.27
2026-09-02T02:40:00+00:00,47.35,19.14,33.72,0.0,8.57
2026-09-02T02:41:00+00:00,51.03,18.37,33.93,0.0,8.18
2026-09-02T02:42:00+00:00,50.43,21.73,32.16,0.0,8.18
2026-09-02T02:43:00+00:00,55.63,20.05,32.26,0.02,8.18
2026-09-02T02:44:00+00:00,53.07,26.79,32.96,0.0,8.7
2026-09-02T02:45:00+00:00,26.48,11.84,31.46,0.11,8.72
2026-09-02T02:46:00+00:00,46.23,15.15,35.24,0.0,8.74
2026-09-02T02:47:00+00:00,25.81,14.81,30.29,0.71,8.18
2026-09-02T02:48:00+00:00,30.13,10.15,34.83,0.0,8.18
2026-09-02T02:49:00+00:00,25.81,7.5,34.23,0.28,8.18
2026-09-02T02:50:00+00:00,41.06,15.04,31.6,0.0,8.49
2026-09-02T02:51:00+00:00,50.8,22.06,31.83,0.0,8.34
2026-09-02T02:52:00+00:00,50.83,19.51,32.61,0.0,8.22
2026-09-02T02:53:00+00:00,54.71,21.87,33.44,0.0,8.18
2026-09-02T02:54:00+00:00,57.82,22.08,33.45,0.0,8.43
2026-09-02T02:55:00+00:00,43.9,14.62,31.57,0.34,8.57
2026-09-02T02:56:00+00:00,49.35,16.15,35.58,0.0,8.54
2026-09-02T02:57:00+00:00,54.62,22.35,34.41,0.0,8.18
2026-09-02T02:58:00+00:00,44.06,14.44,31.7,0.0,8.34
2026-09-02T02:59:00+00:00,39.45,15.97,31.27,0.64,8.41
2026-09-02T03:00:00+00:00,32.1,9.39,29.33,0.0,8.18
2026-09-02T03:01:00+00:00,38.39,16.92,32.86,0.39,8.73
2026-09-02T03:02:00+00:00,45.42,15.14,31.66,0.0,8.18
2026-09-02T03:03:00+00:00,56.37,22.1,31.07,0.71,8.18
2026-09-02T03:04:00+00:00,64.01,28.93,31.68,0.0,8.51
2026-09-02T03:05:00+00:00,57.54,23.62,35.17,0.36,8.18
2026-09-02T03:06:00+00:00,48.35,15.56,34.16,0.0,8.25
2026-09-02T03:07:00+00:00,43.26,14.47,32.73,0.0,8.36
2026-09-02T03:08:00+00:00,58.68,27.21,32.61,0.58,8.39
2026-09-02T03:09:00+00:00,58.45,30.26,33.84,0.0,8.18
2026-09-02T03:10:00+00:00,25.81,7.97,36.92,0.0,8.19
2026-09-02T03:11:00+00:00,38.84,14.78,37.31,0.0,8.49
2026-09-02T03:12:00+00:00,54.49,23.85,34.93,0.0,8.18
2026-09-02T03:13:00+00:00,55.04,19.01,32.59,0.0,8.18
2026-09-02T03:14:00+00:00,53.42,18.3,32.06,1.05,8.68
2026-09-02T03:15:00+00:00,53.81,18.12,31.92,0.49,8.18
2026-09-02T03:16:00+00:00,43.0,13.41,32.1,0.0,8.79
2026-09-02T03:17:00+00:00,25.81,11.61,34.76,0.0,8.18
2026-09-02T03:18:00+00:00,48.23,16.66,35.47,0.31,8.4
2026-09-02T03:19:00+00:00,58.23,25.13,37.71,0.0,8.18
2026-09-02T03:20:00+00:00,41.84,11.06,29.71,0.36,8.26
2026-09-02T03:21:00+00:00,60.45,26.28,35.06,0.29,8.18
2026-09-02T03:22:00+00:00,50.61,19.1,30.68,0.0,8.45
2026-09-02T03:23:00+00:00,52.61,16.3,35.09,0.1,8.18
2026-09-02T03:24:00+00:00,26.87,10.54,31.21,0.33,8.18
2026-09-02T03:25:00+00:00,33.81,13.92,32.03,0.11,8.18
2026-09-02T03:26:00+00:00,25.81,9.37,33.73,0.0,8.56
2026-09-02T03:27:00+00:00,54.32,25.51,30.41,0.0,8.18
2026-09-02T03:28:00+00:00,28.97,9.59,34.26,0.0,8.29
2026-09-02T03:29:00+00:00,38.48,13.55,35.25,0.0,8.75
2026-09-02T03:30:00+00:00,29.84,14.31,33.53,0.0,8.61
2026-09-02T03:31:00+00:00,51.5,18.31,35.43,0.0,8.18
2026-09-02T03:32:00+00:00,34.42,12.43,37.25,0.78,8.18
2026-09-02T03:33:00+00:00,49.65,14.41,34.24,0.0,8.43
2026-09-02T03:34:00+00:00,43.94,16.6,33.91,0.0,8.18
2026-09-02T03:35:00+00:00,51.05,15.58,32.17,0.0,8.18
2026-09-02T03:36:00+00:00,41.19,16.3,34.86,0.11,8.59
2026-09-02T03:37:00+00:00,47.42,15.05,32.51,0.36,8.3
2026-09-02T03:38:00+00:00,53.58,25.39,34.22,0.01,8.18
2026-09-02T03:39:00+00:00,51.34,18.35,33.44,0.46,8.25
2026-09-02T03:40:00+00:00,38.03,13.44,35.93,0.0,8.56
2026-09-02T03:41:00+00:00,46.48,16.7,33.05,0.11,8.65
2026-09-02T03:42:00+00:00,53.71,22.39,37.85,0.0,8.18
2026-09-02T03:43:00+00:00,55.84,20.62,33.55,0.0,8.79
2026-09-02T03:44:00+00:00,36.87,11.59,32.5,0.0,8.66
2026-09-02T03:45:00+00:00,46.97,17.53,33.09,0.0,8.18
2026-09-02T03:46:00+00:00,41.71,14.35,32.2,0.16,8.18
2026-09-02T03:47:00+00:00,25.81,7.5,31.31,0.0,8.18
2026-09-02T03:48:00+00:00,49.68,24.11,30.9,0.0,8.28
2026-09-02T03:49:00+00:00,39.23,13.1,34.47,0.0,8.39
2026-09-02T03:50:00+00:00,50.39,17.92,32.41,0.76,8.18
2026-09-02T03:51:00+00:00,41.19,13.99,36.28,0.0,8.18
2026-09-02T03:52:00+00:00,31.16,7.5,31.05,0.0,8.56
2026-09-02T03:53:00+00:00,41.71,17.6,33.94,0.51,8.18
2026-09-02T03:54:00+00:00,116.08,62.26,32.54,0.0,8.7
2026-09-02T03:55:00+00:00,105.94,57.59,31.09,0.0,8.48
2026-09-02T03:56:00+00:00,108.72,61.31,34.56,0.0,8.6
2026-09-02T03:57:00+00:00,112.92,60.59,36.25,0.0,8.33
2026-09-02T03:58:00+00:00,108.43,59.49,32.49,0.8,8.28
2026-09-02T03:59:00+00:00,107.08,58.83,34.06,0.0,8.18
2026-09-02T04:00:00+00:00,117.16,64.3,31.89,0.0,8.18
2026-09-02T04:01:00+00:00,107.67,59.58,32.33,0.0,8.3
2026-09-02T04:02:00+00:00,111.98,64.68,30.4,0.0,8.79
2026-09-02T04:03:00+00:00,111.85,61.16,32.6,0.0,8.28
2026-09-02T04:04:00+00:00,107.95,57.5,28.38,0.64,8.18
2026-09-02T04:05:00+00:00,115.81,65.55,34.52,0.29,8.18
2026-09-02T04:06:00+00:00,105.26,58.53,33.33,0.0,8.18
2026-09-02T04:07:00+00:00,119.11,63.41,33.41,0.0,8.32
2026-09-02T04:08:00+00:00,112.69,60.14,34.42,0.0,8.52
2026-09-02T04:09:00+00:00,115.81,63.97,34.73,0.0,8.18
2026-09-02T04:10:00+00:00,119.35,63.67,34.38,0.49,8.18
2026-09-02T04:11:00+00:00,117.31,67.5,34.76,0.0,8.18
2026-09-02T04:12:00+00:00,111.67,62.45,39.39,0.0,8.18
2026-09-02T04:13:00+00:00,110.62,61.09,34.49,0.0,8.19
2026-09-02T04:14:00+00:00,107.65,57.33,33.27,0.0,8.26
2026-09-02T04:15:00+00:00,107.95,60.35,33.0,0.0,8.61
2026-09-02T04:16:00+00:00,109.33,58.73,33.02,0.0,8.47
2026-09-02T04:17:00+00:00,120.89,69.88,31.68,0.0,8.18
2026-09-02T04:18:00+00:00,115.37,65.25,34.91,0.0,8.79
2026-09-02T04:19:00+00:00,118.87,68.47,33.14,0.0,8.18
2026-09-02T04:20:00+00:00,116.94,63.73,33.3,0.29,8.18
2026-09-02T04:21:00+00:00,120.06,66.69,33.01,0.42,8.18
2026-09-02T04:22:00+00:00,125.13,69.62,34.97,0.0,8.18
2026-09-02T04:23:00+00:00,116.47,62.68,33.26,0.0,8.31
2026-09-02T04:24:00+00:00,113.14,61.77,34.83,0.0,8.18
2026-09-02T04:25:00+00:00,55.51,19.97,34.3,0.38,8.66
2026-09-02T04:26:00+00:00,46.39,15.29,34.9,0.47,8.33
2026-09-02T04:27:00+00:00,28.55,11.96,32.27,0.0,8.18
2026-09-02T04:28:00+00:00,46.23,13.29,31.6,0.0,8.7
2026-09-02T04:29:00+00:00,52.51,21.84,31.77,0.13,8.18
2026-09-02T04:30:00+00:00,38.71,12.06,32.09,0.0,8.18
2026-09-02T04:31:00+00:00,58.95,28.69,33.77,0.0,8.35
2026-09-02T04:32:00+00:00,43.26,20.2,34.96,0.0,8.25
2026-09-02T04:33:00+00:00,54.31,21.23,32.38,0.0,8.8
2026-09-02T04:34:00+00:00,52.63,23.94,33.93,0.0,8.18
2026-09-02T04:35:00+00:00,30.0,7.5,34.31,0.0,8.56
2026-09-02T04:36:00+00:00,36.26,14.56,32.78,0.0,8.18
2026-09-02T04:37:00+00:00,52.08,19.79,31.93,0.0,8.18
2026-09-02T04:38:00+00:00,31.13,12.18,36.61,0.47,8.18
2026-09-02T04:39:00+00:00,55.0,20.85,32.99,0.0,8.18
2026-09-02T04:40:00+00:00,43.71,11.03,31.39,0.0,8.18
2026-09-02T04:41:00+00:00,40.55,16.48,31.23,0.0,8.18
2026-09-02T04:42:00+00:00,36.42,12.36,32.07,0.1,8.47
2026-09-02T04:43:00+00:00,42.58,15.5,34.76,0.0,8.47
2026-09-02T04:44:00+00:00,42.42,18.33,31.19,0.0,8.18
2026-09-02T04:45:00+00:00,48.29,19.44,34.58,0.0,8.3
2026-09-02T04:46:00+00:00,51.5,21.53,33.16,0.0,8.18
2026-09-02T04:47:00+00:00,49.19,14.97,31.22,0.22,8.28
2026-09-02T04:48:00+00:00,36.68,10.64,35.34,0.38,8.62
2026-09-02T04:49:00+00:00,50.1,15.49,34.41,0.63,8.44
2026-09-02T04:50:00+00:00,43.29,18.43,33.93,0.0,8.23
2026-09-02T04:51:00+00:00,47.61,14.14,34.56,0.0,8.18
2026-09-02T04:52:00+00:00,45.52,15.77,34.65,0.0,8.19
2026-09-02T04:53:00+00:00,56.74,24.41,33.59,0.0,8.45
2026-09-02T04:54:00+00:00,51.43,19.48,30.9,0.0,8.18
2026-09-02T04:55:00+00:00,51.23,19.99,33.75,0.0,8.18
2026-09-02T04:56:00+00:00,54.97,21.37,33.5,0.0,8.68
2026-09-02T04:57:00+00:00,52.74,14.82,32.37,0.04,8.66
2026-09-02T04:58:00+00:00,37.65,10.9,32.89,0.0,8.4
2026-09-02T04:59:00+00:00,50.44,18.46,32.42,0.0,8.62
2026-09-02T05:00:00+00:00,50.48,18.78,35.66,0.17,8.26
2026-09-02T05:01:00+00:00,55.71,17.3,33.29,0.0,8.26
2026-09-02T05:02:00+00:00,53.55,22.22,34.45,0.0,8.37
2026-09-02T05:03:00+00:00,52.98,15.97,34.64,0.0,8.18
2026-09-02T05:04:00+00:00,50.38,20.52,33.49,0.82,8.5
2026-09-02T05:05:00+00:00,53.22,20.76,34.96,0.33,8.18
2026-09-02T05:06:00+00:00,30.1,11.92,31.01,0.0,8.47
2026-09-02T05:07:00+00:00,40.58,16.91,34.42,0.0,8.18
2026-09-02T05:08:00+00:00,48.32,14.33,33.18,0.0,8.18
2026-09-02T05:09:00+00:00,38.23,16.22,31.11,0.0,8.64
2026-09-02T05:10:00+00:00,55.05,16.85,35.16,0.0,8.18
2026-09-02T05:11:00+00:00,51.82,19.28,33.06,0.0,8.37
2026-09-02T05:12:00+00:00,47.16,16.67,36.19,0.0,8.64
2026-09-02T05:13:00+00:00,27.52,9.79,34.96,0.0,8.18
2026-09-02T05:14:00+00:00,47.19,16.12,36.51,0.0,8.7
2026-09-02T05:15:00+00:00,55.88,23.37,33.49,0.0,8.45
2026-09-02T05:16:00+00:00,40.74,12.92,34.21,0.0,8.18
2026-09-02T05:17:00+00:00,53.53,17.96,35.74,0.77,8.68
2026-09-02T05:18:00+00:00,57.71,23.94,31.58,0.0,8.6
2026-09-02T05:19:00+00:00,54.0,16.42,30.18,0.56,8.45
2026-09-02T05:20:00+00:00,32.71,13.74,31.87,0.0,8.18
2026-09-02T05:21:00+00:00,47.1,18.59,33.33,0.0,8.61
2026-09-02T05:22:00+00:00,42.45,14.6,34.12,0.0,8.53
2026-09-02T05:23:00+00:00,45.58,13.17,34.24,0.0,8.18
2026-09-02T05:24:00+00:00,51.73,21.45,33.61,0.0,8.28
2026-09-02T05:25:00+00:00,44.29,13.54,30.27,0.0,8.18
2026-09-02T05:26:00+00:00,53.42,19.43,34.07,0.0,8.7
2026-09-02T05:27:00+00:00,52.21,16.84,32.91,0.0,8.49
2026-09-02T05:28:00+00:00,50.35,16.17,30.69,0.0,8.18
2026-09-02T05:29:00+00:00,52.13,17.28,33.89,0.0,8.55
2026-09-02T05:30:00+00:00,51.13,19.01,32.08,0.0,8.18
2026-09-02T05:31:00+00:00,42.42,10.59,33.69,0.0,8.79
2026-09-02T05:32:00+00:00,43.52,16.09,32.72,0.0,8.52
2026-09-02T05:33:00+00:00,55.35,24.13,29.78,0.18,8.18
2026-09-02T05:34:00+00:00,47.61,19.43,33.94,0.0,8.6
2026-09-02T05:35:00+00:00,33.84,9.31,31.99,0.0,8.5
2026-09-02T05:36:00+00:00,36.68,12.06,34.17,0.51,8.5
2026-09-02T05:37:00+00:00,54.57,25.25,31.37,0.0,8.8
2026-09-02T05:38:00+00:00,50.96,17.83,35.58,0.0,8.18
2026-09-02T05:39:00+00:00,55.21,19.36,34.08,0.0,8.45
2026-09-02T05:40:00+00:00,53.11,20.46,35.59,0.0,8.46
2026-09-02T05:41:00+00:00,32.81,16.78,31.04,0.0,8.18
2026-09-02T05:42:00+00:00,52.29,18.85,33.42,0.0,8.18
2026-09-02T05:43:00+00:00,43.74,17.66,30.43,0.0,8.23
2026-09-02T05:44:00+00:00,32.9,8.76,31.37,0.0,8.6
2026-09-02T05:45:00+00:00,43.81,14.85,35.51,0.84,8.79
2026-09-02T05:46:00+00:00,55.64,22.53,29.24,0.0,8.18
2026-09-02T05:47:00+00:00,53.26,22.53,34.1,0.0,8.18
2026-09-02T05:48:00+00:00,52.39,19.68,32.95,0.0,8.48
2026-09-02T05:49:00+00:00,47.03,15.55,35.49,0.0,8.18
2026-09-02T05:50:00+00:00,31.26,12.68,33.3,0.0,8.18
2026-09-02T05:51:00+00:00,33.58,14.32,32.72,0.0,8.19
2026-09-02T05:52:00+00:00,46.71,22.01,35.91,0.0,8.35
2026-09-02T05:53:00+00:00,50.49,20.73,33.74,0.0,8.18
2026-09-02T05:54:00+00:00,46.26,14.82,33.16,0.0,8.18
2026-09-02T05:55:00+00:00,54.62,19.64,32.11,0.01,8.18
2026-09-02T05:56:00+00:00,51.77,20.97,32.71,0.25,8.18
2026-09-02T05:57:00+00:00,31.1,8.8,35.14,0.0,8.18
2026-09-02T05:58:00+00:00,30.71,12.34,34.7,0.0,8.18
2026-09-02T05:59:00+00:00,51.83,20.34,33.57,0.03,8.51
2026-09-02T06:00:00+00:00,51.13,15.57,35.46,0.0,8.25
2026-09-02T06:01:00+00:00,43.23,14.42,32.8,0.0,8.4
2026-09-02T06:02:00+00:00,43.74,21.06,30.53,0.36,8.59
2026-09-02T06:03:00+00:00,52.27,20.17,34.91,0.0,8.7
2026-09-02T06:04:00+00:00,39.74,17.72,33.49,0.0,8.18
2026-09-02T06:05:00+00:00,52.57,24.55,33.22,0.0,8.18
2026-09-02T06:06:00+00:00,46.77,18.15,29.87,0.0,8.72
2026-09-02T06:07:00+00:00,51.78,16.35,33.5,0.0,8.18
2026-09-02T06:08:00+00:00,50.05,17.75,32.21,0.32,8.59
2026-09-02T06:09:00+00:00,43.26,17.07,36.6,0.03,8.45
2026-09-02T06:10:00+00:00,38.94,10.11,35.75,0.0,8.18
2026-09-02T06:11:00+00:00,55.89,18.99,29.52,0.28,8.18
2026-09-02T06:12:00+00:00,57.33,23.42,37.08,0.0,8.77
2026-09-02T06:13:00+00:00,53.66,16.57,29.72,0.0,8.18
2026-09-02T06:14:00+00:00,51.08,20.1,34.77,0.21,8.2
2026-09-02T06:15:00+00:00,34.06,14.62,34.21,0.03,8.18
2026-09-02T06:16:00+00:00,47.1,16.06,33.2,0.0,8.18
2026-09-02T06:17:00+00:00,55.74,24.85,35.77,0.0,8.18
2026-09-02T06:18:00+00:00,52.52,20.27,33.69,0.0,8.8
2026-09-02T06:19:00+00:00,44.68,15.66,37.16,0.0,8.18
2026-09-02T06:20:00+00:00,46.97,11.49,33.2,0.66,8.18
2026-09-02T06:21:00+00:00,50.35,17.24,34.05,0.29,8.8
2026-09-02T06:22:00+00:00,55.2,21.48,34.62,0.12,8.43
2026-09-02T06:23:00+00:00,50.04,16.47,33.75,0.36,8.75
2026-09-02T06:24:00+00:00,38.48,12.38,36.4,0.0,8.73
2026-09-02T06:25:00+00:00,51.97,18.94,33.6,0.0,8.18
2026-09-02T06:26:00+00:00,44.84,17.35,35.04,0.0,8.35
2026-09-02T06:27:00+00:00,51.58,21.33,31.32,0.0,8.18
2026-09-02T06:28:00+00:00,50.49,21.66,33.77,0.0,8.22
2026-09-02T06:29:00+00:00,52.36,18.87,37.53,0.0,8.18
2026-09-02T06:30:00+00:00,50.79,15.97,33.82,0.0,8.18
2026-09-02T06:31:00+00:00,50.95,19.48,34.46,0.56,8.7
2026-09-02T06:32:00+00:00,39.74,14.99,35.41,0.0,8.18
2026-09-02T06:33:00+00:00,33.39,8.2,33.99,0.0,8.71
2026-09-02T06:34:00+00:00,40.0,10.27,35.57,0.49,8.18
2026-09-02T06:35:00+00:00,32.61,9.54,33.74,0.68,8.18
2026-09-02T06:36:00+00:00,43.16,12.38,35.51,0.24,8.56
2026-09-02T06:37:00+00:00,55.61,23.59,36.67,0.0,8.35
2026-09-02T06:38:00+00:00,52.59,23.16,34.27,0.0,8.18
2026-09-02T06:39:00+00:00,55.84,20.77,32.19,0.0,8.59
2026-09-02T06:40:00+00:00,43.35,16.72,38.25,0.0,8.73
2026-09-02T06:41:00+00:00,43.39,20.49,32.41,0.0,8.71
2026-09-02T06:42:00+00:00,45.39,23.9,33.27,0.0,8.22
2026-09-02T06:43:00+00:00,51.74,20.32,32.35,0.0,8.33
2026-09-02T06:44:00+00:00,48.58,19.18,32.22,0.0,8.77
2026-09-02T06:45:00+00:00,52.74,22.69,36.71,0.0,8.18
2026-09-02T06:46:00+00:00,53.9,22.0,35.65,0.0,8.18
2026-09-02T06:47:00+00:00,27.29,14.13,36.6,0.0,8.78
2026-09-02T06:48:00+00:00,49.71,17.26,35.49,0.0,8.18
2026-09-02T06:49:00+00:00,43.26,14.05,34.97,0.19,8.18
2026-09-02T06:50:00+00:00,46.29,17.95,33.1,0.21,8.18
2026-09-02T06:51:00+00:00,55.91,23.26,36.15,0.0,8.68
2026-09-02T06:52:00+00:00,49.06,17.3,34.96,0.24,8.18
2026-09-02T06:53:00+00:00,52.32,18.72,34.96,0.01,8.18
2026-09-02T06:54:00+00:00,51.18,20.35,32.46,0.0,8.37
2026-09-02T06:55:00+00:00,49.32,18.94,34.02,0.0,8.72
2026-09-02T06:56:00+00:00,48.65,22.06,34.39,0.0,8.18
2026-09-02T06:57:00+00:00,48.81,13.5,36.13,0.43,8.18
2026-09-02T06:58:00+00:00,55.98,25.96,34.53,0.0,8.18
2026-09-02T06:59:00+00:00,55.39,24.0,31.92,0.57,8.21
2026-09-02T07:00:00+00:00,52.32,16.48,37.42,0.2,8.18
2026-09-02T07:01:00+00:00,50.24,17.49,34.51,0.08,8.69
2026-09-02T07:02:00+00:00,54.87,22.05,34.8,0.0,8.18
2026-09-02T07:03:00+00:00,50.05,23.91,38.26,0.0,8.55
2026-09-02T07:04:00+00:00,50.83,23.27,33.73,0.0,8.67
2026-09-02T07:05:00+00:00,52.71,20.9,36.55,0.0,8.19
2026-09-02T07:06:00+00:00,39.97,13.25,36.06,0.0,8.18
2026-09-02T07:07:00+00:00,44.29,13.53,37.13,0.0,8.68
2026-09-02T07:08:00+00:00,37.71,14.42,32.36,0.0,8.73
2026-09-02T07:09:00+00:00,47.97,21.87,33.08,0.0,8.2
2026-09-02T07:10:00+00:00,44.16,18.46,35.94,0.0,8.63
2026-09-02T07:11:00+00:00,53.63,25.58,33.93,0.0,8.18
2026-09-02T07:12:00+00:00,34.16,13.18,32.46,0.0,8.18
2026-09-02T07:13:00+00:00,46.71,14.54,36.01,0.0,8.42
2026-09-02T07:14:00+00:00,56.23,23.26,32.24,0.0,8.48
2026-09-02T07:15:00+00:00,52.01,23.8,38.59,0.0,8.18
2026-09-02T07:16:00+00:00,50.61,20.91,36.78,0.18,8.19
2026-09-02T07:17:00+00:00,41.1,11.45,32.47,0.0,8.29
2026-09-02T07:18:00+00:00,53.83,18.53,35.25,0.38,8.4
2026-09-02T07:19:00+00:00,51.73,16.82,32.33,0.0,8.18
2026-09-02T07:20:00+00:00,49.23,18.05,35.41,0.0,8.47
2026-09-02T07:21:00+00:00,52.89,21.08,37.57,0.0,8.27
2026-09-02T07:22:00+00:00,51.97,21.26,38.76,0.28,8.18
2026-09-02T07:23:00+00:00,50.15,19.75,36.61,0.04,8.63
2026-09-02T07:24:00+00:00,44.77,21.3,37.82,0.12,8.18
2026-09-02T07:25:00+00:00,51.17,19.66,39.49,0.0,8.18
2026-09-02T07:26:00+00:00,33.97,13.88,37.92,0.0,8.18
2026-09-02T07:27:00+00:00,52.78,17.51,36.08,0.29,8.44
2026-09-02T07:28:00+00:00,41.42,17.77,36.99,0.53,8.18
2026-09-02T07:29:00+00:00,42.94,16.67,33.61,0.0,8.77
2026-09-02T07:30:00+00:00,46.71,20.56,37.61,0.0,8.38
2026-09-02T07:31:00+00:00,56.05,24.2,34.35,0.0,8.71
2026-09-02T07:32:00+00:00,49.42,24.03,35.08,0.0,8.45
2026-09-02T07:33:00+00:00,45.61,12.66,35.14,0.0,8.18
2026-09-02T07:34:00+00:00,49.42,18.3,38.1,0.23,8.56
2026-09-02T07:35:00+00:00,35.77,11.13,36.4,0.0,8.18
2026-09-02T07:36:00+00:00,50.6,14.16,37.13,0.0,8.66
2026-09-02T07:37:00+00:00,38.71,12.24,35.18,0.0,8.18
2026-09-02T07:38:00+00:00,36.16,12.65,34.94,0.0,8.18
2026-09-02T07:39:00+00:00,43.13,14.43,35.41,0.22,8.18
2026-09-02T07:40:00+00:00,49.97,12.33,36.51,0.0,8.18
2026-09-02T07:41:00+00:00,46.55,15.59,39.51,0.0,8.37
2026-09-02T07:42:00+00:00,50.05,16.33,37.94,0.0,8.37
2026-09-02T07:43:00+00:00,49.35,17.62,39.87,0.0,8.33
2026-09-02T07:44:00+00:00,52.68,23.27,31.7,0.0,8.18
2026-09-02T07:45:00+00:00,52.53,18.6,35.7,0.0,8.3
2026-09-02T07:46:00+00:00,52.92,17.59,35.02,0.0,8.2
2026-09-02T07:47:00+00:00,41.39,15.81,42.25,0.0,8.25
2026-09-02T07:48:00+00:00,50.63,15.68,38.65,0.49,8.27
2026-09-02T07:49:00+00:00,51.28,20.64,38.63,0.0,8.31
2026-09-02T07:50:00+00:00,48.39,16.51,32.34,0.0,8.69
2026-09-02T07:51:00+00:00,50.85,20.31,35.98,0.04,8.39
2026-09-02T07:52:00+00:00,48.35,14.64,37.1,0.25,8.72
2026-09-02T07:53:00+00:00,52.48,22.45,36.98,0.0,8.53
2026-09-02T07:54:00+00:00,38.81,18.62,36.96,0.08,8.7
2026-09-02T07:55:00+00:00,52.52,19.78,37.33,0.29,8.48
2026-09-02T07:56:00+00:00,42.55,12.37,38.52,0.0,8.62
2026-09-02T07:57:00+00:00,41.35,12.64,37.27,0.0,8.4
2026-09-02T07:58:00+00:00,52.13,21.71,36.49,0.0,8.5
2026-09-02T07:59:00+00:00,46.23,20.48,39.69,0.0,8.93
2026-09-02T08:00:00+00:00,54.87,25.91,35.9,0.0,8.94
2026-09-02T08:01:00+00:00,53.23,19.12,36.02,0.0,8.61
2026-09-02T08:02:00+00:00,46.84,17.83,39.59,0.0,8.58
2026-09-02T08:03:00+00:00,51.59,16.82,37.91,0.39,8.88
2026-09-02T08:04:00+00:00,45.65,20.93,41.24,0.0,8.32
2026-09-02T08:05:00+00:00,42.29,14.18,37.51,0.0,8.8
2026-09-02T08:06:00+00:00,54.46,22.11,39.1,0.0,9.33
2026-09-02T08:07:00+00:00,47.94,17.87,38.93,0.0,9.53
2026-09-02T08:08:00+00:00,37.81,15.63,39.43,0.25,8.6
2026-09-02T08:09:00+00:00,51.15,22.25,40.92,0.35,9.41
2026-09-02T08:10:00+00:00,51.13,27.25,39.59,0.0,9.12
2026-09-02T08:11:00+00:00,42.77,14.6,35.82,0.0,8.74
2026-09-02T08:12:00+00:00,28.19,10.2,37.53,0.0,9.45
2026-09-02T08:13:00+00:00,46.16,15.93,41.02,0.0,9.85
2026-09-02T08:14:00+00:00,46.58,20.55,37.62,0.0,8.44
2026-09-02T08:15:00+00:00,53.21,26.73,37.11,0.0,8.25
2026-09-02T08:16:00+00:00,42.94,13.39,37.05,0.0,9.38
2026-09-02T08:17:00+00:00,52.83,19.72,41.67,0.03,9.78
2026-09-02T08:18:00+00:00,49.06,17.95,39.51,0.0,8.28
2026-09-02T08:19:00+00:00,54.89,19.89,41.54,0.0,8.29
2026-09-02T08:20:00+00:00,43.68,22.16,35.37,0.0,8.4
2026-09-02T08:21:00+00:00,50.85,18.45,41.34,0.71,10.05
2026-09-02T08:22:00+00:00,52.62,21.65,41.48,0.09,10.43
2026-09-02T08:23:00+00:00,52.34,20.86,38.39,0.0,8.7
2026-09-02T08:24:00+00:00,51.18,18.22,41.75,0.38,8.66
2026-09-02T08:25:00+00:00,52.18,18.72,39.04,0.0,8.5
2026-09-02T08:26:00+00:00,50.05,17.4,38.67,0.0,8.74
2026-09-02T08:27:00+00:00,50.34,15.95,39.1,0.0,8.7
2026-09-02T08:28:00+00:00,42.52,12.96,42.4,0.28,9.8
2026-09-02T08:29:00+00:00,55.35,14.26,42.86,0.0,8.68
2026-09-02T08:30:00+00:00,49.26,13.42,36.03,0.0,11.04
2026-09-02T08:31:00+00:00,48.55,17.89,41.45,0.39,8.22
2026-09-02T08:32:00+00:00,40.81,14.21,40.31,0.0,8.53
2026-09-02T08:33:00+00:00,33.19,7.5,39.4,0.0,11.15
2026-09-02T08:34:00+00:00,49.94,16.33,37.85,0.0,10.42
2026-09-02T08:35:00+00:00,50.08,17.82,43.31,0.0,11.34
2026-09-02T08:36:00+00:00,56.6,21.51,41.04,0.0,8.18
2026-09-02T08:37:00+00:00,51.72,16.79,42.34,0.0,11.74
2026-09-02T08:38:00+00:00,48.52,15.22,40.53,0.0,10.26
2026-09-02T08:39:00+00:00,43.1,17.23,41.24,0.0,8.31
2026-09-02T08:40:00+00:00,41.19,14.35,42.04,0.0,11.18
2026-09-02T08:41:00+00:00,51.2,17.68,39.05,0.0,8.65
2026-09-02T08:42:00+00:00,53.9,22.74,39.59,0.0,10.9
2026-09-02T08:43:00+00:00,53.33,23.21,42.68,0.0,8.26
2026-09-02T08:44:00+00:00,52.03,21.75,41.9,0.26,11.03
2026-09-02T08:45:00+00:00,49.03,18.54,41.19,0.08,8.21
2026-09-02T08:46:00+00:00,43.39,14.89,43.82,0.0,11.48
2026-09-02T08:47:00+00:00,47.94,16.79,42.24,0.36,8.51
2026-09-02T08:48:00+00:00,45.0,12.37,39.63,0.0,11.25
2026-09-02T08:49:00+00:00,50.21,17.74,42.89,0.4,12.7
2026-09-02T08:50:00+00:00,45.45,16.82,39.38,0.0,12.35
2026-09-02T08:51:00+00:00,53.48,23.75,41.26,0.0,8.54
2026-09-02T08:52:00+00:00,38.35,16.37,41.95,0.0,8.55
2026-09-02T08:53:00+00:00,53.87,19.83,42.98,0.0,11.69
2026-09-02T08:54:00+00:00,50.88,17.52,43.4,0.0,8.7
2026-09-02T08:55:00+00:00,50.05,18.06,43.04,0.0,8.78
2026-09-02T08:56:00+00:00,40.97,12.36,42.0,0.0,12.99
2026-09-02T08:57:00+00:00,32.42,11.25,40.55,0.0,8.77
2026-09-02T08:58:00+00:00,40.06,16.89,40.26,0.0,8.22
2026-09-02T08:59:00+00:00,45.74,19.82,39.67,0.32,13.0
2026-09-02T09:00:00+00:00,53.61,21.28,44.49,0.0,12.55
2026-09-02T09:01:00+00:00,53.83,22.8,43.17,0.0,8.62
2026-09-02T09:02:00+00:00,45.13,17.8,40.37,0.19,8.75
2026-09-02T09:03:00+00:00,52.94,23.99,41.03,0.0,8.65
2026-09-02T09:04:00+00:00,34.39,11.25,42.29,0.0,8.25
2026-09-02T09:05:00+00:00,36.19,11.46,38.41,0.0,8.73
2026-09-02T09:06:00+00:00,54.84,24.09,42.08,0.12,12.03
2026-09-02T09:07:00+00:00,50.01,18.89,44.39,0.06,8.21
2026-09-02T09:08:00+00:00,47.1,13.51,42.31,0.0,8.4
2026-09-02T09:09:00+00:00,55.88,20.87,40.7,0.0,8.35
2026-09-02T09:10:00+00:00,52.71,21.43,44.08,0.0,12.34
2026-09-02T09:11:00+00:00,44.39,14.69,40.02,0.0,12.93
2026-09-02T09:12:00+00:00,56.69,26.44,43.56,0.0,8.78
2026-09-02T09:13:00+00:00,49.71,18.76,42.38,0.0,8.75
2026-09-02T09:14:00+00:00,46.48,15.8,44.8,0.0,12.28
2026-09-02T09:15:00+00:00,40.52,16.49,43.59,0.38,15.01
2026-09-02T09:16:00+00:00,52.73,23.71,42.35,0.0,8.35
2026-09-02T09:17:00+00:00,50.0,19.0,45.06,0.0,14.61
2026-09-02T09:18:00+00:00,45.16,19.61,41.25,0.0,8.18
2026-09-02T09:19:00+00:00,51.3,20.6,45.55,0.0,13.04
2026-09-02T09:20:00+00:00,48.61,12.54,39.78,0.0,15.07
2026-09-02T09:21:00+00:00,51.6,21.37,39.18,0.0,8.58
2026-09-02T09:22:00+00:00,52.12,24.3,43.81,0.0,15.42
2026-09-02T09:23:00+00:00,53.55,16.96,42.13,0.0,8.55
2026-09-02T09:24:00+00:00,47.32,17.38,43.35,0.38,8.26
2026-09-02T09:25:00+00:00,50.49,16.29,40.78,0.0,8.54
2026-09-02T09:26:00+00:00,40.39,12.01,38.14,0.81,13.18
2026-09-02T09:27:00+00:00,43.55,18.15,45.01,0.0,13.92
2026-09-02T09:28:00+00:00,52.24,17.45,40.71,0.0,15.83
2026-09-02T09:29:00+00:00,37.1,10.14,46.52,0.0,8.6
2026-09-02T09:30:00+00:00,50.1,20.2,43.57,0.0,16.56
2026-09-02T09:31:00+00:00,48.68,12.87,45.27,0.0,15.59
2026-09-02T09:32:00+00:00,47.52,17.86,41.21,0.0,8.78
2026-09-02T09:33:00+00:00,50.9,20.56,42.76,0.0,8.62
2026-09-02T09:34:00+00:00,50.38,15.7,41.0,0.0,8.18
2026-09-02T09:35:00+00:00,51.47,22.43,41.42,0.0,8.68
2026-09-02T09:36:00+00:00,44.29,16.14,39.99,0.0,16.31
2026-09-02T09:37:00+00:00,47.58,14.57,47.02,0.0,8.47
2026-09-02T09:38:00+00:00,51.83,21.49,45.15,0.19,16.21
2026-09-02T09:39:00+00:00,45.16,17.09,40.83,0.0,8.79
2026-09-02T09:40:00+00:00,40.13,13.49,42.08,0.0,14.93
2026-09-02T09:41:00+00:00,50.88,17.34,45.98,0.0,13.9
2026-09-02T09:42:00+00:00,26.9,10.08,45.82,0.0,8.5
2026-09-02T09:43:00+00:00,45.35,19.32,46.28,0.0,8.48
2026-09-02T09:44:00+00:00,53.32,19.09,42.35,0.29,8.52
2026-09-02T09:45:00+00:00,41.58,13.37,43.38,0.0,8.38
2026-09-02T09:46:00+00:00,47.0,16.99,45.27,0.0,8.25
2026-09-02T09:47:00+00:00,47.26,22.48,46.93,0.0,8.52
2026-09-02T09:48:00+00:00,52.61,20.28,41.59,0.64,8.51
2026-09-02T09:49:00+00:00,52.43,18.2,43.61,0.0,8.3
2026-09-02T09:50:00+00:00,37.32,13.51,43.56,0.28,8.31
2026-09-02T09:51:00+00:00,52.32,21.76,47.54,0.39,15.78
2026-09-02T09:52:00+00:00,38.55,14.16,42.92,0.0,17.15
2026-09-02T09:53:00+00:00,40.35,13.8,44.74,0.36,17.2
2026-09-02T09:54:00+00:00,49.84,15.01,46.55,0.0,8.66
2026-09-02T09:55:00+00:00,46.61,17.89,43.06,0.66,8.32
2026-09-02T09:56:00+00:00,52.14,21.48,44.9,0.22,16.48
2026-09-02T09:57:00+00:00,50.96,16.45,42.13,0.21,8.57
2026-09-02T09:58:00+00:00,52.22,16.5,42.0,0.47,19.09
2026-09-02T09:59:00+00:00,47.32,15.76,44.49,0.0,15.35
2026-09-02T10:00:00+00:00,27.29,7.5,43.63,0.0,8.53
2026-09-02T10:01:00+00:00,44.68,16.71,41.4,0.0,18.8
2026-09-02T10:02:00+00:00,35.29,14.71,45.33,0.0,17.5
2026-09-02T10:03:00+00:00,53.95,20.47,45.53,0.33,8.2
2026-09-02T10:04:00+00:00,42.16,14.19,40.9,0.0,17.26
2026-09-02T10:05:00+00:00,46.16,17.72,42.66,0.0,8.43
2026-09-02T10:06:00+00:00,48.81,17.01,44.85,0.0,8.66
2026-09-02T10:07:00+00:00,50.5,20.85,45.93,0.0,19.44
2026-09-02T10:08:00+00:00,51.24,17.99,44.15,0.0,8.43
2026-09-02T10:09:00+00:00,45.81,19.16,44.0,0.0,8.55
2026-09-02T10:10:00+00:00,41.84,16.06,43.04,0.0,8.25
2026-09-02T10:11:00+00:00,48.19,16.53,44.18,0.4,8.8
2026-09-02T10:12:00+00:00,42.74,13.38,45.0,0.0,8.52
2026-09-02T10:13:00+00:00,52.01,18.87,44.98,0.0,20.75
2026-09-02T10:14:00+00:00,54.9,17.38,38.97,0.12,8.43
2026-09-02T10:15:00+00:00,51.68,19.26,46.19,0.0,8.74
2026-09-02T10:16:00+00:00,51.02,17.62,43.63,0.0,16.7
2026-09-02T10:17:00+00:00,54.52,22.08,45.98,0.0,16.33
2026-09-02T10:18:00+00:00,44.1,11.31,42.29,0.0,8.62
2026-09-02T10:19:00+00:00,53.58,16.54,48.56,0.0,8.4
2026-09-02T10:20:00+00:00,46.74,18.07,47.5,0.0,8.8
2026-09-02T10:21:00+00:00,41.77,15.81,40.76,0.57,18.05
2026-09-02T10:22:00+00:00,44.61,16.28,44.0,0.6,8.43
2026-09-02T10:23:00+00:00,55.53,20.93,43.12,0.0,18.95
2026-09-02T10:24:00+00:00,49.42,18.44,42.6,0.29,16.25
2026-09-02T10:25:00+00:00,50.5,19.11,41.12,0.0,20.06
2026-09-02T10:26:00+00:00,43.19,12.35,41.22,0.74,8.27
2026-09-02T10:27:00+00:00,53.36,23.58,44.93,0.0,8.62
2026-09-02T10:28:00+00:00,55.48,23.85,42.79,0.0,8.57
2026-09-02T10:29:00+00:00,42.32,12.91,40.01,0.82,23.4
2026-09-02T10:30:00+00:00,51.05,24.96,40.12,0.0,8.32
2026-09-02T10:31:00+00:00,49.77,17.02,41.58,0.0,8.66
2026-09-02T10:32:00+00:00,46.19,14.26,46.0,0.0,8.63
2026-09-02T10:33:00+00:00,46.74,13.13,43.95,0.0,21.03
2026-09-02T10:34:00+00:00,41.26,17.43,46.89,0.0,8.53
2026-09-02T10:35:00+00:00,50.28,18.59,42.64,0.06,8.69
2026-09-02T10:36:00+00:00,52.11,18.67,44.84,0.0,16.96
2026-09-02T10:37:00+00:00,52.61,23.37,45.5,0.06,22.35
2026-09-02T10:38:00+00:00,50.95,19.85,39.26,0.0,20.12
2026-09-02T10:39:00+00:00,55.99,19.79,41.81,0.0,8.62
2026-09-02T10:40:00+00:00,54.57,20.38,42.17,0.0,8.4
2026-09-02T10:41:00+00:00,48.03,24.07,44.09,0.14,23.53
2026-09-02T10:42:00+00:00,46.32,13.28,45.18,0.0,8.6
2026-09-02T10:43:00+00:00,52.17,19.53,41.93,0.0,8.36
2026-09-02T10:44:00+00:00,49.61,14.55,43.79,0.0,24.55
2026-09-02T10:45:00+00:00,50.45,18.3,43.81,0.0,8.74
2026-09-02T10:46:00+00:00,50.54,15.62,41.6,0.0,8.67
2026-09-02T10:47:00+00:00,53.73,21.29,43.2,0.0,8.77
2026-09-02T10:48:00+00:00,50.29,20.72,41.65,0.06,8.55
2026-09-02T10:49:00+00:00,30.29,8.06,44.3,0.0,20.3
2026-09-02T10:50:00+00:00,53.85,22.32,40.3,0.0,8.31
2026-09-02T10:51:00+00:00,45.9,16.6,41.21,0.0,19.34
2026-09-02T10:52:00+00:00,53.21,22.67,42.43,0.0,25.45
2026-09-02T10:53:00+00:00,52.93,21.33,45.61,0.0,21.78
2026-09-02T10:54:00+00:00,39.55,10.88,39.21,0.0,24.64
2026-09-02T10:55:00+00:00,51.24,21.89,40.83,0.0,8.33
2026-09-02T10:56:00+00:00,48.32,12.83,41.34,0.56,23.78
2026-09-02T10:57:00+00:00,40.52,14.53,46.19,0.0,8.39
2026-09-02T10:58:00+00:00,33.48,12.35,39.62,0.35,8.34
2026-09-02T10:59:00+00:00,53.38,22.34,41.65,0.0,8.66
2026-09-02T11:00:00+00:00,41.32,13.14,44.53,0.0,19.24
2026-09-02T11:01:00+00:00,50.53,16.15,39.68,0.18,26.6
2026-09-02T11:02:00+00:00,48.03,19.76,39.95,0.0,8.43
2026-09-02T11:03:00+00:00,49.1,12.76,41.14,0.0,8.49
2026-09-02T11:04:00+00:00,48.97,17.79,42.22,0.0,8.7
2026-09-02T11:05:00+00:00,48.52,19.25,41.41,0.0,8.47
2026-09-02T11:06:00+00:00,51.72,17.66,42.67,0.0,22.4
2026-09-02T11:07:00+00:00,41.65,15.17,45.66,0.29,19.57
2026-09-02T11:08:00+00:00,54.04,19.08,42.4,0.54,8.5
2026-09-02T11:09:00+00:00,42.29,15.64,37.81,0.0,25.65
2026-09-02T11:10:00+00:00,51.53,14.4,43.12,0.0,19.28
2026-09-02T11:11:00+00:00,50.58,21.94,42.12,0.0,8.68
2026-09-02T11:12:00+00:00,51.38,16.73,40.05,0.0,8.72
2026-09-02T11:13:00+00:00,54.29,19.16,38.09,0.0,8.8
2026-09-02T11:14:00+00:00,36.23,14.19,41.31,0.0,22.4
2026-09-02T11:15:00+00:00,47.52,14.41,41.15,0.0,19.59
2026-09-02T11:16:00+00:00,45.39,13.95,40.06,0.0,8.65
2026-09-02T11:17:00+00:00,53.11,23.2,41.36,0.0,8.57
2026-09-02T11:18:00+00:00,52.27,20.01,37.0,0.16,22.38
2026-09-02T11:19:00+00:00,53.42,19.79,38.84,0.0,22.87
2026-09-02T11:20:00+00:00,52.17,18.27,38.92,0.0,8.49
2026-09-02T11:21:00+00:00,44.97,14.42,36.85,0.0,8.45
2026-09-02T11:22:00+00:00,51.3,13.03,36.18,0.24,21.32
2026-09-02T11:23:00+00:00,52.07,17.66,40.96,0.0,8.7
2026-09-02T11:24:00+00:00,53.5,19.66,37.25,0.13,8.32
2026-09-02T11:25:00+00:00,43.87,18.18,40.39,0.54,28.77
2026-09-02T11:26:00+00:00,51.88,23.02,37.63,0.36,8.2
2026-09-02T11:27:00+00:00,46.16,15.51,41.94,0.0,22.96
2026-09-02T11:28:00+00:00,48.1,11.03,39.63,0.0,23.01
2026-09-02T11:29:00+00:00,55.9,17.57,38.16,0.0,8.65
2026-09-02T11:30:00+00:00,51.53,23.16,40.28,1.22,8.7
2026-09-02T11:31:00+00:00,52.56,21.28,39.74,0.0,8.28
2026-09-02T11:32:00+00:00,52.76,22.82,39.21,0.0,8.58
2026-09-02T11:33:00+00:00,50.43,15.71,41.63,0.0,28.51
2026-09-02T11:34:00+00:00,38.81,10.68,39.54,0.0,20.65
2026-09-02T11:35:00+00:00,41.61,12.16,35.7,0.0,26.4
2026-09-02T11:36:00+00:00,51.94,17.55,39.48,0.0,8.41
2026-09-02T11:37:00+00:00,52.56,17.66,35.19,0.57,8.65
2026-09-02T11:38:00+00:00,52.17,18.88,38.68,0.56,23.48
2026-09-02T11:39:00+00:00,55.14,26.53,38.45,0.0,30.63
2026-09-02T11:40:00+00:00,51.88,19.19,40.57,0.46,8.61
2026-09-02T11:41:00+00:00,51.62,18.36,39.67,0.0,8.53
2026-09-02T11:42:00+00:00,43.39,21.0,38.47,0.0,8.72
2026-09-02T11:43:00+00:00,51.07,19.28,37.16,0.0,27.96
2026-09-02T11:44:00+00:00,51.78,18.55,41.51,0.0,23.26
2026-09-02T11:45:00+00:00,56.07,20.98,39.2,0.0,23.74
2026-09-02T11:46:00+00:00,45.45,10.78,37.12,0.0,29.42
2026-09-02T11:47:00+00:00,48.32,16.85,37.53,0.0,8.61
2026-09-02T11:48:00+00:00,52.01,17.78,38.81,0.54,8.43
2026-09-02T11:49:00+00:00,45.0,16.24,39.61,0.0,8.23
2026-09-02T11:50:00+00:00,39.45,13.42,38.45,0.0,8.64
2026-09-02T11:51:00+00:00,49.87,21.49,40.97,0.0,8.75
2026-09-02T11:52:00+00:00,57.11,25.1,38.08,0.0,8.66
2026-09-02T11:53:00+00:00,38.77,11.79,36.87,0.06,8.79
2026-09-02T11:54:00+00:00,46.94,19.67,40.42,0.0,31.42
2026-09-02T11:55:00+00:00,52.67,24.3,40.17,0.0,22.74
2026-09-02T11:56:00+00:00,54.25,21.61,38.67,0.0,23.55
2026-09-02T11:57:00+00:00,53.88,20.26,38.1,0.0,8.72
2026-09-02T11:58:00+00:00,51.3,20.74,40.53,0.0,8.65
2026-09-02T11:59:00+00:00,47.06,22.79,39.52,0.0,8.28
2026-09-02T12:00:00+00:00,42.97,19.81,42.17,0.22,8.18
2026-09-02T12:01:00+00:00,55.01,19.37,37.32,0.0,8.63
2026-09-02T12:02:00+00:00,38.52,12.7,38.01,0.0,25.62
2026-09-02T12:03:00+00:00,50.18,21.13,36.82,0.0,25.07
2026-09-02T12:04:00+00:00,51.1,18.09,33.41,0.0,8.48
2026-09-02T12:05:00+00:00,47.13,19.15,39.72,0.0,27.06
2026-09-02T12:06:00+00:00,54.05,20.42,38.28,0.09,8.79
2026-09-02T12:07:00+00:00,52.06,17.79,37.12,0.18,8.73
2026-09-02T12:08:00+00:00,41.19,13.25,39.83,0.0,8.34
2026-09-02T12:09:00+00:00,52.43,17.93,36.34,0.22,31.77
2026-09-02T12:10:00+00:00,51.17,21.91,35.48,0.22,8.8
2026-09-02T12:11:00+00:00,43.94,19.54,34.95,0.79,8.47
2026-09-02T12:12:00+00:00,50.46,17.74,37.85,0.0,26.27
2026-09-02T12:13:00+00:00,48.84,13.05,36.54,0.0,8.57
2026-09-02T12:14:00+00:00,46.65,16.68,36.36,0.0,24.7
2026-09-02T12:15:00+00:00,47.84,22.32,37.17,0.0,32.79
2026-09-02T12:16:00+00:00,33.74,11.91,38.56,0.0,23.97
2026-09-02T12:17:00+00:00,52.11,20.26,37.92,0.0,32.25
2026-09-02T12:18:00+00:00,54.55,19.09,37.57,0.0,23.97
2026-09-02T12:19:00+00:00,36.52,13.69,38.12,0.0,29.72
2026-09-02T12:20:00+00:00,54.71,20.27,38.04,0.0,24.31
2026-09-02T12:21:00+00:00,37.19,13.66,34.94,0.0,8.45
2026-09-02T12:22:00+00:00,37.06,9.27,37.28,0.18,8.32
2026-09-02T12:23:00+00:00,50.39,16.04,37.19,0.0,8.57
2026-09-02T12:24:00+00:00,45.94,10.83,37.26,0.12,8.35
2026-09-02T12:25:00+00:00,54.14,26.56,37.28,0.0,26.52
2026-09-02T12:26:00+00:00,51.73,21.41,40.14,0.37,8.38
2026-09-02T12:27:00+00:00,51.1,16.68,35.3,0.33,8.3
2026-09-02T12:28:00+00:00,43.81,18.12,36.89,0.3,8.26
2026-09-02T12:29:00+00:00,53.55,18.67,34.95,0.59,34.62
2026-09-02T12:30:00+00:00,53.22,20.73,35.54,0.0,8.62
2026-09-02T12:31:00+00:00,32.71,13.48,37.17,0.0,8.24
2026-09-02T12:32:00+00:00,43.45,10.21,35.22,0.14,29.09
2026-09-02T12:33:00+00:00,50.6,20.71,37.39,0.0,28.87
2026-09-02T12:34:00+00:00,46.23,15.6,33.47,0.0,8.46
2026-09-02T12:35:00+00:00,43.61,16.41,38.64,0.0,29.08
2026-09-02T12:36:00+00:00,42.29,16.2,33.75,0.0,8.68
2026-09-02T12:37:00+00:00,51.43,16.29,35.24,0.38,8.69
2026-09-02T12:38:00+00:00,50.63,18.16,34.65,0.33,8.35
2026-09-02T12:39:00+00:00,50.59,18.42,35.12,0.0,8.39
2026-09-02T12:40:00+00:00,40.65,18.25,35.01,0.0,8.74
2026-09-02T12:41:00+00:00,57.29,23.45,37.74,0.0,8.63
2026-09-02T12:42:00+00:00,52.18,13.26,35.97,0.0,24.46
2026-09-02T12:43:00+00:00,52.94,21.58,38.85,0.51,26.68
2026-09-02T12:44:00+00:00,38.87,14.41,36.7,0.53,8.2
2026-09-02T12:45:00+00:00,51.98,15.53,32.83,0.0,8.42
2026-09-02T12:46:00+00:00,53.12,21.23,32.67,0.0,25.9
2026-09-02T12:47:00+00:00,37.23,18.51,35.57,0.0,8.75
2026-09-02T12:48:00+00:00,45.29,16.31,36.57,0.0,8.26
2026-09-02T12:49:00+00:00,51.68,26.22,34.83,0.0,8.63
2026-09-02T12:50:00+00:00,53.32,25.53,32.27,0.0,8.7
2026-09-02T12:51:00+00:00,38.35,15.83,34.56,0.0,8.78
2026-09-02T12:52:00+00:00,53.71,18.64,37.33,0.12,30.67
2026-09-02T12:53:00+00:00,39.77,14.13,36.97,0.0,33.8
2026-09-02T12:54:00+00:00,51.73,22.43,34.33,0.34,8.4
2026-09-02T12:55:00+00:00,52.29,20.4,35.94,0.0,28.29
2026-09-02T12:56:00+00:00,45.48,14.17,32.6,0.14,8.64
2026-09-02T12:57:00+00:00,51.65,17.79,34.5,0.0,8.38
2026-09-02T12:58:00+00:00,50.76,19.09,34.86,0.11,8.2
2026-09-02T12:59:00+00:00,54.15,23.03,36.01,0.0,25.14
2026-09-02T13:00:00+00:00,47.45,14.42,36.86,0.0,8.49
2026-09-02T13:01:00+00:00,55.15,25.16,34.05,0.51,35.18
2026-09-02T13:02:00+00:00,57.34,21.88,35.0,0.0,8.73
2026-09-02T13:03:00+00:00,49.81,16.57,35.82,0.0,8.41
2026-09-02T13:04:00+00:00,52.76,17.34,36.26,0.0,8.28
2026-09-02T13:05:00+00:00,50.68,19.2,36.28,0.0,8.45
2026-09-02T13:06:00+00:00,52.26,18.16,34.29,0.0,33.58
2026-09-02T13:07:00+00:00,48.1,17.82,31.38,0.0,8.53
2026-09-02T13:08:00+00:00,46.23,14.67,34.61,0.0,27.98
2026-09-02T13:09:00+00:00,50.66,20.53,34.1,0.68,35.0
2026-09-02T13:10:00+00:00,44.32,13.88,31.87,0.68,8.61
2026-09-02T13:11:00+00:00,51.94,20.65,34.63,0.0,30.67
2026-09-02T13:12:00+00:00,53.22,17.88,36.67,0.0,36.84
2026-09-02T13:13:00+00:00,53.16,18.51,35.69,0.21,8.31
2026-09-02T13:14:00+00:00,50.19,18.57,34.01,0.0,8.23
2026-09-02T13:15:00+00:00,48.87,14.34,34.41,0.0,8.29
2026-09-02T13:16:00+00:00,52.02,18.33,36.6,0.0,8.4
2026-09-02T13:17:00+00:00,39.52,14.15,32.06,0.0,8.73
2026-09-02T13:18:00+00:00,52.16,21.06,36.47,0.0,8.51
2026-09-02T13:19:00+00:00,38.1,9.36,34.96,0.0,24.07
2026-09-02T13:20:00+00:00,43.45,18.33,32.84,0.0,24.88
2026-09-02T13:21:00+00:00,51.2,20.45,33.81,0.0,8.44
2026-09-02T13:22:00+00:00,40.42,13.0,34.49,0.0,8.53
2026-09-02T13:23:00+00:00,42.77,15.82,33.78,0.0,33.97
2026-09-02T13:24:00+00:00,43.94,16.13,35.26,0.0,8.37
2026-09-02T13:25:00+00:00,43.23,22.55,36.22,0.0,36.13
2026-09-02T13:26:00+00:00,48.81,16.84,33.64,0.0,33.01
2026-09-02T13:27:00+00:00,54.11,19.91,32.6,0.0,35.8
2026-09-02T13:28:00+00:00,44.77,8.16,33.53,0.0,8.65
2026-09-02T13:29:00+00:00,34.77,12.76,34.18,0.11,8.8
2026-09-02T13:30:00+00:00,57.28,24.85,31.02,0.0,8.21
2026-09-02T13:31:00+00:00,36.06,11.69,32.68,0.0,24.98
2026-09-02T13:32:00+00:00,47.81,14.65,34.49,0.0,8.45
2026-09-02T13:33:00+00:00,49.26,16.31,34.76,0.69,8.51
2026-09-02T13:34:00+00:00,52.49,22.14,35.23,0.2,31.09
2026-09-02T13:35:00+00:00,33.81,11.11,36.21,0.25,25.27
2026-09-02T13:36:00+00:00,51.5,14.43,34.52,0.0,8.71
2026-09-02T13:37:00+00:00,59.27,26.72,35.8,0.0,30.61
2026-09-02T13:38:00+00:00,51.79,17.63,32.82,0.28,8.58
2026-09-02T13:39:00+00:00,45.58,15.29,33.98,0.0,27.18
2026-09-02T13:40:00+00:00,50.38,25.06,34.51,0.0,8.53
2026-09-02T13:41:00+00:00,34.61,14.32,33.39,0.41,8.6
2026-09-02T13:42:00+00:00,49.32,15.4,31.65,0.31,8.38
2026-09-02T13:43:00+00:00,47.58,21.04,30.65,0.0,33.93
2026-09-02T13:44:00+00:00,37.77,10.94,32.31,0.0,30.56
2026-09-02T13:45:00+00:00,52.28,14.65,33.91,0.0,25.2
2026-09-02T13:46:00+00:00,52.08,14.6,32.11,0.0,8.24
2026-09-02T13:47:00+00:00,52.74,18.37,33.61,0.0,32.17
2026-09-02T13:48:00+00:00,44.71,18.61,30.29,0.45,8.41
2026-09-02T13:49:00+00:00,50.83,17.45,30.25,0.0,34.25
2026-09-02T13:50:00+00:00,47.61,16.5,36.38,0.0,8.65
2026-09-02T13:51:00+00:00,53.52,16.3,35.36,0.0,31.01
2026-09-02T13:52:00+00:00,43.29,13.34,37.71,0.0,8.26
2026-09-02T13:53:00+00:00,54.75,24.61,35.76,0.0,8.45
2026-09-02T13:54:00+00:00,52.98,22.22,35.74,0.3,8.4
2026-09-02T13:55:00+00:00,47.94,15.4,36.14,0.52,8.48
2026-09-02T13:56:00+00:00,29.0,9.8,33.48,0.11,8.23
2026-09-02T13:57:00+00:00,51.69,19.8,35.45,0.46,8.54
2026-09-02T13:58:00+00:00,49.39,13.88,32.89,0.0,34.91
2026-09-02T13:59:00+00:00,44.29,14.78,30.17,0.0,8.29
2026-09-02T14:00:00+00:00,55.11,20.89,35.05,0.0,36.12
2026-09-02T14:01:00+00:00,55.2,22.52,31.27,0.0,35.88
2026-09-02T14:02:00+00:00,37.35,15.33,33.64,0.0,8.23
2026-09-02T14:03:00+00:00,54.6,24.44,32.1,0.0,8.59
2026-09-02T14:04:00+00:00,33.81,9.44,34.59,0.0,8.35
2026-09-02T14:05:00+00:00,43.26,18.55,34.09,0.0,24.43
2026-09-02T14:06:00+00:00,50.38,18.1,33.37,0.0,27.01
2026-09-02T14:07:00+00:00,45.03,18.18,35.15,0.0,8.65
2026-09-02T14:08:00+00:00,49.39,19.64,36.69,0.0,8.66
2026-09-02T14:09:00+00:00,54.15,25.14,34.12,0.0,8.78
2026-09-02T14:10:00+00:00,47.45,19.15,32.51,0.0,32.23
2026-09-02T14:11:00+00:00,51.1,20.71,30.91,0.37,33.93
2026-09-02T14:12:00+00:00,50.29,16.86,36.33,0.0,29.08
2026-09-02T14:13:00+00:00,50.7,15.85,30.68,0.3,8.19
2026-09-02T14:14:00+00:00,43.65,12.01,32.29,0.42,33.94
2026-09-02T14:15:00+00:00,38.77,12.62,32.27,0.0,31.51
2026-09-02T14:16:00+00:00,53.31,17.85,35.63,0.44,8.62
2026-09-02T14:17:00+00:00,48.19,17.88,32.57,0.0,25.41
2026-09-02T14:18:00+00:00,42.81,13.45,34.48,0.12,24.98
2026-09-02T14:19:00+00:00,49.77,18.1,32.63,0.56,34.95
2026-09-02T14:20:00+00:00,47.45,17.15,35.17,0.06,8.59
2026-09-02T14:21:00+00:00,55.24,21.79,34.85,0.0,35.49
2026-09-02T14:22:00+00:00,50.4,14.79,33.25,0.0,28.87
2026-09-02T14:23:00+00:00,55.88,22.35,32.18,0.0,8.77
2026-09-02T14:24:00+00:00,52.78,23.91,32.92,0.0,8.79
2026-09-02T14:25:00+00:00,49.68,17.56,35.12,0.0,31.6
2026-09-02T14:26:00+00:00,38.19,16.1,34.06,0.83,24.34
2026-09-02T14:27:00+00:00,53.11,19.29,29.5,0.11,8.56
2026-09-02T14:28:00+00:00,32.84,11.76,33.49,0.0,8.24
2026-09-02T14:29:00+00:00,51.38,19.02,32.99,0.0,8.68
2026-09-02T14:30:00+00:00,50.45,18.58,35.49,0.0,26.24
2026-09-02T14:31:00+00:00,51.83,18.81,32.72,0.24,32.8
2026-09-02T14:32:00+00:00,41.94,11.78,32.16,0.0,8.51
2026-09-02T14:33:00+00:00,36.65,7.97,33.94,0.32,8.69
2026-09-02T14:34:00+00:00,54.65,22.88,33.06,0.0,34.65
2026-09-02T14:35:00+00:00,42.32,20.95,34.44,0.0,8.2
2026-09-02T14:36:00+00:00,37.61,11.63,37.41,0.0,8.75
2026-09-02T14:37:00+00:00,42.06,13.64,35.91,0.0,8.65
2026-09-02T14:38:00+00:00,47.32,16.9,33.31,0.0,8.68
2026-09-02T14:39:00+00:00,36.06,16.46,33.84,0.0,8.55
2026-09-02T14:40:00+00:00,53.6,21.11,33.42,0.0,8.5
2026-09-02T14:41:00+00:00,51.02,22.94,32.96,0.0,29.81
2026-09-02T14:42:00+00:00,49.81,21.06,33.26,0.0,27.06
2026-09-02T14:43:00+00:00,42.42,15.71,31.5,0.27,8.74
2026-09-02T14:44:00+00:00,53.13,19.05,30.72,0.0,33.98
2026-09-02T14:45:00+00:00,38.65,12.21,32.06,0.0,8.3
2026-09-02T14:46:00+00:00,52.99,18.59,31.94,0.0,8.25
2026-09-02T14:47:00+00:00,39.32,13.45,36.33,0.01,8.22
2026-09-02T14:48:00+00:00,42.1,15.54,32.92,0.0,32.19
2026-09-02T14:49:00+00:00,50.93,17.33,33.69,0.0,8.64
2026-09-02T14:50:00+00:00,42.26,17.78,30.39,0.0,8.74
2026-09-02T14:51:00+00:00,44.35,16.84,36.27,0.0,31.33
2026-09-02T14:52:00+00:00,44.74,17.83,35.43,0.0,8.33
2026-09-02T14:53:00+00:00,54.82,18.78,35.87,0.83,28.51
2026-09-02T14:54:00+00:00,43.81,16.81,32.58,0.0,8.37
2026-09-02T14:55:00+00:00,51.19,22.3,37.95,0.0,8.55
2026-09-02T14:56:00+00:00,50.99,18.77,31.9,0.0,28.48
2026-09-02T14:57:00+00:00,49.74,16.87,32.03,0.0,8.25
2026-09-02T14:58:00+00:00,50.54,16.62,30.26,0.0,22.17
2026-09-02T14:59:00+00:00,52.06,19.29,34.98,0.0,22.37
2026-09-02T15:00:00+00:00,51.69,17.02,29.61,0.0,25.44
2026-09-02T15:01:00+00:00,46.52,16.86,34.07,0.47,8.79
2026-09-02T15:02:00+00:00,47.06,18.31,35.87,0.0,30.22
2026-09-02T15:03:00+00:00,44.42,11.71,32.16,0.55,8.33
2026-09-02T15:04:00+00:00,44.16,13.76,34.71,0.0,32.25
2026-09-02T15:05:00+00:00,50.03,13.12,34.66,0.0,29.13
2026-09-02T15:06:00+00:00,44.32,13.48,34.12,0.0,8.39
2026-09-02T15:07:00+00:00,39.48,13.34,31.5,0.0,26.23
2026-09-02T15:08:00+00:00,50.11,19.1,32.79,0.0,28.71
2026-09-02T15:09:00+00:00,45.97,12.4,38.56,0.0,8.45
2026-09-02T15:10:00+00:00,54.7,23.98,34.59,0.0,8.41
2026-09-02T15:11:00+00:00,51.49,20.2,31.09,0.0,31.71
2026-09-02T15:12:00+00:00,50.9,22.0,35.6,0.18,30.12
2026-09-02T15:13:00+00:00,41.26,16.96,32.17,0.61,8.66
2026-09-02T15:14:00+00:00,51.03,22.12,32.12,0.0,8.54
2026-09-02T15:15:00+00:00,50.53,24.6,31.17,0.39,8.53
2026-09-02T15:16:00+00:00,26.61,12.27,33.15,0.0,29.03
2026-09-02T15:17:00+00:00,53.43,18.89,33.08,0.05,8.34
2026-09-02T15:18:00+00:00,44.68,18.17,30.84,0.0,8.73
2026-09-02T15:19:00+00:00,42.39,15.97,32.87,0.04,8.49
2026-09-02T15:20:00+00:00,47.1,19.29,35.06,0.0,8.58
2026-09-02T15:21:00+00:00,38.94,16.44,35.07,0.0,27.12
2026-09-02T15:22:00+00:00,47.84,25.21,37.37,0.15,28.96
2026-09-02T15:23:00+00:00,50.33,16.61,31.33,0.0,8.35
2026-09-02T15:24:00+00:00,42.84,13.96,34.88,0.0,23.09
2026-09-02T15:25:00+00:00,50.53,16.86,34.09,0.43,30.26
2026-09-02T15:26:00+00:00,45.23,16.81,33.03,0.24,8.73
2026-09-02T15:27:00+00:00,51.75,21.77,32.68,0.0,8.72
2026-09-02T15:28:00+00:00,54.36,24.06,30.67,0.22,22.35
2026-09-02T15:29:00+00:00,56.82,22.61,33.0,0.0,8.78
2026-09-02T15:30:00+00:00,50.36,13.02,35.74,0.22,26.37
2026-09-02T15:31:00+00:00,49.03,16.83,35.71,0.0,23.15
2026-09-02T15:32:00+00:00,51.58,23.31,33.11,0.0,8.49
2026-09-02T15:33:00+00:00,46.61,12.52,34.06,0.05,8.73
2026-09-02T15:34:00+00:00,50.06,18.14,31.79,0.0,26.95
2026-09-02T15:35:00+00:00,40.84,13.89,33.69,0.11,8.74
2026-09-02T15:36:00+00:00,53.13,21.87,31.87,0.0,8.63
2026-09-02T15:37:00+00:00,54.21,23.45,36.57,0.33,8.4
2026-09-02T15:38:00+00:00,39.29,14.74,32.67,0.0,8.47
2026-09-02T15:39:00+00:00,55.13,27.25,32.56,0.0,8.47
2026-09-02T15:40:00+00:00,33.74,12.4,34.71,0.29,29.1
2026-09-02T15:41:00+00:00,49.06,19.08,32.86,0.0,8.75
2026-09-02T15:42:00+00:00,50.38,15.34,32.72,0.0,24.8
2026-09-02T15:43:00+00:00,51.57,22.33,33.27,0.0,8.79
2026-09-02T15:44:00+00:00,37.23,8.61,35.74,0.0,27.41
2026-09-02T15:45:00+00:00,47.52,14.05,33.02,0.0,20.51
2026-09-02T15:46:00+00:00,38.87,13.96,34.01,0.12,8.69
2026-09-02T15:47:00+00:00,55.8,22.06,31.63,0.0,21.17
2026-09-02T15:48:00+00:00,47.52,16.48,34.08,0.31,19.58
2026-09-02T15:49:00+00:00,40.9,12.65,34.38,0.0,8.72
2026-09-02T15:50:00+00:00,49.16,18.88,34.88,0.0,8.23
2026-09-02T15:51:00+00:00,45.0,14.53,34.15,0.0,8.2
2026-09-02T15:52:00+00:00,42.68,16.53,36.92,0.59,8.8
2026-09-02T15:53:00+00:00,56.4,25.46,37.03,0.0,8.28
2026-09-02T15:54:00+00:00,39.03,9.66,33.66,0.19,8.25
2026-09-02T15:55:00+00:00,30.48,16.59,33.76,0.0,20.64
2026-09-02T15:56:00+00:00,52.38,14.74,33.88,0.0,21.91
2026-09-02T15:57:00+00:00,41.19,14.29,32.66,0.0,19.4
2026-09-02T15:58:00+00:00,45.68,11.68,35.17,0.0,8.57
2026-09-02T15:59:00+00:00,54.57,20.42,35.74,0.0,8.7
2026-09-02T16:00:00+00:00,33.03,16.52,33.64,0.0,8.4
2026-09-02T16:01:00+00:00,42.94,13.06,32.74,0.0,8.73
2026-09-02T16:02:00+00:00,53.88,21.45,33.63,0.0,8.53
2026-09-02T16:03:00+00:00,48.55,20.93,33.78,0.08,8.76
2026-09-02T16:04:00+00:00,50.16,18.74,34.92,0.0,18.28
2026-09-02T16:05:00+00:00,51.48,20.89,32.32,0.0,8.77
2026-09-02T16:06:00+00:00,51.69,27.0,34.07,0.16,8.55
2026-09-02T16:07:00+00:00,50.49,19.76,39.55,0.0,18.51
2026-09-02T16:08:00+00:00,49.13,16.06,31.24,0.0,8.45
2026-09-02T16:09:00+00:00,36.45,15.25,35.78,0.0,24.65
2026-09-02T16:10:00+00:00,50.13,17.93,33.31,0.26,8.2
2026-09-02T16:11:00+00:00,55.1,20.62,34.08,0.0,24.37
2026-09-02T16:12:00+00:00,51.82,20.06,33.61,0.0,8.3
2026-09-02T16:13:00+00:00,53.6,23.74,32.37,0.0,8.28
2026-09-02T16:14:00+00:00,48.87,15.8,35.72,0.29,8.29
2026-09-02T16:15:00+00:00,50.79,18.96,36.69,0.0,22.09
2026-09-02T16:16:00+00:00,46.55,18.15,35.74,0.0,17.49
2026-09-02T16:17:00+00:00,45.87,15.94,34.89,0.0,8.68
2026-09-02T16:18:00+00:00,50.38,14.43,35.59,0.34,8.4
2026-09-02T16:19:00+00:00,53.3,20.38,32.94,0.0,20.4
2026-09-02T16:20:00+00:00,45.87,15.93,37.4,0.0,8.52
2026-09-02T16:21:00+00:00,53.13,21.53,36.51,0.0,8.57
2026-09-02T16:22:00+00:00,54.6,19.64,35.58,0.17,23.58
2026-09-02T16:23:00+00:00,53.86,24.87,35.51,0.0,21.02
2026-09-02T16:24:00+00:00,55.46,20.05,34.68,0.0,8.65
2026-09-02T16:25:00+00:00,51.02,18.42,32.69,0.48,8.67
2026-09-02T16:26:00+00:00,52.69,22.43,36.3,0.0,8.28
2026-09-02T16:27:00+00:00,47.13,14.24,32.82,0.0,18.8
2026-09-02T16:28:00+00:00,46.16,13.3,35.04,0.0,23.75
2026-09-02T16:29:00+00:00,44.84,16.03,34.63,0.0,8.4
2026-09-02T16:30:00+00:00,50.3,16.08,37.13,0.0,21.12
2026-09-02T16:31:00+00:00,51.92,18.09,34.39,0.0,17.56
2026-09-02T16:32:00+00:00,51.14,19.63,31.95,0.0,23.04
2026-09-02T16:33:00+00:00,30.1,11.14,36.96,0.0,8.43
2026-09-02T16:34:00+00:00,35.97,10.2,33.56,0.0,8.26
2026-09-02T16:35:00+00:00,54.16,20.76,34.46,0.41,21.84
2026-09-02T16:36:00+00:00,51.68,24.87,34.81,0.0,16.94
2026-09-02T16:37:00+00:00,34.81,15.48,38.48,0.36,18.05
2026-09-02T16:38:00+00:00,44.77,18.59,35.14,0.0,18.45
2026-09-02T16:39:00+00:00,56.92,23.16,38.94,0.0,8.4
2026-09-02T16:40:00+00:00,41.23,17.64,36.92,0.0,8.19
2026-09-02T16:41:00+00:00,48.42,10.97,37.61,0.0,8.78
2026-09-02T16:42:00+00:00,42.77,13.04,32.94,0.0,20.34
2026-09-02T16:43:00+00:00,55.74,22.71,36.42,0.0,8.5
2026-09-02T16:44:00+00:00,40.0,12.25,33.83,0.0,8.54
2026-09-02T16:45:00+00:00,54.05,23.25,35.24,0.0,8.71
2026-09-02T16:46:00+00:00,38.55,14.03,34.94,0.0,8.52
2026-09-02T16:47:00+00:00,40.23,15.85,36.33,0.0,8.22
2026-09-02T16:48:00+00:00,51.1,18.39,36.36,0.57,8.73
2026-09-02T16:49:00+00:00,42.81,12.43,35.24,0.0,8.5
2026-09-02T16:50:00+00:00,50.68,17.84,36.41,0.0,18.89
2026-09-02T16:51:00+00:00,45.81,17.34,34.76,0.0,8.58
2026-09-02T16:52:00+00:00,51.27,15.07,38.36,0.59,8.37
2026-09-02T16:53:00+00:00,41.58,11.48,35.43,0.36,8.65
2026-09-02T16:54:00+00:00,47.13,17.47,33.78,0.03,8.24
2026-09-02T16:55:00+00:00,50.0,16.61,35.11,0.0,16.16
2026-09-02T16:56:00+00:00,51.64,24.3,36.55,0.0,8.45
2026-09-02T16:57:00+00:00,51.64,20.59,37.14,0.38,8.47
2026-09-02T16:58:00+00:00,51.68,18.18,35.3,0.0,8.6
2026-09-02T16:59:00+00:00,45.81,18.89,34.95,0.0,16.48
2026-09-02T17:00:00+00:00,48.87,18.94,36.12,0.0,8.57
2026-09-02T17:01:00+00:00,49.87,22.07,35.76,0.0,19.77
2026-09-02T17:02:00+00:00,35.32,15.66,34.55,0.0,8.3
2026-09-02T17:03:00+00:00,51.05,26.13,36.09,0.0,8.56
2026-09-02T17:04:00+00:00,35.45,12.39,36.09,0.0,15.95
2026-09-02T17:05:00+00:00,53.62,23.37,32.81,0.0,8.76
2026-09-02T17:06:00+00:00,45.03,17.81,31.76,0.32,15.62
2026-09-02T17:07:00+00:00,51.85,18.27,35.66,0.38,19.08
2026-09-02T17:08:00+00:00,35.55,13.07,37.08,0.0,18.89
2026-09-02T17:09:00+00:00,54.92,22.72,33.65,0.11,8.71
2026-09-02T17:10:00+00:00,53.88,22.7,32.79,0.41,8.7
2026-09-02T17:11:00+00:00,27.81,7.86,34.56,0.59,8.66
2026-09-02T17:12:00+00:00,54.95,21.87,38.18,0.0,16.09
2026-09-02T17:13:00+00:00,53.46,17.55,35.69,0.0,8.31
2026-09-02T17:14:00+00:00,50.98,15.46,39.14,0.59,8.8
2026-09-02T17:15:00+00:00,50.6,18.86,36.31,0.0,8.43
2026-09-02T17:16:00+00:00,50.58,17.46,38.21,0.26,8.34
2026-09-02T17:17:00+00:00,50.81,19.52,33.1,0.0,14.75
2026-09-02T17:18:00+00:00,44.03,14.41,35.73,0.0,8.29
2026-09-02T17:19:00+00:00,43.35,17.04,37.66,0.03,8.75
2026-09-02T17:20:00+00:00,52.73,21.56,35.36,0.0,8.73
2026-09-02T17:21:00+00:00,46.52,12.84,34.36,0.33,16.23
2026-09-02T17:22:00+00:00,54.4,21.6,34.49,0.0,14.61
2026-09-02T17:23:00+00:00,54.56,24.02,34.94,0.21,8.73
2026-09-02T17:24:00+00:00,49.65,15.87,39.36,0.07,15.45
2026-09-02T17:25:00+00:00,41.23,14.71,37.33,0.0,8.76
2026-09-02T17:26:00+00:00,40.9,17.83,35.35,0.0,17.1
2026-09-02T17:27:00+00:00,40.06,14.69,39.71,0.0,15.32
2026-09-02T17:28:00+00:00,48.65,18.5,34.67,0.0,8.57
2026-09-02T17:29:00+00:00,37.81,12.5,36.65,0.0,13.51
2026-09-02T17:30:00+00:00,44.48,16.19,35.04,0.0,14.97
2026-09-02T17:31:00+00:00,56.82,20.35,39.74,0.0,13.88
2026-09-02T17:32:00+00:00,53.12,19.49,38.19,0.0,8.31
2026-09-02T17:33:00+00:00,39.48,13.73,36.45,0.0,8.33
2026-09-02T17:34:00+00:00,51.14,17.85,36.91,0.0,8.33
2026-09-02T17:35:00+00:00,32.94,8.84,37.54,0.0,8.77
2026-09-02T17:36:00+00:00,50.0,20.25,38.02,0.0,13.2
2026-09-02T17:37:00+00:00,46.29,12.42,38.48,0.0,8.35
2026-09-02T17:38:00+00:00,48.48,14.15,36.43,0.0,8.41
2026-09-02T17:39:00+00:00,46.65,16.71,37.17,0.0,8.27
2026-09-02T17:40:00+00:00,52.84,21.31,38.04,0.0,8.73
2026-09-02T17:41:00+00:00,44.1,19.05,39.39,0.0,14.87
2026-09-02T17:42:00+00:00,48.81,13.87,36.27,0.08,13.55
2026-09-02T17:43:00+00:00,52.63,17.34,36.69,0.01,8.73
2026-09-02T17:44:00+00:00,39.94,14.23,41.13,0.0,8.26
2026-09-02T17:45:00+00:00,54.17,19.54,37.38,0.0,14.68
2026-09-02T17:46:00+00:00,54.35,24.11,40.34,0.0,8.8
2026-09-02T17:47:00+00:00,50.44,16.54,39.46,0.0,8.36
2026-09-02T17:48:00+00:00,42.19,11.01,35.78,0.58,8.27
2026-09-02T17:49:00+00:00,51.94,21.96,35.83,0.0,8.78
2026-09-02T17:50:00+00:00,54.76,26.76,35.04,0.0,12.55
2026-09-02T17:51:00+00:00,38.9,16.04,37.23,0.0,13.11
2026-09-02T17:52:00+00:00,47.39,19.74,38.93,0.0,8.56
2026-09-02T17:53:00+00:00,50.78,19.33,37.6,0.0,8.68
2026-09-02T17:54:00+00:00,49.32,15.29,37.72,0.0,8.41
2026-09-02T17:55:00+00:00,55.74,21.69,38.13,0.0,12.73
2026-09-02T17:56:00+00:00,53.22,17.17,39.93,0.14,8.5
2026-09-02T17:57:00+00:00,35.94,8.75,38.94,0.0,11.74
2026-09-02T17:58:00+00:00,32.81,13.41,35.8,0.0,8.47
2026-09-02T17:59:00+00:00,48.42,19.92,40.67,0.0,8.56
2026-09-02T18:00:00+00:00,51.65,17.46,37.03,0.18,13.28
2026-09-02T18:01:00+00:00,52.78,19.54,38.37,0.2,8.75
2026-09-02T18:02:00+00:00,46.61,15.78,37.78,0.0,8.76
2026-09-02T18:03:00+00:00,46.9,17.74,37.92,0.0,12.88
2026-09-02T18:04:00+00:00,47.55,17.9,40.53,0.86,11.62
2026-09-02T18:05:00+00:00,34.87,10.32,37.6,0.51,8.76
2026-09-02T18:06:00+00:00,53.17,17.76,39.29,0.0,12.83
2026-09-02T18:07:00+00:00,33.0,12.18,38.17,0.31,8.78
2026-09-02T18:08:00+00:00,52.21,14.44,38.36,0.0,8.61
2026-09-02T18:09:00+00:00,43.74,16.07,34.34,0.0,11.24
2026-09-02T18:10:00+00:00,54.81,20.3,35.75,0.53,8.63
2026-09-02T18:11:00+00:00,51.34,18.59,38.71,0.16,11.21
2026-09-02T18:12:00+00:00,51.38,17.48,40.31,0.0,8.22
2026-09-02T18:13:00+00:00,47.52,18.95,37.74,0.0,11.99
2026-09-02T18:14:00+00:00,50.85,14.98,36.52,0.0,8.41
2026-09-02T18:15:00+00:00,38.9,11.67,38.18,0.0,10.82
2026-09-02T18:16:00+00:00,52.87,20.96,37.41,0.13,10.81
2026-09-02T18:17:00+00:00,43.23,14.89,39.53,0.0,11.64
2026-09-02T18:18:00+00:00,54.61,24.3,39.28,0.0,10.62
2026-09-02T18:19:00+00:00,51.34,23.05,37.08,0.0,8.57
2026-09-02T18:20:00+00:00,48.97,15.94,40.47,0.0,10.72
2026-09-02T18:21:00+00:00,45.71,17.39,41.77,0.0,8.66
2026-09-02T18:22:00+00:00,43.81,16.27,37.2,0.0,8.24
2026-09-02T18:23:00+00:00,40.42,14.78,39.26,0.0,8.6
2026-09-02T18:24:00+00:00,46.84,19.82,38.8,0.0,8.8
2026-09-02T18:25:00+00:00,43.45,10.86,36.95,0.0,11.3
2026-09-02T18:26:00+00:00,55.2,18.25,38.43,0.0,10.45
2026-09-02T18:27:00+00:00,39.29,11.36,42.05,0.0,8.52
2026-09-02T18:28:00+00:00,47.16,14.22,38.3,0.56,8.71
2026-09-02T18:29:00+00:00,48.45,17.24,38.92,0.0,11.01
2026-09-02T18:30:00+00:00,41.77,18.02,39.63,0.0,10.19
2026-09-02T18:31:00+00:00,38.65,17.39,40.48,0.0,10.65
2026-09-02T18:32:00+00:00,41.26,10.59,41.24,0.49,8.74
2026-09-02T18:33:00+00:00,52.81,20.41,39.88,0.0,10.46
2026-09-02T18:34:00+00:00,33.48,13.21,39.68,0.22,9.78
2026-09-02T18:35:00+00:00,53.03,23.71,41.05,0.0,8.57
2026-09-02T18:36:00+00:00,50.46,17.88,39.36,0.35,8.21
2026-09-02T18:37:00+00:00,42.16,14.34,41.01,0.77,10.32
2026-09-02T18:38:00+00:00,45.81,14.9,38.92,0.0,8.39
2026-09-02T18:39:00+00:00,55.56,21.82,40.21,0.0,9.72
2026-09-02T18:40:00+00:00,45.03,14.78,37.88,0.0,10.2
2026-09-02T18:41:00+00:00,42.97,11.35,34.37,0.0,8.36
2026-09-02T18:42:00+00:00,50.56,17.29,39.42,0.69,8.32
2026-09-02T18:43:00+00:00,45.45,17.88,39.26,0.68,9.77
2026-09-02T18:44:00+00:00,51.35,19.89,40.49,0.0,10.19
2026-09-02T18:45:00+00:00,55.66,22.62,37.46,0.0,9.91
2026-09-02T18:46:00+00:00,47.71,17.74,40.65,0.14,8.27
2026-09-02T18:47:00+00:00,44.87,9.43,38.85,0.0,8.56
2026-09-02T18:48:00+00:00,49.87,18.91,39.27,0.0,8.23
2026-09-02T18:49:00+00:00,51.1,18.04,41.48,0.0,9.4
2026-09-02T18:50:00+00:00,53.42,24.08,40.4,0.0,8.55
2026-09-02T18:51:00+00:00,46.13,15.43,41.36,1.19,8.28
2026-09-02T18:52:00+00:00,50.05,22.08,38.1,0.2,9.08
2026-09-02T18:53:00+00:00,37.0,9.81,36.53,0.0,8.23
2026-09-02T18:54:00+00:00,52.04,23.71,43.61,0.0,9.37
2026-09-02T18:55:00+00:00,41.35,15.9,39.61,0.0,9.12
2026-09-02T18:56:00+00:00,45.26,18.57,37.23,0.0,9.07
2026-09-02T18:57:00+00:00,38.23,14.68,39.62,0.0,8.72
2026-09-02T18:58:00+00:00,38.39,22.11,39.3,0.0,8.46
2026-09-02T18:59:00+00:00,35.81,19.15,41.83,0.31,8.93
2026-09-02T19:00:00+00:00,52.26,18.97,40.54,0.38,8.78
2026-09-02T19:01:00+00:00,51.08,20.89,40.2,0.0,8.85
2026-09-02T19:02:00+00:00,49.19,15.15,43.17,0.73,8.36
2026-09-02T19:03:00+00:00,56.77,22.6,39.03,0.02,8.57
2026-09-02T19:04:00+00:00,39.9,12.31,36.22,0.16,8.54
2026-09-02T19:05:00+00:00,53.68,19.6,39.04,0.0,8.7
2026-09-02T19:06:00+00:00,34.94,11.95,39.84,0.0,8.47
2026-09-02T19:07:00+00:00,45.45,14.38,39.16,0.62,8.45
2026-09-02T19:08:00+00:00,40.52,13.16,41.83,0.0,8.51
2026-09-02T19:09:00+00:00,52.02,19.37,43.0,0.65,8.38
2026-09-02T19:10:00+00:00,42.32,15.51,38.86,0.0,8.33
2026-09-02T19:11:00+00:00,47.94,14.01,39.87,0.0,8.55
2026-09-02T19:12:00+00:00,42.0,10.18,40.66,0.0,8.28
2026-09-02T19:13:00+00:00,50.61,18.98,38.93,0.0,8.55
2026-09-02T19:14:00+00:00,51.53,14.38,37.99,0.0,8.2
2026-09-02T19:15:00+00:00,39.77,13.61,41.48,0.0,8.5
2026-09-02T19:16:00+00:00,50.05,15.23,38.94,0.03,8.35
2026-09-02T19:17:00+00:00,48.74,14.17,43.13,0.0,8.18
2026-09-02T19:18:00+00:00,43.1,14.14,38.1,0.0,8.2
2026-09-02T19:19:00+00:00,46.77,16.78,42.2,0.0,8.61
2026-09-02T19:20:00+00:00,52.57,22.39,40.78,0.0,8.18
2026-09-02T19:21:00+00:00,50.33,21.03,39.35,0.42,8.18
2026-09-02T19:22:00+00:00,37.55,16.13,43.04,0.0,8.18
2026-09-02T19:23:00+00:00,44.65,14.98,41.16,0.0,8.18
2026-09-02T19:24:00+00:00,52.91,17.23,41.86,0.0,8.23
2026-09-02T19:25:00+00:00,44.16,18.18,42.68,0.93,8.75
2026-09-02T19:26:00+00:00,36.55,17.12,40.4,0.0,8.18
2026-09-02T19:27:00+00:00,49.74,22.04,39.21,0.09,8.18
2026-09-02T19:28:00+00:00,46.55,15.73,44.49,0.0,8.18
2026-09-02T19:29:00+00:00,45.9,18.32,42.46,0.0,8.63
2026-09-02T19:30:00+00:00,40.84,13.72,38.53,0.5,8.18
2026-09-02T19:31:00+00:00,51.99,17.59,41.0,0.0,8.28
2026-09-02T19:32:00+00:00,45.97,16.51,39.16,0.0,8.18
2026-09-02T19:33:00+00:00,50.81,17.36,39.09,0.0,8.33
2026-09-02T19:34:00+00:00,44.23,18.77,42.82,0.0,8.33
2026-09-02T19:35:00+00:00,50.86,17.86,40.03,0.16,8.48
2026-09-02T19:36:00+00:00,52.67,22.61,39.77,0.0,8.63
2026-09-02T19:37:00+00:00,43.45,12.84,43.27,0.0,8.18
2026-09-02T19:38:00+00:00,41.16,16.24,42.0,0.0,8.28
2026-09-02T19:39:00+00:00,50.66,16.01,42.33,0.0,8.66
2026-09-02T19:40:00+00:00,36.68,9.38,42.13,0.45,8.24
2026-09-02T19:41:00+00:00,51.2,20.61,39.7,0.0,8.35
2026-09-02T19:42:00+00:00,49.48,20.13,40.57,0.0,8.59
2026-09-02T19:43:00+00:00,48.68,19.98,40.37,0.46,8.48
2026-09-02T19:44:00+00:00,48.87,18.03,44.06,0.0,8.24
2026-09-02T19:45:00+00:00,47.81,22.84,40.93,0.0,8.18
2026-09-02T19:46:00+00:00,32.77,10.78,40.28,0.0,8.46
2026-09-02T19:47:00+00:00,51.03,19.49,42.75,0.0,8.61
2026-09-02T19:48:00+00:00,42.16,15.21,42.55,0.0,8.55
2026-09-02T19:49:00+00:00,41.03,12.58,39.8,0.0,8.46
2026-09-02T19:50:00+00:00,53.63,18.83,38.27,0.0,8.18
2026-09-02T19:51:00+00:00,60.64,28.38,41.96,0.0,8.18
2026-09-02T19:52:00+00:00,53.23,22.12,42.22,0.0,8.51
2026-09-02T19:53:00+00:00,40.61,16.39,44.64,0.0,8.66
2026-09-02T19:54:00+00:00,52.87,19.15,42.24,0.0,8.43
2026-09-02T19:55:00+00:00,50.0,18.74,42.28,0.0,8.18
2026-09-02T19:56:00+00:00,54.36,23.56,39.83,0.0,8.18
2026-09-02T19:57:00+00:00,51.28,17.5,42.09,0.0,8.64
2026-09-02T19:58:00+00:00,50.24,17.96,40.81,0.0,8.18
2026-09-02T19:59:00+00:00,52.72,18.91,42.8,0.0,8.18
2026-09-02T20:00:00+00:00,47.03,16.81,41.61,0.0,8.43
2026-09-02T20:01:00+00:00,49.61,15.06,41.69,0.62,8.58
2026-09-02T20:02:00+00:00,38.42,15.09,44.03,0.0,8.47
2026-09-02T20:03:00+00:00,50.09,17.55,43.03,0.0,8.76
2026-09-02T20:04:00+00:00,46.65,13.76,41.77,0.0,8.18
2026-09-02T20:05:00+00:00,51.58,20.43,41.43,0.12,8.18
2026-09-02T20:06:00+00:00,48.52,19.26,44.55,0.0,8.18
2026-09-02T20:07:00+00:00,47.16,14.02,41.36,0.0,8.18
2026-09-02T20:08:00+00:00,47.84,16.64,40.03,0.0,8.45
2026-09-02T20:09:00+00:00,45.45,19.9,41.38,0.0,8.3
2026-09-02T20:10:00+00:00,52.67,21.69,41.38,0.0,8.18
2026-09-02T20:11:00+00:00,49.23,22.87,44.97,0.0,8.18
2026-09-02T20:12:00+00:00,51.87,19.5,41.05,0.0,8.29
2026-09-02T20:13:00+00:00,31.45,13.15,40.95,0.0,8.57
2026-09-02T20:14:00+00:00,45.45,16.59,42.31,0.0,8.35
2026-09-02T20:15:00+00:00,39.48,14.44,44.65,0.0,8.19
2026-09-02T20:16:00+00:00,51.04,19.73,40.01,0.0,8.31
2026-09-02T20:17:00+00:00,52.59,20.24,39.8,0.0,8.18
2026-09-02T20:18:00+00:00,50.68,14.64,40.18,0.13,8.18
2026-09-02T20:19:00+00:00,43.39,13.53,42.69,0.0,8.47
2026-09-02T20:20:00+00:00,44.74,11.58,42.41,0.0,8.18
2026-09-02T20:21:00+00:00,46.1,17.54,39.42,0.0,8.58
2026-09-02T20:22:00+00:00,47.71,17.32,41.41,0.0,8.18
2026-09-02T20:23:00+00:00,52.58,19.74,39.69,0.0,8.21
2026-09-02T20:24:00+00:00,52.57,15.81,41.77,0.49,8.18
2026-09-02T20:25:00+00:00,50.06,17.54,43.59,0.0,8.18
2026-09-02T20:26:00+00:00,51.48,20.25,42.78,0.0,8.18
2026-09-02T20:27:00+00:00,39.9,13.93,45.45,0.0,8.18
2026-09-02T20:28:00+00:00,49.71,14.13,44.73,0.0,8.18
2026-09-02T20:29:00+00:00,47.94,12.01,42.97,0.0,8.78
2026-09-02T20:30:00+00:00,54.75,18.94,40.23,0.0,8.4
2026-09-02T20:31:00+00:00,53.65,25.8,41.98,0.0,8.59
2026-09-02T20:32:00+00:00,46.19,14.85,40.51,0.0,8.18
2026-09-02T20:33:00+00:00,55.33,23.16,39.73,0.0,8.18
2026-09-02T20:34:00+00:00,47.1,18.54,38.72,0.0,8.18
2026-09-02T20:35:00+00:00,40.13,13.69,42.75,0.0,8.5
2026-09-02T20:36:00+00:00,39.58,11.85,39.93,0.0,8.68
2026-09-02T20:37:00+00:00,47.23,14.72,41.98,0.01,8.35
2026-09-02T20:38:00+00:00,47.32,23.56,41.61,0.0,8.59
2026-09-02T20:39:00+00:00,52.54,22.52,41.4,0.0,8.18
2026-09-02T20:40:00+00:00,48.71,19.57,41.44,0.29,8.18
2026-09-02T20:41:00+00:00,53.42,21.47,42.38,0.0,8.18
2026-09-02T20:42:00+00:00,51.97,21.64,38.38,0.0,8.48
2026-09-02T20:43:00+00:00,51.03,20.29,43.35,0.0,8.64
2026-09-02T20:44:00+00:00,50.81,17.49,38.0,0.0,8.18
2026-09-02T20:45:00+00:00,57.54,28.72,41.2,0.0,8.45
2026-09-02T20:46:00+00:00,43.29,13.73,42.48,0.64,8.8
2026-09-02T20:47:00+00:00,53.83,17.7,39.79,0.0,8.18
2026-09-02T20:48:00+00:00,44.65,10.84,40.05,0.0,8.18
2026-09-02T20:49:00+00:00,36.61,14.79,38.26,0.0,8.18
2026-09-02T20:50:00+00:00,41.1,13.66,42.83,0.59,8.43
2026-09-02T20:51:00+00:00,52.27,18.85,43.75,0.56,8.18
2026-09-02T20:52:00+00:00,51.09,17.58,40.82,0.0,8.58
2026-09-02T20:53:00+00:00,54.87,23.18,42.65,0.0,8.18
2026-09-02T20:54:00+00:00,47.29,23.52,42.65,0.0,8.22
2026-09-02T20:55:00+00:00,54.91,24.48,40.6,0.0,8.45
2026-09-02T20:56:00+00:00,52.07,19.04,37.46,0.85,8.18
2026-09-02T20:57:00+00:00,53.35,20.64,40.7,0.07,8.18
2026-09-02T20:58:00+00:00,52.07,23.53,41.87,0.0,8.18
2026-09-02T20:59:00+00:00,52.58,17.72,42.09,0.0,8.18
2026-09-02T21:00:00+00:00,44.84,18.34,37.78,0.0,8.18
2026-09-02T21:01:00+00:00,50.93,19.98,41.5,0.0,8.73
2026-09-02T21:02:00+00:00,50.5,18.84,40.65,0.0,8.79
2026-09-02T21:03:00+00:00,57.03,20.01,40.3,0.0,8.33
2026-09-02T21:04:00+00:00,50.99,19.45,39.44,0.0,8.29
2026-09-02T21:05:00+00:00,54.19,22.32,37.64,0.0,8.18
2026-09-02T21:06:00+00:00,52.99,20.51,34.75,0.37,8.59
2026-09-02T21:07:00+00:00,51.07,21.48,39.57,0.0,8.18
2026-09-02T21:08:00+00:00,47.1,14.46,39.37,0.7,8.45
2026-09-02T21:09:00+00:00,50.38,20.91,41.38,0.28,8.51
2026-09-02T21:10:00+00:00,44.26,16.39,39.81,0.0,8.18
2026-09-02T21:11:00+00:00,28.39,7.5,39.32,0.0,8.4
2026-09-02T21:12:00+00:00,46.74,17.29,38.64,0.0,8.18
2026-09-02T21:13:00+00:00,45.61,15.51,38.59,0.0,8.56
2026-09-02T21:14:00+00:00,49.61,14.4,40.41,0.74,8.74
2026-09-02T21:15:00+00:00,49.29,21.32,41.15,0.0,8.26
2026-09-02T21:16:00+00:00,47.81,15.06,38.95,0.0,8.7
2026-09-02T21:17:00+00:00,52.88,17.93,41.63,0.0,8.18
2026-09-02T21:18:00+00:00,54.82,19.68,40.87,0.0,8.18
2026-09-02T21:19:00+00:00,50.69,21.29,44.4,0.0,8.21
2026-09-02T21:20:00+00:00,51.09,17.64,40.06,0.0,8.48
2026-09-02T21:21:00+00:00,53.32,23.03,38.77,0.0,8.18
2026-09-02T21:22:00+00:00,41.16,17.76,40.12,0.15,8.27
2026-09-02T21:23:00+00:00,48.1,17.96,36.45,0.0,8.18
2026-09-02T21:24:00+00:00,36.42,15.64,42.44,0.36,8.79
2026-09-02T21:25:00+00:00,52.92,20.27,40.79,0.18,8.51
2026-09-02T21:26:00+00:00,39.65,11.91,40.81,0.0,8.18
2026-09-02T21:27:00+00:00,48.0,20.79,41.33,0.0,8.78
2026-09-02T21:28:00+00:00,54.85,22.95,41.06,0.47,8.18
2026-09-02T21:29:00+00:00,33.45,12.65,37.32,0.0,8.25
2026-09-02T21:30:00+00:00,39.55,17.8,40.49,0.0,8.58
2026-09-02T21:31:00+00:00,39.0,15.6,37.54,0.0,8.18
2026-09-02T21:32:00+00:00,37.16,12.97,38.43,0.43,8.75
2026-09-02T21:33:00+00:00,40.55,12.72,40.31,0.0,8.8
2026-09-02T21:34:00+00:00,51.42,19.55,40.34,0.0,8.18
2026-09-02T21:35:00+00:00,44.9,16.57,40.6,0.43,8.18
2026-09-02T21:36:00+00:00,47.39,20.17,39.05,0.0,8.18
2026-09-02T21:37:00+00:00,42.45,12.66,37.56,0.37,8.55
2026-09-02T21:38:00+00:00,54.65,22.26,40.7,0.0,8.63
2026-09-02T21:39:00+00:00,45.58,14.64,43.08,0.0,8.18
2026-09-02T21:40:00+00:00,48.48,17.39,40.52,0.0,8.6
2026-09-02T21:41:00+00:00,48.74,19.79,38.06,0.34,8.48
2026-09-02T21:42:00+00:00,54.5,22.58,39.43,0.03,8.19
2026-09-02T21:43:00+00:00,52.81,18.37,39.26,0.24,8.18
2026-09-02T21:44:00+00:00,45.61,11.31,36.19,0.34,8.67
2026-09-02T21:45:00+00:00,42.06,18.6,37.41,0.0,8.18
2026-09-02T21:46:00+00:00,50.03,18.43,38.67,0.37,8.18
2026-09-02T21:47:00+00:00,50.41,19.05,36.49,0.0,8.65
2026-09-02T21:48:00+00:00,34.52,11.68,39.69,0.0,8.54
2026-09-02T21:49:00+00:00,53.78,20.13,38.57,0.35,8.18
2026-09-02T21:50:00+00:00,34.1,11.04,39.35,0.0,8.18
2026-09-02T21:51:00+00:00,34.16,12.73,35.94,0.0,8.36
2026-09-02T21:52:00+00:00,54.9,22.25,36.59,0.0,8.73
2026-09-02T21:53:00+00:00,52.71,16.52,36.67,0.0,8.25
2026-09-02T21:54:00+00:00,55.84,30.32,39.02,0.0,8.72
2026-09-02T21:55:00+00:00,51.28,20.09,35.82,0.36,8.53
2026-09-02T21:56:00+00:00,53.2,23.71,38.29,0.0,8.18
2026-09-02T21:57:00+00:00,44.06,13.75,35.37,0.01,8.18
2026-09-02T21:58:00+00:00,43.13,17.99,36.68,0.0,8.35
2026-09-02T21:59:00+00:00,51.22,17.0,34.85,0.0,8.18
2026-09-02T22:00:00+00:00,42.42,16.17,37.8,0.0,8.44
2026-09-02T22:01:00+00:00,48.39,15.76,37.17,0.86,8.18
2026-09-02T22:02:00+00:00,51.68,19.61,35.09,0.0,8.18
2026-09-02T22:03:00+00:00,46.77,13.51,36.38,0.0,8.18
2026-09-02T22:04:00+00:00,49.87,18.81,36.8,0.23,8.18
2026-09-02T22:05:00+00:00,53.03,15.26,35.88,0.03,8.18
2026-09-02T22:06:00+00:00,50.25,16.88,37.89,0.16,8.18
2026-09-02T22:07:00+00:00,51.7,23.18,39.1,0.0,8.23
2026-09-02T22:08:00+00:00,44.52,13.59,37.85,0.0,8.18
2026-09-02T22:09:00+00:00,31.87,13.51,38.8,0.0,8.18
2026-09-02T22:10:00+00:00,41.55,14.41,40.55,0.0,8.18
2026-09-02T22:11:00+00:00,51.39,13.31,36.56,0.0,8.18
2026-09-02T22:12:00+00:00,45.74,13.71,36.89,0.11,8.49
2026-09-02T22:13:00+00:00,51.1,17.14,37.4,0.49,8.18
2026-09-02T22:14:00+00:00,43.32,18.16,40.63,0.0,8.18
2026-09-02T22:15:00+00:00,51.69,19.59,39.99,102.29,8.18
2026-09-02T22:16:00+00:00,45.81,13.86,37.66,102.46,8.41
2026-09-02T22:17:00+00:00,49.0,16.45,35.37,102.77,8.25
2026-09-02T22:18:00+00:00,50.31,17.21,39.23,102.65,8.18
2026-09-02T22:19:00+00:00,27.26,9.64,38.52,102.28,8.18
2026-09-02T22:20:00+00:00,37.81,11.2,36.73,101.32,8.18
2026-09-02T22:21:00+00:00,56.29,26.94,34.48,96.93,8.18
2026-09-02T22:22:00+00:00,44.32,12.31,40.34,101.56,8.23
2026-09-02T22:23:00+00:00,55.76,19.7,34.29,99.18,8.71
2026-09-02T22:24:00+00:00,58.27,21.25,39.38,88.84,8.18
2026-09-02T22:25:00+00:00,44.29,13.26,36.38,0.0,8.18
2026-09-02T22:26:00+00:00,50.44,20.63,38.57,0.02,8.18
2026-09-02T22:27:00+00:00,45.9,18.23,36.11,0.0,8.18
2026-09-02T22:28:00+00:00,50.73,14.58,35.92,0.0,8.2
2026-09-02T22:29:00+00:00,49.71,22.89,31.68,1.16,8.18
2026-09-02T22:30:00+00:00,27.84,10.43,33.95,0.0,8.5
2026-09-02T22:31:00+00:00,52.98,19.28,36.61,0.3,8.7
2026-09-02T22:32:00+00:00,53.93,27.5,37.8,0.0,8.73
2026-09-02T22:33:00+00:00,54.65,14.85,37.49,0.41,8.18
2026-09-02T22:34:00+00:00,52.07,21.24,34.72,0.0,8.64
2026-09-02T22:35:00+00:00,46.35,19.23,36.55,0.0,8.23
2026-09-02T22:36:00+00:00,48.97,19.6,36.54,0.0,8.52
2026-09-02T22:37:00+00:00,52.89,22.19,35.13,0.0,8.48
2026-09-02T22:38:00+00:00,58.55,21.24,37.35,0.0,8.6
2026-09-02T22:39:00+00:00,46.1,14.28,35.89,0.0,8.18
2026-09-02T22:40:00+00:00,46.19,18.57,36.76,0.0,8.53
2026-09-02T22:41:00+00:00,52.41,24.55,37.38,0.0,8.76
2026-09-02T22:42:00+00:00,49.23,17.34,36.8,0.0,8.18
2026-09-02T22:43:00+00:00,51.55,20.07,36.87,0.0,8.22
2026-09-02T22:44:00+00:00,50.31,15.15,32.2,0.31,8.18
2026-09-02T22:45:00+00:00,38.68,9.91,37.78,0.0,8.58
2026-09-02T22:46:00+00:00,51.63,24.83,34.39,0.1,8.18
2026-09-02T22:47:00+00:00,48.1,11.18,33.9,0.0,8.64
2026-09-02T22:48:00+00:00,50.99,12.9,33.7,0.0,8.67
2026-09-02T22:49:00+00:00,50.68,21.75,34.29,0.0,8.76
2026-09-02T22:50:00+00:00,50.98,19.25,34.6,0.0,8.21
2026-09-02T22:51:00+00:00,52.42,20.19,36.36,0.0,8.18
2026-09-02T22:52:00+00:00,39.23,12.78,36.34,0.0,8.68
2026-09-02T22:53:00+00:00,48.97,17.03,37.8,0.0,8.18
2026-09-02T22:54:00+00:00,52.34,22.01,37.69,0.35,8.18
2026-09-02T22:55:00+00:00,49.94,18.82,38.87,0.0,8.38
2026-09-02T22:56:00+00:00,43.87,19.52,34.24,0.0,8.18
2026-09-02T22:57:00+00:00,39.35,14.93,35.64,0.0,8.25
2026-09-02T22:58:00+00:00,50.5,18.23,31.55,0.3,8.23
2026-09-02T22:59:00+00:00,42.29,17.04,34.68,0.18,8.68
2026-09-02T23:00:00+00:00,44.26,13.53,33.2,0.06,8.18
2026-09-02T23:01:00+00:00,51.23,17.67,36.03,0.0,8.38
2026-09-02T23:02:00+00:00,50.41,17.44,34.74,0.0,8.18
2026-09-02T23:03:00+00:00,50.09,15.58,34.16,0.0,8.18
2026-09-02T23:04:00+00:00,44.1,13.28,33.86,0.0,8.43
2026-09-02T23:05:00+00:00,39.58,12.44,34.94,0.0,8.72
2026-09-02T23:06:00+00:00,25.81,8.26,34.57,0.0,8.68
2026-09-02T23:07:00+00:00,49.87,18.56,36.61,0.43,8.18
2026-09-02T23:08:00+00:00,36.84,13.53,36.1,0.0,8.46
2026-09-02T23:09:00+00:00,37.65,10.27,37.23,0.0,8.18
2026-09-02T23:10:00+00:00,44.77,16.92,33.12,0.0,8.76
2026-09-02T23:11:00+00:00,50.23,16.74,34.33,0.76,8.67
2026-09-02T23:12:00+00:00,29.55,12.43,34.51,0.0,8.38
2026-09-02T23:13:00+00:00,43.58,14.61,35.24,0.0,8.18
2026-09-02T23:14:00+00:00,35.65,10.27,34.53,0.0,8.61
2026-09-02T23:15:00+00:00,53.86,22.61,33.54,0.0,8.7
2026-09-02T23:16:00+00:00,38.0,14.55,34.14,0.2,8.25
2026-09-02T23:17:00+00:00,35.32,13.16,35.1,0.04,8.18
2026-09-02T23:18:00+00:00,51.1,24.45,36.07,0.0,8.55
2026-09-02T23:19:00+00:00,46.58,10.34,36.76,0.0,8.18
2026-09-02T23:20:00+00:00,52.66,18.75,35.49,0.17,8.18
2026-09-02T23:21:00+00:00,41.77,15.19,36.88,0.39,8.47
2026-09-02T23:22:00+00:00,54.97,24.39,36.26,0.24,8.18
2026-09-02T23:23:00+00:00,41.48,14.02,33.88,0.0,8.18
2026-09-02T23:24:00+00:00,42.94,14.38,35.28,0.31,8.18
2026-09-02T23:25:00+00:00,46.35,14.0,33.02,0.05,8.24
2026-09-02T23:26:00+00:00,44.35,16.9,35.84,0.27,8.18
2026-09-02T23:27:00+00:00,54.27,25.55,38.53,0.0,8.38
2026-09-02T23:28:00+00:00,52.59,16.67,35.75,0.55,8.18
2026-09-02T23:29:00+00:00,53.5,21.98,33.34,0.41,8.38
2026-09-02T23:30:00+00:00,53.31,21.91,36.48,0.0,8.18
2026-09-02T23:31:00+00:00,52.66,21.2,37.48,0.0,8.18
2026-09-02T23:32:00+00:00,51.39,15.41,31.79,0.2,8.18
2026-09-02T23:33:00+00:00,44.0,16.45,35.58,0.0,8.55
2026-09-02T23:34:00+00:00,49.71,19.89,34.69,0.0,8.25
2026-09-02T23:35:00+00:00,56.19,22.15,31.69,0.0,8.19
2026-09-02T23:36:00+00:00,54.01,21.83,33.22,0.0,8.78
2026-09-02T23:37:00+00:00,50.19,18.06,34.5,0.11,8.18
2026-09-02T23:38:00+00:00,50.8,18.28,33.27,0.0,8.27
2026-09-02T23:39:00+00:00,41.9,15.2,34.11,0.0,8.36
2026-09-02T23:40:00+00:00,50.88,17.06,36.74,0.0,8.4
2026-09-02T23:41:00+00:00,51.78,15.51,35.23,0.2,8.18
2026-09-02T23:42:00+00:00,48.1,23.9,33.14,0.12,8.66
2026-09-02T23:43:00+00:00,42.39,11.16,34.13,0.0,8.18
2026-09-02T23:44:00+00:00,50.0,17.65,37.15,0.0,8.44
2026-09-02T23:45:00+00:00,54.37,20.67,33.91,0.14,8.18
2026-09-02T23:46:00+00:00,46.29,17.7,37.11,0.0,8.18
2026-09-02T23:47:00+00:00,45.03,18.18,34.65,0.0,8.18
2026-09-02T23:48:00+00:00,39.77,12.53,34.24,0.0,8.44
2026-09-02T23:49:00+00:00,56.53,22.69,31.84,0.0,8.18
2026-09-02T23:50:00+00:00,50.55,17.66,34.18,0.0,8.18
2026-09-02T23:51:00+00:00,54.46,17.16,30.74,0.0,8.18
2026-09-02T23:52:00+00:00,32.19,11.17,35.89,0.0,8.18
2026-09-02T23:53:00+00:00,41.84,20.78,36.07,0.0,8.18
2026-09-02T23:54:00+00:00,45.97,14.7,34.95,0.62,8.52
2026-09-02T23:55:00+00:00,50.31,20.89,35.58,0.0,8.53
2026-09-02T23:56:00+00:00,53.35,23.06,34.41,0.0,8.18
2026-09-02T23:57:00+00:00,50.03,15.53,36.31,0.0,8.18
2026-09-02T23:58:00+00:00,46.55,19.8,34.02,0.58,8.51
2026-09-02T23:59:00+00:00,51.49,21.91,30.84,0.0,8.18
2026-09-03T00:00:00+00:00,61.22,33.62,33.84,0.36,8.18
2026-09-03T00:01:00+00:00,25.81,7.5,33.33,0.0,8.18
2026-09-03T00:02:00+00:00,54.21,19.72,34.57,0.0,8.18
2026-09-03T00:03:00+00:00,56.57,22.04,32.95,0.0,8.34
2026-09-03T00:04:00+00:00,55.03,19.55,33.6,0.0,8.59
2026-09-03T00:05:00+00:00,37.68,15.53,31.2,0.33,8.18
2026-09-03T00:06:00+00:00,33.65,18.4,32.96,0.0,8.53
2026-09-03T00:07:00+00:00,61.88,36.35,33.82,0.0,8.3
2026-09-03T00:08:00+00:00,29.39,10.32,31.68,0.0,8.63
2026-09-03T00:09:00+00:00,25.81,9.54,36.1,0.0,8.18
2026-09-03T00:10:00+00:00,53.45,17.32,34.84,0.0,8.18
2026-09-03T00:11:00+00:00,41.48,15.38,32.03,0.0,8.5
2026-09-03T00:12:00+00:00,51.02,14.9,30.66,0.0,8.18
2026-09-03T00:13:00+00:00,28.9,12.08,31.89,0.0,8.6
2026-09-03T00:14:00+00:00,28.68,14.95,32.79,0.16,8.18
2026-09-03T00:15:00+00:00,59.12,24.79,31.57,0.0,8.18
2026-09-03T00:16:00+00:00,57.22,24.85,36.76,0.32,8.18
2026-09-03T00:17:00+00:00,46.29,15.45,32.96,0.0,8.18
2026-09-03T00:18:00+00:00,53.02,17.55,31.13,0.0,8.18
2026-09-03T00:19:00+00:00,43.87,12.64,33.18,0.29,8.5
2026-09-03T00:20:00+00:00,52.31,22.95,31.3,0.0,8.68
2026-09-03T00:21:00+00:00,44.42,12.76,34.65,0.0,8.27
2026-09-03T00:22:00+00:00,41.81,19.66,34.74,0.0,8.18
2026-09-03T00:23:00+00:00,56.1,20.75,32.74,0.19,8.18
2026-09-03T00:24:00+00:00,39.0,19.94,33.64,0.0,8.47
2026-09-03T00:25:00+00:00,51.09,18.51,33.53,0.0,8.18
2026-09-03T00:26:00+00:00,29.16,7.5,33.31,0.0,8.18
2026-09-03T00:27:00+00:00,50.74,19.77,30.38,0.03,8.18
2026-09-03T00:28:00+00:00,52.54,16.61,31.69,0.07,8.7
2026-09-03T00:29:00+00:00,49.71,16.05,34.27,0.41,8.18
2026-09-03T00:30:00+00:00,25.81,9.66,33.3,0.0,8.18
2026-09-03T00:31:00+00:00,44.0,27.14,30.64,0.36,8.18
2026-09-03T00:32:00+00:00,52.07,21.7,34.05,0.0,8.77
2026-09-03T00:33:00+00:00,54.15,20.75,36.32,0.0,8.18
2026-09-03T00:34:00+00:00,52.16,18.58,31.54,0.0,8.59
2026-09-03T00:35:00+00:00,59.57,27.52,33.96,0.0,8.18
2026-09-03T00:36:00+00:00,62.18,28.88,32.87,0.0,8.18
2026-09-03T00:37:00+00:00,42.81,15.07,33.75,0.0,8.73
2026-09-03T00:38:00+00:00,64.5,28.21,34.38,0.0,8.18
2026-09-03T00:39:00+00:00,49.94,17.94,32.41,0.09,8.4
2026-09-03T00:40:00+00:00,54.24,18.15,32.76,0.0,8.18
2026-09-03T00:41:00+00:00,26.58,9.93,33.72,0.26,8.34
2026-09-03T00:42:00+00:00,54.77,18.93,32.27,0.0,8.18
2026-09-03T00:43:00+00:00,54.75,18.73,31.54,0.0,8.56
2026-09-03T00:44:00+00:00,31.26,14.19,30.11,0.0,8.18
2026-09-03T00:45:00+00:00,53.47,22.95,32.8,0.33,8.27
2026-09-03T00:46:00+00:00,53.32,23.38,34.67,0.07,8.18
2026-09-03T00:47:00+00:00,44.97,17.27,33.58,0.0,8.18
2026-09-03T00:48:00+00:00,41.1,15.85,31.1,0.0,8.45
2026-09-03T00:49:00+00:00,52.39,18.86,32.12,0.0,8.18
2026-09-03T00:50:00+00:00,25.81,8.03,33.61,0.0,8.42
2026-09-03T00:51:00+00:00,45.06,13.54,34.41,0.39,8.48
2026-09-03T00:52:00+00:00,34.97,16.26,31.43,0.0,8.18
2026-09-03T00:53:00+00:00,32.06,12.18,32.6,0.0,8.76
2026-09-03T00:54:00+00:00,25.81,9.99,33.96,0.0,8.75
2026-09-03T00:55:00+00:00,51.79,22.79,31.21,0.0,8.18
2026-09-03T00:56:00+00:00,38.1,14.27,36.1,0.0,8.78
2026-09-03T00:57:00+00:00,37.16,12.24,35.57,0.0,8.74
2026-09-03T00:58:00+00:00,25.81,11.29,33.78,0.25,8.57
2026-09-03T00:59:00+00:00,56.32,25.45,32.61,0.0,8.18
2026-09-03T01:00:00+00:00,62.71,34.08,33.3,0.0,8.34
2026-09-03T01:01:00+00:00,52.82,18.58,33.46,0.0,8.18
2026-09-03T01:02:00+00:00,43.35,14.67,31.6,0.0,8.18
2026-09-03T01:03:00+00:00,26.42,8.85,33.01,0.55,8.25
2026-09-03T01:04:00+00:00,57.77,27.63,35.37,0.0,8.74
2026-09-03T01:05:00+00:00,25.81,7.5,34.2,0.0,8.53
2026-09-03T01:06:00+00:00,57.58,23.52,31.91,0.0,8.18
2026-09-03T01:07:00+00:00,25.81,14.06,32.98,0.28,8.28
2026-09-03T01:08:00+00:00,55.26,21.93,34.51,0.0,8.31
2026-09-03T01:09:00+00:00,25.81,7.57,31.89,0.0,8.18
2026-09-03T01:10:00+00:00,35.84,12.3,30.94,0.0,8.18
2026-09-03T01:11:00+00:00,48.65,18.36,31.8,0.0,8.18
2026-09-03T01:12:00+00:00,60.29,26.46,34.33,0.0,8.3
2026-09-03T01:13:00+00:00,30.1,8.15,32.08,0.0,8.69
2026-09-03T01:14:00+00:00,53.13,17.74,32.55,0.0,8.18
2026-09-03T01:15:00+00:00,53.35,17.53,32.57,0.0,8.71
2026-09-03T01:16:00+00:00,39.9,10.48,33.97,0.0,8.35
2026-09-03T01:17:00+00:00,36.68,10.71,30.34,0.0,8.56
2026-09-03T01:18:00+00:00,57.98,21.0,35.51,0.0,8.18
2026-09-03T01:19:00+00:00,49.81,21.53,30.95,0.0,8.18
2026-09-03T01:20:00+00:00,45.61,15.92,30.11,0.0,8.18
2026-09-03T01:21:00+00:00,43.35,14.91,31.88,0.0,8.18
2026-09-03T01:22:00+00:00,48.9,21.28,31.97,0.24,8.4
2026-09-03T01:23:00+00:00,25.81,12.65,31.97,0.0,8.75
2026-09-03T01:24:00+00:00,37.42,17.59,32.93,0.0,8.29
2026-09-03T01:25:00+00:00,44.9,18.12,36.72,0.0,8.57
2026-09-03T01:26:00+00:00,52.51,21.21,32.32,0.15,8.52
2026-09-03T01:27:00+00:00,30.45,11.67,35.39,0.0,8.18
2026-09-03T01:28:00+00:00,59.9,30.56,30.74,0.0,8.18
2026-09-03T01:29:00+00:00,40.19,22.58,31.67,0.0,8.48
2026-09-03T01:30:00+00:00,25.81,7.78,35.13,0.0,8.18
2026-09-03T01:31:00+00:00,56.92,22.19,32.82,0.0,8.18
2026-09-03T01:32:00+00:00,53.53,21.98,33.42,0.0,8.75
2026-09-03T01:33:00+00:00,51.68,21.12,36.68,0.0,8.18
2026-09-03T01:34:00+00:00,25.81,8.44,33.76,0.0,8.19
2026-09-03T01:35:00+00:00,31.35,12.74,34.62,0.0,8.52
2026-09-03T01:36:00+00:00,41.19,14.58,29.95,0.0,8.26
2026-09-03T01:37:00+00:00,63.46,26.85,32.75,0.96,8.18
2026-09-03T01:38:00+00:00,36.16,17.1,33.89,0.0,8.18
2026-09-03T01:39:00+00:00,54.46,28.12,31.59,0.0,8.18
2026-09-03T01:40:00+00:00,57.61,23.4,31.88,0.0,8.34
2026-09-03T01:41:00+00:00,50.94,20.62,35.39,0.0,8.18
2026-09-03T01:42:00+00:00,25.81,8.04,32.08,0.0,8.25
2026-09-03T01:43:00+00:00,39.06,10.41,32.49,0.0,8.31
2026-09-03T01:44:00+00:00,35.61,7.5,35.23,0.0,8.68
2026-09-03T01:45:00+00:00,62.62,26.65,32.74,0.0,8.18
2026-09-03T01:46:00+00:00,50.46,23.45,33.51,0.44,8.67
2026-09-03T01:47:00+00:00,25.81,14.24,32.32,0.0,8.74
2026-09-03T01:48:00+00:00,53.1,23.01,35.59,0.19,8.18
2026-09-03T01:49:00+00:00,53.51,20.28,32.59,0.0,8.18
2026-09-03T01:50:00+00:00,60.93,29.13,32.79,0.0,8.19
2026-09-03T01:51:00+00:00,49.26,16.55,35.67,0.0,8.18
2026-09-03T01:52:00+00:00,25.81,7.5,31.99,0.0,8.42
2026-09-03T01:53:00+00:00,39.87,12.41,31.79,0.0,8.18
2026-09-03T01:54:00+00:00,61.3,29.62,32.48,0.0,8.18
2026-09-03T01:55:00+00:00,34.87,10.37,33.42,0.0,8.45
2026-09-03T01:56:00+00:00,37.94,9.16,32.75,0.0,8.49
2026-09-03T01:57:00+00:00,45.06,19.81,33.82,0.0,8.18
2026-09-03T01:58:00+00:00,37.61,14.76,34.01,0.61,8.74
2026-09-03T01:59:00+00:00,48.58,17.54,30.89,0.0,8.18
2026-09-03T02:00:00+00:00,52.79,20.29,32.33,0.0,8.18
2026-09-03T02:01:00+00:00,62.32,26.93,32.05,0.72,8.18
2026-09-03T02:02:00+00:00,55.04,24.79,33.25,0.0,8.18
2026-09-03T02:03:00+00:00,42.26,12.59,32.89,0.05,8.18
2026-09-03T02:04:00+00:00,52.48,20.56,31.07,0.0,8.75
2026-09-03T02:05:00+00:00,25.81,10.77,35.37,0.15,8.35
2026-09-03T02:06:00+00:00,51.75,22.29,33.02,0.0,8.18
2026-09-03T02:07:00+00:00,39.16,15.24,35.08,0.0,8.77
2026-09-03T02:08:00+00:00,25.81,9.79,32.0,0.0,8.18
2026-09-03T02:09:00+00:00,50.5,20.36,32.72,0.0,8.18
2026-09-03T02:10:00+00:00,47.06,11.7,35.04,0.67,8.18
2026-09-03T02:11:00+00:00,25.81,9.15,34.33,0.0,8.62
2026-09-03T02:12:00+00:00,51.25,18.84,33.96,0.0,8.18
2026-09-03T02:13:00+00:00,66.18,33.21,35.77,0.0,8.18
2026-09-03T02:14:00+00:00,62.93,32.18,35.69,0.0,8.3
2026-09-03T02:15:00+00:00,37.87,12.79,34.19,0.33,8.55
2026-09-03T02:16:00+00:00,48.97,14.93,33.06,0.76,8.35
2026-09-03T02:17:00+00:00,38.87,12.44,31.59,0.28,8.18
2026-09-03T02:18:00+00:00,44.71,15.33,36.2,0.0,8.18
2026-09-03T02:19:00+00:00,50.79,15.91,32.88,0.0,8.56
2026-09-03T02:20:00+00:00,42.61,10.07,32.8,0.0,8.18
2026-09-03T02:21:00+00:00,49.0,15.06,32.66,0.14,8.18
2026-09-03T02:22:00+00:00,42.29,15.76,31.58,0.0,8.18
2026-09-03T02:23:00+00:00,55.43,23.7,34.62,0.0,8.18
2026-09-03T02:24:00+00:00,44.74,16.68,30.16,0.0,8.35
2026-09-03T02:25:00+00:00,61.63,31.69,34.11,0.0,8.19
2026-09-03T02:26:00+00:00,40.71,19.04,33.94,0.0,8.18
2026-09-03T02:27:00+00:00,25.81,12.92,32.76,0.0,8.46
2026-09-03T02:28:00+00:00,53.76,21.36,31.56,0.0,8.26
2026-09-03T02:29:00+00:00,60.58,27.55,30.64,0.0,8.63
2026-09-03T02:30:00+00:00,51.44,18.07,27.54,0.29,8.67
2026-09-03T02:31:00+00:00,39.77,14.63,33.03,0.0,8.36
2026-09-03T02:32:00+00:00,52.04,16.31,34.86,0.0,8.18
2026-09-03T02:33:00+00:00,41.48,16.23,34.75,0.0,8.18
2026-09-03T02:34:00+00:00,41.81,14.62,30.36,0.24,8.68
2026-09-03T02:35:00+00:00,53.38,19.31,35.52,0.0,8.18
2026-09-03T02:36:00+00:00,65.44,31.87,30.79,0.0,8.6
2026-09-03T02:37:00+00:00,37.39,16.14,32.52,0.0,8.78
2026-09-03T02:38:00+00:00,51.78,20.16,35.36,0.11,8.6
2026-09-03T02:39:00+00:00,25.81,11.11,31.76,0.0,8.61
2026-09-03T02:40:00+00:00,50.4,15.3,32.45,0.0,8.18
2026-09-03T02:41:00+00:00,51.72,19.64,33.34,0.0,8.18
2026-09-03T02:42:00+00:00,54.46,20.09,34.2,0.0,8.41
2026-09-03T02:43:00+00:00,42.26,12.88,33.92,0.0,8.79
2026-09-03T02:44:00+00:00,48.06,15.75,30.96,0.19,8.18
2026-09-03T02:45:00+00:00,52.67,20.62,31.38,0.0,8.18
2026-09-03T02:46:00+00:00,48.81,17.71,33.96,0.11,8.64
2026-09-03T02:47:00+00:00,49.06,15.68,33.3,0.0,8.46
2026-09-03T02:48:00+00:00,43.84,16.19,32.36,0.0,8.18
2026-09-03T02:49:00+00:00,52.72,18.95,33.97,0.0,8.28
2026-09-03T02:50:00+00:00,51.77,17.92,34.47,0.67,8.22
2026-09-03T02:51:00+00:00,25.81,7.7,34.5,0.0,8.18
2026-09-03T02:52:00+00:00,39.29,13.78,33.84,0.19,8.7
2026-09-03T02:53:00+00:00,58.72,27.9,35.18,0.0,8.57
2026-09-03T02:54:00+00:00,36.16,13.04,32.09,0.0,8.18
2026-09-03T02:55:00+00:00,45.71,16.36,34.62,0.58,8.33
2026-09-03T02:56:00+00:00,61.8,29.7,33.19,0.0,8.31
2026-09-03T02:57:00+00:00,51.25,19.63,30.42,0.0,8.18
2026-09-03T02:58:00+00:00,54.96,24.95,31.29,0.0,8.45
2026-09-03T02:59:00+00:00,41.74,16.88,31.49,0.0,8.59
2026-09-03T03:00:00+00:00,46.55,15.29,34.24,0.0,8.18
2026-09-03T03:01:00+00:00,25.81,9.92,32.32,0.0,8.18
2026-09-03T03:02:00+00:00,32.26,7.5,34.96,0.15,8.6
2026-09-03T03:03:00+00:00,42.52,15.78,30.09,0.0,8.18
2026-09-03T03:04:00+00:00,25.81,13.6,32.23,0.0,8.44
2026-09-03T03:05:00+00:00,55.56,19.2,31.97,0.42,8.18
2026-09-03T03:06:00+00:00,31.1,11.65,33.25,0.09,8.51
2026-09-03T03:07:00+00:00,54.04,19.17,33.59,0.0,8.68
2026-09-03T03:08:00+00:00,33.94,14.65,65.56,0.0,8.18
2026-09-03T03:09:00+00:00,54.29,17.07,72.13,0.0,8.3
2026-09-03T03:10:00+00:00,51.98,22.03,68.07,0.0,8.68
2026-09-03T03:11:00+00:00,59.52,25.94,67.55,0.0,8.18
2026-09-03T03:12:00+00:00,28.94,12.47,68.07,0.34,8.18
2026-09-03T03:13:00+00:00,57.33,27.17,70.34,0.0,8.58
2026-09-03T03:14:00+00:00,28.77,8.3,63.78,0.0,8.18
2026-09-03T03:15:00+00:00,50.84,17.1,70.31,0.0,8.18
2026-09-03T03:16:00+00:00,52.91,18.05,63.8,0.0,8.18
2026-09-03T03:17:00+00:00,46.45,15.93,67.43,0.24,8.18
2026-09-03T03:18:00+00:00,51.74,15.52,69.21,0.0,8.56
2026-09-03T03:19:00+00:00,57.76,26.68,69.57,0.0,8.78
2026-09-03T03:20:00+00:00,32.87,11.84,67.83,0.11,8.26
2026-09-03T03:21:00+00:00,42.94,17.4,71.71,0.0,8.18
2026-09-03T03:22:00+00:00,57.67,19.55,67.11,0.29,8.18
2026-09-03T03:23:00+00:00,67.16,34.74,66.17,0.0,8.18
2026-09-03T03:24:00+00:00,25.81,8.11,31.09,0.0,8.18
2026-09-03T03:25:00+00:00,53.01,23.48,32.05,0.13,8.57
2026-09-03T03:26:00+00:00,60.04,28.68,32.01,0.94,8.18
2026-09-03T03:27:00+00:00,51.25,24.58,33.19,0.54,8.25
2026-09-03T03:28:00+00:00,53.96,18.15,34.49,0.0,8.42
2026-09-03T03:29:00+00:00,51.87,20.31,34.3,0.0,8.59
2026-09-03T03:30:00+00:00,27.55,8.73,33.14,0.0,8.18
2026-09-03T03:31:00+00:00,51.27,16.32,33.52,0.0,8.38
2026-09-03T03:32:00+00:00,56.07,21.16,35.29,0.39,8.18
2026-09-03T03:33:00+00:00,50.95,21.74,31.8,0.0,8.18
2026-09-03T03:34:00+00:00,37.29,10.95,33.64,0.0,8.6
2026-09-03T03:35:00+00:00,51.44,21.01,30.61,0.21,8.18
2026-09-03T03:36:00+00:00,44.71,14.94,30.98,0.0,8.56
2026-09-03T03:37:00+00:00,51.7,12.46,32.53,0.0,8.18
2026-09-03T03:38:00+00:00,43.06,10.48,34.35,0.0,8.75
2026-09-03T03:39:00+00:00,51.94,22.93,34.79,0.0,8.18
2026-09-03T03:40:00+00:00,49.77,16.06,35.71,0.0,8.68
2026-09-03T03:41:00+00:00,54.87,19.94,35.46,0.69,8.18
2026-09-03T03:42:00+00:00,41.81,11.1,30.63,0.0,8.18
2026-09-03T03:43:00+00:00,52.86,21.86,30.67,0.0,8.18
2026-09-03T03:44:00+00:00,38.06,10.93,30.52,0.0,8.48
2026-09-03T03:45:00+00:00,48.52,17.34,34.62,0.0,8.18
2026-09-03T03:46:00+00:00,53.86,22.46,30.31,0.0,8.18
2026-09-03T03:47:00+00:00,57.04,31.54,31.38,0.0,8.18
2026-09-03T03:48:00+00:00,39.77,11.06,35.18,0.0,8.18
2026-09-03T03:49:00+00:00,57.78,23.77,33.69,0.64,8.18
2026-09-03T03:50:00+00:00,49.52,20.06,30.93,0.0,8.18
2026-09-03T03:51:00+00:00,51.79,21.07,32.75,0.07,8.7
2026-09-03T03:52:00+00:00,25.81,7.5,37.57,0.0,8.18
2026-09-03T03:53:00+00:00,40.58,16.92,29.89,0.0,8.61
2026-09-03T03:54:00+00:00,43.87,16.48,32.69,0.0,8.77
2026-09-03T03:55:00+00:00,39.65,8.45,35.68,0.0,8.33
2026-09-03T03:56:00+00:00,55.96,22.43,32.59,0.65,8.35
2026-09-03T03:57:00+00:00,50.7,15.57,32.56,0.0,8.18
2026-09-03T03:58:00+00:00,57.59,22.89,35.17,0.0,8.18
2026-09-03T03:59:00+00:00,46.48,14.39,33.47,0.0,8.76
2026-09-03T04:00:00+00:00,44.77,19.76,33.88,0.03,8.18
2026-09-03T04:01:00+00:00,44.26,19.55,33.34,0.08,8.18
2026-09-03T04:02:00+00:00,50.59,19.89,35.09,0.0,8.44
2026-09-03T04:03:00+00:00,51.84,20.76,31.97,0.0,8.18
2026-09-03T04:04:00+00:00,56.29,22.16,88.6,0.0,8.18
2026-09-03T04:05:00+00:00,53.7,17.4,82.82,0.0,8.66
2026-09-03T04:06:00+00:00,51.37,15.59,85.97,0.0,8.18
2026-09-03T04:07:00+00:00,49.19,10.92,87.48,0.0,8.18
2026-09-03T04:08:00+00:00,56.17,23.44,82.76,0.0,8.46
2026-09-03T04:09:00+00:00,33.9,11.92,82.43,0.21,8.69
2026-09-03T04:10:00+00:00,44.03,13.31,87.61,0.0,8.36
2026-09-03T04:11:00+00:00,25.81,9.5,83.67,0.0,8.18
2026-09-03T04:12:00+00:00,35.84,10.64,79.95,0.39,8.18
2026-09-03T04:13:00+00:00,45.87,10.28,90.03,0.0,8.47
2026-09-03T04:14:00+00:00,43.26,15.54,82.91,0.66,8.18
2026-09-03T04:15:00+00:00,46.55,14.54,85.21,0.0,8.18
2026-09-03T04:16:00+00:00,39.35,16.46,82.85,0.0,8.38
2026-09-03T04:17:00+00:00,51.4,21.63,79.74,0.05,8.18
2026-09-03T04:18:00+00:00,42.58,13.31,78.95,0.0,8.18
2026-09-03T04:19:00+00:00,45.29,19.3,81.97,0.0,8.18
2026-09-03T04:20:00+00:00,47.32,19.66,80.81,0.0,8.18
2026-09-03T04:21:00+00:00,56.5,21.56,87.04,0.0,8.68
2026-09-03T04:22:00+00:00,51.62,14.72,91.36,0.0,8.18
2026-09-03T04:23:00+00:00,48.87,20.14,83.54,0.0,8.71
2026-09-03T04:24:00+00:00,33.9,9.26,85.69,0.78,8.19
2026-09-03T04:25:00+00:00,49.55,16.49,36.08,0.0,8.18
2026-09-03T04:26:00+00:00,41.58,14.28,33.34,0.0,8.19
2026-09-03T04:27:00+00:00,34.77,14.35,34.37,0.0,8.18
2026-09-03T04:28:00+00:00,50.25,22.63,32.68,0.0,8.32
2026-09-03T04:29:00+00:00,54.51,23.34,32.06,0.0,8.65
2026-09-03T04:30:00+00:00,51.54,19.87,34.35,0.3,8.66
2026-09-03T04:31:00+00:00,50.4,20.74,35.14,0.0,8.51
2026-09-03T04:32:00+00:00,31.13,10.42,32.76,0.31,8.62
2026-09-03T04:33:00+00:00,45.87,16.86,32.81,0.0,8.18
2026-09-03T04:34:00+00:00,51.69,16.83,34.86,0.21,8.18
2026-09-03T04:35:00+00:00,52.63,25.33,33.16,0.0,8.18
2026-09-03T04:36:00+00:00,61.95,24.15,32.57,0.0,8.18
2026-09-03T04:37:00+00:00,51.19,15.24,34.61,0.04,8.77
2026-09-03T04:38:00+00:00,51.79,23.29,31.53,0.0,8.28
2026-09-03T04:39:00+00:00,38.29,14.9,31.69,0.0,8.8
2026-09-03T04:40:00+00:00,51.24,17.69,36.24,0.48,8.18
2026-09-03T04:41:00+00:00,39.23,9.75,30.88,0.0,8.33
2026-09-03T04:42:00+00:00,50.84,16.61,30.95,0.0,8.18
2026-09-03T04:43:00+00:00,44.45,14.15,31.4,0.0,8.22
2026-09-03T04:44:00+00:00,46.23,12.83,33.25,0.0,8.18
2026-09-03T04:45:00+00:00,47.19,16.08,34.43,0.0,8.65
2026-09-03T04:46:00+00:00,41.52,12.13,37.66,0.33,8.24
2026-09-03T04:47:00+00:00,50.84,20.24,33.45,0.41,8.62
2026-09-03T04:48:00+00:00,56.28,28.27,33.25,0.0,8.18
2026-09-03T04:49:00+00:00,56.17,20.74,34.87,0.0,8.18
2026-09-03T04:50:00+00:00,51.03,15.2,34.36,0.47,8.18
2026-09-03T04:51:00+00:00,56.18,27.14,34.68,0.0,8.61
2026-09-03T04:52:00+00:00,45.48,17.38,31.26,0.0,8.67
2026-09-03T04:53:00+00:00,48.1,23.3,31.95,0.0,8.68
2026-09-03T04:54:00+00:00,51.94,18.41,31.2,0.0,8.55
2026-09-03T04:55:00+00:00,40.13,18.01,30.98,0.41,8.28
2026-09-03T04:56:00+00:00,56.58,25.62,35.07,0.0,8.18
2026-09-03T04:57:00+00:00,54.45,21.68,35.82,0.0,8.18
2026-09-03T04:58:00+00:00,53.35,23.4,31.14,0.0,8.18
2026-09-03T04:59:00+00:00,36.35,12.07,35.19,0.0,8.3
2026-09-03T05:00:00+00:00,50.86,16.03,32.74,0.47,8.18
2026-09-03T05:01:00+00:00,52.18,17.65,34.41,0.0,8.18
2026-09-03T05:02:00+00:00,47.55,17.86,34.47,0.0,8.18
2026-09-03T05:03:00+00:00,55.13,18.07,31.48,0.0,8.6
2026-09-03T05:04:00+00:00,44.35,18.69,33.8,0.0,8.18
2026-09-03T05:05:00+00:00,53.58,20.89,34.4,0.0,8.59
2026-09-03T05:06:00+00:00,52.36,16.41,32.16,0.0,8.18
2026-09-03T05:07:00+00:00,37.39,13.76,35.81,0.0,8.2
2026-09-03T05:08:00+00:00,52.73,19.67,35.23,0.0,8.18
2026-09-03T05:09:00+00:00,52.51,16.8,32.78,0.0,8.46
2026-09-03T05:10:00+00:00,51.14,12.49,31.49,0.09,8.18
2026-09-03T05:11:00+00:00,52.77,15.58,32.49,0.11,8.6
2026-09-03T05:12:00+00:00,46.42,14.17,31.67,0.0,8.43
2026-09-03T05:13:00+00:00,52.62,17.02,33.59,0.12,8.29
2026-09-03T05:14:00+00:00,55.85,23.1,33.94,0.22,8.72
2026-09-03T05:15:00+00:00,50.69,19.68,32.35,0.0,8.18
2026-09-03T05:16:00+00:00,49.03,14.7,32.97,0.0,8.47
2026-09-03T05:17:00+00:00,51.57,20.38,34.57,0.25,8.18
2026-09-03T05:18:00+00:00,25.81,7.5,30.78,0.54,8.65
2026-09-03T05:19:00+00:00,41.19,12.42,32.68,0.41,8.47
2026-09-03T05:20:00+00:00,34.55,9.8,34.92,0.0,8.41
2026-09-03T05:21:00+00:00,47.68,16.13,34.08,0.0,8.73
2026-09-03T05:22:00+00:00,31.52,7.5,34.44,0.0,8.18
2026-09-03T05:23:00+00:00,51.24,17.13,30.43,0.0,8.18
2026-09-03T05:24:00+00:00,41.65,17.64,32.6,0.0,8.18
2026-09-03T05:25:00+00:00,52.27,16.79,32.26,0.0,8.18
2026-09-03T05:26:00+00:00,35.52,10.45,34.31,0.0,8.18
2026-09-03T05:27:00+00:00,51.09,15.61,34.46,0.0,8.5
2026-09-03T05:28:00+00:00,45.58,14.85,36.94,0.0,8.18
2026-09-03T05:29:00+00:00,43.65,18.69,31.83,0.0,8.18
2026-09-03T05:30:00+00:00,52.99,20.21,32.5,0.0,8.18
2026-09-03T05:31:00+00:00,51.18,17.37,32.66,0.0,8.4
2026-09-03T05:32:00+00:00,43.94,20.27,34.73,0.0,8.49
2026-09-03T05:33:00+00:00,46.16,16.29,32.24,0.68,8.18
2026-09-03T05:34:00+00:00,53.43,17.4,34.13,0.0,8.18
2026-09-03T05:35:00+00:00,53.73,26.1,32.99,0.0,8.62
2026-09-03T05:36:00+00:00,60.35,24.31,34.2,0.0,8.18
2026-09-03T05:37:00+00:00,51.45,22.03,33.86,0.0,8.18
2026-09-03T05:38:00+00:00,52.57,15.95,31.13,0.0,8.18
2026-09-03T05:39:00+00:00,26.52,7.5,32.44,0.0,8.18
2026-09-03T05:40:00+00:00,55.26,19.29,33.89,0.0,8.35
2026-09-03T05:41:00+00:00,46.84,21.83,35.72,0.0,8.18
2026-09-03T05:42:00+00:00,45.61,14.79,33.63,0.06,8.18
2026-09-03T05:43:00+00:00,52.98,19.16,32.29,0.37,8.18
2026-09-03T05:44:00+00:00,38.19,12.2,34.31,0.0,8.18
2026-09-03T05:45:00+00:00,48.74,13.8,36.63,0.74,8.18
2026-09-03T05:46:00+00:00,48.71,22.18,34.98,0.0,8.61
2026-09-03T05:47:00+00:00,56.25,25.85,33.39,0.22,8.18
2026-09-03T05:48:00+00:00,53.57,21.78,32.39,0.39,8.56
2026-09-03T05:49:00+00:00,50.19,19.01,31.69,0.69,8.18
2026-09-03T05:50:00+00:00,41.42,15.58,32.91,0.0,8.79
2026-09-03T05:51:00+00:00,51.45,20.09,33.05,0.16,8.63
2026-09-03T05:52:00+00:00,50.91,23.47,35.11,0.0,8.19
2026-09-03T05:53:00+00:00,32.65,12.11,33.74,0.14,8.18
2026-09-03T05:54:00+00:00,36.32,14.14,35.12,0.09,8.78
2026-09-03T05:55:00+00:00,42.74,16.01,35.14,0.0,8.54
2026-09-03T05:56:00+00:00,53.7,19.34,33.98,0.0,8.18
2026-09-03T05:57:00+00:00,29.06,8.14,39.47,0.0,8.6
2026-09-03T05:58:00+00:00,36.32,15.33,34.39,0.0,8.67
2026-09-03T05:59:00+00:00,38.32,13.15,32.48,0.38,8.18
2026-09-03T06:00:00+00:00,46.42,13.22,32.58,0.0,8.41
2026-09-03T06:01:00+00:00,50.66,16.48,32.48,0.0,8.18
2026-09-03T06:02:00+00:00,35.61,16.83,34.67,0.25,8.18
2026-09-03T06:03:00+00:00,50.5,14.4,34.06,0.0,8.18
2026-09-03T06:04:00+00:00,33.0,14.5,34.15,0.0,8.18
2026-09-03T06:05:00+00:00,50.81,18.67,30.67,0.0,8.35
2026-09-03T06:06:00+00:00,52.26,21.38,33.88,0.64,8.62
2026-09-03T06:07:00+00:00,36.39,11.47,32.12,0.0,8.24
2026-09-03T06:08:00+00:00,50.36,14.57,29.56,0.0,8.18
2026-09-03T06:09:00+00:00,42.26,23.4,33.92,0.0,8.61
2026-09-03T06:10:00+00:00,56.64,27.81,30.26,0.21,8.18
2026-09-03T06:11:00+00:00,57.02,23.43,33.47,0.0,8.59
2026-09-03T06:12:00+00:00,36.55,13.36,34.91,0.0,8.18
2026-09-03T06:13:00+00:00,47.29,16.01,33.45,0.0,8.3
2026-09-03T06:14:00+00:00,40.71,15.28,32.83,0.64,8.21
2026-09-03T06:15:00+00:00,41.81,14.75,34.41,0.0,8.18
2026-09-03T06:16:00+00:00,53.96,23.18,35.0,0.0,8.18
2026-09-03T06:17:00+00:00,46.87,16.45,32.78,0.0,8.18
2026-09-03T06:18:00+00:00,50.2,16.14,36.27,0.0,8.79
2026-09-03T06:19:00+00:00,48.39,16.77,31.49,0.53,8.69
2026-09-03T06:20:00+00:00,45.68,20.27,32.79,0.12,8.78
2026-09-03T06:21:00+00:00,44.71,15.03,33.66,0.0,8.78
2026-09-03T06:22:00+00:00,48.9,19.09,32.68,0.0,8.44
2026-09-03T06:23:00+00:00,51.25,16.37,35.68,0.0,8.77
2026-09-03T06:24:00+00:00,50.54,22.04,36.34,0.0,8.18
2026-09-03T06:25:00+00:00,49.84,16.61,35.36,0.0,8.79
2026-09-03T06:26:00+00:00,53.05,18.17,31.56,0.0,8.18
2026-09-03T06:27:00+00:00,56.18,24.72,37.09,0.0,8.18
2026-09-03T06:28:00+00:00,51.45,16.75,35.76,0.0,8.22
2026-09-03T06:29:00+00:00,46.06,15.16,34.74,0.61,8.18
2026-09-03T06:30:00+00:00,47.29,12.42,35.74,0.0,8.22
2026-09-03T06:31:00+00:00,41.32,12.56,34.35,0.0,8.18
2026-09-03T06:32:00+00:00,32.03,13.89,33.98,0.0,8.18
2026-09-03T06:33:00+00:00,35.84,14.97,34.52,0.0,8.63
2026-09-03T06:34:00+00:00,44.0,12.77,30.58,0.0,8.18
2026-09-03T06:35:00+00:00,40.35,16.2,33.11,0.49,8.18
2026-09-03T06:36:00+00:00,47.58,13.57,35.63,0.0,8.25
2026-09-03T06:37:00+00:00,58.17,27.65,34.06,0.24,8.78
2026-09-03T06:38:00+00:00,50.51,17.89,34.48,0.0,8.52
2026-09-03T06:39:00+00:00,41.52,16.72,36.44,0.18,8.66
2026-09-03T06:40:00+00:00,50.61,21.32,35.39,0.0,8.18
2026-09-03T06:41:00+00:00,54.11,19.16,37.32,0.0,8.61
2026-09-03T06:42:00+00:00,53.77,19.24,35.82,0.17,8.18
2026-09-03T06:43:00+00:00,52.18,22.35,33.0,0.0,8.18
2026-09-03T06:44:00+00:00,36.68,11.94,35.77,0.0,8.46
2026-09-03T06:45:00+00:00,53.71,23.91,32.49,0.0,8.18
2026-09-03T06:46:00+00:00,43.0,15.93,34.23,0.02,8.18
2026-09-03T06:47:00+00:00,55.03,20.95,32.94,0.0,8.46
2026-09-03T06:48:00+00:00,50.28,17.87,38.44,0.0,8.18
2026-09-03T06:49:00+00:00,50.81,20.34,36.86,0.19,8.18
2026-09-03T06:50:00+00:00,52.38,19.39,35.44,0.0,8.18
2026-09-03T06:51:00+00:00,38.65,12.36,35.11,0.0,8.71
2026-09-03T06:52:00+00:00,43.0,18.82,35.01,0.0,8.18
2026-09-03T06:53:00+00:00,44.58,17.86,35.99,0.0,8.18
2026-09-03T06:54:00+00:00,43.9,14.56,33.53,0.0,8.22
2026-09-03T06:55:00+00:00,43.29,16.41,36.47,0.0,8.38
2026-09-03T06:56:00+00:00,43.42,14.17,35.64,0.1,8.57
2026-09-03T06:57:00+00:00,51.39,17.78,35.61,0.13,8.63
2026-09-03T06:58:00+00:00,31.48,16.05,34.41,0.0,8.58
2026-09-03T06:59:00+00:00,44.55,15.0,33.87,0.0,8.52
2026-09-03T07:00:00+00:00,49.45,22.19,34.39,0.0,8.18
2026-09-03T07:01:00+00:00,36.55,13.26,36.4,0.0,8.18
2026-09-03T07:02:00+00:00,41.19,13.23,35.86,0.11,8.62
2026-09-03T07:03:00+00:00,28.58,10.36,34.52,0.29,8.51
2026-09-03T07:04:00+00:00,53.42,19.56,35.69,0.0,8.18
2026-09-03T07:05:00+00:00,30.16,9.83,36.67,0.0,8.18
2026-09-03T07:06:00+00:00,53.7,15.21,33.48,0.34,8.51
2026-09-03T07:07:00+00:00,47.29,16.49,41.81,0.0,8.18
2026-09-03T07:08:00+00:00,41.03,10.18,35.28,0.0,8.65
2026-09-03T07:09:00+00:00,42.58,17.94,34.73,0.0,8.73
2026-09-03T07:10:00+00:00,51.27,23.72,36.25,0.0,8.64
2026-09-03T07:11:00+00:00,51.95,23.64,37.89,0.0,8.18
2026-09-03T07:12:00+00:00,49.03,15.04,38.24,0.7,8.18
2026-09-03T07:13:00+00:00,37.58,8.99,32.82,0.0,8.18
2026-09-03T07:14:00+00:00,51.73,18.4,36.36,0.0,8.18
2026-09-03T07:15:00+00:00,52.56,23.84,36.6,0.0,8.38
2026-09-03T07:16:00+00:00,39.23,15.93,37.08,0.0,8.28
2026-09-03T07:17:00+00:00,45.97,18.6,37.81,0.0,8.22
2026-09-03T07:18:00+00:00,31.61,10.38,34.91,0.0,8.18
2026-09-03T07:19:00+00:00,31.39,11.36,37.04,0.0,8.18
2026-09-03T07:20:00+00:00,31.55,12.19,35.9,0.0,8.29
2026-09-03T07:21:00+00:00,49.94,17.53,35.11,0.0,8.34
2026-09-03T07:22:00+00:00,49.94,17.9,36.18,0.0,8.18
2026-09-03T07:23:00+00:00,50.16,21.11,37.0,0.0,8.28
2026-09-03T07:24:00+00:00,49.71,17.46,38.4,0.57,8.66
2026-09-03T07:25:00+00:00,36.1,22.2,39.54,0.0,8.27
2026-09-03T07:26:00+00:00,49.13,15.65,35.33,0.0,8.18
2026-09-03T07:27:00+00:00,52.26,25.07,36.81,0.34,8.45
2026-09-03T07:28:00+00:00,51.72,22.76,37.19,0.0,8.18
2026-09-03T07:29:00+00:00,50.93,18.91,35.37,0.0,8.18
2026-09-03T07:30:00+00:00,45.52,14.31,38.4,0.0,8.18
2026-09-03T07:31:00+00:00,47.19,16.93,34.29,0.06,8.18
2026-09-03T07:32:00+00:00,47.1,16.96,35.83,0.0,8.18
2026-09-03T07:33:00+00:00,51.6,17.18,38.37,0.0,8.32
2026-09-03T07:34:00+00:00,42.45,16.02,37.18,0.44,8.7
2026-09-03T07:35:00+00:00,53.1,19.67,38.21,0.0,8.4
2026-09-03T07:36:00+00:00,51.8,21.47,31.96,0.0,8.18
2026-09-03T07:37:00+00:00,48.32,20.62,37.61,0.0,8.55
2026-09-03T07:38:00+00:00,57.59,28.39,33.61,0.0,8.18
2026-09-03T07:39:00+00:00,50.96,16.24,38.79,0.0,8.18
2026-09-03T07:40:00+00:00,52.33,18.23,35.34,0.0,8.77
2026-09-03T07:41:00+00:00,42.58,10.39,34.65,0.0,8.6
2026-09-03T07:42:00+00:00,50.04,20.1,35.44,0.0,8.45
2026-09-03T07:43:00+00:00,43.06,15.55,39.31,0.0,8.18
2026-09-03T07:44:00+00:00,49.29,14.67,38.54,0.0,8.55
2026-09-03T07:45:00+00:00,50.36,16.46,37.89,0.0,8.18
2026-09-03T07:46:00+00:00,50.68,14.51,36.55,0.0,8.53
2026-09-03T07:47:00+00:00,54.02,22.64,38.7,0.46,8.51
2026-09-03T07:48:00+00:00,41.16,13.66,36.66,0.0,8.3
2026-09-03T07:49:00+00:00,52.47,22.21,36.32,0.62,8.6
2026-09-03T07:50:00+00:00,42.45,16.57,38.2,0.54,8.34
2026-09-03T07:51:00+00:00,51.74,20.09,40.09,0.0,8.48
2026-09-03T07:52:00+00:00,52.51,16.66,36.94,0.54,8.3
2026-09-03T07:53:00+00:00,39.1,15.39,36.52,0.0,8.58
2026-09-03T07:54:00+00:00,43.13,19.52,38.79,0.0,8.47
2026-09-03T07:55:00+00:00,45.84,15.9,34.13,0.0,8.39
2026-09-03T07:56:00+00:00,42.61,18.42,37.15,0.0,8.58
2026-09-03T07:57:00+00:00,50.23,18.52,40.12,0.38,8.84
2026-09-03T07:58:00+00:00,48.0,17.23,38.01,0.0,8.83
2026-09-03T07:59:00+00:00,56.64,18.09,34.39,0.0,8.75
2026-09-03T08:00:00+00:00,50.18,15.04,38.69,0.04,8.61
2026-09-03T08:01:00+00:00,40.23,12.01,39.39,0.0,8.53
2026-09-03T08:02:00+00:00,47.52,21.15,35.32,0.0,9.14
2026-09-03T08:03:00+00:00,40.45,17.01,41.93,0.0,9.06
2026-09-03T08:04:00+00:00,50.55,21.95,38.41,0.0,8.91
2026-09-03T08:05:00+00:00,45.84,19.63,35.98,0.0,8.97
2026-09-03T08:06:00+00:00,47.13,15.54,39.93,1.02,9.38
2026-09-03T08:07:00+00:00,48.9,21.6,36.79,0.0,8.7
2026-09-03T08:08:00+00:00,33.71,14.76,37.96,0.18,8.46
2026-09-03T08:09:00+00:00,37.32,17.29,34.93,0.0,9.54
2026-09-03T08:10:00+00:00,40.81,14.55,37.72,0.0,8.74
2026-09-03T08:11:00+00:00,53.42,12.6,40.06,0.29,9.79
2026-09-03T08:12:00+00:00,50.69,20.17,37.33,0.0,9.34
2026-09-03T08:13:00+00:00,49.55,16.81,36.43,0.0,8.7
2026-09-03T08:14:00+00:00,55.03,19.17,37.82,0.0,8.53
2026-09-03T08:15:00+00:00,42.06,12.61,39.67,0.0,8.75
2026-09-03T08:16:00+00:00,52.43,17.24,38.45,0.43,8.69
2026-09-03T08:17:00+00:00,38.52,12.66,38.64,0.0,8.6
2026-09-03T08:18:00+00:00,48.61,16.05,37.03,0.0,9.95
2026-09-03T08:19:00+00:00,50.65,17.7,39.96,0.49,8.36
2026-09-03T08:20:00+00:00,54.67,22.95,39.25,0.0,8.42
2026-09-03T08:21:00+00:00,44.35,13.85,39.17,0.0,10.45
2026-09-03T08:22:00+00:00,54.79,15.22,38.32,0.0,8.78
2026-09-03T08:23:00+00:00,46.39,16.8,41.11,0.0,8.79
2026-09-03T08:24:00+00:00,52.53,18.82,39.83,0.0,10.14
2026-09-03T08:25:00+00:00,51.92,17.36,36.95,0.47,8.43
2026-09-03T08:26:00+00:00,50.5,18.79,39.45,0.0,8.55
2026-09-03T08:27:00+00:00,50.14,21.9,42.1,0.0,8.44
2026-09-03T08:28:00+00:00,36.48,11.08,42.23,0.42,8.5
2026-09-03T08:29:00+00:00,47.87,22.3,41.19,0.0,8.46
2026-09-03T08:30:00+00:00,54.94,26.1,39.93,0.0,10.03
2026-09-03T08:31:00+00:00,51.19,18.5,39.86,0.0,10.54
2026-09-03T08:32:00+00:00,54.96,19.51,42.4,0.0,11.03
2026-09-03T08:33:00+00:00,52.28,23.22,39.95,0.0,8.75
2026-09-03T08:34:00+00:00,55.89,24.57,39.84,0.0,8.43
2026-09-03T08:35:00+00:00,45.61,23.07,38.9,0.0,10.37
2026-09-03T08:36:00+00:00,48.48,14.05,39.85,0.0,8.76
2026-09-03T08:37:00+00:00,54.46,21.12,40.43,0.0,10.55
2026-09-03T08:38:00+00:00,53.2,19.7,44.12,0.0,8.48
2026-09-03T08:39:00+00:00,43.35,16.71,36.44,0.0,8.64
2026-09-03T08:40:00+00:00,35.97,7.52,41.15,0.0,8.39
2026-09-03T08:41:00+00:00,47.29,14.3,42.91,0.24,11.01
2026-09-03T08:42:00+00:00,33.52,11.72,38.08,0.72,8.34
2026-09-03T08:43:00+00:00,52.76,20.2,41.33,0.0,8.43
2026-09-03T08:44:00+00:00,55.05,25.54,39.23,0.0,12.32
2026-09-03T08:45:00+00:00,51.72,19.38,42.71,0.0,8.34
2026-09-03T08:46:00+00:00,50.31,16.58,47.39,0.0,11.23
2026-09-03T08:47:00+00:00,47.68,24.18,43.9,0.0,8.25
2026-09-03T08:48:00+00:00,47.84,13.18,42.94,0.03,11.01
2026-09-03T08:49:00+00:00,54.02,17.97,41.66,0.0,11.5
2026-09-03T08:50:00+00:00,45.0,18.53,43.86,0.0,8.25
2026-09-03T08:51:00+00:00,50.73,18.65,41.03,0.0,8.66
2026-09-03T08:52:00+00:00,47.29,17.01,41.03,0.06,8.69
2026-09-03T08:53:00+00:00,50.26,23.03,42.6,0.78,8.51
2026-09-03T08:54:00+00:00,40.68,16.87,38.55,0.0,8.45
2026-09-03T08:55:00+00:00,53.12,21.27,43.18,0.0,8.43
2026-09-03T08:56:00+00:00,50.8,19.28,40.55,0.0,8.45
2026-09-03T08:57:00+00:00,51.64,17.52,42.8,0.15,8.75
2026-09-03T08:58:00+00:00,45.06,15.1,43.21,0.0,11.77
2026-09-03T08:59:00+00:00,57.13,24.44,40.97,0.19,8.54
2026-09-03T09:00:00+00:00,52.01,14.98,44.17,0.0,8.75
2026-09-03T09:01:00+00:00,31.55,12.57,44.12,0.0,8.25
2026-09-03T09:02:00+00:00,38.19,9.97,39.67,0.53,8.63
2026-09-03T09:03:00+00:00,43.87,15.13,44.24,0.16,11.47
2026-09-03T09:04:00+00:00,55.49,20.88,45.79,0.0,8.36
2026-09-03T09:05:00+00:00,41.19,12.91,42.03,0.0,8.66
2026-09-03T09:06:00+00:00,44.1,13.74,43.64,0.0,8.4
2026-09-03T09:07:00+00:00,53.77,16.39,45.11,0.0,8.31
2026-09-03T09:08:00+00:00,44.03,16.23,41.57,0.08,13.67
2026-09-03T09:09:00+00:00,54.44,20.05,44.11,0.0,8.23
2026-09-03T09:10:00+00:00,45.87,16.49,41.82,0.0,8.54
2026-09-03T09:11:00+00:00,39.03,14.88,42.32,0.69,8.18
2026-09-03T09:12:00+00:00,45.97,20.87,39.62,0.0,8.74
2026-09-03T09:13:00+00:00,36.42,10.62,43.48,0.0,8.64
2026-09-03T09:14:00+00:00,50.26,17.21,40.3,0.51,13.92
2026-09-03T09:15:00+00:00,51.89,19.39,41.2,0.08,8.61
2026-09-03T09:16:00+00:00,38.81,14.7,43.68,0.0,12.85
2026-09-03T09:17:00+00:00,47.68,20.0,41.23,0.0,8.51
2026-09-03T09:18:00+00:00,51.24,16.52,41.7,0.0,8.75
2026-09-03T09:19:00+00:00,50.46,17.77,41.57,0.18,14.16
2026-09-03T09:20:00+00:00,54.59,23.29,43.63,0.0,8.74
2026-09-03T09:21:00+00:00,53.9,16.29,40.88,0.0,15.25
2026-09-03T09:22:00+00:00,50.56,14.43,47.51,0.17,8.79
2026-09-03T09:23:00+00:00,37.9,16.93,44.84,0.0,8.45
2026-09-03T09:24:00+00:00,53.33,22.34,44.11,0.0,8.33
2026-09-03T09:25:00+00:00,50.55,18.27,42.48,0.0,14.94
2026-09-03T09:26:00+00:00,50.11,20.44,44.76,0.0,15.85
2026-09-03T09:27:00+00:00,45.81,16.58,41.22,0.68,8.53
2026-09-03T09:28:00+00:00,46.26,17.51,43.0,0.0,13.96
2026-09-03T09:29:00+00:00,49.97,14.68,42.5,0.0,8.66
2026-09-03T09:30:00+00:00,52.48,19.76,44.25,0.0,8.62
2026-09-03T09:31:00+00:00,43.1,12.4,42.59,0.0,8.77
2026-09-03T09:32:00+00:00,52.41,18.86,41.77,0.0,13.63
2026-09-03T09:33:00+00:00,45.94,15.52,44.22,0.0,15.25
2026-09-03T09:34:00+00:00,45.39,20.08,43.74,0.0,13.57
2026-09-03T09:35:00+00:00,50.73,17.05,44.04,0.0,8.5
2026-09-03T09:36:00+00:00,41.26,14.09,43.37,0.07,14.01
2026-09-03T09:37:00+00:00,47.19,18.99,43.85,0.0,14.32
2026-09-03T09:38:00+00:00,47.06,19.42,44.3,0.0,8.69
2026-09-03T09:39:00+00:00,37.32,14.11,45.44,0.44,8.61
2026-09-03T09:40:00+00:00,54.07,21.24,46.54,0.0,17.32
2026-09-03T09:41:00+00:00,44.68,16.29,44.59,0.0,8.77
2026-09-03T09:42:00+00:00,50.7,17.11,44.81,0.0,8.7
2026-09-03T09:43:00+00:00,37.45,14.24,45.36,0.0,8.53
2026-09-03T09:44:00+00:00,33.61,7.5,43.48,0.65,14.28
2026-09-03T09:45:00+00:00,41.71,17.59,42.05,0.0,16.91
2026-09-03T09:46:00+00:00,55.11,16.1,42.22,0.45,14.23
2026-09-03T09:47:00+00:00,44.03,19.12,44.18,0.69,15.6
2026-09-03T09:48:00+00:00,50.38,18.07,45.55,0.0,8.26
2026-09-03T09:49:00+00:00,51.69,20.56,43.49,0.01,8.33
2026-09-03T09:50:00+00:00,51.73,17.7,43.54,0.0,18.82
2026-09-03T09:51:00+00:00,38.55,19.51,44.48,0.0,18.98
2026-09-03T09:52:00+00:00,54.06,17.28,40.14,0.0,15.25
2026-09-03T09:53:00+00:00,43.68,16.8,43.04,0.0,16.57
2026-09-03T09:54:00+00:00,47.45,13.97,45.29,0.42,8.2
2026-09-03T09:55:00+00:00,40.97,12.5,45.05,0.0,8.28
2026-09-03T09:56:00+00:00,39.68,18.25,41.12,0.0,16.49
2026-09-03T09:57:00+00:00,41.29,15.84,44.89,0.0,8.75
2026-09-03T09:58:00+00:00,46.23,17.09,43.38,0.17,15.52
2026-09-03T09:59:00+00:00,58.76,22.76,40.23,0.02,8.53
2026-09-03T10:00:00+00:00,31.58,9.15,41.4,0.0,8.63
2026-09-03T10:01:00+00:00,33.39,11.39,41.12,0.3,15.04
2026-09-03T10:02:00+00:00,49.35,13.47,41.9,0.0,8.42
2026-09-03T10:03:00+00:00,42.35,16.46,38.03,0.0,8.22
2026-09-03T10:04:00+00:00,35.0,11.91,44.21,0.0,17.03
2026-09-03T10:05:00+00:00,39.32,15.65,41.61,0.06,8.45
2026-09-03T10:06:00+00:00,47.97,25.12,47.23,0.0,8.49
2026-09-03T10:07:00+00:00,51.85,16.63,44.59,0.0,8.29
2026-09-03T10:08:00+00:00,51.7,21.3,44.95,0.0,8.25
2026-09-03T10:09:00+00:00,50.0,17.94,45.09,0.0,8.62
2026-09-03T10:10:00+00:00,38.0,14.39,49.02,0.0,16.27
2026-09-03T10:11:00+00:00,51.35,21.86,42.09,0.0,8.55
2026-09-03T10:12:00+00:00,49.58,14.82,43.61,0.0,15.65
2026-09-03T10:13:00+00:00,50.04,16.91,43.33,0.0,20.73
2026-09-03T10:14:00+00:00,51.99,16.33,44.49,0.0,21.32
2026-09-03T10:15:00+00:00,45.42,17.25,40.48,0.0,16.32
2026-09-03T10:16:00+00:00,47.68,15.24,43.08,0.0,8.34
2026-09-03T10:17:00+00:00,44.13,15.65,47.86,0.0,18.82
2026-09-03T10:18:00+00:00,32.35,15.28,43.6,0.0,8.74
2026-09-03T10:19:00+00:00,37.58,13.65,41.91,0.0,8.33
2026-09-03T10:20:00+00:00,44.26,14.38,43.24,0.0,8.52
2026-09-03T10:21:00+00:00,46.68,22.23,43.83,0.0,8.73
2026-09-03T10:22:00+00:00,48.71,16.0,41.87,0.01,17.51
2026-09-03T10:23:00+00:00,54.52,20.47,44.56,0.31,22.59
2026-09-03T10:24:00+00:00,55.69,31.53,45.97,0.0,17.63
2026-09-03T10:25:00+00:00,53.16,22.92,45.59,0.0,8.78
2026-09-03T10:26:00+00:00,50.19,14.47,41.17,0.0,8.68
2026-09-03T10:27:00+00:00,50.21,17.41,41.94,0.0,18.43
2026-09-03T10:28:00+00:00,52.86,17.78,45.74,0.0,8.2
2026-09-03T10:29:00+00:00,56.45,26.04,40.56,0.0,20.46
2026-09-03T10:30:00+00:00,56.2,21.18,42.45,0.48,17.69
2026-09-03T10:31:00+00:00,50.14,15.54,44.25,0.0,22.69
2026-09-03T10:32:00+00:00,41.29,20.87,38.78,0.0,8.43
2026-09-03T10:33:00+00:00,54.41,19.86,44.25,0.0,18.23
2026-09-03T10:34:00+00:00,53.56,20.19,45.1,0.0,19.6
2026-09-03T10:35:00+00:00,50.48,19.61,46.72,0.0,8.55
2026-09-03T10:36:00+00:00,52.37,19.18,42.88,0.0,8.75
2026-09-03T10:37:00+00:00,51.83,21.14,40.62,0.0,8.36
2026-09-03T10:38:00+00:00,44.81,15.04,46.42,0.0,21.71
2026-09-03T10:39:00+00:00,42.9,19.87,43.69,0.23,18.62
2026-09-03T10:40:00+00:00,45.97,14.63,41.47,0.0,21.12
2026-09-03T10:41:00+00:00,39.16,17.62,38.05,0.0,19.93
2026-09-03T10:42:00+00:00,46.29,18.39,40.1,0.0,8.6
2026-09-03T10:43:00+00:00,50.54,24.51,44.18,0.0,22.82
2026-09-03T10:44:00+00:00,34.06,14.6,42.05,0.0,8.47
2026-09-03T10:45:00+00:00,52.82,18.29,42.03,0.11,25.0
2026-09-03T10:46:00+00:00,51.74,23.62,44.48,0.0,8.22
2026-09-03T10:47:00+00:00,45.19,12.61,44.08,0.0,8.6
2026-09-03T10:48:00+00:00,40.52,22.59,40.41,0.0,8.2
2026-09-03T10:49:00+00:00,46.29,19.13,43.55,0.12,18.46
2026-09-03T10:50:00+00:00,37.61,12.71,42.21,0.0,8.53
2026-09-03T10:51:00+00:00,50.18,19.68,47.12,0.0,8.79
2026-09-03T10:52:00+00:00,42.13,17.71,45.49,0.0,18.12
2026-09-03T10:53:00+00:00,53.96,26.0,45.74,0.0,23.38
2026-09-03T10:54:00+00:00,39.58,14.54,42.57,0.0,18.54
2026-09-03T10:55:00+00:00,41.61,13.66,43.57,0.0,8.71
2026-09-03T10:56:00+00:00,50.74,18.6,42.58,0.14,22.69
2026-09-03T10:57:00+00:00,44.45,15.66,41.57,0.0,20.02
2026-09-03T10:58:00+00:00,49.58,20.84,41.3,0.0,25.73
2026-09-03T10:59:00+00:00,41.9,13.02,41.7,0.34,8.19
2026-09-03T11:00:00+00:00,48.65,15.45,44.38,0.09,23.36
2026-09-03T11:01:00+00:00,49.23,18.53,40.26,0.0,26.99
2026-09-03T11:02:00+00:00,53.06,19.46,42.56,0.0,22.57
2026-09-03T11:03:00+00:00,41.77,12.88,44.71,0.57,20.15
2026-09-03T11:04:00+00:00,49.32,15.01,39.55,0.05,25.49
2026-09-03T11:05:00+00:00,52.96,18.59,42.31,0.57,8.69
2026-09-03T11:06:00+00:00,52.17,18.43,41.34,0.0,8.39
2026-09-03T11:07:00+00:00,53.8,19.34,41.23,0.0,27.48
2026-09-03T11:08:00+00:00,53.27,18.86,41.06,0.0,26.73
2026-09-03T11:09:00+00:00,55.31,20.87,43.17,0.49,8.25
2026-09-03T11:10:00+00:00,40.97,15.15,42.89,0.0,21.88
2026-09-03T11:11:00+00:00,40.77,11.68,41.85,0.0,8.67
2026-09-03T11:12:00+00:00,51.64,23.57,43.06,0.0,28.22
2026-09-03T11:13:00+00:00,52.29,19.91,41.6,0.17,22.39
2026-09-03T11:14:00+00:00,53.25,17.08,38.81,0.0,8.65
2026-09-03T11:15:00+00:00,52.59,20.54,42.19,0.0,20.46
2026-09-03T11:16:00+00:00,53.11,15.96,43.47,0.08,8.26
2026-09-03T11:17:00+00:00,41.55,15.88,41.94,0.0,8.7
2026-09-03T11:18:00+00:00,47.55,17.47,35.93,0.0,25.81
2026-09-03T11:19:00+00:00,47.35,16.83,41.91,0.43,8.61
2026-09-03T11:20:00+00:00,54.04,24.23,40.24,0.24,24.55
2026-09-03T11:21:00+00:00,53.18,13.87,35.77,0.08,8.45
2026-09-03T11:22:00+00:00,54.45,25.55,37.6,0.84,23.87
2026-09-03T11:23:00+00:00,42.65,18.96,41.13,0.87,24.36
2026-09-03T11:24:00+00:00,43.58,16.5,38.12,0.14,27.54
2026-09-03T11:25:00+00:00,41.84,17.9,37.46,0.0,8.21
2026-09-03T11:26:00+00:00,50.46,20.13,38.89,0.05,8.74
2026-09-03T11:27:00+00:00,50.44,19.29,43.34,0.04,8.43
2026-09-03T11:28:00+00:00,42.16,15.41,38.14,0.0,8.43
2026-09-03T11:29:00+00:00,49.87,21.27,39.06,0.0,25.96
2026-09-03T11:30:00+00:00,51.33,18.76,39.57,0.0,23.78
2026-09-03T11:31:00+00:00,42.42,11.97,40.16,0.36,27.38
2026-09-03T11:32:00+00:00,51.28,19.1,37.1,0.0,21.79
2026-09-03T11:33:00+00:00,38.94,13.09,37.68,0.0,8.43
2026-09-03T11:34:00+00:00,51.13,17.79,40.31,0.0,8.43
2026-09-03T11:35:00+00:00,36.0,9.84,39.71,0.0,8.25
2026-09-03T11:36:00+00:00,51.28,21.98,37.46,0.0,23.12
2026-09-03T11:37:00+00:00,46.77,13.11,37.16,0.0,24.83
2026-09-03T11:38:00+00:00,51.85,23.25,41.42,0.0,22.7
2026-09-03T11:39:00+00:00,50.3,16.3,41.59,0.38,8.47
2026-09-03T11:40:00+00:00,36.68,12.46,39.44,0.0,8.52
2026-09-03T11:41:00+00:00,50.39,15.78,42.01,0.01,8.43
2026-09-03T11:42:00+00:00,51.78,19.68,40.87,0.0,21.77
2026-09-03T11:43:00+00:00,49.94,16.27,40.02,0.07,8.31
2026-09-03T11:44:00+00:00,52.53,22.64,35.69,0.64,26.63
2026-09-03T11:45:00+00:00,41.26,16.52,37.72,0.51,8.44
2026-09-03T11:46:00+00:00,50.54,21.08,39.88,0.0,8.35
2026-09-03T11:47:00+00:00,45.42,14.88,36.78,0.0,8.71
2026-09-03T11:48:00+00:00,48.71,15.97,37.82,0.0,8.31
2026-09-03T11:49:00+00:00,50.39,17.5,36.48,0.0,24.08
2026-09-03T11:50:00+00:00,45.71,15.08,38.59,0.0,21.35
2026-09-03T11:51:00+00:00,52.51,15.68,39.95,0.18,27.8
2026-09-03T11:52:00+00:00,44.74,17.26,39.19,0.18,30.56
2026-09-03T11:53:00+00:00,41.97,14.32,38.69,0.24,8.64
2026-09-03T11:54:00+00:00,54.2,19.01,35.91,0.0,30.28
2026-09-03T11:55:00+00:00,39.84,13.07,37.22,0.0,24.08
2026-09-03T11:56:00+00:00,46.87,13.66,38.58,0.0,23.1
2026-09-03T11:57:00+00:00,52.94,18.46,38.17,0.0,8.57
2026-09-03T11:58:00+00:00,38.23,17.56,38.2,0.0,27.44
2026-09-03T11:59:00+00:00,46.19,16.51,39.34,0.2,8.57
2026-09-03T12:00:00+00:00,45.35,12.35,38.49,0.0,8.7
2026-09-03T12:01:00+00:00,52.16,25.38,35.58,0.0,8.46
2026-09-03T12:02:00+00:00,52.04,24.18,37.34,0.0,8.39
2026-09-03T12:03:00+00:00,51.37,16.6,39.65,0.0,8.76
2026-09-03T12:04:00+00:00,44.81,17.95,37.69,0.76,25.7
2026-09-03T12:05:00+00:00,46.13,16.57,38.46,0.0,8.22
2026-09-03T12:06:00+00:00,41.26,10.26,38.89,0.0,8.44
2026-09-03T12:07:00+00:00,39.52,14.24,39.16,0.17,8.52
2026-09-03T12:08:00+00:00,53.93,19.47,39.14,0.0,8.26
2026-09-03T12:09:00+00:00,51.13,18.55,38.64,0.0,8.42
2026-09-03T12:10:00+00:00,55.59,20.46,39.8,0.47,29.28
2026-09-03T12:11:00+00:00,53.4,19.84,36.32,0.34,32.09
2026-09-03T12:12:00+00:00,39.84,17.01,38.78,0.0,28.0
2026-09-03T12:13:00+00:00,36.13,12.29,37.72,0.26,8.32
2026-09-03T12:14:00+00:00,48.81,15.24,36.44,0.0,27.83
2026-09-03T12:15:00+00:00,50.16,15.84,33.9,0.07,8.6
2026-09-03T12:16:00+00:00,50.94,15.97,39.6,0.0,26.43
2026-09-03T12:17:00+00:00,52.03,14.22,36.63,0.0,24.09
2026-09-03T12:18:00+00:00,48.29,15.32,36.3,0.0,8.23
2026-09-03T12:19:00+00:00,57.18,18.95,35.41,0.0,29.98
2026-09-03T12:20:00+00:00,51.5,16.74,37.5,0.0,8.6
2026-09-03T12:21:00+00:00,50.71,20.28,39.59,0.0,26.9
2026-09-03T12:22:00+00:00,32.48,7.5,38.39,0.0,24.08
2026-09-03T12:23:00+00:00,55.54,24.77,33.58,0.0,8.68
2026-09-03T12:24:00+00:00,47.87,18.82,39.65,0.0,8.77
2026-09-03T12:25:00+00:00,51.63,14.95,34.53,0.09,8.32
2026-09-03T12:26:00+00:00,38.0,10.91,36.53,0.0,8.68
2026-09-03T12:27:00+00:00,50.29,18.25,36.39,0.0,32.74
2026-09-03T12:28:00+00:00,53.37,22.27,35.83,0.0,8.45
2026-09-03T12:29:00+00:00,51.27,17.93,34.65,0.36,26.47
2026-09-03T12:30:00+00:00,40.52,19.0,36.92,0.0,8.66
2026-09-03T12:31:00+00:00,46.58,14.53,36.05,0.4,8.52
2026-09-03T12:32:00+00:00,41.9,15.84,39.47,0.0,8.38
2026-09-03T12:33:00+00:00,53.72,20.4,37.39,0.0,8.19
2026-09-03T12:34:00+00:00,49.9,14.6,39.7,0.0,26.83
2026-09-03T12:35:00+00:00,54.75,24.14,33.11,0.0,24.98
2026-09-03T12:36:00+00:00,50.78,19.97,32.13,0.49,8.49
2026-09-03T12:37:00+00:00,53.47,18.01,36.55,0.0,8.71
2026-09-03T12:38:00+00:00,38.68,13.23,34.75,0.38,25.41
2026-09-03T12:39:00+00:00,44.68,18.06,36.92,0.0,25.23
2026-09-03T12:40:00+00:00,54.06,16.92,35.44,0.0,31.14
2026-09-03T12:41:00+00:00,50.29,20.32,35.03,0.0,8.52
2026-09-03T12:42:00+00:00,48.06,16.14,38.53,0.34,8.29
2026-09-03T12:43:00+00:00,40.39,15.09,36.49,0.0,31.36
2026-09-03T12:44:00+00:00,49.58,21.59,34.63,0.0,31.71
2026-09-03T12:45:00+00:00,51.43,29.9,38.65,0.0,8.43
2026-09-03T12:46:00+00:00,55.98,21.12,35.31,0.31,8.58
2026-09-03T12:47:00+00:00,45.32,19.11,34.23,0.0,28.51
2026-09-03T12:48:00+00:00,47.39,18.67,35.53,0.0,8.33
2026-09-03T12:49:00+00:00,53.77,17.41,37.61,0.53,8.37
2026-09-03T12:50:00+00:00,51.73,17.28,36.56,0.04,36.2
2026-09-03T12:51:00+00:00,51.34,24.95,36.13,0.0,8.63
2026-09-03T12:52:00+00:00,38.52,16.56,33.97,0.0,8.21
2026-09-03T12:53:00+00:00,51.19,17.68,38.07,0.0,30.03
2026-09-03T12:54:00+00:00,47.48,13.49,34.49,0.0,8.8
2026-09-03T12:55:00+00:00,38.68,10.67,33.65,0.0,8.27
2026-09-03T12:56:00+00:00,48.94,15.42,34.81,0.0,25.72
2026-09-03T12:57:00+00:00,50.68,21.46,34.58,0.07,30.06
2026-09-03T12:58:00+00:00,48.68,13.95,35.63,0.0,33.29
2026-09-03T12:59:00+00:00,52.06,20.42,35.91,0.79,36.05
2026-09-03T13:00:00+00:00,33.35,9.29,38.75,0.06,8.24
2026-09-03T13:01:00+00:00,39.39,12.02,36.89,0.0,8.35
2026-09-03T13:02:00+00:00,43.84,17.06,34.79,0.0,30.79
2026-09-03T13:03:00+00:00,36.58,14.85,36.35,0.0,8.47
2026-09-03T13:04:00+00:00,52.07,20.35,34.41,0.0,24.87
2026-09-03T13:05:00+00:00,45.19,18.6,34.44,0.0,29.25
2026-09-03T13:06:00+00:00,58.42,26.44,34.1,0.0,8.78
2026-09-03T13:07:00+00:00,51.14,18.68,31.93,0.54,8.67
2026-09-03T13:08:00+00:00,51.19,19.98,33.06,0.82,27.08
2026-09-03T13:09:00+00:00,50.34,19.81,34.92,0.45,36.18
2026-09-03T13:10:00+00:00,30.74,11.73,34.81,0.0,8.57
2026-09-03T13:11:00+00:00,43.35,11.66,33.51,0.15,8.6
2026-09-03T13:12:00+00:00,45.55,18.51,34.89,0.0,8.28
2026-09-03T13:13:00+00:00,57.39,26.59,33.87,0.0,8.59
2026-09-03T13:14:00+00:00,47.19,14.36,32.27,0.0,27.61
2026-09-03T13:15:00+00:00,53.87,24.33,33.84,0.08,24.44
2026-09-03T13:16:00+00:00,48.42,13.76,32.6,0.0,8.65
2026-09-03T13:17:00+00:00,51.68,21.83,34.88,0.0,33.03
2026-09-03T13:18:00+00:00,51.85,18.56,38.15,0.0,32.68
2026-09-03T13:19:00+00:00,51.32,14.32,35.95,0.0,8.51
2026-09-03T13:20:00+00:00,47.45,19.44,34.94,0.0,8.38
2026-09-03T13:21:00+00:00,40.74,12.62,29.57,0.0,8.21
2026-09-03T13:22:00+00:00,36.58,12.87,34.74,0.0,33.25
2026-09-03T13:23:00+00:00,51.13,16.29,33.48,0.0,8.68
2026-09-03T13:24:00+00:00,48.19,20.74,35.68,0.34,8.65
2026-09-03T13:25:00+00:00,50.1,18.61,34.98,0.76,8.43
2026-09-03T13:26:00+00:00,34.19,11.02,34.05,0.0,25.89
2026-09-03T13:27:00+00:00,50.13,17.46,34.09,0.69,8.3
2026-09-03T13:28:00+00:00,39.06,10.84,38.41,0.0,28.85
2026-09-03T13:29:00+00:00,51.55,21.15,31.46,0.0,8.73
2026-09-03T13:30:00+00:00,51.05,16.16,35.89,0.0,30.82
2026-09-03T13:31:00+00:00,41.16,11.32,32.73,0.0,8.53
2026-09-03T13:32:00+00:00,52.52,18.94,33.12,0.0,8.42
2026-09-03T13:33:00+00:00,57.11,25.12,33.14,0.0,8.75
2026-09-03T13:34:00+00:00,51.44,20.66,36.32,0.0,8.78
2026-09-03T13:35:00+00:00,53.66,21.42,33.96,0.0,8.65
2026-09-03T13:36:00+00:00,56.63,27.18,36.08,0.0,32.55
2026-09-03T13:37:00+00:00,45.74,14.02,33.69,0.0,8.51
2026-09-03T13:38:00+00:00,51.14,17.96,33.5,0.0,8.2
2026-09-03T13:39:00+00:00,39.52,17.62,38.84,0.0,8.8
2026-09-03T13:40:00+00:00,35.39,13.86,34.61,0.0,27.37
2026-09-03T13:41:00+00:00,43.9,15.3,31.86,0.0,36.38
2026-09-03T13:42:00+00:00,44.97,14.74,32.61,0.0,30.2
2026-09-03T13:43:00+00:00,48.48,14.81,35.31,0.0,8.52
2026-09-03T13:44:00+00:00,43.61,9.51,33.86,0.0,8.26
2026-09-03T13:45:00+00:00,37.68,11.97,34.28,0.32,8.7
2026-09-03T13:46:00+00:00,37.32,8.29,35.31,0.28,8.59
2026-09-03T13:47:00+00:00,49.55,18.35,34.58,0.13,27.65
2026-09-03T13:48:00+00:00,50.06,16.59,35.87,0.02,8.66
2026-09-03T13:49:00+00:00,44.45,15.76,35.14,0.0,31.21
2026-09-03T13:50:00+00:00,46.32,18.9,35.67,0.0,33.07
2026-09-03T13:51:00+00:00,33.06,11.49,35.65,0.0,32.32
2026-09-03T13:52:00+00:00,36.87,12.27,32.53,0.0,35.43
2026-09-03T13:53:00+00:00,42.48,15.95,34.35,0.0,8.51
2026-09-03T13:54:00+00:00,40.13,12.42,35.05,0.0,8.6
2026-09-03T13:55:00+00:00,57.31,27.95,33.33,0.0,8.45
2026-09-03T13:56:00+00:00,53.9,20.45,30.89,0.0,25.65
2026-09-03T13:57:00+00:00,34.16,7.5,33.86,0.0,8.35
2026-09-03T13:58:00+00:00,46.29,15.04,32.49,0.0,8.51
2026-09-03T13:59:00+00:00,50.23,19.9,32.25,0.0,8.31
2026-09-03T14:00:00+00:00,32.19,11.98,33.02,0.0,35.39
2026-09-03T14:01:00+00:00,41.84,13.68,34.83,0.5,8.19
2026-09-03T14:02:00+00:00,51.25,26.52,29.77,0.0,8.59
2026-09-03T14:03:00+00:00,46.32,13.96,32.08,0.0,8.49
2026-09-03T14:04:00+00:00,43.97,13.32,32.63,0.04,33.13
2026-09-03T14:05:00+00:00,38.29,9.63,34.4,0.0,8.35
2026-09-03T14:06:00+00:00,53.33,17.91,35.3,0.69,32.82
2026-09-03T14:07:00+00:00,40.16,14.35,35.37,0.0,8.45
2026-09-03T14:08:00+00:00,50.88,16.77,33.65,0.0,34.9
2026-09-03T14:09:00+00:00,51.74,18.76,34.23,0.28,27.82
2026-09-03T14:10:00+00:00,51.69,20.64,34.79,0.0,27.53
2026-09-03T14:11:00+00:00,42.03,16.97,33.45,0.0,8.25
2026-09-03T14:12:00+00:00,55.29,26.33,31.78,0.01,26.38
2026-09-03T14:13:00+00:00,54.77,21.6,34.06,0.0,34.28
2026-09-03T14:14:00+00:00,37.32,13.19,36.75,0.0,8.5
2026-09-03T14:15:00+00:00,47.65,16.75,33.9,0.0,31.1
2026-09-03T14:16:00+00:00,50.53,18.83,34.62,0.43,8.52
2026-09-03T14:17:00+00:00,52.06,19.15,34.46,0.0,8.51
2026-09-03T14:18:00+00:00,48.23,19.56,32.64,0.0,8.63
2026-09-03T14:19:00+00:00,52.59,19.99,34.44,0.0,8.33
2026-09-03T14:20:00+00:00,42.16,15.63,33.27,0.38,25.43
2026-09-03T14:21:00+00:00,43.39,13.16,35.48,0.0,34.95
2026-09-03T14:22:00+00:00,43.58,20.45,31.71,0.0,8.31
2026-09-03T14:23:00+00:00,52.71,21.52,35.3,0.0,8.66
2026-09-03T14:24:00+00:00,47.23,19.0,36.15,0.18,8.43
2026-09-03T14:25:00+00:00,48.65,19.89,31.65,0.0,8.67
2026-09-03T14:26:00+00:00,37.97,19.34,32.33,0.0,8.25
2026-09-03T14:27:00+00:00,50.95,15.02,34.67,0.0,27.73
2026-09-03T14:28:00+00:00,42.42,14.01,31.93,0.0,8.55
2026-09-03T14:29:00+00:00,47.1,14.26,33.29,0.0,26.68
2026-09-03T14:30:00+00:00,38.13,14.52,32.69,0.52,8.32
2026-09-03T14:31:00+00:00,51.53,18.89,32.37,0.0,27.23
2026-09-03T14:32:00+00:00,45.42,12.56,34.42,0.32,8.23
2026-09-03T14:33:00+00:00,44.77,17.73,28.93,0.0,8.61
2026-09-03T14:34:00+00:00,54.15,20.79,31.45,0.0,28.2
2026-09-03T14:35:00+00:00,57.57,18.66,35.21,0.0,8.38
2026-09-03T14:36:00+00:00,42.16,14.24,31.98,0.38,8.22
2026-09-03T14:37:00+00:00,48.52,16.69,33.11,0.0,24.26
2026-09-03T14:38:00+00:00,42.23,14.03,32.01,0.0,8.69
2026-09-03T14:39:00+00:00,49.97,17.61,35.88,0.0,8.65
2026-09-03T14:40:00+00:00,42.61,18.35,30.96,0.0,8.43
2026-09-03T14:41:00+00:00,51.27,18.6,33.5,0.0,29.33
2026-09-03T14:42:00+00:00,53.73,21.46,31.51,0.1,27.38
2026-09-03T14:43:00+00:00,44.26,17.86,32.27,0.37,22.47
2026-09-03T14:44:00+00:00,55.14,16.74,35.41,0.23,30.44
2026-09-03T14:45:00+00:00,45.52,15.35,32.94,0.33,8.24
2026-09-03T14:46:00+00:00,51.89,20.98,32.43,0.0,22.54
2026-09-03T14:47:00+00:00,47.06,17.56,34.74,0.0,8.35
2026-09-03T14:48:00+00:00,50.46,16.17,34.66,0.0,26.17
2026-09-03T14:49:00+00:00,51.77,23.03,33.34,0.0,24.95
2026-09-03T14:50:00+00:00,33.58,12.53,37.48,0.0,8.75
2026-09-03T14:51:00+00:00,32.71,15.72,35.51,0.0,26.46
2026-09-03T14:52:00+00:00,50.74,18.59,32.05,0.0,26.69
2026-09-03T14:53:00+00:00,53.67,22.05,34.36,0.0,25.07
2026-09-03T14:54:00+00:00,45.32,17.44,29.05,0.0,8.36
2026-09-03T14:55:00+00:00,51.53,16.91,36.89,0.0,8.47
2026-09-03T14:56:00+00:00,52.56,21.26,34.92,0.26,31.41
2026-09-03T14:57:00+00:00,56.24,24.07,34.59,0.0,8.28
2026-09-03T14:58:00+00:00,52.61,21.11,32.3,0.0,25.47
2026-09-03T14:59:00+00:00,32.55,9.48,34.9,0.02,27.79
2026-09-03T15:00:00+00:00,45.81,19.47,33.96,0.0,8.64
2026-09-03T15:01:00+00:00,45.97,13.66,34.64,0.41,8.49
2026-09-03T15:02:00+00:00,44.16,14.16,32.58,0.0,24.18
2026-09-03T15:03:00+00:00,50.44,22.56,35.21,0.0,8.54
2026-09-03T15:04:00+00:00,51.12,16.63,34.34,0.0,8.7
2026-09-03T15:05:00+00:00,47.35,24.19,35.04,0.0,30.98
2026-09-03T15:06:00+00:00,47.1,16.59,35.45,0.0,8.45
2026-09-03T15:07:00+00:00,52.56,19.31,35.98,0.0,25.95
2026-09-03T15:08:00+00:00,50.05,19.22,33.88,0.0,28.94
2026-09-03T15:09:00+00:00,41.97,13.09,34.27,0.0,8.79
2026-09-03T15:10:00+00:00,47.29,12.95,31.41,0.0,30.43
2026-09-03T15:11:00+00:00,45.23,15.65,34.21,0.0,8.28
2026-09-03T15:12:00+00:00,41.32,16.18,32.09,0.0,8.47
2026-09-03T15:13:00+00:00,43.55,12.89,31.8,0.0,27.2
2026-09-03T15:14:00+00:00,36.58,13.5,32.0,0.41,27.51
2026-09-03T15:15:00+00:00,45.77,17.72,34.0,0.0,8.24
2026-09-03T15:16:00+00:00,55.95,21.54,34.71,0.0,25.85
2026-09-03T15:17:00+00:00,52.88,18.09,36.79,0.0,30.17
2026-09-03T15:18:00+00:00,53.78,14.37,32.98,0.0,22.86
2026-09-03T15:19:00+00:00,39.42,14.53,36.42,0.03,22.93
2026-09-03T15:20:00+00:00,52.57,24.36,34.63,0.0,8.47
2026-09-03T15:21:00+00:00,39.23,15.95,35.0,0.0,23.23
2026-09-03T15:22:00+00:00,51.03,17.21,35.83,0.0,8.25
2026-09-03T15:23:00+00:00,47.1,13.7,35.5,0.0,8.28
2026-09-03T15:24:00+00:00,42.39,18.21,35.69,0.0,26.76
2026-09-03T15:25:00+00:00,52.57,18.02,36.82,0.0,20.9
2026-09-03T15:26:00+00:00,48.45,14.41,34.15,0.0,8.76
2026-09-03T15:27:00+00:00,50.08,16.09,33.45,0.0,8.62
2026-09-03T15:28:00+00:00,52.72,22.57,35.55,0.0,8.79
2026-09-03T15:29:00+00:00,43.55,16.59,35.01,0.0,8.19
2026-09-03T15:30:00+00:00,53.95,15.28,33.74,0.0,29.45
2026-09-03T15:31:00+00:00,51.7,22.38,31.4,0.1,21.85
2026-09-03T15:32:00+00:00,51.59,20.77,32.93,0.0,28.34
2026-09-03T15:33:00+00:00,53.61,19.39,33.71,0.06,8.61
2026-09-03T15:34:00+00:00,39.39,8.29,34.46,0.0,8.47
2026-09-03T15:35:00+00:00,50.21,16.92,34.48,0.0,8.3
2026-09-03T15:36:00+00:00,43.77,23.01,34.16,0.0,8.63
2026-09-03T15:37:00+00:00,54.62,21.66,29.94,0.57,8.68
2026-09-03T15:38:00+00:00,50.36,16.96,33.37,0.36,23.22
2026-09-03T15:39:00+00:00,44.52,14.35,31.7,0.0,8.4
2026-09-03T15:40:00+00:00,44.87,18.12,31.18,0.0,26.7
2026-09-03T15:41:00+00:00,37.74,18.77,32.41,0.0,8.18
2026-09-03T15:42:00+00:00,50.7,15.53,32.88,0.0,26.83
2026-09-03T15:43:00+00:00,48.39,15.24,36.18,0.0,27.17
2026-09-03T15:44:00+00:00,49.16,18.47,34.96,0.0,22.08
2026-09-03T15:45:00+00:00,45.35,15.11,36.83,0.0,8.66
2026-09-03T15:46:00+00:00,52.71,21.48,34.6,0.0,27.85
2026-09-03T15:47:00+00:00,50.03,17.02,33.34,0.0,19.38
2026-09-03T15:48:00+00:00,38.84,12.95,32.61,0.0,8.32
2026-09-03T15:49:00+00:00,48.03,15.44,34.89,0.56,21.65
2026-09-03T15:50:00+00:00,53.48,20.07,34.81,0.71,22.05
2026-09-03T15:51:00+00:00,44.52,13.69,36.23,0.0,8.35
2026-09-03T15:52:00+00:00,52.91,22.09,36.51,0.0,24.12
2026-09-03T15:53:00+00:00,42.13,19.56,33.13,0.28,8.59
2026-09-03T15:54:00+00:00,42.68,14.41,33.64,0.0,8.52
2026-09-03T15:55:00+00:00,50.19,21.62,36.05,0.19,20.52
2026-09-03T15:56:00+00:00,39.74,14.74,36.9,0.0,8.51
2026-09-03T15:57:00+00:00,44.9,18.22,36.81,0.0,8.51
2026-09-03T15:58:00+00:00,35.74,13.78,34.09,0.14,19.82
2026-09-03T15:59:00+00:00,41.52,18.43,32.2,0.0,23.98
2026-09-03T16:00:00+00:00,39.23,12.72,34.17,0.0,8.73
2026-09-03T16:01:00+00:00,28.48,7.5,34.89,0.11,8.78
2026-09-03T16:02:00+00:00,43.97,12.44,35.67,0.0,8.26
2026-09-03T16:03:00+00:00,51.44,16.36,33.12,0.0,19.12
2026-09-03T16:04:00+00:00,50.34,17.99,31.93,0.0,8.7
2026-09-03T16:05:00+00:00,50.06,17.25,36.69,0.0,8.46
2026-09-03T16:06:00+00:00,52.49,17.71,36.12,0.18,23.45
2026-09-03T16:07:00+00:00,37.71,11.68,37.18,0.0,8.72
2026-09-03T16:08:00+00:00,42.16,17.56,37.29,0.39,20.0
2026-09-03T16:09:00+00:00,51.7,18.0,33.65,0.31,8.75
2026-09-03T16:10:00+00:00,50.43,12.41,34.08,0.0,21.65
2026-09-03T16:11:00+00:00,54.75,24.22,38.01,0.0,8.61
2026-09-03T16:12:00+00:00,43.84,13.46,37.14,0.0,22.99
2026-09-03T16:13:00+00:00,52.77,21.54,33.26,0.0,21.26
2026-09-03T16:14:00+00:00,40.32,16.63,34.0,0.0,8.39
2026-09-03T16:15:00+00:00,39.19,13.17,32.43,0.0,8.7
2026-09-03T16:16:00+00:00,54.36,20.76,34.72,0.04,20.5
2026-09-03T16:17:00+00:00,53.55,18.52,34.03,0.24,8.41
2026-09-03T16:18:00+00:00,44.35,18.28,35.16,0.0,22.81
2026-09-03T16:19:00+00:00,40.0,10.9,36.64,0.0,8.7
2026-09-03T16:20:00+00:00,27.97,8.61,34.64,0.0,24.12
2026-09-03T16:21:00+00:00,39.84,13.69,37.96,0.0,8.71
2026-09-03T16:22:00+00:00,49.29,25.39,34.17,0.0,20.73
2026-09-03T16:23:00+00:00,29.65,9.83,35.77,0.0,8.37
2026-09-03T16:24:00+00:00,46.55,15.94,37.24,0.0,8.72
2026-09-03T16:25:00+00:00,50.93,17.4,35.55,0.47,8.35
2026-09-03T16:26:00+00:00,45.52,13.05,31.24,0.19,8.46
2026-09-03T16:27:00+00:00,51.59,16.8,34.51,0.61,8.64
2026-09-03T16:28:00+00:00,50.95,20.13,32.05,0.0,8.67
2026-09-03T16:29:00+00:00,34.32,11.83,34.38,0.0,23.09
2026-09-03T16:30:00+00:00,51.43,20.26,34.34,0.0,20.71
2026-09-03T16:31:00+00:00,55.08,20.96,32.74,0.0,16.94
2026-09-03T16:32:00+00:00,45.35,18.44,33.41,0.21,8.29
2026-09-03T16:33:00+00:00,48.45,19.81,37.27,0.02,8.62
2026-09-03T16:34:00+00:00,45.42,19.16,32.46,0.0,21.87
2026-09-03T16:35:00+00:00,52.71,27.02,33.37,0.0,8.51
2026-09-03T16:36:00+00:00,53.41,19.51,36.81,0.0,19.51
2026-09-03T16:37:00+00:00,51.97,16.66,33.3,0.53,8.57
2026-09-03T16:38:00+00:00,53.07,17.34,33.9,0.0,21.6
2026-09-03T16:39:00+00:00,48.32,15.57,35.32,0.0,17.0
2026-09-03T16:40:00+00:00,45.06,15.62,38.12,0.28,8.6
2026-09-03T16:41:00+00:00,50.34,16.14,33.7,0.0,15.9
2026-09-03T16:42:00+00:00,54.17,19.0,36.45,0.0,8.35
2026-09-03T16:43:00+00:00,40.71,14.67,33.78,0.59,21.73
2026-09-03T16:44:00+00:00,40.45,16.2,38.89,0.0,8.45
2026-09-03T16:45:00+00:00,50.76,18.71,35.88,0.0,8.29
2026-09-03T16:46:00+00:00,52.64,16.84,34.86,0.0,8.38
2026-09-03T16:47:00+00:00,46.65,21.15,36.25,0.0,8.68
2026-09-03T16:48:00+00:00,42.45,20.09,34.81,0.0,8.36
2026-09-03T16:49:00+00:00,50.88,17.08,38.49,0.0,8.55
2026-09-03T16:50:00+00:00,50.99,15.16,35.4,0.69,8.39
2026-09-03T16:51:00+00:00,48.42,18.12,36.22,0.21,18.41
2026-09-03T16:52:00+00:00,44.71,12.53,39.05,0.0,20.99
2026-09-03T16:53:00+00:00,52.63,25.87,35.76,0.0,8.33
2026-09-03T16:54:00+00:00,48.42,17.1,34.29,0.0,8.23
2026-09-03T16:55:00+00:00,38.26,14.69,35.61,0.73,16.19
2026-09-03T16:56:00+00:00,48.1,15.66,35.09,0.0,8.45
2026-09-03T16:57:00+00:00,53.63,20.72,34.25,0.37,18.63
2026-09-03T16:58:00+00:00,53.02,17.26,34.79,0.0,8.19
2026-09-03T16:59:00+00:00,42.03,14.16,36.01,0.0,8.64
2026-09-03T17:00:00+00:00,47.94,16.05,35.83,0.0,18.8
2026-09-03T17:01:00+00:00,52.28,17.0,35.1,0.07,8.26
2026-09-03T17:02:00+00:00,52.12,17.76,35.81,0.0,19.55
2026-09-03T17:03:00+00:00,51.23,22.82,34.55,0.0,8.77
2026-09-03T17:04:00+00:00,41.1,12.23,37.42,0.0,16.27
2026-09-03T17:05:00+00:00,46.26,17.01,38.91,0.0,8.29
2026-09-03T17:06:00+00:00,50.0,17.61,34.1,0.0,8.38
2026-09-03T17:07:00+00:00,53.78,20.51,36.43,0.0,8.6
2026-09-03T17:08:00+00:00,50.14,22.31,32.36,0.0,8.56
2026-09-03T17:09:00+00:00,48.77,14.98,36.08,0.0,8.19
2026-09-03T17:10:00+00:00,53.31,18.97,31.21,0.0,15.15
2026-09-03T17:11:00+00:00,43.32,20.62,37.77,0.0,16.47
2026-09-03T17:12:00+00:00,51.39,22.26,37.9,0.0,17.06
2026-09-03T17:13:00+00:00,50.86,15.21,37.08,0.0,17.83
2026-09-03T17:14:00+00:00,48.45,15.13,37.7,0.0,8.25
2026-09-03T17:15:00+00:00,58.68,24.33,35.07,0.0,8.74
2026-09-03T17:16:00+00:00,47.1,16.52,33.92,0.0,8.69
2026-09-03T17:17:00+00:00,51.83,19.24,36.27,0.0,14.32
2026-09-03T17:18:00+00:00,48.65,18.12,40.17,0.0,18.0
2026-09-03T17:19:00+00:00,42.35,15.75,36.94,0.23,8.77
2026-09-03T17:20:00+00:00,51.89,19.38,35.15,0.0,8.44
2026-09-03T17:21:00+00:00,29.55,13.17,37.8,0.06,8.33
2026-09-03T17:22:00+00:00,53.81,23.08,38.02,0.0,8.55
2026-09-03T17:23:00+00:00,47.55,15.43,35.12,0.28,8.38
2026-09-03T17:24:00+00:00,51.42,14.5,37.81,0.0,15.76
2026-09-03T17:25:00+00:00,42.42,16.17,39.75,0.01,8.77
2026-09-03T17:26:00+00:00,52.68,25.5,38.42,0.0,16.13
2026-09-03T17:27:00+00:00,48.23,17.76,38.36,0.0,16.48
2026-09-03T17:28:00+00:00,36.77,11.62,40.75,0.0,8.66
2026-09-03T17:29:00+00:00,41.55,13.39,32.79,0.0,15.67
2026-09-03T17:30:00+00:00,45.81,14.16,36.14,0.0,15.6
2026-09-03T17:31:00+00:00,51.08,19.09,36.34,0.0,15.31
2026-09-03T17:32:00+00:00,44.26,17.63,37.23,0.0,15.67
2026-09-03T17:33:00+00:00,43.61,11.52,36.89,0.0,14.43
2026-09-03T17:34:00+00:00,43.61,17.92,37.04,0.0,15.85
2026-09-03T17:35:00+00:00,38.68,9.76,38.87,0.14,8.67
2026-09-03T17:36:00+00:00,31.87,10.01,35.11,0.23,8.58
2026-09-03T17:37:00+00:00,54.34,17.28,38.29,0.0,8.62
2026-09-03T17:38:00+00:00,49.29,16.09,35.26,0.0,8.35
2026-09-03T17:39:00+00:00,51.8,17.74,37.1,0.0,8.63
2026-09-03T17:40:00+00:00,47.39,19.96,38.08,0.0,8.6
2026-09-03T17:41:00+00:00,51.32,19.83,38.29,0.0,12.92
2026-09-03T17:42:00+00:00,53.36,19.31,36.92,0.19,8.46
2026-09-03T17:43:00+00:00,52.69,24.63,39.12,0.0,8.58
2026-09-03T17:44:00+00:00,40.84,14.4,34.24,0.11,15.12
2026-09-03T17:45:00+00:00,48.65,22.2,37.6,0.32,14.49
2026-09-03T17:46:00+00:00,44.48,20.09,40.97,0.0,12.22
2026-09-03T17:47:00+00:00,40.26,12.14,35.39,0.82,14.32
2026-09-03T17:48:00+00:00,41.06,18.89,35.66,0.0,12.59
2026-09-03T17:49:00+00:00,38.74,11.67,39.89,0.07,8.28
2026-09-03T17:50:00+00:00,42.42,17.62,38.08,0.0,12.84
2026-09-03T17:51:00+00:00,53.16,17.21,39.75,0.5,8.49
2026-09-03T17:52:00+00:00,50.2,15.26,38.54,0.0,11.91
2026-09-03T17:53:00+00:00,50.98,18.19,38.63,0.08,8.3
2026-09-03T17:54:00+00:00,50.45,19.23,39.24,0.0,8.26
2026-09-03T17:55:00+00:00,34.68,9.92,40.04,0.55,8.22
2026-09-03T17:56:00+00:00,54.8,25.85,38.34,0.0,11.84
2026-09-03T17:57:00+00:00,50.19,15.84,39.04,0.33,8.7
2026-09-03T17:58:00+00:00,42.16,11.47,39.07,0.0,11.89
2026-09-03T17:59:00+00:00,30.23,11.02,37.7,0.0,13.75
2026-09-03T18:00:00+00:00,40.68,13.45,41.29,0.0,8.41
2026-09-03T18:01:00+00:00,54.45,20.14,39.83,0.0,13.09
2026-09-03T18:02:00+00:00,40.55,11.54,37.39,0.0,8.34
2026-09-03T18:03:00+00:00,42.0,15.65,37.18,0.0,12.08
2026-09-03T18:04:00+00:00,50.75,17.01,39.58,0.23,11.39
2026-09-03T18:05:00+00:00,39.0,13.1,39.51,0.0,13.29
2026-09-03T18:06:00+00:00,49.23,15.74,38.32,0.5,11.8
2026-09-03T18:07:00+00:00,50.78,19.62,35.29,0.0,8.47
2026-09-03T18:08:00+00:00,45.35,16.96,40.49,0.0,8.39
2026-09-03T18:09:00+00:00,54.72,20.94,37.96,0.0,12.75
2026-09-03T18:10:00+00:00,51.99,18.31,39.03,0.0,8.37
2026-09-03T18:11:00+00:00,49.55,15.82,37.24,0.0,8.67
2026-09-03T18:12:00+00:00,51.44,20.19,38.17,0.0,8.27
2026-09-03T18:13:00+00:00,54.67,21.8,40.15,0.0,11.51
2026-09-03T18:14:00+00:00,49.97,15.55,34.93,0.0,11.03
2026-09-03T18:15:00+00:00,34.26,11.59,40.68,0.0,11.86
2026-09-03T18:16:00+00:00,31.65,7.79,38.72,0.53,11.69
2026-09-03T18:17:00+00:00,53.9,22.78,34.67,0.0,8.31
2026-09-03T18:18:00+00:00,47.48,18.89,37.66,0.62,11.0
2026-09-03T18:19:00+00:00,46.61,13.12,40.11,0.0,8.57
2026-09-03T18:20:00+00:00,48.61,17.13,37.0,0.0,8.37
2026-09-03T18:21:00+00:00,52.58,19.66,39.36,0.0,8.68
2026-09-03T18:22:00+00:00,45.39,12.68,39.33,0.0,8.33
2026-09-03T18:23:00+00:00,32.65,18.59,38.43,0.0,10.81
2026-09-03T18:24:00+00:00,52.47,19.37,38.21,0.0,11.69
2026-09-03T18:25:00+00:00,40.06,10.69,39.2,0.0,8.18
2026-09-03T18:26:00+00:00,52.76,21.34,40.07,0.0,8.65
2026-09-03T18:27:00+00:00,51.6,21.4,40.55,0.3,8.47
2026-09-03T18:28:00+00:00,52.64,16.17,40.86,0.65,8.68
2026-09-03T18:29:00+00:00,45.48,16.03,37.56,0.0,11.33
2026-09-03T18:30:00+00:00,32.81,12.62,39.48,0.0,8.8
2026-09-03T18:31:00+00:00,50.0,18.47,38.68,0.0,8.76
2026-09-03T18:32:00+00:00,54.15,22.81,39.24,0.0,10.65
2026-09-03T18:33:00+00:00,48.55,17.67,40.36,0.0,8.28
2026-09-03T18:34:00+00:00,55.54,15.19,40.36,0.0,9.85
2026-09-03T18:35:00+00:00,43.61,16.41,39.14,0.0,8.2
2026-09-03T18:36:00+00:00,45.29,20.14,38.99,0.63,10.71
2026-09-03T18:37:00+00:00,41.03,14.48,39.55,0.36,8.28
2026-09-03T18:38:00+00:00,47.94,16.15,39.15,0.0,8.43
2026-09-03T18:39:00+00:00,53.33,21.95,40.52,0.25,8.31
2026-09-03T18:40:00+00:00,46.26,16.95,39.51,0.0,8.74
2026-09-03T18:41:00+00:00,51.6,18.74,40.84,0.0,8.65
2026-09-03T18:42:00+00:00,47.65,16.64,42.19,0.0,9.84
2026-09-03T18:43:00+00:00,51.58,15.41,38.0,0.0,9.85
2026-09-03T18:44:00+00:00,42.81,18.44,41.49,0.34,8.62
2026-09-03T18:45:00+00:00,47.29,14.85,41.49,0.54,8.4
2026-09-03T18:46:00+00:00,52.04,17.9,37.47,0.0,9.56
2026-09-03T18:47:00+00:00,51.03,19.3,36.98,0.04,8.29
2026-09-03T18:48:00+00:00,49.61,17.81,40.79,0.74,9.16
2026-09-03T18:49:00+00:00,51.97,18.72,37.47,0.03,8.22
2026-09-03T18:50:00+00:00,47.32,17.46,39.57,0.0,8.22
2026-09-03T18:51:00+00:00,50.03,19.49,40.91,0.0,8.66
2026-09-03T18:52:00+00:00,49.58,19.49,37.75,0.0,8.49
2026-09-03T18:53:00+00:00,47.94,19.02,40.49,0.0,8.52
2026-09-03T18:54:00+00:00,51.84,15.07,42.43,0.0,8.27
2026-09-03T18:55:00+00:00,56.32,24.85,36.72,0.69,8.45
2026-09-03T18:56:00+00:00,34.06,11.48,41.39,0.0,9.15
2026-09-03T18:57:00+00:00,31.23,13.14,42.22,0.0,8.68
2026-09-03T18:58:00+00:00,53.75,22.74,43.33,0.0,8.84
2026-09-03T18:59:00+00:00,50.21,16.74,43.48,0.0,8.78
2026-09-03T19:00:00+00:00,38.39,15.17,42.03,0.21,8.28
2026-09-03T19:01:00+00:00,42.06,16.61,41.12,0.0,8.68
2026-09-03T19:02:00+00:00,53.31,18.46,42.53,0.23,8.28
2026-09-03T19:03:00+00:00,54.8,19.75,40.57,0.0,8.35
2026-09-03T19:04:00+00:00,54.09,27.7,40.58,0.42,8.73
2026-09-03T19:05:00+00:00,36.74,13.13,42.62,0.0,8.56
2026-09-03T19:06:00+00:00,36.06,11.42,42.02,0.0,8.62
2026-09-03T19:07:00+00:00,50.64,16.28,38.49,0.59,8.49
2026-09-03T19:08:00+00:00,28.23,9.35,41.85,0.33,8.57
2026-09-03T19:09:00+00:00,38.48,12.52,41.71,0.29,8.42
2026-09-03T19:10:00+00:00,48.55,17.77,41.56,0.0,8.35
2026-09-03T19:11:00+00:00,41.0,9.57,40.53,0.0,8.4
2026-09-03T19:12:00+00:00,35.9,14.52,39.73,0.0,8.38
2026-09-03T19:13:00+00:00,46.68,16.05,38.51,0.0,8.25
2026-09-03T19:14:00+00:00,31.13,8.6,39.13,0.0,8.2
2026-09-03T19:15:00+00:00,43.35,19.34,41.28,0.0,8.18
2026-09-03T19:16:00+00:00,42.26,12.52,39.24,0.73,8.18
2026-09-03T19:17:00+00:00,42.55,13.05,39.84,0.26,8.29
2026-09-03T19:18:00+00:00,40.81,12.52,43.0,0.0,8.18
2026-09-03T19:19:00+00:00,50.45,11.12,40.38,0.38,8.45
2026-09-03T19:20:00+00:00,42.81,10.74,40.82,0.0,8.19
2026-09-03T19:21:00+00:00,25.81,8.23,41.1,0.0,8.57
2026-09-03T19:22:00+00:00,40.03,13.49,44.13,0.0,8.18
2026-09-03T19:23:00+00:00,51.45,17.2,37.71,0.0,8.18
2026-09-03T19:24:00+00:00,49.13,14.13,42.82,0.18,8.75
2026-09-03T19:25:00+00:00,43.13,18.23,41.34,0.0,8.18
2026-09-03T19:26:00+00:00,53.47,23.05,38.86,0.0,8.23
2026-09-03T19:27:00+00:00,50.16,17.96,39.5,0.0,8.68
2026-09-03T19:28:00+00:00,40.71,14.77,39.08,0.0,8.18
2026-09-03T19:29:00+00:00,50.63,15.7,39.78,0.44,8.62
2026-09-03T19:30:00+00:00,48.97,14.77,39.8,0.64,8.18
2026-09-03T19:31:00+00:00,51.57,19.28,42.72,0.0,8.18
2026-09-03T19:32:00+00:00,51.74,18.04,40.56,0.0,8.6
2026-09-03T19:33:00+00:00,44.35,17.24,37.62,0.0,8.28
2026-09-03T19:34:00+00:00,37.84,13.82,41.6,0.0,8.18
2026-09-03T19:35:00+00:00,39.42,13.2,39.89,0.0,8.43
2026-09-03T19:36:00+00:00,37.9,10.51,39.79,0.69,8.18
2026-09-03T19:37:00+00:00,50.71,19.26,43.22,0.47,8.51
2026-09-03T19:38:00+00:00,51.23,20.27,39.02,0.0,8.18
2026-09-03T19:39:00+00:00,40.97,17.96,42.96,0.45,8.69
2026-09-03T19:40:00+00:00,48.74,21.19,43.12,0.34,8.2
2026-09-03T19:41:00+00:00,41.77,12.21,40.49,0.0,8.18
2026-09-03T19:42:00+00:00,45.71,20.19,39.77,0.0,8.77
2026-09-03T19:43:00+00:00,49.58,16.4,39.38,0.09,8.36
2026-09-03T19:44:00+00:00,39.97,12.86,43.39,0.0,8.18
2026-09-03T19:45:00+00:00,52.94,22.0,39.31,0.0,8.4
2026-09-03T19:46:00+00:00,52.79,21.88,38.48,0.0,8.18
2026-09-03T19:47:00+00:00,45.84,17.0,41.24,0.0,8.18
2026-09-03T19:48:00+00:00,47.39,23.01,38.59,0.0,8.46
2026-09-03T19:49:00+00:00,30.48,8.57,40.81,0.0,8.8
2026-09-03T19:50:00+00:00,50.01,14.78,40.22,0.0,8.39
2026-09-03T19:51:00+00:00,33.52,16.56,39.84,0.0,8.18
2026-09-03T19:52:00+00:00,48.45,18.8,41.09,0.0,8.18
2026-09-03T19:53:00+00:00,49.29,20.68,39.46,0.0,8.45
2026-09-03T19:54:00+00:00,42.1,19.53,36.85,0.0,8.35
2026-09-03T19:55:00+00:00,47.77,16.67,42.78,0.42,8.18
2026-09-03T19:56:00+00:00,55.85,22.81,37.59,0.09,8.78
2026-09-03T19:57:00+00:00,43.87,14.88,44.05,0.0,8.18
2026-09-03T19:58:00+00:00,51.0,13.53,39.81,0.0,8.18
2026-09-03T19:59:00+00:00,44.68,18.11,41.93,0.0,8.5
2026-09-03T20:00:00+00:00,50.6,18.67,40.68,0.0,8.18
2026-09-03T20:01:00+00:00,49.94,14.12,39.58,0.0,8.18
2026-09-03T20:02:00+00:00,43.35,12.44,41.45,0.0,8.79
2026-09-03T20:03:00+00:00,41.29,22.2,43.38,0.0,8.18
2026-09-03T20:04:00+00:00,57.93,25.37,39.18,0.0,8.71
2026-09-03T20:05:00+00:00,33.94,10.57,39.31,0.23,8.18
2026-09-03T20:06:00+00:00,39.9,9.3,42.58,0.0,8.22
2026-09-03T20:07:00+00:00,50.91,19.28,42.16,0.0,8.55
2026-09-03T20:08:00+00:00,50.6,16.81,41.63,0.69,8.22
2026-09-03T20:09:00+00:00,51.19,21.46,43.24,0.0,8.58
2026-09-03T20:10:00+00:00,50.95,20.25,40.98,0.0,8.28
2026-09-03T20:11:00+00:00,43.03,16.21,38.9,0.05,8.24
2026-09-03T20:12:00+00:00,46.61,16.85,37.45,0.0,8.33
2026-09-03T20:13:00+00:00,44.65,17.49,39.19,0.0,8.6
2026-09-03T20:14:00+00:00,44.94,13.15,39.23,0.06,8.37
2026-09-03T20:15:00+00:00,31.58,9.06,41.41,0.0,8.18
2026-09-03T20:16:00+00:00,49.74,15.2,43.91,0.0,8.64
2026-09-03T20:17:00+00:00,51.95,18.18,43.19,0.0,8.36
2026-09-03T20:18:00+00:00,51.73,20.23,40.62,0.0,8.3
2026-09-03T20:19:00+00:00,37.45,19.86,41.38,0.0,8.18
2026-09-03T20:20:00+00:00,53.61,22.71,40.1,0.58,8.46
2026-09-03T20:21:00+00:00,52.12,19.86,41.81,0.5,8.74
2026-09-03T20:22:00+00:00,43.06,14.52,39.2,0.0,8.18
2026-09-03T20:23:00+00:00,41.52,23.48,40.05,0.0,8.55
2026-09-03T20:24:00+00:00,50.06,15.02,43.31,0.36,8.18
2026-09-03T20:25:00+00:00,41.94,17.55,40.59,0.0,8.66
2026-09-03T20:26:00+00:00,48.74,18.97,42.49,0.0,8.71
2026-09-03T20:27:00+00:00,48.77,13.65,40.25,0.0,8.32
2026-09-03T20:28:00+00:00,51.2,17.95,41.85,0.0,8.71
2026-09-03T20:29:00+00:00,54.61,19.43,43.01,0.0,8.59
2026-09-03T20:30:00+00:00,50.64,15.48,42.5,0.51,8.44
2026-09-03T20:31:00+00:00,51.05,24.33,41.84,0.0,8.53
2026-09-03T20:32:00+00:00,51.43,20.6,41.76,0.0,8.18
2026-09-03T20:33:00+00:00,54.42,17.62,41.91,0.0,8.78
2026-09-03T20:34:00+00:00,53.47,27.85,41.9,0.0,8.18
2026-09-03T20:35:00+00:00,41.0,14.0,40.86,0.0,8.18
2026-09-03T20:36:00+00:00,51.07,12.3,42.11,0.0,8.45
2026-09-03T20:37:00+00:00,53.07,17.65,42.27,0.0,8.29
2026-09-03T20:38:00+00:00,51.77,10.67,42.44,0.0,8.39
2026-09-03T20:39:00+00:00,36.19,9.59,41.66,0.0,8.63
2026-09-03T20:40:00+00:00,46.61,18.79,38.26,0.0,8.56
2026-09-03T20:41:00+00:00,51.79,17.27,42.03,0.2,8.18
2026-09-03T20:42:00+00:00,53.96,17.03,41.33,0.0,8.18
2026-09-03T20:43:00+00:00,51.15,18.61,41.34,0.0,8.18
2026-09-03T20:44:00+00:00,38.23,9.89,42.52,0.65,8.62
2026-09-03T20:45:00+00:00,57.84,21.83,38.1,0.48,8.18
2026-09-03T20:46:00+00:00,51.92,19.51,41.03,0.0,8.18
2026-09-03T20:47:00+00:00,52.87,19.78,41.35,0.36,8.51
2026-09-03T20:48:00+00:00,48.81,15.4,38.2,0.0,8.73
2026-09-03T20:49:00+00:00,51.18,18.41,41.38,0.0,8.46
2026-09-03T20:50:00+00:00,47.35,17.72,40.24,0.0,8.52
2026-09-03T20:51:00+00:00,43.65,14.82,41.66,0.0,8.18
2026-09-03T20:52:00+00:00,43.68,14.15,40.43,0.0,8.18
2026-09-03T20:53:00+00:00,50.96,16.12,39.34,0.0,8.65
2026-09-03T20:54:00+00:00,47.0,14.5,37.18,0.0,8.18
2026-09-03T20:55:00+00:00,47.68,17.84,42.09,0.44,8.36
2026-09-03T20:56:00+00:00,48.06,11.35,43.16,0.0,8.18
2026-09-03T20:57:00+00:00,47.84,19.26,38.81,0.0,8.18
2026-09-03T20:58:00+00:00,51.25,24.48,38.53,0.2,8.47
2026-09-03T20:59:00+00:00,53.26,17.18,40.3,0.0,8.55
2026-09-03T21:00:00+00:00,38.16,14.07,40.25,0.0,8.18
2026-09-03T21:01:00+00:00,50.56,20.13,40.21,0.0,8.8
2026-09-03T21:02:00+00:00,42.74,11.94,40.37,0.44,8.52
2026-09-03T21:03:00+00:00,51.79,18.74,42.36,0.04,8.2
2026-09-03T21:04:00+00:00,34.94,11.23,42.07,0.0,8.18
2026-09-03T21:05:00+00:00,51.54,21.79,42.5,0.0,8.18
2026-09-03T21:06:00+00:00,35.84,11.04,40.48,0.0,8.18
2026-09-03T21:07:00+00:00,39.03,19.24,41.81,0.0,8.18
2026-09-03T21:08:00+00:00,50.49,14.36,40.65,0.43,8.18
2026-09-03T21:09:00+00:00,45.19,14.13,40.44,0.0,8.18
2026-09-03T21:10:00+00:00,52.26,17.49,41.69,0.0,8.18
2026-09-03T21:11:00+00:00,51.63,17.28,40.05,0.5,8.49
2026-09-03T21:12:00+00:00,44.32,19.66,38.76,0.0,8.18
2026-09-03T21:13:00+00:00,33.97,12.09,36.75,0.0,8.64
2026-09-03T21:14:00+00:00,33.52,10.34,38.5,0.46,8.18
2026-09-03T21:15:00+00:00,50.43,17.65,37.87,0.0,8.18
2026-09-03T21:16:00+00:00,50.21,19.92,41.82,0.0,8.18
2026-09-03T21:17:00+00:00,48.97,17.33,37.91,0.0,8.58
2026-09-03T21:18:00+00:00,37.77,10.12,36.84,0.0,8.76
2026-09-03T21:19:00+00:00,35.94,11.65,43.16,0.0,8.78
2026-09-03T21:20:00+00:00,51.25,21.07,42.82,0.0,8.18
2026-09-03T21:21:00+00:00,50.51,20.32,39.06,0.0,8.18
2026-09-03T21:22:00+00:00,48.45,19.0,40.84,0.0,8.64
2026-09-03T21:23:00+00:00,46.1,12.93,41.97,0.0,8.18
2026-09-03T21:24:00+00:00,44.0,23.0,37.76,0.0,8.23
2026-09-03T21:25:00+00:00,56.25,25.63,41.29,0.0,8.18
2026-09-03T21:26:00+00:00,50.51,17.73,39.54,0.0,8.2
2026-09-03T21:27:00+00:00,47.1,15.41,39.4,0.0,8.18
2026-09-03T21:28:00+00:00,50.49,24.68,39.44,0.0,8.18
2026-09-03T21:29:00+00:00,36.77,11.25,39.8,0.24,8.31
2026-09-03T21:30:00+00:00,48.45,18.86,41.7,0.0,8.18
2026-09-03T21:31:00+00:00,37.35,17.51,37.93,0.0,8.47
2026-09-03T21:32:00+00:00,53.22,18.47,35.4,0.0,8.18
2026-09-03T21:33:00+00:00,46.68,16.31,40.76,0.0,8.18
2026-09-03T21:34:00+00:00,47.29,24.04,39.59,0.0,8.2
2026-09-03T21:35:00+00:00,42.58,17.94,40.7,0.0,8.18
2026-09-03T21:36:00+00:00,45.0,16.17,37.49,0.28,8.45
2026-09-03T21:37:00+00:00,44.26,15.58,39.37,0.0,8.18
2026-09-03T21:38:00+00:00,55.43,22.88,40.69,0.0,8.18
2026-09-03T21:39:00+00:00,36.52,13.51,37.45,0.58,8.18
2026-09-03T21:40:00+00:00,52.69,17.12,37.25,0.0,8.22
2026-09-03T21:41:00+00:00,46.19,16.77,40.32,0.0,8.53
2026-09-03T21:42:00+00:00,52.43,25.75,38.19,0.0,8.18
2026-09-03T21:43:00+00:00,52.01,18.72,38.61,0.0,8.4
2026-09-03T21:44:00+00:00,55.24,24.83,36.6,0.28,8.75
2026-09-03T21:45:00+00:00,50.33,12.66,40.91,0.0,8.18
2026-09-03T21:46:00+00:00,54.47,22.67,43.54,0.39,8.27
2026-09-03T21:47:00+00:00,50.66,15.13,38.66,0.53,8.62
2026-09-03T21:48:00+00:00,50.91,14.31,36.07,0.0,8.72
2026-09-03T21:49:00+00:00,45.9,15.87,37.38,0.0,8.18
2026-09-03T21:50:00+00:00,53.27,19.97,39.87,0.81,8.48
2026-09-03T21:51:00+00:00,50.8,15.02,39.94,0.0,8.75
2026-09-03T21:52:00+00:00,42.23,13.35,37.45,0.0,8.66
2026-09-03T21:53:00+00:00,32.58,12.91,38.54,0.26,8.64
2026-09-03T21:54:00+00:00,45.45,20.79,37.21,0.52,8.77
2026-09-03T21:55:00+00:00,50.11,21.15,38.76,0.0,8.18
2026-09-03T21:56:00+00:00,50.8,19.74,38.09,0.0,8.18
2026-09-03T21:57:00+00:00,29.61,8.43,34.87,0.0,8.36
2026-09-03T21:58:00+00:00,44.48,11.88,40.9,0.0,8.18
2026-09-03T21:59:00+00:00,57.42,22.78,40.01,0.92,8.18
2026-09-03T22:00:00+00:00,50.56,15.12,40.74,0.0,8.18
2026-09-03T22:01:00+00:00,41.58,15.87,35.71,0.0,8.77
2026-09-03T22:02:00+00:00,51.82,18.0,39.72,0.0,8.69
2026-09-03T22:03:00+00:00,42.97,14.83,37.48,0.0,8.18
2026-09-03T22:04:00+00:00,49.42,16.02,39.0,0.72,8.69
2026-09-03T22:05:00+00:00,51.07,19.28,36.42,0.0,8.42
2026-09-03T22:06:00+00:00,46.71,17.81,40.54,0.0,8.37
2026-09-03T22:07:00+00:00,56.58,22.07,37.43,0.0,8.18
2026-09-03T22:08:00+00:00,48.55,14.98,37.57,0.84,8.19
2026-09-03T22:09:00+00:00,43.29,11.85,36.53,0.0,8.18
2026-09-03T22:10:00+00:00,43.74,18.56,38.64,0.0,8.44
2026-09-03T22:11:00+00:00,47.29,17.88,35.0,0.0,8.45
2026-09-03T22:12:00+00:00,50.46,19.3,38.5,0.07,8.73
2026-09-03T22:13:00+00:00,40.32,15.52,37.42,0.06,8.18
2026-09-03T22:14:00+00:00,51.94,17.94,39.95,0.5,8.76
2026-09-03T22:15:00+00:00,37.84,12.69,38.45,0.18,8.33
2026-09-03T22:16:00+00:00,50.04,16.15,36.23,0.0,8.18
2026-09-03T22:17:00+00:00,25.81,8.5,36.29,0.0,8.18
2026-09-03T22:18:00+00:00,48.71,18.15,37.5,0.19,8.43
2026-09-03T22:19:00+00:00,50.69,21.72,36.6,0.0,8.18
2026-09-03T22:20:00+00:00,51.37,18.99,37.49,0.0,8.34
2026-09-03T22:21:00+00:00,55.09,24.05,32.47,0.0,8.18
2026-09-03T22:22:00+00:00,40.87,16.39,38.51,0.64,8.78
2026-09-03T22:23:00+00:00,41.87,10.38,38.02,0.0,8.4
2026-09-03T22:24:00+00:00,40.1,16.41,37.62,0.0,8.28
2026-09-03T22:25:00+00:00,50.99,16.8,38.01,0.0,8.18
2026-09-03T22:26:00+00:00,50.03,14.76,34.04,0.0,8.18
2026-09-03T22:27:00+00:00,51.0,26.08,36.71,0.0,8.46
2026-09-03T22:28:00+00:00,54.96,21.51,37.01,0.0,8.46
2026-09-03T22:29:00+00:00,52.03,18.91,37.05,0.0,8.18
2026-09-03T22:30:00+00:00,52.29,18.77,36.14,0.14,8.18
2026-09-03T22:31:00+00:00,41.68,19.01,37.57,0.0,8.18
2026-09-03T22:32:00+00:00,52.91,23.0,38.16,0.64,8.18
2026-09-03T22:33:00+00:00,56.42,25.91,39.85,0.47,8.2
2026-09-03T22:34:00+00:00,50.01,19.21,37.77,0.0,8.75
2026-09-03T22:35:00+00:00,36.1,13.46,38.84,0.0,8.18
2026-09-03T22:36:00+00:00,50.71,12.89,36.21,0.0,8.18
2026-09-03T22:37:00+00:00,44.32,13.99,36.76,0.11,8.18
2026-09-03T22:38:00+00:00,40.48,13.8,35.75,0.0,8.73
2026-09-03T22:39:00+00:00,40.39,13.04,38.95,0.0,8.18
2026-09-03T22:40:00+00:00,29.55,7.92,37.26,0.0,8.18
2026-09-03T22:41:00+00:00,43.13,17.66,36.04,0.0,8.32
2026-09-03T22:42:00+00:00,53.6,20.04,34.32,0.18,8.18
2026-09-03T22:43:00+00:00,48.97,17.84,34.46,0.0,8.18
2026-09-03T22:44:00+00:00,48.48,15.3,35.21,0.0,8.18
2026-09-03T22:45:00+00:00,50.45,12.52,36.45,0.0,8.66
2026-09-03T22:46:00+00:00,52.51,22.2,36.03,0.0,8.18
2026-09-03T22:47:00+00:00,50.51,16.53,38.08,0.0,8.35
2026-09-03T22:48:00+00:00,44.39,18.73,39.05,0.41,8.36
2026-09-03T22:49:00+00:00,51.19,18.36,37.45,0.11,8.18
2026-09-03T22:50:00+00:00,53.62,19.62,38.74,0.53,8.18
2026-09-03T22:51:00+00:00,50.86,19.68,35.32,0.0,8.45
2026-09-03T22:52:00+00:00,42.0,15.71,35.44,0.0,8.61
2026-09-03T22:53:00+00:00,39.26,12.7,36.33,0.0,8.75
2026-09-03T22:54:00+00:00,47.65,18.51,35.23,0.0,8.18
2026-09-03T22:55:00+00:00,50.75,23.17,32.84,0.0,8.58
2026-09-03T22:56:00+00:00,48.26,15.63,38.27,0.0,8.18
2026-09-03T22:57:00+00:00,50.65,19.61,35.99,0.0,8.45
2026-09-03T22:58:00+00:00,43.06,15.25,31.8,0.42,8.43
2026-09-03T22:59:00+00:00,46.39,18.03,34.48,0.0,8.33
2026-09-03T23:00:00+00:00,56.02,25.33,37.18,0.0,8.18
2026-09-03T23:01:00+00:00,55.31,19.62,36.86,0.0,8.33
2026-09-03T23:02:00+00:00,54.17,18.91,34.72,0.0,8.19
2026-09-03T23:03:00+00:00,43.74,13.63,34.75,0.0,8.18
2026-09-03T23:04:00+00:00,49.48,17.88,34.48,0.0,8.5
2026-09-03T23:05:00+00:00,45.65,17.58,37.69,0.0,8.78
2026-09-03T23:06:00+00:00,35.48,9.16,35.75,0.0,8.47
2026-09-03T23:07:00+00:00,54.82,20.69,33.7,0.47,8.41
2026-09-03T23:08:00+00:00,37.03,11.37,36.43,0.26,8.18
2026-09-03T23:09:00+00:00,51.45,17.06,38.15,0.0,8.5
2026-09-03T23:10:00+00:00,45.74,19.3,36.51,0.0,8.18
2026-09-03T23:11:00+00:00,44.68,14.68,33.82,0.14,8.18
2026-09-03T23:12:00+00:00,51.94,26.05,34.38,0.0,8.49
2026-09-03T23:13:00+00:00,53.5,25.86,35.18,0.41,8.35
2026-09-03T23:14:00+00:00,49.84,14.87,38.7,0.33,8.78
2026-09-03T23:15:00+00:00,46.06,20.11,34.33,0.0,8.18
2026-09-03T23:16:00+00:00,42.71,17.44,36.04,0.0,8.6
2026-09-03T23:17:00+00:00,50.1,18.08,34.67,0.0,8.18
2026-09-03T23:18:00+00:00,44.32,14.33,36.29,0.0,8.34
2026-09-03T23:19:00+00:00,50.74,19.43,37.28,0.0,8.18
2026-09-03T23:20:00+00:00,50.96,16.69,34.34,0.0,8.18
2026-09-03T23:21:00+00:00,51.33,18.99,30.94,0.0,8.18
2026-09-03T23:22:00+00:00,50.25,13.51,33.9,0.0,8.78
2026-09-03T23:23:00+00:00,53.3,15.41,36.33,0.0,8.3
2026-09-03T23:24:00+00:00,49.13,18.26,36.51,0.22,8.61
2026-09-03T23:25:00+00:00,51.53,13.99,33.6,0.0,8.18
2026-09-03T23:26:00+00:00,52.61,20.62,34.82,0.21,8.18
2026-09-03T23:27:00+00:00,40.81,13.96,33.61,0.0,8.18
2026-09-03T23:28:00+00:00,50.46,12.49,36.11,0.0,8.18
2026-09-03T23:29:00+00:00,54.41,21.14,37.31,0.98,8.78
2026-09-03T23:30:00+00:00,54.15,22.73,37.04,0.0,8.47
2026-09-03T23:31:00+00:00,45.48,12.92,36.76,0.0,8.51
2026-09-03T23:32:00+00:00,50.18,22.74,33.73,0.0,8.18
2026-09-03T23:33:00+00:00,57.19,24.58,34.08,0.0,8.53
2026-09-03T23:34:00+00:00,49.94,17.67,36.88,0.21,8.55
2026-09-03T23:35:00+00:00,52.46,21.72,33.05,0.0,8.65
2026-09-03T23:36:00+00:00,47.06,15.77,32.91,0.0,8.67
2026-09-03T23:37:00+00:00,44.19,16.72,34.56,0.0,8.55
2026-09-03T23:38:00+00:00,51.34,21.69,38.17,0.0,8.18
2026-09-03T23:39:00+00:00,45.77,15.03,33.06,0.0,8.18
2026-09-03T23:40:00+00:00,54.47,20.03,34.24,0.52,8.18
2026-09-03T23:41:00+00:00,36.45,10.49,36.39,0.0,8.18
2026-09-03T23:42:00+00:00,51.04,15.61,34.86,0.0,8.59
2026-09-03T23:43:00+00:00,50.18,19.27,32.97,0.0,8.18
2026-09-03T23:44:00+00:00,35.19,15.03,34.07,0.0,8.58
2026-09-03T23:45:00+00:00,49.68,22.05,34.75,0.0,8.44
2026-09-03T23:46:00+00:00,55.1,23.5,35.9,0.0,8.56
2026-09-03T23:47:00+00:00,33.71,11.78,33.98,0.16,8.56
2026-09-03T23:48:00+00:00,47.68,16.39,33.71,0.0,8.18
2026-09-03T23:49:00+00:00,51.14,16.62,35.04,0.0,8.18
2026-09-03T23:50:00+00:00,39.84,12.07,39.19,0.0,8.67
2026-09-03T23:51:00+00:00,41.94,15.46,31.07,0.0,8.18
2026-09-03T23:52:00+00:00,52.33,24.09,34.53,0.0,8.21
2026-09-03T23:53:00+00:00,43.65,16.63,35.26,0.02,8.8
2026-09-03T23:54:00+00:00,50.68,14.69,32.9,0.0,8.75
2026-09-03T23:55:00+00:00,50.94,20.65,32.49,0.0,8.51
2026-09-03T23:56:00+00:00,51.35,16.03,34.72,0.0,8.18
2026-09-03T23:57:00+00:00,52.28,18.82,34.17,0.0,8.18
2026-09-03T23:58:00+00:00,45.29,13.9,34.09,0.0,8.56
2026-09-03T23:59:00+00:00,50.4,17.67,33.54,0.0,8.18
2026-09-04T00:00:00+00:00,25.81,12.98,34.5,0.0,8.73
2026-09-04T00:01:00+00:00,37.35,14.43,32.37,0.2,8.6
2026-09-04T00:02:00+00:00,55.71,22.99,33.98,0.0,8.18
2026-09-04T00:03:00+00:00,58.13,24.16,33.78,0.08,8.18
2026-09-04T00:04:00+00:00,56.64,21.95,31.92,0.0,8.18
2026-09-04T00:05:00+00:00,28.03,14.98,32.72,0.0,8.18
2026-09-04T00:06:00+00:00,61.48,27.46,33.0,0.0,8.18
2026-09-04T00:07:00+00:00,25.81,14.08,31.95,0.36,8.4
2026-09-04T00:08:00+00:00,65.74,25.48,32.42,0.0,8.18
2026-09-04T00:09:00+00:00,38.68,12.61,32.98,0.0,8.63
2026-09-04T00:10:00+00:00,52.26,20.58,31.18,0.0,8.74
2026-09-04T00:11:00+00:00,39.32,14.54,33.1,0.36,8.18
2026-09-04T00:12:00+00:00,39.71,13.16,33.01,0.0,8.18
2026-09-04T00:13:00+00:00,51.55,18.54,32.48,0.0,8.18
2026-09-04T00:14:00+00:00,51.52,14.65,32.46,0.0,8.34
2026-09-04T00:15:00+00:00,53.47,16.18,33.92,0.0,8.51
2026-09-04T00:16:00+00:00,54.55,23.58,32.16,0.0,8.18
2026-09-04T00:17:00+00:00,40.81,13.31,33.95,0.47,8.18
2026-09-04T00:18:00+00:00,50.05,12.45,34.5,0.0,8.18
2026-09-04T00:19:00+00:00,26.23,7.5,29.96,0.0,8.5
2026-09-04T00:20:00+00:00,32.71,18.61,29.98,0.0,8.18
2026-09-04T00:21:00+00:00,57.39,27.55,34.07,0.0,8.26
2026-09-04T00:22:00+00:00,59.14,23.83,32.46,0.0,8.18
2026-09-04T00:23:00+00:00,50.53,16.49,32.47,0.0,8.18
2026-09-04T00:24:00+00:00,38.61,14.39,32.75,0.0,8.59
2026-09-04T00:25:00+00:00,37.65,13.84,33.92,0.0,8.31
2026-09-04T00:26:00+00:00,28.87,17.79,34.62,0.0,8.18
2026-09-04T00:27:00+00:00,42.29,15.92,30.33,0.23,8.18
2026-09-04T00:28:00+00:00,52.49,19.63,30.99,0.0,8.18
2026-09-04T00:29:00+00:00,48.9,16.32,30.64,0.0,8.51
2026-09-04T00:30:00+00:00,51.78,22.18,30.77,0.06,8.18
2026-09-04T00:31:00+00:00,61.4,25.85,30.83,0.24,8.18
2026-09-04T00:32:00+00:00,41.74,15.91,31.74,0.0,8.18
2026-09-04T00:33:00+00:00,35.19,13.03,32.29,0.0,8.18
2026-09-04T00:34:00+00:00,36.55,10.67,33.54,0.0,8.25
2026-09-04T00:35:00+00:00,51.55,23.34,33.07,0.0,8.38
2026-09-04T00:36:00+00:00,46.68,14.81,30.34,0.0,8.34
2026-09-04T00:37:00+00:00,25.81,11.71,31.0,0.0,8.65
2026-09-04T00:38:00+00:00,25.81,10.2,32.71,0.0,8.78
2026-09-04T00:39:00+00:00,63.26,26.05,31.78,0.0,8.44
2026-09-04T00:40:00+00:00,51.59,17.64,32.56,0.52,8.57
2026-09-04T00:41:00+00:00,54.0,28.97,30.79,0.0,8.2
2026-09-04T00:42:00+00:00,25.81,10.06,31.58,0.0,8.18
2026-09-04T00:43:00+00:00,58.18,26.6,31.67,0.0,8.18
2026-09-04T00:44:00+00:00,25.81,13.18,34.01,0.0,8.18
2026-09-04T00:45:00+00:00,47.52,15.42,33.32,0.0,8.18
2026-09-04T00:46:00+00:00,52.52,17.68,33.1,0.06,8.54
2026-09-04T00:47:00+00:00,58.5,19.33,33.56,0.04,8.23
2026-09-04T00:48:00+00:00,38.1,11.63,30.87,0.0,8.37
2026-09-04T00:49:00+00:00,52.38,21.32,35.39,0.0,8.48
2026-09-04T00:50:00+00:00,25.81,7.5,31.73,0.39,8.73
2026-09-04T00:51:00+00:00,50.68,22.61,32.66,0.0,8.79
2026-09-04T00:52:00+00:00,25.81,10.8,34.3,0.0,8.18
2026-09-04T00:53:00+00:00,37.0,15.44,32.33,0.0,8.18
2026-09-04T00:54:00+00:00,56.45,19.42,32.24,0.0,8.32
2026-09-04T00:55:00+00:00,27.74,14.13,30.49,0.0,8.18
2026-09-04T00:56:00+00:00,29.71,11.74,35.25,0.33,8.43
2026-09-04T00:57:00+00:00,55.1,16.61,30.99,0.0,8.65
2026-09-04T00:58:00+00:00,62.42,30.62,37.27,0.0,8.18
2026-09-04T00:59:00+00:00,46.19,18.72,37.13,0.0,8.54
2026-09-04T01:00:00+00:00,29.61,9.06,33.05,0.0,8.18
2026-09-04T01:01:00+00:00,50.1,19.87,36.04,0.0,8.35
2026-09-04T01:02:00+00:00,41.39,14.07,34.76,0.0,8.18
2026-09-04T01:03:00+00:00,64.09,36.6,34.51,0.66,8.31
2026-09-04T01:04:00+00:00,28.06,15.57,29.78,0.33,8.18
2026-09-04T01:05:00+00:00,52.29,22.31,32.39,0.14,8.18
2026-09-04T01:06:00+00:00,49.61,16.86,33.1,0.0,8.18
2026-09-04T01:07:00+00:00,25.81,13.32,33.33,0.0,8.28
2026-09-04T01:08:00+00:00,36.68,13.47,33.64,0.0,8.32
2026-09-04T01:09:00+00:00,49.52,12.7,35.46,0.9,8.18
2026-09-04T01:10:00+00:00,25.81,7.5,32.4,0.0,8.18
2026-09-04T01:11:00+00:00,54.11,22.58,35.1,0.0,8.18
2026-09-04T01:12:00+00:00,61.35,29.93,34.51,0.0,8.53
2026-09-04T01:13:00+00:00,56.84,26.01,28.25,0.0,8.57
2026-09-04T01:14:00+00:00,32.48,9.28,32.83,0.0,8.74
2026-09-04T01:15:00+00:00,26.32,7.62,30.46,0.59,8.3
2026-09-04T01:16:00+00:00,25.81,13.62,34.44,0.62,8.18
2026-09-04T01:17:00+00:00,54.87,30.63,32.58,0.29,8.29
2026-09-04T01:18:00+00:00,52.36,18.49,33.07,0.53,8.71
2026-09-04T01:19:00+00:00,55.33,22.05,34.72,0.0,8.18
2026-09-04T01:20:00+00:00,51.89,22.5,33.46,0.0,8.38
2026-09-04T01:21:00+00:00,55.15,21.77,31.75,0.21,8.73
2026-09-04T01:22:00+00:00,31.84,10.43,32.19,0.0,8.71
2026-09-04T01:23:00+00:00,41.29,10.27,29.55,0.37,8.18
2026-09-04T01:24:00+00:00,31.48,10.33,33.09,0.21,8.42
2026-09-04T01:25:00+00:00,56.1,26.6,34.1,0.0,8.18
2026-09-04T01:26:00+00:00,36.71,17.96,33.58,0.0,8.54
2026-09-04T01:27:00+00:00,57.01,21.98,33.69,0.32,8.52
2026-09-04T01:28:00+00:00,52.12,15.99,31.07,0.0,8.18
2026-09-04T01:29:00+00:00,50.29,21.33,32.12,0.0,8.18
2026-09-04T01:30:00+00:00,37.55,14.55,35.62,0.41,8.58
2026-09-04T01:31:00+00:00,52.77,18.73,32.05,0.01,8.2
2026-09-04T01:32:00+00:00,50.39,20.34,34.8,0.0,8.18
2026-09-04T01:33:00+00:00,29.29,16.93,36.65,0.0,8.51
2026-09-04T01:34:00+00:00,29.42,11.7,32.37,0.18,8.18
2026-09-04T01:35:00+00:00,54.84,19.66,31.53,0.0,8.18
2026-09-04T01:36:00+00:00,25.81,8.88,34.86,0.0,8.4
2026-09-04T01:37:00+00:00,51.19,19.3,32.24,0.0,8.18
2026-09-04T01:38:00+00:00,52.99,17.26,32.75,0.0,8.18
2026-09-04T01:39:00+00:00,52.88,22.22,32.96,0.0,8.25
2026-09-04T01:40:00+00:00,54.54,21.08,30.07,0.0,8.18
2026-09-04T01:41:00+00:00,50.01,16.89,34.81,0.0,8.18
2026-09-04T01:42:00+00:00,37.65,10.78,34.59,0.0,8.2
2026-09-04T01:43:00+00:00,31.87,12.39,35.53,0.0,8.18
2026-09-04T01:44:00+00:00,53.92,20.91,32.95,0.0,8.18
2026-09-04T01:45:00+00:00,32.19,13.7,33.13,0.0,8.44
2026-09-04T01:46:00+00:00,67.58,37.05,38.13,0.0,8.7
2026-09-04T01:47:00+00:00,58.48,23.93,34.08,0.0,8.52
2026-09-04T01:48:00+00:00,50.05,23.29,35.01,0.0,8.55
2026-09-04T01:49:00+00:00,50.28,17.98,30.91,0.18,8.18
2026-09-04T01:50:00+00:00,43.23,17.7,32.02,0.0,8.32
2026-09-04T01:51:00+00:00,57.07,21.52,33.37,0.14,8.57
2026-09-04T01:52:00+00:00,56.02,21.31,32.96,0.0,8.18
2026-09-04T01:53:00+00:00,47.52,20.03,33.51,0.29,8.18
2026-09-04T01:54:00+00:00,44.0,15.2,31.94,0.0,8.18
2026-09-04T01:55:00+00:00,47.61,13.55,32.06,0.0,8.18
2026-09-04T01:56:00+00:00,48.39,15.72,32.04,0.0,8.33
2026-09-04T01:57:00+00:00,34.48,14.82,30.47,0.32,8.77
2026-09-04T01:58:00+00:00,41.84,11.23,31.71,0.0,8.18
2026-09-04T01:59:00+00:00,50.66,17.75,34.37,0.0,8.18
2026-09-04T02:00:00+00:00,27.74,9.73,32.75,0.0,8.18
2026-09-04T02:01:00+00:00,56.88,28.14,32.16,0.07,8.18
2026-09-04T02:02:00+00:00,57.09,25.38,33.11,0.0,8.67
2026-09-04T02:03:00+00:00,25.81,7.5,33.44,0.3,8.18
2026-09-04T02:04:00+00:00,50.96,20.56,31.44,0.27,8.18
2026-09-04T02:05:00+00:00,40.68,9.29,33.44,0.0,8.18
2026-09-04T02:06:00+00:00,49.32,17.62,33.53,0.0,8.18
2026-09-04T02:07:00+00:00,39.35,13.85,28.5,0.32,8.18
2026-09-04T02:08:00+00:00,52.54,21.88,31.13,0.31,8.75
2026-09-04T02:09:00+00:00,48.58,21.34,32.58,0.0,8.18
2026-09-04T02:10:00+00:00,52.54,17.77,31.21,0.0,8.2
2026-09-04T02:11:00+00:00,41.48,17.07,31.0,0.0,8.31
2026-09-04T02:12:00+00:00,57.23,25.22,33.22,0.0,8.18
2026-09-04T02:13:00+00:00,52.44,17.07,34.44,0.0,8.72
2026-09-04T02:14:00+00:00,44.84,17.19,33.44,0.0,8.18
2026-09-04T02:15:00+00:00,25.81,8.51,32.88,0.0,8.31
2026-09-04T02:16:00+00:00,39.74,13.03,32.54,0.0,8.18
2026-09-04T02:17:00+00:00,34.23,11.77,32.87,0.0,8.53
2026-09-04T02:18:00+00:00,55.21,19.04,33.76,0.0,8.18
2026-09-04T02:19:00+00:00,33.1,12.28,32.6,0.0,8.2
2026-09-04T02:20:00+00:00,53.16,21.61,35.1,0.0,8.55
2026-09-04T02:21:00+00:00,46.81,21.09,33.05,0.0,8.41
2026-09-04T02:22:00+00:00,53.92,24.36,32.81,0.78,8.2
2026-09-04T02:23:00+00:00,29.94,10.57,30.5,0.0,8.18
2026-09-04T02:24:00+00:00,39.58,9.61,33.91,0.0,8.54
2026-09-04T02:25:00+00:00,45.87,14.08,35.9,0.0,8.78
2026-09-04T02:26:00+00:00,54.69,24.03,34.53,0.3,8.61
2026-09-04T02:27:00+00:00,40.9,13.6,32.79,0.0,8.65
2026-09-04T02:28:00+00:00,43.55,19.35,34.38,0.26,8.18
2026-09-04T02:29:00+00:00,52.72,21.76,35.88,0.0,8.18
2026-09-04T02:30:00+00:00,56.58,24.12,31.98,0.0,8.18
2026-09-04T02:31:00+00:00,25.81,9.11,35.02,0.0,8.18
2026-09-04T02:32:00+00:00,47.81,18.67,31.62,0.0,8.48
2026-09-04T02:33:00+00:00,40.13,14.34,33.23,0.0,8.18
2026-09-04T02:34:00+00:00,31.52,10.72,33.55,0.0,8.18
2026-09-04T02:35:00+00:00,32.13,14.14,33.33,0.0,8.38
2026-09-04T02:36:00+00:00,61.53,33.13,30.15,0.0,8.18
2026-09-04T02:37:00+00:00,55.28,18.82,31.72,0.19,8.18
2026-09-04T02:38:00+00:00,40.77,14.59,33.33,0.0,8.37
2026-09-04T02:39:00+00:00,53.61,21.23,31.99,0.0,8.18
2026-09-04T02:40:00+00:00,51.89,19.72,32.12,0.0,8.18
2026-09-04T02:41:00+00:00,51.29,16.64,33.8,0.0,8.18
2026-09-04T02:42:00+00:00,56.09,32.77,33.27,0.0,8.76
2026-09-04T02:43:00+00:00,54.0,25.34,34.93,0.0,8.18
2026-09-04T02:44:00+00:00,25.81,9.26,34.0,0.11,8.69
2026-09-04T02:45:00+00:00,37.0,11.91,32.01,0.0,8.38
2026-09-04T02:46:00+00:00,53.27,20.59,33.04,0.0,8.18
2026-09-04T02:47:00+00:00,51.25,19.25,32.09,0.0,8.18
2026-09-04T02:48:00+00:00,43.0,14.51,34.08,0.0,8.66
2026-09-04T02:49:00+00:00,51.22,18.81,33.74,0.0,8.18
2026-09-04T02:50:00+00:00,50.43,15.42,33.26,0.0,8.18
2026-09-04T02:51:00+00:00,52.46,20.99,34.35,0.0,8.76
2026-09-04T02:52:00+00:00,36.23,15.53,32.13,1.23,8.45
2026-09-04T02:53:00+00:00,34.42,10.28,35.09,0.0,8.18
2026-09-04T02:54:00+00:00,56.12,22.27,37.28,0.0,8.18
2026-09-04T02:55:00+00:00,46.48,20.77,35.62,0.46,8.18
2026-09-04T02:56:00+00:00,46.94,17.36,32.91,0.54,8.18
2026-09-04T02:57:00+00:00,52.51,20.97,32.98,0.0,8.35
2026-09-04T02:58:00+00:00,27.65,10.92,33.92,0.0,8.43
2026-09-04T02:59:00+00:00,43.16,19.21,32.37,0.0,8.38
2026-09-04T03:00:00+00:00,57.19,26.6,33.11,0.54,8.18
2026-09-04T03:01:00+00:00,51.45,14.06,30.59,0.0,8.64
2026-09-04T03:02:00+00:00,53.08,20.75,30.51,0.0,8.8
2026-09-04T03:03:00+00:00,36.9,11.84,32.17,0.0,8.41
2026-09-04T03:04:00+00:00,39.94,16.91,34.69,0.26,8.18
2026-09-04T03:05:00+00:00,51.09,17.76,34.81,0.0,8.18
2026-09-04T03:06:00+00:00,55.05,20.74,34.05,0.45,8.18
2026-09-04T03:07:00+00:00,31.71,15.36,35.68,0.0,8.2
2026-09-04T03:08:00+00:00,40.16,14.5,34.84,0.0,8.41
2026-09-04T03:09:00+00:00,50.21,14.14,31.99,0.0,8.18
2026-09-04T03:10:00+00:00,45.26,12.66,30.6,0.0,8.18
2026-09-04T03:11:00+00:00,29.26,8.3,30.98,0.0,8.24
2026-09-04T03:12:00+00:00,41.26,13.71,30.72,0.0,8.64
2026-09-04T03:13:00+00:00,43.45,19.31,35.2,0.0,8.18
2026-09-04T03:14:00+00:00,52.76,19.49,33.16,0.0,8.54
2026-09-04T03:15:00+00:00,50.96,21.36,32.42,0.0,8.59
2026-09-04T03:16:00+00:00,39.81,10.46,34.18,0.0,8.39
2026-09-04T03:17:00+00:00,50.7,20.3,33.63,0.26,8.18
2026-09-04T03:18:00+00:00,66.39,35.4,30.68,0.0,8.41
2026-09-04T03:19:00+00:00,46.29,12.91,33.61,0.17,8.68
2026-09-04T03:20:00+00:00,64.71,32.41,31.9,0.0,8.74
2026-09-04T03:21:00+00:00,55.21,28.06,30.4,0.21,8.64
2026-09-04T03:22:00+00:00,57.23,23.31,32.26,0.0,8.77
2026-09-04T03:23:00+00:00,41.26,9.83,30.41,0.0,8.4
2026-09-04T03:24:00+00:00,45.29,16.22,34.33,0.0,8.18
2026-09-04T03:25:00+00:00,49.55,18.45,33.55,0.0,8.18
2026-09-04T03:26:00+00:00,34.94,14.06,34.13,0.75,8.39
2026-09-04T03:27:00+00:00,44.26,15.27,32.39,0.0,8.25
2026-09-04T03:28:00+00:00,25.81,9.18,32.28,0.0,8.68
2026-09-04T03:29:00+00:00,45.06,12.96,32.64,0.04,8.74
2026-09-04T03:30:00+00:00,49.71,13.55,33.4,0.0,8.18
2026-09-04T03:31:00+00:00,58.98,21.57,29.32,0.0,8.18
2026-09-04T03:32:00+00:00,53.5,15.51,30.67,0.0,8.18
2026-09-04T03:33:00+00:00,44.16,15.92,30.05,0.0,8.54
2026-09-04T03:34:00+00:00,50.34,21.67,31.49,0.0,8.53
2026-09-04T03:35:00+00:00,36.06,16.54,30.79,0.0,8.41
2026-09-04T03:36:00+00:00,47.29,21.56,32.04,0.0,8.18
2026-09-04T03:37:00+00:00,51.22,18.33,31.72,0.14,8.18
2026-09-04T03:38:00+00:00,46.03,23.64,32.23,0.03,8.5
2026-09-04T03:39:00+00:00,54.09,20.4,34.21,0.0,8.2
2026-09-04T03:40:00+00:00,43.77,11.93,32.85,0.0,8.47
2026-09-04T03:41:00+00:00,62.39,27.67,30.21,0.0,8.18
2026-09-04T03:42:00+00:00,45.13,15.68,30.69,0.0,8.67
2026-09-04T03:43:00+00:00,40.58,20.21,35.04,0.0,8.25
2026-09-04T03:44:00+00:00,44.94,15.9,34.42,0.46,8.22
2026-09-04T03:45:00+00:00,50.84,19.89,31.79,0.0,8.59
2026-09-04T03:46:00+00:00,45.35,18.86,30.56,0.0,8.67
2026-09-04T03:47:00+00:00,51.94,18.7,32.12,0.0,8.42
2026-09-04T03:48:00+00:00,37.16,14.8,32.16,0.0,8.18
2026-09-04T03:49:00+00:00,30.71,11.63,34.25,0.0,8.78
2026-09-04T03:50:00+00:00,52.09,20.13,30.22,0.0,8.55
2026-09-04T03:51:00+00:00,50.99,14.2,31.21,0.0,8.52
2026-09-04T03:52:00+00:00,51.49,13.94,31.9,0.0,8.75
2026-09-04T03:53:00+00:00,53.05,18.3,31.74,0.0,8.37
2026-09-04T03:54:00+00:00,41.42,12.09,34.22,0.0,8.18
2026-09-04T03:55:00+00:00,36.19,15.16,33.85,0.0,8.42
2026-09-04T03:56:00+00:00,52.72,19.28,32.4,0.0,8.8
2026-09-04T03:57:00+00:00,48.77,18.87,33.6,0.0,8.18
2026-09-04T03:58:00+00:00,35.29,11.5,33.19,0.29,8.18
2026-09-04T03:59:00+00:00,58.77,21.67,30.84,0.0,8.49
2026-09-04T04:00:00+00:00,47.23,22.38,34.47,0.0,8.4
2026-09-04T04:01:00+00:00,65.08,30.36,31.96,0.0,8.18
2026-09-04T04:02:00+00:00,50.08,20.91,36.09,0.37,8.18
2026-09-04T04:03:00+00:00,34.97,8.12,35.12,0.0,8.18
2026-09-04T04:04:00+00:00,52.29,18.19,33.76,0.0,8.41
2026-09-04T04:05:00+00:00,43.87,14.72,33.15,0.0,8.6
2026-09-04T04:06:00+00:00,51.89,20.67,35.32,0.0,8.21
2026-09-04T04:07:00+00:00,48.13,16.01,34.19,0.0,8.33
2026-09-04T04:08:00+00:00,59.71,28.63,37.85,0.0,8.79
2026-09-04T04:09:00+00:00,43.23,12.95,33.51,0.0,8.8
2026-09-04T04:10:00+00:00,52.51,19.97,35.66,0.09,8.35
2026-09-04T04:11:00+00:00,41.97,11.93,31.6,0.0,8.18
2026-09-04T04:12:00+00:00,39.77,17.78,31.11,0.61,8.5
2026-09-04T04:13:00+00:00,53.36,19.57,31.75,0.47,8.45
2026-09-04T04:14:00+00:00,55.99,17.28,32.08,0.41,8.63
2026-09-04T04:15:00+00:00,54.35,18.35,32.04,0.39,8.18
2026-09-04T04:16:00+00:00,53.22,20.31,33.81,0.09,8.18
2026-09-04T04:17:00+00:00,40.03,19.6,32.1,0.0,8.18
2026-09-04T04:18:00+00:00,29.0,11.69,33.99,0.01,8.18
2026-09-04T04:19:00+00:00,59.56,27.96,33.73,0.42,8.18
2026-09-04T04:20:00+00:00,32.1,9.4,32.84,0.0,8.18
2026-09-04T04:21:00+00:00,56.54,24.62,35.69,0.0,8.18
2026-09-04T04:22:00+00:00,41.97,16.43,31.81,0.0,8.18
2026-09-04T04:23:00+00:00,52.43,19.54,33.56,0.0,8.8
2026-09-04T04:24:00+00:00,42.26,17.13,31.48,0.18,8.18
2026-09-04T04:25:00+00:00,38.42,16.16,36.28,0.15,8.18
2026-09-04T04:26:00+00:00,30.0,12.85,31.7,0.04,8.18
2026-09-04T04:27:00+00:00,47.42,17.5,32.6,0.0,8.18
2026-09-04T04:28:00+00:00,52.82,20.62,36.09,0.0,8.18
2026-09-04T04:29:00+00:00,32.9,13.8,33.48,0.0,8.21
2026-09-04T04:30:00+00:00,52.34,16.44,33.58,0.06,8.18
2026-09-04T04:31:00+00:00,41.45,12.76,34.8,0.0,8.4
2026-09-04T04:32:00+00:00,35.06,15.91,32.97,0.0,8.18
2026-09-04T04:33:00+00:00,51.98,18.71,35.18,0.0,8.39
2026-09-04T04:34:00+00:00,52.49,18.1,34.05,0.0,8.18
2026-09-04T04:35:00+00:00,38.84,17.5,35.88,0.0,8.23
2026-09-04T04:36:00+00:00,55.6,24.39,34.2,0.0,8.2
2026-09-04T04:37:00+00:00,54.6,22.64,31.69,0.0,8.72
2026-09-04T04:38:00+00:00,50.8,23.16,30.54,0.0,8.26
2026-09-04T04:39:00+00:00,48.26,12.37,32.19,0.0,8.18
2026-09-04T04:40:00+00:00,53.78,19.64,32.07,0.0,8.18
2026-09-04T04:41:00+00:00,38.9,14.58,35.5,0.0,8.38
2026-09-04T04:42:00+00:00,51.95,20.87,33.04,0.0,8.18
2026-09-04T04:43:00+00:00,30.29,10.84,34.0,0.0,8.18
2026-09-04T04:44:00+00:00,55.09,17.35,35.2,0.0,8.18
2026-09-04T04:45:00+00:00,51.24,18.06,32.43,0.0,8.58
2026-09-04T04:46:00+00:00,52.52,21.94,34.3,0.0,8.46
2026-09-04T04:47:00+00:00,40.94,19.31,33.98,0.23,8.68
2026-09-04T04:48:00+00:00,25.81,8.13,31.86,0.26,8.18
2026-09-04T04:49:00+00:00,46.77,16.83,34.47,0.0,8.18
2026-09-04T04:50:00+00:00,50.83,15.45,33.16,0.33,8.18
2026-09-04T04:51:00+00:00,50.1,16.64,30.67,0.0,8.74
2026-09-04T04:52:00+00:00,35.35,16.62,33.05,0.0,8.63
2026-09-04T04:53:00+00:00,53.16,19.1,33.13,0.0,8.77
2026-09-04T04:54:00+00:00,38.81,15.57,35.72,0.0,8.55
2026-09-04T04:55:00+00:00,54.55,20.47,30.27,0.0,8.18
2026-09-04T04:56:00+00:00,44.81,15.74,33.4,0.2,8.63
2026-09-04T04:57:00+00:00,55.49,21.03,33.1,0.33,8.68
2026-09-04T04:58:00+00:00,49.0,16.42,34.54,0.09,8.18
2026-09-04T04:59:00+00:00,43.06,11.19,31.19,0.0,8.18
2026-09-04T05:00:00+00:00,34.68,8.29,36.41,0.11,8.18
2026-09-04T05:01:00+00:00,52.32,17.29,32.03,0.54,8.18
2026-09-04T05:02:00+00:00,53.03,22.64,32.15,0.0,8.18
2026-09-04T05:03:00+00:00,46.06,15.05,33.15,0.59,8.68
2026-09-04T05:04:00+00:00,52.97,19.05,31.73,0.0,8.18
2026-09-04T05:05:00+00:00,56.42,22.84,35.52,0.0,8.78
2026-09-04T05:06:00+00:00,51.33,15.16,35.95,0.0,8.18
2026-09-04T05:07:00+00:00,50.96,19.09,33.89,0.0,8.18
2026-09-04T05:08:00+00:00,53.43,23.12,31.57,0.0,8.46
2026-09-04T05:09:00+00:00,44.61,15.19,33.65,0.0,8.29
2026-09-04T05:10:00+00:00,58.15,25.62,31.57,0.0,8.5
2026-09-04T05:11:00+00:00,50.56,17.8,30.9,0.0,8.52
2026-09-04T05:12:00+00:00,46.71,18.97,34.55,0.0,8.46
2026-09-04T05:13:00+00:00,39.87,14.72,35.19,0.28,8.71
2026-09-04T05:14:00+00:00,51.72,22.14,32.53,0.12,8.18
2026-09-04T05:15:00+00:00,55.36,25.37,32.8,0.0,8.49
2026-09-04T05:16:00+00:00,53.32,21.26,33.06,0.0,8.55
2026-09-04T05:17:00+00:00,51.83,19.72,32.46,0.18,8.45
2026-09-04T05:18:00+00:00,41.94,16.11,35.52,0.0,8.18
2026-09-04T05:19:00+00:00,47.26,19.79,35.94,0.0,8.78
2026-09-04T05:20:00+00:00,55.94,25.26,33.66,0.0,8.66
2026-09-04T05:21:00+00:00,46.23,17.45,31.92,0.43,8.18
2026-09-04T05:22:00+00:00,52.84,18.2,32.55,0.0,8.18
2026-09-04T05:23:00+00:00,51.9,18.87,30.45,0.0,8.59
2026-09-04T05:24:00+00:00,46.74,13.2,33.64,0.0,8.18
2026-09-04T05:25:00+00:00,38.26,15.79,33.31,0.0,8.7
2026-09-04T05:26:00+00:00,44.52,16.04,34.21,0.0,8.32
2026-09-04T05:27:00+00:00,51.3,16.18,31.49,0.21,8.22
2026-09-04T05:28:00+00:00,52.42,21.36,34.19,0.0,8.78
2026-09-04T05:29:00+00:00,41.71,15.97,31.95,0.0,8.18
2026-09-04T05:30:00+00:00,50.13,18.59,32.3,0.0,8.18
2026-09-04T05:31:00+00:00,53.23,19.87,32.96,0.0,8.18
2026-09-04T05:32:00+00:00,30.39,13.28,33.32,0.0,8.18
2026-09-04T05:33:00+00:00,53.53,19.94,34.08,0.34,8.53
2026-09-04T05:34:00+00:00,45.19,21.37,31.29,0.0,8.24
2026-09-04T05:35:00+00:00,47.94,12.99,30.69,0.01,8.71
2026-09-04T05:36:00+00:00,45.13,17.63,31.46,0.47,8.49
2026-09-04T05:37:00+00:00,30.77,11.25,35.41,0.15,8.27
2026-09-04T05:38:00+00:00,36.61,13.74,28.08,0.0,8.4
2026-09-04T05:39:00+00:00,50.91,16.24,31.34,0.0,8.47
2026-09-04T05:40:00+00:00,49.84,21.31,31.44,0.06,8.64
2026-09-04T05:41:00+00:00,34.65,14.5,34.1,0.14,8.55
2026-09-04T05:42:00+00:00,37.74,14.71,31.64,0.0,8.18
2026-09-04T05:43:00+00:00,38.74,9.75,33.88,0.0,8.3
2026-09-04T05:44:00+00:00,34.65,12.8,34.89,0.24,8.18
2026-09-04T05:45:00+00:00,44.97,17.93,33.61,0.0,8.42
2026-09-04T05:46:00+00:00,50.03,15.11,33.47,0.04,8.6
2026-09-04T05:47:00+00:00,39.19,14.14,32.54,0.0,8.18
2026-09-04T05:48:00+00:00,53.48,18.02,34.22,0.0,8.65
2026-09-04T05:49:00+00:00,51.52,18.86,31.67,0.0,8.65
2026-09-04T05:50:00+00:00,38.13,13.42,33.23,0.0,8.18
2026-09-04T05:51:00+00:00,51.37,19.4,32.52,0.0,8.78
2026-09-04T05:52:00+00:00,45.42,12.14,33.79,0.28,8.18
2026-09-04T05:53:00+00:00,47.13,17.85,32.61,0.0,8.18
2026-09-04T05:54:00+00:00,42.58,14.18,34.17,0.57,8.2
2026-09-04T05:55:00+00:00,52.88,20.65,32.47,0.0,8.18
2026-09-04T05:56:00+00:00,54.09,20.69,30.66,0.0,8.54
2026-09-04T05:57:00+00:00,49.65,18.96,32.52,0.0,8.61
2026-09-04T05:58:00+00:00,56.47,19.66,34.49,0.0,8.18
2026-09-04T05:59:00+00:00,45.52,15.09,32.06,0.0,8.18
2026-09-04T06:00:00+00:00,43.26,14.9,34.65,0.0,8.71
2026-09-04T06:01:00+00:00,35.77,14.32,31.82,0.0,8.18
2026-09-04T06:02:00+00:00,43.0,18.57,35.04,0.0,8.45
2026-09-04T06:03:00+00:00,53.91,19.21,33.95,0.41,8.8
2026-09-04T06:04:00+00:00,51.27,20.17,32.68,0.28,8.37
2026-09-04T06:05:00+00:00,55.85,23.79,34.35,0.33,8.44
2026-09-04T06:06:00+00:00,56.89,24.56,32.53,0.14,8.18
2026-09-04T06:07:00+00:00,53.87,22.43,34.21,0.0,8.3
2026-09-04T06:08:00+00:00,56.2,23.48,35.14,0.0,8.6
2026-09-04T06:09:00+00:00,25.87,7.5,31.55,0.0,8.18
2026-09-04T06:10:00+00:00,34.97,20.66,34.58,0.0,8.18
2026-09-04T06:11:00+00:00,48.32,20.35,34.73,0.0,8.18
2026-09-04T06:12:00+00:00,51.43,21.12,33.16,0.0,8.57
2026-09-04T06:13:00+00:00,47.35,14.65,35.23,0.78,8.59
2026-09-04T06:14:00+00:00,51.84,20.69,36.19,0.0,8.5
2026-09-04T06:15:00+00:00,48.65,15.99,33.51,0.0,8.28
2026-09-04T06:16:00+00:00,34.55,11.1,34.1,0.36,8.45
2026-09-04T06:17:00+00:00,53.33,25.08,34.66,0.34,8.18
2026-09-04T06:18:00+00:00,43.87,18.65,35.35,0.21,8.73
2026-09-04T06:19:00+00:00,49.39,18.34,36.93,0.0,8.18
2026-09-04T06:20:00+00:00,45.71,24.28,32.69,0.12,8.18
2026-09-04T06:21:00+00:00,50.76,17.98,28.48,0.0,8.18
2026-09-04T06:22:00+00:00,51.75,19.84,33.87,0.0,8.18
2026-09-04T06:23:00+00:00,54.11,24.53,36.49,0.14,8.18
2026-09-04T06:24:00+00:00,51.27,18.74,34.55,0.0,8.52
2026-09-04T06:25:00+00:00,41.16,14.25,32.14,0.0,8.73
2026-09-04T06:26:00+00:00,57.11,26.31,32.42,0.16,8.74
2026-09-04T06:27:00+00:00,51.43,20.49,31.64,0.0,8.18
2026-09-04T06:28:00+00:00,50.91,20.87,31.48,0.74,8.77
2026-09-04T06:29:00+00:00,52.14,17.82,35.77,0.0,8.65
2026-09-04T06:30:00+00:00,51.27,21.85,32.73,0.0,8.47
2026-09-04T06:31:00+00:00,41.77,16.29,34.43,0.81,8.62
2026-09-04T06:32:00+00:00,58.25,19.38,36.19,0.37,8.25
2026-09-04T06:33:00+00:00,51.3,17.19,36.35,0.0,8.65
2026-09-04T06:34:00+00:00,45.61,22.55,32.99,0.0,8.65
2026-09-04T06:35:00+00:00,52.41,20.06,31.96,0.0,8.57
2026-09-04T06:36:00+00:00,53.51,19.14,34.27,0.14,8.18
2026-09-04T06:37:00+00:00,41.94,16.76,34.66,0.0,8.57
2026-09-04T06:38:00+00:00,37.71,14.87,35.64,0.0,8.46
2026-09-04T06:39:00+00:00,55.2,20.66,35.68,0.0,8.75
2026-09-04T06:40:00+00:00,54.75,21.95,32.76,0.0,8.18
2026-09-04T06:41:00+00:00,31.16,12.66,34.91,0.0,8.18
2026-09-04T06:42:00+00:00,52.13,19.51,31.95,0.0,8.18
2026-09-04T06:43:00+00:00,25.81,9.63,32.13,0.0,8.59
2026-09-04T06:44:00+00:00,34.84,13.35,32.59,0.0,8.6
2026-09-04T06:45:00+00:00,47.68,16.38,35.43,0.19,8.72
2026-09-04T06:46:00+00:00,46.39,14.47,35.92,0.0,8.18
2026-09-04T06:47:00+00:00,43.61,18.53,34.48,0.0,8.18
2026-09-04T06:48:00+00:00,48.52,15.56,34.96,0.0,8.49
2026-09-04T06:49:00+00:00,53.47,20.8,31.13,0.0,8.64
2026-09-04T06:50:00+00:00,28.77,9.49,34.79,0.62,8.2
2026-09-04T06:51:00+00:00,57.41,25.45,35.48,0.0,8.22
2026-09-04T06:52:00+00:00,48.71,14.85,37.91,0.26,8.62
2026-09-04T06:53:00+00:00,43.61,14.6,32.86,0.16,8.27
2026-09-04T06:54:00+00:00,49.0,17.55,35.74,0.0,8.18
2026-09-04T06:55:00+00:00,40.23,12.7,32.01,0.0,8.44
2026-09-04T06:56:00+00:00,48.65,20.48,36.03,0.0,8.26
2026-09-04T06:57:00+00:00,49.84,16.72,36.44,0.0,8.5
2026-09-04T06:58:00+00:00,41.39,13.1,36.01,0.43,8.18
2026-09-04T06:59:00+00:00,38.97,17.96,31.25,0.0,8.76
2026-09-04T07:00:00+00:00,37.94,9.64,35.0,0.0,8.73
2026-09-04T07:01:00+00:00,41.19,12.52,39.18,0.72,8.32
2026-09-04T07:02:00+00:00,33.48,10.31,36.68,0.07,8.18
2026-09-04T07:03:00+00:00,52.81,22.1,35.54,0.0,8.78
2026-09-04T07:04:00+00:00,50.51,16.37,32.08,0.0,8.34
2026-09-04T07:05:00+00:00,47.74,17.61,31.6,0.0,8.7
2026-09-04T07:06:00+00:00,47.06,17.52,34.37,0.0,8.18
2026-09-04T07:07:00+00:00,54.47,20.3,36.96,0.0,8.18
2026-09-04T07:08:00+00:00,34.55,13.79,36.79,0.0,8.18
2026-09-04T07:09:00+00:00,42.65,11.32,33.0,0.0,8.18
2026-09-04T07:10:00+00:00,51.24,22.78,37.53,0.11,8.29
2026-09-04T07:11:00+00:00,52.73,18.47,35.67,0.62,8.18
2026-09-04T07:12:00+00:00,52.11,20.56,35.59,0.0,8.18
2026-09-04T07:13:00+00:00,51.72,20.25,34.01,0.0,8.18
2026-09-04T07:14:00+00:00,51.15,18.27,35.22,0.0,8.18
2026-09-04T07:15:00+00:00,50.55,15.64,33.75,0.0,8.18
2026-09-04T07:16:00+00:00,43.16,13.67,37.6,0.0,8.18
2026-09-04T07:17:00+00:00,34.77,13.63,35.43,0.0,8.77
2026-09-04T07:18:00+00:00,52.59,25.76,34.2,0.0,8.18
2026-09-04T07:19:00+00:00,55.96,23.32,35.81,0.0,8.18
2026-09-04T07:20:00+00:00,50.53,14.79,37.81,0.0,8.18
2026-09-04T07:21:00+00:00,34.19,15.78,39.22,0.79,8.22
2026-09-04T07:22:00+00:00,44.23,11.68,35.27,0.0,8.18
2026-09-04T07:23:00+00:00,52.11,15.94,38.04,0.0,8.18
2026-09-04T07:24:00+00:00,38.19,13.61,34.44,0.0,8.18
2026-09-04T07:25:00+00:00,36.77,8.34,36.61,0.07,8.69
2026-09-04T07:26:00+00:00,54.09,17.69,32.79,0.34,8.66
2026-09-04T07:27:00+00:00,56.3,25.6,38.5,0.04,8.18
2026-09-04T07:28:00+00:00,43.19,15.59,36.25,0.0,8.43
2026-09-04T07:29:00+00:00,36.35,11.45,37.54,0.0,8.63
2026-09-04T07:30:00+00:00,51.78,18.64,34.33,0.0,8.18
2026-09-04T07:31:00+00:00,50.16,16.75,36.97,0.0,8.18
2026-09-04T07:32:00+00:00,50.99,16.91,34.27,0.0,8.66
2026-09-04T07:33:00+00:00,52.13,17.95,37.21,0.1,8.31
2026-09-04T07:34:00+00:00,53.61,25.82,35.66,0.0,8.35
2026-09-04T07:35:00+00:00,44.23,15.23,38.45,0.0,8.73
2026-09-04T07:36:00+00:00,47.52,17.02,37.07,0.0,8.18
2026-09-04T07:37:00+00:00,51.95,16.09,41.33,0.3,8.49
2026-09-04T07:38:00+00:00,51.75,23.44,37.8,0.0,8.18
2026-09-04T07:39:00+00:00,61.45,28.21,35.96,0.0,8.18
2026-09-04T07:40:00+00:00,46.26,16.97,34.31,0.0,8.18
2026-09-04T07:41:00+00:00,44.06,15.94,37.18,0.0,8.49
2026-09-04T07:42:00+00:00,40.29,12.39,36.46,0.0,8.18
2026-09-04T07:43:00+00:00,45.71,13.97,35.87,0.0,8.5
2026-09-04T07:44:00+00:00,44.68,15.71,38.6,0.0,8.31
2026-09-04T07:45:00+00:00,52.17,17.9,36.47,0.0,8.47
2026-09-04T07:46:00+00:00,29.68,13.57,37.2,0.0,8.2
2026-09-04T07:47:00+00:00,51.28,16.96,34.53,0.0,8.22
2026-09-04T07:48:00+00:00,51.29,14.96,34.8,0.0,8.37
2026-09-04T07:49:00+00:00,53.96,21.26,37.97,0.12,8.66
2026-09-04T07:50:00+00:00,48.16,17.6,37.18,0.38,8.35
2026-09-04T07:51:00+00:00,42.42,17.9,38.27,0.18,8.21
2026-09-04T07:52:00+00:00,54.95,26.41,38.97,0.0,8.57
2026-09-04T07:53:00+00:00,50.55,21.68,37.55,0.0,8.6
2026-09-04T07:54:00+00:00,47.55,14.98,33.35,0.0,8.53
2026-09-04T07:55:00+00:00,41.9,16.98,39.62,0.18,8.69
2026-09-04T07:56:00+00:00,50.8,15.98,36.37,0.0,8.3
2026-09-04T07:57:00+00:00,52.34,23.13,39.39,1.19,8.35
2026-09-04T07:58:00+00:00,49.32,13.93,36.8,0.0,8.51
2026-09-04T07:59:00+00:00,39.84,14.6,39.94,0.39,9.0
2026-09-04T08:00:00+00:00,53.72,19.53,39.2,0.0,8.25
2026-09-04T08:01:00+00:00,33.45,15.87,38.56,0.0,8.73
2026-09-04T08:02:00+00:00,56.53,23.6,43.3,0.0,8.76
2026-09-04T08:03:00+00:00,50.19,13.43,36.4,0.0,8.92
2026-09-04T08:04:00+00:00,48.74,25.07,37.1,0.0,8.82
2026-09-04T08:05:00+00:00,47.32,20.5,38.0,0.0,9.07
2026-09-04T08:06:00+00:00,51.57,17.99,37.96,0.0,8.6
2026-09-04T08:07:00+00:00,48.97,17.51,38.64,0.39,9.08
2026-09-04T08:08:00+00:00,50.11,16.68,39.96,0.58,8.45
2026-09-04T08:09:00+00:00,47.19,14.25,39.98,0.0,9.21
2026-09-04T08:10:00+00:00,50.1,14.66,38.23,0.0,8.48
2026-09-04T08:11:00+00:00,46.77,15.33,38.16,0.0,8.45
2026-09-04T08:12:00+00:00,48.45,16.9,39.51,0.22,8.49
2026-09-04T08:13:00+00:00,51.09,13.47,37.83,0.64,8.28
2026-09-04T08:14:00+00:00,48.9,15.59,40.14,0.7,8.22
2026-09-04T08:15:00+00:00,58.43,20.03,38.72,0.0,8.62
2026-09-04T08:16:00+00:00,38.0,14.4,39.04,0.0,9.49
2026-09-04T08:17:00+00:00,39.87,12.96,39.11,0.0,8.68
2026-09-04T08:18:00+00:00,47.9,23.02,38.03,0.0,8.71
2026-09-04T08:19:00+00:00,44.42,16.1,40.19,0.0,9.6
2026-09-04T08:20:00+00:00,43.55,18.36,38.3,0.0,10.19
2026-09-04T08:21:00+00:00,41.71,13.82,39.52,0.16,8.31
2026-09-04T08:22:00+00:00,51.47,15.72,42.4,0.0,8.49
2026-09-04T08:23:00+00:00,42.52,14.21,39.8,0.16,8.45
2026-09-04T08:24:00+00:00,50.78,11.45,42.97,0.01,8.24
2026-09-04T08:25:00+00:00,50.59,19.61,40.72,0.0,10.22
2026-09-04T08:26:00+00:00,45.87,14.93,35.9,0.0,8.43
2026-09-04T08:27:00+00:00,49.26,17.07,41.68,0.43,8.24
2026-09-04T08:28:00+00:00,50.59,14.81,42.45,0.0,8.39
2026-09-04T08:29:00+00:00,53.57,22.8,40.1,0.62,10.25
2026-09-04T08:30:00+00:00,44.42,15.73,39.87,0.0,8.19
2026-09-04T08:31:00+00:00,55.53,21.6,37.68,0.0,8.57
2026-09-04T08:32:00+00:00,46.9,15.53,36.05,0.7,8.45
2026-09-04T08:33:00+00:00,42.26,21.6,39.75,0.13,8.48
2026-09-04T08:34:00+00:00,49.45,21.54,42.32,0.0,11.19
2026-09-04T08:35:00+00:00,31.06,8.54,41.26,0.62,8.57
2026-09-04T08:36:00+00:00,50.43,18.92,37.75,0.0,11.33
2026-09-04T08:37:00+00:00,50.63,21.5,37.3,0.0,8.4
2026-09-04T08:38:00+00:00,50.53,15.23,36.72,0.0,8.56
2026-09-04T08:39:00+00:00,53.6,20.88,42.38,0.0,8.65
2026-09-04T08:40:00+00:00,49.42,21.94,36.7,0.24,11.81
2026-09-04T08:41:00+00:00,27.48,7.5,39.36,0.24,8.76
2026-09-04T08:42:00+00:00,56.53,24.41,40.72,0.0,8.77
2026-09-04T08:43:00+00:00,26.77,9.52,39.06,0.0,8.72
2026-09-04T08:44:00+00:00,33.74,10.85,42.31,0.41,10.62
2026-09-04T08:45:00+00:00,39.87,11.31,41.42,0.74,8.35
2026-09-04T08:46:00+00:00,43.06,15.08,38.21,0.18,8.68
2026-09-04T08:47:00+00:00,49.26,20.47,40.03,0.0,8.4
2026-09-04T08:48:00+00:00,54.91,20.96,40.96,0.0,8.35
2026-09-04T08:49:00+00:00,51.64,19.35,42.32,0.0,12.11
2026-09-04T08:50:00+00:00,29.74,14.13,42.67,0.09,11.55
2026-09-04T08:51:00+00:00,34.16,11.1,40.16,0.0,8.8
2026-09-04T08:52:00+00:00,46.71,14.64,43.61,0.02,8.8
2026-09-04T08:53:00+00:00,44.42,17.25,41.05,0.0,8.22
2026-09-04T08:54:00+00:00,51.15,23.83,40.76,0.0,8.73
2026-09-04T08:55:00+00:00,49.45,12.59,42.58,0.88,8.23
2026-09-04T08:56:00+00:00,55.78,20.87,43.11,0.0,11.82
2026-09-04T08:57:00+00:00,51.18,12.26,45.96,0.16,8.45
2026-09-04T08:58:00+00:00,50.53,16.59,40.71,0.0,8.25
2026-09-04T08:59:00+00:00,52.38,22.44,41.05,0.0,13.62
2026-09-04T09:00:00+00:00,48.32,18.17,39.15,0.0,8.39
2026-09-04T09:01:00+00:00,49.55,15.03,42.98,0.0,13.82
2026-09-04T09:02:00+00:00,52.32,18.26,41.31,0.39,12.03
2026-09-04T09:03:00+00:00,45.52,14.4,39.89,0.0,8.75
2026-09-04T09:04:00+00:00,41.45,12.17,43.66,0.26,14.16
2026-09-04T09:05:00+00:00,46.0,18.59,44.83,0.0,13.77
2026-09-04T09:06:00+00:00,51.79,19.45,41.22,0.0,8.69
2026-09-04T09:07:00+00:00,29.97,12.82,44.41,0.0,13.09
2026-09-04T09:08:00+00:00,46.0,20.99,44.15,0.0,8.62
2026-09-04T09:09:00+00:00,50.86,20.04,42.13,0.35,11.96
2026-09-04T09:10:00+00:00,48.71,13.59,41.85,0.0,13.77
2026-09-04T09:11:00+00:00,50.04,19.69,41.18,0.0,12.13
2026-09-04T09:12:00+00:00,50.8,22.87,41.89,0.21,8.57
2026-09-04T09:13:00+00:00,52.38,22.79,46.04,0.0,8.57
2026-09-04T09:14:00+00:00,44.74,12.36,41.95,0.0,12.66
2026-09-04T09:15:00+00:00,50.73,20.15,47.29,0.0,13.79
2026-09-04T09:16:00+00:00,51.88,18.92,42.56,0.0,14.97
2026-09-04T09:17:00+00:00,47.87,18.13,43.04,0.0,8.34
2026-09-04T09:18:00+00:00,46.9,15.68,42.38,0.0,8.72
2026-09-04T09:19:00+00:00,50.58,20.85,45.9,0.0,8.51
2026-09-04T09:20:00+00:00,44.68,16.58,41.85,0.0,15.42
2026-09-04T09:21:00+00:00,47.06,16.39,45.08,0.0,8.66
2026-09-04T09:22:00+00:00,53.67,23.03,41.0,0.0,13.84
2026-09-04T09:23:00+00:00,39.13,17.8,43.79,0.0,8.47
2026-09-04T09:24:00+00:00,51.54,20.44,42.74,0.0,15.18
2026-09-04T09:25:00+00:00,50.59,20.97,42.17,0.0,8.73
2026-09-04T09:26:00+00:00,49.68,21.17,45.59,0.0,13.4
2026-09-04T09:27:00+00:00,49.19,18.99,40.46,0.24,14.55
2026-09-04T09:28:00+00:00,50.14,22.41,44.0,0.0,8.52
2026-09-04T09:29:00+00:00,40.0,17.79,43.31,0.0,8.34
2026-09-04T09:30:00+00:00,46.03,14.31,42.76,0.0,8.33
2026-09-04T09:31:00+00:00,48.1,16.94,41.52,0.0,16.89
2026-09-04T09:32:00+00:00,41.61,16.78,42.7,0.0,8.22
2026-09-04T09:33:00+00:00,50.4,13.42,44.15,0.0,16.39
2026-09-04T09:34:00+00:00,52.39,15.89,46.95,0.0,8.5
2026-09-04T09:35:00+00:00,55.24,23.2,43.41,0.0,13.3
2026-09-04T09:36:00+00:00,53.68,23.08,40.82,0.0,8.28
2026-09-04T09:37:00+00:00,53.85,23.25,45.07,0.0,14.74
2026-09-04T09:38:00+00:00,54.99,23.6,46.22,0.0,8.46
2026-09-04T09:39:00+00:00,52.04,23.26,41.71,0.0,8.73
2026-09-04T09:40:00+00:00,52.46,21.6,45.62,0.01,8.72
2026-09-04T09:41:00+00:00,49.0,16.65,43.71,0.0,8.42
2026-09-04T09:42:00+00:00,49.65,21.17,42.53,0.0,8.77
2026-09-04T09:43:00+00:00,48.71,20.82,46.01,0.0,14.99
2026-09-04T09:44:00+00:00,34.29,9.54,43.72,0.0,14.18
2026-09-04T09:45:00+00:00,45.55,15.25,44.81,0.0,16.16
2026-09-04T09:46:00+00:00,47.81,14.52,42.19,0.0,14.46
2026-09-04T09:47:00+00:00,53.13,17.35,42.79,0.0,15.93
2026-09-04T09:48:00+00:00,50.49,14.66,45.64,0.0,17.35
2026-09-04T09:49:00+00:00,43.39,13.34,44.77,0.5,8.33
2026-09-04T09:50:00+00:00,53.7,16.76,45.31,0.0,15.88
2026-09-04T09:51:00+00:00,51.69,23.55,40.62,0.0,8.35
2026-09-04T09:52:00+00:00,40.87,19.09,40.45,0.0,17.29
2026-09-04T09:53:00+00:00,40.23,12.91,43.06,0.04,18.83
2026-09-04T09:54:00+00:00,43.19,18.94,45.17,0.0,17.41
2026-09-04T09:55:00+00:00,57.26,22.98,45.89,0.0,8.59
2026-09-04T09:56:00+00:00,44.35,17.37,41.12,0.0,14.91
2026-09-04T09:57:00+00:00,48.87,19.64,44.34,0.0,17.16
2026-09-04T09:58:00+00:00,41.39,17.14,38.98,0.0,8.38
2026-09-04T09:59:00+00:00,52.02,21.44,43.09,0.4,8.4
2026-09-04T10:00:00+00:00,41.87,13.43,43.92,0.0,8.75
2026-09-04T10:01:00+00:00,52.46,18.64,42.33,0.0,16.37
2026-09-04T10:02:00+00:00,50.11,17.03,40.95,0.0,8.78
2026-09-04T10:03:00+00:00,51.19,16.99,40.83,0.0,8.57
2026-09-04T10:04:00+00:00,48.29,17.32,44.21,0.0,8.28
2026-09-04T10:05:00+00:00,53.01,19.65,45.06,0.0,18.28
2026-09-04T10:06:00+00:00,46.39,13.49,41.83,0.0,19.39
2026-09-04T10:07:00+00:00,53.25,20.34,43.08,0.0,18.98
2026-09-04T10:08:00+00:00,43.03,18.72,44.0,0.0,15.9
2026-09-04T10:09:00+00:00,44.61,21.01,43.45,0.0,19.66
2026-09-04T10:10:00+00:00,49.29,20.44,47.63,0.0,8.8
2026-09-04T10:11:00+00:00,40.97,14.7,46.75,0.37,8.68
2026-09-04T10:12:00+00:00,53.97,20.57,44.09,0.04,19.66
2026-09-04T10:13:00+00:00,50.6,17.47,43.67,0.0,8.65
2026-09-04T10:14:00+00:00,47.42,18.07,45.43,0.0,8.56
2026-09-04T10:15:00+00:00,49.9,14.99,47.15,0.0,8.19
2026-09-04T10:16:00+00:00,52.11,24.45,44.02,0.0,21.75
2026-09-04T10:17:00+00:00,40.94,14.25,43.96,0.0,18.12
2026-09-04T10:18:00+00:00,41.81,13.94,46.21,0.0,20.98
2026-09-04T10:19:00+00:00,44.29,14.71,41.37,0.0,8.64
2026-09-04T10:20:00+00:00,51.65,20.8,47.91,0.18,8.75
2026-09-04T10:21:00+00:00,53.32,20.74,44.55,0.0,21.85
2026-09-04T10:22:00+00:00,32.81,17.43,42.39,0.0,8.43
2026-09-04T10:23:00+00:00,41.68,13.61,43.56,0.0,8.67
2026-09-04T10:24:00+00:00,45.13,16.15,45.92,0.24,20.13
2026-09-04T10:25:00+00:00,47.0,15.59,45.07,0.0,8.55
2026-09-04T10:26:00+00:00,54.84,20.45,44.5,0.0,8.2
2026-09-04T10:27:00+00:00,50.06,19.17,48.21,0.16,8.63
2026-09-04T10:28:00+00:00,36.9,12.99,43.67,0.0,19.5
2026-09-04T10:29:00+00:00,40.29,17.02,41.23,0.0,8.67
2026-09-04T10:30:00+00:00,40.16,15.35,41.05,0.0,19.42
2026-09-04T10:31:00+00:00,50.35,16.89,42.46,0.0,19.31
2026-09-04T10:32:00+00:00,51.45,25.23,43.7,0.0,17.51
2026-09-04T10:33:00+00:00,41.39,15.52,44.36,0.0,22.14
2026-09-04T10:34:00+00:00,34.26,12.57,45.14,0.44,23.83
2026-09-04T10:35:00+00:00,53.05,18.08,42.62,0.32,8.49
2026-09-04T10:36:00+00:00,40.42,16.59,41.09,0.0,22.28
2026-09-04T10:37:00+00:00,48.23,14.22,39.58,0.0,17.9
2026-09-04T10:38:00+00:00,50.69,16.63,39.36,0.0,8.67
2026-09-04T10:39:00+00:00,45.19,16.44,43.57,0.0,24.26
2026-09-04T10:40:00+00:00,53.37,18.67,46.11,0.0,20.45
2026-09-04T10:41:00+00:00,53.97,17.71,41.79,0.0,8.28
2026-09-04T10:42:00+00:00,47.87,15.06,45.58,0.0,23.08
2026-09-04T10:43:00+00:00,51.63,19.23,41.0,0.12,8.53
2026-09-04T10:44:00+00:00,51.39,22.66,47.09,0.41,23.72
2026-09-04T10:45:00+00:00,44.94,12.11,43.11,0.0,23.86
2026-09-04T10:46:00+00:00,53.92,23.44,40.88,0.0,8.68
2026-09-04T10:47:00+00:00,41.55,15.24,44.0,0.0,18.4
2026-09-04T10:48:00+00:00,37.65,13.51,44.03,0.0,8.76
2026-09-04T10:49:00+00:00,50.88,17.05,48.14,0.0,24.25
2026-09-04T10:50:00+00:00,39.03,14.64,40.52,0.0,8.28
2026-09-04T10:51:00+00:00,51.17,18.78,44.45,0.0,8.68
2026-09-04T10:52:00+00:00,52.13,18.12,43.35,0.0,8.23
2026-09-04T10:53:00+00:00,53.73,25.03,40.07,0.08,18.43
2026-09-04T10:54:00+00:00,51.97,20.37,43.39,0.0,8.47
2026-09-04T10:55:00+00:00,47.87,19.2,40.42,0.33,8.44
2026-09-04T10:56:00+00:00,39.03,16.65,42.86,0.0,8.4
2026-09-04T10:57:00+00:00,50.66,21.45,39.96,0.0,8.73
2026-09-04T10:58:00+00:00,50.58,15.69,42.31,0.0,8.6
2026-09-04T10:59:00+00:00,55.01,26.42,43.52,0.0,8.36
2026-09-04T11:00:00+00:00,50.09,19.19,42.56,0.0,26.82
2026-09-04T11:01:00+00:00,34.32,17.03,39.33,0.0,21.57
2026-09-04T11:02:00+00:00,48.68,13.91,38.78,0.0,8.57
2026-09-04T11:03:00+00:00,42.26,12.18,43.1,0.0,20.12
2026-09-04T11:04:00+00:00,50.98,16.32,42.09,0.0,19.39
2026-09-04T11:05:00+00:00,50.66,18.03,42.97,0.0,22.85
2026-09-04T11:06:00+00:00,52.54,19.21,40.64,0.0,8.44
2026-09-04T11:07:00+00:00,39.45,16.56,42.25,0.0,8.25
2026-09-04T11:08:00+00:00,50.54,15.26,38.27,0.0,8.68
2026-09-04T11:09:00+00:00,48.52,14.26,40.23,0.0,26.52
2026-09-04T11:10:00+00:00,53.85,18.99,40.52,0.0,22.31
2026-09-04T11:11:00+00:00,47.52,15.05,40.62,0.19,25.45
2026-09-04T11:12:00+00:00,41.61,16.53,40.3,0.0,8.46
2026-09-04T11:13:00+00:00,59.39,28.88,39.8,0.0,25.9
2026-09-04T11:14:00+00:00,42.9,17.19,42.13,0.34,25.18
2026-09-04T11:15:00+00:00,53.4,18.06,42.68,0.06,8.44
2026-09-04T11:16:00+00:00,50.1,17.54,43.3,0.0,8.67
2026-09-04T11:17:00+00:00,41.0,11.95,41.64,0.0,8.56
2026-09-04T11:18:00+00:00,47.48,14.92,39.05,0.0,8.68
2026-09-04T11:19:00+00:00,46.87,16.62,41.6,0.0,26.04
2026-09-04T11:20:00+00:00,43.55,13.45,43.36,0.0,8.8
2026-09-04T11:21:00+00:00,47.71,13.73,40.49,0.0,27.09
2026-09-04T11:22:00+00:00,40.58,14.77,41.42,0.0,8.71
2026-09-04T11:23:00+00:00,37.97,16.64,37.59,0.0,21.51
2026-09-04T11:24:00+00:00,49.03,15.47,38.07,0.0,27.72
2026-09-04T11:25:00+00:00,51.65,16.85,40.96,0.0,8.32
2026-09-04T11:26:00+00:00,43.97,9.3,40.82,0.0,21.44
2026-09-04T11:27:00+00:00,49.39,17.47,40.49,0.0,22.07
2026-09-04T11:28:00+00:00,55.19,18.81,39.22,0.0,8.2
2026-09-04T11:29:00+00:00,51.03,17.08,40.65,0.33,8.66
2026-09-04T11:30:00+00:00,43.39,13.92,40.73,0.0,8.6
2026-09-04T11:31:00+00:00,36.97,15.87,33.8,0.0,29.08
2026-09-04T11:32:00+00:00,44.45,18.31,39.86,0.0,8.57
2026-09-04T11:33:00+00:00,41.81,15.8,38.77,0.47,20.81
2026-09-04T11:34:00+00:00,43.06,14.44,39.96,0.0,8.3
2026-09-04T11:35:00+00:00,50.78,17.5,41.61,0.38,25.1
2026-09-04T11:36:00+00:00,55.19,21.05,37.18,0.0,29.33
2026-09-04T11:37:00+00:00,52.38,20.14,37.1,0.0,30.49
2026-09-04T11:38:00+00:00,37.71,13.78,38.04,0.0,8.47
2026-09-04T11:39:00+00:00,35.52,13.82,36.24,0.2,8.72
2026-09-04T11:40:00+00:00,52.09,17.75,39.69,0.27,8.66
2026-09-04T11:41:00+00:00,50.69,13.94,37.09,0.0,8.48
2026-09-04T11:42:00+00:00,53.75,19.7,36.34,0.0,8.65
2026-09-04T11:43:00+00:00,43.87,15.07,39.02,0.0,8.55
2026-09-04T11:44:00+00:00,51.73,20.61,38.19,0.0,21.44
2026-09-04T11:45:00+00:00,41.0,13.61,37.25,0.69,30.35
2026-09-04T11:46:00+00:00,52.63,17.38,37.96,0.65,8.3
2026-09-04T11:47:00+00:00,44.03,14.13,35.8,0.28,8.35
2026-09-04T11:48:00+00:00,53.78,20.01,39.04,0.0,8.25
2026-09-04T11:49:00+00:00,37.52,13.45,39.76,0.0,8.69
2026-09-04T11:50:00+00:00,34.81,11.83,38.58,0.35,8.38
2026-09-04T11:51:00+00:00,45.81,17.65,41.85,0.0,29.49
2026-09-04T11:52:00+00:00,49.58,25.55,37.25,0.0,8.59
2026-09-04T11:53:00+00:00,48.39,16.71,37.22,0.0,8.4
2026-09-04T11:54:00+00:00,51.04,18.95,37.65,0.5,8.67
2026-09-04T11:55:00+00:00,35.55,15.88,36.9,0.15,8.78
2026-09-04T11:56:00+00:00,54.7,23.99,36.77,0.0,26.17
2026-09-04T11:57:00+00:00,42.97,17.8,35.19,0.0,8.3
2026-09-04T11:58:00+00:00,41.1,17.24,39.33,0.0,8.43
2026-09-04T11:59:00+00:00,50.56,21.49,39.65,0.2,30.97
2026-09-04T12:00:00+00:00,50.99,16.52,38.09,0.0,31.87
2026-09-04T12:01:00+00:00,53.75,20.01,38.26,0.0,8.75
2026-09-04T12:02:00+00:00,28.94,9.73,37.96,0.0,8.57
2026-09-04T12:03:00+00:00,41.68,18.65,36.36,0.0,8.28
2026-09-04T12:04:00+00:00,53.7,21.89,39.33,0.0,8.28
2026-09-04T12:05:00+00:00,51.35,17.36,38.07,0.0,8.33
2026-09-04T12:06:00+00:00,51.2,16.83,37.29,0.0,8.64
2026-09-04T12:07:00+00:00,35.32,11.05,40.7,0.0,8.43
2026-09-04T12:08:00+00:00,46.71,12.41,38.97,0.0,25.74
2026-09-04T12:09:00+00:00,51.83,16.84,37.17,0.0,31.89
2026-09-04T12:10:00+00:00,38.65,13.19,37.94,0.0,33.33
2026-09-04T12:11:00+00:00,54.37,20.54,37.0,0.67,8.79
2026-09-04T12:12:00+00:00,36.81,12.47,42.53,0.0,8.35
2026-09-04T12:13:00+00:00,39.77,11.18,38.32,0.0,25.62
2026-09-04T12:14:00+00:00,50.68,20.22,40.08,0.0,33.58
2026-09-04T12:15:00+00:00,49.13,16.67,35.75,0.0,27.99
2026-09-04T12:16:00+00:00,38.71,12.89,36.95,0.0,8.29
2026-09-04T12:17:00+00:00,50.29,16.53,35.53,0.41,8.38
2026-09-04T12:18:00+00:00,46.71,14.12,39.26,0.0,27.61
2026-09-04T12:19:00+00:00,44.23,15.63,37.35,0.0,8.45
2026-09-04T12:20:00+00:00,50.74,13.32,37.57,0.54,8.58
2026-09-04T12:21:00+00:00,29.29,11.51,38.16,0.0,23.82
2026-09-04T12:22:00+00:00,48.87,19.71,34.98,0.0,28.18
2026-09-04T12:23:00+00:00,50.26,16.9,37.95,0.38,29.82
2026-09-04T12:24:00+00:00,47.74,14.87,37.06,0.06,28.81
2026-09-04T12:25:00+00:00,52.02,20.09,39.77,0.0,30.45
2026-09-04T12:26:00+00:00,45.77,14.1,37.17,0.0,8.61
2026-09-04T12:27:00+00:00,42.52,15.53,37.23,0.01,8.47
2026-09-04T12:28:00+00:00,49.68,16.69,33.83,0.0,8.6
2026-09-04T12:29:00+00:00,35.74,13.54,37.62,0.33,8.23
2026-09-04T12:30:00+00:00,59.75,25.65,34.27,0.11,25.19
2026-09-04T12:31:00+00:00,55.29,25.31,35.02,0.0,8.25
2026-09-04T12:32:00+00:00,51.18,17.7,38.57,0.0,8.47
2026-09-04T12:33:00+00:00,49.26,17.74,40.03,0.0,28.67
2026-09-04T12:34:00+00:00,48.45,15.31,36.52,0.08,8.78
2026-09-04T12:35:00+00:00,52.69,13.74,34.4,0.09,8.66
2026-09-04T12:36:00+00:00,37.0,12.09,35.41,0.0,31.9
2026-09-04T12:37:00+00:00,49.77,11.8,37.76,0.0,27.38
2026-09-04T12:38:00+00:00,51.12,19.85,34.64,0.0,8.74
2026-09-04T12:39:00+00:00,51.84,19.53,35.56,0.0,28.57
2026-09-04T12:40:00+00:00,43.97,14.8,33.0,0.0,8.6
2026-09-04T12:41:00+00:00,52.01,12.92,37.29,0.0,32.9
2026-09-04T12:42:00+00:00,53.66,18.87,36.67,0.0,34.99
2026-09-04T12:43:00+00:00,43.42,14.53,34.65,0.0,8.72
2026-09-04T12:44:00+00:00,52.22,20.75,34.86,0.07,25.51
2026-09-04T12:45:00+00:00,42.13,14.99,34.89,0.0,31.21
2026-09-04T12:46:00+00:00,41.74,11.76,34.72,0.0,28.3
2026-09-04T12:47:00+00:00,50.8,19.99,33.5,0.09,8.67
2026-09-04T12:48:00+00:00,50.39,19.62,33.07,0.26,8.24
2026-09-04T12:49:00+00:00,52.17,25.6,34.74,0.0,35.62
2026-09-04T12:50:00+00:00,52.07,16.21,34.57,0.0,8.56
2026-09-04T12:51:00+00:00,49.58,17.75,34.7,0.62,8.75
2026-09-04T12:52:00+00:00,35.45,8.98,38.97,0.0,24.04
2026-09-04T12:53:00+00:00,55.63,24.75,40.46,0.0,8.26
2026-09-04T12:54:00+00:00,44.0,16.37,33.5,0.12,27.18
2026-09-04T12:55:00+00:00,54.79,24.47,35.09,0.0,26.21
2026-09-04T12:56:00+00:00,34.42,15.64,35.5,0.01,27.6
2026-09-04T12:57:00+00:00,50.23,21.81,33.52,0.26,25.99
2026-09-04T12:58:00+00:00,51.98,22.03,31.97,0.0,25.63
2026-09-04T12:59:00+00:00,37.45,12.14,38.18,0.0,8.49
2026-09-04T13:00:00+00:00,38.0,13.39,37.34,0.45,32.95
2026-09-04T13:01:00+00:00,52.33,18.3,34.92,0.0,8.5
2026-09-04T13:02:00+00:00,43.13,14.23,33.05,0.0,8.25
2026-09-04T13:03:00+00:00,45.55,16.93,32.31,0.0,8.57
2026-09-04T13:04:00+00:00,50.91,22.86,35.88,0.0,8.18
2026-09-04T13:05:00+00:00,53.36,21.61,30.43,0.06,32.4
2026-09-04T13:06:00+00:00,52.17,20.19,32.64,0.0,24.2
2026-09-04T13:07:00+00:00,47.06,12.16,37.93,0.0,32.82
2026-09-04T13:08:00+00:00,53.3,18.21,33.51,0.0,26.07
2026-09-04T13:09:00+00:00,47.48,20.64,32.95,0.38,29.86
2026-09-04T13:10:00+00:00,50.33,17.53,33.99,0.26,8.59
2026-09-04T13:11:00+00:00,43.71,12.67,33.06,0.34,8.59
2026-09-04T13:12:00+00:00,42.61,15.48,32.0,0.36,30.27
2026-09-04T13:13:00+00:00,45.39,18.81,31.49,0.36,8.77
2026-09-04T13:14:00+00:00,35.16,14.56,32.88,0.0,8.62
2026-09-04T13:15:00+00:00,46.77,20.68,35.01,0.0,8.44
2026-09-04T13:16:00+00:00,52.48,22.11,34.01,0.0,8.34
2026-09-04T13:17:00+00:00,53.66,15.96,33.36,0.0,31.02
2026-09-04T13:18:00+00:00,53.25,17.85,36.97,0.0,8.57
2026-09-04T13:19:00+00:00,48.61,19.23,33.78,0.0,8.28
2026-09-04T13:20:00+00:00,52.19,21.59,32.66,0.0,8.35
2026-09-04T13:21:00+00:00,51.44,25.8,35.52,0.63,8.36
2026-09-04T13:22:00+00:00,53.61,26.19,32.6,0.0,8.64
2026-09-04T13:23:00+00:00,50.98,19.64,33.9,0.0,33.4
2026-09-04T13:24:00+00:00,49.81,21.78,37.7,0.0,8.36
2026-09-04T13:25:00+00:00,53.6,21.29,38.29,0.0,28.58
2026-09-04T13:26:00+00:00,50.29,23.01,31.36,0.0,8.64
2026-09-04T13:27:00+00:00,53.65,17.67,36.48,0.0,8.25
2026-09-04T13:28:00+00:00,38.26,16.17,31.91,0.0,30.57
2026-09-04T13:29:00+00:00,50.8,19.45,36.89,0.0,25.73
2026-09-04T13:30:00+00:00,47.35,15.12,36.07,0.32,33.27
2026-09-04T13:31:00+00:00,51.3,16.93,34.64,0.0,8.37
2026-09-04T13:32:00+00:00,53.55,20.04,32.87,0.0,8.29
2026-09-04T13:33:00+00:00,51.9,19.22,36.26,0.24,29.7
2026-09-04T13:34:00+00:00,50.15,17.51,32.93,0.0,35.48
2026-09-04T13:35:00+00:00,43.84,18.58,31.14,0.0,8.32
2026-09-04T13:36:00+00:00,52.67,21.7,36.47,0.36,26.71
2026-09-04T13:37:00+00:00,49.29,17.81,34.97,0.0,31.35
2026-09-04T13:38:00+00:00,40.23,13.33,33.02,0.0,8.55
2026-09-04T13:39:00+00:00,51.07,24.07,32.03,0.37,34.17
2026-09-04T13:40:00+00:00,43.35,14.62,32.92,0.0,35.55
2026-09-04T13:41:00+00:00,49.32,14.81,31.87,0.0,25.33
2026-09-04T13:42:00+00:00,50.54,15.19,32.75,0.0,35.02
2026-09-04T13:43:00+00:00,51.38,17.43,34.84,0.0,8.43
2026-09-04T13:44:00+00:00,41.61,13.1,34.29,0.28,27.04
2026-09-04T13:45:00+00:00,45.13,17.19,35.45,0.0,8.56
2026-09-04T13:46:00+00:00,46.81,15.4,35.18,0.0,8.24
2026-09-04T13:47:00+00:00,45.55,10.89,34.55,0.86,8.64
2026-09-04T13:48:00+00:00,43.65,20.7,35.77,0.0,26.28
2026-09-04T13:49:00+00:00,57.72,22.57,39.33,0.0,8.52
2026-09-04T13:50:00+00:00,50.13,14.17,36.53,0.0,8.65
2026-09-04T13:51:00+00:00,41.68,10.73,34.1,0.0,8.75
2026-09-04T13:52:00+00:00,37.65,12.3,38.16,0.0,27.1
2026-09-04T13:53:00+00:00,51.67,19.88,33.76,0.0,8.55
2026-09-04T13:54:00+00:00,41.42,16.16,34.92,0.68,35.78
2026-09-04T13:55:00+00:00,47.52,23.18,33.57,0.0,32.23
2026-09-04T13:56:00+00:00,51.65,26.44,33.71,0.0,8.58
2026-09-04T13:57:00+00:00,51.97,19.95,32.98,0.0,33.29
2026-09-04T13:58:00+00:00,50.48,15.44,34.68,0.0,30.32
2026-09-04T13:59:00+00:00,47.84,19.56,32.64,0.0,8.5
2026-09-04T14:00:00+00:00,51.8,20.22,34.9,0.69,28.23
2026-09-04T14:01:00+00:00,49.52,20.07,32.54,0.0,35.25
2026-09-04T14:02:00+00:00,44.87,19.35,35.64,0.3,8.38
2026-09-04T14:03:00+00:00,50.58,15.92,34.68,0.0,26.91
2026-09-04T14:04:00+00:00,54.57,19.44,32.81,0.0,8.29
2026-09-04T14:05:00+00:00,58.08,31.89,30.27,0.58,8.36
2026-09-04T14:06:00+00:00,51.98,22.08,35.65,0.0,8.48
2026-09-04T14:07:00+00:00,46.23,17.71,33.25,0.0,8.69
2026-09-04T14:08:00+00:00,40.71,17.54,32.28,0.39,28.2
2026-09-04T14:09:00+00:00,50.76,14.15,31.06,0.21,32.07
2026-09-04T14:10:00+00:00,31.97,7.96,35.95,0.0,34.37
2026-09-04T14:11:00+00:00,49.9,22.89,33.09,0.0,28.2
2026-09-04T14:12:00+00:00,51.99,19.03,31.64,0.0,8.3
2026-09-04T14:13:00+00:00,49.94,16.23,31.43,0.17,8.53
2026-09-04T14:14:00+00:00,41.0,16.88,33.89,0.0,8.49
2026-09-04T14:15:00+00:00,52.07,20.0,33.13,0.0,8.18
2026-09-04T14:16:00+00:00,30.52,14.49,33.05,0.0,8.5
2026-09-04T14:17:00+00:00,48.45,15.28,34.78,0.56,8.38
2026-09-04T14:18:00+00:00,52.13,15.39,34.22,0.0,8.75
2026-09-04T14:19:00+00:00,51.58,19.15,33.96,0.0,8.34
2026-09-04T14:20:00+00:00,58.52,22.89,33.04,0.0,8.62
2026-09-04T14:21:00+00:00,46.84,15.06,33.2,0.0,26.78
2026-09-04T14:22:00+00:00,50.96,14.98,34.11,0.0,26.62
2026-09-04T14:23:00+00:00,51.74,18.91,32.41,0.0,8.55
2026-09-04T14:24:00+00:00,41.55,12.72,32.98,0.0,8.72
2026-09-04T14:25:00+00:00,53.13,20.65,35.27,0.0,34.64
2026-09-04T14:26:00+00:00,45.13,17.4,33.18,0.0,32.76
2026-09-04T14:27:00+00:00,54.75,22.2,31.99,0.84,29.71
2026-09-04T14:28:00+00:00,54.91,28.31,32.98,0.0,35.01
2026-09-04T14:29:00+00:00,50.46,21.93,33.39,0.0,28.01
2026-09-04T14:30:00+00:00,43.29,17.46,32.3,0.0,24.41
2026-09-04T14:31:00+00:00,46.58,15.33,35.44,0.25,8.27
2026-09-04T14:32:00+00:00,51.22,16.15,35.63,0.46,8.5
2026-09-04T14:33:00+00:00,50.21,17.95,31.48,0.0,25.62
2026-09-04T14:34:00+00:00,47.77,14.39,34.34,0.0,8.6
2026-09-04T14:35:00+00:00,44.87,17.31,31.3,0.0,31.45
2026-09-04T14:36:00+00:00,34.94,11.94,35.61,0.0,34.27
2026-09-04T14:37:00+00:00,44.16,15.94,33.38,0.0,8.46
2026-09-04T14:38:00+00:00,52.29,16.46,31.92,0.34,8.38
2026-09-04T14:39:00+00:00,53.35,24.6,31.62,0.0,8.18
2026-09-04T14:40:00+00:00,51.74,20.79,31.32,0.04,25.17
2026-09-04T14:41:00+00:00,36.68,8.88,34.51,0.0,8.72
2026-09-04T14:42:00+00:00,54.04,22.86,35.82,0.44,8.18
2026-09-04T14:43:00+00:00,51.05,16.95,33.32,0.0,8.7
2026-09-04T14:44:00+00:00,36.23,13.45,31.07,0.66,8.65
2026-09-04T14:45:00+00:00,48.94,15.87,29.49,0.29,8.63
2026-09-04T14:46:00+00:00,49.58,18.52,31.82,0.0,22.93
2026-09-04T14:47:00+00:00,51.83,23.24,32.74,0.0,29.73
2026-09-04T14:48:00+00:00,37.71,14.89,33.42,0.0,33.17
2026-09-04T14:49:00+00:00,54.01,20.7,33.2,0.0,26.24
2026-09-04T14:50:00+00:00,50.23,17.0,34.44,0.0,8.46
2026-09-04T14:51:00+00:00,36.87,15.41,31.82,0.0,8.32
2026-09-04T14:52:00+00:00,45.81,16.47,31.94,0.0,31.03
2026-09-04T14:53:00+00:00,59.44,33.12,32.61,0.0,8.26
2026-09-04T14:54:00+00:00,40.58,12.92,34.62,0.0,29.76
2026-09-04T14:55:00+00:00,54.99,24.62,32.33,0.0,8.77
2026-09-04T14:56:00+00:00,52.49,22.45,34.27,0.0,8.74
2026-09-04T14:57:00+00:00,48.45,15.6,36.01,0.0,8.7
2026-09-04T14:58:00+00:00,48.68,19.0,35.55,0.0,8.38
2026-09-04T14:59:00+00:00,35.45,13.93,33.55,0.22,8.67
2026-09-04T15:00:00+00:00,47.84,18.22,36.96,0.31,24.56
2026-09-04T15:01:00+00:00,47.45,16.09,37.01,0.0,25.6
2026-09-04T15:02:00+00:00,53.71,19.43,36.01,0.0,8.44
2026-09-04T15:03:00+00:00,45.13,17.56,36.31,0.0,8.75
2026-09-04T15:04:00+00:00,52.74,22.03,34.09,0.0,8.75
2026-09-04T15:05:00+00:00,50.41,21.03,35.47,0.0,30.28
2026-09-04T15:06:00+00:00,47.16,17.81,32.19,0.0,23.41
2026-09-04T15:07:00+00:00,47.68,10.78,30.68,0.0,23.96
2026-09-04T15:08:00+00:00,51.99,23.65,31.47,0.21,8.24
2026-09-04T15:09:00+00:00,38.77,14.51,32.48,0.0,24.66
2026-09-04T15:10:00+00:00,43.26,14.84,33.31,0.0,8.55
2026-09-04T15:11:00+00:00,50.84,23.74,34.93,0.4,8.79
2026-09-04T15:12:00+00:00,50.74,17.34,33.65,0.0,8.63
2026-09-04T15:13:00+00:00,54.42,25.49,29.73,0.0,8.79
2026-09-04T15:14:00+00:00,45.23,15.32,35.83,0.0,8.2
2026-09-04T15:15:00+00:00,47.52,18.65,35.18,0.0,8.46
2026-09-04T15:16:00+00:00,51.14,15.43,29.83,0.0,24.74
2026-09-04T15:17:00+00:00,39.42,13.15,35.78,0.0,22.41
2026-09-04T15:18:00+00:00,53.73,22.68,36.73,0.0,31.27
2026-09-04T15:19:00+00:00,52.29,18.53,31.88,0.64,8.45
2026-09-04T15:20:00+00:00,55.39,25.9,33.53,0.0,8.52
2026-09-04T15:21:00+00:00,49.84,12.86,33.15,0.0,21.38
2026-09-04T15:22:00+00:00,41.84,18.5,35.7,0.0,21.54
2026-09-04T15:23:00+00:00,46.29,11.02,33.09,0.0,8.66
2026-09-04T15:24:00+00:00,41.06,20.04,35.16,0.0,8.71
2026-09-04T15:25:00+00:00,42.74,14.35,31.09,0.0,8.68
2026-09-04T15:26:00+00:00,45.0,13.34,36.41,0.0,8.36
2026-09-04T15:27:00+00:00,49.32,18.53,34.59,0.0,21.72
2026-09-04T15:28:00+00:00,49.32,18.84,33.97,0.0,27.75
2026-09-04T15:29:00+00:00,52.41,23.23,34.14,0.0,8.66
2026-09-04T15:30:00+00:00,46.77,13.85,30.43,0.31,8.64
2026-09-04T15:31:00+00:00,49.61,17.53,36.61,0.0,8.53
2026-09-04T15:32:00+00:00,50.84,18.36,34.96,0.0,8.4
2026-09-04T15:33:00+00:00,51.35,15.92,32.44,0.0,25.29
2026-09-04T15:34:00+00:00,51.19,20.07,33.59,0.38,8.27
2026-09-04T15:35:00+00:00,50.96,20.61,35.92,0.0,20.26
2026-09-04T15:36:00+00:00,43.9,13.83,32.78,0.71,8.24
2026-09-04T15:37:00+00:00,49.94,16.59,32.83,0.0,8.45
2026-09-04T15:38:00+00:00,46.71,16.62,35.08,0.0,8.79
2026-09-04T15:39:00+00:00,49.9,18.6,33.73,0.0,8.29
2026-09-04T15:40:00+00:00,49.26,25.5,34.58,0.82,27.35
2026-09-04T15:41:00+00:00,39.13,14.68,34.27,0.0,23.9
2026-09-04T15:42:00+00:00,47.74,15.31,34.28,0.0,21.87
2026-09-04T15:43:00+00:00,47.29,16.54,33.45,0.0,20.21
2026-09-04T15:44:00+00:00,53.06,19.29,31.51,0.0,8.79
2026-09-04T15:45:00+00:00,45.23,11.65,32.04,0.01,8.55
2026-09-04T15:46:00+00:00,51.03,19.3,34.54,0.0,8.57
2026-09-04T15:47:00+00:00,41.87,15.52,37.49,0.38,28.2
2026-09-04T15:48:00+00:00,40.19,18.54,32.98,0.13,8.72
2026-09-04T15:49:00+00:00,51.04,14.37,35.48,0.0,8.58
2026-09-04T15:50:00+00:00,34.42,14.28,35.07,0.0,24.12
2026-09-04T15:51:00+00:00,37.61,9.89,35.64,0.0,24.68
2026-09-04T15:52:00+00:00,50.41,17.18,37.39,0.54,26.46
2026-09-04T15:53:00+00:00,47.03,15.27,33.87,0.0,8.5
2026-09-04T15:54:00+00:00,55.4,22.8,31.59,0.0,26.63
2026-09-04T15:55:00+00:00,50.91,13.65,32.24,0.0,25.57
2026-09-04T15:56:00+00:00,44.71,17.06,34.05,0.0,8.47
2026-09-04T15:57:00+00:00,41.03,12.83,32.06,0.0,8.77
2026-09-04T15:58:00+00:00,47.52,17.92,37.28,0.0,22.93
2026-09-04T15:59:00+00:00,51.02,19.62,31.25,0.0,8.41
2026-09-04T16:00:00+00:00,50.66,16.65,34.01,0.0,8.35
2026-09-04T16:01:00+00:00,46.45,19.89,36.32,0.0,8.26
2026-09-04T16:02:00+00:00,31.74,12.04,36.92,0.0,20.69
2026-09-04T16:03:00+00:00,36.61,13.21,32.18,0.0,8.2
2026-09-04T16:04:00+00:00,41.03,12.04,31.46,0.0,8.38
2026-09-04T16:05:00+00:00,50.85,18.79,34.08,0.0,8.2
2026-09-04T16:06:00+00:00,50.43,15.97,35.33,0.08,19.43
2026-09-04T16:07:00+00:00,52.68,18.94,35.76,0.0,8.33
2026-09-04T16:08:00+00:00,37.61,10.26,34.05,0.0,8.65
2026-09-04T16:09:00+00:00,46.58,13.99,34.67,0.0,8.62
2026-09-04T16:10:00+00:00,54.5,19.04,35.09,0.0,25.36
2026-09-04T16:11:00+00:00,50.01,16.1,31.34,0.0,8.38
2026-09-04T16:12:00+00:00,56.85,25.94,34.53,0.36,24.99
2026-09-04T16:13:00+00:00,36.0,10.95,32.75,0.54,8.76
2026-09-04T16:14:00+00:00,46.61,17.67,36.42,0.0,19.8
2026-09-04T16:15:00+00:00,43.0,17.4,32.87,0.02,17.91
2026-09-04T16:16:00+00:00,54.29,26.16,36.1,0.0,20.98
2026-09-04T16:17:00+00:00,48.35,17.26,34.68,0.47,8.57
2026-09-04T16:18:00+00:00,50.36,15.34,34.65,0.39,8.58
2026-09-04T16:19:00+00:00,46.35,15.6,35.1,0.0,8.43
2026-09-04T16:20:00+00:00,41.39,19.39,37.02,0.0,8.78
2026-09-04T16:21:00+00:00,51.12,18.97,34.67,0.0,17.7
2026-09-04T16:22:00+00:00,43.16,14.07,31.54,0.0,8.3
2026-09-04T16:23:00+00:00,43.71,16.83,35.27,0.2,19.57
2026-09-04T16:24:00+00:00,52.57,19.91,31.57,0.0,8.32
2026-09-04T16:25:00+00:00,40.0,10.72,35.56,0.0,20.68
2026-09-04T16:26:00+00:00,36.35,13.92,34.86,0.0,17.7
2026-09-04T16:27:00+00:00,46.58,15.64,36.17,0.0,20.22
2026-09-04T16:28:00+00:00,48.23,13.53,34.95,0.34,17.91
2026-09-04T16:29:00+00:00,51.64,25.03,33.05,0.0,8.18
2026-09-04T16:30:00+00:00,47.58,15.5,35.14,0.0,8.61
2026-09-04T16:31:00+00:00,51.29,20.73,32.91,0.0,22.55
2026-09-04T16:32:00+00:00,40.61,13.37,34.96,0.0,8.29
2026-09-04T16:33:00+00:00,41.23,13.94,34.21,0.0,19.77
2026-09-04T16:34:00+00:00,54.56,20.71,37.31,0.38,18.09
2026-09-04T16:35:00+00:00,50.24,17.54,32.88,0.28,22.31
2026-09-04T16:36:00+00:00,41.48,15.51,30.78,0.12,22.58
2026-09-04T16:37:00+00:00,53.08,16.99,32.33,0.0,17.09
2026-09-04T16:38:00+00:00,51.5,22.33,34.0,0.1,21.15
2026-09-04T16:39:00+00:00,53.53,20.17,33.5,0.0,18.61
2026-09-04T16:40:00+00:00,37.68,13.97,33.2,0.0,8.47
2026-09-04T16:41:00+00:00,53.05,23.95,37.66,0.0,22.05
2026-09-04T16:42:00+00:00,55.09,23.61,36.09,0.27,8.47
2026-09-04T16:43:00+00:00,44.23,16.15,34.36,0.0,8.54
2026-09-04T16:44:00+00:00,50.03,16.77,35.09,0.13,16.49
2026-09-04T16:45:00+00:00,47.61,19.45,33.58,0.0,8.75
2026-09-04T16:46:00+00:00,54.75,21.54,37.09,0.0,8.28
2026-09-04T16:47:00+00:00,48.65,18.07,34.44,0.0,17.11
2026-09-04T16:48:00+00:00,42.87,12.75,36.54,0.03,15.88
2026-09-04T16:49:00+00:00,48.13,19.6,35.75,0.0,8.74
2026-09-04T16:50:00+00:00,48.32,15.62,35.92,0.4,8.53
2026-09-04T16:51:00+00:00,40.65,15.18,37.61,0.0,8.78
2026-09-04T16:52:00+00:00,43.1,14.85,37.78,0.0,8.33
2026-09-04T16:53:00+00:00,41.03,15.64,38.89,0.03,8.73
2026-09-04T16:54:00+00:00,45.65,20.52,36.68,0.0,8.65
2026-09-04T16:55:00+00:00,42.45,15.01,36.33,0.0,15.06
2026-09-04T16:56:00+00:00,50.36,19.32,35.21,0.22,19.48
2026-09-04T16:57:00+00:00,41.9,19.04,38.89,0.0,8.37
2026-09-04T16:58:00+00:00,52.63,20.07,34.24,0.0,8.7
2026-09-04T16:59:00+00:00,46.1,15.99,33.09,0.0,8.24
2026-09-04T17:00:00+00:00,51.58,18.34,36.34,0.0,16.43
2026-09-04T17:01:00+00:00,52.91,20.77,34.67,0.0,18.5
2026-09-04T17:02:00+00:00,50.51,18.1,36.11,0.0,17.09
2026-09-04T17:03:00+00:00,40.16,18.07,31.72,0.0,18.5
2026-09-04T17:04:00+00:00,55.23,26.88,34.89,0.0,16.8
2026-09-04T17:05:00+00:00,52.79,17.98,37.09,0.51,8.3
2026-09-04T17:06:00+00:00,44.52,14.41,36.83,0.0,8.64
2026-09-04T17:07:00+00:00,50.64,10.66,35.63,0.0,8.38
2026-09-04T17:08:00+00:00,52.51,22.57,35.74,0.43,18.73
2026-09-04T17:09:00+00:00,39.16,15.42,36.33,0.0,8.71
2026-09-04T17:10:00+00:00,50.75,17.9,34.02,0.0,17.08
2026-09-04T17:11:00+00:00,41.74,13.23,33.31,0.34,8.35
2026-09-04T17:12:00+00:00,50.44,19.03,34.33,0.07,8.53
2026-09-04T17:13:00+00:00,42.39,12.98,36.84,0.0,14.7
2026-09-04T17:14:00+00:00,48.1,15.45,37.57,0.14,8.48
2026-09-04T17:15:00+00:00,53.63,19.57,37.83,0.0,16.08
2026-09-04T17:16:00+00:00,37.61,13.84,35.37,0.09,8.34
2026-09-04T17:17:00+00:00,47.23,16.49,36.09,0.0,16.05
2026-09-04T17:18:00+00:00,41.48,14.76,41.15,0.0,8.32
2026-09-04T17:19:00+00:00,48.68,17.27,39.15,0.21,8.75
2026-09-04T17:20:00+00:00,36.32,16.92,39.72,0.0,13.69
2026-09-04T17:21:00+00:00,47.87,19.02,31.78,0.33,15.02
2026-09-04T17:22:00+00:00,53.46,21.38,37.06,0.0,15.23
2026-09-04T17:23:00+00:00,50.16,15.15,35.01,0.0,8.3
2026-09-04T17:24:00+00:00,50.2,21.79,36.3,0.0,17.3
2026-09-04T17:25:00+00:00,51.33,16.32,34.7,0.0,8.77
2026-09-04T17:26:00+00:00,41.61,14.22,35.87,0.0,8.75
2026-09-04T17:27:00+00:00,55.18,23.01,37.29,0.0,8.69
2026-09-04T17:28:00+00:00,55.85,24.67,35.61,0.0,8.59
2026-09-04T17:29:00+00:00,45.52,13.6,37.41,0.0,15.34
2026-09-04T17:30:00+00:00,48.23,12.82,38.84,0.61,13.31
2026-09-04T17:31:00+00:00,52.51,19.2,37.02,0.0,8.78
2026-09-04T17:32:00+00:00,49.9,13.52,40.12,0.59,8.19
2026-09-04T17:33:00+00:00,38.26,17.79,37.1,0.0,8.47
2026-09-04T17:34:00+00:00,51.32,23.5,31.94,0.67,14.19
2026-09-04T17:35:00+00:00,45.65,13.76,33.89,0.69,8.35
2026-09-04T17:36:00+00:00,35.42,9.85,37.7,0.0,8.39
2026-09-04T17:37:00+00:00,51.77,20.44,37.32,0.0,8.73
2026-09-04T17:38:00+00:00,48.03,20.5,36.17,0.0,15.37
2026-09-04T17:39:00+00:00,54.37,23.43,36.87,0.0,8.4
2026-09-04T17:40:00+00:00,56.33,20.13,36.75,0.0,8.26
2026-09-04T17:41:00+00:00,53.42,17.46,39.31,0.55,13.19
2026-09-04T17:42:00+00:00,51.05,21.19,35.76,0.0,8.65
2026-09-04T17:43:00+00:00,46.65,13.45,38.41,0.0,8.2
2026-09-04T17:44:00+00:00,42.87,18.27,36.19,0.0,8.7
2026-09-04T17:45:00+00:00,50.1,16.09,35.4,0.0,8.2
2026-09-04T17:46:00+00:00,44.48,15.08,37.64,0.0,15.16
2026-09-04T17:47:00+00:00,43.61,14.91,36.5,0.65,8.6
2026-09-04T17:48:00+00:00,48.26,15.02,38.23,0.0,8.23
2026-09-04T17:49:00+00:00,51.39,14.02,39.41,0.0,8.3
2026-09-04T17:50:00+00:00,53.06,16.99,38.2,0.43,8.39
2026-09-04T17:51:00+00:00,51.68,18.31,37.41,0.0,13.45
2026-09-04T17:52:00+00:00,58.32,24.49,37.8,0.0,11.97
2026-09-04T17:53:00+00:00,50.25,17.05,37.67,0.63,13.78
2026-09-04T17:54:00+00:00,43.55,14.64,38.03,0.45,8.28
2026-09-04T17:55:00+00:00,52.33,16.92,35.45,0.0,12.88
2026-09-04T17:56:00+00:00,43.23,13.17,36.96,0.31,8.75
2026-09-04T17:57:00+00:00,49.55,20.98,39.79,0.0,12.94
2026-09-04T17:58:00+00:00,50.91,16.83,39.38,0.0,11.8
2026-09-04T17:59:00+00:00,53.65,19.43,39.16,0.0,8.47
2026-09-04T18:00:00+00:00,45.26,21.05,37.73,0.06,8.77
2026-09-04T18:01:00+00:00,48.13,16.93,37.36,0.0,13.2
2026-09-04T18:02:00+00:00,54.37,22.63,39.01,0.0,8.37
2026-09-04T18:03:00+00:00,46.23,17.79,40.15,0.64,8.67
2026-09-04T18:04:00+00:00,50.65,16.18,39.58,0.0,11.59
2026-09-04T18:05:00+00:00,41.58,14.01,39.62,0.0,12.26
2026-09-04T18:06:00+00:00,46.06,19.23,38.53,0.0,8.43
2026-09-04T18:07:00+00:00,59.19,25.11,37.51,0.0,8.59
2026-09-04T18:08:00+00:00,52.57,22.4,37.16,0.56,8.64
2026-09-04T18:09:00+00:00,46.68,16.42,35.12,0.36,8.79
2026-09-04T18:10:00+00:00,43.74,20.76,38.72,0.14,8.2
2026-09-04T18:11:00+00:00,53.43,26.55,36.81,0.0,8.69
2026-09-04T18:12:00+00:00,38.61,8.01,35.88,0.0,12.48
2026-09-04T18:13:00+00:00,39.71,13.1,39.04,0.0,8.41
2026-09-04T18:14:00+00:00,49.1,15.47,42.49,0.27,11.18
2026-09-04T18:15:00+00:00,45.68,17.11,39.94,0.0,10.8
2026-09-04T18:16:00+00:00,45.35,18.04,36.88,0.0,8.5
2026-09-04T18:17:00+00:00,52.91,25.47,37.29,0.0,8.44
2026-09-04T18:18:00+00:00,55.5,23.46,42.24,0.34,8.27
2026-09-04T18:19:00+00:00,47.03,19.49,38.28,0.0,11.27
2026-09-04T18:20:00+00:00,51.99,18.44,41.75,0.07,10.82
2026-09-04T18:21:00+00:00,37.26,12.96,38.44,0.0,8.2
2026-09-04T18:22:00+00:00,49.68,23.15,38.69,0.0,8.38
2026-09-04T18:23:00+00:00,50.11,18.6,38.16,0.0,8.75
2026-09-04T18:24:00+00:00,54.77,17.59,37.29,0.0,11.63
2026-09-04T18:25:00+00:00,50.71,16.25,41.25,0.0,8.25
2026-09-04T18:26:00+00:00,52.26,18.71,39.21,0.0,8.74
2026-09-04T18:27:00+00:00,42.77,20.43,40.17,0.0,8.3
2026-09-04T18:28:00+00:00,44.77,14.62,38.31,0.0,8.52
2026-09-04T18:29:00+00:00,38.29,10.22,36.64,0.0,10.68
2026-09-04T18:30:00+00:00,38.39,11.89,36.28,0.0,10.79
2026-09-04T18:31:00+00:00,54.11,17.88,37.82,0.28,8.34
2026-09-04T18:32:00+00:00,53.18,18.63,40.82,0.47,10.34
2026-09-04T18:33:00+00:00,30.13,13.87,39.92,0.0,9.85
2026-09-04T18:34:00+00:00,54.59,18.0,41.16,0.72,8.28
2026-09-04T18:35:00+00:00,50.55,20.7,39.81,0.0,8.27
2026-09-04T18:36:00+00:00,37.81,15.17,38.95,0.0,9.95
2026-09-04T18:37:00+00:00,53.11,20.43,39.53,0.0,10.35
2026-09-04T18:38:00+00:00,41.03,8.33,40.88,0.0,8.57
2026-09-04T18:39:00+00:00,51.33,16.87,38.45,0.0,8.59
2026-09-04T18:40:00+00:00,45.0,14.45,39.29,0.29,9.58
2026-09-04T18:41:00+00:00,50.6,17.32,39.88,0.26,9.72
2026-09-04T18:42:00+00:00,49.16,19.22,39.79,0.14,9.8
2026-09-04T18:43:00+00:00,53.08,23.78,38.02,0.0,8.68
2026-09-04T18:44:00+00:00,52.04,20.75,39.43,0.0,8.7
2026-09-04T18:45:00+00:00,50.63,16.95,39.28,0.0,8.53
2026-09-04T18:46:00+00:00,51.8,21.37,38.2,0.11,9.66
2026-09-04T18:47:00+00:00,50.56,16.49,36.21,0.0,8.41
2026-09-04T18:48:00+00:00,50.4,21.61,39.98,0.0,9.6
2026-09-04T18:49:00+00:00,45.77,10.13,39.09,0.0,8.63
2026-09-04T18:50:00+00:00,36.16,14.64,37.25,0.0,8.32
2026-09-04T18:51:00+00:00,41.13,21.71,39.22,0.0,9.57
2026-09-04T18:52:00+00:00,39.1,14.54,39.73,0.0,9.54
2026-09-04T18:53:00+00:00,52.23,17.59,42.34,0.0,9.49
2026-09-04T18:54:00+00:00,52.01,20.67,39.91,0.0,8.28
2026-09-04T18:55:00+00:00,43.87,11.93,39.58,0.0,8.68
2026-09-04T18:56:00+00:00,52.77,17.35,39.0,0.0,9.29
2026-09-04T18:57:00+00:00,46.16,14.78,38.06,0.34,9.17
2026-09-04T18:58:00+00:00,52.43,15.99,40.51,0.31,8.46
2026-09-04T18:59:00+00:00,37.26,16.53,40.04,0.0,8.8
2026-09-04T19:00:00+00:00,42.77,13.66,38.2,0.0,8.56
2026-09-04T19:01:00+00:00,47.19,12.7,42.37,0.12,8.66
2026-09-04T19:02:00+00:00,52.66,26.03,40.31,0.0,8.74
2026-09-04T19:03:00+00:00,50.39,19.54,43.11,0.0,8.48
2026-09-04T19:04:00+00:00,51.99,19.36,39.2,0.0,8.57
2026-09-04T19:05:00+00:00,28.97,7.5,41.6,0.01,8.51
2026-09-04T19:06:00+00:00,45.65,15.53,38.84,0.0,8.62
2026-09-04T19:07:00+00:00,110.39,59.48,41.45,0.0,8.62
2026-09-04T19:08:00+00:00,110.21,57.44,41.13,0.0,8.53
2026-09-04T19:09:00+00:00,105.56,61.98,41.77,0.06,8.43
2026-09-04T19:10:00+00:00,109.26,59.26,40.98,0.0,8.39
2026-09-04T19:11:00+00:00,107.77,58.79,43.09,0.0,8.32
2026-09-04T19:12:00+00:00,113.62,64.31,38.8,0.0,8.28
2026-09-04T19:13:00+00:00,112.07,63.34,34.81,0.18,8.2
2026-09-04T19:14:00+00:00,109.27,57.47,42.05,0.0,8.73
2026-09-04T19:15:00+00:00,110.34,62.19,40.75,0.0,8.18
2026-09-04T19:16:00+00:00,114.19,59.92,41.84,0.0,8.33
2026-09-04T19:17:00+00:00,107.77,59.66,38.52,0.0,8.47
2026-09-04T19:18:00+00:00,114.72,61.55,40.43,0.0,8.72
2026-09-04T19:19:00+00:00,113.64,61.16,41.52,0.0,8.22
2026-09-04T19:20:00+00:00,110.86,62.22,40.76,0.34,8.18
2026-09-04T19:21:00+00:00,110.79,61.42,40.49,0.0,8.31
2026-09-04T19:22:00+00:00,112.28,58.52,45.14,0.0,8.55
2026-09-04T19:23:00+00:00,109.08,57.79,39.74,0.0,8.29
2026-09-04T19:24:00+00:00,105.99,59.88,39.32,0.0,8.27
2026-09-04T19:25:00+00:00,103.79,58.54,41.18,0.0,8.59
2026-09-04T19:26:00+00:00,106.4,59.99,42.77,0.0,8.18
2026-09-04T19:27:00+00:00,107.38,60.34,39.84,0.0,8.18
2026-09-04T19:28:00+00:00,107.68,62.2,42.87,0.0,8.77
2026-09-04T19:29:00+00:00,104.19,56.73,39.27,0.18,8.21
2026-09-04T19:30:00+00:00,102.66,54.92,41.11,0.0,8.8
2026-09-04T19:31:00+00:00,113.55,63.09,38.12,0.0,8.18
2026-09-04T19:32:00+00:00,108.12,57.99,42.7,0.33,8.18
2026-09-04T19:33:00+00:00,105.05,64.15,40.45,0.0,8.18
2026-09-04T19:34:00+00:00,105.67,56.23,41.47,0.62,8.28
2026-09-04T19:35:00+00:00,104.44,58.17,38.01,0.0,8.8
2026-09-04T19:36:00+00:00,112.96,64.75,38.57,0.0,8.18
2026-09-04T19:37:00+00:00,101.27,56.43,39.62,0.0,8.68
2026-09-04T19:38:00+00:00,104.81,57.31,40.44,0.0,8.37
2026-09-04T19:39:00+00:00,100.37,53.61,40.12,0.0,8.42
2026-09-04T19:40:00+00:00,102.12,56.18,42.45,0.0,8.68
2026-09-04T19:41:00+00:00,41.9,14.24,41.02,0.87,8.72
2026-09-04T19:42:00+00:00,46.71,17.58,39.96,0.0,8.18
2026-09-04T19:43:00+00:00,50.33,17.36,39.26,0.0,8.2
2026-09-04T19:44:00+00:00,43.74,15.66,45.0,0.0,8.18
2026-09-04T19:45:00+00:00,51.14,21.37,41.93,0.0,8.39
2026-09-04T19:46:00+00:00,50.48,21.85,39.63,0.0,8.35
2026-09-04T19:47:00+00:00,45.03,15.54,40.82,0.0,8.68
2026-09-04T19:48:00+00:00,49.77,15.98,41.32,0.18,8.36
2026-09-04T19:49:00+00:00,45.42,13.38,44.3,0.0,8.18
2026-09-04T19:50:00+00:00,44.48,13.65,42.76,0.0,8.44
2026-09-04T19:51:00+00:00,40.48,13.16,39.34,0.51,8.21
2026-09-04T19:52:00+00:00,44.61,16.97,39.62,0.0,8.33
2026-09-04T19:53:00+00:00,38.68,7.5,42.98,0.0,8.3
2026-09-04T19:54:00+00:00,39.71,17.8,43.07,0.0,8.18
2026-09-04T19:55:00+00:00,44.35,15.0,38.72,0.0,8.51
2026-09-04T19:56:00+00:00,51.89,18.19,41.45,0.0,8.44
2026-09-04T19:57:00+00:00,51.84,20.32,42.65,0.34,8.18
2026-09-04T19:58:00+00:00,48.19,20.68,39.06,1.02,8.18
2026-09-04T19:59:00+00:00,37.94,11.75,44.11,0.0,8.8
2026-09-04T20:00:00+00:00,44.35,12.1,38.86,0.0,8.18
2026-09-04T20:01:00+00:00,51.99,19.76,38.54,0.0,8.37
2026-09-04T20:02:00+00:00,42.16,16.78,41.64,0.48,8.44
2026-09-04T20:03:00+00:00,47.97,16.91,41.64,0.0,8.18
2026-09-04T20:04:00+00:00,46.26,18.44,40.16,0.0,8.25
2026-09-04T20:05:00+00:00,54.76,25.3,45.82,0.0,8.69
2026-09-04T20:06:00+00:00,51.63,20.71,44.16,0.0,8.35
2026-09-04T20:07:00+00:00,51.02,19.97,41.2,0.0,8.5
2026-09-04T20:08:00+00:00,43.06,16.41,44.13,0.0,8.18
2026-09-04T20:09:00+00:00,52.23,18.43,41.35,0.0,8.18
2026-09-04T20:10:00+00:00,56.94,26.95,42.42,0.0,8.18
2026-09-04T20:11:00+00:00,48.35,14.89,40.77,0.0,8.6
2026-09-04T20:12:00+00:00,54.86,23.78,41.55,0.0,8.18
2026-09-04T20:13:00+00:00,45.03,15.24,42.74,0.0,8.56
2026-09-04T20:14:00+00:00,55.35,21.91,41.15,0.0,8.52
2026-09-04T20:15:00+00:00,51.04,22.43,41.96,0.24,8.48
2026-09-04T20:16:00+00:00,50.96,20.54,39.98,0.07,8.76
2026-09-04T20:17:00+00:00,50.94,23.35,41.09,0.0,8.18
2026-09-04T20:18:00+00:00,30.42,9.6,38.57,0.0,8.6
2026-09-04T20:19:00+00:00,51.24,18.48,41.3,0.0,8.18
2026-09-04T20:20:00+00:00,53.28,23.04,39.2,0.0,8.18
2026-09-04T20:21:00+00:00,38.19,13.08,41.52,0.0,8.69
2026-09-04T20:22:00+00:00,47.74,15.49,43.76,0.17,8.18
2026-09-04T20:23:00+00:00,41.42,19.13,44.35,0.0,8.18
2026-09-04T20:24:00+00:00,42.81,12.43,41.65,0.0,8.77
2026-09-04T20:25:00+00:00,51.67,15.94,39.04,0.0,8.51
2026-09-04T20:26:00+00:00,42.84,18.55,43.44,0.0,8.18
2026-09-04T20:27:00+00:00,39.23,10.59,37.14,0.0,8.68
2026-09-04T20:28:00+00:00,42.06,14.85,40.43,0.0,8.53
2026-09-04T20:29:00+00:00,45.32,22.97,39.32,0.0,8.77
2026-09-04T20:30:00+00:00,47.71,14.26,45.58,0.0,8.3
2026-09-04T20:31:00+00:00,34.42,14.91,40.26,0.57,8.33
2026-09-04T20:32:00+00:00,52.22,18.71,41.81,0.0,8.46
2026-09-04T20:33:00+00:00,50.43,17.48,45.23,0.0,8.65
2026-09-04T20:34:00+00:00,55.55,25.91,39.03,0.68,8.18
2026-09-04T20:35:00+00:00,54.35,27.41,42.2,0.04,8.23
2026-09-04T20:36:00+00:00,34.84,15.72,41.52,0.0,8.65
2026-09-04T20:37:00+00:00,52.78,18.67,38.72,0.0,8.18
2026-09-04T20:38:00+00:00,47.61,24.56,42.62,0.07,8.53
2026-09-04T20:39:00+00:00,44.0,17.78,39.66,0.0,8.42
2026-09-04T20:40:00+00:00,50.23,22.52,41.81,0.4,8.18
2026-09-04T20:41:00+00:00,48.35,15.43,42.41,0.0,8.2
2026-09-04T20:42:00+00:00,49.35,14.77,40.86,0.0,8.18
2026-09-04T20:43:00+00:00,38.55,11.26,40.82,0.0,8.22
2026-09-04T20:44:00+00:00,37.71,14.66,36.69,0.0,8.18
2026-09-04T20:45:00+00:00,38.42,12.28,42.02,0.0,8.18
2026-09-04T20:46:00+00:00,48.0,20.15,40.24,0.0,8.18
2026-09-04T20:47:00+00:00,46.06,19.37,37.41,0.29,8.18
2026-09-04T20:48:00+00:00,54.16,25.36,39.02,0.0,8.43
2026-09-04T20:49:00+00:00,43.81,11.43,40.12,0.0,8.48
2026-09-04T20:50:00+00:00,51.65,19.37,39.11,0.0,8.22
2026-09-04T20:51:00+00:00,53.82,18.05,37.61,0.0,8.18
2026-09-04T20:52:00+00:00,52.69,24.09,43.36,0.0,8.18
2026-09-04T20:53:00+00:00,53.33,24.7,39.1,0.0,8.18
2026-09-04T20:54:00+00:00,37.9,11.53,40.43,0.04,8.62
2026-09-04T20:55:00+00:00,42.06,17.06,40.87,0.0,8.18
2026-09-04T20:56:00+00:00,57.04,29.21,37.07,0.0,8.52
2026-09-04T20:57:00+00:00,53.9,20.41,41.63,0.0,8.47
2026-09-04T20:58:00+00:00,49.71,21.18,41.67,0.0,8.18
2026-09-04T20:59:00+00:00,52.91,18.47,43.33,0.04,8.77
2026-09-04T21:00:00+00:00,31.16,10.52,39.0,0.03,8.18
2026-09-04T21:01:00+00:00,51.4,22.02,39.96,0.0,8.18
2026-09-04T21:02:00+00:00,50.88,15.86,39.46,0.0,8.55
2026-09-04T21:03:00+00:00,36.84,9.53,41.22,0.29,8.57
2026-09-04T21:04:00+00:00,53.3,16.79,40.25,0.05,8.18
2026-09-04T21:05:00+00:00,49.32,20.69,42.03,0.62,8.78
2026-09-04T21:06:00+00:00,49.1,15.92,43.28,0.0,8.18
2026-09-04T21:07:00+00:00,50.21,18.03,35.99,0.0,8.18
2026-09-04T21:08:00+00:00,50.59,20.73,40.75,0.0,8.61
2026-09-04T21:09:00+00:00,50.19,13.4,40.23,0.41,8.18
2026-09-04T21:10:00+00:00,39.35,17.89,39.71,0.0,8.18
2026-09-04T21:11:00+00:00,50.08,21.4,42.03,0.0,8.18
2026-09-04T21:12:00+00:00,57.77,25.42,41.01,0.0,8.59
2026-09-04T21:13:00+00:00,51.07,20.45,40.03,0.21,8.18
2026-09-04T21:14:00+00:00,47.32,15.25,36.46,0.0,8.55
2026-09-04T21:15:00+00:00,56.24,22.78,42.23,0.0,8.46
2026-09-04T21:16:00+00:00,40.19,10.63,41.6,0.0,8.49
2026-09-04T21:17:00+00:00,32.06,11.97,39.21,0.0,8.65
2026-09-04T21:18:00+00:00,47.48,14.94,40.12,0.29,8.18
2026-09-04T21:19:00+00:00,45.9,14.41,39.96,0.0,8.39
2026-09-04T21:20:00+00:00,46.1,16.64,39.54,0.0,8.18
2026-09-04T21:21:00+00:00,46.52,20.26,38.05,0.0,8.34
2026-09-04T21:22:00+00:00,45.48,20.07,42.27,0.0,8.18
2026-09-04T21:23:00+00:00,47.81,15.0,38.15,0.0,8.47
2026-09-04T21:24:00+00:00,51.85,21.78,40.13,0.0,8.22
2026-09-04T21:25:00+00:00,49.45,17.54,38.52,0.0,8.28
2026-09-04T21:26:00+00:00,44.71,20.76,36.09,0.04,8.48
2026-09-04T21:27:00+00:00,50.7,22.72,43.66,0.0,8.25
2026-09-04T21:28:00+00:00,47.0,23.8,37.5,0.16,8.62
2026-09-04T21:29:00+00:00,48.26,20.06,37.89,0.0,8.38
2026-09-04T21:30:00+00:00,49.35,15.74,35.41,0.0,8.18
2026-09-04T21:31:00+00:00,29.13,14.41,39.86,0.0,8.4
2026-09-04T21:32:00+00:00,53.08,18.87,37.96,0.0,8.18
2026-09-04T21:33:00+00:00,53.97,20.3,39.51,0.0,8.49
2026-09-04T21:34:00+00:00,49.87,18.85,36.97,0.0,8.31
2026-09-04T21:35:00+00:00,42.61,13.67,38.43,0.0,8.65
2026-09-04T21:36:00+00:00,54.99,22.48,36.67,0.0,8.18
2026-09-04T21:37:00+00:00,44.61,12.87,41.88,0.0,8.18
2026-09-04T21:38:00+00:00,48.39,19.88,41.32,0.43,8.18
2026-09-04T21:39:00+00:00,54.05,21.95,37.76,0.0,8.51
2026-09-04T21:40:00+00:00,52.01,22.54,37.0,0.0,8.68
2026-09-04T21:41:00+00:00,49.16,19.04,35.24,0.0,8.65
2026-09-04T21:42:00+00:00,50.55,18.0,39.55,0.0,8.18
2026-09-04T21:43:00+00:00,57.52,25.98,39.23,0.0,8.53
2026-09-04T21:44:00+00:00,51.08,18.37,41.05,0.0,8.18
2026-09-04T21:45:00+00:00,50.48,19.96,34.81,0.0,8.18
2026-09-04T21:46:00+00:00,43.74,13.04,39.42,0.08,8.18
2026-09-04T21:47:00+00:00,40.84,11.36,36.48,0.0,8.43
2026-09-04T21:48:00+00:00,45.74,14.27,42.71,0.0,8.18
2026-09-04T21:49:00+00:00,52.51,16.89,39.09,0.0,8.62
2026-09-04T21:50:00+00:00,50.43,17.72,38.78,0.0,8.38
2026-09-04T21:51:00+00:00,51.63,21.32,38.82,0.0,8.76
2026-09-04T21:52:00+00:00,45.68,19.15,38.51,0.0,8.18
2026-09-04T21:53:00+00:00,40.52,11.87,39.0,0.13,8.18
2026-09-04T21:54:00+00:00,39.23,14.1,38.0,0.38,8.18
2026-09-04T21:55:00+00:00,53.83,21.8,38.29,0.0,8.42
2026-09-04T21:56:00+00:00,50.79,21.98,34.79,0.06,8.18
2026-09-04T21:57:00+00:00,45.35,14.72,37.72,0.0,8.18
2026-09-04T21:58:00+00:00,50.39,20.77,36.8,0.72,8.18
2026-09-04T21:59:00+00:00,58.43,28.06,39.07,0.0,8.18
2026-09-04T22:00:00+00:00,46.03,16.79,35.02,0.0,8.18
2026-09-04T22:01:00+00:00,50.5,20.55,37.8,0.0,8.43
2026-09-04T22:02:00+00:00,51.75,16.55,37.38,0.0,8.4
2026-09-04T22:03:00+00:00,34.87,9.23,34.8,0.0,8.19
2026-09-04T22:04:00+00:00,53.58,20.17,37.76,0.0,8.18
2026-09-04T22:05:00+00:00,46.74,20.04,37.65,0.0,8.23
2026-09-04T22:06:00+00:00,50.2,21.25,38.07,0.62,8.18
2026-09-04T22:07:00+00:00,51.53,23.12,39.81,0.0,8.41
2026-09-04T22:08:00+00:00,33.13,15.42,38.44,0.0,8.75
2026-09-04T22:09:00+00:00,46.81,18.62,38.23,0.39,8.18
2026-09-04T22:10:00+00:00,45.03,17.34,37.77,0.0,8.74
2026-09-04T22:11:00+00:00,51.64,21.57,39.27,0.0,8.36
2026-09-04T22:12:00+00:00,50.71,17.55,37.54,0.0,8.55
2026-09-04T22:13:00+00:00,49.1,13.0,39.08,0.0,8.18
2026-09-04T22:14:00+00:00,52.58,21.26,38.48,0.0,8.18
2026-09-04T22:15:00+00:00,50.81,18.14,38.55,0.0,8.48
2026-09-04T22:16:00+00:00,46.39,18.8,38.46,0.0,8.24
2026-09-04T22:17:00+00:00,50.91,22.25,37.96,0.07,8.18
2026-09-04T22:18:00+00:00,40.97,18.48,35.07,0.0,8.5
2026-09-04T22:19:00+00:00,47.13,14.3,35.67,0.0,8.59
2026-09-04T22:20:00+00:00,56.95,21.95,37.38,0.25,8.18
2026-09-04T22:21:00+00:00,55.63,19.78,35.03,0.0,8.38
2026-09-04T22:22:00+00:00,51.95,16.82,38.5,0.0,8.18
2026-09-04T22:23:00+00:00,52.74,18.24,36.99,0.0,8.47
2026-09-04T22:24:00+00:00,50.45,24.73,37.32,0.0,8.18
2026-09-04T22:25:00+00:00,45.13,14.86,37.08,0.0,8.18
2026-09-04T22:26:00+00:00,51.47,22.0,34.11,0.0,8.25
2026-09-04T22:27:00+00:00,37.74,10.71,38.08,0.09,8.63
2026-09-04T22:28:00+00:00,55.08,25.78,35.58,0.0,8.39
2026-09-04T22:29:00+00:00,56.5,24.6,35.27,0.55,8.48
2026-09-04T22:30:00+00:00,52.09,20.99,37.81,0.0,8.18
2026-09-04T22:31:00+00:00,42.13,13.8,35.1,0.14,8.18
2026-09-04T22:32:00+00:00,36.0,18.9,36.34,0.77,8.38
2026-09-04T22:33:00+00:00,41.1,11.4,34.82,0.0,8.18
2026-09-04T22:34:00+00:00,52.01,22.23,36.04,0.54,8.18
2026-09-04T22:35:00+00:00,56.78,26.6,36.87,0.31,8.18
2026-09-04T22:36:00+00:00,37.32,8.49,36.26,1.19,8.36
2026-09-04T22:37:00+00:00,35.19,9.34,35.67,0.0,8.2
2026-09-04T22:38:00+00:00,47.13,15.05,38.05,0.0,8.18
2026-09-04T22:39:00+00:00,53.72,21.55,36.09,0.0,8.18
2026-09-04T22:40:00+00:00,50.31,15.51,39.85,0.0,8.18
2026-09-04T22:41:00+00:00,52.91,23.39,38.48,0.0,8.27
2026-09-04T22:42:00+00:00,52.76,26.14,38.2,0.64,8.71
2026-09-04T22:43:00+00:00,48.68,16.19,37.9,0.0,8.18
2026-09-04T22:44:00+00:00,46.81,18.68,38.12,0.0,8.45
2026-09-04T22:45:00+00:00,53.08,22.59,36.24,0.0,8.18
2026-09-04T22:46:00+00:00,50.23,19.43,34.27,0.0,8.18
2026-09-04T22:47:00+00:00,32.87,11.04,36.24,0.0,8.62
2026-09-04T22:48:00+00:00,53.91,21.41,34.84,0.0,8.18
2026-09-04T22:49:00+00:00,51.9,16.54,34.24,0.0,8.18
2026-09-04T22:50:00+00:00,41.45,18.39,39.46,0.0,8.18
2026-09-04T22:51:00+00:00,40.84,10.8,34.79,0.12,8.18
2026-09-04T22:52:00+00:00,58.07,24.16,33.66,0.08,8.24
2026-09-04T22:53:00+00:00,46.94,13.5,38.1,0.59,8.18
2026-09-04T22:54:00+00:00,43.71,19.7,35.38,0.0,8.18
2026-09-04T22:55:00+00:00,51.24,18.52,33.13,0.06,8.18
2026-09-04T22:56:00+00:00,50.21,18.5,36.25,0.0,8.47
2026-09-04T22:57:00+00:00,53.07,20.84,36.74,0.0,8.46
2026-09-04T22:58:00+00:00,50.2,15.78,36.71,0.85,8.33
2026-09-04T22:59:00+00:00,39.42,11.49,38.03,0.0,8.18
2026-09-04T23:00:00+00:00,53.1,17.29,33.78,0.0,8.2
2026-09-04T23:01:00+00:00,47.74,18.83,37.77,0.0,8.22
2026-09-04T23:02:00+00:00,28.0,13.9,33.12,0.0,8.18
2026-09-04T23:03:00+00:00,41.03,11.9,37.04,0.0,8.36
2026-09-04T23:04:00+00:00,41.16,10.84,34.86,0.0,8.18
2026-09-04T23:05:00+00:00,53.93,22.81,36.28,0.0,8.18
2026-09-04T23:06:00+00:00,50.91,19.77,38.18,0.0,8.61
2026-09-04T23:07:00+00:00,50.58,20.77,36.21,0.17,8.47
2026-09-04T23:08:00+00:00,50.31,14.34,36.03,0.0,8.33
2026-09-04T23:09:00+00:00,47.26,21.7,33.86,0.0,8.18
2026-09-04T23:10:00+00:00,30.35,12.54,37.16,0.28,8.18
2026-09-04T23:11:00+00:00,40.0,16.76,35.7,0.0,8.43
2026-09-04T23:12:00+00:00,47.52,17.12,33.29,0.61,8.18
2026-09-04T23:13:00+00:00,55.45,21.39,37.42,0.29,8.18
2026-09-04T23:14:00+00:00,48.32,14.46,31.13,0.36,8.41
2026-09-04T23:15:00+00:00,46.23,15.37,37.69,0.0,8.18
2026-09-04T23:16:00+00:00,50.54,17.7,36.96,0.0,8.18
2026-09-04T23:17:00+00:00,43.81,12.24,33.94,0.15,8.31
2026-09-04T23:18:00+00:00,47.55,15.57,33.08,0.0,8.46
2026-09-04T23:19:00+00:00,53.3,18.54,37.89,0.0,8.4
2026-09-04T23:20:00+00:00,51.78,15.83,36.43,0.0,8.28
2026-09-04T23:21:00+00:00,46.03,18.28,34.67,0.0,8.56
2026-09-04T23:22:00+00:00,49.42,22.28,37.09,0.0,8.43
2026-09-04T23:23:00+00:00,53.67,20.79,32.93,0.0,8.18
2026-09-04T23:24:00+00:00,52.86,21.84,35.9,0.01,8.18
2026-09-04T23:25:00+00:00,51.82,18.19,35.14,0.0,8.18
2026-09-04T23:26:00+00:00,50.65,21.59,34.31,0.03,8.18
2026-09-04T23:27:00+00:00,51.58,14.13,33.31,0.0,8.54
2026-09-04T23:28:00+00:00,53.17,16.6,36.51,0.0,8.18
2026-09-04T23:29:00+00:00,46.81,16.04,32.73,0.0,8.46
2026-09-04T23:30:00+00:00,49.58,13.07,35.26,0.0,8.77
2026-09-04T23:31:00+00:00,45.0,12.29,34.25,0.0,8.47
2026-09-04T23:32:00+00:00,46.23,18.12,34.23,0.0,8.4
2026-09-04T23:33:00+00:00,50.29,24.6,33.54,0.0,8.18
2026-09-04T23:34:00+00:00,52.82,18.5,35.92,0.0,8.18
2026-09-04T23:35:00+00:00,43.71,14.0,35.81,0.0,8.79
2026-09-04T23:36:00+00:00,49.32,15.12,35.76,0.0,8.66
2026-09-04T23:37:00+00:00,43.74,13.2,35.77,0.0,8.18
2026-09-04T23:38:00+00:00,51.52,19.38,35.19,0.44,8.73
2026-09-04T23:39:00+00:00,45.97,15.87,36.49,0.0,8.19
2026-09-04T23:40:00+00:00,46.68,19.87,33.52,0.12,8.59
2026-09-04T23:41:00+00:00,51.4,15.99,37.37,0.17,8.45
2026-09-04T23:42:00+00:00,45.29,16.12,34.4,0.0,8.18
2026-09-04T23:43:00+00:00,51.17,16.0,35.26,0.0,8.54
2026-09-04T23:44:00+00:00,32.65,14.35,34.1,0.0,8.27
2026-09-04T23:45:00+00:00,49.81,19.27,35.03,0.0,8.18
2026-09-04T23:46:00+00:00,45.42,12.27,32.02,0.0,8.18
2026-09-04T23:47:00+00:00,53.65,23.87,33.89,0.0,8.65
2026-09-04T23:48:00+00:00,45.32,12.37,30.81,0.0,8.18
2026-09-04T23:49:00+00:00,51.04,15.62,34.0,0.0,8.73
2026-09-04T23:50:00+00:00,56.15,24.32,31.41,0.0,8.18
2026-09-04T23:51:00+00:00,34.23,19.81,36.22,0.36,8.45
2026-09-04T23:52:00+00:00,32.0,9.36,36.99,0.34,8.25
2026-09-04T23:53:00+00:00,35.9,10.38,33.52,0.0,8.18
2026-09-04T23:54:00+00:00,51.74,21.05,36.97,0.0,8.23
2026-09-04T23:55:00+00:00,47.74,16.43,33.13,0.0,8.73
2026-09-04T23:56:00+00:00,30.84,13.22,34.04,0.0,8.18
2026-09-04T23:57:00+00:00,53.17,20.12,33.6,0.44,8.18
2026-09-04T23:58:00+00:00,50.49,19.85,31.29,0.44,8.53
2026-09-04T23:59:00+00:00,45.87,17.67,34.29,0.06,8.22
2026-09-05T00:00:00+00:00,51.19,15.69,34.71,0.0,8.57
2026-09-05T00:01:00+00:00,38.61,13.38,30.83,0.0,8.18
2026-09-05T00:02:00+00:00,54.85,18.24,31.39,0.0,8.3
2026-09-05T00:03:00+00:00,47.58,17.13,32.36,0.0,8.18
2026-09-05T00:04:00+00:00,55.66,18.89,32.72,0.0,8.61
2026-09-05T00:05:00+00:00,51.63,22.32,36.16,0.0,8.18
2026-09-05T00:06:00+00:00,25.81,7.53,35.84,0.0,8.55
2026-09-05T00:07:00+00:00,54.32,18.07,31.5,0.12,8.76
2026-09-05T00:08:00+00:00,52.06,18.16,33.63,0.0,8.41
2026-09-05T00:09:00+00:00,35.94,11.85,35.4,0.12,8.49
2026-09-05T00:10:00+00:00,25.81,12.48,32.81,0.0,8.77
2026-09-05T00:11:00+00:00,52.92,17.52,35.24,0.0,8.27
2026-09-05T00:12:00+00:00,42.68,14.88,32.9,0.0,8.18
2026-09-05T00:13:00+00:00,29.71,7.51,32.06,0.0,8.78
2026-09-05T00:14:00+00:00,57.89,25.73,33.93,0.0,8.18
2026-09-05T00:15:00+00:00,38.35,11.98,35.15,0.0,8.18
2026-09-05T00:16:00+00:00,55.45,25.0,35.74,0.0,8.63
2026-09-05T00:17:00+00:00,50.3,18.88,33.94,0.0,8.32
2026-09-05T00:18:00+00:00,55.61,22.22,31.93,0.48,8.79
2026-09-05T00:19:00+00:00,49.9,16.61,31.02,0.0,8.18
2026-09-05T00:20:00+00:00,59.84,22.35,32.9,0.0,8.79
2026-09-05T00:21:00+00:00,57.67,23.08,30.75,0.0,8.78
2026-09-05T00:22:00+00:00,47.97,15.89,33.56,0.67,8.18
2026-09-05T00:23:00+00:00,38.77,12.35,34.11,0.0,8.29
2026-09-05T00:24:00+00:00,61.0,24.54,34.0,0.0,8.33
2026-09-05T00:25:00+00:00,25.81,9.37,32.09,0.0,8.42
2026-09-05T00:26:00+00:00,25.81,14.4,33.81,0.34,8.18
2026-09-05T00:27:00+00:00,55.04,26.11,33.13,0.48,8.18
2026-09-05T00:28:00+00:00,50.56,15.74,32.85,0.0,8.18
2026-09-05T00:29:00+00:00,52.71,20.13,35.68,0.8,8.18
2026-09-05T00:30:00+00:00,50.16,18.99,31.07,0.0,8.18
2026-09-05T00:31:00+00:00,50.09,14.93,28.52,0.0,8.18
2026-09-05T00:32:00+00:00,53.11,20.35,33.81,0.29,8.18
2026-09-05T00:33:00+00:00,34.29,10.46,29.06,0.0,8.5
2026-09-05T00:34:00+00:00,43.84,14.31,36.95,0.0,8.65
2026-09-05T00:35:00+00:00,51.67,17.17,35.98,0.41,8.18
2026-09-05T00:36:00+00:00,25.81,7.5,33.57,0.0,8.41
2026-09-05T00:37:00+00:00,51.35,21.66,31.54,0.0,8.42
2026-09-05T00:38:00+00:00,36.45,16.15,31.88,0.29,8.72
2026-09-05T00:39:00+00:00,43.39,15.65,32.77,0.0,8.18
2026-09-05T00:40:00+00:00,58.21,22.97,32.04,0.0,8.37
2026-09-05T00:41:00+00:00,50.4,17.88,33.5,0.0,8.53
2026-09-05T00:42:00+00:00,59.34,22.1,32.65,0.0,8.18
2026-09-05T00:43:00+00:00,43.61,14.7,33.23,0.54,8.25
2026-09-05T00:44:00+00:00,34.94,14.27,34.72,0.0,8.18
2026-09-05T00:45:00+00:00,53.46,21.51,37.36,0.0,8.18
2026-09-05T00:46:00+00:00,25.81,8.14,34.51,0.38,8.18
2026-09-05T00:47:00+00:00,56.28,17.31,30.76,0.0,8.53
2026-09-05T00:48:00+00:00,35.97,14.87,30.95,0.0,8.64
2026-09-05T00:49:00+00:00,25.81,7.5,34.65,0.0,8.4
2026-09-05T00:50:00+00:00,60.0,27.36,33.48,0.0,8.37
2026-09-05T00:51:00+00:00,35.03,11.85,36.38,0.0,8.71
2026-09-05T00:52:00+00:00,29.97,10.16,32.41,0.0,8.57
2026-09-05T00:53:00+00:00,47.0,15.01,31.64,0.0,8.22
2026-09-05T00:54:00+00:00,46.52,19.09,33.84,0.0,8.18
2026-09-05T00:55:00+00:00,28.39,7.8,35.14,0.15,8.53
2026-09-05T00:56:00+00:00,31.84,17.97,35.62,0.0,8.24
2026-09-05T00:57:00+00:00,52.86,20.91,35.63,0.0,8.18
2026-09-05T00:58:00+00:00,25.81,7.5,32.16,0.0,8.25
2026-09-05T00:59:00+00:00,50.09,17.06,33.31,0.0,8.43
2026-09-05T01:00:00+00:00,58.31,30.35,31.15,0.0,8.73
2026-09-05T01:01:00+00:00,25.81,8.3,32.02,0.0,8.18
2026-09-05T01:02:00+00:00,57.68,26.58,33.23,0.07,8.48
2026-09-05T01:03:00+00:00,56.8,25.67,35.72,0.0,8.3
2026-09-05T01:04:00+00:00,45.65,17.67,32.46,0.0,8.18
2026-09-05T01:05:00+00:00,57.82,23.28,35.69,0.0,8.4
2026-09-05T01:06:00+00:00,32.39,8.18,31.39,0.0,8.25
2026-09-05T01:07:00+00:00,57.61,23.96,30.25,0.0,8.18
2026-09-05T01:08:00+00:00,49.77,18.23,32.83,0.43,8.57
2026-09-05T01:09:00+00:00,64.77,32.56,35.44,0.0,8.18
2026-09-05T01:10:00+00:00,43.81,7.98,34.84,0.0,8.18
2026-09-05T01:11:00+00:00,44.77,13.71,32.19,0.0,8.29
2026-09-05T01:12:00+00:00,49.19,18.77,31.39,0.0,8.47
2026-09-05T01:13:00+00:00,37.13,18.25,29.35,0.25,8.34
2026-09-05T01:14:00+00:00,57.41,23.6,32.55,0.0,8.49
2026-09-05T01:15:00+00:00,62.33,28.16,31.93,0.0,8.18
2026-09-05T01:16:00+00:00,30.03,14.68,34.11,0.0,8.61
2026-09-05T01:17:00+00:00,25.81,10.72,31.32,0.54,8.18
2026-09-05T01:18:00+00:00,56.47,26.18,32.41,0.0,8.18
2026-09-05T01:19:00+00:00,31.19,14.96,32.38,0.16,8.78
2026-09-05T01:20:00+00:00,51.67,19.74,33.42,0.0,8.18
2026-09-05T01:21:00+00:00,47.9,19.81,36.29,0.0,8.4
2026-09-05T01:22:00+00:00,51.87,18.45,35.67,0.12,8.77
2026-09-05T01:23:00+00:00,39.42,18.57,32.19,0.0,8.18
2026-09-05T01:24:00+00:00,25.81,13.65,30.57,0.24,8.18
2026-09-05T01:25:00+00:00,55.71,25.92,33.61,0.23,8.18
2026-09-05T01:26:00+00:00,55.53,21.87,35.68,0.0,8.18
2026-09-05T01:27:00+00:00,60.31,23.98,31.65,0.31,8.18
2026-09-05T01:28:00+00:00,66.87,32.04,35.14,0.0,8.5
2026-09-05T01:29:00+00:00,47.32,20.33,33.99,0.68,8.18
2026-09-05T01:30:00+00:00,48.0,15.49,31.09,0.53,8.3
2026-09-05T01:31:00+00:00,27.58,10.24,32.08,0.0,8.65
2026-09-05T01:32:00+00:00,56.53,24.01,33.11,0.0,8.76
2026-09-05T01:33:00+00:00,60.13,30.72,34.39,0.0,8.37
2026-09-05T01:34:00+00:00,41.19,18.54,32.41,0.0,8.18
2026-09-05T01:35:00+00:00,67.09,29.74,32.27,0.0,8.47
2026-09-05T01:36:00+00:00,53.07,17.17,36.82,0.18,8.24
2026-09-05T01:37:00+00:00,44.48,13.33,34.71,0.8,8.18
2026-09-05T01:38:00+00:00,38.06,10.41,33.42,0.0,8.18
2026-09-05T01:39:00+00:00,55.83,24.67,34.91,0.0,8.18
2026-09-05T01:40:00+00:00,52.29,18.47,30.54,0.0,8.5
2026-09-05T01:41:00+00:00,53.18,22.57,35.43,0.0,8.7
2026-09-05T01:42:00+00:00,48.81,22.21,32.75,0.0,8.52
2026-09-05T01:43:00+00:00,25.81,11.62,34.47,0.0,8.18
2026-09-05T01:44:00+00:00,43.81,18.64,29.99,0.6,8.29
2026-09-05T01:45:00+00:00,55.69,24.58,33.31,0.79,8.72
2026-09-05T01:46:00+00:00,25.81,9.6,30.75,0.47,8.18
2026-09-05T01:47:00+00:00,54.8,23.31,29.92,0.29,8.33
2026-09-05T01:48:00+00:00,55.45,20.55,32.13,0.0,8.67
2026-09-05T01:49:00+00:00,50.4,16.56,33.8,0.0,8.54
2026-09-05T01:50:00+00:00,66.49,34.12,33.75,0.0,8.75
2026-09-05T01:51:00+00:00,45.52,15.62,32.34,0.0,8.59
2026-09-05T01:52:00+00:00,53.88,18.25,35.1,0.0,8.28
2026-09-05T01:53:00+00:00,54.9,19.61,30.25,0.02,8.35
2026-09-05T01:54:00+00:00,25.81,11.56,29.52,0.0,8.75
2026-09-05T01:55:00+00:00,57.97,20.26,32.48,0.0,8.18
2026-09-05T01:56:00+00:00,53.31,20.22,31.93,0.39,8.18
2026-09-05T01:57:00+00:00,25.81,8.92,34.48,0.0,8.18
2026-09-05T01:58:00+00:00,44.71,14.3,32.18,0.0,8.36
2026-09-05T01:59:00+00:00,43.52,18.33,32.08,0.0,8.29
2026-09-05T02:00:00+00:00,53.41,21.47,32.92,0.0,8.21
2026-09-05T02:01:00+00:00,51.62,21.04,34.27,0.66,8.18
2026-09-05T02:02:00+00:00,37.0,18.68,33.37,0.39,8.75
2026-09-05T02:03:00+00:00,51.42,15.43,31.73,0.0,8.47
2026-09-05T02:04:00+00:00,25.81,8.43,32.4,0.67,8.78
2026-09-05T02:05:00+00:00,49.39,16.19,34.76,0.04,8.52
2026-09-05T02:06:00+00:00,68.22,29.52,31.34,0.0,8.47
2026-09-05T02:07:00+00:00,31.74,8.56,31.21,0.23,8.43
2026-09-05T02:08:00+00:00,43.19,16.66,33.91,0.0,8.27
2026-09-05T02:09:00+00:00,38.29,12.89,32.81,0.0,8.18
2026-09-05T02:10:00+00:00,57.16,24.73,34.13,0.0,8.36
2026-09-05T02:11:00+00:00,62.21,28.7,31.65,0.0,8.51
2026-09-05T02:12:00+00:00,25.81,7.5,34.31,0.0,8.53
2026-09-05T02:13:00+00:00,62.13,29.33,33.71,0.0,8.18
2026-09-05T02:14:00+00:00,32.84,16.31,33.1,0.18,8.6
2026-09-05T02:15:00+00:00,39.81,17.4,33.03,0.27,8.19
2026-09-05T02:16:00+00:00,29.39,10.15,31.63,0.0,8.18
2026-09-05T02:17:00+00:00,29.16,12.04,33.82,0.0,8.18
2026-09-05T02:18:00+00:00,37.06,12.17,27.88,0.0,8.29
2026-09-05T02:19:00+00:00,55.44,19.72,35.78,0.07,8.45
2026-09-05T02:20:00+00:00,52.69,17.52,29.11,0.38,8.75
2026-09-05T02:21:00+00:00,43.19,12.72,34.1,0.0,8.18
2026-09-05T02:22:00+00:00,47.39,13.26,33.11,0.0,8.66
2026-09-05T02:23:00+00:00,51.8,18.06,30.89,0.0,8.68
2026-09-05T02:24:00+00:00,51.5,21.39,35.17,0.0,8.18
2026-09-05T02:25:00+00:00,56.92,26.54,35.46,0.0,8.18
2026-09-05T02:26:00+00:00,38.32,16.04,31.29,0.0,8.3
2026-09-05T02:27:00+00:00,26.68,7.5,30.86,0.0,8.18
2026-09-05T02:28:00+00:00,40.35,16.6,34.32,0.0,8.43
2026-09-05T02:29:00+00:00,33.39,13.68,33.63,0.29,8.18
2026-09-05T02:30:00+00:00,43.06,13.98,31.74,0.0,8.18
2026-09-05T02:31:00+00:00,50.88,25.28,33.89,0.0,8.18
2026-09-05T02:32:00+00:00,29.39,16.06,34.93,0.0,8.18
2026-09-05T02:33:00+00:00,33.58,14.79,34.05,0.0,8.18
2026-09-05T02:34:00+00:00,47.26,14.91,34.77,0.0,8.27
2026-09-05T02:35:00+00:00,40.52,13.81,33.01,0.0,8.57
2026-09-05T02:36:00+00:00,53.67,22.91,34.02,0.0,8.79
2026-09-05T02:37:00+00:00,27.77,11.41,33.27,0.42,8.18
2026-09-05T02:38:00+00:00,56.93,23.81,33.68,0.16,8.18
2026-09-05T02:39:00+00:00,54.56,20.47,32.94,0.0,8.18
2026-09-05T02:40:00+00:00,43.55,11.69,30.67,0.0,8.5
2026-09-05T02:41:00+00:00,50.09,14.42,34.19,0.0,8.41
2026-09-05T02:42:00+00:00,37.48,12.09,34.03,0.0,8.18
2026-09-05T02:43:00+00:00,46.58,15.21,31.87,0.0,8.18
2026-09-05T02:44:00+00:00,50.96,16.32,31.4,0.0,8.61
2026-09-05T02:45:00+00:00,50.99,20.47,36.28,0.0,8.29
2026-09-05T02:46:00+00:00,50.36,24.09,34.05,0.0,8.57
2026-09-05T02:47:00+00:00,50.4,17.51,33.7,0.1,8.18
2026-09-05T02:48:00+00:00,60.26,27.73,33.19,0.66,8.45
2026-09-05T02:49:00+00:00,51.09,19.47,34.11,0.0,8.18
2026-09-05T02:50:00+00:00,51.02,15.94,36.35,0.0,8.18
2026-09-05T02:51:00+00:00,59.91,28.73,30.6,0.22,8.47
2026-09-05T02:52:00+00:00,36.87,14.51,32.69,0.0,8.34
2026-09-05T02:53:00+00:00,36.39,12.46,30.54,0.66,8.18
2026-09-05T02:54:00+00:00,25.81,13.14,34.68,0.0,8.18
2026-09-05T02:55:00+00:00,32.65,11.12,31.68,0.0,8.18
2026-09-05T02:56:00+00:00,25.81,9.36,34.71,0.17,8.4
2026-09-05T02:57:00+00:00,52.91,17.79,33.5,0.0,8.18
2026-09-05T02:58:00+00:00,61.42,24.47,34.76,0.0,8.21
2026-09-05T02:59:00+00:00,58.02,29.32,33.58,0.0,8.18
2026-09-05T03:00:00+00:00,40.61,11.24,31.37,0.0,8.29
2026-09-05T03:01:00+00:00,53.73,24.98,32.77,0.0,8.3
2026-09-05T03:02:00+00:00,55.53,20.44,33.18,0.25,8.67
2026-09-05T03:03:00+00:00,25.81,11.51,30.4,0.0,8.18
2026-09-05T03:04:00+00:00,46.32,16.24,32.71,0.0,8.18
2026-09-05T03:05:00+00:00,32.16,9.78,32.99,1.11,8.53
2026-09-05T03:06:00+00:00,57.14,27.11,29.6,0.0,8.31
2026-09-05T03:07:00+00:00,52.02,18.59,33.27,0.0,8.6
2026-09-05T03:08:00+00:00,26.16,7.5,31.71,0.03,8.18
2026-09-05T03:09:00+00:00,47.0,13.45,32.1,0.0,8.18
2026-09-05T03:10:00+00:00,54.2,26.51,29.5,0.28,8.18
2026-09-05T03:11:00+00:00,55.56,20.86,34.38,0.0,8.18
2026-09-05T03:12:00+00:00,25.81,14.12,29.48,0.0,8.18
2026-09-05T03:13:00+00:00,50.54,16.76,34.21,0.0,8.26
2026-09-05T03:14:00+00:00,52.87,20.59,31.63,0.0,8.18
2026-09-05T03:15:00+00:00,54.81,21.9,33.12,0.0,8.18
2026-09-05T03:16:00+00:00,46.1,15.94,31.99,0.0,8.18
2026-09-05T03:17:00+00:00,25.81,8.63,30.73,0.0,8.73
2026-09-05T03:18:00+00:00,42.0,18.12,35.42,0.0,8.18
2026-09-05T03:19:00+00:00,42.81,17.22,32.35,0.35,8.55
2026-09-05T03:20:00+00:00,62.61,33.05,34.61,0.24,8.18
2026-09-05T03:21:00+00:00,25.81,13.6,32.76,0.0,8.79
2026-09-05T03:22:00+00:00,51.89,24.28,33.32,0.0,8.18
2026-09-05T03:23:00+00:00,42.55,15.74,33.09,0.0,8.18
2026-09-05T03:24:00+00:00,62.72,25.93,33.03,0.0,8.18
2026-09-05T03:25:00+00:00,45.87,14.01,29.45,0.0,8.72
2026-09-05T03:26:00+00:00,46.42,20.31,33.19,0.0,8.8
2026-09-05T03:27:00+00:00,54.35,21.2,35.6,0.0,8.18
2026-09-05T03:28:00+00:00,46.32,15.05,29.99,0.33,8.5
2026-09-05T03:29:00+00:00,25.81,13.74,32.19,0.34,8.57
2026-09-05T03:30:00+00:00,42.0,12.01,33.85,0.69,8.43
2026-09-05T03:31:00+00:00,38.03,15.52,31.3,0.24,8.57
2026-09-05T03:32:00+00:00,59.74,27.17,32.71,0.0,8.18
2026-09-05T03:33:00+00:00,55.74,23.0,33.98,0.0,8.18
2026-09-05T03:34:00+00:00,54.54,25.1,31.51,0.0,8.18
2026-09-05T03:35:00+00:00,47.9,18.09,33.17,0.0,8.18
2026-09-05T03:36:00+00:00,44.55,14.92,34.34,0.61,8.61
2026-09-05T03:37:00+00:00,39.87,18.76,29.39,0.0,8.68
2026-09-05T03:38:00+00:00,50.2,18.79,35.95,0.0,8.18
2026-09-05T03:39:00+00:00,47.39,17.32,31.93,0.03,8.18
2026-09-05T03:40:00+00:00,46.77,16.72,35.74,0.0,8.18
2026-09-05T03:41:00+00:00,43.29,16.42,32.5,0.0,8.18
2026-09-05T03:42:00+00:00,50.98,22.39,30.55,0.0,8.18
2026-09-05T03:43:00+00:00,43.29,13.53,31.35,0.0,8.18
2026-09-05T03:44:00+00:00,48.48,17.72,33.76,0.19,8.18
2026-09-05T03:45:00+00:00,46.35,19.22,32.85,0.41,8.73
2026-09-05T03:46:00+00:00,60.94,23.14,30.09,0.0,8.21
2026-09-05T03:47:00+00:00,58.21,25.31,34.45,0.0,8.66
2026-09-05T03:48:00+00:00,45.48,16.92,33.46,0.7,8.18
2026-09-05T03:49:00+00:00,39.74,16.25,34.03,0.0,8.57
2026-09-05T03:50:00+00:00,51.3,18.41,31.87,0.0,8.7
2026-09-05T03:51:00+00:00,51.99,27.92,32.61,0.0,8.63
2026-09-05T03:52:00+00:00,56.99,30.52,34.61,0.0,8.62
2026-09-05T03:53:00+00:00,56.58,21.35,32.34,0.0,8.31
2026-09-05T03:54:00+00:00,50.43,15.06,34.58,0.0,8.37
2026-09-05T03:55:00+00:00,58.22,28.02,33.23,0.69,8.18
2026-09-05T03:56:00+00:00,53.28,26.65,36.69,0.14,8.18
2026-09-05T03:57:00+00:00,32.52,10.92,32.96,0.0,8.43
2026-09-05T03:58:00+00:00,54.39,23.15,31.16,0.0,8.31
2026-09-05T03:59:00+00:00,34.06,10.46,32.02,0.61,8.6
2026-09-05T04:00:00+00:00,46.16,16.85,33.47,0.0,8.76
2026-09-05T04:01:00+00:00,51.23,18.77,31.88,0.28,8.18
2026-09-05T04:02:00+00:00,51.77,20.46,31.71,0.38,8.18
2026-09-05T04:03:00+00:00,43.42,18.72,32.99,0.0,8.52
2026-09-05T04:04:00+00:00,51.07,15.51,30.29,0.28,8.73
2026-09-05T04:05:00+00:00,57.79,24.21,32.96,0.0,8.18
2026-09-05T04:06:00+00:00,47.45,20.45,32.75,0.0,8.18
2026-09-05T04:07:00+00:00,32.19,10.96,30.55,0.01,8.61
2026-09-05T04:08:00+00:00,50.48,14.76,31.37,0.56,8.68
2026-09-05T04:09:00+00:00,28.52,10.23,33.58,0.0,8.5
2026-09-05T04:10:00+00:00,47.48,22.38,32.18,0.49,8.52
2026-09-05T04:11:00+00:00,37.71,14.39,29.91,0.0,8.71
2026-09-05T04:12:00+00:00,56.0,17.37,33.57,0.0,8.57
2026-09-05T04:13:00+00:00,50.1,17.46,35.74,0.0,8.69
2026-09-05T04:14:00+00:00,58.63,22.85,31.43,0.28,8.37
2026-09-05T04:15:00+00:00,53.47,24.62,32.73,0.0,8.18
2026-09-05T04:16:00+00:00,40.61,19.65,36.04,0.28,8.5
2026-09-05T04:17:00+00:00,29.71,9.2,30.29,0.0,8.18
2026-09-05T04:18:00+00:00,52.36,16.81,33.88,0.72,8.43
2026-09-05T04:19:00+00:00,42.87,17.96,33.0,0.0,8.8
2026-09-05T04:20:00+00:00,53.71,22.32,34.27,0.51,8.18
2026-09-05T04:21:00+00:00,40.16,12.28,29.86,0.0,8.18
2026-09-05T04:22:00+00:00,50.04,16.34,32.34,0.0,8.33
2026-09-05T04:23:00+00:00,47.71,16.02,34.37,0.4,8.68
2026-09-05T04:24:00+00:00,57.67,22.83,32.98,0.02,8.3
2026-09-05T04:25:00+00:00,41.9,8.67,34.36,0.0,8.23
2026-09-05T04:26:00+00:00,56.29,23.84,34.72,0.0,8.77
2026-09-05T04:27:00+00:00,38.03,12.11,34.98,0.0,8.39
2026-09-05T04:28:00+00:00,50.6,18.65,32.41,0.24,8.45
2026-09-05T04:29:00+00:00,55.14,23.77,34.43,0.0,8.18
2026-09-05T04:30:00+00:00,32.16,11.32,31.07,0.0,8.18
2026-09-05T04:31:00+00:00,55.88,22.74,32.57,0.0,8.18
2026-09-05T04:32:00+00:00,52.57,20.1,31.17,0.58,8.18
2026-09-05T04:33:00+00:00,52.12,22.27,33.17,0.0,8.56
2026-09-05T04:34:00+00:00,47.94,15.41,32.7,0.0,8.78
2026-09-05T04:35:00+00:00,51.34,19.35,32.55,0.0,8.33
2026-09-05T04:36:00+00:00,52.76,19.15,32.17,0.0,8.18
2026-09-05T04:37:00+00:00,43.29,12.13,29.9,0.0,8.27
2026-09-05T04:38:00+00:00,37.61,11.59,33.72,0.0,8.18
2026-09-05T04:39:00+00:00,44.9,13.27,30.71,0.0,8.18
2026-09-05T04:40:00+00:00,47.55,17.82,31.79,0.0,8.18
2026-09-05T04:41:00+00:00,49.06,13.77,35.68,0.0,8.18
2026-09-05T04:42:00+00:00,46.32,15.38,32.87,0.0,8.18
2026-09-05T04:43:00+00:00,42.48,11.88,32.93,0.0,8.27
2026-09-05T04:44:00+00:00,25.81,9.13,32.21,0.0,8.18
2026-09-05T04:45:00+00:00,58.77,21.45,33.71,0.0,8.71
2026-09-05T04:46:00+00:00,51.4,17.61,32.1,0.34,8.6
2026-09-05T04:47:00+00:00,45.61,19.47,32.69,0.0,8.18
2026-09-05T04:48:00+00:00,48.32,19.48,34.23,0.0,8.18
2026-09-05T04:49:00+00:00,52.32,19.23,29.2,0.0,8.74
2026-09-05T04:50:00+00:00,25.81,17.13,31.6,0.19,8.18
2026-09-05T04:51:00+00:00,40.87,14.57,32.82,0.0,8.18
2026-09-05T04:52:00+00:00,41.06,11.2,33.11,0.42,8.66
2026-09-05T04:53:00+00:00,51.69,24.68,33.22,0.0,8.29
2026-09-05T04:54:00+00:00,34.26,10.01,34.15,0.0,8.18
2026-09-05T04:55:00+00:00,54.52,28.09,35.58,0.08,8.46
2026-09-05T04:56:00+00:00,32.55,11.53,35.1,0.11,8.66
2026-09-05T04:57:00+00:00,38.16,12.79,32.91,0.11,8.18
2026-09-05T04:58:00+00:00,45.19,10.97,32.98,0.0,8.2
2026-09-05T04:59:00+00:00,54.49,18.37,32.69,0.0,8.18
2026-09-05T05:00:00+00:00,53.96,15.92,33.32,0.07,8.35
2026-09-05T05:01:00+00:00,51.05,14.02,33.62,0.39,8.47
2026-09-05T05:02:00+00:00,52.04,20.85,33.05,0.0,8.78
2026-09-05T05:03:00+00:00,50.63,14.5,32.23,0.68,8.18
2026-09-05T05:04:00+00:00,56.17,18.49,33.41,0.0,8.78
2026-09-05T05:05:00+00:00,52.33,16.06,34.46,0.0,8.18
2026-09-05T05:06:00+00:00,40.65,15.57,34.7,0.0,8.4
2026-09-05T05:07:00+00:00,48.52,14.87,34.06,0.0,8.18
2026-09-05T05:08:00+00:00,34.32,9.26,34.98,0.0,8.2
2026-09-05T05:09:00+00:00,38.81,16.32,35.4,0.77,8.22
2026-09-05T05:10:00+00:00,53.88,24.02,33.61,0.0,8.18
2026-09-05T05:11:00+00:00,50.48,13.37,31.13,0.66,8.18
2026-09-05T05:12:00+00:00,60.21,31.04,32.71,0.0,8.36
2026-09-05T05:13:00+00:00,50.45,13.55,32.21,0.0,8.26
2026-09-05T05:14:00+00:00,51.05,15.17,33.19,0.2,8.18
2026-09-05T05:15:00+00:00,46.84,19.12,32.89,0.0,8.33
2026-09-05T05:16:00+00:00,52.67,19.57,34.09,0.22,8.6
2026-09-05T05:17:00+00:00,43.42,14.74,30.92,0.31,8.18
2026-09-05T05:18:00+00:00,31.23,12.42,30.29,0.61,8.4
2026-09-05T05:19:00+00:00,56.1,20.94,33.79,0.3,8.18
2026-09-05T05:20:00+00:00,33.39,11.83,33.1,0.0,8.21
2026-09-05T05:21:00+00:00,50.2,22.89,34.84,0.36,8.39
2026-09-05T05:22:00+00:00,39.06,16.21,31.29,0.09,8.47
2026-09-05T05:23:00+00:00,34.81,13.46,33.89,0.0,8.72
2026-09-05T05:24:00+00:00,49.87,18.08,33.55,0.0,8.18
2026-09-05T05:25:00+00:00,42.52,20.55,34.42,0.0,8.18
2026-09-05T05:26:00+00:00,52.01,18.68,32.24,0.19,8.18
2026-09-05T05:27:00+00:00,53.38,22.0,32.22,0.0,8.18
2026-09-05T05:28:00+00:00,52.29,14.29,34.38,0.0,8.18
2026-09-05T05:29:00+00:00,43.1,19.14,35.44,0.0,8.18
2026-09-05T05:30:00+00:00,39.74,13.32,31.91,0.0,8.18
2026-09-05T05:31:00+00:00,46.29,17.35,36.68,0.0,8.18
2026-09-05T05:32:00+00:00,25.81,10.62,32.5,0.22,8.53
2026-09-05T05:33:00+00:00,55.68,25.28,33.6,0.0,8.39
2026-09-05T05:34:00+00:00,52.89,19.34,30.25,0.0,8.18
2026-09-05T05:35:00+00:00,50.85,19.79,32.25,0.0,8.18
2026-09-05T05:36:00+00:00,46.42,16.53,32.08,0.73,8.33
2026-09-05T05:37:00+00:00,51.28,19.53,33.93,0.56,8.18
2026-09-05T05:38:00+00:00,40.13,14.64,34.65,0.0,8.26
2026-09-05T05:39:00+00:00,52.71,20.49,34.56,0.0,8.18
2026-09-05T05:40:00+00:00,52.17,27.75,33.75,0.0,8.38
2026-09-05T05:41:00+00:00,51.49,16.24,28.66,0.24,8.18
2026-09-05T05:42:00+00:00,48.65,22.43,33.84,0.0,8.49
2026-09-05T05:43:00+00:00,49.97,19.23,30.84,0.64,8.18
2026-09-05T05:44:00+00:00,47.58,21.48,32.56,0.0,8.67
2026-09-05T05:45:00+00:00,30.26,16.08,33.15,0.22,8.18
2026-09-05T05:46:00+00:00,53.42,17.93,35.86,0.0,8.73
2026-09-05T05:47:00+00:00,37.48,12.06,33.73,0.0,8.39
2026-09-05T05:48:00+00:00,36.9,12.54,31.38,0.0,8.18
2026-09-05T05:49:00+00:00,39.94,11.41,35.37,0.0,8.18
2026-09-05T05:50:00+00:00,27.55,7.5,32.42,0.0,8.63
2026-09-05T05:51:00+00:00,44.87,15.75,32.61,0.09,8.18
2026-09-05T05:52:00+00:00,54.22,21.23,33.14,0.0,8.65
2026-09-05T05:53:00+00:00,37.74,9.19,33.73,0.0,8.18
2026-09-05T05:54:00+00:00,51.13,18.96,34.16,0.0,8.53
2026-09-05T05:55:00+00:00,52.39,19.14,35.44,0.0,8.79
2026-09-05T05:56:00+00:00,53.83,20.68,32.86,0.27,8.18
2026-09-05T05:57:00+00:00,52.53,25.14,34.78,0.0,8.3
2026-09-05T05:58:00+00:00,51.59,20.69,35.14,0.0,8.18
2026-09-05T05:59:00+00:00,39.52,15.13,33.62,0.0,8.54
2026-09-05T06:00:00+00:00,53.07,24.97,33.59,0.0,8.38
2026-09-05T06:01:00+00:00,52.09,20.21,35.91,0.0,8.22
2026-09-05T06:02:00+00:00,36.97,13.49,30.66,0.64,8.18
2026-09-05T06:03:00+00:00,55.8,18.82,32.9,0.0,8.8
2026-09-05T06:04:00+00:00,54.91,22.33,32.23,0.0,8.18
2026-09-05T06:05:00+00:00,55.14,18.39,33.88,0.43,8.28
2026-09-05T06:06:00+00:00,44.03,18.0,30.51,0.0,8.3
2026-09-05T06:07:00+00:00,50.26,14.51,33.52,0.06,8.18
2026-09-05T06:08:00+00:00,49.81,13.09,35.01,0.0,8.56
2026-09-05T06:09:00+00:00,52.59,20.22,32.98,0.0,8.18
2026-09-05T06:10:00+00:00,52.62,23.55,34.42,0.0,8.18
2026-09-05T06:11:00+00:00,50.75,17.74,34.89,0.0,8.18
2026-09-05T06:12:00+00:00,47.03,13.05,32.58,0.0,8.18
2026-09-05T06:13:00+00:00,51.15,18.96,33.8,0.11,8.18
2026-09-05T06:14:00+00:00,53.78,24.23,35.03,0.38,8.5
2026-09-05T06:15:00+00:00,47.68,15.64,34.26,0.0,8.18
2026-09-05T06:16:00+00:00,51.72,18.48,35.92,0.36,8.18
2026-09-05T06:17:00+00:00,49.97,24.29,36.7,0.0,8.53
2026-09-05T06:18:00+00:00,39.26,12.04,32.98,0.09,8.76
2026-09-05T06:19:00+00:00,51.29,17.73,34.11,0.0,8.18
2026-09-05T06:20:00+00:00,58.07,24.43,34.17,0.0,8.39
2026-09-05T06:21:00+00:00,43.74,20.81,34.67,0.02,8.57
2026-09-05T06:22:00+00:00,40.68,14.66,34.89,0.0,8.57
2026-09-05T06:23:00+00:00,46.9,11.81,32.48,0.0,8.18
2026-09-05T06:24:00+00:00,55.25,23.57,33.51,0.0,8.5
2026-09-05T06:25:00+00:00,50.36,21.99,32.33,0.0,8.18
2026-09-05T06:26:00+00:00,41.65,17.87,34.88,0.0,8.41
2026-09-05T06:27:00+00:00,57.92,24.46,33.75,0.34,8.18
2026-09-05T06:28:00+00:00,50.58,17.52,36.03,0.0,8.18
2026-09-05T06:29:00+00:00,43.06,16.45,36.25,0.49,8.18
2026-09-05T06:30:00+00:00,56.38,24.8,33.91,0.17,8.34
2026-09-05T06:31:00+00:00,48.68,16.26,35.86,0.0,8.47
2026-09-05T06:32:00+00:00,54.49,17.57,32.08,0.0,8.3
2026-09-05T06:33:00+00:00,52.19,17.57,35.29,0.0,8.61
2026-09-05T06:34:00+00:00,51.04,22.65,34.34,0.0,8.18
2026-09-05T06:35:00+00:00,57.81,25.09,35.48,0.73,8.33
2026-09-05T06:36:00+00:00,48.16,17.45,35.21,0.31,8.6
2026-09-05T06:37:00+00:00,51.6,14.74,36.23,0.22,8.44
2026-09-05T06:38:00+00:00,54.04,18.27,34.1,0.16,8.18
2026-09-05T06:39:00+00:00,47.61,12.32,33.14,0.0,8.49
2026-09-05T06:40:00+00:00,52.83,20.71,35.4,0.0,8.78
2026-09-05T06:41:00+00:00,51.27,19.26,33.02,0.0,8.18
2026-09-05T06:42:00+00:00,32.61,18.19,31.64,0.0,8.18
2026-09-05T06:43:00+00:00,38.35,14.17,35.06,0.0,8.61
2026-09-05T06:44:00+00:00,53.28,20.25,35.1,0.0,8.18
2026-09-05T06:45:00+00:00,50.68,21.21,35.01,0.0,8.18
2026-09-05T06:46:00+00:00,45.1,17.96,35.18,0.0,8.66
2026-09-05T06:47:00+00:00,37.32,10.69,33.82,0.0,8.18
2026-09-05T06:48:00+00:00,56.63,25.65,34.61,0.0,8.18
2026-09-05T06:49:00+00:00,57.48,24.68,33.68,0.0,8.43
2026-09-05T06:50:00+00:00,56.5,26.79,35.33,0.0,8.18
2026-09-05T06:51:00+00:00,51.84,14.05,33.78,0.19,8.6
2026-09-05T06:52:00+00:00,49.9,21.44,36.42,0.57,8.78
2026-09-05T06:53:00+00:00,46.35,16.77,36.01,0.19,8.78
2026-09-05T06:54:00+00:00,51.98,18.74,38.09,0.0,8.33
2026-09-05T06:55:00+00:00,51.4,18.75,34.73,0.0,8.18
2026-09-05T06:56:00+00:00,51.25,19.14,35.24,0.0,8.62
2026-09-05T06:57:00+00:00,52.26,22.54,37.09,0.0,8.18
2026-09-05T06:58:00+00:00,47.16,17.06,34.19,0.6,8.51
2026-09-05T06:59:00+00:00,50.01,14.3,34.77,0.0,8.25
2026-09-05T07:00:00+00:00,41.61,17.01,38.34,0.0,8.18
2026-09-05T07:01:00+00:00,32.77,14.17,37.37,0.0,8.31
2026-09-05T07:02:00+00:00,47.16,22.63,34.31,0.0,8.46
2026-09-05T07:03:00+00:00,36.03,12.33,36.08,0.76,8.18
2026-09-05T07:04:00+00:00,47.45,19.17,35.75,0.0,8.18
2026-09-05T07:05:00+00:00,45.29,12.75,34.06,0.0,8.18
2026-09-05T07:06:00+00:00,48.84,16.34,37.8,0.0,8.41
2026-09-05T07:07:00+00:00,51.94,16.0,34.61,0.0,8.45
2026-09-05T07:08:00+00:00,49.35,20.05,33.43,0.01,8.18
2026-09-05T07:09:00+00:00,49.61,20.96,34.77,0.03,8.36
2026-09-05T07:10:00+00:00,50.6,18.34,34.81,0.0,8.65
2026-09-05T07:11:00+00:00,53.86,17.72,36.98,0.0,8.18
2026-09-05T07:12:00+00:00,46.52,18.25,36.87,0.0,8.18
2026-09-05T07:13:00+00:00,56.78,25.85,36.86,0.0,8.18
2026-09-05T07:14:00+00:00,46.13,16.77,34.69,0.0,8.18
2026-09-05T07:15:00+00:00,42.0,18.59,34.8,0.25,8.3
2026-09-05T07:16:00+00:00,34.94,12.45,38.31,0.0,8.18
2026-09-05T07:17:00+00:00,56.25,21.16,34.94,0.0,8.18
2026-09-05T07:18:00+00:00,45.84,14.99,35.93,0.41,8.57
2026-09-05T07:19:00+00:00,50.81,17.83,36.82,0.0,8.18
2026-09-05T07:20:00+00:00,40.71,13.17,35.86,0.0,8.18
2026-09-05T07:21:00+00:00,49.13,21.4,34.77,0.0,8.18
2026-09-05T07:22:00+00:00,48.65,20.04,37.42,0.22,8.25
2026-09-05T07:23:00+00:00,53.22,19.75,33.63,0.0,8.45
2026-09-05T07:24:00+00:00,50.84,17.96,35.65,0.0,8.18
2026-09-05T07:25:00+00:00,46.52,19.52,36.35,0.0,8.3
2026-09-05T07:26:00+00:00,45.39,14.15,35.1,0.03,8.18
2026-09-05T07:27:00+00:00,46.13,14.96,39.82,0.0,8.18
2026-09-05T07:28:00+00:00,40.39,18.04,33.34,0.0,8.46
2026-09-05T07:29:00+00:00,47.1,17.12,35.26,0.0,8.18
2026-09-05T07:30:00+00:00,42.81,13.26,37.64,0.0,8.19
2026-09-05T07:31:00+00:00,33.58,9.57,36.21,0.0,8.62
2026-09-05T07:32:00+00:00,34.26,10.67,36.55,0.0,8.62
2026-09-05T07:33:00+00:00,47.13,15.8,37.5,0.0,8.18
2026-09-05T07:34:00+00:00,53.13,20.72,34.46,0.0,8.18
2026-09-05T07:35:00+00:00,47.81,14.69,35.44,0.58,8.18
2026-09-05T07:36:00+00:00,52.61,23.67,35.75,0.0,8.55
2026-09-05T07:37:00+00:00,44.1,11.39,39.28,0.0,8.18
2026-09-05T07:38:00+00:00,39.16,15.08,38.53,0.0,8.18
2026-09-05T07:39:00+00:00,50.91,14.59,38.02,0.0,8.73
2026-09-05T07:40:00+00:00,53.12,18.55,34.82,0.26,8.18
2026-09-05T07:41:00+00:00,57.84,22.72,34.07,0.0,8.18
2026-09-05T07:42:00+00:00,53.4,21.35,36.59,0.0,8.74
2026-09-05T07:43:00+00:00,38.9,14.42,35.6,0.0,8.18
2026-09-05T07:44:00+00:00,38.48,18.61,31.74,0.38,8.18
2026-09-05T07:45:00+00:00,54.79,24.99,36.17,0.0,8.7
2026-09-05T07:46:00+00:00,45.97,18.55,36.88,0.0,8.38
2026-09-05T07:47:00+00:00,50.56,19.27,39.24,0.0,8.3
2026-09-05T07:48:00+00:00,51.0,15.2,38.01,0.0,8.42
2026-09-05T07:49:00+00:00,51.32,17.84,38.47,0.02,8.63
2026-09-05T07:50:00+00:00,51.49,18.83,38.99,0.0,8.25
2026-09-05T07:51:00+00:00,41.19,15.7,37.9,0.0,8.44
2026-09-05T07:52:00+00:00,41.87,10.58,39.11,0.09,8.65
2026-09-05T07:53:00+00:00,51.15,16.87,40.8,0.15,8.52
2026-09-05T07:54:00+00:00,52.94,19.54,35.73,0.22,8.59
2026-09-05T07:55:00+00:00,50.58,16.45,34.6,0.07,8.54
2026-09-05T07:56:00+00:00,51.22,19.28,38.06,0.0,8.73
2026-09-05T07:57:00+00:00,51.08,18.51,36.7,0.0,8.65
2026-09-05T07:58:00+00:00,46.42,19.8,37.31,0.0,8.65
2026-09-05T07:59:00+00:00,51.64,21.43,38.83,0.76,8.84
2026-09-05T08:00:00+00:00,53.37,19.68,36.14,0.49,8.72
2026-09-05T08:01:00+00:00,53.43,20.37,39.27,0.0,8.8
2026-09-05T08:02:00+00:00,49.32,20.08,37.32,0.0,8.68
2026-09-05T08:03:00+00:00,42.19,12.18,37.98,0.0,8.55
2026-09-05T08:04:00+00:00,52.24,21.14,39.42,0.0,8.42
2026-09-05T08:05:00+00:00,56.18,22.95,38.89,0.0,9.31
2026-09-05T08:06:00+00:00,56.23,21.9,37.68,0.0,9.18
2026-09-05T08:07:00+00:00,46.03,20.9,35.92,0.0,8.95
2026-09-05T08:08:00+00:00,35.87,13.65,40.21,0.0,9.3
2026-09-05T08:09:00+00:00,54.19,20.12,39.08,0.0,9.34
2026-09-05T08:10:00+00:00,46.32,17.39,35.75,0.0,8.4
2026-09-05T08:11:00+00:00,42.74,18.19,37.19,0.07,9.66
2026-09-05T08:12:00+00:00,41.68,11.6,40.01,0.0,8.79
2026-09-05T08:13:00+00:00,49.61,16.56,36.53,0.19,8.7
2026-09-05T08:14:00+00:00,51.94,18.39,39.7,0.0,9.48
2026-09-05T08:15:00+00:00,52.07,24.12,38.9,0.0,9.86
2026-09-05T08:16:00+00:00,48.32,15.85,40.0,0.0,9.51
2026-09-05T08:17:00+00:00,47.94,19.43,39.58,0.0,9.81
2026-09-05T08:18:00+00:00,34.45,16.91,39.59,0.0,8.24
2026-09-05T08:19:00+00:00,52.69,20.44,41.93,0.0,9.81
2026-09-05T08:20:00+00:00,26.45,8.06,36.81,0.0,8.66
2026-09-05T08:21:00+00:00,49.19,18.61,40.8,0.0,8.27
2026-09-05T08:22:00+00:00,52.24,20.65,38.68,0.57,8.22
2026-09-05T08:23:00+00:00,53.08,22.42,41.4,0.01,8.38
2026-09-05T08:24:00+00:00,51.55,18.88,39.33,0.0,8.18
2026-09-05T08:25:00+00:00,55.29,21.32,42.8,0.0,9.88
2026-09-05T08:26:00+00:00,45.13,14.44,40.39,0.08,10.37
2026-09-05T08:27:00+00:00,47.0,18.82,39.38,0.23,8.35
2026-09-05T08:28:00+00:00,54.51,22.56,41.84,0.53,8.44
2026-09-05T08:29:00+00:00,48.94,16.23,40.09,0.0,8.3
2026-09-05T08:30:00+00:00,34.55,12.26,40.16,0.0,8.71
2026-09-05T08:31:00+00:00,54.66,23.03,40.34,0.5,10.66
2026-09-05T08:32:00+00:00,51.98,20.96,39.12,0.0,8.78
2026-09-05T08:33:00+00:00,55.83,27.09,39.21,0.0,10.17
2026-09-05T08:34:00+00:00,42.48,14.53,39.8,0.0,8.45
2026-09-05T08:35:00+00:00,33.19,13.34,41.58,0.0,8.26
2026-09-05T08:36:00+00:00,52.68,19.74,41.38,0.41,11.61
2026-09-05T08:37:00+00:00,53.45,20.65,37.95,0.0,11.0
2026-09-05T08:38:00+00:00,53.55,19.11,43.08,0.0,8.22
2026-09-05T08:39:00+00:00,50.76,21.01,42.59,0.0,8.2
2026-09-05T08:40:00+00:00,51.09,17.78,39.52,0.0,11.53
2026-09-05T08:41:00+00:00,46.45,12.83,41.04,0.0,8.55
2026-09-05T08:42:00+00:00,43.71,12.32,37.98,0.0,10.88
2026-09-05T08:43:00+00:00,51.29,18.88,44.07,0.0,8.71
2026-09-05T08:44:00+00:00,51.02,17.51,38.68,0.24,10.71
2026-09-05T08:45:00+00:00,31.16,16.15,40.66,0.0,8.4
2026-09-05T08:46:00+00:00,51.33,16.04,38.91,0.0,8.22
2026-09-05T08:47:00+00:00,51.32,21.3,41.15,0.0,8.64
2026-09-05T08:48:00+00:00,45.39,10.93,40.94,0.0,12.18
2026-09-05T08:49:00+00:00,56.38,25.39,42.37,0.58,8.69
2026-09-05T08:50:00+00:00,50.69,20.69,38.66,0.0,8.39
2026-09-05T08:51:00+00:00,39.77,14.61,41.86,0.0,8.49
2026-09-05T08:52:00+00:00,53.45,20.68,39.33,0.0,8.55
2026-09-05T08:53:00+00:00,52.78,16.05,43.01,0.0,8.53
2026-09-05T08:54:00+00:00,41.42,10.57,41.65,0.0,8.38
2026-09-05T08:55:00+00:00,50.35,17.57,43.08,0.0,8.47
2026-09-05T08:56:00+00:00,48.19,11.74,41.77,0.0,8.62
2026-09-05T08:57:00+00:00,51.93,20.67,41.11,0.0,12.4
2026-09-05T08:58:00+00:00,53.22,20.16,44.14,0.0,8.72
2026-09-05T08:59:00+00:00,51.08,17.18,42.83,0.74,8.21
2026-09-05T09:00:00+00:00,43.03,14.85,39.44,0.0,12.25
2026-09-05T09:01:00+00:00,53.98,17.67,39.61,0.0,8.2
2026-09-05T09:02:00+00:00,39.13,12.98,42.91,0.0,8.28
2026-09-05T09:03:00+00:00,54.72,21.91,46.44,0.0,11.98
2026-09-05T09:04:00+00:00,47.35,18.83,39.93,0.0,8.68
2026-09-05T09:05:00+00:00,55.49,20.31,39.49,0.0,8.76
2026-09-05T09:06:00+00:00,49.52,16.41,41.04,0.0,8.22
2026-09-05T09:07:00+00:00,52.77,21.34,41.23,0.0,8.4
2026-09-05T09:08:00+00:00,49.55,17.8,41.61,0.0,12.77
2026-09-05T09:09:00+00:00,51.54,15.53,45.58,0.35,8.78
2026-09-05T09:10:00+00:00,51.89,13.01,43.82,0.44,8.68
2026-09-05T09:11:00+00:00,51.45,16.96,44.95,0.0,12.08
2026-09-05T09:12:00+00:00,44.58,17.07,42.33,0.47,13.22
2026-09-05T09:13:00+00:00,53.47,17.4,37.11,0.0,12.93
2026-09-05T09:14:00+00:00,47.06,18.09,41.68,0.0,12.96
2026-09-05T09:15:00+00:00,43.45,16.13,41.48,0.0,12.19
2026-09-05T09:16:00+00:00,43.06,15.82,41.75,1.0,8.25
2026-09-05T09:17:00+00:00,51.64,15.53,42.17,0.0,8.67
2026-09-05T09:18:00+00:00,47.16,18.04,45.7,0.0,8.32
2026-09-05T09:19:00+00:00,42.16,13.86,41.42,0.0,15.37
2026-09-05T09:20:00+00:00,53.32,21.63,42.87,0.0,14.23
2026-09-05T09:21:00+00:00,43.03,12.77,42.12,0.21,15.46
2026-09-05T09:22:00+00:00,47.32,13.31,42.56,0.76,8.69
2026-09-05T09:23:00+00:00,45.65,15.17,42.61,0.0,8.22
2026-09-05T09:24:00+00:00,55.66,19.34,38.68,0.0,8.3
2026-09-05T09:25:00+00:00,54.1,18.11,45.67,0.0,8.68
2026-09-05T09:26:00+00:00,51.52,18.55,45.48,0.0,8.59
2026-09-05T09:27:00+00:00,50.28,17.79,45.28,0.86,8.28
2026-09-05T09:28:00+00:00,46.48,17.83,43.77,0.0,15.13
2026-09-05T09:29:00+00:00,55.56,24.87,42.05,0.0,8.58
2026-09-05T09:30:00+00:00,52.99,26.32,44.5,0.0,8.52
2026-09-05T09:31:00+00:00,50.79,18.12,43.28,0.0,8.43
2026-09-05T09:32:00+00:00,44.26,16.03,45.55,0.0,15.03
2026-09-05T09:33:00+00:00,44.39,18.63,42.0,0.0,15.09
2026-09-05T09:34:00+00:00,50.34,19.62,41.05,0.0,8.35
2026-09-05T09:35:00+00:00,50.19,17.28,44.82,0.0,17.25
2026-09-05T09:36:00+00:00,53.25,18.22,43.89,0.0,13.67
2026-09-05T09:37:00+00:00,55.66,30.85,43.2,0.0,15.25
2026-09-05T09:38:00+00:00,38.77,8.73,42.91,0.18,8.27
2026-09-05T09:39:00+00:00,48.65,19.53,46.36,0.54,16.69
2026-09-05T09:40:00+00:00,42.74,18.66,43.47,0.05,8.72
2026-09-05T09:41:00+00:00,50.44,19.9,41.82,0.0,8.64
2026-09-05T09:42:00+00:00,47.65,11.86,46.26,0.0,17.96
2026-09-05T09:43:00+00:00,45.26,17.78,44.38,0.43,8.62
2026-09-05T09:44:00+00:00,48.23,13.93,43.28,0.0,8.28
2026-09-05T09:45:00+00:00,52.79,20.5,44.38,0.0,15.58
2026-09-05T09:46:00+00:00,53.5,19.39,41.86,0.0,16.98
2026-09-05T09:47:00+00:00,33.42,13.43,45.61,0.0,8.65
2026-09-05T09:48:00+00:00,53.57,24.51,42.51,0.0,14.63
2026-09-05T09:49:00+00:00,38.71,11.18,43.74,0.0,15.32
2026-09-05T09:50:00+00:00,51.0,19.81,42.08,0.0,16.74
2026-09-05T09:51:00+00:00,53.65,21.82,45.87,0.0,8.47
2026-09-05T09:52:00+00:00,44.74,20.27,42.12,0.0,19.05
2026-09-05T09:53:00+00:00,56.34,24.64,43.06,0.0,15.04
2026-09-05T09:54:00+00:00,52.22,15.03,40.17,0.0,16.38
2026-09-05T09:55:00+00:00,50.85,17.69,42.04,0.0,8.69
2026-09-05T09:56:00+00:00,49.39,15.79,42.09,0.0,8.38
2026-09-05T09:57:00+00:00,42.97,13.2,43.43,0.0,17.98
2026-09-05T09:58:00+00:00,48.77,15.66,43.99,0.45,8.78
2026-09-05T09:59:00+00:00,35.97,13.63,45.17,0.09,8.27
2026-09-05T10:00:00+00:00,54.46,20.12,44.86,0.0,8.2
2026-09-05T10:01:00+00:00,51.63,22.81,41.43,0.55,19.99
2026-09-05T10:02:00+00:00,42.16,12.52,43.89,0.0,8.22
2026-09-05T10:03:00+00:00,44.06,10.87,42.34,0.0,8.36
2026-09-05T10:04:00+00:00,54.31,20.74,44.89,0.0,17.21
2026-09-05T10:05:00+00:00,51.67,15.97,45.47,0.0,17.36
2026-09-05T10:06:00+00:00,48.16,18.04,44.39,0.0,8.57
2026-09-05T10:07:00+00:00,42.55,9.17,41.57,0.0,17.61
2026-09-05T10:08:00+00:00,53.02,18.13,46.83,0.0,8.75
2026-09-05T10:09:00+00:00,54.92,25.31,43.06,0.0,8.49
2026-09-05T10:10:00+00:00,36.52,18.93,48.14,0.0,8.27
2026-09-05T10:11:00+00:00,43.97,15.23,42.73,0.0,8.5
2026-09-05T10:12:00+00:00,51.54,14.41,44.7,0.0,15.57
2026-09-05T10:13:00+00:00,44.9,14.27,43.46,0.0,17.49
2026-09-05T10:14:00+00:00,44.68,18.47,44.43,0.0,8.35
2026-09-05T10:15:00+00:00,42.16,23.56,40.03,0.47,8.68
2026-09-05T10:16:00+00:00,54.22,23.25,44.32,0.0,16.43
2026-09-05T10:17:00+00:00,50.28,17.5,46.3,0.0,18.85
2026-09-05T10:18:00+00:00,45.55,13.17,42.02,0.0,8.73
2026-09-05T10:19:00+00:00,42.32,15.01,46.42,0.29,8.47
2026-09-05T10:20:00+00:00,37.39,12.85,42.3,0.0,8.48
2026-09-05T10:21:00+00:00,44.94,15.95,42.96,0.4,8.23
2026-09-05T10:22:00+00:00,43.39,19.13,44.25,0.59,19.82
2026-09-05T10:23:00+00:00,56.62,27.08,43.21,0.0,21.47
2026-09-05T10:24:00+00:00,54.0,19.02,42.1,0.58,16.24
2026-09-05T10:25:00+00:00,51.49,18.1,44.73,0.0,8.35
2026-09-05T10:26:00+00:00,46.97,15.17,40.69,0.14,8.22
2026-09-05T10:27:00+00:00,50.51,22.12,43.61,0.0,8.51
2026-09-05T10:28:00+00:00,52.21,17.72,42.82,0.0,18.95
2026-09-05T10:29:00+00:00,51.39,19.51,43.31,0.0,22.91
2026-09-05T10:30:00+00:00,48.06,15.18,44.58,0.0,8.63
2026-09-05T10:31:00+00:00,32.61,13.79,42.63,0.0,19.25
2026-09-05T10:32:00+00:00,39.03,11.32,45.03,0.27,8.42
2026-09-05T10:33:00+00:00,53.9,20.34,42.48,0.0,8.66
2026-09-05T10:34:00+00:00,42.23,19.04,39.67,0.0,21.98
2026-09-05T10:35:00+00:00,50.31,17.36,43.6,0.0,8.58
2026-09-05T10:36:00+00:00,51.03,14.42,45.1,0.0,20.62
2026-09-05T10:37:00+00:00,38.61,11.65,40.64,0.0,8.38
2026-09-05T10:38:00+00:00,50.45,12.97,41.9,0.0,8.37
2026-09-05T10:39:00+00:00,52.14,23.15,42.16,0.0,22.41
2026-09-05T10:40:00+00:00,46.87,15.2,41.59,0.36,8.29
2026-09-05T10:41:00+00:00,48.0,18.54,42.36,0.0,8.54
2026-09-05T10:42:00+00:00,47.19,16.03,43.03,0.0,8.73
2026-09-05T10:43:00+00:00,37.42,15.22,42.42,0.21,19.56
2026-09-05T10:44:00+00:00,52.34,19.59,44.66,0.0,8.72
2026-09-05T10:45:00+00:00,55.08,22.13,44.82,0.0,8.4
2026-09-05T10:46:00+00:00,44.97,18.0,39.6,0.0,8.32
2026-09-05T10:47:00+00:00,51.34,19.81,44.37,0.0,8.4
2026-09-05T10:48:00+00:00,50.81,17.11,42.14,0.7,21.73
2026-09-05T10:49:00+00:00,52.33,16.55,40.02,0.03,8.4
2026-09-05T10:50:00+00:00,43.39,14.4,41.53,0.0,24.43
2026-09-05T10:51:00+00:00,40.55,15.62,43.86,0.0,25.2
2026-09-05T10:52:00+00:00,56.79,22.04,45.4,0.0,22.87
2026-09-05T10:53:00+00:00,44.84,22.05,45.37,0.0,22.84
2026-09-05T10:54:00+00:00,49.19,18.92,46.33,0.0,8.26
2026-09-05T10:55:00+00:00,43.26,16.7,47.0,0.0,8.31
2026-09-05T10:56:00+00:00,44.48,12.54,43.35,0.0,8.7
2026-09-05T10:57:00+00:00,47.9,16.68,44.72,0.0,21.18
2026-09-05T10:58:00+00:00,37.97,16.47,41.1,0.0,23.97
2026-09-05T10:59:00+00:00,50.05,19.66,38.57,0.1,8.23
2026-09-05T11:00:00+00:00,46.48,16.36,41.99,0.0,8.74
2026-09-05T11:01:00+00:00,37.35,11.45,41.5,0.0,24.12
2026-09-05T11:02:00+00:00,50.16,15.24,43.22,0.54,8.53
2026-09-05T11:03:00+00:00,51.92,19.82,39.16,0.0,20.3
2026-09-05T11:04:00+00:00,47.55,18.72,38.34,0.0,8.7
2026-09-05T11:05:00+00:00,48.61,16.62,42.96,0.0,8.4
2026-09-05T11:06:00+00:00,52.41,22.33,42.29,0.0,26.28
2026-09-05T11:07:00+00:00,34.32,12.45,42.12,0.0,8.31
2026-09-05T11:08:00+00:00,56.97,26.52,42.94,0.0,20.57
2026-09-05T11:09:00+00:00,51.62,15.12,44.03,0.0,19.03
2026-09-05T11:10:00+00:00,40.03,13.59,42.14,0.0,19.95
2026-09-05T11:11:00+00:00,46.61,20.69,42.28,0.41,8.28
2026-09-05T11:12:00+00:00,35.48,17.64,38.1,0.0,8.78
2026-09-05T11:13:00+00:00,51.14,17.44,38.09,0.0,8.45
2026-09-05T11:14:00+00:00,42.29,14.72,43.26,0.0,8.7
2026-09-05T11:15:00+00:00,47.55,23.56,41.02,0.0,8.33
2026-09-05T11:16:00+00:00,48.71,15.95,40.25,0.0,8.5
2026-09-05T11:17:00+00:00,49.58,20.04,41.37,0.0,20.98
2026-09-05T11:18:00+00:00,52.37,20.42,43.38,0.03,8.2
2026-09-05T11:19:00+00:00,52.13,20.6,39.19,0.0,25.6
2026-09-05T11:20:00+00:00,44.97,13.55,42.3,0.18,28.89
2026-09-05T11:21:00+00:00,52.67,21.6,40.0,0.31,23.0
2026-09-05T11:22:00+00:00,44.94,18.68,44.17,0.52,8.23
2026-09-05T11:23:00+00:00,39.0,13.17,40.55,0.0,8.24
2026-09-05T11:24:00+00:00,31.39,16.76,38.17,0.0,8.7
2026-09-05T11:25:00+00:00,53.52,23.98,44.75,0.0,26.57
2026-09-05T11:26:00+00:00,34.97,13.32,41.8,0.0,8.2
2026-09-05T11:27:00+00:00,48.45,14.45,41.5,0.0,24.75
2026-09-05T11:28:00+00:00,41.03,14.3,43.39,0.18,25.44
2026-09-05T11:29:00+00:00,55.66,18.05,36.19,0.0,27.58
2026-09-05T11:30:00+00:00,50.33,18.81,36.67,0.0,26.55
2026-09-05T11:31:00+00:00,52.11,19.08,40.74,0.0,27.42
2026-09-05T11:32:00+00:00,58.72,27.36,39.3,0.0,8.55
2026-09-05T11:33:00+00:00,41.74,14.8,39.07,0.0,25.91
2026-09-05T11:34:00+00:00,31.1,13.63,39.73,0.0,8.38
2026-09-05T11:35:00+00:00,51.98,17.67,39.16,0.0,21.15
2026-09-05T11:36:00+00:00,40.06,14.25,36.96,0.0,28.45
2026-09-05T11:37:00+00:00,50.88,18.12,38.37,0.0,8.64
2026-09-05T11:38:00+00:00,32.58,11.64,40.15,0.0,24.14
2026-09-05T11:39:00+00:00,43.71,18.24,38.41,0.0,8.6
2026-09-05T11:40:00+00:00,54.72,23.29,38.6,0.31,29.2
2026-09-05T11:41:00+00:00,35.58,12.09,38.94,0.21,8.36
2026-09-05T11:42:00+00:00,52.48,25.52,40.49,0.18,21.97
2026-09-05T11:43:00+00:00,33.03,9.39,36.64,0.12,8.73
2026-09-05T11:44:00+00:00,50.41,22.16,41.56,0.0,8.64
2026-09-05T11:45:00+00:00,48.03,17.74,36.88,0.0,23.53
2026-09-05T11:46:00+00:00,43.16,15.96,40.36,0.0,30.76
2026-09-05T11:47:00+00:00,48.48,16.2,37.53,0.42,29.38
2026-09-05T11:48:00+00:00,50.46,18.47,36.84,0.0,8.73
2026-09-05T11:49:00+00:00,53.63,16.07,39.69,0.0,8.68
2026-09-05T11:50:00+00:00,44.84,17.18,37.74,0.0,26.65
2026-09-05T11:51:00+00:00,49.94,15.43,37.76,0.0,25.05
2026-09-05T11:52:00+00:00,40.94,22.94,35.75,0.0,22.51
2026-09-05T11:53:00+00:00,40.55,13.49,38.58,0.0,8.46
2026-09-05T11:54:00+00:00,44.0,17.83,42.79,0.0,26.07
2026-09-05T11:55:00+00:00,54.34,20.08,36.13,0.08,25.14
2026-09-05T11:56:00+00:00,52.27,20.32,36.75,0.0,24.07
2026-09-05T11:57:00+00:00,48.65,19.65,35.24,0.0,8.65
2026-09-05T11:58:00+00:00,48.19,18.68,33.9,0.0,8.21
2026-09-05T11:59:00+00:00,43.45,17.99,35.42,0.0,8.61
2026-09-05T12:00:00+00:00,44.94,17.56,38.68,0.0,8.22
2026-09-05T12:01:00+00:00,42.55,14.68,38.13,0.05,8.22
2026-09-05T12:02:00+00:00,42.19,11.08,38.82,0.21,8.2
2026-09-05T12:03:00+00:00,48.52,18.42,38.05,0.66,8.24
2026-09-05T12:04:00+00:00,36.84,12.08,38.11,0.0,33.12
2026-09-05T12:05:00+00:00,40.35,16.48,38.85,0.0,23.48
2026-09-05T12:06:00+00:00,53.33,19.95,39.77,0.0,27.98
2026-09-05T12:07:00+00:00,49.9,16.16,37.57,0.0,8.19
2026-09-05T12:08:00+00:00,41.39,14.66,32.83,0.0,23.79
2026-09-05T12:09:00+00:00,44.9,13.95,38.11,0.0,8.73
2026-09-05T12:10:00+00:00,40.48,13.26,37.26,0.0,25.02
2026-09-05T12:11:00+00:00,50.1,18.64,41.23,0.35,31.86
2026-09-05T12:12:00+00:00,50.78,20.7,38.0,0.0,8.66
2026-09-05T12:13:00+00:00,55.3,21.94,36.51,0.0,8.74
2026-09-05T12:14:00+00:00,44.97,18.54,37.51,0.73,8.26
2026-09-05T12:15:00+00:00,37.74,14.64,34.25,0.14,31.63
2026-09-05T12:16:00+00:00,50.75,16.69,33.55,0.0,8.58
2026-09-05T12:17:00+00:00,55.06,20.58,36.59,0.0,8.78
2026-09-05T12:18:00+00:00,43.65,18.55,37.39,0.59,32.31
2026-09-05T12:19:00+00:00,51.17,21.9,33.5,0.0,8.34
2026-09-05T12:20:00+00:00,47.32,19.6,37.85,0.0,22.97
2026-09-05T12:21:00+00:00,41.97,19.15,37.9,0.0,34.02
2026-09-05T12:22:00+00:00,50.15,17.07,38.53,0.0,8.34
2026-09-05T12:23:00+00:00,48.77,19.44,37.42,0.0,8.76
2026-09-05T12:24:00+00:00,51.17,21.99,37.34,0.16,8.33
2026-09-05T12:25:00+00:00,45.58,20.72,35.45,0.0,30.0
2026-09-05T12:26:00+00:00,43.45,18.18,37.27,0.0,8.26
2026-09-05T12:27:00+00:00,44.16,17.75,38.09,0.0,33.98
2026-09-05T12:28:00+00:00,51.64,15.1,36.4,0.0,8.3
2026-09-05T12:29:00+00:00,48.35,18.59,35.53,0.0,31.82
2026-09-05T12:30:00+00:00,51.69,22.13,36.02,0.06,35.06
2026-09-05T12:31:00+00:00,49.94,18.5,34.97,0.0,23.24
2026-09-05T12:32:00+00:00,48.45,15.68,37.42,0.39,27.77
2026-09-05T12:33:00+00:00,50.49,19.21,35.73,0.0,8.5
2026-09-05T12:34:00+00:00,46.71,15.15,35.64,0.0,8.73
2026-09-05T12:35:00+00:00,51.18,19.04,35.46,0.33,27.12
2026-09-05T12:36:00+00:00,41.13,15.64,36.12,0.28,34.48
2026-09-05T12:37:00+00:00,36.81,10.59,33.95,0.54,8.77
2026-09-05T12:38:00+00:00,50.69,16.65,33.48,0.0,8.2
2026-09-05T12:39:00+00:00,53.41,22.11,36.84,0.0,8.7
2026-09-05T12:40:00+00:00,40.58,16.05,36.24,0.0,28.79
2026-09-05T12:41:00+00:00,53.12,22.1,37.48,0.0,8.73
2026-09-05T12:42:00+00:00,49.97,18.55,36.44,0.0,32.85
2026-09-05T12:43:00+00:00,38.97,17.96,36.97,0.0,8.26
2026-09-05T12:44:00+00:00,57.02,18.53,35.56,0.0,33.69
2026-09-05T12:45:00+00:00,49.74,16.06,38.35,0.0,35.33
2026-09-05T12:46:00+00:00,44.45,17.1,36.89,0.0,8.67
2026-09-05T12:47:00+00:00,50.01,15.2,36.65,0.62,23.73
2026-09-05T12:48:00+00:00,39.55,8.61,34.24,0.0,8.43
2026-09-05T12:49:00+00:00,33.81,8.47,36.58,0.0,8.78
2026-09-05T12:50:00+00:00,49.74,21.35,39.2,0.24,8.67
2026-09-05T12:51:00+00:00,47.81,19.64,35.6,0.0,28.16
2026-09-05T12:52:00+00:00,52.57,21.61,36.15,0.0,25.04
2026-09-05T12:53:00+00:00,57.61,22.32,36.41,0.0,34.63
2026-09-05T12:54:00+00:00,42.77,10.96,35.21,0.0,8.45
2026-09-05T12:55:00+00:00,52.38,23.32,35.09,0.0,33.0
2026-09-05T12:56:00+00:00,25.81,9.43,32.7,0.0,8.68
2026-09-05T12:57:00+00:00,43.26,15.0,35.66,0.0,8.31
2026-09-05T12:58:00+00:00,41.71,14.7,33.43,0.36,24.08
2026-09-05T12:59:00+00:00,42.26,18.74,36.26,0.0,8.61
2026-09-05T13:00:00+00:00,47.9,15.37,34.48,0.0,8.76
2026-09-05T13:01:00+00:00,49.65,18.94,36.55,0.0,8.69
2026-09-05T13:02:00+00:00,48.42,12.24,36.29,0.0,8.4
2026-09-05T13:03:00+00:00,37.1,7.63,35.13,0.0,24.55
2026-09-05T13:04:00+00:00,46.74,22.9,36.58,0.11,8.56
2026-09-05T13:05:00+00:00,44.29,20.8,30.04,0.0,8.27
2026-09-05T13:06:00+00:00,49.42,16.14,33.35,0.03,30.84
2026-09-05T13:07:00+00:00,32.16,12.6,37.55,0.0,32.08
2026-09-05T13:08:00+00:00,40.42,13.19,34.57,0.01,8.34
2026-09-05T13:09:00+00:00,39.0,16.7,32.11,0.0,8.54
2026-09-05T13:10:00+00:00,46.87,13.59,31.59,0.0,27.47
2026-09-05T13:11:00+00:00,51.09,20.67,34.57,0.0,8.66
2026-09-05T13:12:00+00:00,46.68,16.86,34.95,0.0,8.24
2026-09-05T13:13:00+00:00,37.58,13.48,33.47,0.0,8.58
2026-09-05T13:14:00+00:00,45.42,17.55,34.9,0.0,8.35
2026-09-05T13:15:00+00:00,47.58,18.12,38.27,0.0,31.52
2026-09-05T13:16:00+00:00,45.52,14.01,37.77,0.0,8.41
2026-09-05T13:17:00+00:00,50.79,19.99,35.63,0.0,28.63
2026-09-05T13:18:00+00:00,51.69,21.81,36.31,0.0,27.47
2026-09-05T13:19:00+00:00,48.84,15.29,32.66,0.19,8.33
2026-09-05T13:20:00+00:00,50.21,20.71,32.72,0.46,36.0
2026-09-05T13:21:00+00:00,42.81,16.03,32.77,0.0,8.38
2026-09-05T13:22:00+00:00,43.71,16.85,36.36,0.0,30.89
2026-09-05T13:23:00+00:00,51.38,21.33,36.84,0.0,29.15
2026-09-05T13:24:00+00:00,41.13,14.13,32.17,0.36,8.23
2026-09-05T13:25:00+00:00,34.42,9.71,32.15,0.28,8.22
2026-09-05T13:26:00+00:00,50.29,18.09,33.92,0.13,8.6
2026-09-05T13:27:00+00:00,41.35,19.94,33.43,0.58,34.05
2026-09-05T13:28:00+00:00,42.0,21.0,36.07,0.19,8.67
2026-09-05T13:29:00+00:00,54.12,22.45,37.44,0.51,36.83
2026-09-05T13:30:00+00:00,51.72,24.9,34.63,0.0,8.75
2026-09-05T13:31:00+00:00,39.48,13.34,33.75,0.0,8.8
2026-09-05T13:32:00+00:00,34.65,13.67,33.87,0.0,26.52
2026-09-05T13:33:00+00:00,51.85,20.79,32.92,0.0,32.75
2026-09-05T13:34:00+00:00,51.62,17.45,33.44,0.0,8.68
2026-09-05T13:35:00+00:00,46.03,16.9,33.89,0.0,8.73
2026-09-05T13:36:00+00:00,50.68,20.38,34.68,0.0,8.42
2026-09-05T13:37:00+00:00,34.87,13.49,33.35,0.0,8.23
2026-09-05T13:38:00+00:00,51.27,20.6,35.89,0.0,30.47
2026-09-05T13:39:00+00:00,46.94,16.0,34.33,0.0,30.85
2026-09-05T13:40:00+00:00,43.77,10.35,34.87,0.0,8.73
2026-09-05T13:41:00+00:00,40.77,20.73,33.25,0.53,8.78
2026-09-05T13:42:00+00:00,43.81,17.94,33.83,0.0,8.35
2026-09-05T13:43:00+00:00,43.58,19.14,34.08,0.0,8.36
2026-09-05T13:44:00+00:00,49.71,16.26,33.38,0.0,8.52
2026-09-05T13:45:00+00:00,52.19,21.16,37.43,0.0,8.43
2026-09-05T13:46:00+00:00,57.77,22.41,33.4,0.0,8.41
2026-09-05T13:47:00+00:00,47.84,19.13,33.71,0.0,34.65
2026-09-05T13:48:00+00:00,51.28,21.64,32.7,0.65,8.66
2026-09-05T13:49:00+00:00,49.61,15.22,36.18,0.21,32.74
2026-09-05T13:50:00+00:00,52.07,20.45,31.22,0.0,8.3
2026-09-05T13:51:00+00:00,44.45,16.08,31.68,0.45,27.67
2026-09-05T13:52:00+00:00,49.87,17.55,34.27,0.0,8.73
2026-09-05T13:53:00+00:00,51.18,20.18,35.32,0.0,34.15
2026-09-05T13:54:00+00:00,54.31,17.75,33.8,0.0,8.36
2026-09-05T13:55:00+00:00,30.29,10.71,34.11,0.0,8.34
2026-09-05T13:56:00+00:00,54.65,22.53,31.73,0.0,34.11
2026-09-05T13:57:00+00:00,36.71,12.62,34.9,0.33,8.28
2026-09-05T13:58:00+00:00,46.48,14.1,32.52,0.4,8.69
2026-09-05T13:59:00+00:00,46.0,16.5,33.57,0.0,32.92
2026-09-05T14:00:00+00:00,47.74,16.58,36.69,0.0,8.5
2026-09-05T14:01:00+00:00,45.97,13.93,31.94,0.34,8.65
2026-09-05T14:02:00+00:00,43.35,13.09,36.31,0.0,8.56
2026-09-05T14:03:00+00:00,50.53,19.2,33.24,0.0,8.33
2026-09-05T14:04:00+00:00,47.74,17.59,34.23,0.0,8.29
2026-09-05T14:05:00+00:00,51.83,17.42,34.23,0.56,32.53
2026-09-05T14:06:00+00:00,52.88,19.38,35.18,0.0,28.99
2026-09-05T14:07:00+00:00,51.38,18.66,34.56,0.61,8.72
2026-09-05T14:08:00+00:00,46.16,13.06,35.7,0.01,8.61
2026-09-05T14:09:00+00:00,42.55,11.01,34.67,0.27,35.97
2026-09-05T14:10:00+00:00,51.65,13.1,33.39,0.33,8.62
2026-09-05T14:11:00+00:00,48.71,14.99,35.44,0.0,8.27
2026-09-05T14:12:00+00:00,50.43,17.14,30.31,0.0,35.22
2026-09-05T14:13:00+00:00,56.84,23.06,32.01,0.14,27.09
2026-09-05T14:14:00+00:00,52.86,23.54,32.66,0.0,8.47
2026-09-05T14:15:00+00:00,50.76,19.05,32.04,0.17,8.68
2026-09-05T14:16:00+00:00,51.7,15.66,30.81,0.49,33.02
2026-09-05T14:17:00+00:00,42.84,17.17,31.97,0.0,8.65
2026-09-05T14:18:00+00:00,42.1,15.01,33.44,0.0,28.8
2026-09-05T14:19:00+00:00,47.03,19.79,31.08,0.0,34.97
2026-09-05T14:20:00+00:00,41.9,12.94,32.65,0.11,25.05
2026-09-05T14:21:00+00:00,48.55,16.44,31.35,0.0,8.18
2026-09-05T14:22:00+00:00,37.58,12.18,36.85,0.0,8.69
2026-09-05T14:23:00+00:00,45.81,13.77,33.9,0.0,8.19
2026-09-05T14:24:00+00:00,56.12,22.88,32.89,0.38,32.25
2026-09-05T14:25:00+00:00,35.19,12.35,30.91,0.0,8.22
2026-09-05T14:26:00+00:00,52.16,16.7,33.69,0.0,8.5
2026-09-05T14:27:00+00:00,29.84,15.11,35.99,0.0,26.93
2026-09-05T14:28:00+00:00,51.69,20.47,32.33,0.12,8.25
2026-09-05T14:29:00+00:00,52.04,18.15,34.56,0.66,8.62
2026-09-05T14:30:00+00:00,53.08,24.34,33.52,0.0,8.7
2026-09-05T14:31:00+00:00,55.68,23.26,33.24,0.51,8.34
2026-09-05T14:32:00+00:00,39.61,9.21,32.35,0.0,8.58
2026-09-05T14:33:00+00:00,51.57,15.76,31.67,0.0,30.15
2026-09-05T14:34:00+00:00,54.29,18.13,32.77,0.31,32.32
2026-09-05T14:35:00+00:00,42.13,15.45,35.84,0.0,25.72
2026-09-05T14:36:00+00:00,51.65,18.64,33.94,0.0,8.71
2026-09-05T14:37:00+00:00,46.55,16.25,31.34,0.0,31.15
2026-09-05T14:38:00+00:00,44.29,17.71,34.6,0.14,23.57
2026-09-05T14:39:00+00:00,41.55,12.58,32.93,0.33,24.82
2026-09-05T14:40:00+00:00,53.45,19.36,34.3,0.0,8.46
2026-09-05T14:41:00+00:00,46.39,17.05,35.86,0.0,8.63
2026-09-05T14:42:00+00:00,41.94,15.26,32.99,0.0,27.41
2026-09-05T14:43:00+00:00,46.48,20.62,33.88,0.0,8.55
2026-09-05T14:44:00+00:00,48.0,20.86,34.34,0.0,22.88
2026-09-05T14:45:00+00:00,49.1,21.29,31.11,0.0,28.58
2026-09-05T14:46:00+00:00,53.11,24.01,28.98,0.0,8.45
2026-09-05T14:47:00+00:00,40.97,12.76,32.3,0.45,8.27
2026-09-05T14:48:00+00:00,47.39,11.22,31.32,0.0,33.17
2026-09-05T14:49:00+00:00,56.13,21.21,33.02,0.88,8.2
2026-09-05T14:50:00+00:00,52.86,19.2,30.61,0.12,8.69
2026-09-05T14:51:00+00:00,48.0,19.07,35.1,0.0,8.39
2026-09-05T14:52:00+00:00,37.87,16.16,37.0,0.0,8.33
2026-09-05T14:53:00+00:00,51.42,19.26,33.28,0.0,30.44
2026-09-05T14:54:00+00:00,47.26,15.44,31.88,0.0,8.6
2026-09-05T14:55:00+00:00,50.79,19.45,33.77,0.24,30.03
2026-09-05T14:56:00+00:00,52.63,23.97,34.59,0.42,8.78
2026-09-05T14:57:00+00:00,44.81,11.2,34.04,0.0,31.4
2026-09-05T14:58:00+00:00,29.48,8.79,33.77,0.0,8.79
2026-09-05T14:59:00+00:00,46.23,16.27,31.24,0.0,8.78
2026-09-05T15:00:00+00:00,50.59,21.27,32.03,0.0,8.21
2026-09-05T15:01:00+00:00,52.09,14.92,31.19,0.0,8.63
2026-09-05T15:02:00+00:00,49.29,18.2,33.32,0.1,8.2
2026-09-05T15:03:00+00:00,49.0,15.06,29.99,0.0,31.76
2026-09-05T15:04:00+00:00,48.35,13.02,35.05,0.14,8.3
2026-09-05T15:05:00+00:00,29.58,10.48,34.74,0.0,23.03
2026-09-05T15:06:00+00:00,53.03,17.12,32.02,0.0,25.34
2026-09-05T15:07:00+00:00,49.74,23.28,31.52,0.0,8.28
2026-09-05T15:08:00+00:00,54.64,21.17,31.24,0.36,24.64
2026-09-05T15:09:00+00:00,52.53,17.71,32.54,0.34,8.6
2026-09-05T15:10:00+00:00,39.0,12.88,34.35,0.0,25.52
2026-09-05T15:11:00+00:00,53.97,20.2,32.83,0.0,22.95
2026-09-05T15:12:00+00:00,40.16,16.18,34.79,0.0,29.29
2026-09-05T15:13:00+00:00,42.74,16.25,34.44,0.24,8.75
2026-09-05T15:14:00+00:00,48.19,15.57,36.32,0.0,8.29
2026-09-05T15:15:00+00:00,41.48,18.49,34.06,0.0,26.54
2026-09-05T15:16:00+00:00,37.32,14.96,35.2,0.0,8.78
2026-09-05T15:17:00+00:00,39.74,10.91,29.79,0.0,22.9
2026-09-05T15:18:00+00:00,55.8,22.31,33.33,0.0,24.39
2026-09-05T15:19:00+00:00,39.29,9.65,36.07,0.2,8.63
2026-09-05T15:20:00+00:00,55.21,21.43,32.69,0.0,25.6
2026-09-05T15:21:00+00:00,47.55,17.12,33.87,0.72,8.29
2026-09-05T15:22:00+00:00,31.68,7.88,33.23,0.29,8.35
2026-09-05T15:23:00+00:00,37.61,15.98,34.29,0.56,8.37
2026-09-05T15:24:00+00:00,49.71,19.45,33.95,0.55,24.05
2026-09-05T15:25:00+00:00,51.95,13.97,34.32,0.24,8.59
2026-09-05T15:26:00+00:00,48.74,21.3,37.35,0.0,8.72
2026-09-05T15:27:00+00:00,55.03,22.74,32.62,0.0,25.66
2026-09-05T15:28:00+00:00,48.77,15.94,32.37,0.0,23.98
2026-09-05T15:29:00+00:00,46.71,17.57,33.93,0.0,8.68
2026-09-05T15:30:00+00:00,47.68,15.63,34.08,0.84,8.2
2026-09-05T15:31:00+00:00,43.77,16.42,34.3,0.24,8.51
2026-09-05T15:32:00+00:00,53.87,19.31,32.64,0.0,8.54
2026-09-05T15:33:00+00:00,52.22,18.72,33.27,0.74,22.2
2026-09-05T15:34:00+00:00,44.87,14.72,32.08,0.51,8.67
2026-09-05T15:35:00+00:00,52.43,25.74,33.29,0.0,8.21
2026-09-05T15:36:00+00:00,48.87,18.62,33.83,0.37,23.06
2026-09-05T15:37:00+00:00,48.13,21.13,35.11,0.0,8.38
2026-09-05T15:38:00+00:00,48.32,20.64,33.72,0.0,8.74
2026-09-05T15:39:00+00:00,56.43,23.5,32.12,0.0,8.72
2026-09-05T15:40:00+00:00,38.87,22.53,36.52,0.0,24.45
2026-09-05T15:41:00+00:00,51.13,22.94,33.33,0.0,24.95
2026-09-05T15:42:00+00:00,47.45,14.95,35.61,0.28,20.23
2026-09-05T15:43:00+00:00,52.23,19.28,35.84,0.2,8.22
2026-09-05T15:44:00+00:00,30.52,8.74,32.83,0.0,8.49
2026-09-05T15:45:00+00:00,49.68,14.23,32.48,0.11,19.45
2026-09-05T15:46:00+00:00,43.32,9.81,35.48,0.14,8.55
2026-09-05T15:47:00+00:00,48.87,17.99,34.87,0.0,26.32
2026-09-05T15:48:00+00:00,48.0,13.7,34.82,0.8,8.38
2026-09-05T15:49:00+00:00,49.65,17.73,31.25,0.12,8.47
2026-09-05T15:50:00+00:00,46.58,14.35,33.72,0.42,21.44
2026-09-05T15:51:00+00:00,49.0,20.31,31.71,0.0,8.8
2026-09-05T15:52:00+00:00,51.84,26.57,34.01,0.0,24.4
2026-09-05T15:53:00+00:00,48.32,18.46,34.99,0.0,8.23
2026-09-05T15:54:00+00:00,47.97,22.45,31.03,0.24,22.24
2026-09-05T15:55:00+00:00,52.59,16.73,34.96,0.0,8.41
2026-09-05T15:56:00+00:00,47.13,15.66,32.19,0.0,8.71
2026-09-05T15:57:00+00:00,38.52,17.34,33.93,0.01,8.51
2026-09-05T15:58:00+00:00,50.8,14.65,35.36,0.83,8.18
2026-09-05T15:59:00+00:00,53.26,20.52,33.47,0.0,18.52
2026-09-05T16:00:00+00:00,52.42,17.8,34.29,0.0,8.33
2026-09-05T16:01:00+00:00,29.81,7.5,33.02,0.0,8.55
2026-09-05T16:02:00+00:00,43.97,15.98,34.78,0.0,8.33
2026-09-05T16:03:00+00:00,47.26,15.16,37.04,0.39,8.18
2026-09-05T16:04:00+00:00,27.97,7.5,31.46,0.47,22.43
2026-09-05T16:05:00+00:00,50.74,14.93,32.35,0.0,8.56
2026-09-05T16:06:00+00:00,53.5,18.58,36.39,0.0,21.73
2026-09-05T16:07:00+00:00,45.77,19.37,36.64,0.09,8.52
2026-09-05T16:08:00+00:00,46.55,17.39,38.25,0.0,24.78
2026-09-05T16:09:00+00:00,42.03,12.38,33.62,0.0,8.65
2026-09-05T16:10:00+00:00,41.19,11.03,31.72,0.0,8.73
2026-09-05T16:11:00+00:00,50.31,18.72,36.23,0.0,8.46
2026-09-05T16:12:00+00:00,51.82,16.32,36.03,0.29,8.7
2026-09-05T16:13:00+00:00,53.31,19.14,32.81,0.0,8.78
2026-09-05T16:14:00+00:00,43.45,18.16,35.44,0.0,21.88
2026-09-05T16:15:00+00:00,55.7,24.37,38.03,0.26,8.41
2026-09-05T16:16:00+00:00,36.84,16.44,34.63,0.11,23.81
2026-09-05T16:17:00+00:00,40.1,14.19,33.45,0.0,8.6
2026-09-05T16:18:00+00:00,46.77,14.93,35.58,0.0,8.68
2026-09-05T16:19:00+00:00,50.63,16.25,34.48,0.0,8.51
2026-09-05T16:20:00+00:00,56.54,26.96,33.66,0.05,18.14
2026-09-05T16:21:00+00:00,43.03,14.78,34.1,0.0,23.9
2026-09-05T16:22:00+00:00,53.06,19.69,34.35,0.0,8.7
2026-09-05T16:23:00+00:00,36.87,12.97,34.05,0.0,22.93
2026-09-05T16:24:00+00:00,47.55,16.29,33.34,0.0,8.79
2026-09-05T16:25:00+00:00,39.74,14.29,33.44,0.0,8.45
2026-09-05T16:26:00+00:00,44.74,16.06,34.37,0.0,18.33
2026-09-05T16:27:00+00:00,52.28,17.23,33.32,0.0,17.03
2026-09-05T16:28:00+00:00,47.84,11.86,32.22,0.0,20.44
2026-09-05T16:29:00+00:00,45.42,16.89,34.93,0.0,8.36
2026-09-05T16:30:00+00:00,43.1,12.73,34.14,0.0,22.47
2026-09-05T16:31:00+00:00,45.13,9.85,35.85,0.0,8.38
2026-09-05T16:32:00+00:00,47.26,18.82,35.04,0.0,8.68
2026-09-05T16:33:00+00:00,53.83,23.05,36.05,0.0,22.0
2026-09-05T16:34:00+00:00,52.22,16.92,33.78,0.43,8.67
2026-09-05T16:35:00+00:00,47.81,17.5,30.13,0.18,19.43
2026-09-05T16:36:00+00:00,43.1,14.89,33.98,0.0,8.65
2026-09-05T16:37:00+00:00,55.95,25.87,33.13,0.0,18.76
2026-09-05T16:38:00+00:00,42.94,12.12,34.8,0.0,19.9
2026-09-05T16:39:00+00:00,44.48,14.17,33.69,0.0,8.38
2026-09-05T16:40:00+00:00,51.09,17.85,36.36,0.0,21.65
2026-09-05T16:41:00+00:00,41.65,16.06,35.06,0.0,8.65
2026-09-05T16:42:00+00:00,32.55,11.54,32.17,0.0,8.48
2026-09-05T16:43:00+00:00,51.79,17.65,39.66,0.0,18.0
2026-09-05T16:44:00+00:00,37.81,16.66,36.01,0.0,8.55
2026-09-05T16:45:00+00:00,51.42,26.0,31.35,0.0,8.38
2026-09-05T16:46:00+00:00,34.74,11.47,34.09,0.0,8.63
2026-09-05T16:47:00+00:00,43.81,15.42,34.18,0.0,17.9
2026-09-05T16:48:00+00:00,52.37,21.56,37.81,0.24,8.36
2026-09-05T16:49:00+00:00,53.37,18.77,35.17,0.0,17.52
2026-09-05T16:50:00+00:00,39.16,14.32,33.27,0.41,16.7
2026-09-05T16:51:00+00:00,44.42,13.53,35.04,0.0,19.1
2026-09-05T16:52:00+00:00,50.08,17.78,33.11,0.0,8.26
2026-09-05T16:53:00+00:00,41.06,16.46,34.16,0.0,8.49
2026-09-05T16:54:00+00:00,53.78,24.31,35.83,0.84,15.63
2026-09-05T16:55:00+00:00,52.68,20.62,36.07,0.0,8.75
2026-09-05T16:56:00+00:00,51.12,20.37,34.63,0.0,18.26
2026-09-05T16:57:00+00:00,53.93,25.08,34.89,0.09,8.43
2026-09-05T16:58:00+00:00,43.9,17.28,33.56,0.0,15.95
2026-09-05T16:59:00+00:00,50.64,16.55,33.05,0.0,16.63
2026-09-05T17:00:00+00:00,54.77,22.35,33.91,0.1,17.2
2026-09-05T17:01:00+00:00,52.29,16.22,36.09,0.26,8.47
2026-09-05T17:02:00+00:00,34.16,13.26,36.21,0.0,18.96
2026-09-05T17:03:00+00:00,45.03,10.83,37.77,0.14,8.41
2026-09-05T17:04:00+00:00,47.45,13.38,37.1,0.0,8.8
2026-09-05T17:05:00+00:00,50.44,16.97,36.22,0.0,8.39
2026-09-05T17:06:00+00:00,55.34,19.88,35.93,0.36,8.77
2026-09-05T17:07:00+00:00,43.19,17.74,37.52,0.0,8.27
2026-09-05T17:08:00+00:00,46.48,18.11,37.19,0.0,8.59
2026-09-05T17:09:00+00:00,48.1,18.8,36.17,0.0,8.31
2026-09-05T17:10:00+00:00,52.94,19.36,37.93,0.0,8.7
2026-09-05T17:11:00+00:00,55.7,26.72,37.5,0.36,8.62
2026-09-05T17:12:00+00:00,56.67,20.98,33.14,0.0,8.66
2026-09-05T17:13:00+00:00,47.42,17.85,36.71,0.17,14.13
2026-09-05T17:14:00+00:00,44.1,13.87,35.03,0.0,14.8
2026-09-05T17:15:00+00:00,50.05,17.75,33.64,0.0,13.91
2026-09-05T17:16:00+00:00,54.92,26.89,35.95,0.0,8.52
2026-09-05T17:17:00+00:00,46.03,11.95,39.32,0.4,8.29
2026-09-05T17:18:00+00:00,54.02,21.78,36.55,0.0,8.45
2026-09-05T17:19:00+00:00,51.14,15.36,35.05,0.0,8.4
2026-09-05T17:20:00+00:00,35.19,11.82,37.6,0.0,16.62
2026-09-05T17:21:00+00:00,42.39,13.83,36.17,0.43,8.75
2026-09-05T17:22:00+00:00,46.74,15.99,36.4,0.0,8.78
2026-09-05T17:23:00+00:00,50.14,16.05,37.23,0.0,8.53
2026-09-05T17:24:00+00:00,46.71,18.29,36.73,0.0,8.55
2026-09-05T17:25:00+00:00,51.19,16.03,33.54,0.0,13.95
2026-09-05T17:26:00+00:00,42.1,16.16,35.31,0.84,15.54
2026-09-05T17:27:00+00:00,46.87,15.58,38.1,0.0,8.48
2026-09-05T17:28:00+00:00,46.06,18.59,38.9,0.0,8.63
2026-09-05T17:29:00+00:00,53.61,18.22,39.67,0.16,8.18
2026-09-05T17:30:00+00:00,43.97,13.94,38.98,0.0,16.23
2026-09-05T17:31:00+00:00,53.27,21.68,35.28,0.0,8.64
2026-09-05T17:32:00+00:00,45.35,13.77,38.04,0.0,14.86
2026-09-05T17:33:00+00:00,52.67,18.85,35.93,0.0,14.39
2026-09-05T17:34:00+00:00,49.55,17.86,36.77,0.0,8.45
2026-09-05T17:35:00+00:00,55.66,21.86,39.43,0.0,8.49
2026-09-05T17:36:00+00:00,48.26,19.23,37.21,0.09,14.46
2026-09-05T17:37:00+00:00,52.53,18.23,37.03,0.45,15.57
2026-09-05T17:38:00+00:00,52.67,17.52,34.98,0.0,8.28
2026-09-05T17:39:00+00:00,51.83,20.66,37.06,0.28,15.68
2026-09-05T17:40:00+00:00,47.03,12.41,41.79,0.0,8.52
2026-09-05T17:41:00+00:00,46.94,13.81,35.09,0.0,14.76
2026-09-05T17:42:00+00:00,46.65,12.08,39.09,0.0,13.19
2026-09-05T17:43:00+00:00,56.5,20.66,38.72,0.41,8.47
2026-09-05T17:44:00+00:00,44.71,14.7,36.63,0.0,12.87
2026-09-05T17:45:00+00:00,31.71,10.79,36.37,0.0,8.4
2026-09-05T17:46:00+00:00,50.53,18.31,37.19,0.0,13.76
2026-09-05T17:47:00+00:00,55.25,19.21,39.34,0.0,8.68
2026-09-05T17:48:00+00:00,53.12,25.8,37.74,0.0,8.56
2026-09-05T17:49:00+00:00,52.53,22.1,38.98,0.0,8.4
2026-09-05T17:50:00+00:00,54.09,20.03,40.5,0.0,12.31
2026-09-05T17:51:00+00:00,54.09,21.45,39.11,0.0,8.37
2026-09-05T17:52:00+00:00,56.45,23.98,41.27,0.0,8.33
2026-09-05T17:53:00+00:00,50.55,19.76,38.71,0.01,12.22
2026-09-05T17:54:00+00:00,49.84,18.76,42.28,0.0,8.74
2026-09-05T17:55:00+00:00,47.1,18.1,39.55,0.16,8.68
2026-09-05T17:56:00+00:00,57.39,31.96,39.71,0.48,12.92
2026-09-05T17:57:00+00:00,51.57,24.38,38.82,0.0,8.23
2026-09-05T17:58:00+00:00,50.3,19.17,32.97,0.0,8.51
2026-09-05T17:59:00+00:00,50.2,22.28,38.35,0.27,8.28
2026-09-05T18:00:00+00:00,49.29,15.88,37.85,0.0,13.39
2026-09-05T18:01:00+00:00,35.9,8.44,33.56,0.0,8.58
2026-09-05T18:02:00+00:00,51.28,13.62,38.4,0.0,8.64
2026-09-05T18:03:00+00:00,38.52,12.53,39.12,0.0,12.84
2026-09-05T18:04:00+00:00,54.99,19.34,39.04,0.0,12.78
2026-09-05T18:05:00+00:00,54.29,21.22,36.44,0.0,8.37
2026-09-05T18:06:00+00:00,50.8,18.57,40.04,0.0,8.66
2026-09-05T18:07:00+00:00,31.52,8.53,36.77,0.59,11.95
2026-09-05T18:08:00+00:00,53.23,19.53,40.8,0.0,12.01
2026-09-05T18:09:00+00:00,46.84,13.44,39.32,0.02,12.68
2026-09-05T18:10:00+00:00,47.0,20.15,37.81,0.0,12.3
2026-09-05T18:11:00+00:00,52.86,14.59,35.23,0.01,12.15
2026-09-05T18:12:00+00:00,52.12,23.63,36.3,0.0,8.22
2026-09-05T18:13:00+00:00,47.81,13.64,38.32,0.0,8.45
2026-09-05T18:14:00+00:00,51.78,23.03,37.86,0.0,8.74
2026-09-05T18:15:00+00:00,52.62,16.6,40.25,0.16,11.99
2026-09-05T18:16:00+00:00,51.63,20.32,38.99,0.0,11.31
2026-09-05T18:17:00+00:00,47.48,15.09,37.96,0.0,8.5
2026-09-05T18:18:00+00:00,50.73,19.01,39.9,0.0,12.14
2026-09-05T18:19:00+00:00,52.74,26.21,38.65,0.0,8.26
2026-09-05T18:20:00+00:00,48.32,17.56,36.3,0.34,12.05
2026-09-05T18:21:00+00:00,48.23,17.91,38.62,0.0,11.77
2026-09-05T18:22:00+00:00,49.58,18.99,38.21,0.0,8.55
2026-09-05T18:23:00+00:00,40.77,17.1,38.78,0.0,8.66
2026-09-05T18:24:00+00:00,51.74,15.32,36.85,0.0,11.56
2026-09-05T18:25:00+00:00,33.65,13.29,35.76,0.0,8.29
2026-09-05T18:26:00+00:00,52.58,22.02,41.26,0.0,10.55
2026-09-05T18:27:00+00:00,35.84,9.82,37.69,0.6,8.55
2026-09-05T18:28:00+00:00,45.42,13.24,37.81,0.0,10.31
2026-09-05T18:29:00+00:00,51.35,22.26,40.46,0.0,10.65
2026-09-05T18:30:00+00:00,39.61,11.44,41.47,0.0,10.97
2026-09-05T18:31:00+00:00,44.48,14.35,41.16,0.16,10.89
2026-09-05T18:32:00+00:00,37.32,15.51,40.05,0.0,10.45
2026-09-05T18:33:00+00:00,39.87,11.74,42.34,0.0,10.32
2026-09-05T18:34:00+00:00,51.97,21.4,41.82,0.45,8.42
2026-09-05T18:35:00+00:00,44.06,18.34,39.7,0.4,8.49
2026-09-05T18:36:00+00:00,52.57,21.44,42.14,0.0,9.75
2026-09-05T18:37:00+00:00,33.26,13.41,39.97,0.0,8.29
2026-09-05T18:38:00+00:00,38.87,18.03,39.84,0.0,8.72
2026-09-05T18:39:00+00:00,47.9,21.74,39.24,0.0,8.68
2026-09-05T18:40:00+00:00,50.04,16.63,37.81,0.0,8.61
2026-09-05T18:41:00+00:00,52.84,21.43,36.16,0.0,8.18
2026-09-05T18:42:00+00:00,54.56,21.26,41.0,0.0,8.75
2026-09-05T18:43:00+00:00,51.24,13.31,41.24,0.06,9.52
2026-09-05T18:44:00+00:00,51.77,15.8,43.74,0.0,8.29
2026-09-05T18:45:00+00:00,52.57,21.94,38.69,0.0,10.08
2026-09-05T18:46:00+00:00,44.65,16.64,41.07,0.0,10.02
2026-09-05T18:47:00+00:00,52.17,20.7,40.15,0.0,8.39
2026-09-05T18:48:00+00:00,52.74,18.7,39.69,0.0,8.52
2026-09-05T18:49:00+00:00,47.1,17.26,39.08,0.0,8.78
2026-09-05T18:50:00+00:00,48.94,16.4,38.45,0.0,9.14
2026-09-05T18:51:00+00:00,52.21,17.76,40.38,0.41,8.75
2026-09-05T18:52:00+00:00,48.74,17.96,41.75,0.07,8.45
2026-09-05T18:53:00+00:00,59.56,25.98,38.04,0.0,9.34
2026-09-05T18:54:00+00:00,50.65,16.98,40.4,0.0,9.01
2026-09-05T18:55:00+00:00,50.38,17.85,39.38,0.0,8.22
2026-09-05T18:56:00+00:00,51.98,19.57,43.82,0.0,8.62
2026-09-05T18:57:00+00:00,50.71,14.15,39.28,0.0,8.58
2026-09-05T18:58:00+00:00,47.42,21.99,40.31,0.0,9.21
2026-09-05T18:59:00+00:00,52.44,18.51,42.46,0.51,8.69
2026-09-05T19:00:00+00:00,47.97,13.88,38.97,0.0,8.4
2026-09-05T19:01:00+00:00,50.04,16.28,39.75,0.0,8.79
2026-09-05T19:02:00+00:00,47.87,16.79,38.67,0.0,8.65
2026-09-05T19:03:00+00:00,47.58,14.88,40.84,0.02,8.26
2026-09-05T19:04:00+00:00,53.53,19.92,38.35,0.0,8.78
2026-09-05T19:05:00+00:00,49.52,20.34,40.06,0.27,8.68
2026-09-05T19:06:00+00:00,48.77,17.38,39.83,0.0,8.66
2026-09-05T19:07:00+00:00,51.79,19.5,39.69,0.0,8.34
2026-09-05T19:08:00+00:00,45.26,14.66,38.17,0.0,8.52
2026-09-05T19:09:00+00:00,45.26,14.61,40.61,0.0,8.73
2026-09-05T19:10:00+00:00,48.84,19.2,41.75,0.0,8.35
2026-09-05T19:11:00+00:00,39.52,9.67,39.68,0.25,8.33
2026-09-05T19:12:00+00:00,52.44,21.76,42.69,0.94,8.3
2026-09-05T19:13:00+00:00,50.65,19.2,39.86,0.0,8.34
2026-09-05T19:14:00+00:00,52.52,19.1,42.52,0.31,8.21
2026-09-05T19:15:00+00:00,40.74,14.79,38.43,0.0,8.4
2026-09-05T19:16:00+00:00,47.97,19.67,39.65,0.0,8.18
2026-09-05T19:17:00+00:00,46.13,18.28,39.71,0.0,8.22
2026-09-05T19:18:00+00:00,42.45,14.18,39.72,0.0,8.18
2026-09-05T19:19:00+00:00,51.07,13.12,42.14,0.0,8.31
2026-09-05T19:20:00+00:00,52.73,21.7,41.39,0.03,8.71
2026-09-05T19:21:00+00:00,42.39,12.38,41.26,0.26,8.18
2026-09-05T19:22:00+00:00,41.42,10.83,39.58,0.17,8.23
2026-09-05T19:23:00+00:00,50.76,19.09,41.75,0.0,8.18
2026-09-05T19:24:00+00:00,51.57,21.75,42.83,0.0,8.75
2026-09-05T19:25:00+00:00,42.16,15.48,42.49,0.0,8.56
2026-09-05T19:26:00+00:00,54.52,20.31,40.33,0.0,8.18
2026-09-05T19:27:00+00:00,36.06,11.95,41.41,0.0,8.75
2026-09-05T19:28:00+00:00,50.95,16.89,42.65,0.0,8.24
2026-09-05T19:29:00+00:00,45.74,20.04,40.34,0.0,8.2
2026-09-05T19:30:00+00:00,55.66,25.4,42.05,0.0,8.18
2026-09-05T19:31:00+00:00,50.8,20.29,39.04,0.0,8.18
2026-09-05T19:32:00+00:00,43.71,17.32,44.65,0.0,8.18
2026-09-05T19:33:00+00:00,46.97,17.62,42.18,0.0,8.25
2026-09-05T19:34:00+00:00,53.17,20.84,40.24,0.0,8.18
2026-09-05T19:35:00+00:00,53.4,20.42,40.78,0.0,8.62
2026-09-05T19:36:00+00:00,49.74,14.24,40.65,0.0,8.18
2026-09-05T19:37:00+00:00,43.68,17.7,44.0,0.0,8.3
2026-09-05T19:38:00+00:00,48.94,19.64,43.32,0.0,8.18
2026-09-05T19:39:00+00:00,39.06,10.03,41.23,0.0,8.18
2026-09-05T19:40:00+00:00,49.29,22.37,37.85,0.0,8.18
2026-09-05T19:41:00+00:00,51.87,16.58,38.8,0.0,8.18
2026-09-05T19:42:00+00:00,50.91,22.66,42.78,0.16,8.18
2026-09-05T19:43:00+00:00,38.29,14.65,39.64,0.0,8.18
2026-09-05T19:44:00+00:00,52.66,21.08,44.49,0.0,8.18
2026-09-05T19:45:00+00:00,46.84,17.01,43.57,0.0,8.18
2026-09-05T19:46:00+00:00,52.57,25.23,40.93,0.18,8.18
2026-09-05T19:47:00+00:00,47.03,15.4,40.37,0.0,8.18
2026-09-05T19:48:00+00:00,50.1,17.23,42.72,0.0,8.68
2026-09-05T19:49:00+00:00,49.06,17.1,41.54,0.0,8.18
2026-09-05T19:50:00+00:00,34.74,16.64,44.39,0.0,8.66
2026-09-05T19:51:00+00:00,44.94,20.33,40.0,0.0,8.57
2026-09-05T19:52:00+00:00,51.82,18.87,39.98,0.0,8.66
2026-09-05T19:53:00+00:00,48.32,18.6,41.08,0.28,8.18
2026-09-05T19:54:00+00:00,43.58,19.56,41.55,0.0,8.18
2026-09-05T19:55:00+00:00,52.32,21.34,39.43,0.0,8.18
2026-09-05T19:56:00+00:00,37.9,10.22,43.29,0.84,8.67
2026-09-05T19:57:00+00:00,51.08,22.45,40.3,0.0,8.23
2026-09-05T19:58:00+00:00,50.45,15.15,37.31,0.0,8.18
2026-09-05T19:59:00+00:00,52.04,20.93,42.05,0.0,8.18
2026-09-05T20:00:00+00:00,42.29,15.47,41.0,0.0,8.18
2026-09-05T20:01:00+00:00,43.77,17.59,39.01,0.0,8.18
2026-09-05T20:02:00+00:00,47.74,16.53,39.58,0.0,8.66
2026-09-05T20:03:00+00:00,48.48,14.4,41.03,0.0,8.18
2026-09-05T20:04:00+00:00,39.32,15.62,37.48,0.0,8.46
2026-09-05T20:05:00+00:00,53.92,23.64,38.69,0.0,8.18
2026-09-05T20:06:00+00:00,50.03,16.02,40.99,0.12,8.18
2026-09-05T20:07:00+00:00,40.81,15.24,42.2,0.29,8.18
2026-09-05T20:08:00+00:00,56.13,18.54,40.06,0.0,8.18
2026-09-05T20:09:00+00:00,50.85,20.02,41.97,0.05,8.31
2026-09-05T20:10:00+00:00,50.03,19.15,44.04,0.0,8.18
2026-09-05T20:11:00+00:00,55.6,19.15,41.2,0.0,8.52
2026-09-05T20:12:00+00:00,39.42,14.36,43.54,0.0,8.31
2026-09-05T20:13:00+00:00,54.89,20.54,43.76,0.0,8.18
2026-09-05T20:14:00+00:00,53.51,23.86,43.72,0.0,8.18
2026-09-05T20:15:00+00:00,50.19,15.88,37.54,0.0,8.22
2026-09-05T20:16:00+00:00,44.9,16.82,41.3,0.29,8.22
2026-09-05T20:17:00+00:00,39.32,15.25,42.52,0.59,8.18
2026-09-05T20:18:00+00:00,50.96,13.99,40.97,0.0,8.18
2026-09-05T20:19:00+00:00,51.28,21.04,42.99,0.0,8.72
2026-09-05T20:20:00+00:00,53.07,22.57,47.05,0.0,8.72
2026-09-05T20:21:00+00:00,49.61,15.7,41.28,0.0,8.6
2026-09-05T20:22:00+00:00,25.81,7.93,40.87,0.26,8.18
2026-09-05T20:23:00+00:00,37.55,15.57,42.78,0.19,8.27
2026-09-05T20:24:00+00:00,52.97,17.7,36.59,0.0,8.18
2026-09-05T20:25:00+00:00,50.29,19.3,40.54,0.0,8.18
2026-09-05T20:26:00+00:00,50.96,22.42,38.77,0.0,8.18
2026-09-05T20:27:00+00:00,50.35,14.57,41.93,0.0,8.18
2026-09-05T20:28:00+00:00,43.03,16.39,41.58,0.0,8.2
2026-09-05T20:29:00+00:00,53.75,23.08,42.04,0.0,8.7
2026-09-05T20:30:00+00:00,30.84,11.82,39.27,0.0,8.18
2026-09-05T20:31:00+00:00,50.18,18.29,40.08,0.0,8.24
2026-09-05T20:32:00+00:00,45.16,13.02,37.69,0.0,8.43
2026-09-05T20:33:00+00:00,48.81,16.07,39.32,0.84,8.18
2026-09-05T20:34:00+00:00,51.32,18.04,39.64,0.05,8.18
2026-09-05T20:35:00+00:00,54.51,20.78,42.16,0.0,8.47
2026-09-05T20:36:00+00:00,48.94,17.19,40.97,0.39,8.65
2026-09-05T20:37:00+00:00,36.0,10.7,39.48,0.0,8.67
2026-09-05T20:38:00+00:00,50.14,17.65,37.88,0.71,8.22
2026-09-05T20:39:00+00:00,51.0,18.83,40.96,0.38,8.18
2026-09-05T20:40:00+00:00,47.71,12.59,42.34,0.0,8.38
2026-09-05T20:41:00+00:00,47.39,13.61,43.63,0.0,8.18
2026-09-05T20:42:00+00:00,51.6,20.34,44.3,0.0,8.18
2026-09-05T20:43:00+00:00,43.74,13.64,41.12,0.0,8.18
2026-09-05T20:44:00+00:00,45.94,18.31,37.05,0.0,8.33
2026-09-05T20:45:00+00:00,51.69,15.57,40.94,0.24,8.18
2026-09-05T20:46:00+00:00,51.07,17.73,43.06,0.0,8.47
2026-09-05T20:47:00+00:00,54.7,21.36,41.76,0.0,8.3
2026-09-05T20:48:00+00:00,52.67,23.38,41.12,0.0,8.18
2026-09-05T20:49:00+00:00,53.05,20.21,36.64,0.0,8.18
2026-09-05T20:50:00+00:00,45.16,16.94,40.98,0.0,8.24
2026-09-05T20:51:00+00:00,52.88,18.41,41.12,0.0,8.18
2026-09-05T20:52:00+00:00,37.68,15.71,36.1,0.15,8.18
2026-09-05T20:53:00+00:00,50.04,21.4,39.4,0.24,8.18
2026-09-05T20:54:00+00:00,49.42,17.99,42.07,0.0,8.18
2026-09-05T20:55:00+00:00,55.48,19.26,41.01,0.11,8.62
2026-09-05T20:56:00+00:00,38.06,10.37,40.23,0.0,8.3
2026-09-05T20:57:00+00:00,53.3,22.64,37.74,0.07,8.3
2026-09-05T20:58:00+00:00,46.1,15.92,38.3,0.0,8.18
2026-09-05T20:59:00+00:00,46.71,20.46,37.81,0.74,8.18
2026-09-05T21:00:00+00:00,53.13,21.16,41.14,0.0,8.23
2026-09-05T21:01:00+00:00,50.35,20.62,40.26,0.47,8.18
2026-09-05T21:02:00+00:00,43.97,15.43,40.89,0.0,8.18
2026-09-05T21:03:00+00:00,39.97,12.8,38.78,0.0,8.18
2026-09-05T21:04:00+00:00,52.79,22.91,39.58,0.06,8.18
2026-09-05T21:05:00+00:00,40.68,14.54,43.16,0.36,8.18
2026-09-05T21:06:00+00:00,44.06,14.8,39.18,0.0,8.18
2026-09-05T21:07:00+00:00,34.03,13.57,38.33,0.0,8.18
2026-09-05T21:08:00+00:00,39.13,14.51,39.8,0.0,8.35
2026-09-05T21:09:00+00:00,54.74,19.62,42.54,0.0,8.78
2026-09-05T21:10:00+00:00,31.29,13.17,38.64,0.0,8.18
2026-09-05T21:11:00+00:00,48.9,14.99,37.61,0.41,8.18
2026-09-05T21:12:00+00:00,50.89,15.13,41.65,0.0,8.34
2026-09-05T21:13:00+00:00,42.29,15.92,38.46,0.0,8.73
2026-09-05T21:14:00+00:00,53.43,20.46,38.76,0.0,8.32
2026-09-05T21:15:00+00:00,38.74,17.88,41.18,0.0,8.22
2026-09-05T21:16:00+00:00,48.58,16.16,39.39,0.0,8.51
2026-09-05T21:17:00+00:00,50.99,17.86,40.87,0.0,8.2
2026-09-05T21:18:00+00:00,52.14,24.8,39.92,0.0,8.18
2026-09-05T21:19:00+00:00,38.55,11.98,37.43,0.0,8.25
2026-09-05T21:20:00+00:00,50.65,17.73,37.11,0.0,8.18
2026-09-05T21:21:00+00:00,59.59,32.64,39.26,0.0,8.42
2026-09-05T21:22:00+00:00,37.23,13.39,42.78,0.0,8.18
2026-09-05T21:23:00+00:00,47.61,14.06,38.64,0.43,8.18
2026-09-05T21:24:00+00:00,38.03,13.74,41.14,0.0,8.44
2026-09-05T21:25:00+00:00,50.83,20.15,41.08,0.0,8.46
2026-09-05T21:26:00+00:00,49.52,16.88,36.87,0.0,8.3
2026-09-05T21:27:00+00:00,50.8,14.55,40.77,0.15,8.18
2026-09-05T21:28:00+00:00,51.68,21.52,38.11,0.0,8.18
2026-09-05T21:29:00+00:00,47.74,15.69,39.09,0.54,8.67
2026-09-05T21:30:00+00:00,38.32,11.24,41.01,0.0,8.71
2026-09-05T21:31:00+00:00,38.81,13.21,39.81,0.14,8.18
2026-09-05T21:32:00+00:00,50.58,15.38,40.7,0.0,8.52
2026-09-05T21:33:00+00:00,50.9,16.74,41.43,0.0,8.18
2026-09-05T21:34:00+00:00,52.79,17.85,38.61,0.29,8.18
2026-09-05T21:35:00+00:00,40.06,13.09,37.99,0.25,8.64
2026-09-05T21:36:00+00:00,43.58,15.2,39.38,0.0,8.2
2026-09-05T21:37:00+00:00,46.45,16.41,41.28,0.0,8.31
2026-09-05T21:38:00+00:00,53.91,20.79,40.16,0.24,8.18
2026-09-05T21:39:00+00:00,56.77,23.21,38.03,0.0,8.66
2026-09-05T21:40:00+00:00,49.48,20.27,39.46,0.0,8.18
2026-09-05T21:41:00+00:00,29.94,11.83,40.72,0.0,8.62
2026-09-05T21:42:00+00:00,50.93,18.29,38.52,0.0,8.18
2026-09-05T21:43:00+00:00,54.4,17.07,38.67,0.0,8.18
2026-09-05T21:44:00+00:00,51.88,20.65,40.32,0.0,8.43
2026-09-05T21:45:00+00:00,53.16,17.68,38.29,0.0,8.18
2026-09-05T21:46:00+00:00,44.77,17.28,41.61,0.0,8.6
2026-09-05T21:47:00+00:00,51.24,18.03,37.91,0.0,8.18
2026-09-05T21:48:00+00:00,46.35,14.07,38.88,0.39,8.48
2026-09-05T21:49:00+00:00,54.17,20.92,38.71,0.0,8.18
2026-09-05T21:50:00+00:00,52.06,14.59,39.84,0.32,8.58
2026-09-05T21:51:00+00:00,57.27,23.89,40.62,0.0,8.18
2026-09-05T21:52:00+00:00,51.59,19.09,38.11,0.0,8.79
2026-09-05T21:53:00+00:00,47.97,17.92,36.81,0.0,8.18
2026-09-05T21:54:00+00:00,44.42,18.03,36.77,0.0,8.2
2026-09-05T21:55:00+00:00,51.62,20.23,36.39,0.0,8.18
2026-09-05T21:56:00+00:00,51.92,23.52,39.81,0.0,8.5
2026-09-05T21:57:00+00:00,49.71,21.45,33.8,0.91,8.18
2026-09-05T21:58:00+00:00,52.14,17.19,38.97,0.0,8.18
2026-09-05T21:59:00+00:00,46.87,12.41,39.42,0.0,8.55
2026-09-05T22:00:00+00:00,52.59,20.8,37.16,0.0,8.21
2026-09-05T22:01:00+00:00,35.03,15.82,42.0,0.0,8.18
2026-09-05T22:02:00+00:00,50.68,18.02,40.94,0.0,8.45
2026-09-05T22:03:00+00:00,45.71,14.31,38.65,0.0,8.18
2026-09-05T22:04:00+00:00,52.91,20.35,38.13,0.0,8.25
2026-09-05T22:05:00+00:00,51.0,18.21,38.27,0.17,8.18
2026-09-05T22:06:00+00:00,51.6,20.12,39.61,0.0,8.78
2026-09-05T22:07:00+00:00,53.58,19.47,38.07,0.0,8.18
2026-09-05T22:08:00+00:00,55.29,21.41,36.95,0.0,8.18
2026-09-05T22:09:00+00:00,44.74,16.6,41.06,0.0,8.2
2026-09-05T22:10:00+00:00,45.39,16.17,39.33,0.0,8.4
2026-09-05T22:11:00+00:00,44.65,16.79,37.86,0.0,8.18
2026-09-05T22:12:00+00:00,55.78,24.62,36.98,0.24,8.57
2026-09-05T22:13:00+00:00,45.84,16.8,35.39,0.0,8.78
2026-09-05T22:14:00+00:00,40.35,15.15,39.22,0.54,8.18
2026-09-05T22:15:00+00:00,51.54,23.83,38.3,0.0,8.52
2026-09-05T22:16:00+00:00,47.0,14.64,36.24,0.0,8.73
2026-09-05T22:17:00+00:00,54.05,19.33,38.31,0.0,8.62
2026-09-05T22:18:00+00:00,43.39,9.58,35.54,0.0,8.18
2026-09-05T22:19:00+00:00,49.97,16.37,35.19,0.0,8.63
2026-09-05T22:20:00+00:00,39.84,11.8,41.08,0.25,8.49
2026-09-05T22:21:00+00:00,50.78,21.59,35.88,0.0,8.25
2026-09-05T22:22:00+00:00,49.58,13.32,37.09,0.0,8.79
2026-09-05T22:23:00+00:00,52.59,18.55,39.43,0.0,8.75
2026-09-05T22:24:00+00:00,47.1,12.73,35.15,0.69,8.55
2026-09-05T22:25:00+00:00,39.61,14.36,37.6,0.0,8.2
2026-09-05T22:26:00+00:00,43.97,19.55,38.0,0.0,8.18
2026-09-05T22:27:00+00:00,53.13,20.78,37.02,0.0,8.45
2026-09-05T22:28:00+00:00,55.44,23.34,35.16,0.0,8.18
2026-09-05T22:29:00+00:00,52.04,22.13,36.53,0.0,8.64
2026-09-05T22:30:00+00:00,41.16,14.86,35.65,0.0,8.18
2026-09-05T22:31:00+00:00,40.06,13.54,35.63,0.0,8.18
2026-09-05T22:32:00+00:00,43.65,17.45,35.18,0.0,8.18
2026-09-05T22:33:00+00:00,42.39,15.3,36.28,0.0,8.18
2026-09-05T22:34:00+00:00,53.43,20.52,35.75,0.0,8.66
2026-09-05T22:35:00+00:00,44.26,10.69,35.21,0.18,8.68
2026-09-05T22:36:00+00:00,31.03,14.24,36.63,0.0,8.32
2026-09-05T22:37:00+00:00,48.16,13.75,39.69,0.0,8.18
2026-09-05T22:38:00+00:00,46.32,16.72,36.01,0.0,8.33
2026-09-05T22:39:00+00:00,56.69,28.3,37.24,0.0,8.38
2026-09-05T22:40:00+00:00,44.58,21.89,35.31,0.0,8.44
2026-09-05T22:41:00+00:00,50.79,20.95,34.28,0.0,8.18
2026-09-05T22:42:00+00:00,54.3,17.8,35.57,0.0,8.18
2026-09-05T22:43:00+00:00,35.29,10.64,36.4,0.0,8.57
2026-09-05T22:44:00+00:00,36.19,12.58,36.25,0.0,8.18
2026-09-05T22:45:00+00:00,35.39,13.87,33.86,0.0,8.18
2026-09-05T22:46:00+00:00,34.32,8.97,35.69,0.0,8.63
2026-09-05T22:47:00+00:00,50.25,12.29,34.91,0.0,8.18
2026-09-05T22:48:00+00:00,48.52,19.81,38.93,0.0,8.47
2026-09-05T22:49:00+00:00,42.45,15.33,38.85,0.0,8.27
2026-09-05T22:50:00+00:00,47.45,21.46,36.35,0.28,8.21
2026-09-05T22:51:00+00:00,54.04,20.63,33.4,0.0,8.18
2026-09-05T22:52:00+00:00,47.68,14.83,34.83,0.0,8.24
2026-09-05T22:53:00+00:00,53.5,17.78,36.05,0.22,8.8
2026-09-05T22:54:00+00:00,48.87,15.8,34.89,0.0,8.19
2026-09-05T22:55:00+00:00,50.53,16.21,37.07,0.0,8.18
2026-09-05T22:56:00+00:00,31.61,8.37,36.96,0.0,8.54
2026-09-05T22:57:00+00:00,41.26,14.19,36.85,0.0,8.51
2026-09-05T22:58:00+00:00,37.74,14.21,35.16,0.3,8.24
2026-09-05T22:59:00+00:00,44.16,17.6,36.8,0.0,8.18
2026-09-05T23:00:00+00:00,58.27,28.73,38.32,0.01,8.4
2026-09-05T23:01:00+00:00,38.84,10.79,38.03,0.15,8.18
2026-09-05T23:02:00+00:00,52.38,16.51,36.33,0.0,8.18
2026-09-05T23:03:00+00:00,40.19,13.01,36.78,0.0,8.22
2026-09-05T23:04:00+00:00,29.42,7.99,33.81,0.0,8.61
2026-09-05T23:05:00+00:00,54.04,18.82,38.83,0.0,8.77
2026-09-05T23:06:00+00:00,42.26,11.8,35.78,0.0,8.73
2026-09-05T23:07:00+00:00,51.6,21.13,38.62,0.39,8.28
2026-09-05T23:08:00+00:00,51.89,19.87,34.58,0.0,8.18
2026-09-05T23:09:00+00:00,31.61,9.0,36.9,0.09,8.71
2026-09-05T23:10:00+00:00,47.45,18.85,33.11,0.0,8.18
2026-09-05T23:11:00+00:00,43.16,10.81,34.83,0.0,8.59
2026-09-05T23:12:00+00:00,33.71,11.43,32.84,0.0,8.78
2026-09-05T23:13:00+00:00,51.95,21.9,30.74,0.0,8.18
2026-09-05T23:14:00+00:00,43.26,17.73,31.45,0.0,8.65
2026-09-05T23:15:00+00:00,45.61,17.92,37.22,0.0,8.18
2026-09-05T23:16:00+00:00,57.99,29.19,35.88,0.03,8.18
2026-09-05T23:17:00+00:00,48.1,13.87,38.24,0.0,8.18
2026-09-05T23:18:00+00:00,54.76,23.81,34.58,0.18,8.18
2026-09-05T23:19:00+00:00,48.65,18.01,34.34,0.0,8.18
2026-09-05T23:20:00+00:00,48.32,14.7,35.8,0.0,8.18
2026-09-05T23:21:00+00:00,42.77,17.41,35.23,0.79,8.18
2026-09-05T23:22:00+00:00,54.09,17.57,33.32,0.0,8.35
2026-09-05T23:23:00+00:00,46.87,14.5,32.96,0.0,8.18
2026-09-05T23:24:00+00:00,49.35,20.3,34.45,0.28,8.18
2026-09-05T23:25:00+00:00,50.74,19.19,34.94,0.0,8.18
2026-09-05T23:26:00+00:00,53.8,20.32,34.45,0.0,8.18
2026-09-05T23:27:00+00:00,37.87,13.48,35.5,0.0,8.18
2026-09-05T23:28:00+00:00,47.0,17.89,36.51,0.0,8.46
2026-09-05T23:29:00+00:00,50.23,13.51,34.69,0.0,8.18
2026-09-05T23:30:00+00:00,50.35,23.17,37.59,0.39,8.18
2026-09-05T23:31:00+00:00,50.98,20.44,33.02,0.0,8.18
2026-09-05T23:32:00+00:00,47.13,16.09,34.88,0.12,8.18
2026-09-05T23:33:00+00:00,36.32,10.29,34.52,0.0,8.26
2026-09-05T23:34:00+00:00,40.81,11.76,38.58,0.73,8.22
2026-09-05T23:35:00+00:00,52.54,13.71,31.99,0.0,8.18
2026-09-05T23:36:00+00:00,51.34,18.27,33.92,0.0,8.43
2026-09-05T23:37:00+00:00,54.02,28.76,31.53,0.76,8.18
2026-09-05T23:38:00+00:00,43.13,12.36,32.46,0.0,8.18
2026-09-05T23:39:00+00:00,42.42,12.42,33.08,0.33,8.29
2026-09-05T23:40:00+00:00,49.81,18.27,33.07,0.0,8.35
2026-09-05T23:41:00+00:00,48.87,15.66,35.3,0.0,8.18
2026-09-05T23:42:00+00:00,39.74,10.64,35.13,0.17,8.52
2026-09-05T23:43:00+00:00,47.84,14.24,33.42,0.31,8.19
2026-09-05T23:44:00+00:00,56.49,19.22,32.06,0.46,8.24
2026-09-05T23:45:00+00:00,48.94,16.35,32.92,0.0,8.18
2026-09-05T23:46:00+00:00,52.09,22.25,30.4,0.0,8.29
2026-09-05T23:47:00+00:00,41.65,17.64,36.04,0.0,8.26
2026-09-05T23:48:00+00:00,46.71,18.36,32.8,0.0,8.7
2026-09-05T23:49:00+00:00,52.18,21.58,35.28,0.0,8.22
2026-09-05T23:50:00+00:00,52.31,20.87,31.94,0.36,8.18
2026-09-05T23:51:00+00:00,42.61,18.14,36.67,0.36,8.25
2026-09-05T23:52:00+00:00,45.16,13.39,35.16,0.37,8.23
2026-09-05T23:53:00+00:00,54.39,21.9,34.37,0.0,8.18
2026-09-05T23:54:00+00:00,28.0,11.95,34.01,0.26,8.18
2026-09-05T23:55:00+00:00,45.55,17.01,32.01,0.0,8.79
2026-09-05T23:56:00+00:00,37.1,14.77,34.17,0.41,8.18
2026-09-05T23:57:00+00:00,51.67,21.36,34.17,0.0,8.57
2026-09-05T23:58:00+00:00,54.17,26.62,34.92,0.0,8.4
2026-09-05T23:59:00+00:00,51.04,15.35,36.26,0.0,8.18
2026-09-06T00:00:00+00:00,56.33,23.86,32.57,0.0,8.78
2026-09-06T00:01:00+00:00,50.75,16.78,32.42,0.0,8.8
2026-09-06T00:02:00+00:00,38.03,9.49,33.61,0.0,8.59
2026-09-06T00:03:00+00:00,33.1,15.95,32.39,0.0,8.18
2026-09-06T00:04:00+00:00,39.97,17.26,32.71,0.9,8.18
2026-09-06T00:05:00+00:00,29.58,10.42,32.16,0.2,8.47
2026-09-06T00:06:00+00:00,34.74,7.5,31.07,0.46,8.7
2026-09-06T00:07:00+00:00,33.32,18.81,31.6,0.0,8.6
2026-09-06T00:08:00+00:00,25.81,7.53,33.36,0.0,8.18
2026-09-06T00:09:00+00:00,49.29,16.71,34.21,0.0,8.18
2026-09-06T00:10:00+00:00,52.47,21.49,33.41,0.11,8.18
2026-09-06T00:11:00+00:00,56.29,24.55,35.02,0.0,8.22
2026-09-06T00:12:00+00:00,39.71,13.01,37.39,0.0,8.7
2026-09-06T00:13:00+00:00,25.81,9.79,34.0,0.0,8.18
2026-09-06T00:14:00+00:00,52.38,19.66,31.18,0.0,8.35
2026-09-06T00:15:00+00:00,62.42,28.1,33.67,0.0,8.18
2026-09-06T00:16:00+00:00,60.45,27.51,34.05,0.54,8.64
2026-09-06T00:17:00+00:00,56.12,18.08,34.37,0.0,8.75
2026-09-06T00:18:00+00:00,61.08,25.53,32.97,0.53,8.18
2026-09-06T00:19:00+00:00,49.42,19.37,33.01,0.0,8.43
2026-09-06T00:20:00+00:00,59.94,27.37,33.44,0.57,8.47
2026-09-06T00:21:00+00:00,55.76,20.7,34.92,0.0,8.18
2026-09-06T00:22:00+00:00,64.8,38.46,30.39,0.62,8.18
2026-09-06T00:23:00+00:00,56.04,20.21,31.52,0.0,8.4
2026-09-06T00:24:00+00:00,67.73,32.01,28.92,0.0,8.18
2026-09-06T00:25:00+00:00,42.65,17.5,32.07,0.0,8.6
2026-09-06T00:26:00+00:00,59.36,23.09,32.45,0.0,8.18
2026-09-06T00:27:00+00:00,45.23,14.05,37.37,0.0,8.43
2026-09-06T00:28:00+00:00,48.19,18.78,31.73,0.0,8.18
2026-09-06T00:29:00+00:00,57.21,23.67,33.07,0.0,8.48
2026-09-06T00:30:00+00:00,50.01,17.18,31.11,0.67,8.45
2026-09-06T00:31:00+00:00,58.32,23.22,34.58,0.19,8.58
2026-09-06T00:32:00+00:00,59.21,23.55,30.73,0.19,8.18
2026-09-06T00:33:00+00:00,50.76,22.33,32.88,0.0,8.47
2026-09-06T00:34:00+00:00,34.19,13.06,34.39,0.0,8.47
2026-09-06T00:35:00+00:00,63.9,29.78,33.86,0.29,8.18
2026-09-06T00:36:00+00:00,36.1,13.04,33.08,0.0,8.42
2026-09-06T00:37:00+00:00,25.94,7.5,33.8,0.0,8.18
2026-09-06T00:38:00+00:00,48.1,12.65,31.09,0.0,8.56
2026-09-06T00:39:00+00:00,52.67,18.68,33.26,0.22,8.7
2026-09-06T00:40:00+00:00,53.08,19.63,73.41,0.0,8.18
2026-09-06T00:41:00+00:00,59.42,25.34,78.86,0.0,8.42
2026-09-06T00:42:00+00:00,27.94,7.5,81.16,0.0,8.59
2026-09-06T00:43:00+00:00,25.81,11.58,72.72,0.31,8.63
2026-09-06T00:44:00+00:00,61.74,23.72,69.8,0.0,8.48
2026-09-06T00:45:00+00:00,25.81,10.71,80.46,0.09,8.21
2026-09-06T00:46:00+00:00,49.97,17.82,78.14,0.0,8.25
2026-09-06T00:47:00+00:00,55.3,23.94,71.17,0.31,8.47
2026-09-06T00:48:00+00:00,64.96,31.75,78.97,0.17,8.67
2026-09-06T00:49:00+00:00,36.29,12.7,72.91,0.0,8.31
2026-09-06T00:50:00+00:00,28.9,14.2,71.42,0.0,8.47
2026-09-06T00:51:00+00:00,25.81,10.34,78.9,0.3,8.18
2026-09-06T00:52:00+00:00,37.45,10.1,74.42,0.49,8.76
2026-09-06T00:53:00+00:00,50.81,16.29,30.9,0.0,8.18
2026-09-06T00:54:00+00:00,40.03,10.73,28.98,0.0,8.18
2026-09-06T00:55:00+00:00,51.17,18.57,33.36,0.0,8.18
2026-09-06T00:56:00+00:00,25.81,8.82,33.51,0.42,8.18
2026-09-06T00:57:00+00:00,51.45,17.53,35.72,0.0,8.75
2026-09-06T00:58:00+00:00,59.82,30.26,32.77,0.0,8.65
2026-09-06T00:59:00+00:00,25.81,7.5,31.86,0.0,8.2
2026-09-06T01:00:00+00:00,53.98,17.47,34.19,0.09,8.49
2026-09-06T01:01:00+00:00,51.33,17.07,33.54,0.0,8.18
2026-09-06T01:02:00+00:00,51.28,15.46,34.35,0.0,8.47
2026-09-06T01:03:00+00:00,50.15,17.65,30.56,0.0,8.18
2026-09-06T01:04:00+00:00,57.09,23.62,33.31,0.11,8.18
2026-09-06T01:05:00+00:00,57.01,22.23,34.51,0.0,8.18
2026-09-06T01:06:00+00:00,56.48,17.61,31.98,0.0,8.18
2026-09-06T01:07:00+00:00,48.1,14.13,34.36,0.03,8.57
2026-09-06T01:08:00+00:00,51.73,14.4,32.67,0.46,8.28
2026-09-06T01:09:00+00:00,50.39,15.99,29.96,0.17,8.18
2026-09-06T01:10:00+00:00,46.74,15.5,34.47,0.19,8.18
2026-09-06T01:11:00+00:00,52.26,20.2,35.56,0.0,8.75
2026-09-06T01:12:00+00:00,46.87,22.65,32.55,0.0,8.55
2026-09-06T01:13:00+00:00,25.81,7.51,31.17,0.0,8.18
2026-09-06T01:14:00+00:00,54.15,18.79,32.49,0.0,8.28
2026-09-06T01:15:00+00:00,55.65,21.63,33.57,0.0,8.18
2026-09-06T01:16:00+00:00,37.03,13.0,34.07,0.0,8.18
2026-09-06T01:17:00+00:00,43.03,18.54,34.54,0.0,8.18
2026-09-06T01:18:00+00:00,31.9,17.24,31.64,0.0,8.2
2026-09-06T01:19:00+00:00,62.92,31.13,30.46,0.0,8.18
2026-09-06T01:20:00+00:00,51.72,20.75,35.59,0.0,8.7
2026-09-06T01:21:00+00:00,30.13,8.24,35.01,0.0,8.18
2026-09-06T01:22:00+00:00,61.25,24.38,31.09,0.0,8.73
2026-09-06T01:23:00+00:00,25.81,9.38,32.88,0.0,8.73
2026-09-06T01:24:00+00:00,25.81,7.81,34.96,0.0,8.6
2026-09-06T01:25:00+00:00,25.81,8.85,32.52,0.17,8.48
2026-09-06T01:26:00+00:00,48.97,18.92,32.51,0.0,8.62
2026-09-06T01:27:00+00:00,59.16,26.75,30.71,0.41,8.18
2026-09-06T01:28:00+00:00,48.26,19.66,33.25,0.74,8.67
2026-09-06T01:29:00+00:00,66.09,31.16,34.83,0.0,8.18
2026-09-06T01:30:00+00:00,52.51,16.68,30.32,0.0,8.2
2026-09-06T01:31:00+00:00,40.23,12.6,35.05,0.0,8.2
2026-09-06T01:32:00+00:00,50.44,13.93,33.89,0.0,8.18
2026-09-06T01:33:00+00:00,34.65,13.9,34.06,0.0,8.52
2026-09-06T01:34:00+00:00,52.06,22.05,29.63,0.0,8.18
2026-09-06T01:35:00+00:00,55.59,21.9,31.53,0.0,8.18
2026-09-06T01:36:00+00:00,53.2,23.14,33.05,0.0,8.18
2026-09-06T01:37:00+00:00,61.45,27.98,32.64,0.0,8.18
2026-09-06T01:38:00+00:00,62.22,26.82,32.84,0.0,8.8
2026-09-06T01:39:00+00:00,39.61,13.81,34.8,0.0,8.44
2026-09-06T01:40:00+00:00,42.26,16.44,32.01,0.0,8.18
2026-09-06T01:41:00+00:00,25.81,12.72,35.15,0.05,8.18
2026-09-06T01:42:00+00:00,53.88,18.9,32.18,0.0,8.18
2026-09-06T01:43:00+00:00,25.81,11.15,31.64,0.0,8.18
2026-09-06T01:44:00+00:00,47.1,18.34,33.43,0.0,8.18
2026-09-06T01:45:00+00:00,32.84,9.93,32.62,0.0,8.18
2026-09-06T01:46:00+00:00,52.27,24.38,34.45,0.0,8.18
2026-09-06T01:47:00+00:00,57.27,25.32,34.23,0.0,8.18
2026-09-06T01:48:00+00:00,57.74,21.17,34.58,0.0,8.18
2026-09-06T01:49:00+00:00,50.11,16.01,33.83,0.0,8.66
2026-09-06T01:50:00+00:00,56.14,23.76,29.99,0.0,8.32
2026-09-06T01:51:00+00:00,52.48,21.53,34.39,0.41,8.26
2026-09-06T01:52:00+00:00,49.58,18.81,31.35,0.0,8.62
2026-09-06T01:53:00+00:00,37.23,15.1,34.44,0.0,8.18
2026-09-06T01:54:00+00:00,41.71,19.95,30.66,0.0,8.64
2026-09-06T01:55:00+00:00,45.19,13.5,34.56,0.0,8.18
2026-09-06T01:56:00+00:00,53.65,19.56,29.89,0.89,8.28
2026-09-06T01:57:00+00:00,57.71,21.21,32.89,0.0,8.18
2026-09-06T01:58:00+00:00,25.81,9.4,32.77,0.0,8.33
2026-09-06T01:59:00+00:00,59.42,30.27,33.16,0.0,8.25
2026-09-06T02:00:00+00:00,45.58,16.02,32.21,0.0,8.18
2026-09-06T02:01:00+00:00,35.16,11.82,30.93,0.11,8.18
2026-09-06T02:02:00+00:00,44.68,17.33,31.57,0.0,8.18
2026-09-06T02:03:00+00:00,37.77,16.53,31.35,0.0,8.18
2026-09-06T02:04:00+00:00,29.19,7.5,30.29,0.0,8.18
2026-09-06T02:05:00+00:00,25.81,10.24,35.16,0.0,8.18
2026-09-06T02:06:00+00:00,48.97,18.72,35.68,0.0,8.69
2026-09-06T02:07:00+00:00,45.26,15.64,33.58,0.0,8.73
2026-09-06T02:08:00+00:00,25.81,8.32,31.44,0.0,8.4
2026-09-06T02:09:00+00:00,64.92,32.45,31.73,0.0,8.18
2026-09-06T02:10:00+00:00,63.02,31.1,32.88,0.0,8.73
2026-09-06T02:11:00+00:00,50.58,25.0,34.68,0.67,8.19
2026-09-06T02:12:00+00:00,44.65,16.15,31.33,0.47,8.18
2026-09-06T02:13:00+00:00,48.39,14.14,34.64,0.0,8.2
2026-09-06T02:14:00+00:00,29.29,14.68,33.98,0.0,8.27
2026-09-06T02:15:00+00:00,57.51,25.25,31.81,0.0,8.18
2026-09-06T02:16:00+00:00,61.82,29.21,33.22,0.32,8.57
2026-09-06T02:17:00+00:00,58.01,25.08,33.31,0.62,8.18
2026-09-06T02:18:00+00:00,33.58,11.64,33.71,0.0,8.64
2026-09-06T02:19:00+00:00,59.27,28.65,32.85,0.0,8.75
2026-09-06T02:20:00+00:00,49.52,18.04,36.88,0.45,8.18
2026-09-06T02:21:00+00:00,32.48,9.35,37.14,0.0,8.68
2026-09-06T02:22:00+00:00,60.05,24.7,35.75,0.0,8.18
2026-09-06T02:23:00+00:00,46.74,19.71,33.39,0.0,8.18
2026-09-06T02:24:00+00:00,25.81,10.65,35.56,0.69,8.27
2026-09-06T02:25:00+00:00,50.0,17.17,31.47,0.0,8.7
2026-09-06T02:26:00+00:00,61.6,31.2,35.05,0.0,8.59
2026-09-06T02:27:00+00:00,46.97,13.9,32.53,0.0,8.31
2026-09-06T02:28:00+00:00,28.29,7.94,29.66,0.0,8.22
2026-09-06T02:29:00+00:00,39.1,14.69,37.35,0.54,8.18
2026-09-06T02:30:00+00:00,46.48,17.09,33.09,0.0,8.18
2026-09-06T02:31:00+00:00,40.45,17.04,32.78,0.0,8.61
2026-09-06T02:32:00+00:00,25.81,13.36,33.57,0.0,8.41
2026-09-06T02:33:00+00:00,38.13,18.04,35.3,0.0,8.18
2026-09-06T02:34:00+00:00,31.84,10.75,32.0,0.01,8.76
2026-09-06T02:35:00+00:00,34.03,15.41,34.74,0.0,8.18
2026-09-06T02:36:00+00:00,40.45,14.3,30.54,0.48,8.18
2026-09-06T02:37:00+00:00,25.81,11.68,34.22,0.15,8.75
2026-09-06T02:38:00+00:00,53.31,17.41,32.38,0.41,8.18
2026-09-06T02:39:00+00:00,52.03,19.5,32.07,0.0,8.29
2026-09-06T02:40:00+00:00,32.87,12.56,36.49,0.0,8.18
2026-09-06T02:41:00+00:00,46.0,15.33,31.24,0.29,8.34
2026-09-06T02:42:00+00:00,54.19,19.65,30.35,0.0,8.18
2026-09-06T02:43:00+00:00,39.06,14.06,35.91,0.0,8.49
2026-09-06T02:44:00+00:00,50.39,19.93,32.27,0.0,8.18
2026-09-06T02:45:00+00:00,51.78,17.25,34.92,0.27,8.18
2026-09-06T02:46:00+00:00,38.94,16.14,35.21,0.07,8.18
2026-09-06T02:47:00+00:00,39.71,10.77,32.28,0.0,8.18
2026-09-06T02:48:00+00:00,59.36,25.45,31.55,0.0,8.18
2026-09-06T02:49:00+00:00,51.84,21.59,33.34,0.0,8.38
2026-09-06T02:50:00+00:00,56.27,24.44,34.24,0.0,8.68
2026-09-06T02:51:00+00:00,53.18,15.76,33.64,0.0,8.18
2026-09-06T02:52:00+00:00,34.35,10.68,29.7,0.0,8.18
2026-09-06T02:53:00+00:00,58.91,31.5,28.62,0.0,8.26
2026-09-06T02:54:00+00:00,48.35,19.18,35.42,0.0,8.18
2026-09-06T02:55:00+00:00,59.79,25.92,27.99,0.0,8.75
2026-09-06T02:56:00+00:00,42.23,17.39,32.95,0.05,8.42
2026-09-06T02:57:00+00:00,39.9,13.62,32.2,0.0,8.24
2026-09-06T02:58:00+00:00,41.97,15.07,32.21,0.0,8.21
2026-09-06T02:59:00+00:00,27.55,12.72,34.32,0.04,8.18
2026-09-06T03:00:00+00:00,44.42,15.01,32.9,0.0,8.18
2026-09-06T03:01:00+00:00,56.48,20.37,34.2,0.0,8.75
2026-09-06T03:02:00+00:00,51.54,21.52,35.02,0.0,8.18
2026-09-06T03:03:00+00:00,29.97,7.5,36.0,0.16,8.18
2026-09-06T03:04:00+00:00,40.48,14.98,32.48,0.48,8.37
2026-09-06T03:05:00+00:00,48.81,17.48,31.59,0.0,8.18
2026-09-06T03:06:00+00:00,51.24,23.29,31.96,0.0,8.18
2026-09-06T03:07:00+00:00,51.22,17.21,33.22,0.0,8.29
2026-09-06T03:08:00+00:00,52.82,21.64,35.71,0.0,8.18
2026-09-06T03:09:00+00:00,40.65,7.78,31.67,0.0,8.51
2026-09-06T03:10:00+00:00,55.3,23.28,34.54,0.58,8.18
2026-09-06T03:11:00+00:00,39.61,13.94,35.77,0.88,8.18
2026-09-06T03:12:00+00:00,52.71,22.46,34.3,0.39,8.24
2026-09-06T03:13:00+00:00,53.55,20.67,31.54,0.0,8.36
2026-09-06T03:14:00+00:00,41.68,15.99,34.97,0.0,8.43
2026-09-06T03:15:00+00:00,37.52,15.02,34.23,0.0,8.18
2026-09-06T03:16:00+00:00,50.0,16.47,30.36,0.0,8.7
2026-09-06T03:17:00+00:00,38.19,13.62,35.95,0.63,8.65
2026-09-06T03:18:00+00:00,39.97,17.68,31.75,0.0,8.18
2026-09-06T03:19:00+00:00,45.45,16.74,32.19,0.0,8.8
2026-09-06T03:20:00+00:00,25.81,8.32,32.36,0.0,8.24
2026-09-06T03:21:00+00:00,25.81,12.24,33.48,0.62,8.18
2026-09-06T03:22:00+00:00,49.39,17.42,34.89,0.0,8.24
2026-09-06T03:23:00+00:00,43.94,17.92,34.5,0.16,8.35
2026-09-06T03:24:00+00:00,32.39,12.22,33.69,0.66,8.18
2026-09-06T03:25:00+00:00,42.1,13.77,32.47,0.0,8.36
2026-09-06T03:26:00+00:00,42.06,15.46,35.29,0.0,8.43
2026-09-06T03:27:00+00:00,32.1,7.56,34.65,0.0,8.78
2026-09-06T03:28:00+00:00,38.68,15.26,31.18,0.0,8.68
2026-09-06T03:29:00+00:00,52.28,20.57,31.25,0.0,8.43
2026-09-06T03:30:00+00:00,49.48,16.64,35.41,0.0,8.68
2026-09-06T03:31:00+00:00,58.7,28.75,32.04,0.49,8.18
2026-09-06T03:32:00+00:00,46.19,15.73,30.66,0.0,8.18
2026-09-06T03:33:00+00:00,37.48,12.04,32.54,0.35,8.18
2026-09-06T03:34:00+00:00,59.74,33.81,37.11,0.0,8.18
2026-09-06T03:35:00+00:00,25.81,11.39,33.14,0.0,8.18
2026-09-06T03:36:00+00:00,50.53,24.17,34.22,0.0,8.18
2026-09-06T03:37:00+00:00,54.71,23.71,35.43,0.0,8.18
2026-09-06T03:38:00+00:00,51.85,19.07,33.36,0.53,8.18
2026-09-06T03:39:00+00:00,58.5,28.15,33.93,0.0,8.41
2026-09-06T03:40:00+00:00,33.13,16.06,34.54,0.0,8.28
2026-09-06T03:41:00+00:00,50.76,15.88,32.43,0.28,8.18
2026-09-06T03:42:00+00:00,51.1,16.54,35.4,0.16,8.18
2026-09-06T03:43:00+00:00,52.66,12.75,30.17,0.21,8.57
2026-09-06T03:44:00+00:00,30.16,13.04,33.76,0.28,8.18
2026-09-06T03:45:00+00:00,52.92,20.71,33.03,0.0,8.18
2026-09-06T03:46:00+00:00,25.81,16.72,33.75,0.0,8.35
2026-09-06T03:47:00+00:00,51.37,18.26,34.05,0.0,8.28
2026-09-06T03:48:00+00:00,47.74,20.73,33.25,0.0,8.18
2026-09-06T03:49:00+00:00,51.37,20.93,33.4,0.1,8.18
2026-09-06T03:50:00+00:00,42.81,16.25,35.39,0.0,8.18
2026-09-06T03:51:00+00:00,25.81,8.37,34.2,0.0,8.57
2026-09-06T03:52:00+00:00,53.63,16.81,32.12,0.0,8.18
2026-09-06T03:53:00+00:00,52.84,21.53,34.95,0.0,8.75
2026-09-06T03:54:00+00:00,53.32,23.6,32.27,0.57,8.6
2026-09-06T03:55:00+00:00,46.9,17.08,31.63,0.61,8.18
2026-09-06T03:56:00+00:00,46.9,18.7,33.8,0.0,8.18
2026-09-06T03:57:00+00:00,53.01,18.78,33.57,0.0,8.29
2026-09-06T03:58:00+00:00,49.71,17.8,30.65,0.09,8.62
2026-09-06T03:59:00+00:00,58.68,26.15,34.04,0.06,8.18
2026-09-06T04:00:00+00:00,29.29,11.15,34.78,0.19,8.72
2026-09-06T04:01:00+00:00,37.29,13.98,33.27,0.0,8.18
2026-09-06T04:02:00+00:00,56.07,23.01,34.61,0.0,8.18
2026-09-06T04:03:00+00:00,55.8,20.94,36.74,0.0,8.43
2026-09-06T04:04:00+00:00,25.81,8.65,30.64,0.0,8.32
2026-09-06T04:05:00+00:00,53.5,18.02,35.36,0.0,8.18
2026-09-06T04:06:00+00:00,54.77,19.64,34.08,0.0,8.18
2026-09-06T04:07:00+00:00,42.58,15.98,30.69,0.2,8.18
2026-09-06T04:08:00+00:00,35.29,11.43,30.38,0.12,8.18
2026-09-06T04:09:00+00:00,38.52,14.03,32.26,0.31,8.18
2026-09-06T04:10:00+00:00,53.95,18.45,32.39,0.0,8.18
2026-09-06T04:11:00+00:00,48.52,23.72,33.92,0.0,8.34
2026-09-06T04:12:00+00:00,34.19,12.84,33.65,0.0,8.51
2026-09-06T04:13:00+00:00,44.68,17.04,33.81,0.14,8.18
2026-09-06T04:14:00+00:00,59.06,26.6,32.35,0.0,8.18
2026-09-06T04:15:00+00:00,54.82,19.82,34.16,0.16,8.6
2026-09-06T04:16:00+00:00,40.1,11.83,31.63,0.0,8.18
2026-09-06T04:17:00+00:00,45.65,18.72,32.76,0.0,8.66
2026-09-06T04:18:00+00:00,52.54,21.66,29.83,0.15,8.18
2026-09-06T04:19:00+00:00,54.6,26.29,36.7,0.0,8.55
2026-09-06T04:20:00+00:00,56.28,21.22,35.07,0.0,8.72
2026-09-06T04:21:00+00:00,53.98,21.72,31.73,0.0,8.18
2026-09-06T04:22:00+00:00,44.45,19.03,29.86,0.0,8.54
2026-09-06T04:23:00+00:00,53.96,18.62,35.1,0.0,8.18
2026-09-06T04:24:00+00:00,50.1,18.81,33.27,0.0,8.18
2026-09-06T04:25:00+00:00,38.52,13.88,34.85,0.24,8.18
2026-09-06T04:26:00+00:00,51.08,16.38,33.07,0.0,8.18
2026-09-06T04:27:00+00:00,46.26,18.15,37.07,0.0,8.18
2026-09-06T04:28:00+00:00,54.05,26.48,33.71,0.0,8.27
2026-09-06T04:29:00+00:00,39.74,13.21,35.45,0.3,8.33
2026-09-06T04:30:00+00:00,47.77,21.22,35.02,0.0,8.2
2026-09-06T04:31:00+00:00,25.81,15.3,32.86,0.05,8.75
2026-09-06T04:32:00+00:00,55.84,19.38,32.28,0.0,8.73
2026-09-06T04:33:00+00:00,57.16,24.46,32.67,0.0,8.74
2026-09-06T04:34:00+00:00,50.23,17.54,30.24,0.0,8.18
2026-09-06T04:35:00+00:00,53.68,21.92,32.03,0.0,8.18
2026-09-06T04:36:00+00:00,41.16,9.3,31.07,0.0,8.67
2026-09-06T04:37:00+00:00,50.25,15.66,32.52,0.0,8.18
2026-09-06T04:38:00+00:00,52.39,18.25,31.47,0.58,8.75
2026-09-06T04:39:00+00:00,44.16,13.03,33.63,0.0,8.18
2026-09-06T04:40:00+00:00,56.29,24.9,33.51,0.0,8.55
2026-09-06T04:41:00+00:00,25.81,7.5,33.28,0.2,8.18
2026-09-06T04:42:00+00:00,44.23,17.42,35.58,0.0,8.66
2026-09-06T04:43:00+00:00,57.01,21.89,27.41,0.26,8.18
2026-09-06T04:44:00+00:00,49.29,19.62,34.68,0.0,8.62
2026-09-06T04:45:00+00:00,46.29,21.16,30.99,0.0,8.39
2026-09-06T04:46:00+00:00,44.87,13.25,33.5,0.0,8.18
2026-09-06T04:47:00+00:00,43.16,18.95,30.24,0.0,8.25
2026-09-06T04:48:00+00:00,46.16,14.4,34.85,0.46,8.18
2026-09-06T04:49:00+00:00,40.71,14.17,35.4,0.0,8.18
2026-09-06T04:50:00+00:00,51.52,17.57,35.16,0.0,8.34
2026-09-06T04:51:00+00:00,40.65,16.34,38.52,0.0,8.18
2026-09-06T04:52:00+00:00,48.39,18.74,31.61,0.0,8.18
2026-09-06T04:53:00+00:00,51.07,16.12,34.77,0.55,8.55
2026-09-06T04:54:00+00:00,53.9,18.66,32.5,0.0,8.18
2026-09-06T04:55:00+00:00,52.11,22.69,34.55,0.0,8.18
2026-09-06T04:56:00+00:00,35.35,17.16,34.13,0.8,8.45
2026-09-06T04:57:00+00:00,47.74,15.99,31.93,0.33,8.23
2026-09-06T04:58:00+00:00,53.97,19.15,34.05,0.0,8.51
2026-09-06T04:59:00+00:00,46.32,16.56,35.04,0.0,8.18
2026-09-06T05:00:00+00:00,55.74,23.33,34.46,0.0,8.18
2026-09-06T05:01:00+00:00,42.06,17.21,36.9,0.0,8.48
2026-09-06T05:02:00+00:00,47.94,20.96,34.78,0.0,8.18
2026-09-06T05:03:00+00:00,43.16,15.91,34.94,0.0,8.77
2026-09-06T05:04:00+00:00,53.9,21.66,32.96,0.0,8.72
2026-09-06T05:05:00+00:00,29.32,11.86,32.01,0.0,8.42
2026-09-06T05:06:00+00:00,52.68,19.24,31.51,0.0,8.18
2026-09-06T05:07:00+00:00,54.6,24.83,33.28,0.0,8.79
2026-09-06T05:08:00+00:00,50.01,16.83,36.4,0.0,8.18
2026-09-06T05:09:00+00:00,51.78,17.46,28.86,0.0,8.18
2026-09-06T05:10:00+00:00,49.32,19.94,35.24,0.0,8.27
2026-09-06T05:11:00+00:00,53.28,19.74,33.51,0.0,8.18
2026-09-06T05:12:00+00:00,47.61,16.64,32.65,0.0,8.18
2026-09-06T05:13:00+00:00,48.19,13.46,34.93,0.42,8.18
2026-09-06T05:14:00+00:00,43.97,19.72,36.95,0.22,8.18
2026-09-06T05:15:00+00:00,53.77,17.79,32.74,0.0,8.18
2026-09-06T05:16:00+00:00,55.45,19.54,32.89,0.0,8.18
2026-09-06T05:17:00+00:00,35.74,12.25,32.02,0.0,8.66
2026-09-06T05:18:00+00:00,36.45,23.79,30.08,0.0,8.18
2026-09-06T05:19:00+00:00,46.77,18.5,32.26,0.08,8.18
2026-09-06T05:20:00+00:00,52.03,12.76,33.3,0.0,8.18
2026-09-06T05:21:00+00:00,47.94,17.11,32.29,0.0,8.18
2026-09-06T05:22:00+00:00,53.06,20.73,32.81,0.0,8.18
2026-09-06T05:23:00+00:00,40.35,14.05,37.04,0.46,8.18
2026-09-06T05:24:00+00:00,51.48,15.66,36.88,0.27,8.18
2026-09-06T05:25:00+00:00,41.81,14.94,32.28,0.0,8.49
2026-09-06T05:26:00+00:00,49.23,15.4,32.01,0.0,8.18
2026-09-06T05:27:00+00:00,47.65,16.75,32.92,0.0,8.18
2026-09-06T05:28:00+00:00,46.16,12.76,35.41,0.0,8.18
2026-09-06T05:29:00+00:00,48.84,24.02,32.16,0.0,8.33
2026-09-06T05:30:00+00:00,47.55,20.23,36.52,0.24,8.22
2026-09-06T05:31:00+00:00,51.82,23.42,36.17,0.0,8.5
2026-09-06T05:32:00+00:00,56.1,22.96,35.57,0.0,8.8
2026-09-06T05:33:00+00:00,37.84,10.48,31.36,0.06,8.53
2026-09-06T05:34:00+00:00,45.68,16.49,35.02,0.0,8.18
2026-09-06T05:35:00+00:00,51.17,24.76,30.11,0.38,8.32
2026-09-06T05:36:00+00:00,49.58,15.39,35.38,0.0,8.73
2026-09-06T05:37:00+00:00,36.45,19.39,34.23,0.0,8.53
2026-09-06T05:38:00+00:00,51.45,19.04,34.43,0.0,8.18
2026-09-06T05:39:00+00:00,52.93,22.65,30.23,0.11,8.51
2026-09-06T05:40:00+00:00,28.45,9.7,31.55,0.0,8.18
2026-09-06T05:41:00+00:00,47.0,19.05,31.94,0.0,8.22
2026-09-06T05:42:00+00:00,51.8,21.21,35.35,0.0,8.77
2026-09-06T05:43:00+00:00,48.19,17.91,31.68,0.0,8.31
2026-09-06T05:44:00+00:00,44.65,22.61,34.75,0.0,8.18
2026-09-06T05:45:00+00:00,50.58,23.58,34.86,0.0,8.62
2026-09-06T05:46:00+00:00,40.52,13.87,31.49,0.0,8.18
2026-09-06T05:47:00+00:00,52.12,15.47,31.85,0.0,8.78
2026-09-06T05:48:00+00:00,47.81,14.14,31.41,0.47,8.22
2026-09-06T05:49:00+00:00,52.44,19.55,35.85,0.0,8.34
2026-09-06T05:50:00+00:00,43.58,17.7,30.93,0.3,8.18
2026-09-06T05:51:00+00:00,54.16,16.44,34.33,0.0,8.78
2026-09-06T05:52:00+00:00,31.71,8.69,34.0,0.0,8.6
2026-09-06T05:53:00+00:00,51.32,15.73,31.09,0.0,8.68
2026-09-06T05:54:00+00:00,53.48,21.31,34.88,0.0,8.18
2026-09-06T05:55:00+00:00,50.05,26.2,34.64,0.0,8.54
2026-09-06T05:56:00+00:00,42.48,14.85,35.36,0.0,8.18
2026-09-06T05:57:00+00:00,50.69,19.92,32.99,0.0,8.52
2026-09-06T05:58:00+00:00,52.61,20.03,32.48,0.12,8.78
2026-09-06T05:59:00+00:00,41.55,16.3,32.06,0.0,8.18
2026-09-06T06:00:00+00:00,50.06,15.71,36.25,0.0,8.59
2026-09-06T06:01:00+00:00,50.93,16.98,34.22,0.48,8.35
2026-09-06T06:02:00+00:00,52.09,19.01,31.86,0.0,8.18
2026-09-06T06:03:00+00:00,55.81,22.89,33.45,0.0,8.18
2026-09-06T06:04:00+00:00,42.71,15.7,32.37,0.43,8.58
2026-09-06T06:05:00+00:00,51.95,18.13,36.96,0.0,8.18
2026-09-06T06:06:00+00:00,29.23,7.5,31.1,0.0,8.44
2026-09-06T06:07:00+00:00,50.94,15.76,33.59,0.0,8.33
2026-09-06T06:08:00+00:00,34.9,10.71,31.67,0.0,8.18
2026-09-06T06:09:00+00:00,54.07,21.24,32.04,0.0,8.53
2026-09-06T06:10:00+00:00,40.74,8.86,32.33,0.0,8.18
2026-09-06T06:11:00+00:00,41.0,15.07,35.12,0.18,8.18
2026-09-06T06:12:00+00:00,42.58,18.61,35.55,0.0,8.8
2026-09-06T06:13:00+00:00,42.97,15.33,33.94,1.12,8.18
2026-09-06T06:14:00+00:00,51.58,17.3,32.67,0.0,8.34
2026-09-06T06:15:00+00:00,52.37,14.98,34.59,0.0,8.52
2026-09-06T06:16:00+00:00,50.46,23.76,34.71,0.0,8.42
2026-09-06T06:17:00+00:00,53.71,25.47,31.85,0.0,8.6
2026-09-06T06:18:00+00:00,54.61,21.06,31.34,0.0,8.18
2026-09-06T06:19:00+00:00,45.87,13.18,33.02,0.51,8.18
2026-09-06T06:20:00+00:00,32.1,7.5,33.98,0.0,8.55
2026-09-06T06:21:00+00:00,54.45,16.22,34.08,0.0,8.18
2026-09-06T06:22:00+00:00,54.77,21.92,34.42,0.0,8.3
2026-09-06T06:23:00+00:00,50.14,19.71,36.71,0.0,8.26
2026-09-06T06:24:00+00:00,47.84,16.46,31.3,0.0,8.18
2026-09-06T06:25:00+00:00,51.68,19.26,36.74,0.0,8.18
2026-09-06T06:26:00+00:00,52.83,19.81,37.33,0.0,8.18
2026-09-06T06:27:00+00:00,53.23,15.67,32.0,0.0,8.18
2026-09-06T06:28:00+00:00,49.97,19.36,33.31,0.0,8.5
2026-09-06T06:29:00+00:00,49.58,14.09,32.14,0.0,8.34
2026-09-06T06:30:00+00:00,48.32,20.74,32.74,0.0,8.38
2026-09-06T06:31:00+00:00,52.91,17.04,38.69,0.27,8.18
2026-09-06T06:32:00+00:00,46.42,15.05,32.01,0.0,8.59
2026-09-06T06:33:00+00:00,51.48,21.62,34.51,0.6,8.54
2026-09-06T06:34:00+00:00,34.45,9.94,37.29,0.0,8.4
2026-09-06T06:35:00+00:00,43.16,16.63,29.63,0.0,8.18
2026-09-06T06:36:00+00:00,55.39,22.61,32.59,0.0,8.69
2026-09-06T06:37:00+00:00,52.72,23.3,33.24,0.0,8.18
2026-09-06T06:38:00+00:00,43.65,18.29,36.47,0.0,8.18
2026-09-06T06:39:00+00:00,52.29,11.64,32.79,0.0,8.18
2026-09-06T06:40:00+00:00,46.19,15.75,33.27,0.0,8.18
2026-09-06T06:41:00+00:00,35.06,14.79,37.24,0.0,8.18
2026-09-06T06:42:00+00:00,50.99,19.68,32.73,0.0,8.52
2026-09-06T06:43:00+00:00,61.3,23.33,33.23,0.0,8.29
2026-09-06T06:44:00+00:00,53.48,23.99,34.12,0.36,8.5
2026-09-06T06:45:00+00:00,49.52,18.59,35.55,0.0,8.39
2026-09-06T06:46:00+00:00,55.2,23.4,34.09,0.0,8.18
2026-09-06T06:47:00+00:00,54.96,21.54,35.65,0.0,8.7
2026-09-06T06:48:00+00:00,49.0,16.24,36.45,0.32,8.18
2026-09-06T06:49:00+00:00,42.06,11.76,34.28,0.0,8.72
2026-09-06T06:50:00+00:00,51.98,18.14,34.18,0.0,8.19
2026-09-06T06:51:00+00:00,49.29,15.51,36.02,0.0,8.18
2026-09-06T06:52:00+00:00,44.19,11.5,32.97,0.0,8.41
2026-09-06T06:53:00+00:00,45.9,18.65,33.51,0.0,8.18
2026-09-06T06:54:00+00:00,40.13,13.27,33.79,0.0,8.18
2026-09-06T06:55:00+00:00,51.12,23.54,34.72,0.0,8.78
2026-09-06T06:56:00+00:00,52.26,15.7,34.08,0.0,8.53
2026-09-06T06:57:00+00:00,52.52,17.2,32.55,0.0,8.18
2026-09-06T06:58:00+00:00,51.09,17.58,37.46,0.0,8.47
2026-09-06T06:59:00+00:00,44.32,16.08,33.81,0.26,8.18
2026-09-06T07:00:00+00:00,39.97,15.77,35.7,0.0,8.18
2026-09-06T07:01:00+00:00,51.33,18.68,32.89,0.0,8.62
2026-09-06T07:02:00+00:00,46.13,14.21,38.06,0.0,8.22
2026-09-06T07:03:00+00:00,61.67,25.59,34.54,0.29,8.18
2026-09-06T07:04:00+00:00,52.34,16.71,36.02,0.0,8.6
2026-09-06T07:05:00+00:00,37.39,12.92,37.27,0.0,8.7
2026-09-06T07:06:00+00:00,51.58,22.2,35.7,0.0,8.54
2026-09-06T07:07:00+00:00,51.7,20.96,36.72,0.39,8.56
2026-09-06T07:08:00+00:00,48.32,12.41,38.43,0.0,8.66
2026-09-06T07:09:00+00:00,51.24,18.03,34.64,0.0,8.18
2026-09-06T07:10:00+00:00,51.35,22.88,37.4,0.91,8.73
2026-09-06T07:11:00+00:00,56.08,19.64,32.22,0.0,8.65
2026-09-06T07:12:00+00:00,46.0,19.87,37.24,0.0,8.18
2026-09-06T07:13:00+00:00,53.61,23.21,35.93,0.49,8.18
2026-09-06T07:14:00+00:00,40.35,16.46,34.28,0.0,8.18
2026-09-06T07:15:00+00:00,51.05,22.0,36.65,0.0,8.48
2026-09-06T07:16:00+00:00,38.55,14.19,37.16,0.0,8.29
2026-09-06T07:17:00+00:00,54.12,24.7,35.75,0.0,8.18
2026-09-06T07:18:00+00:00,32.87,12.04,32.81,0.0,8.18
2026-09-06T07:19:00+00:00,42.06,14.24,33.6,0.0,8.33
2026-09-06T07:20:00+00:00,49.55,15.85,37.49,0.04,8.66
2026-09-06T07:21:00+00:00,49.19,19.52,34.12,0.0,8.18
2026-09-06T07:22:00+00:00,32.35,7.79,35.25,0.0,8.25
2026-09-06T07:23:00+00:00,52.94,12.4,39.31,0.0,8.21
2026-09-06T07:24:00+00:00,40.0,14.12,36.72,0.0,8.18
2026-09-06T07:25:00+00:00,45.65,16.64,33.91,0.0,8.58
2026-09-06T07:26:00+00:00,49.42,21.4,40.3,0.0,8.35
2026-09-06T07:27:00+00:00,46.84,19.34,37.29,0.0,8.18
2026-09-06T07:28:00+00:00,49.16,12.25,35.46,0.78,8.18
2026-09-06T07:29:00+00:00,43.13,12.4,35.7,0.16,8.27
2026-09-06T07:30:00+00:00,53.52,20.85,35.62,0.0,8.18
2026-09-06T07:31:00+00:00,54.57,26.92,36.25,0.0,8.75
2026-09-06T07:32:00+00:00,51.98,21.35,37.98,0.86,8.18
2026-09-06T07:33:00+00:00,43.55,11.59,35.26,0.0,8.38
2026-09-06T07:34:00+00:00,54.79,21.56,37.88,0.36,8.32
2026-09-06T07:35:00+00:00,50.53,15.91,33.97,0.24,8.77
2026-09-06T07:36:00+00:00,56.3,28.88,32.11,0.0,8.69
2026-09-06T07:37:00+00:00,52.84,20.45,38.16,0.0,8.18
2026-09-06T07:38:00+00:00,45.58,16.68,38.77,0.0,8.78
2026-09-06T07:39:00+00:00,43.48,12.89,38.35,0.0,8.42
2026-09-06T07:40:00+00:00,28.48,9.87,34.96,0.0,8.45
2026-09-06T07:41:00+00:00,48.9,17.84,34.62,0.0,8.18
2026-09-06T07:42:00+00:00,45.74,16.93,35.96,0.34,8.26
2026-09-06T07:43:00+00:00,53.28,24.96,36.38,0.0,8.18
2026-09-06T07:44:00+00:00,44.52,15.81,40.17,0.0,8.19
2026-09-06T07:45:00+00:00,45.9,14.39,35.11,0.0,8.18
2026-09-06T07:46:00+00:00,44.94,19.11,38.37,0.54,8.41
2026-09-06T07:47:00+00:00,47.06,13.32,41.1,0.07,8.76
2026-09-06T07:48:00+00:00,52.62,22.52,33.48,0.0,8.47
2026-09-06T07:49:00+00:00,47.16,17.03,37.86,0.0,8.33
2026-09-06T07:50:00+00:00,54.34,24.31,36.8,0.23,8.36
2026-09-06T07:51:00+00:00,47.58,20.34,36.81,0.0,8.31
2026-09-06T07:52:00+00:00,50.06,19.59,40.22,0.0,8.43
2026-09-06T07:53:00+00:00,54.65,22.51,34.32,0.0,8.59
2026-09-06T07:54:00+00:00,52.76,19.21,36.78,0.0,8.43
2026-09-06T07:55:00+00:00,51.04,17.81,37.03,0.04,8.52
2026-09-06T07:56:00+00:00,43.23,17.25,39.32,0.61,8.75
2026-09-06T07:57:00+00:00,54.31,15.92,37.31,0.0,8.4
2026-09-06T07:58:00+00:00,38.74,14.88,36.85,0.0,8.7
2026-09-06T07:59:00+00:00,46.35,12.69,40.47,0.27,8.83
2026-09-06T08:00:00+00:00,38.55,16.33,41.82,0.15,8.9
2026-09-06T08:01:00+00:00,47.61,15.69,37.42,0.0,9.05
2026-09-06T08:02:00+00:00,53.61,19.24,37.27,0.0,8.29
2026-09-06T08:03:00+00:00,41.48,17.33,36.52,0.07,8.59
2026-09-06T08:04:00+00:00,48.03,18.89,38.84,0.0,9.03
2026-09-06T08:05:00+00:00,30.87,7.71,38.13,0.54,8.31
2026-09-06T08:06:00+00:00,41.45,14.88,36.19,0.22,9.48
2026-09-06T08:07:00+00:00,41.58,15.96,40.37,0.0,9.31
2026-09-06T08:08:00+00:00,39.84,15.54,38.75,0.51,8.31
2026-09-06T08:09:00+00:00,48.03,16.02,40.36,0.0,8.25
2026-09-06T08:10:00+00:00,53.58,23.12,38.02,0.0,9.75
2026-09-06T08:11:00+00:00,55.09,18.88,38.97,0.0,8.57
2026-09-06T08:12:00+00:00,52.26,17.47,40.69,0.0,9.28
2026-09-06T08:13:00+00:00,33.58,14.45,37.65,0.0,9.21
2026-09-06T08:14:00+00:00,46.68,21.6,36.78,0.0,8.4
2026-09-06T08:15:00+00:00,36.16,13.9,37.57,0.0,9.25
2026-09-06T08:16:00+00:00,51.42,22.46,38.81,0.0,8.59
2026-09-06T08:17:00+00:00,54.11,19.98,38.97,0.31,8.5
2026-09-06T08:18:00+00:00,37.81,11.34,36.96,0.0,8.21
2026-09-06T08:19:00+00:00,52.61,16.01,38.46,0.0,8.27
2026-09-06T08:20:00+00:00,53.03,20.27,41.07,0.0,8.25
2026-09-06T08:21:00+00:00,50.93,20.0,37.75,0.0,10.38
2026-09-06T08:22:00+00:00,45.32,14.45,41.88,0.0,9.78
2026-09-06T08:23:00+00:00,50.49,16.13,39.8,0.0,9.68
2026-09-06T08:24:00+00:00,51.79,21.16,39.39,0.0,8.57
2026-09-06T08:25:00+00:00,50.44,15.35,37.52,0.0,10.3
2026-09-06T08:26:00+00:00,52.99,19.29,40.61,0.0,8.46
2026-09-06T08:27:00+00:00,40.29,13.25,41.57,0.0,10.53
2026-09-06T08:28:00+00:00,52.24,16.91,42.41,0.0,8.5
2026-09-06T08:29:00+00:00,42.13,16.32,41.03,0.0,9.94
2026-09-06T08:30:00+00:00,51.05,26.06,43.8,0.0,10.68
2026-09-06T08:31:00+00:00,33.0,14.48,40.58,0.0,10.12
2026-09-06T08:32:00+00:00,53.17,20.85,43.56,0.12,10.22
2026-09-06T08:33:00+00:00,43.16,16.42,35.57,0.0,8.62
2026-09-06T08:34:00+00:00,48.29,15.93,43.59,0.0,8.35
2026-09-06T08:35:00+00:00,34.94,16.43,40.58,0.0,10.28
2026-09-06T08:36:00+00:00,54.37,23.04,39.43,0.0,8.26
2026-09-06T08:37:00+00:00,53.25,27.06,39.61,0.0,11.04
2026-09-06T08:38:00+00:00,50.53,14.32,39.85,0.0,11.82
2026-09-06T08:39:00+00:00,54.2,22.98,39.17,0.0,8.53
2026-09-06T08:40:00+00:00,46.65,21.57,42.38,0.22,11.08
2026-09-06T08:41:00+00:00,50.43,20.49,41.23,0.0,8.26
2026-09-06T08:42:00+00:00,52.84,18.72,40.4,0.0,8.66
2026-09-06T08:43:00+00:00,40.87,14.35,40.97,0.0,8.31
2026-09-06T08:44:00+00:00,54.31,24.3,41.06,0.33,11.53
2026-09-06T08:45:00+00:00,54.07,20.19,41.11,0.0,8.57
2026-09-06T08:46:00+00:00,38.19,12.76,40.7,0.0,8.3
2026-09-06T08:47:00+00:00,44.16,17.49,38.48,0.21,8.76
2026-09-06T08:48:00+00:00,30.94,15.9,36.97,0.0,12.46
2026-09-06T08:49:00+00:00,43.68,17.44,42.42,0.0,8.2
2026-09-06T08:50:00+00:00,43.58,14.19,40.81,0.0,8.78
2026-09-06T08:51:00+00:00,42.29,15.53,41.6,0.0,11.45
2026-09-06T08:52:00+00:00,45.13,21.39,42.12,0.0,11.51
2026-09-06T08:53:00+00:00,50.95,20.61,38.72,0.0,11.64
2026-09-06T08:54:00+00:00,45.74,12.43,40.02,0.0,13.28
2026-09-06T08:55:00+00:00,51.98,25.83,43.96,0.38,8.45
2026-09-06T08:56:00+00:00,48.23,20.99,39.73,0.23,12.05
2026-09-06T08:57:00+00:00,53.72,25.72,39.14,0.0,13.08
2026-09-06T08:58:00+00:00,36.77,12.91,43.94,0.0,8.51
2026-09-06T08:59:00+00:00,40.29,13.34,41.88,0.0,11.99
2026-09-06T09:00:00+00:00,52.98,22.39,45.13,0.0,8.31
2026-09-06T09:01:00+00:00,47.68,17.73,39.74,0.28,12.54
2026-09-06T09:02:00+00:00,50.98,23.74,42.59,0.0,8.72
2026-09-06T09:03:00+00:00,37.81,13.66,38.68,0.0,12.84
2026-09-06T09:04:00+00:00,43.48,16.96,43.69,0.37,14.2
2026-09-06T09:05:00+00:00,54.35,23.67,45.65,0.0,8.8
2026-09-06T09:06:00+00:00,52.92,17.41,44.8,0.0,12.22
2026-09-06T09:07:00+00:00,36.94,11.55,42.18,0.51,8.56
2026-09-06T09:08:00+00:00,53.55,19.94,44.26,0.0,8.5
2026-09-06T09:09:00+00:00,50.39,20.38,43.43,0.89,14.5
2026-09-06T09:10:00+00:00,48.97,14.29,40.4,0.0,14.25
2026-09-06T09:11:00+00:00,50.4,18.94,41.88,0.0,14.58
2026-09-06T09:12:00+00:00,47.81,14.04,42.05,0.0,8.68
2026-09-06T09:13:00+00:00,51.72,16.91,41.11,0.0,8.43
2026-09-06T09:14:00+00:00,41.32,17.47,43.91,0.0,13.15
2026-09-06T09:15:00+00:00,54.52,25.59,43.37,0.0,13.66
2026-09-06T09:16:00+00:00,44.77,20.47,44.1,0.69,8.62
2026-09-06T09:17:00+00:00,56.15,18.39,43.74,0.0,14.69
2026-09-06T09:18:00+00:00,59.3,27.0,41.53,0.0,13.27
2026-09-06T09:19:00+00:00,49.87,14.87,42.92,0.0,14.65
2026-09-06T09:20:00+00:00,47.42,20.98,42.86,0.0,8.43
2026-09-06T09:21:00+00:00,51.22,18.74,41.36,0.0,14.73
2026-09-06T09:22:00+00:00,50.26,14.57,40.51,0.0,13.88
2026-09-06T09:23:00+00:00,45.39,18.0,43.77,0.25,8.65
2026-09-06T09:24:00+00:00,46.58,22.13,44.76,0.0,12.9
2026-09-06T09:25:00+00:00,45.87,18.51,44.55,0.0,13.41
2026-09-06T09:26:00+00:00,100.16,56.01,44.37,0.0,15.46
2026-09-06T09:27:00+00:00,100.31,54.2,44.33,0.0,8.22
2026-09-06T09:28:00+00:00,94.37,53.86,41.65,0.0,8.43
2026-09-06T09:29:00+00:00,98.88,55.48,46.93,0.0,8.65
2026-09-06T09:30:00+00:00,105.29,56.16,41.96,0.82,14.45
2026-09-06T09:31:00+00:00,99.82,58.34,45.54,0.0,14.73
2026-09-06T09:32:00+00:00,102.94,56.69,43.17,0.06,14.6
2026-09-06T09:33:00+00:00,102.26,55.53,45.5,0.0,8.34
2026-09-06T09:34:00+00:00,102.79,54.48,41.56,0.0,8.43
2026-09-06T09:35:00+00:00,106.85,56.59,42.1,0.0,8.23
2026-09-06T09:36:00+00:00,106.69,58.63,42.27,0.0,8.78
2026-09-06T09:37:00+00:00,97.03,54.41,40.64,0.18,15.51
2026-09-06T09:38:00+00:00,110.53,58.97,44.54,0.0,8.62
2026-09-06T09:39:00+00:00,105.32,58.23,42.99,0.0,14.06
2026-09-06T09:40:00+00:00,106.66,60.81,44.75,0.46,8.4
2026-09-06T09:41:00+00:00,106.29,59.04,41.82,0.73,15.87
2026-09-06T09:42:00+00:00,103.48,56.25,40.44,0.5,8.8
2026-09-06T09:43:00+00:00,97.98,57.77,43.03,0.0,15.5
2026-09-06T09:44:00+00:00,102.33,57.72,45.36,0.51,14.32
2026-09-06T09:45:00+00:00,104.99,56.56,47.46,0.0,15.46
2026-09-06T09:46:00+00:00,100.07,54.75,44.49,0.52,8.6
2026-09-06T09:47:00+00:00,104.03,59.53,46.87,0.0,8.22
2026-09-06T09:48:00+00:00,101.56,56.84,43.8,0.0,13.99
2026-09-06T09:49:00+00:00,101.57,57.22,45.05,0.0,16.84
2026-09-06T09:50:00+00:00,105.11,56.97,43.94,0.0,18.6
2026-09-06T09:51:00+00:00,106.61,59.13,39.06,0.0,8.49
2026-09-06T09:52:00+00:00,105.12,56.57,45.39,0.0,8.8
2026-09-06T09:53:00+00:00,104.51,58.75,43.78,0.0,16.33
2026-09-06T09:54:00+00:00,93.52,53.16,43.77,0.0,18.23
2026-09-06T09:55:00+00:00,101.22,55.52,45.6,0.26,17.24
2026-09-06T09:56:00+00:00,98.16,55.98,45.33,0.0,16.74
2026-09-06T09:57:00+00:00,104.49,56.25,42.71,0.0,8.73
2026-09-06T09:58:00+00:00,105.08,57.32,44.07,0.39,16.94
2026-09-06T09:59:00+00:00,106.47,57.41,44.88,0.0,8.75
2026-09-06T10:00:00+00:00,102.81,59.87,44.86,0.0,8.32
2026-09-06T10:01:00+00:00,45.77,14.0,45.83,0.0,8.7
2026-09-06T10:02:00+00:00,41.97,16.97,44.31,0.0,17.04
2026-09-06T10:03:00+00:00,50.43,25.57,41.74,0.0,15.46
2026-09-06T10:04:00+00:00,52.11,22.45,43.67,0.0,19.31
2026-09-06T10:05:00+00:00,29.84,14.02,45.41,0.53,8.41
2026-09-06T10:06:00+00:00,51.32,14.4,45.81,0.0,15.61
2026-09-06T10:07:00+00:00,36.94,12.54,44.08,0.04,15.51
2026-09-06T10:08:00+00:00,47.19,15.12,43.93,0.46,16.97
2026-09-06T10:09:00+00:00,37.35,19.0,39.77,0.0,8.28
2026-09-06T10:10:00+00:00,43.68,21.93,45.99,0.0,8.73
2026-09-06T10:11:00+00:00,32.94,13.49,42.9,0.0,8.35
2026-09-06T10:12:00+00:00,50.59,22.62,45.58,0.0,8.75
2026-09-06T10:13:00+00:00,49.42,15.1,45.26,0.0,18.43
2026-09-06T10:14:00+00:00,39.84,24.69,43.29,0.0,8.42
2026-09-06T10:15:00+00:00,41.42,12.26,43.66,0.0,8.57
2026-09-06T10:16:00+00:00,50.49,23.4,41.57,0.13,17.91
2026-09-06T10:17:00+00:00,50.03,13.43,41.72,0.49,8.8
2026-09-06T10:18:00+00:00,48.55,11.46,43.65,0.0,8.6
2026-09-06T10:19:00+00:00,41.39,13.83,42.28,0.46,8.62
2026-09-06T10:20:00+00:00,51.99,17.96,43.68,0.0,8.23
2026-09-06T10:21:00+00:00,56.57,20.66,43.9,0.0,16.15
2026-09-06T10:22:00+00:00,39.23,14.98,48.82,0.0,8.43
2026-09-06T10:23:00+00:00,43.03,13.5,42.85,0.0,8.37
2026-09-06T10:24:00+00:00,50.45,21.02,45.51,0.0,8.52
2026-09-06T10:25:00+00:00,51.54,19.93,43.35,0.0,8.45
2026-09-06T10:26:00+00:00,47.68,21.96,43.73,0.0,19.96
2026-09-06T10:27:00+00:00,55.26,20.02,43.99,0.0,8.74
2026-09-06T10:28:00+00:00,41.55,12.17,41.79,0.58,8.67
2026-09-06T10:29:00+00:00,46.94,17.2,44.05,0.0,8.73
2026-09-06T10:30:00+00:00,47.55,16.56,44.39,0.0,8.6
2026-09-06T10:31:00+00:00,51.28,17.46,47.77,0.0,21.66
2026-09-06T10:32:00+00:00,55.29,23.52,44.34,0.0,21.99
2026-09-06T10:33:00+00:00,51.12,14.54,46.26,0.0,8.8
2026-09-06T10:34:00+00:00,50.91,17.88,42.41,0.0,18.12
2026-09-06T10:35:00+00:00,33.65,12.94,44.21,0.39,18.94
2026-09-06T10:36:00+00:00,41.1,13.73,43.64,0.41,8.21
2026-09-06T10:37:00+00:00,50.46,15.34,42.03,0.0,21.42
2026-09-06T10:38:00+00:00,51.57,16.02,40.62,0.0,8.59
2026-09-06T10:39:00+00:00,44.48,17.49,45.5,0.0,19.26
2026-09-06T10:40:00+00:00,50.34,18.86,41.41,0.0,21.53
2026-09-06T10:41:00+00:00,50.93,20.33,43.6,0.38,20.46
2026-09-06T10:42:00+00:00,44.55,14.82,44.51,0.21,23.24
2026-09-06T10:43:00+00:00,47.26,14.55,45.8,0.0,8.26
2026-09-06T10:44:00+00:00,53.33,21.78,44.13,0.0,20.2
2026-09-06T10:45:00+00:00,51.6,16.28,41.81,0.0,24.27
2026-09-06T10:46:00+00:00,40.87,16.67,43.57,0.0,24.24
2026-09-06T10:47:00+00:00,52.63,16.56,45.97,0.0,8.22
2026-09-06T10:48:00+00:00,48.58,16.22,44.2,0.6,23.12
2026-09-06T10:49:00+00:00,50.19,16.3,41.56,0.0,8.73
2026-09-06T10:50:00+00:00,43.42,11.59,39.86,0.0,8.48
2026-09-06T10:51:00+00:00,30.71,7.5,44.15,0.0,8.6
2026-09-06T10:52:00+00:00,50.85,17.21,43.56,0.0,19.25
2026-09-06T10:53:00+00:00,47.1,18.25,41.52,0.0,22.79
2026-09-06T10:54:00+00:00,47.58,15.12,41.04,0.0,25.56
2026-09-06T10:55:00+00:00,38.1,19.22,45.07,0.91,25.39
2026-09-06T10:56:00+00:00,55.79,22.52,44.09,0.0,20.62
2026-09-06T10:57:00+00:00,58.1,24.12,40.71,0.0,22.8
2026-09-06T10:58:00+00:00,50.65,20.52,40.97,0.0,20.36
2026-09-06T10:59:00+00:00,57.26,22.04,44.62,0.0,21.23
2026-09-06T11:00:00+00:00,58.78,27.56,44.56,0.0,24.95
2026-09-06T11:01:00+00:00,53.01,19.81,41.21,0.07,8.4
2026-09-06T11:02:00+00:00,44.84,20.84,40.05,0.19,8.22
2026-09-06T11:03:00+00:00,46.29,15.0,40.9,0.0,23.08
2026-09-06T11:04:00+00:00,56.49,21.66,41.42,0.0,23.4
2026-09-06T11:05:00+00:00,52.24,21.37,42.68,0.29,8.78
2026-09-06T11:06:00+00:00,46.26,16.77,38.45,0.0,24.15
2026-09-06T11:07:00+00:00,50.25,16.42,42.43,0.0,8.72
2026-09-06T11:08:00+00:00,34.39,18.15,42.81,0.0,23.2
2026-09-06T11:09:00+00:00,52.73,26.39,39.66,0.0,22.18
2026-09-06T11:10:00+00:00,44.84,15.83,44.02,0.0,8.72
2026-09-06T11:11:00+00:00,51.97,20.93,36.91,0.0,8.41
2026-09-06T11:12:00+00:00,53.12,27.73,41.89,0.0,8.67
2026-09-06T11:13:00+00:00,49.58,19.33,39.73,0.0,8.72
2026-09-06T11:14:00+00:00,55.01,21.44,38.54,0.0,25.8
2026-09-06T11:15:00+00:00,49.58,21.22,41.88,0.0,8.44
2026-09-06T11:16:00+00:00,54.0,18.5,41.76,0.0,8.68
2026-09-06T11:17:00+00:00,39.9,21.63,43.64,0.0,8.26
2026-09-06T11:18:00+00:00,50.75,25.1,39.62,0.0,8.71
2026-09-06T11:19:00+00:00,51.73,22.31,37.48,0.0,8.6
2026-09-06T11:20:00+00:00,47.06,16.22,41.07,0.0,22.25
2026-09-06T11:21:00+00:00,35.32,14.75,38.88,0.34,25.99
2026-09-06T11:22:00+00:00,40.68,16.22,42.34,0.22,24.0
2026-09-06T11:23:00+00:00,49.1,19.53,40.36,0.0,28.22
2026-09-06T11:24:00+00:00,51.7,23.1,41.79,0.0,26.23
2026-09-06T11:25:00+00:00,42.19,15.16,38.01,0.0,8.52
2026-09-06T11:26:00+00:00,45.19,13.52,37.17,0.0,8.19
2026-09-06T11:27:00+00:00,46.9,16.46,38.65,0.0,23.75
2026-09-06T11:28:00+00:00,49.9,19.54,40.72,0.0,23.4
2026-09-06T11:29:00+00:00,47.13,20.59,42.77,0.0,8.54
2026-09-06T11:30:00+00:00,38.94,19.53,40.23,0.21,8.45
2026-09-06T11:31:00+00:00,53.56,21.79,37.09,0.0,22.99
2026-09-06T11:32:00+00:00,45.52,19.19,36.06,0.0,21.0
2026-09-06T11:33:00+00:00,39.13,12.71,37.59,0.0,25.18
2026-09-06T11:34:00+00:00,47.61,17.46,42.99,0.0,8.8
2026-09-06T11:35:00+00:00,39.97,14.15,39.38,1.0,27.3
2026-09-06T11:36:00+00:00,50.18,19.01,39.38,0.14,8.57
2026-09-06T11:37:00+00:00,41.77,16.47,41.37,0.01,27.62
2026-09-06T11:38:00+00:00,42.9,19.66,37.84,0.0,8.36
2026-09-06T11:39:00+00:00,40.97,15.13,39.86,0.0,22.77
2026-09-06T11:40:00+00:00,46.55,14.7,38.87,0.0,30.35
2026-09-06T11:41:00+00:00,50.01,16.22,39.23,0.0,28.1
2026-09-06T11:42:00+00:00,51.24,19.79,41.24,0.0,8.22
2026-09-06T11:43:00+00:00,44.1,25.72,40.99,0.0,8.48
2026-09-06T11:44:00+00:00,47.52,19.56,40.24,0.0,23.56
2026-09-06T11:45:00+00:00,52.26,19.09,40.31,0.56,22.65
2026-09-06T11:46:00+00:00,48.52,18.0,37.29,0.12,8.22
2026-09-06T11:47:00+00:00,46.1,13.96,40.58,0.0,22.48
2026-09-06T11:48:00+00:00,49.84,17.73,41.27,0.0,8.49
2026-09-06T11:49:00+00:00,54.67,21.31,38.67,0.01,8.18
2026-09-06T11:50:00+00:00,38.58,13.76,41.48,0.0,8.8
2026-09-06T11:51:00+00:00,40.55,12.53,42.25,0.34,22.23
2026-09-06T11:52:00+00:00,41.58,17.96,36.75,0.11,22.6
2026-09-06T11:53:00+00:00,53.55,19.51,39.2,0.0,25.16
2026-09-06T11:54:00+00:00,33.45,9.2,38.75,0.0,8.27
2026-09-06T11:55:00+00:00,30.0,13.9,38.05,0.0,8.22
2026-09-06T11:56:00+00:00,45.55,11.59,39.12,0.0,24.88
2026-09-06T11:57:00+00:00,46.65,13.37,40.12,0.0,30.2
2026-09-06T11:58:00+00:00,40.26,12.28,40.67,0.0,8.43
2026-09-06T11:59:00+00:00,39.68,10.21,37.02,0.0,30.89
2026-09-06T12:00:00+00:00,59.49,27.28,36.0,0.0,29.24
2026-09-06T12:01:00+00:00,49.19,18.32,37.37,0.0,8.75
2026-09-06T12:02:00+00:00,45.32,19.44,36.99,0.23,8.28
2026-09-06T12:03:00+00:00,50.59,17.18,39.39,0.0,26.53
2026-09-06T12:04:00+00:00,44.58,11.39,37.25,0.0,8.28
2026-09-06T12:05:00+00:00,40.58,12.22,39.65,0.0,26.82
2026-09-06T12:06:00+00:00,43.58,20.24,39.05,0.0,32.83
2026-09-06T12:07:00+00:00,48.45,14.54,37.55,0.66,8.57
2026-09-06T12:08:00+00:00,43.97,16.37,36.31,0.0,32.55
2026-09-06T12:09:00+00:00,51.62,26.55,35.21,0.0,24.67
2026-09-06T12:10:00+00:00,52.56,21.75,37.51,0.0,8.49
2026-09-06T12:11:00+00:00,47.1,13.96,34.83,0.66,8.61
2026-09-06T12:12:00+00:00,51.22,16.47,39.23,0.0,24.15
2026-09-06T12:13:00+00:00,51.73,18.46,35.39,0.0,31.93
2026-09-06T12:14:00+00:00,55.2,22.38,37.41,0.0,8.73
2026-09-06T12:15:00+00:00,49.13,17.03,40.34,0.14,8.75
2026-09-06T12:16:00+00:00,44.39,16.85,37.08,0.31,8.47
2026-09-06T12:17:00+00:00,42.58,18.28,36.03,0.0,8.23
2026-09-06T12:18:00+00:00,52.02,22.65,36.06,0.0,8.23
2026-09-06T12:19:00+00:00,51.44,17.32,37.57,0.0,8.22
2026-09-06T12:20:00+00:00,38.71,12.61,35.0,0.0,8.77
2026-09-06T12:21:00+00:00,50.96,17.7,36.8,0.15,28.38
2026-09-06T12:22:00+00:00,51.07,21.39,39.5,0.02,8.4
2026-09-06T12:23:00+00:00,46.81,13.02,37.47,0.0,23.62
2026-09-06T12:24:00+00:00,42.58,21.03,35.65,0.0,8.22
2026-09-06T12:25:00+00:00,51.22,17.04,33.67,0.39,8.44
2026-09-06T12:26:00+00:00,53.28,18.54,34.23,0.89,34.21
2026-09-06T12:27:00+00:00,49.45,17.06,39.73,0.69,8.31
2026-09-06T12:28:00+00:00,51.6,18.97,33.91,0.0,8.79
2026-09-06T12:29:00+00:00,56.49,20.35,35.52,0.19,8.27
2026-09-06T12:30:00+00:00,45.29,12.14,36.6,0.0,8.51
2026-09-06T12:31:00+00:00,51.57,21.41,38.24,0.41,8.33
2026-09-06T12:32:00+00:00,47.71,14.59,34.99,0.0,8.67
2026-09-06T12:33:00+00:00,42.16,15.02,35.26,0.76,8.79
2026-09-06T12:34:00+00:00,48.32,17.4,35.94,0.0,28.18
2026-09-06T12:35:00+00:00,54.34,17.58,36.0,0.0,29.6
2026-09-06T12:36:00+00:00,45.81,14.13,34.54,0.0,23.19
2026-09-06T12:37:00+00:00,51.17,20.57,33.15,0.0,33.74
2026-09-06T12:38:00+00:00,42.32,15.76,35.71,0.0,30.2
2026-09-06T12:39:00+00:00,51.84,19.6,37.69,0.0,27.1
2026-09-06T12:40:00+00:00,47.32,15.88,36.07,0.09,8.3
2026-09-06T12:41:00+00:00,50.94,18.45,37.57,0.0,8.57
2026-09-06T12:42:00+00:00,51.92,22.24,39.75,0.0,8.7
2026-09-06T12:43:00+00:00,48.39,12.34,37.91,0.21,8.78
2026-09-06T12:44:00+00:00,47.35,19.49,37.24,0.0,34.19
2026-09-06T12:45:00+00:00,44.06,13.34,33.24,0.1,8.48
2026-09-06T12:46:00+00:00,47.39,12.88,33.69,0.01,8.54
2026-09-06T12:47:00+00:00,51.92,16.48,36.81,0.01,8.57
2026-09-06T12:48:00+00:00,37.9,10.6,32.45,0.27,8.64
2026-09-06T12:49:00+00:00,53.28,24.22,35.39,0.0,30.72
2026-09-06T12:50:00+00:00,36.16,11.49,34.67,0.0,8.33
2026-09-06T12:51:00+00:00,45.71,15.11,33.34,0.31,31.27
2026-09-06T12:52:00+00:00,50.3,18.03,39.34,0.0,8.33
2026-09-06T12:53:00+00:00,51.93,20.0,36.3,0.68,8.7
2026-09-06T12:54:00+00:00,50.03,20.93,37.0,0.0,8.42
2026-09-06T12:55:00+00:00,43.52,16.31,33.91,0.0,8.62
2026-09-06T12:56:00+00:00,50.71,16.26,33.57,0.0,31.18
2026-09-06T12:57:00+00:00,46.13,16.15,37.33,1.14,27.92
2026-09-06T12:58:00+00:00,43.42,16.97,31.25,0.0,8.33
2026-09-06T12:59:00+00:00,40.26,14.82,36.24,0.0,8.78
2026-09-06T13:00:00+00:00,40.48,15.92,37.61,0.0,36.31
2026-09-06T13:01:00+00:00,40.55,13.56,36.6,0.0,8.72
2026-09-06T13:02:00+00:00,51.04,19.56,39.84,0.39,8.57
2026-09-06T13:03:00+00:00,39.74,13.67,34.77,0.0,8.73
2026-09-06T13:04:00+00:00,53.3,26.49,34.23,0.48,8.7
2026-09-06T13:05:00+00:00,51.07,19.33,36.96,0.0,8.25
2026-09-06T13:06:00+00:00,40.32,16.13,33.44,0.0,8.4
2026-09-06T13:07:00+00:00,42.74,17.91,36.98,0.0,32.99
2026-09-06T13:08:00+00:00,50.66,15.76,39.71,0.0,8.19
2026-09-06T13:09:00+00:00,45.55,16.07,35.41,0.0,8.2
2026-09-06T13:10:00+00:00,47.29,14.44,34.14,0.68,33.51
2026-09-06T13:11:00+00:00,44.26,16.33,37.91,0.24,27.22
2026-09-06T13:12:00+00:00,34.32,10.6,34.63,0.19,34.55
2026-09-06T13:13:00+00:00,53.16,24.68,35.37,0.0,36.63
2026-09-06T13:14:00+00:00,52.03,18.03,32.79,0.21,8.57
2026-09-06T13:15:00+00:00,43.58,19.96,35.84,0.0,8.19
2026-09-06T13:16:00+00:00,49.06,20.14,35.14,0.0,8.79
2026-09-06T13:17:00+00:00,48.68,16.39,33.67,0.45,8.53
2026-09-06T13:18:00+00:00,40.52,13.89,34.88,0.79,34.87
2026-09-06T13:19:00+00:00,31.16,11.17,35.79,0.34,8.76
2026-09-06T13:20:00+00:00,56.12,20.78,36.22,0.0,8.36
2026-09-06T13:21:00+00:00,46.1,15.5,34.75,0.31,8.45
2026-09-06T13:22:00+00:00,39.81,13.45,33.75,0.0,24.96
2026-09-06T13:23:00+00:00,44.32,13.51,34.01,0.36,8.39
2026-09-06T13:24:00+00:00,51.02,14.9,32.78,0.0,27.95
2026-09-06T13:25:00+00:00,33.52,17.38,34.34,0.0,27.08
2026-09-06T13:26:00+00:00,51.59,19.96,34.61,0.0,36.83
2026-09-06T13:27:00+00:00,39.39,18.35,31.42,0.0,37.02
2026-09-06T13:28:00+00:00,47.65,21.58,32.68,0.0,27.95
2026-09-06T13:29:00+00:00,57.71,23.68,33.9,0.0,36.67
2026-09-06T13:30:00+00:00,53.96,22.46,34.56,0.0,8.66
2026-09-06T13:31:00+00:00,46.42,12.17,35.0,0.0,33.37
2026-09-06T13:32:00+00:00,52.83,18.63,35.32,0.0,8.79
2026-09-06T13:33:00+00:00,50.91,15.42,32.15,0.34,8.61
2026-09-06T13:34:00+00:00,35.58,12.44,37.81,0.0,30.25
2026-09-06T13:35:00+00:00,52.67,18.17,33.34,0.0,24.79
2026-09-06T13:36:00+00:00,42.06,11.08,34.82,0.0,34.52
2026-09-06T13:37:00+00:00,37.16,18.15,34.92,0.0,30.18
2026-09-06T13:38:00+00:00,36.84,12.88,33.91,0.34,29.92
2026-09-06T13:39:00+00:00,50.78,21.85,33.12,0.63,8.31
2026-09-06T13:40:00+00:00,54.95,24.19,34.42,0.07,24.35
2026-09-06T13:41:00+00:00,50.99,22.04,32.89,0.0,8.35
2026-09-06T13:42:00+00:00,42.94,16.69,36.54,0.47,8.41
2026-09-06T13:43:00+00:00,50.7,18.32,35.7,0.0,8.57
2026-09-06T13:44:00+00:00,51.13,18.93,38.12,0.51,27.9
2026-09-06T13:45:00+00:00,55.2,25.29,32.26,0.0,8.44
2026-09-06T13:46:00+00:00,49.42,22.09,32.71,0.0,24.89
2026-09-06T13:47:00+00:00,46.68,20.78,35.29,0.0,26.87
2026-09-06T13:48:00+00:00,50.65,17.24,35.04,0.0,8.73
2026-09-06T13:49:00+00:00,50.14,17.04,33.97,0.29,8.19
